feature	C__Bacilli_RF39.11	C__Bacilli_RF39.16	C__Bacilli_RF39.4	C__Bacilli_RF39.6	F__Barnesiellaceae	F__Enterobacteriaceae	F__Enterobacteriaceae.5	F__Erysipelatoclostridiaceae_004.1	F__Erysipelotrichaceae	F__Flavobacteriaceae.1	F__Lachnospiraceae.10	F__Lachnospiraceae.15	F__Lachnospiraceae.17	F__Lachnospiraceae.18	F__Lachnospiraceae.20	F__Lachnospiraceae.23	F__Lachnospiraceae.29	F__Lachnospiraceae.30	F__Lachnospiraceae.37	F__Lachnospiraceae.38	F__Lachnospiraceae.40	F__Lachnospiraceae.42	F__Lachnospiraceae.47	F__Lachnospiraceae.5	F__Oscillospiraceae.10	F__Oscillospiraceae.2	F__Oscillospiraceae.5	F__Oscillospiraceae.7	F__Oscillospiraceae_002.1	F__Oscillospiraceae_002.10	F__Oscillospiraceae_002.11	F__Oscillospiraceae_002.13	F__Oscillospiraceae_002.15	F__Oscillospiraceae_002.16	F__Oscillospiraceae_002.18	F__Oscillospiraceae_002.19	F__Oscillospiraceae_002.21	F__Oscillospiraceae_002.22	F__Oscillospiraceae_002.23	F__Oscillospiraceae_002.25	F__Oscillospiraceae_002.30	F__Oscillospiraceae_002.32	F__Oscillospiraceae_002.5	F__Oscillospiraceae_002.8	F__Oscillospiraceae_002.9	F__Oscillospiraceae_003.1	F__Oscillospiraceae_003.11	F__Oscillospiraceae_003.12	F__Oscillospiraceae_003.2	F__Oscillospiraceae_003.9	F__Oscillospiraceae_005.1	F__Oscillospiraceae_005.11	F__Oscillospiraceae_005.14	F__Oscillospiraceae_005.3	F__Prevotellaceae.1	F__Prevotellaceae.5	F__Ruminococcaceae.12	F__Ruminococcaceae.13	F__Ruminococcaceae.4	F__Ruminococcaceae.6	G__Acidaminococcus	G__Acidaminococcus.1	G__Agathobacter	G__Agathobacter.11	G__Agathobacter.14	G__Agathobacter.19	G__Agathobacter.23	G__Agathobacter.3	G__Agathobacter.6	G__Akkermansia	G__Alistipes.1	G__Alistipes.12	G__Alistipes.3	G__Alistipes.7	G__Alistipes.8	G__Allisonella.2	G__Allisonella.7	G__Allisonella.9	G__Anaeroplasma.1	G__Anaerostipes	G__Anaerostipes.3	G__Anaerostipes.4	G__Anaerostipes.5	G__Asteroleplasma	G__Asteroleplasma.4	G__Bacillus	G__Bacteroidales__RF16__group	G__Bacteroides.11	G__Bacteroides.13	G__Bacteroides.14	G__Bacteroides.2	G__Bacteroides.4	G__Bacteroides.6	G__Bacteroides.7	G__Barnesiella.12	G__Barnesiella.17	G__Barnesiella.19	G__Barnesiella.5	G__Barnesiella.7	G__Barnesiella.8	G__Bifidobacterium.1	G__Bilophila.1	G__Blautia.1	G__Blautia.11	G__Blautia.16	G__Blautia.23	G__Blautia.25	G__Blautia.29	G__Blautia.33	G__Blautia.35	G__Blautia.36	G__Blautia.37	G__Blautia.38	G__Butyricicoccus.3	G__Butyricicoccus.6	G__Butyricimonas.7	G__CAG_352	G__CAG_352.3	G__CAG_352.4	G__CAG_873	G__Catenibacterium	G__Catenibacterium.2	G__Christensenellaceae__R_7__group.1	G__Christensenellaceae__R_7__group.10	G__Christensenellaceae__R_7__group.12	G__Christensenellaceae__R_7__group.2	G__Christensenellaceae__R_7__group.3	G__Christensenellaceae__R_7__group.7	G__Christensenellaceae__R_7__group.9	G__Citrobacter.2	G__Citrobacter.3	G__Citrobacter.4	G__Clostridia__UCG_014	G__Clostridia__UCG_014.1	G__Clostridia__UCG_014.11	G__Clostridia__UCG_014.13	G__Clostridia__UCG_014.14	G__Clostridia__UCG_014.16	G__Clostridia__UCG_014.18	G__Clostridia__UCG_014.20	G__Clostridia__UCG_014.21	G__Clostridia__UCG_014.25	G__Clostridia__UCG_014.30	G__Clostridia__UCG_014.31	G__Clostridia__UCG_014.35	G__Clostridia__UCG_014.36	G__Clostridia__UCG_014.41	G__Clostridia__UCG_014.42	G__Clostridia__UCG_014.48	G__Clostridia__UCG_014.49	G__Clostridia__UCG_014.52	G__Clostridia__UCG_014.54	G__Clostridia__UCG_014.55	G__Clostridia__UCG_014.56	G__Clostridia__UCG_014.58	G__Clostridia__UCG_014.6	G__Clostridia__UCG_014.7	G__Clostridia__vadinBB60__group	G__Clostridia__vadinBB60__group.11	G__Clostridia__vadinBB60__group.17	G__Clostridia__vadinBB60__group.2	G__Clostridia__vadinBB60__group.21	G__Clostridia__vadinBB60__group.23	G__Clostridia__vadinBB60__group.3	G__Clostridium__sensu__stricto__1	G__Clostridium__sensu__stricto__1.1	G__Colidextribacter	G__Colidextribacter.1	G__Colidextribacter.6	G__Collinsella	G__Collinsella.4	G__Coprobacter.1	G__Coprococcus.1	G__Coprococcus.15	G__Coprococcus.3	G__Coprococcus.5	G__Coprococcus.7	G__Coprococcus.8	G__Defluviitaleaceae__UCG_011	G__Dialister.1	G__Dialister.2	G__Dialister.5	G__Dorea.16	G__Dorea.19	G__Dorea.2	G__Dorea.5	G__Dorea.6	G__Enterobacter.4	G__Enterococcus.2	G__Enterococcus.3	G__Enterococcus.4	G__Erysipelotrichaceae__UCG_003.3	G__Escherichia_Shigella.2	G__Escherichia_Shigella.3	G__Eubacterium__coprostanoligenes__group.2	G__Eubacterium__coprostanoligenes__group.3	G__Eubacterium__coprostanoligenes__group.5	G__Eubacterium__coprostanoligenes__group.6	G__Eubacterium__coprostanoligenes__group.7	G__Eubacterium__coprostanoligenes__group.8	G__Eubacterium__coprostanoligenes__group.9	G__Eubacterium__eligens__group	G__Eubacterium__eligens__group.1	G__Eubacterium__eligens__group.7	G__Eubacterium__hallii__group	G__Eubacterium__hallii__group.4	G__Eubacterium__hallii__group.6	G__Eubacterium__hallii__group.7	G__Eubacterium__ruminantium__group.2	G__Eubacterium__ventriosum__group	G__Eubacterium__xylanophilum__group	G__Eubacterium__xylanophilum__group.2	G__Faecalibacterium	G__Faecalibacterium.1	G__Faecalibacterium.12	G__Faecalibacterium.2	G__Faecalibacterium.20	G__Faecalibacterium.30	G__Faecalibacterium.33	G__Faecalibacterium.37	G__Faecalibacterium.39	G__Faecalibacterium.4	G__Faecalibacterium.41	G__Faecalibacterium.44	G__Faecalibacterium.48	G__Faecalibacterium.53	G__Faecalibacterium.57	G__Family__XIII__AD3011__group.3	G__Family__XIII__UCG_001.2	G__Flavonifractor.1	G__Fournierella	G__Fournierella.2	G__Fusicatenibacter	G__Holdemanella	G__Holdemanella.3	G__Intestinibacter	G__Klebsiella	G__Klebsiella.1	G__Klebsiella.3	G__Klebsiella.4	G__Lachnoclostridium	G__Lachnoclostridium.10	G__Lachnoclostridium.15	G__Lachnoclostridium.5	G__Lachnoclostridium.6	G__Lachnospira.1	G__Lachnospira.2	G__Lachnospira.3	G__Lachnospiraceae__FCS020__group.2	G__Lachnospiraceae__ND3007__group.3	G__Lachnospiraceae__ND3007__group.6	G__Lachnospiraceae__ND3007__group.7	G__Lachnospiraceae__NK4A136__group.15	G__Lachnospiraceae__NK4A136__group.17	G__Lachnospiraceae__NK4A136__group.22	G__Lachnospiraceae__NK4A136__group.23	G__Lachnospiraceae__NK4A136__group.6	G__Lachnospiraceae__NK4A136__group.9	G__Lachnospiraceae__UCG_004.1	G__Lachnospiraceae__UCG_004.5	G__Lachnospiraceae__UCG_010	G__Lactobacillus	G__Marvinbryantia	G__Marvinbryantia.2	G__Megasphaera	G__Megasphaera.2	G__Monoglobus.5	G__Muribaculaceae.12	G__Muribaculaceae.13	G__Muribaculaceae.14	G__Muribaculaceae.15	G__Muribaculaceae.16	G__Muribaculaceae.17	G__Muribaculaceae.19	G__Muribaculaceae.2	G__Muribaculaceae.20	G__Muribaculaceae.23	G__Muribaculaceae.27	G__Muribaculaceae.28	G__Muribaculaceae.3	G__Muribaculaceae.4	G__Muribaculaceae.42	G__Muribaculaceae.43	G__Muribaculaceae.44	G__Muribaculaceae.46	G__Muribaculaceae.48	G__Muribaculaceae.49	G__Muribaculaceae.5	G__Muribaculaceae.50	G__Muribaculaceae.51	G__Muribaculaceae.53	G__Muribaculaceae.54	G__Muribaculaceae.55	G__Muribaculaceae.57	G__Muribaculaceae.59	G__Muribaculaceae.6	G__Muribaculaceae.60	G__Muribaculaceae.8	G__Muribaculaceae.9	G__NK4A214__group.3	G__NK4A214__group.4	G__NK4A214__group.6	G__NK4A214__group.7	G__NK4A214__group.9	G__Negativibacillus	G__Oscillibacter.7	G__Oscillospira	G__Oscillospira.1	G__Parabacteroides.3	G__Paraprevotella	G__Paraprevotella.1	G__Paraprevotella.10	G__Paraprevotella.2	G__Paraprevotella.5	G__Paraprevotella.6	G__Paraprevotella.7	G__Paraprevotella.9	G__Parasutterella.10	G__Parasutterella.11	G__Parasutterella.2	G__Parasutterella.5	G__Parasutterella.6	G__Parasutterella.9	G__Phascolarctobacterium.1	G__Phascolarctobacterium.10	G__Phascolarctobacterium.14	G__Phascolarctobacterium.15	G__Phascolarctobacterium.18	G__Phascolarctobacterium.19	G__Phascolarctobacterium.22	G__Phascolarctobacterium.23	G__Phascolarctobacterium.27	G__Phascolarctobacterium.29	G__Phascolarctobacterium.3	G__Phascolarctobacterium.32	G__Phascolarctobacterium.33	G__Phascolarctobacterium.34	G__Phascolarctobacterium.35	G__Phascolarctobacterium.6	G__Phascolarctobacterium.9	G__Prevotella	G__Prevotella.1	G__Prevotella.12	G__Prevotella.14	G__Prevotella.16	G__Prevotella.17	G__Prevotella.2	G__Prevotella.20	G__Prevotella.23	G__Prevotella.3	G__Prevotella.30	G__Prevotella.31	G__Prevotella.32	G__Prevotella.34	G__Prevotella.37	G__Prevotella.40	G__Prevotella.41	G__Prevotella.42	G__Prevotella.43	G__Prevotella.46	G__Prevotella.47	G__Prevotella.49	G__Prevotella.5	G__Prevotella.51	G__Prevotella.53	G__Prevotella.54	G__Prevotella.55	G__Prevotella.56	G__Prevotella.58	G__Prevotella.6	G__Prevotella.61	G__Prevotella.62	G__Prevotella.63	G__Prevotella.64	G__Prevotella.69	G__Prevotella.70	G__Prevotellaceae__NK3B31__group.1	G__Rikenellaceae__RC9__gut__group.1	G__Rikenellaceae__RC9__gut__group.10	G__Rikenellaceae__RC9__gut__group.15	G__Rikenellaceae__RC9__gut__group.17	G__Rikenellaceae__RC9__gut__group.2	G__Rikenellaceae__RC9__gut__group.3	G__Romboutsia.1	G__Roseburia.1	G__Roseburia.12	G__Roseburia.14	G__Roseburia.15	G__Roseburia.16	G__Roseburia.2	G__Roseburia.4	G__Ruminococcus.1	G__Ruminococcus.10	G__Ruminococcus.13	G__Ruminococcus.14	G__Ruminococcus.6	G__Ruminococcus.7	G__Ruminococcus__gauvreauii__group.3	G__Ruminococcus__gauvreauii__group.4	G__Ruminococcus__torques__group.2	G__Ruminococcus__torques__group.3	G__Streptococcus.1	G__Subdoligranulum.11	G__Subdoligranulum.12	G__Subdoligranulum.2	G__Subdoligranulum.4	G__Subdoligranulum.5	G__Subdoligranulum.7	G__Succinivibrio.3	G__Sutterella	G__Sutterella.1	G__Sutterella.10	G__Sutterella.14	G__Sutterella.15	G__Sutterella.2	G__Sutterella.20	G__Sutterella.24	G__Sutterella.4	G__Sutterella.8	G__Terrisporobacter	G__Turicibacter.1	G__Tyzzerella	G__Weissella	G__vadinBE97	O__Bacteroidales.1	O__Bacteroidales.3	O__Oscillospirales_010.10	O__Oscillospirales_010.13	O__Oscillospirales_010.18	O__Oscillospirales_010.19	O__Oscillospirales_010.2	O__Oscillospirales_010.23	O__Rhodospirillales	O__Rhodospirillales.3	O__Rhodospirillales.5	S__Akkermansia__muciniphila.2	S__Akkermansia__muciniphila.5	S__Alistipes__finegoldii	S__Alistipes__finegoldii.1	S__Alistipes__finegoldii.2	S__Alistipes__inops	S__Alistipes__obesi	S__Alistipes__obesi.1	S__Alistipes__onderdonkii	S__Alistipes__onderdonkii.3	S__Alistipes__shahii	S__Alistipes__shahii.2	S__Alistipes__sp..2	S__Alistipes__sp..3	S__Azospirillum__sp.	S__Bacteroides__caccae	S__Bacteroides__caccae.1	S__Bacteroides__caccae.2	S__Bacteroides__cellulosilyticus	S__Bacteroides__cellulosilyticus.2	S__Bacteroides__clarus	S__Bacteroides__clarus.1	S__Bacteroides__clarus.2	S__Bacteroides__coprocola	S__Bacteroides__cutis	S__Bacteroides__dorei.1	S__Bacteroides__eggerthii	S__Bacteroides__eggerthii.1	S__Bacteroides__faecis	S__Bacteroides__finegoldii	S__Bacteroides__finegoldii.1	S__Bacteroides__fluxus	S__Bacteroides__fragilis.1	S__Bacteroides__fragilis.3	S__Bacteroides__fragilis.4	S__Bacteroides__intestinalis	S__Bacteroides__intestinalis.1	S__Bacteroides__intestinalis.3	S__Bacteroides__massiliensis	S__Bacteroides__massiliensis.1	S__Bacteroides__massiliensis.3	S__Bacteroides__massiliensis.4	S__Bacteroides__massiliensis.7	S__Bacteroides__nordii.1	S__Bacteroides__nordii.2	S__Bacteroides__nordii.3	S__Bacteroides__ovatus	S__Bacteroides__ovatus.1	S__Bacteroides__ovatus.10	S__Bacteroides__ovatus.11	S__Bacteroides__ovatus.2	S__Bacteroides__ovatus.5	S__Bacteroides__ovatus.6	S__Bacteroides__ovatus.8	S__Bacteroides__plebeius	S__Bacteroides__plebeius.1	S__Bacteroides__plebeius.2	S__Bacteroides__plebeius.5	S__Bacteroides__salyersiae	S__Bacteroides__salyersiae.1	S__Bacteroides__salyersiae.3	S__Bacteroides__salyersiae.4	S__Bacteroides__sartorii	S__Bacteroides__sp.	S__Bacteroides__sp..3	S__Bacteroides__stercorirosoris	S__Bacteroides__stercoris.1	S__Bacteroides__stercoris.2	S__Bacteroides__stercoris.3	S__Bacteroides__stercoris.4	S__Bacteroides__stercoris.5	S__Bacteroides__thetaiotaomicron	S__Bacteroides__thetaiotaomicron.1	S__Bacteroides__uniformis	S__Bacteroides__uniformis.1	S__Bacteroides__uniformis.11	S__Bacteroides__uniformis.12	S__Bacteroides__uniformis.13	S__Bacteroides__uniformis.16	S__Bacteroides__vulgatus.1	S__Bacteroides__vulgatus.11	S__Bacteroides__vulgatus.12	S__Bacteroides__vulgatus.21	S__Bacteroides__vulgatus.27	S__Bacteroides__vulgatus.28	S__Bacteroides__vulgatus.30	S__Bacteroides__vulgatus.6	S__Bacteroides__xylanisolvens	S__Bifidobacterium__adolescentis	S__Bifidobacterium__angulatum	S__Bifidobacterium__bifidum	S__Bifidobacterium__longum	S__Bifidobacterium__longum.1	S__Butyrivibrio__crossotus	S__Coprococcus__eutactus	S__Desulfovibrio__piger	S__Desulfovibrio__piger.10	S__Desulfovibrio__piger.5	S__Dialister__invisus.2	S__Dialister__propionicifaciens	S__Dialister__sp..1	S__Dorea__formicigenerans	S__Eubacterium__ramulus	S__Eubacterium__siraeum.1	S__Firmicutes__bacterium.1	S__Intestinimonas__butyriciproducens	S__Lactobacillus__fermentum	S__Lactobacillus__gasseri	S__Lactobacillus__mucosae	S__Lactobacillus__mucosae.2	S__Lactobacillus__sakei	S__Lactococcus__lactis	S__Massiliprevotella__massiliensis	S__Massiliprevotella__massiliensis.1	S__Massiliprevotella__massiliensis.4	S__Massiliprevotella__massiliensis.7	S__Methanobrevibacter__smithii	S__Mogibacterium__sp..1	S__Odoribacter__splanchnicus	S__Odoribacter__splanchnicus.3	S__Parabacteroides__distasonis	S__Parabacteroides__distasonis.10	S__Parabacteroides__distasonis.21	S__Parabacteroides__distasonis.24	S__Parabacteroides__distasonis.26	S__Parabacteroides__distasonis.28	S__Parabacteroides__distasonis.31	S__Parabacteroides__distasonis.5	S__Parabacteroides__distasonis.9	S__Parabacteroides__goldsteinii	S__Parabacteroides__johnsonii.2	S__Parabacteroides__merdae	S__Phascolarctobacterium__faecium	S__Phascolarctobacterium__faecium.2	S__Prevotella__copri	S__Prevotella__copri.2	S__Prevotella__copri.4	S__Prevotella__copri.7	S__Prevotellaceae__bacterium.2	S__Prevotellaceae__bacterium.3	S__Roseburia__hominis	S__Roseburia__hominis.2	S__Ruminococcus__bicirculans.1	S__Ruminococcus__bicirculans.2	S__Ruminococcus__callidus	S__Ruminococcus__callidus.1	S__Ruminococcus__callidus.2	S__Slackia__isoflavoniconvertens	S__Sutterella__wadsworthensis	S__Sutterella__wadsworthensis.2	S__Sutterella__wadsworthensis.4	S__Sutterellaceae__bacterium	S__Sutterellaceae__bacterium.1	S__bacterium__enrichment	S__human__gut.4	S__human__gut.5
np0002	0	0	0	34	5	22	39	0	184	561	93	10	0	8	689	3	2	0	78	151	90	4	7	2	172	8	44	316	92	33	0	257	17	0	0	0	1020	103	0	0	0	5138	1896	34	0	4196	0	7	208	6	4	43	13	0	0	0	302	0	85	115	56	0	0	0	0	0	2	978	0	0	0	1964	396	53	0	0	0	7	0	5	0	0	15	0	0	0	0	636	65	1	0	0	556	247	14	243	0	504	0	0	1	31	132	0	294	31	80	30	0	0	302	0	23	0	10	32	0	225	0	3	0	0	0	12	7	30	32	45	28	66	49	16	0	0	0	0	0	0	7	0	0	0	0	0	4	4	21	272	9	0	0	12	0	0	0	0	3	2	136	0	0	0	0	0	21	39	40	11	0	0	359	19	301	0	29	5	0	773	0	0	0	0	0	69	508	0	0	0	5	3	4	10	164	18	0	0	2	0	0	3	0	4	0	0	0	10	3	7	0	0	0	5	165	0	6	0	0	212	0	0	197	62	0	0	0	28	3	222	20	0	0	0	1077	0	0	21	1092	414	222	0	4	497	0	5	3	0	0	10	14	24	0	0	41	45	0	36	52	662	6	93	159	0	7	0	0	0	3	0	1	0	0	3	0	0	0	0	0	0	0	2	2	0	0	0	0	0	0	0	0	0	0	0	0	0	0	0	0	14	0	5	56	2	1	0	220	27	11	4	0	0	37	154	0	0	0	72	0	0	2	0	30	0	8	4	0	0	0	0	6	3	0	0	0	0	0	223	104	0	103	0	9	24	0	0	0	2	13	0	0	0	0	0	0	0	0	0	0	4	0	0	11	3	0	4	1	3	0	1	1	13	0	0	0	0	0	0	71	0	14	0	2	0	0	52	0	11	0	0	0	0	0	0	0	0	0	402	265	32	0	15	0	0	83	0	99	15	0	28	0	16	37	86	1625	200	0	39	0	10	0	3	9	0	7	0	0	2	0	0	0	32	0	30	0	0	0	0	0	15	0	140	32	83	137	0	1550	323	568	7	169	0	72	72	66	164	0	0	273	0	0	0	502	444	218	71	0	0	0	0	4	0	0	0	0	656	551	784	0	424	28	75	0	13	250	0	0	688	403	330	0	0	0	11	0	0	0	3	106	0	115	0	0	298	0	0	0	264	602	0	4281	3	0	3194	26	0	58	1453	86	0	63	0	175	374	134	126	0	3	1	14	0	0	0	60	30	313	0	3	190	33	12	0	19	0	3	0	0	0	12	0	4	18	1286	12	0	12	15	3036	2	0	3	6	94	102	344	175	1	33	208	0	10	6	2	1	0	0	0	7	0	23	0	0	0	0	4	230	0	67	0	0	14	0	0
np0004	0	0	0	0	32	3	106	0	0	21	80	14	3	10	82	0	10	0	8	27	0	4	2	16	0	1	12	5	0	0	0	17	0	12	0	0	68	9	0	0	0	60	265	238	0	47	0	11	24	7	10	11	90	0	0	0	48	0	23	2	0	0	2	0	0	0	0	183	0	0	0	29	162	0	0	4	3	0	0	21	0	0	17	0	11	0	0	0	63	7	1	0	88	0	2	0	16	0	0	0	0	8	186	6	43	373	55	42	0	22	289	0	0	0	0	2	0	884	4115	0	0	0	9	51	9	23	96	0	135	0	8	0	0	5	0	8	11	0	0	0	2	0	14	0	4	0	0	61	0	0	0	90	0	0	0	0	2	0	0	0	0	0	2	0	0	5	0	6	7	0	40	5	4	0	4	31	3	319	0	0	0	41	0	0	389	0	0	0	12	0	0	0	10	0	0	1	3	0	0	18	1	282	63	19	0	68	3	22	0	0	237	5	0	0	26	0	0	300	0	0	1064	179	81	0	0	202	4	0	0	0	17	61	12	0	0	13	10	6	0	2	0	64	0	10	7	4	36	23	6	82	0	0	177	209	11	4	67	16	3	32	17	0	5	6	0	0	47	198	0	0	0	0	0	0	0	0	0	0	0	0	0	0	0	22	0	0	0	0	0	0	0	0	0	0	0	0	0	0	0	42	122	0	0	8	0	8	6	0	15	0	314	0	0	1865	0	0	0	0	27	18	66	0	0	0	0	0	0	0	0	0	0	0	0	0	0	0	0	0	0	0	0	0	32	0	0	244	0	212	0	0	0	0	0	241	2830	0	0	18	0	0	1	95	0	8	0	299	0	0	0	0	0	0	0	0	0	0	274	0	0	0	0	0	0	3	0	14	2	10	0	0	82	0	0	0	0	181	685	16	0	11	0	0	420	0	193	12	40	17	0	0	0	12	38	8	0	0	0	0	0	0	0	4	1	0	0	15	0	15	0	227	1	3	2	0	53	13	0	0	8	25	6	90	8	0	244	43	24	0	0	0	3	0	0	185	0	0	493	0	0	0	119	475	160	9	0	142	0	0	13	0	13	0	0	67	24	139	0	0	30	0	0	0	3	0	0	14	30	30	0	26	78	0	0	8	415	0	0	0	0	0	0	43	0	0	0	102	88	0	874	2	0	2252	53	0	0	260	0	0	0	0	0	298	9	22	0	2	6	0	24	0	0	10	0	16	0	0	5	10	49	234	0	0	0	0	2	12	12	0	0	0	0	40	0	26	7	16	11	0	75	27	19	68	54	28	1	0	34	7	75	11	1	1326	0	0	0	317	25	2	0	0	0	0	0	0	0	0	0	0	0	0	0
np0005	0	0	0	32	15	0	0	0	3550	0	268	64	0	22	928	0	7	203	84	157	30	12	14	54	32	4	16	161	31	0	6	747	0	37	24	17	1486	233	0	0	0	87	527	173	16	1492	12	144	175	270	21	97	1094	0	0	0	8873	0	7	4	177	0	0	0	0	0	0	3319	0	0	1	0	132	1	45	66	0	30	4	59	186	30	1199	0	37	3	0	5	157	3	0	0	312	0	0	25	0	33	0	33	2	33	2316	298	1986	792	696	718	0	179	1802	10	0	44	178	0	0	36	14	0	505	166	40	0	48	144	294	40	45	0	0	0	0	0	831	0	0	27	0	380	3	1	48	53	4233	0	1	101	1168	1274	0	41	150	0	163	58	0	0	0	68	0	0	0	0	29	56	131	53	0	0	699	0	317	30	39	68	11	1776	0	316	0	0	0	155	3400	0	0	0	687	470	3	59	15	2	7	3	5	0	0	0	24	104	86	0	0	149	34	210	180	1	11	20	1082	0	100	0	154	4995	0	7	7814	3905	0	0	0	2043	20	47	0	6	134	153	209	0	304	32	130	43	25	21	276	1283	0	56	9	0	4	17	16	4541	70	0	55	125	12	19	146	889	13	213	82	3	114	491	0	0	6	1154	0	0	0	0	0	0	0	7106	0	0	0	0	0	0	0	0	0	0	0	3288	0	0	0	0	0	0	0	0	0	0	1021	198	527	0	2	1	12	80	28	123	0	9	208	202	0	466	0	0	0	0	17	89	415	101	219	17	0	0	0	0	45	0	0	1474	0	25	0	982	6	0	0	0	0	26646	25	0	262	465	0	0	0	0	0	0	0	0	255	0	0	4	0	0	409	669	0	156	0	26	0	0	0	0	0	0	0	0	0	0	0	0	0	0	0	0	0	210	13	159	7	257	0	0	32	1	0	184	0	1353	222	377	16	11	10	12	379	0	227	8	49	9	33	48	12	316	2368	31	0	89	240	4	0	13	12	2	51	0	0	0	0	0	0	4	0	44	0	0	114	6	22	73	0	125	0	199	75	0	2685	213	275	48	35	1	138	27	41	378	0	680	247	0	275	0	632	517	9	136	27	19	0	42	56	0	21	0	346	221	1	289	16	56	26	11	3	101	220	0	0	245	49	82	0	0	1	0	0	0	0	123	130	0	80	0	1	107	0	0	2030	4625	2086	69	9244	6622	0	16854	318	0	132	2893	51	0	187	29	318	957	12	3433	0	0	1	51	65	0	0	0	0	163	0	0	614	66	28	0	4	0	0	0	0	257	1247	0	0	1630	0	49	0	7	5	155	17	16	12	210	6	50	470	287	10	0	250	0	272	9	123	1719	0	2288	196	25	0	9	0	0	22	14	9	69	0	18	0	0	24	0	0
np0006	0	0	0	0	4	0	0	2	0	0	58	0	0	7	76	0	10	0	19	63	0	2	0	5	0	0	4	0	0	0	0	0	42	0	0	0	336	3	23	0	0	125	231	4	0	336	4	2	42	17	0	17	16	0	0	0	9	0	5	3	0	0	0	0	0	0	0	72	0	0	0	10	90	0	0	0	17	1	1	0	11	5	32	0	30	16	0	27	0	0	0	0	365	20	27	0	8	5	0	0	81	7	336	0	154	22	50	62	0	17	66	0	0	3	9	0	0	3	7	0	0	40	3	0	3	0	15	37	7	0	0	0	0	0	0	2	0	0	0	0	0	0	0	0	5	0	0	0	0	0	0	0	0	0	0	17	0	0	1	1	0	0	0	0	10	9	11	2	7	8	33	0	15	0	332	0	199	267	0	0	0	0	21	35	258	0	0	0	38	15	0	23	27	0	0	69	0	0	0	0	0	16	0	0	29	42	40	31	16	4	0	124	16	0	27	16	0	92	0	0	220	36	0	0	0	11	24	10	0	36	0	0	28	0	0	6	0	0	0	0	35	182	0	0	3	170	46	32	0	79	4	5	788	160	13	0	3	7	13	22	83	52	0	7	0	0	53	0	0	0	0	0	0	0	0	0	0	0	2	0	0	0	0	86	95	0	0	1	0	0	0	0	0	0	0	0	0	0	0	25	84	0	0	3	0	5	0	1	0	0	64	0	0	374	0	0	0	4	0	10	103	7	65	0	0	0	0	0	0	0	0	0	0	0	0	0	0	0	0	0	0	27	0	0	0	0	0	0	0	0	0	0	0	0	0	0	0	0	0	0	0	0	0	0	0	0	0	0	0	0	0	0	0	0	0	0	219	0	0	0	0	0	375	9	0	0	0	0	0	0	20	19	0	0	0	0	55	22	3	0	2	0	109	0	48	0	25	0	0	0	0	0	36	5	0	0	0	0	0	4	0	7	0	0	0	353	0	2	0	0	0	1	0	0	0	0	0	45	1	3	1	2	0	75	73	40	39	0	6	0	25	0	5	40	0	0	56	0	0	0	936	132	90	1	6	12	0	0	1248	0	0	7	0	34	21	25	19	0	8	6	0	11	30	0	0	148	24	31	0	49	0	0	40	193	96	0	0	0	0	0	31	93	0	17	559	74	924	148	707	190	0	2897	20	719	91	321	74	5	0	0	262	87	95	16	0	0	0	5	0	29	376	0	0	254	0	0	26	7	5	0	1	0	0	0	1	27	0	0	0	0	0	0	0	8	7	4	0	0	0	0	19	0	22	27	1	0	73	5	44	0	0	0	0	0	0	0	0	88	0	0	240	0	0	275	188	114	0	0	7	0	0
np0008	103	1	265	431	618	192	0	243	0	92	384	76	1	47	3329	11	55	0	142	136	34	17	29	46	0	6	276	0	0	419	37	160	146	104	30	3	2418	4194	15	0	0	782	1452	1491	11	545	3	43	227	99	2006	136	656	0	4	0	4902	0	53	22	0	0	2	0	0	0	5	975	0	0	0	10489	347	10	86	0	23	29	0	122	8	13	442	0	3125	84	0	46	0	0	0	374	328	3	0	212	0	0	0	0	0	100	3154	196	797	771	1090	240	0	567	2200	70	154	16	24	54	0	2491	256	0	0	175	218	172	7	286	602	570	1570	101	161	217	0	0	0	1229	797	30	20	25	0	52	259	0	2056	0	0	0	28	291	3560	1240	0	0	0	72	3	12	89	124	16	0	65	0	138	14	51	0	455	0	5243	47	510	53	189	2	92	6420	114	0	0	0	304	1143	4077	0	0	569	410	0	8	103	320	0	0	5	20	0	0	0	0	6134	138	1251	3	223	95	729	0	0	24	1294	2440	0	384	1915	0	4350	84	0	11541	5442	0	0	0	368	147	0	32	1	0	0	1085	0	610	7	338	314	0	1174	1	1695	181	107	16	16	285	62	89	2187	74	584	664	75	10	15	93	436	22	182	416	4	137	58	0	0	265	0	0	0	0	0	0	0	0	0	0	0	849	0	0	0	0	0	0	533	495	0	457	549	844	0	0	345	0	0	324	0	0	338	98	262	6	93	15	10	36	12	26	0	0	39	0	0	0	0	15940	334	0	0	9	0	766	0	0	144	4	0	334	0	0	0	0	0	0	0	0	353	0	0	0	0	0	0	16	641	0	318	0	0	65	4	30	8	0	72	0	179	0	7	240	0	0	0	1	0	0	0	0	0	0	0	0	0	0	0	0	0	13184	0	0	0	0	893	737	85	86	70	0	0	172	0	0	0	0	0	7249	369	198	109	11	19	2340	184	2852	121	176	27	0	0	0	88	247	49	0	0	0	0	25	6	109	47	0	470	0	0	32	118	0	48	15	20	3570	259	394	239	853	16	0	37	0	96	0	432	663	16	1138	16	17	17	55	103	19	153	137	0	0	436	2	854	707	10451	0	0	110	447	0	13	57	9	0	137	0	382	144	351	0	0	14	78	13	86	92	0	0	262	146	280	0	425	0	0	18	0	1881	0	0	1685	28	0	346	308	0	0	390	249	1676	88	1708	1643	0	10533	270	3037	202	719	411	175	0	0	567	546	71	21498	183	56	361	997	14	5	0	0	0	2065	0	72	297	135	38	3591	2	4	1	0	67	0	7	51	0	279	12434	3896	0	76	99	43	43	98	23	4	91	4	227	36	22	0	197	0	0	0	1	0	0	0	0	758	0	3	19	5	0	0	11	162	0	92	0	0	28	0	0
np0009	0	0	0	11	2	19	0	0	0	0	145	20	0	21	2920	3	16	0	9	0	0	7	4	5	0	12	22	0	58	42	0	12	0	0	0	0	457	0	7	0	0	86	883	138	117	576	0	23	41	86	14	2	93	153	0	0	1106	0	9	2	1037	0	0	0	0	0	3	767	0	0	0	11	7	0	0	4	20	78	0	9	0	0	0	0	9	14	0	0	2	0	4	2	11	0	0	12	0	4	0	0	0	3	205	35	848	49	764	117	0	33	303	0	8	6	24	0	0	23	0	0	0	0	11	2	11	19	30	7	36	0	13	0	0	19	928	9	0	1	505	0	969	0	11	0	35	0	0	0	59	1106	0	104	624	0	0	0	0	2	18	4	0	0	3	0	6	2	44	5	1	0	937	0	260	0	2	0	0	1296	3	3	0	0	0	90	899	0	0	20	15	0	3	4	237	11	0	0	0	0	0	0	2	460	0	44	7	60	13	53	0	0	0	486	31	0	14	0	45	1883	0	0	1235	460	0	0	0	234	0	0	24	0	0	0	176	0	0	0	121	39	17	22	0	635	0	24	4	1	7	152	2	665	0	0	90	238	3	0	1908	4331	0	64	0	3	50	21	0	0	99	12	0	0	0	0	0	0	0	0	0	0	0	0	0	0	0	0	0	0	0	0	0	0	5	0	0	3	0	0	5	23	14	6	235	45	0	0	0	1	1	0	0	4	8	0	0	13	0	0	110	22	0	2	38	0	72	0	0	89	93	0	67	0	99	0	0	0	0	0	0	106	0	0	0	0	77	0	6	533	0	15	0	0	31	1	83	5	0	32	0	70	0	0	46	0	0	0	0	0	0	0	0	0	0	0	0	0	430	1172	647	0	4625	0	0	0	0	9	0	14	0	109	0	0	0	0	0	0	0	1337	1288	6	27	30	4	0	1010	10	974	26	212	45	0	0	0	4	193	206	0	0	0	0	5	0	4	0	2	0	0	0	0	2	0	14	0	9	5	14	0	5	0	0	0	3	0	11	0	19	24	7	14	3	0	0	23	12	0	6	2	0	0	13	0	1152	336	610	0	0	0	0	0	9	17	0	0	8	2	115	0	6	83	0	0	0	0	0	0	0	0	15	23	0	0	0	0	0	0	0	0	0	0	112	0	0	0	0	0	0	735	383	42	0	2016	60	0	6240	68	3347	29	241	194	337	0	0	228	426	0	387	0	0	0	15	1	0	10	0	0	667	21	0	183	14	2	0	0	0	2	0	0	2	0	0	0	0	820	10	0	6	0	9	0	3	0	0	0	0	22	9	0	0	13	0	5	72	62	0	1	4679	10933	0	0	0	0	0	0	0	0	584	0	121	0	0	8	1748	635
np0011	0	0	0	0	9	0	26	0	0	6	12	0	0	0	29	0	10	1	0	11	0	2	0	0	0	0	4	8	0	0	3	11	0	0	0	0	41	9	0	0	0	12	164	72	0	8	1	1	6	0	0	6	24	0	0	0	33	0	8	1	0	0	0	0	0	0	1	128	0	0	0	4	37	0	0	0	0	0	0	1912	41	18	845	0	3	0	0	0	21	0	0	0	23	0	0	0	13	0	0	0	0	6	1514	0	29	974	328	319	0	105	1485	24	0	0	0	0	0	559	7559	0	9	0	10	32	3	44	305	0	63	0	0	0	0	15	0	0	0	0	0	0	0	0	4	0	0	0	0	40	1	0	0	21	0	0	0	0	0	0	0	0	0	0	0	0	0	4	0	0	0	0	203	0	1	0	0	5	2	960	0	0	0	18	0	0	480	0	0	0	0	0	0	3	0	0	1	5	3	0	0	0	2	93	6	0	0	19	2	12	0	0	58	2	0	0	22	0	0	64	0	0	176	328	12	0	0	83	0	0	0	0	7	33	45	0	0	9	0	1	0	0	4	18	0	4	4	0	5	0	6	78	0	0	92	93	7	0	39	19	0	12	0	0	4	9	0	0	129	74	0	0	0	0	0	0	0	0	0	0	0	0	0	0	0	17	0	0	0	0	0	0	0	0	0	0	0	0	0	0	0	13	41	0	0	0	2	0	0	0	0	0	74	0	0	387	0	0	0	0	8	0	32	0	0	0	0	0	0	0	2	0	0	0	0	0	0	0	0	0	0	0	0	0	9	0	0	287	0	307	0	0	10	0	0	258	775	0	0	4	0	0	1	35	0	0	0	465	0	0	0	0	0	0	0	0	0	0	82	0	0	0	0	0	0	0	0	14	3	10	0	0	17	0	0	0	0	96	395	12	4	8	0	2	128	0	209	8	52	16	0	0	0	0	15	4	0	0	0	0	0	0	0	384	4	0	0	12	0	7	0	16	0	4	0	0	7	0	0	0	0	6	0	13	0	0	50	7	7	0	3	0	0	0	0	102	0	0	88	0	0	0	133	118	35	4	0	31	0	11	0	0	1	0	0	31	13	39	0	0	15	0	0	0	0	0	0	12	28	16	0	10	22	0	0	2	153	0	0	0	0	0	0	24	0	0	0	32	36	0	337	0	0	986	16	0	0	169	0	0	0	0	10	210	3	29	0	3	0	11	3	0	0	2	0	6	0	0	13	12	10	20	0	8	2	0	20	0	0	0	0	0	0	31	0	5	0	0	4	0	24	5	7	30	23	7	0	0	11	4	43	5	0	337	0	0	0	30	0	0	0	0	0	0	0	0	0	0	0	0	1	0	0
np0012	10	0	180	9	73	0	0	32	0	31	98	12	0	8	949	0	5	0	16	24	0	3	12	31	0	1	30	0	0	65	7	18	35	11	7	1	403	323	0	0	1	781	983	168	0	548	0	22	326	75	100	67	239	0	0	0	690	0	73	10	0	0	0	0	0	0	0	101	0	0	0	4468	544	10	50	0	1	1	0	18	4	12	48	0	324	0	0	29	0	0	0	255	141	0	0	158	0	0	0	0	0	46	180	20	222	76	70	28	50	0	336	8	18	5	14	23	0	451	170	0	0	11	64	142	3	82	51	157	497	1	0	4	0	0	0	59	10	10	0	4	0	62	120	0	145	0	0	0	17	45	1859	321	0	0	0	10	2	36	21	6	36	0	5	0	13	2	29	0	17	0	398	9	51	0	130	8	49	1184	79	0	0	0	57	29	955	0	0	2	0	0	0	15	126	0	0	12	12	0	0	0	0	425	164	68	0	217	32	224	0	10	0	106	133	0	209	107	0	578	13	0	1104	1083	0	0	0	79	46	0	0	2	0	0	104	0	124	3	11	22	0	56	0	93	9	13	6	6	106	50	18	193	8	40	299	28	13	7	30	104	8	35	21	0	14	22	0	0	39	0	0	0	0	0	0	0	0	0	0	0	731	0	0	0	0	0	0	52	66	0	62	72	810	0	0	371	0	0	280	0	0	120	43	32	2	57	0	22	18	2	20	0	0	30	0	0	0	0	1303	201	0	0	5	0	466	0	0	74	12	0	140	0	7	0	0	0	0	0	0	143	0	0	0	0	0	0	4	750	0	46	0	0	213	7	85	16	0	161	0	201	0	4	293	0	0	0	0	1	0	0	0	0	0	0	0	0	0	0	0	0	4905	0	0	0	0	119	89	30	58	33	0	0	387	0	0	0	0	0	1187	20	16	37	4	22	328	23	247	13	32	0	0	0	0	101	328	63	0	0	0	0	35	4	13	14	0	137	0	0	25	26	0	25	5	30	518	81	41	335	681	14	0	36	0	79	3	236	223	0	714	17	13	0	73	85	5	138	134	0	0	218	3	221	677	1112	0	0	18	81	0	21	63	12	0	105	0	204	57	157	0	0	3	27	12	21	24	0	0	155	78	73	0	215	0	0	0	0	491	0	0	282	17	0	262	45	0	0	54	27	479	17	467	308	0	3556	72	817	223	719	798	155	0	0	793	300	35	258	29	14	2	104	45	8	0	0	0	455	0	93	46	19	39	397	9	0	0	0	0	0	0	6	0	47	1343	348	0	60	43	33	28	83	20	11	66	1	164	35	13	0	257	0	0	0	1	0	0	0	0	343	0	5	87	0	16	0	2	176	0	144	0	0	1	0	0
np0013	0	0	0	55	0	213	38	0	93	249	124	0	0	0	356	0	4	15	47	112	41	3	0	9	12	6	60	224	87	6	3	169	10	0	0	0	691	21	0	0	0	3362	1569	10	0	1034	15	28	137	110	8	57	161	0	0	0	608	0	68	2	28	0	0	0	0	0	0	967	0	0	0	332	192	24	4	0	0	21	3	3	1	0	4	0	40	0	0	96	30	0	0	0	172	64	11	216	0	218	0	0	0	49	73	5	553	98	66	38	18	0	273	0	0	0	5	36	0	44	13	0	0	0	10	7	21	53	34	34	44	42	162	0	0	0	0	0	127	0	7	0	0	0	4	0	0	0	3	123	31	14	0	4	0	0	0	0	4	0	10	3	0	0	0	0	11	21	34	2	5	0	297	10	63	0	34	0	0	400	5	0	0	0	0	97	343	0	0	0	5	0	143	3	80	0	0	0	0	0	0	0	0	272	0	20	0	14	9	9	0	0	0	445	40	0	8	0	0	753	0	0	112	69	0	0	0	42	8	64	6	0	0	0	45	0	0	8	302	139	81	0	15	738	0	37	1	0	2	2	0	32	0	0	19	728	0	12	0	4011	0	59	297	3	10	1	0	0	9	0	0	0	0	0	0	0	0	0	0	0	0	0	0	0	0	0	0	0	0	0	0	0	0	0	0	67	0	0	0	0	0	2	52	52	0	0	405	18	12	71	0	0	3	18	0	0	0	9	0	0	0	0	7	0	0	7	0	0	0	0	0	0	0	0	0	0	0	132	55	0	72	0	0	0	0	0	96	127	0	0	0	0	0	0	0	2	0	0	0	2	0	0	65	195	0	76	1	23	0	0	0	0	0	0	0	0	0	0	545	0	0	0	0	0	0	27	0	13	0	15	0	0	0	0	0	0	0	2306	1183	116	0	5	0	0	54	0	84	6	3	5	0	0	9	45	506	90	0	15	0	2	0	3	4	4	19	7	0	0	0	0	0	9	0	24	0	25	2	0	3	10	0	65	20	82	81	0	406	193	392	0	138	961	51	82	47	400	0	0	490	0	0	0	1017	955	559	13	0	0	0	0	8	0	0	0	0	342	286	458	0	137	18	35	0	4	68	0	0	95	147	59	0	0	0	0	0	0	0	0	11	0	73	0	0	129	0	0	0	147	514	0	5778	13	0	3115	92	0	316	1756	103	0	102	0	169	685	202	219	0	2	11	0	0	0	0	151	50	816	0	0	47	13	4	0	7	0	0	0	0	0	0	3	0	32	3597	74	0	26	10	81	4	0	0	0	15	27	24	6	3	3	386	0	0	74	10	0	0	0	0	8	0	28	0	0	0	0	5	154	0	40	9	20	18	0	0
np0014	1	20	36	18	26	0	2	16	10	55	156	24	37	22	474	7	5	6	27	32	5	18	23	43	26	7	81	3	85	18	21	62	146	34	20	9	771	16	22	17	12	364	694	186	74	1182	16	35	123	119	97	66	200	42	0	5	1000	55	56	27	10	0	3	109	77	99	7	2872	39	7	0	143	543	15	69	7	22	0	358	16	13	23	82	44	21	43	14	1638	106	150	245	0	1019	12	5	40	11	25	5	33	16	21	530	47	382	197	120	140	0	241	1002	35	41	0	14	18	73	964	380	335	0	65	0	11	32	79	119	80	162	0	0	0	19	45	94	118	342	5	108	48	253	8	57	12	451	449	59	25	41	119	29	259	465	104	89	48	9	39	14	62	17	33	53	29	42	14	32	7	10	8	130	48	93	43	73	58	36	1839	180	15	178	43	0	21	2015	35	73	0	5	0	0	24	20	0	24	6	16	54	0	14	15	548	1106	0	3	157	16	38	35	7	14	397	140	15	225	0	0	1259	40	28	1912	387	23	33	35	233	76	0	5	6	134	21	200	17	67	13	1	0	0	0	0	256	6	22	8	0	32	84	25	531	31	57	533	167	33	8	670	1234	24	49	41	0	20	13	0	0	20	63	140	119	174	129	146	69	0	66	19	0	0	0	0	0	0	30	46	0	0	147	0	0	74	52	37	1223	442	15	0	867	20	98	187	11	39	49	0	26	17	0	0	106	196	294	77	1439	190	42	434	16	14	106	58	24	27	7	25	15	10	0	279	30	10	18	38	24	24	223	45	39	107	26	337	3403	135	43	51	131	970	0	85	31	2	0	0	12	6	11	0	18	0	69	164	51	399	2	0	107	17	33	212	4042	794	63	53	41	14	44	0	57	543	23	211	125	137	76	0	660	23	153	22	0	359	10	0	76	51	192	1034	224	46	63	18	6	319	0	535	16	36	14	637	259	90	109	686	74	50	13	8	18	0	5	12	5	1	0	20	0	162	33	17	49	7	30	52	4	2	57	17	43	0	43	22	134	5	85	897	214	205	13	28	58	141	45	297	254	28	428	469	79	0	222	4162	1860	1341	736	14	101	29	31	45	0	41	46	29	1544	900	2062	167	6	14	11	3	108	189	5	0	373	481	182	0	755	7	310	383	619	8	25	0	7	19	47	0	500	327	144	1056	2825	1411	14	5823	565	0	13758	284	530	424	2932	143	9	0	0	370	3315	371	97	0	9	1	27	19	35	46	0	24	177	0	101	213	36	87	123	4	0	0	0	0	0	0	37	633	303	950	27	30	69	53	191	5	58	64	100	49	90	765	56	48	3	281	0	134	17	106	82	47	3	2	230	22	57	8	10	0	19	0	204	12	85	218	131	4	73	40
np0015	0	0	0	7	76	0	0	0	2906	7	254	57	0	7	52	0	5	204	37	77	31	6	16	12	0	0	9	144	28	0	0	92	10	0	13	7	3450	54	0	0	0	13	384	55	54	927	7	35	97	44	0	6	100	0	0	14	305	0	35	1	167	0	0	0	0	0	0	492	0	0	3	0	22	0	4	17	0	17	2	37	13	26	118	0	2	0	0	3	28	5	0	0	146	0	0	2	0	10	0	6	0	0	63	7	95	48	94	141	0	14	115	0	0	0	32	0	0	5	2	0	7	78	0	0	19	23	30	84	57	0	0	0	0	0	75	0	0	0	0	22	0	0	9	0	87	0	0	183	32	42	0	27	6	0	0	294	0	0	14	9	0	0	0	0	0	6	42	0	1	0	42	2	112	0	8	62	0	473	0	71	0	0	0	73	352	0	0	0	0	0	3	78	0	0	28	2	0	0	0	0	18	108	180	0	0	104	26	193	1443	0	0	294	589	0	68	0	38	588	0	0	734	216	0	0	0	51	17	9	11	0	50	54	73	0	52	6	1	0	0	0	50	507	0	16	2	2	183	17	2	58	0	0	45	154	13	4	12	56	0	119	58	117	12	2	0	0	112	90	0	0	0	0	0	0	0	50	0	0	0	0	0	0	0	0	0	0	0	158	0	0	0	0	0	0	0	0	0	0	51	51	250	0	0	0	5	16	4	7	0	1	231	143	0	428	0	0	0	0	6	29	62	34	34	5	0	0	0	0	4	0	0	53	0	0	0	37	0	0	0	0	0	683	13	0	898	251	0	0	0	0	0	1	0	18	56	0	0	5	0	0	706	3258	0	656	8	79	0	0	0	0	0	0	0	0	0	0	0	0	0	0	0	0	0	20	0	0	0	0	0	0	0	228	0	19	0	83	22	0	0	3	0	0	120	0	64	7	16	0	0	15	8	43	540	5	0	46	774	5	0	2	0	0	436	0	0	0	0	0	0	22	0	8	0	0	7	0	0	7	0	15	0	178	27	0	136	58	191	16	9	0	18	4	4	77	0	348	116	0	28	0	392	264	21	25	6	12	0	12	17	0	4	0	49	83	0	93	7	15	6	0	0	45	93	0	0	84	13	41	0	1	0	0	0	0	0	3	36	0	43	0	0	24	0	0	146	403	403	0	797	345	0	1074	12	0	63	2040	17	0	203	9	288	672	47	107	0	2	3	0	2	0	0	0	0	85	0	0	138	21	548	0	0	0	10	0	0	203	1	0	0	1340	0	0	0	1	4	34	1	3	2	28	1	10	84	35	0	0	91	0	14	10	159	385	5	136	0	0	0	137	0	7	0	44	0	64	0	7	0	0	16	0	0
np0017	0	0	0	0	0	0	0	2	0	0	0	0	0	1	31	0	0	0	0	0	0	0	0	0	0	0	0	0	0	0	0	5	3	0	0	0	6	0	0	0	0	0	0	0	0	0	0	1	0	0	0	3	2	0	0	0	2	0	0	0	0	0	0	0	0	0	0	833	0	0	0	0	167	0	0	0	0	0	0	0	0	0	1	0	0	2	0	17	0	0	0	0	9	0	20	0	0	0	0	0	0	0	457	0	1076	103	119	24	1	0	3	0	0	8	20	0	0	0	0	0	0	0	0	0	0	0	0	0	0	0	0	0	0	0	0	0	0	0	0	0	0	0	0	0	0	0	0	0	0	0	0	0	0	0	0	0	0	0	0	0	0	0	0	0	1	4	0	0	4	0	0	0	1	0	33	0	0	3	0	0	0	0	0	119	0	0	0	0	155	0	0	0	4	2	0	8	0	0	0	0	0	4	0	0	0	99	18	5	0	0	0	0	0	0	10	0	0	7	0	0	24	4	0	0	0	0	18	0	0	0	0	0	14	0	0	0	7	2	0	1	225	0	0	0	0	3	6	16	0	0	0	0	0	34	0	0	8	0	0	5	0	0	0	0	0	0	7	0	0	0	0	0	0	0	0	0	0	0	0	0	0	0	0	0	0	0	0	0	0	0	0	0	0	0	0	0	0	0	0	0	9	0	0	0	0	31	0	0	0	0	0	0	0	0	0	0	0	0	0	0	6	0	0	0	0	0	0	0	0	0	0	0	0	0	0	1	0	0	0	0	0	0	0	0	0	0	0	0	0	0	0	0	0	0	0	0	0	0	0	0	0	0	0	0	0	0	0	0	0	0	0	0	0	0	0	0	0	0	0	0	0	0	0	2	0	15	0	0	0	0	11	0	0	0	0	0	2	0	0	2	0	31	29	0	6	0	3	0	0	0	0	0	0	0	0	0	0	0	0	0	0	0	0	0	0	0	0	4	0	0	0	0	0	0	0	0	0	0	0	0	0	3	0	0	1114	0	6	14	0	0	0	0	1337	7	0	0	0	0	0	2	22	0	0	0	0	0	0	0	0	0	0	0	0	0	0	4	0	0	0	0	0	919	1219	0	0	1937	34	890	0	0	0	0	0	0	0	0	0	0	0	0	0	0	0	0	0	0	2646	0	33229	0	0	0	0	0	0	1161	0	0	0	1	0	20	0	9	0	2	0	251	0	0	0	0	0	6	0	0	0	0	2	0	0	0	4	0	2	1	0	0	0	0	0	0	0	0	8	0	0	0	0	0	424	0	0	717	0	0	0	0	2	0	0	0	0	0	0	0	0	41	0	0	0	0	0	0	0	0	0	0	0	0	0
np0021	0	0	35	0	0	169	2025	59	0	0	684	449	0	36	4218	2	18	0	70	145	18	0	40	3	3	2	224	5	0	19	10	0	0	144	0	0	1209	9	98	0	28	2362	2305	126	41	175	0	37	300	150	94	14	94	0	0	637	1424	0	12	5	0	0	0	0	0	0	0	905	0	0	0	105	38	0	4	0	0	0	0	0	2	0	3	0	0	0	0	5	0	0	0	48	281	48	0	70	0	0	0	0	30	0	1454	2	2098	35	82	39	0	6	120	0	15	0	0	0	0	325	13	0	0	0	10	25	0	26	29	66	224	20	132	18	0	0	0	0	176	0	375	0	0	4	2	0	0	0	0	0	0	5	0	9	0	0	0	0	346	23	198	10	0	0	0	0	14	36	37	8	12	0	26	0	211	0	22	0	0	442	2	0	0	0	12	726	373	0	0	286	0	0	0	7	20	0	0	0	0	0	0	0	0	59	8	0	0	46	12	295	0	0	0	3	0	0	14	0	9	184	8	0	44	10	0	0	0	36	0	0	6	0	67	0	366	13	3	11	0	0	0	0	0	820	42	12	0	0	1	0	2	630	0	0	7	5	0	0	10	113	0	39	96	0	91	0	0	0	3	0	0	0	0	0	0	0	0	0	0	0	0	0	0	0	0	0	0	116	100	0	139	108	0	0	0	0	0	119	5	0	0	123	10	32	0	11	6	23	79	3	0	0	2	0	0	2	0	0	0	58	0	0	0	0	150	0	0	220	304	0	670	0	28	0	0	0	0	233	0	944	0	0	0	0	11	0	0	6268	0	466	2	0	1830	68	1253	45	3	1986	0	1000	0	95	2798	0	0	0	0	0	0	0	0	0	0	0	0	0	0	0	0	0	1964	0	0	0	0	77	0	0	1	0	0	0	0	0	0	0	0	17	0	21	0	4	0	4	382	62	47	6	35	0	0	0	0	118	264	21	0	0	0	0	4	0	28	4	0	0	0	0	0	6	0	0	135	9	159	3	28	17	0	9	0	15	0	37	0	62	23	14	0	31	19	0	33	0	0	192	16	0	0	0	0	1091	161	13828	0	0	0	7	0	15	23	0	0	0	0	0	0	0	0	0	32	0	0	9	12	0	0	11	5	69	0	0	0	0	0	0	0	0	6	29	19	0	0	0	0	0	3839	0	365	15	4025	212	0	8897	298	960	27	358	624	0	0	0	586	45	32	971	0	2	11	0	2	0	0	0	0	78	17	0	125	9	9	518	2	0	0	3	17	0	1464	1	0	35	1207	145	0	13	4	0	38	112	0	1	0	0	40	17	8	0	128	0	0	0	7	0	7	0	0	7	0	0	12	0	0	0	6	5	0	0	0	0	29	0	0
np0023	0	0	0	0	15	0	0	0	11	2	306	52	0	14	1730	0	2	14	38	117	10	5	3	41	13	6	0	0	7	0	0	50	0	0	0	0	38	0	0	0	0	13	56	10	0	305	0	64	37	22	1	4	59	0	0	0	978	0	0	0	35	0	0	0	0	0	0	516	0	0	0	0	180	1	7	17	0	9	8	9	7	3	54	0	0	0	0	6	153	9	0	0	1149	0	0	21	0	40	0	35	0	10	122	11	63	50	35	48	0	37	232	5	0	9	20	0	0	9	12	0	20	9	0	0	2	5	36	11	6	0	0	3	0	1	74	0	0	0	0	48	0	0	7	0	97	0	3	6	22	21	0	4	43	0	50	28	0	0	0	1	0	0	0	0	9	18	9	10	1	0	53	4	38	0	26	17	0	287	0	66	0	0	0	23	746	0	0	0	89	41	0	5	4	0	2	1	11	0	0	0	9	280	336	7	0	18	4	25	96	1	11	225	403	0	109	0	14	283	0	1	1035	354	42	0	0	39	18	0	0	0	21	22	24	0	11	2	0	0	0	0	64	166	0	15	9	0	4	60	1	56	5	0	70	82	0	2	30	463	18	201	0	0	9	5	0	0	21	764	0	0	0	0	0	0	0	391	0	0	0	0	0	0	0	0	0	0	0	388	0	0	0	0	0	0	0	0	0	0	138	14	59	0	0	0	0	15	16	42	0	39	892	859	0	1627	3	0	0	0	12	50	130	40	59	9	0	0	0	0	5	0	0	126	0	12	0	89	1	0	0	0	0	173	8	0	220	133	0	0	0	0	0	0	0	0	56	0	0	0	0	0	338	724	0	163	0	7	0	0	0	0	0	0	0	0	0	0	0	0	0	0	0	0	0	35	28	124	3	151	0	0	45	4	0	62	0	305	94	22	6	4	7	3	44	0	118	0	6	0	11	45	13	134	905	11	0	18	109	3	0	3	0	1	0	0	0	0	0	0	0	0	0	0	0	0	6	3	9	36	0	67	0	117	14	0	765	91	380	30	13	0	42	22	20	1535	0	1199	334	0	311	0	763	590	25	62	57	27	0	55	73	0	18	0	237	212	0	405	38	57	0	10	0	75	174	0	0	171	48	97	0	0	0	0	0	0	0	3	32	0	33	0	0	225	0	0	865	1889	960	35	2868	3298	0	5237	115	0	248	4222	72	0	207	49	587	1411	40	161	0	0	0	18	255	0	0	0	0	30	0	0	97	34	28	0	1	0	0	0	0	123	0	0	0	359	0	0	0	23	13	155	24	26	22	200	9	68	505	212	3	0	181	0	76	3	75	369	1	10	0	62	0	33	0	0	20	3	0	11	0	0	0	0	3	0	0
np0025	0	0	0	0	0	7	2	0	0	0	57	0	0	3	1504	0	2	13	19	16	0	1	0	8	15	6	14	13	101	0	0	27	60	0	0	0	493	0	0	0	6	470	547	13	11	523	0	3	23	37	7	6	10	0	0	0	0	0	42	2	3	0	0	0	0	0	0	0	0	0	0	0	0	0	0	0	0	0	0	0	0	0	0	0	19	0	0	13	12	0	0	0	5	0	0	0	0	0	1	0	0	0	1	18	86	1	6	4	0	0	0	0	0	0	2	0	0	0	0	0	0	0	3	0	8	11	10	0	0	0	5	9	0	4	0	0	0	0	0	0	0	0	0	0	0	0	0	0	0	0	0	12	0	0	0	0	0	0	0	1	0	0	0	0	0	6	12	0	0	0	14	0	57	0	0	0	0	161	26	2	0	0	0	62	0	0	0	2	17	4	0	0	0	7	0	0	0	0	0	0	0	5	3	0	32	33	6	15	0	0	11	0	3	0	0	0	0	128	0	0	27	108	0	0	0	10	0	8	19	0	0	0	0	0	1	7	32	4	6	0	5	98	0	5	3	0	0	0	1	6	0	0	4	3	4	14	11	18	3	19	27	0	0	3	0	0	0	0	0	0	0	0	0	0	0	0	0	0	0	0	0	0	0	0	0	0	0	0	0	0	0	0	0	0	0	0	0	300	0	21	13	6	0	1	0	0	3	2	0	0	39	0	0	198	0	0	0	0	0	0	0	0	0	0	0	0	0	0	0	0	0	0	0	0	0	103	52	0	48	0	0	0	427	0	265	18	0	0	0	0	0	287	0	0	7	0	0	0	0	0	0	56	0	0	1	20	0	0	0	0	0	0	0	0	0	0	0	0	0	0	0	0	0	8	0	0	0	3670	0	0	0	0	0	0	0	5	0	0	0	1	0	0	4	0	30	1	0	0	22111	0	0	2	4	1	0	0	4	0	0	3	0	0	0	0	0	0	0	0	0	0	0	0	0	0	15	0	0	0	0	2	0	119	0	0	328	17	2	0	0	0	4	2	0	0	9	0	46	0	3	0	18	52	32	9	144	40	0	0	0	0	0	0	0	9	2	0	0	0	0	0	0	0	15	0	0	13	74	0	0	0	0	0	0	0	518	3	0	0	0	0	0	141	5	0	108	657	90	0	1839	304	0	211	2	0	7	10	6	0	0	0	18	16	0	1	0	0	0	0	0	0	0	0	1	1330	990	0	8	32	0	0	4	1	0	2	2	0	2	0	0	0	0	7	16	1	2	13	0	1	0	0	0	9	4	0	0	0	13	0	0	34	0	22	0	0	0	0	0	0	0	0	0	0	0	0	0	8	0	0	6	0	0
np0026	1	0	0	0	0	0	0	0	0	14	33	0	0	0	12	0	0	2	0	0	0	0	7	1	0	2	0	15	26	6	0	0	28	0	0	0	283	0	9	20	3	50	145	20	34	186	0	9	91	120	5	26	105	4	0	0	18	0	0	0	7	0	0	0	0	6	5	43	0	0	0	0	9	0	0	0	0	0	0	0	0	0	2	0	12	0	28	13	9	1	5	0	172	0	0	0	0	0	0	0	0	0	50	24	76	3	36	66	4	0	19	0	0	0	4	0	2	9	0	28	0	0	0	0	3	14	13	0	0	0	0	0	3	0	0	0	2	0	6	0	3	0	0	11	93	75	0	14	0	55	0	108	0	0	0	0	13	2	0	0	0	27	0	0	1	0	11	0	3	0	0	0	39	17	0	0	0	447	0	16	211	15	0	1	135	0	0	0	1	0	0	0	1	0	0	0	0	0	2	1	0	0	1	0	0	10	2	0	0	0	0	0	0	0	3	0	23	1360	44	21	17	87	0	0	8	56	0	2	3	0	5	0	7	0	2	0	44	17	10	0	1	70	0	12	0	0	0	0	1	21	0	0	3	0	0	0	50	69	0	13	0	17	14	0	0	0	0	5	0	7	3	0	2	0	2	1	5	0	0	0	0	0	0	0	0	0	0	3	0	0	0	0	0	6	4	0	0	81	0	14	38	13	4	0	1	5	15	0	0	0	1358	3264	0	1664	16	650	125	0	1	1	4	0	0	0	2	0	5	0	91	16	0	0	9	0	0	32	25	6	13	8	0	160	5	0	33	40	0	0	0	0	0	0	0	3	4	8	0	28	34	4	232	38	19	1	0	41	0	0	392	211	1770	0	0	0	0	1	0	23	229	0	30	18	72	0	0	0	0	2	0	0	0	0	0	0	0	7	20	35	30	0	0	0	24	0	46	25	26	0	91	2	0	0	22	8	0	0	13	0	2	1	0	0	24	0	66	0	0	1	0	17	0	9	20	0	2	0	1	0	0	0	1	2	0	0	15	5	0	0	0	0	0	0	3	3	0	4	8	0	0	6	58	31	12	24	0	0	0	0	0	0	0	0	4	11	6	30	0	0	0	0	0	3	10	0	0	21	11	4	3	0	0	33	0	44	0	3	0	0	0	3	0	10	5	6	8	10	76	0	600	20	0	2142	109	105	2	74	0	0	0	0	0	294	205	0	0	0	0	6	0	0	3	0	2	140	1	0	99	45	0	0	0	11	0	0	5	1	0	0	50	113	78	5	0	0	0	11	0	1	0	0	0	0	0	0	0	2	0	0	1	4	1	310	0	0	0	2	0	0	0	0	0	0	0	1	0	2	4	0	0	3	0
np0027	12	0	0	5	3	0	0	0	0	0	68	0	0	26	1002	0	5	0	0	0	0	6	8	2	0	5	3	0	17	23	0	12	0	11	0	0	1435	10	13	0	0	157	282	55	25	259	0	10	12	45	2	0	65	32	0	0	1379	0	0	0	643	0	0	0	0	0	2	170	0	0	0	22	27	0	4	0	10	15	0	5	0	0	6	0	0	5	0	0	0	0	5	4	21	3	0	7	0	3	0	0	0	0	139	73	698	47	320	58	15	0	191	5	15	0	9	0	0	42	0	0	0	7	7	5	3	16	18	14	90	0	0	0	0	0	417	0	0	0	150	0	451	0	7	0	0	0	0	0	46	514	0	18	115	0	0	0	0	0	9	6	0	0	11	0	0	0	11	0	3	0	195	0	98	0	9	0	0	539	6	6	0	0	0	49	252	0	0	5	33	0	1	4	337	0	0	0	0	0	0	0	1	255	0	24	2	4	0	28	0	0	0	307	24	0	52	0	0	517	0	0	679	254	0	0	0	76	0	0	10	0	0	0	187	0	0	0	294	104	53	0	1	280	0	36	3	2	11	122	8	143	4	0	46	115	2	12	259	442	0	84	1	4	19	30	0	0	31	4	0	0	0	0	0	0	0	0	0	0	0	0	0	0	0	0	0	0	0	0	0	0	40	0	0	21	0	0	6	17	10	6	54	14	1	1	0	2	10	0	0	12	10	0	0	38	0	0	55	0	0	4	29	0	23	0	0	54	51	0	51	0	87	0	0	0	0	0	0	64	0	0	0	0	220	0	10	635	0	24	3	0	28	0	52	0	3	22	0	50	0	0	39	0	0	0	0	0	0	0	0	0	0	0	0	0	117	243	159	0	1779	0	0	0	0	8	0	12	0	0	153	0	0	0	0	0	0	1525	1294	34	9	14	0	0	704	10	515	28	110	16	0	0	0	15	173	134	0	0	0	0	0	2	3	0	0	0	0	0	0	0	1	39	0	8	3	0	2	5	4	0	0	2	0	7	0	22	16	8	6	4	0	1	20	17	7	4	0	0	0	35	0	1584	620	400	0	7	0	0	0	4	14	0	0	10	0	87	0	10	30	0	4	0	0	1	0	0	0	16	27	0	0	0	0	0	0	0	0	0	0	301	0	0	0	0	0	0	589	410	26	0	1338	63	0	3621	69	1944	28	230	269	278	0	0	248	342	5	254	0	0	9	0	5	0	0	0	0	145	0	0	94	13	12	2	1	0	0	0	0	4	3	0	0	0	386	2	0	3	0	17	0	2	0	2	0	0	40	5	3	0	31	0	5	137	181	3	0	3649	8586	0	0	0	0	1	0	0	0	312	0	93	0	0	7	423	142
np0029	0	0	0	3	41	6	1630	0	0	4	687	12	0	7	75	0	64	0	16	55	50	10	12	15	0	1	29	3	0	0	3	187	6	0	13	4	137	23	0	0	0	80	1273	614	0	29	13	44	31	15	32	6	65	0	0	0	81	0	60	14	15	0	0	0	0	0	1	274	0	0	0	23	1063	0	2	21	2	0	0	248	0	6	196	0	434	73	0	1	59	133	3	0	222	0	7	0	537	0	14	13	0	21	8136	30	246	5752	1167	912	0	285	2873	26	0	17	0	0	0	2096	55575	0	231	16	255	66	0	1280	1810	4	276	3	15	0	0	11	0	8	26	1	0	0	4	0	33	40	4	0	1	204	5	0	0	91	0	0	0	0	15	0	0	0	0	0	0	0	0	35	373	3	7	0	136	295	125	0	9	19	6	1546	0	0	0	88	0	40	1066	0	0	0	10	0	8	30	503	0	0	3	3	0	0	0	1	234	64	24	6	39	6	45	0	0	453	1763	0	0	176	0	0	4327	0	0	10699	3720	37	0	0	12901	25	0	4	5	13	116	970	0	0	58	556	240	126	10	59	3109	0	19	66	1	32	10	93	608	0	0	47	25	3	0	317	163	39	180	4	0	31	40	0	0	319	10257	0	0	0	0	0	0	0	0	0	0	0	0	0	0	0	65	0	0	0	0	0	0	0	0	0	0	0	0	0	0	0	175	719	0	0	18	5	138	0	0	11	0	2830	0	0	12370	0	0	0	0	34	11	76	3	0	0	0	0	0	0	8	0	0	0	0	0	0	15	7	0	0	0	0	0	87	0	8	4898	0	5656	0	0	59	0	0	4501	4290	0	0	43	0	3	6	1305	0	0	0	6463	0	0	0	0	0	0	0	0	0	0	83	0	0	0	0	0	0	22	0	13	13	3	0	0	9	0	0	0	0	352	3397	290	454	25	11	0	1186	11	1614	82	402	198	0	0	0	18	92	16	0	691	0	0	0	0	6	187	4	0	0	786	0	34	0	201	0	2	0	0	80	29	0	4	5	25	7	329	18	0	355	75	46	1	17	1	60	0	19	460	0	0	30869	0	0	0	569	3044	1001	214	0	904	0	19	45	3	167	0	0	160	74	429	0	0	2317	0	14	3	4	0	0	91	123	36	0	80	168	0	0	156	22955	0	0	0	18	0	0	136	45	80	0	574	1087	0	1270	16	48	8735	361	0	23	1725	0	0	0	0	31	739	45	189	0	11	0	46	8	0	0	15	0	53	0	0	684	60	78	42	7	48	8	0	0	47	6	0	0	1	0	59	0	3	8	29	6	8	70	80	34	257	211	39	0	0	294	51	282	23	0	1750	0	0	0	35	6	6	0	0	0	0	0	1	0	1	0	0	8	0	0
np0031	0	0	0	0	1	0	0	0	2	1	0	0	0	0	60	0	0	0	1	0	0	0	0	0	1	0	0	3	0	0	0	10	0	0	0	0	47	0	0	0	0	0	16	0	0	32	0	3	0	0	0	3	10	0	0	0	129	0	0	0	1	0	0	0	0	0	0	53	0	0	0	0	0	0	0	2	0	1	0	0	0	0	0	0	1	0	0	0	3	0	0	0	10	0	0	0	0	0	0	0	0	0	22	0	9	14	9	24	0	2	31	0	0	0	0	0	0	0	0	0	0	0	0	0	2	0	3	0	2	0	0	0	0	0	8	0	0	0	0	8	0	0	0	0	20	0	0	6	0	3	0	0	0	0	3	0	0	0	0	1	0	0	0	0	0	0	5	0	1	0	12	0	5	0	2	3	0	40	0	6	0	0	0	4	43	0	0	0	11	0	0	0	0	0	0	0	0	0	0	0	0	3	0	0	0	0	0	3	1	0	0	9	3	0	0	0	0	39	0	0	6	10	0	0	0	5	0	0	0	0	3	4	2	0	0	0	0	0	0	0	0	5	0	0	0	0	0	0	0	19	0	0	7	0	0	0	0	1	0	0	0	0	1	0	0	0	0	45	0	0	0	0	0	0	0	0	0	0	0	0	0	0	0	0	0	0	0	2	0	0	0	0	0	0	0	0	0	0	3	4	8	0	0	0	0	0	4	0	0	0	54	46	0	106	0	0	0	0	0	0	4	0	0	0	0	0	0	0	0	0	0	3	0	0	0	0	0	0	0	0	0	402	0	0	13	6	0	0	0	0	0	0	0	0	3	0	0	0	0	0	14	49	0	9	0	1	0	0	0	0	0	0	0	0	0	0	0	0	0	0	0	0	0	0	0	0	0	4	0	0	0	0	0	6	0	31	0	0	0	0	0	0	35	0	6	0	1	0	0	0	0	0	20	0	0	0	1	0	0	0	0	0	0	0	0	0	0	0	0	1	0	1	0	0	4	0	0	0	0	0	0	1	0	0	9	0	6	0	0	0	0	0	0	0	0	6	0	0	0	0	25	18	1	2	0	0	0	0	0	0	0	0	1	4	0	10	0	0	0	0	0	3	0	0	0	0	7	2	0	0	0	0	0	0	0	2	2	0	0	0	0	0	0	0	12	31	48	0	39	39	0	103	2	0	3	103	0	0	5	0	15	17	0	20	0	0	0	0	0	0	0	0	0	0	0	0	11	0	0	0	0	0	0	0	0	12	0	0	0	112	0	1	0	0	0	0	0	0	0	0	0	0	0	2	0	0	0	0	5	0	3	18	0	0	2	0	0	4	0	0	2	0	0	0	0	0	0	0	0	0	0
np0032	0	0	0	3	46	0	0	2	32	0	449	70	1	20	837	2	0	22	103	247	43	4	18	26	8	3	3	2	7	0	0	90	0	0	0	0	84	6	0	0	0	9	120	28	0	283	0	49	55	36	1	11	105	0	0	0	2440	0	2	5	79	0	0	0	0	0	0	4125	0	0	4	2	336	0	9	48	0	35	13	5	26	0	160	0	11	0	0	10	173	8	0	0	1640	0	5	34	4	114	0	99	12	38	244	28	100	71	59	73	0	46	399	0	0	12	35	2	0	22	24	0	32	15	0	0	6	5	27	12	10	0	3	0	0	0	461	0	0	0	0	245	0	2	15	5	207	0	5	32	30	39	0	10	63	0	66	85	0	0	0	0	0	0	0	0	9	33	26	19	2	0	292	3	122	0	46	104	6	910	0	187	0	0	0	41	925	0	0	0	140	83	0	14	13	0	5	16	8	0	0	0	26	140	174	0	0	30	10	54	573	39	31	30	3865	0	548	0	68	1395	17	1	7220	1035	260	0	0	392	127	0	0	13	75	74	62	0	19	24	0	0	0	0	79	837	0	18	11	38	16	49	4	122	20	0	179	266	0	0	60	631	38	606	0	0	8	9	0	0	33	1698	0	0	0	0	0	0	0	299	0	0	0	0	0	0	0	0	0	0	0	686	0	0	0	0	0	0	0	0	0	0	208	41	208	0	0	0	3	20	42	37	7	67	1432	1189	0	2543	0	0	0	0	15	70	277	58	175	23	0	0	0	3	3	0	0	198	0	29	0	117	0	0	0	0	0	389	14	0	266	176	0	0	0	0	0	0	0	5	80	0	0	4	0	0	411	735	0	207	0	14	0	0	0	0	0	0	0	0	0	0	1	0	0	0	0	0	0	88	40	492	11	974	0	0	428	5	0	79	0	624	210	39	6	5	8	19	148	0	282	0	19	0	0	62	20	118	925	13	0	43	229	3	0	10	7	1	0	0	0	0	0	0	0	2	0	6	0	0	3	20	16	67	2	101	0	131	14	0	1310	98	568	36	33	0	65	28	37	2171	0	1465	406	0	577	0	1638	744	50	66	48	50	0	83	294	0	14	0	312	429	0	738	71	110	0	22	1	120	299	0	0	230	56	125	0	0	0	0	0	0	0	11	47	0	80	0	0	358	0	0	1269	2759	1274	0	3860	4737	0	6040	213	0	338	7261	148	0	360	77	1097	2206	39	384	0	0	0	34	619	0	0	0	0	110	0	0	238	23	11	0	1	0	1	0	0	251	0	0	0	1319	0	64	0	94	25	309	38	45	33	405	13	105	832	275	10	0	431	0	142	2	107	605	0	52	5	135	0	20	0	0	48	18	3	117	54	30	0	0	5	0	0
np0033	0	0	0	0	2	0	543	0	0	15	87	29	0	1	647	1	4	0	0	6	6	3	0	0	0	1	1	8	0	0	0	0	0	0	0	0	60	10	0	0	0	52	81	12	0	159	0	2	18	15	1	0	23	0	0	0	98	0	12	0	69	0	0	0	0	0	0	1440	0	0	0	0	30	0	0	32	7	0	0	6	0	0	8	0	0	0	0	0	17	0	0	0	20	0	1	0	4	0	0	0	0	0	119	9	342	155	129	130	0	11	178	0	0	0	0	0	0	532	229	0	23	0	0	27	5	7	16	0	41	0	0	0	0	10	0	0	5	0	0	0	2	0	5	0	39	0	0	157	0	0	0	27	0	0	0	0	5	0	0	0	0	0	2	0	0	6	11	0	0	0	105	4	33	0	3	0	9	189	0	0	0	429	0	13	422	0	0	0	0	0	0	0	128	11	0	0	2	0	0	0	2	9	0	0	2	64	10	50	0	0	7	4	0	0	18	0	0	246	0	0	523	82	28	0	0	349	7	0	2	0	0	15	20	0	0	9	24	9	12	9	3	519	0	11	2	0	9	3	4	233	0	0	11	75	5	1	85	95	0	307	0	0	10	7	0	0	2	31	0	0	0	0	0	0	0	0	0	0	0	0	0	0	0	8	0	0	0	0	0	0	0	0	0	0	0	0	0	0	0	10	146	0	0	0	0	4	0	0	9	0	44	0	0	121	0	0	0	0	12	11	42	1	0	0	0	0	0	0	3	0	0	0	0	0	0	0	0	0	0	0	0	0	53	0	0	17	0	75	0	0	0	0	0	0	19888	0	0	16	0	0	0	0	0	4	0	38	0	0	0	0	0	0	0	0	0	0	234	0	0	0	0	0	0	3	117	9	0	35	0	0	0	0	0	0	0	103	2436	4	5	0	0	1	22	0	68	0	36	7	0	0	0	6	69	9	0	0	178	0	0	0	0	0	0	0	0	20	0	1	0	40	0	4	0	0	14	4	0	0	0	4	0	13	0	0	23	4	0	0	0	0	0	0	0	21	0	0	48	0	0	0	70	35	18	2	0	8	0	3	9	0	0	0	0	15	5	28	0	0	3	0	0	0	0	0	0	0	5	3	0	3	0	0	0	4	61	0	0	0	1	0	0	0	0	0	0	3	23	0	106	0	0	244	0	0	0	26	0	0	0	0	4	16	0	18	0	0	0	11	0	1	0	1	0	22	0	0	92	0	14	1	0	4	0	0	0	1	0	0	0	0	0	5	0	0	0	0	0	0	26	2	8	15	12	0	0	1	15	8	34	12	0	7988	0	0	0	9	0	3	0	0	0	0	0	0	0	0	0	0	11	0	0
np0036	0	0	0	0	6	0	0	0	1	1	12	0	0	0	10	0	0	3	5	23	0	0	0	2	0	0	0	0	0	0	0	5	0	0	0	0	7	0	0	0	0	0	13	0	0	19	0	2	0	0	2	1	8	0	0	0	276	0	0	0	2	0	0	0	0	0	0	17	0	0	0	2	15	0	0	1	0	0	1	0	2	0	8	0	0	0	0	0	5	0	0	0	43	0	3	4	0	0	0	3	50	0	7	0	9	0	7	3	0	4	46	0	0	0	6	0	0	3	0	0	0	0	0	0	0	0	3	1	2	0	0	0	0	0	2	0	0	0	0	0	0	0	0	0	3	0	1	0	4	0	0	0	0	0	2	0	0	0	0	0	0	0	0	0	2	5	0	2	0	0	8	0	0	0	11	2	0	22	0	4	0	0	0	3	168	0	0	0	18	0	0	1	23	0	0	2	0	0	0	0	0	7	17	0	0	3	0	9	24	0	0	1	81	0	18	0	0	26	0	0	194	18	0	0	0	7	5	0	0	19	0	0	0	0	0	3	0	0	0	0	22	19	0	3	0	94	2	4	2	8	0	0	0	2	0	0	0	17	0	13	0	0	0	0	0	0	0	2	0	0	0	0	0	0	0	11	0	0	0	0	0	0	0	0	0	0	0	3	0	0	0	0	0	0	0	0	0	0	0	5	14	0	0	0	4	0	0	1	0	3	17	27	0	34	0	0	0	0	0	2	6	0	7	2	0	0	0	0	0	0	0	18	0	0	0	10	2	0	0	0	0	8	0	0	1	0	0	0	0	0	0	0	0	0	0	0	0	0	0	0	0	3	0	0	0	4	0	0	0	0	0	0	0	0	0	0	0	0	0	0	0	0	0	5	0	0	4	2	0	0	5	0	0	0	0	68	15	2	0	0	0	0	13	0	12	0	1	0	0	5	0	8	49	0	0	0	5	0	0	1	3	1	0	0	0	0	0	0	0	0	0	0	0	0	2	3	0	0	0	9	1	13	0	0	70	6	32	3	0	0	6	0	0	121	0	40	9	0	11	1	57	31	2	5	0	7	0	0	558	0	0	0	15	9	0	26	0	1	0	0	0	3	12	0	0	3	2	2	0	0	0	0	0	0	0	4	0	0	0	0	0	18	0	0	48	105	86	0	95	159	0	164	2	0	15	191	0	0	0	0	43	46	0	20	0	0	1	0	2	0	1	0	0	4	0	0	9	1	3	0	0	0	0	0	0	18	0	0	0	40	0	0	0	4	2	0	0	1	0	10	0	4	17	5	1	0	12	0	22	3	0	0	0	0	0	7	0	8	0	2	5	0	0	153	111	45	0	0	0	0	0
np0039	0	1	25	0	93	363	360	0	0	0	255	179	0	18	8681	0	8	0	58	126	0	16	30	68	0	4	33	0	13	5	10	89	0	26	0	0	790	20	80	0	7	311	1220	561	0	1321	0	83	414	73	426	119	453	0	0	2633	12664	0	24	28	0	0	0	0	0	0	0	901	0	0	0	3817	839	0	5	0	0	0	0	13	8	24	23	0	0	14	0	12	0	0	0	190	1117	115	0	818	0	0	0	0	0	12	273	18	1240	714	155	98	0	120	1024	46	163	7	40	6	0	22791	1327	0	0	0	20	518	1	47	278	649	1477	2	220	0	0	0	73	148	18	3	139	0	0	37	75	0	0	0	3	0	0	41	0	0	753	0	930	0	10	102	31	5	20	26	9	0	66	121	85	0	1	0	1155	0	115	0	172	0	0	1231	173	0	0	0	140	90	2244	0	0	2	39	0	0	22	33	0	0	25	0	0	0	0	9	1809	150	0	0	35	11	1933	7	18	6	164	0	0	322	0	73	1798	27	0	1385	320	0	0	0	739	0	0	14	0	608	0	118	97	73	34	0	0	0	0	4	179	34	87	28	8	28	137	29	296	0	0	1716	73	8	0	59	1896	0	84	48	0	23	23	0	0	109	0	0	0	0	0	0	0	0	0	0	0	0	0	0	0	0	0	0	15	18	0	15	21	0	0	0	0	0	418	159	0	0	525	25	21	2	35	2	29	88	0	0	0	0	5	0	7	0	0	0	146	3	22	0	34	289	0	0	227	298	0	736	0	31	0	0	0	0	230	7	1060	0	0	0	0	0	0	0	36	0	0	0	0	7	2	0	0	0	10	0	4	0	0	15	0	0	0	0	0	0	0	0	0	0	0	0	0	0	0	0	0	117	0	0	0	0	292	1378	96	108	7056	0	0	1566	0	0	0	0	0	0	120	0	136	11	14	1458	49	408	16	75	65	0	0	0	349	778	2	0	0	0	0	0	12	56	1	0	18	0	0	0	10	0	0	0	8	98	2	5	284	42	18	6	27	44	473	17	1651	548	124	54	26	19	14	298	0	0	1277	74	0	0	0	0	4862	1158	7775	0	0	0	72	0	204	375	0	0	0	0	0	1	0	0	0	230	0	0	39	97	0	0	56	3	75	0	0	180	0	0	0	5	0	0	156	167	0	0	23	0	0	8708	0	2969	225	3643	426	0	14400	1146	3156	785	7564	11935	0	0	0	12145	680	111	266	9	5	0	51	1236	0	0	0	0	856	0	0	891	72	91	5	6	0	0	0	0	2	0	0	0	22	4089	19	0	109	49	0	57	141	2	0	0	0	76	47	185	0	486	0	51	0	0	0	0	0	0	173	0	4	51	0	4	0	0	112	0	0	0	0	2	0	0
np0041	7	0	5	104	18	142	0	20	0	15	34	7	0	8	61	1	11	0	8	4	10	3	4	6	0	3	32	0	0	33	3	31	20	27	0	0	465	139	0	0	0	66	168	313	0	100	0	5	93	41	36	0	47	0	1	0	1248	0	7	0	0	0	0	0	0	0	2	557	0	0	0	174	36	0	1	0	12	32	0	18	0	0	62	0	374	36	0	0	0	0	0	29	17	0	0	8	0	0	0	0	0	5	440	99	226	270	213	29	0	46	213	7	18	0	0	0	0	132	5	0	0	24	50	0	0	64	76	48	144	21	131	129	0	0	0	40	96	5	33	0	0	4	12	0	749	0	0	0	0	28	172	144	0	0	0	5	0	3	9	7	1	0	9	0	8	0	5	0	102	0	762	0	104	0	8	0	7	873	13	0	0	0	13	219	410	0	0	18	14	0	12	5	19	0	0	0	1	0	0	0	0	842	14	175	2	48	21	205	0	0	0	200	454	0	9	299	0	1183	10	0	1765	1236	0	0	0	64	20	0	3	0	0	0	117	0	52	0	15	11	0	45	0	198	32	16	2	1	78	9	8	493	5	112	115	7	3	0	24	70	0	21	56	0	27	3	0	0	32	0	0	0	0	0	0	0	0	0	0	0	78	0	0	0	0	0	0	35	47	0	48	57	104	0	0	60	0	0	27	0	0	36	42	59	0	0	5	4	14	0	3	0	0	0	0	0	0	0	2454	58	0	0	0	0	150	0	0	73	0	0	112	0	0	0	0	0	0	0	0	118	0	0	0	0	0	0	8	323	0	227	0	0	8	5	0	1	0	8	0	112	0	2	104	0	0	0	0	0	0	0	0	0	0	0	0	0	0	0	0	0	3527	0	0	0	0	46	10	0	0	11	0	0	5	0	0	0	0	0	868	77	44	0	0	0	699	65	494	24	47	10	0	0	0	5	23	9	0	0	0	0	0	1	5	0	0	7	0	0	0	3	0	3	0	4	225	9	37	17	57	0	0	2	0	5	0	23	31	0	100	2	0	0	9	13	0	1	6	0	0	25	0	51	19	734	0	0	0	17	0	2	5	1	0	5	0	21	8	19	0	0	0	2	2	0	0	0	0	15	10	14	0	11	0	0	0	0	73	0	0	334	0	0	17	27	0	0	26	13	85	0	112	135	0	600	12	208	12	37	16	5	0	0	16	25	6	5357	17	0	50	81	0	3	0	0	0	117	0	7	95	18	0	254	3	15	0	29	135	0	0	19	0	59	7342	498	0	0	2	0	2	12	4	0	7	2	17	0	0	0	24	0	0	0	0	0	0	0	0	46	0	0	1	0	0	0	0	15	0	6	0	0	3	0	0
np0042	0	0	0	422	415	0	0	0	308	93	1767	329	7	584	22858	9	61	1895	633	1406	194	42	84	269	256	18	143	976	498	24	69	5419	124	49	121	80	10756	1194	0	0	1	948	12272	1083	286	7945	33	807	948	364	965	243	4882	0	0	7	119287	0	219	48	1035	0	20	0	0	0	37	22113	0	0	16	0	1365	6	140	393	0	288	810	77	49	6	501	0	875	85	0	117	2203	132	0	0	10567	0	0	340	27	531	0	545	3	362	3920	595	5719	6478	1766	2395	0	1085	8938	63	0	91	268	4	0	281	171	1	538	82	147	0	225	896	2334	504	445	0	0	56	0	45	6905	721	125	45	0	5351	10	1	216	132	60351	0	24	2178	1456	1737	0	792	1640	0	1907	1699	15	0	162	497	0	0	0	0	125	425	585	334	34	0	4720	57	850	254	237	663	42	10332	0	2014	0	0	0	1133	15148	0	0	0	316	186	35	74	837	0	27	58	26	0	0	0	49	1223	957	0	0	1434	421	2475	1629	28	639	5352	15905	0	1992	0	552	17088	91	9	22816	8981	345	0	0	1698	483	477	6	35	797	897	1781	0	196	234	5050	1854	1034	0	934	6662	19	363	140	57	666	403	135	6582	228	0	1153	2620	82	207	936	3450	126	622	187	10	540	465	0	0	1001	31903	0	0	0	2	0	0	0	6054	0	0	0	0	0	0	0	0	0	0	0	19084	0	0	0	0	0	0	0	0	0	131	5737	960	4976	0	9	0	199	710	671	427	38	606	35194	25568	0	68513	13	377	0	0	98	738	2076	624	1035	222	0	0	0	3	222	0	0	6705	0	240	0	4419	38	0	0	0	0	20633	40	0	1186	1961	0	0	0	0	0	0	0	13	787	0	0	25	0	0	5493	4542	0	913	0	69	0	0	0	0	2	0	0	0	0	0	0	0	0	0	0	0	0	1127	494	6592	118	1706	0	0	1178	10	0	5960	0	16296	4274	1364	58	86	100	99	2744	0	3592	117	692	98	108	712	186	1798	13737	124	18	880	1630	22	0	104	36	147	412	0	0	0	0	84	0	155	0	529	11	0	9581	197	194	634	13	1033	5	3594	516	0	23361	1865	7171	794	572	26	407	214	142	8116	0	28335	7644	0	2973	0	19035	28974	2371	588	202	156	0	840	958	0	613	0	5738	5584	34	7818	314	947	241	232	20	2588	5897	0	0	4118	770	2611	0	0	10	0	0	0	0	356	1261	0	952	1	3	6241	0	38	12026	48251	31384	0	54670	74420	0	125214	4300	0	2251	102532	1274	0	8266	620	15444	24806	447	4863	0	12	1	303	1185	27	45	0	0	2224	0	4	2497	452	673	0	10	6	3	0	0	6	817	27	0	45589	0	151	0	359	106	3208	370	358	189	3718	154	568	9044	2977	153	0	2665	0	3495	37	1077	4576	6	1269	33	215	0	148	0	12	679	106	96	470	18	80	0	0	13	0	0
np0048	0	0	0	3	2	204	701	0	129	0	18	0	0	8	1179	7	0	0	0	0	0	0	0	3	0	0	5	0	12	0	6	0	10	8	0	0	273	0	0	8	0	10	56	6	6	85	0	14	15	12	2	0	37	3	0	1	257	0	7	6	709	195	2	0	0	23	1	546	0	0	0	4	47	0	2	58	90	25	0	53	37	20	283	0	0	45	0	18	0	2	4	0	15	0	2	1	7	0	0	0	3	0	164	3	37	18	212	58	0	104	1128	0	0	14	19	0	0	19	14	8	0	1069	0	2	0	7	18	5	7	0	130	0	6	2	5	79	81	270	48	10	8	0	5	0	6	32	5	0	3	10	1	16	1	18	8	1	3	0	0	0	0	0	0	0	22	16	2	1	0	13	145	4	77	0	0	0	0	97	0	10	134	58	0	18	117	5	0	0	316	306	0	0	121	60	1	0	0	10	4	0	1	6	5	0	20	36	12	32	2	0	0	1	82	0	109	6	0	388	17	4	700	182	28	11	80	251	45	0	0	0	21	0	438	4	81	14	343	118	68	0	0	94	0	13	0	0	2	5	12	59	0	0	2	0	0	0	60	84	0	11	0	1	4	3	1213	715	2	0	3	8	0	4	0	0	7	0	0	0	0	3	4	0	3	2	0	0	0	4	0	0	0	3	3	36	17	0	0	34	0	10	27	0	0	5	0	2	0	0	0	0	4	3	0	10	1	0	6	0	0	16	16	2	4	0	4	0	3	0	28	4	0	0	1	0	0	42	11	4	28	14	57	536	472	55	259	533	121	21	324	3	6	0	0	29	10	427	8	377	282	642	4400	1409	62	8	0	980	411	7	41	738	154	16	0	10	0	0	0	5	23	0	8	9	6	53	37	5	0	0	0	0	0	2	34	3	7	32	87	68	36	23	0	0	123	0	424	19	0	11	117	5	0	0	6	0	0	0	167	0	0	3	0	0	40	0	29	6	0	0	0	0	0	0	0	0	9	0	0	4	5	6	0	9	0	0	85	7	4	0	4	0	7	0	10	13	0	10	13	0	5	2	97	40	24	8	0	6	0	6	0	0	3	2	2	33	19	58	0	0	0	0	0	4	2	0	0	6	10	7	0	25	0	7	9	5	0	0	0	0	0	0	0	34	0	0	25	55	27	0	85	9	0	240	4	16	25	131	7	0	0	0	36	251	8	153	2061	0	0	9	0	0	0	0	12	80	0	49	52	0	5	0	0	13	159	56	339	0	1	8	111	178	195	16	1	6	0	3	0	0	1	2	2	0	15	6	0	0	9	0	11	6	247	24	199	5	0	0	0	9	0	0	2	0	13	5	0	10	6	5	5	4	0
np0050	19	0	23	109	52	70	1	89	0	10	99	34	0	14	38	0	13	0	56	44	0	13	5	16	0	2	42	0	0	75	8	47	33	29	0	0	894	505	13	0	1	192	307	301	5	144	0	11	91	28	189	8	51	0	0	0	1247	0	14	2	0	0	0	0	0	0	3	392	0	0	0	691	43	2	2	0	14	43	0	32	1	0	147	0	178	27	0	12	0	0	0	20	55	2	0	39	0	0	0	0	0	17	926	48	212	230	140	97	0	97	432	9	20	0	7	3	0	313	12	0	0	49	64	0	0	71	125	86	272	201	126	255	0	0	0	89	199	3	10	2	0	2	27	0	376	0	0	0	0	51	387	460	0	0	0	9	0	3	46	74	0	0	40	0	28	2	25	0	58	0	1605	0	190	21	9	0	5	1637	20	0	0	0	41	547	797	0	0	59	252	0	23	15	49	0	0	0	0	0	0	0	0	1571	7	333	4	141	67	492	0	0	0	307	362	0	9	320	0	2554	49	0	1879	2190	0	0	0	142	16	0	9	0	0	0	207	0	133	1	56	33	0	165	0	686	95	31	14	0	110	11	16	408	15	101	144	5	6	1	10	73	3	48	96	3	24	7	0	0	58	0	0	0	0	0	0	0	0	0	0	0	122	0	0	0	0	0	0	148	166	0	146	173	181	0	0	61	0	0	50	0	0	97	27	58	0	11	6	2	16	6	2	0	0	0	0	0	0	0	6060	93	0	0	1	0	181	0	0	49	0	0	73	0	0	0	0	0	0	0	0	83	0	0	0	0	5	0	19	728	0	448	0	0	108	4	30	11	0	65	0	282	0	21	312	0	0	0	0	0	0	0	0	0	0	0	0	0	0	0	0	0	3646	0	0	0	0	147	10	4	5	8	0	0	8	0	0	0	0	0	2207	120	54	23	0	1	596	28	684	40	56	20	0	0	0	36	86	18	0	0	0	0	11	2	16	0	0	59	0	0	0	28	0	6	3	19	609	30	172	30	93	0	0	5	0	7	0	37	51	0	161	2	1	8	8	17	0	18	12	0	0	52	0	96	74	1448	0	0	18	88	0	2	3	0	0	7	0	60	16	59	0	0	0	5	0	7	9	0	0	42	32	28	0	19	0	0	3	0	246	0	0	465	6	0	35	105	0	0	95	27	286	11	526	647	0	1803	89	511	21	85	38	14	0	0	29	69	11	10950	35	3	125	191	0	0	0	0	0	875	0	6	133	55	4	1107	0	17	0	8	45	0	0	24	0	107	6374	913	0	8	9	8	3	9	4	0	6	0	12	7	0	0	44	0	0	0	0	0	0	0	0	11	0	0	0	0	0	0	0	36	0	13	0	0	13	0	0
np0052	20	7	342	17	116	5	1	26	0	52	126	10	3	10	1923	0	7	0	67	88	20	8	7	34	0	3	51	2	0	116	16	53	37	15	6	3	422	334	0	0	0	1343	1205	236	13	706	0	30	266	53	171	101	438	0	150	0	985	0	133	28	0	0	0	0	0	0	0	157	0	1	1	7624	889	17	64	0	4	8	0	37	5	13	58	0	218	0	0	55	0	0	0	450	284	3	0	191	0	0	0	0	0	89	215	23	207	80	88	35	0	76	399	27	22	4	16	39	0	508	174	0	14	16	112	190	3	103	73	218	571	10	18	13	0	0	0	42	4	8	20	1	0	114	152	0	76	0	0	10	22	53	2898	555	7	0	10	6	8	43	34	11	66	0	5	0	19	8	31	5	7	0	430	19	59	0	134	6	63	1492	82	0	0	0	100	50	1411	0	0	6	6	0	1	28	177	5	0	25	21	0	0	0	0	335	192	91	0	248	42	475	3	16	3	87	214	0	310	193	0	684	14	0	1437	836	4	0	0	104	37	0	1	2	0	0	119	0	184	0	16	15	0	54	1	247	17	13	6	9	140	75	17	207	11	49	409	42	13	6	23	111	7	64	26	3	27	16	0	0	41	0	0	0	0	0	0	0	0	0	0	0	1039	0	0	0	0	0	0	111	83	0	72	91	1086	0	0	430	0	0	275	0	0	214	66	53	1	100	2	42	28	19	39	5	0	59	0	4	0	0	2137	223	0	2	15	0	708	31	0	104	15	0	191	0	30	0	0	0	0	0	0	167	0	0	0	0	5	0	31	687	0	81	0	0	164	8	62	10	1	134	0	218	0	4	263	0	0	14	16	0	0	0	0	0	0	0	0	0	0	0	0	0	6062	0	0	0	0	171	111	60	49	76	0	0	539	0	0	0	0	0	1716	38	32	48	8	28	472	45	297	14	38	0	0	0	0	128	388	63	0	0	0	0	41	6	36	21	0	141	0	0	36	32	0	57	16	29	522	65	44	378	645	29	0	45	7	137	8	366	415	8	1102	20	8	6	140	135	28	256	211	0	0	385	2	525	1152	1429	0	2	23	86	0	44	108	24	8	183	0	288	78	266	0	0	9	42	17	42	44	0	0	214	116	145	0	156	0	0	0	0	1075	0	0	428	28	0	450	68	0	0	108	40	934	34	906	523	0	5647	107	1268	443	1434	1328	303	0	0	1306	533	76	445	34	27	3	112	65	8	0	0	2	729	0	96	42	16	51	287	13	3	0	1	10	0	0	8	0	44	1739	319	0	83	82	59	72	147	29	6	88	9	332	59	35	0	393	47	59	13	1	0	0	0	0	448	0	6	142	0	9	0	1	242	0	248	0	0	6	0	0
np0055	0	5	12	0	147	7	0	3	0	0	232	187	0	16	196	4	2	0	56	42	8	0	0	9	0	3	11	5	0	0	11	26	0	37	0	0	170	12	23	0	7	100	484	250	0	577	0	35	113	43	134	22	112	0	0	1353	3477	0	11	20	0	0	0	0	0	0	2	459	0	0	3	3360	878	0	2	0	0	0	0	48	29	54	112	0	0	0	0	2	0	0	0	6	504	64	0	716	0	0	0	0	3	5	859	13	646	114	166	143	0	120	852	45	171	5	26	13	0	2648	460	0	0	7	7	225	3	47	189	423	859	0	5	0	0	0	26	74	13	8	111	0	0	29	73	0	0	0	0	0	0	82	1	13	1520	0	1587	0	0	50	20	9	9	31	0	0	62	111	38	0	3	0	257	0	111	0	81	6	0	977	33	10	0	0	72	35	2170	0	0	0	0	0	5	81	29	3	0	11	0	0	0	0	2	347	131	0	0	168	0	3475	5	6	0	21	0	0	293	0	79	956	21	0	1559	563	0	0	0	503	0	0	3	0	187	0	115	394	130	63	0	0	0	0	0	68	10	29	26	2	7	128	24	407	0	0	144	5	0	4	25	300	0	91	18	0	30	10	0	0	11	0	0	0	0	0	0	0	0	0	0	0	0	0	0	0	0	0	0	0	7	0	5	6	10	0	0	3	0	77	151	0	0	232	28	21	2	40	0	10	9	0	0	0	0	6	0	13	0	0	0	93	5	0	1	0	212	0	0	101	90	0	299	0	8	0	0	0	0	74	0	420	0	0	0	0	0	0	0	38	0	0	0	0	13	0	3	0	0	4	0	0	0	0	17	0	0	0	0	0	0	0	0	0	0	0	0	0	0	0	0	0	358	0	0	0	0	236	15	56	14	207	0	0	687	0	0	0	0	42	0	104	0	167	23	27	1036	67	397	23	85	24	0	0	0	448	1065	59	0	0	2	0	5	20	111	0	0	6	0	0	0	20	0	0	0	7	21	5	3	225	6	7	0	33	48	392	11	742	236	99	54	38	22	0	309	0	17	174	4	2	0	0	0	1137	599	2730	0	0	0	23	0	70	109	0	0	0	0	0	0	0	0	0	26	0	0	17	41	0	0	36	0	36	0	0	46	0	0	2	0	0	5	35	127	0	0	36	0	0	2296	0	736	44	873	137	0	3183	156	590	188	2038	3166	0	0	0	2616	149	45	372	13	14	0	85	124	0	0	0	0	567	0	0	125	59	25	121	0	0	0	0	0	0	0	0	0	9	1768	33	0	269	99	2	32	69	2	1	0	0	46	18	83	0	494	0	2	0	0	0	0	0	0	64	0	4	66	0	8	0	5	158	0	0	0	0	0	0	0
np0062	1	0	0	10	0	16	16	1	3	15	141	0	7	82	167	68	6	0	1	0	0	0	0	19	0	3	6	0	9	8	11	10	6	5	9	0	763	0	29	31	1	10	135	25	11	306	0	13	99	49	13	5	20	10	3	0	191	17	8	2	63	18	5	0	21	0	33	2098	29	0	0	4	25	0	4	12	20	5	0	0	0	0	14	4	33	63	5	34	0	2	6	0	36	0	0	0	0	0	0	0	6	6	318	103	273	42	384	204	42	0	123	0	0	0	11	0	0	64	1	143	0	29	3	0	10	11	40	1	6	31	14	16	8	48	0	22	482	142	223	0	24	0	7	3	37	29	0	4	0	18	1	94	8	11	12	5	32	0	0	22	0	21	299	3	7	16	10	0	3	26	88	1	158	29	4	0	0	1181	13	54	155	159	0	6	1885	75	37	1	150	86	6	5	616	336	6	0	0	3	12	11	5	45	23	0	57	56	11	35	3	0	0	0	33	0	84	12	13	753	43	8	646	119	0	25	13	65	9	7	3	0	24	0	39	1	11	9	230	76	46	0	0	497	4	9	7	0	2	9	18	736	16	28	21	33	0	8	76	124	8	76	18	0	35	44	17	15	1	15	6	25	5	6	21	7	7	6	5	0	0	5	2	0	0	1	5	0	0	6	0	0	5	5	2	115	38	0	0	775	8	46	209	6	6	3	0	0	2	0	0	9	21	32	6	141	8	0	33	0	1	4	10	4	0	0	47	12	3	11	181	0	15	59	35	3	5	139	31	20	153	46	11	143	816	152	4073	1481	25	59	588	23	26	6	0	65	6	302	1106	923	993	813	8150	949	13	14	26	1469	288	20	238	220	861	297	294	193	429	998	0	19	139	7	11	41	13	16	0	20	2	30	0	28	0	0	18	8	24	48	180	43	28	13	0	0	90	0	596	45	56	29	320	8	0	0	18	8	3	0	1	1	0	0	4	7	0	0	91	13	5	7	1	4	0	15	0	0	0	0	0	3	1	0	0	10	0	0	71	6	8	4	0	2	0	1	8	6	0	14	18	6	2	0	86	92	84	35	0	3	4	5	5	8	0	1	5	23	11	47	5	0	0	0	0	2	4	4	0	5	12	10	2	3	0	38	3	9	1	0	0	0	0	11	0	58	14	6	37	35	27	0	203	17	0	508	5	25	11	73	0	0	0	0	18	395	10	61	0	0	0	54	0	7	3	0	2	956	15	22	150	53	9	13	0	0	0	0	0	3	0	0	39	191	99	24	2	3	0	8	1	0	11	4	2	4	25	8	0	0	13	2	7	35	363	16	377	1	0	15	2	33	16	2	0	2	0	7	0	10	26	8	0	1458	490
np0063	0	0	73	10	187	0	430	436	0	0	581	352	0	170	2965	9	47	0	158	186	129	24	20	42	7	17	146	0	0	29	7	73	0	183	0	0	3031	90	500	0	6	1555	4301	616	0	7781	0	192	1987	309	719	48	454	0	0	5273	30535	0	35	46	0	0	0	0	0	0	6	7269	0	0	0	2562	1226	0	15	1	0	3	0	76	47	89	189	0	0	4	0	11	0	0	0	114	3611	443	20	1592	0	0	0	0	21	0	4414	45	5201	663	555	323	0	613	4673	233	1029	20	71	1	0	10674	1048	0	0	7	50	741	0	79	419	1032	2746	0	0	0	0	0	0	55	1003	8	4196	0	14	29	176	0	0	0	0	0	0	224	57	62	135	0	244	0	340	142	241	57	10	13	18	0	216	239	181	8	5	0	398	0	488	0	437	7	0	2318	47	51	0	0	139	769	3205	0	0	832	0	0	3	68	79	0	0	16	0	0	0	0	0	587	133	0	0	517	70	6440	0	0	65	1063	0	0	1478	0	117	2377	66	0	5610	981	0	0	0	1545	4	0	44	3	648	0	523	607	197	67	0	0	0	0	4	1745	192	73	31	9	13	142	52	2727	0	0	698	74	0	0	31	1022	6	115	76	0	105	51	0	0	81	0	0	0	0	0	0	0	0	0	0	0	0	0	0	0	0	0	0	44	24	0	30	25	13	0	0	5	0	1084	380	0	0	1213	39	112	5	58	2	54	173	0	0	0	11	10	0	29	0	0	12	172	13	0	5	0	530	0	0	412	553	0	1308	0	49	0	0	0	0	391	0	1855	0	0	0	0	0	0	0	869	0	58	0	0	221	5	136	0	0	239	0	118	0	12	428	8	0	0	0	0	0	0	0	0	0	0	0	0	0	0	0	0	7729	0	0	0	0	599	328	209	0	3222	0	0	1345	0	0	0	0	389	0	177	0	158	19	38	10779	1176	841	50	313	101	0	0	0	1097	2783	295	0	0	9	0	11	33	161	8	0	14	0	0	0	23	0	0	1	56	113	27	71	525	8	19	5	49	46	723	0	1206	511	159	64	86	30	0	828	0	39	602	34	7	0	14	0	6858	2171	30554	0	0	0	81	0	261	452	0	0	0	0	7	0	2	0	0	98	0	0	92	192	0	0	127	12	326	0	0	154	0	0	10	0	0	45	285	211	0	0	99	0	0	27442	0	6176	169	10069	1020	0	39151	1830	8503	720	4629	7764	0	7	0	7897	663	225	1038	0	12	1	125	522	0	0	0	0	5130	1	0	740	326	231	530	8	0	0	0	8	2	2307	3	0	109	7658	98	0	336	134	0	123	341	17	11	0	0	165	81	304	0	1180	0	2	0	0	0	0	0	0	176	7	0	151	0	8	0	30	174	6	20	0	0	5	0	0
np0064	0	0	0	0	0	0	14	0	772	0	174	17	0	0	192	28	0	0	0	0	0	0	0	0	0	1	0	0	0	0	0	0	0	0	0	0	5	0	0	0	0	0	3	2	0	4	0	4	0	0	0	0	0	0	0	0	76	10	0	0	804	244	0	0	0	0	0	273	8	0	0	0	16	0	0	6	15	8	0	191	52	3	622	0	0	14	0	7	0	0	0	0	3	0	0	0	0	0	0	0	11	0	415	0	3	3	67	17	1	0	30	0	0	5	20	0	0	6	16	6	0	785	0	0	0	0	0	0	6	0	0	0	2	0	0	0	0	0	0	0	0	0	0	0	0	0	0	0	0	0	0	1	1	0	0	0	4	0	0	0	0	0	0	0	14	9	0	0	0	15	271	0	3	0	0	0	0	31	0	0	164	42	0	38	228	8	10	0	0	0	0	0	8	3	1	0	0	0	1	0	0	4	5	0	21	21	23	34	0	0	0	0	4	0	20	0	0	157	4	0	104	199	0	0	18	58	13	0	5	0	0	0	13	2	10	3	191	81	36	0	0	18	0	6	2	2	0	9	3	5	0	0	0	0	0	0	5	0	12	102	2	0	0	0	133	63	1	4	0	2	2	0	0	0	0	0	0	0	0	0	0	0	0	0	0	0	0	3	0	0	0	0	0	4	3	0	0	5	0	1	9	0	0	0	0	0	0	0	0	0	0	0	0	0	0	0	0	0	4	14	22	2	10	0	2	0	0	7	20	6	0	4	2	0	0	12	12	0	10	2	111	744	314	37	181	1162	247	27	387	0	4	5	0	612	231	186	9	492	322	278	2548	331	65	14	9	1127	155	8	40	897	134	18	14	4	3	19	0	0	0	0	0	0	0	17	0	0	0	0	0	0	0	0	0	9	6	43	64	40	38	0	5	0	55	0	109	0	6	0	45	9	6	0	2	0	0	0	74	0	0	4	0	0	3	0	0	0	0	0	0	0	0	1	0	0	0	3	0	0	0	3	3	0	0	0	15	0	0	0	0	0	5	0	0	0	0	0	0	0	0	0	18	4	0	0	0	0	0	4	0	0	0	0	0	4	1	9	0	0	0	0	0	0	0	0	0	0	0	0	0	0	0	0	0	0	2	0	0	0	0	0	0	4	0	0	4	0	2	0	4	1	0	14	1	0	9	16	0	0	0	0	3	31	0	1631	15	0	12	0	0	0	0	0	0	24	0	25	41	19	0	0	0	0	0	0	6	0	0	2	30	90	57	10	0	1	1	0	0	0	4	0	0	0	0	0	0	0	6	0	0	166	25	248	20	0	0	0	0	3	0	0	1	0	9	9	0	8	12	6	0	14	6
np0067	0	0	0	0	9	0	0	0	0	0	15	0	1	8	186	0	3	0	0	3	0	1	0	3	0	0	4	0	0	0	1	7	0	0	0	0	35	0	0	0	0	93	21	56	0	117	7	0	7	0	6	0	23	0	0	0	411	0	3	2	0	0	0	0	0	0	0	427	0	0	0	0	65	0	0	2	0	4	0	0	0	0	12	0	0	2	0	0	0	0	0	0	24	0	3	3	0	0	0	3	0	1	44	1	58	23	16	24	3	0	85	0	0	0	6	0	0	63	2	0	0	0	0	0	0	0	13	28	51	0	0	0	0	0	4	27	10	0	0	0	3	10	3	0	0	0	0	0	0	35	21	44	0	0	0	0	0	0	0	5	7	0	0	0	0	12	0	6	0	0	18	3	9	0	1	0	0	85	0	18	0	0	0	21	139	0	0	0	0	0	0	0	21	0	0	0	0	0	0	0	2	69	17	0	6	178	15	21	0	0	0	0	0	0	75	0	0	54	0	0	110	90	0	0	0	28	0	0	0	0	0	0	9	0	33	0	0	0	0	0	0	29	0	5	3	0	3	0	3	39	0	0	22	15	0	0	11	20	4	11	2	0	0	2	0	0	0	0	0	0	0	0	0	0	0	0	0	0	0	0	0	0	0	0	0	0	0	0	11	2	16	0	0	0	0	0	0	0	0	27	9	0	0	2	0	8	0	0	0	0	10	0	0	21	0	0	8	0	0	0	0	0	0	0	0	0	0	0	5	0	0	0	0	0	0	0	17	0	0	0	0	0	0	0	0	64	0	8	0	0	5	0	11	0	0	18	0	12	0	0	18	6	0	0	0	0	0	0	0	0	0	0	0	0	0	0	0	0	0	0	0	0	0	43	0	34	1	19	0	0	84	0	0	0	0	239	0	4	0	0	8	0	15	0	22	0	15	0	0	0	0	33	177	70	0	0	0	0	0	0	9	3	0	0	0	0	0	2	0	0	0	0	3	0	0	2	0	13	0	5	0	36	0	0	55	11	11	0	0	0	7	0	56	67	0	18	0	1	0	0	724	84	0	0	0	0	0	0	0	0	0	0	0	0	0	0	0	0	0	0	0	0	3	0	0	7	9	10	0	0	0	0	0	2	0	0	17	0	0	0	0	14	0	0	2	0	28	0	145	95	0	582	24	0	8	220	0	0	0	0	0	8	0	21	0	0	0	5	4	0	0	0	0	12	0	0	22	0	0	230	0	0	0	0	0	0	7	0	0	0	3	3	0	27	5	0	0	0	3	17	0	0	44	12	0	0	55	0	4	0	0	0	0	0	0	22	0	0	23	0	0	0	0	13	0	18	0	0	0	0	0
np0071	0	0	0	0	0	0	0	0	0	0	11	0	0	0	25	0	0	0	0	0	0	0	0	0	0	0	0	0	0	1	0	0	5	0	0	0	7	0	0	0	0	1	0	0	1	10	0	2	11	0	0	3	0	0	0	0	98	0	0	2	0	0	0	0	0	0	0	32	0	0	0	0	17	0	0	0	0	0	0	125	0	0	961	0	0	0	0	3	10	0	48	0	15	0	16	0	1	0	0	0	23402	6	1189	0	26	0	0	0	0	0	3	0	0	2	0	0	0	0	0	0	0	0	0	0	1	0	0	0	0	0	0	0	0	0	0	0	0	0	0	0	0	0	0	0	0	0	0	0	0	0	0	0	0	0	0	0	0	0	0	0	0	0	0	0	0	0	0	0	1	0	1198	0	0	0	32	0	0	1	0	0	0	0	0	0	4	0	0	0	20	0	0	23	0	5	0	10	0	0	0	0	0	6	0	0	0	92	0	118	0	0	0	3	0	0	7	0	0	3	0	0	20	2	0	0	0	1	13	0	0	9	0	0	0	0	0	0	2	5	2	0	11	87	0	1	0	60	6	19	0	0	0	0	5	0	0	0	0	4	2	3	0	0	1	0	0	0	8	0	0	0	0	0	0	0	0	0	0	0	0	0	0	0	0	0	0	0	0	0	0	0	0	0	0	0	0	0	0	0	0	0	15	0	0	1	0	37	0	0	0	0	0	0	0	0	0	0	0	0	0	0	3	0	8	0	0	0	0	0	0	0	0	0	0	0	0	0	0	0	0	0	0	0	0	0	1	0	0	0	0	0	0	0	0	0	0	0	0	0	0	0	0	0	0	0	0	0	0	0	0	0	0	0	0	0	0	0	0	0	0	0	0	0	0	88	0	0	0	42	0	0	90	0	0	0	0	0	5	1	0	2	0	0	30	0	6	0	2	0	0	0	0	0	0	0	0	0	0	0	0	0	11	0	0	0	0	0	0	0	0	0	0	0	0	0	2	10	0	0	0	5	0	4	0	0	19	0	6	0	0	0	0	0	6	9	0	0	0	0	0	0	159	0	0	34	0	0	0	7	4	0	0	0	0	13	4	18	0	0	0	0	0	0	0	0	0	0	10	0	0	0	0	0	0	0	0	0	0	0	0	0	0	2	0	0	0	0	10	0	61	0	0	80	0	0	0	7	0	0	0	0	3	3	0	3079	0	281	50	3051	0	0	0	0	0	305	0	0	0	0	5	0	3	407	20222	0	0	0	0	0	0	0	0	0	0	0	10	5	0	0	0	0	0	0	6	2	0	0	6	0	0	0	0	0	0	1	0	285	0	32	0	0	0	0	28	0	0	0	0	0	0	0	0
np0076	0	0	0	0	0	0	952	0	0	1	458	0	0	0	1376	0	29	0	0	4	0	4	3	0	0	0	8	0	0	0	0	31	0	0	0	0	20	0	0	0	0	4	808	30	0	0	18	34	4	0	0	0	0	0	0	0	11	0	1	1	30	0	0	0	0	0	0	65	0	0	0	2	32	0	0	19	0	0	0	17	0	0	12	0	125	3	0	0	14	11	0	0	21	0	0	0	14	0	0	0	0	0	921	2	47	1097	238	176	24	0	394	0	0	5	0	0	0	40	4453	0	20	1	56	19	0	261	399	0	29	55	34	0	0	43	0	0	7	0	0	0	3	0	3	12	0	0	0	69	0	0	0	10	0	0	0	0	5	0	0	0	0	0	0	0	0	3	111	0	11	0	26	8	161	0	4	0	0	321	0	0	0	75	0	77	34	0	0	0	2	0	14	4	65	0	0	0	0	0	0	0	0	39	0	0	0	6	0	3	0	0	9	167	0	0	25	0	0	817	0	0	660	380	18	0	0	1077	0	2	23	0	4	13	124	0	0	9	165	77	29	0	6	372	0	0	5	0	0	2	13	31	0	0	983	16	6	8	352	413	77	74	0	0	0	12	0	0	38	9111	0	0	0	0	0	0	0	0	0	0	0	0	0	0	0	2	0	0	0	0	0	0	0	0	0	0	0	0	0	0	0	5	23	0	0	1	0	35	0	0	0	0	168	0	0	848	0	0	0	0	0	12	55	6	0	0	0	0	0	0	10	0	0	0	0	0	0	11	0	0	0	0	0	0	5	0	0	682	0	670	0	0	9	0	0	667	215	0	0	6	0	0	0	191	0	0	0	776	0	0	0	0	0	0	0	0	0	0	2	0	0	0	0	0	0	2	22	5	0	0	0	0	0	0	0	0	0	23	181	55	92	0	0	0	92	0	294	38	209	68	0	0	0	0	99	32	0	69	0	0	0	0	0	23	3	0	0	127	0	0	0	24	0	0	2	0	53	0	0	0	0	1	0	14	0	0	15	4	0	0	0	0	0	0	0	60	0	0	2492	0	0	0	18	728	224	9	0	159	0	3	8	0	9	0	0	4	6	16	0	0	355	0	0	0	0	0	0	8	7	3	0	3	0	0	0	27	3280	0	0	0	0	0	0	2	1	2	0	12	141	0	184	0	0	333	0	0	1	55	0	0	0	0	0	27	8	8	0	2	2	0	0	0	0	2	0	4	0	0	220	7	3	2	3	33	10	0	0	165	35	0	0	0	0	33	0	0	1	0	0	0	5	3	3	7	8	3	0	0	12	5	31	3	0	83	0	0	0	3	0	0	0	0	0	0	0	0	0	0	0	0	1	0	0
np0080	0	0	0	0	0	67	2	3	0	0	129	101	0	4	102	2	33	0	0	102	0	48	11	122	443	0	0	0	0	3	0	2413	0	277	0	0	114	173	0	0	1	1	0	0	89	2433	0	1058	0	0	0	5	19	0	0	0	7	0	0	2	0	0	0	0	0	0	0	1076	0	0	0	0	58	0	0	0	48	174	0	33	0	0	53	0	0	82	0	33	14	41	0	0	30	0	41	0	0	113	0	0	0	0	291	0	75	43	9	8	0	38	206	0	0	23	90	0	0	3	0	0	0	0	0	0	5	0	225	0	1	3	87	83	0	0	0	0	0	0	0	0	0	0	0	0	0	0	0	0	0	0	0	0	0	0	0	4	0	0	0	0	0	0	0	0	0	4	271	69	6	0	1393	91	353	0	64	0	0	4447	0	0	0	0	0	68	1028	0	0	12	67	0	20	0	850	16	0	16	0	0	0	0	0	16	0	0	0	92	11	64	0	0	0	6	0	0	38	0	0	1225	0	0	89	98	0	0	0	27	43	16	0	50	0	0	30	0	40	9	146	57	34	0	5	1731	99	96	16	4	15	43	0	22	0	0	182	314	0	0	3	15	0	22	0	0	7	13	0	0	14	0	0	0	0	0	0	0	0	0	0	0	0	0	0	0	0	0	0	0	0	0	0	0	0	0	0	0	0	0	0	0	0	0	25	0	0	0	0	175	22	0	0	0	0	628	0	11	0	0	0	0	0	0	26	0	13	0	0	0	0	2	0	0	0	0	0	0	0	0	0	0	0	0	0	0	0	0	0	0	42370	0	0	0	0	0	0	0	0	0	0	0	0	0	0	0	0	0	0	0	0	0	0	0	0	0	0	0	0	0	0	0	0	0	0	0	0	3	3	52	0	18870	0	0	30	0	0	0	0	3	4	56	0	13	133	14	102	0	279	25	76	162	1	76	66	791	2377	0	0	0	0	0	0	0	0	0	0	0	0	0	0	0	0	0	0	0	0	469	0	5	3	0	0	1	0	7	5	0	1719	331	10	63	7	53	33	0	18	51683	0	0	0	0	0	0	130	1	2	0	1270	342	0	0	0	0	0	0	0	14	5	113	0	0	0	0	0	3509	3649	0	0	7802	732	3481	0	0	0	0	0	0	0	0	0	0	0	0	0	2130	0	0	8013	0	2493	0	89	226	0	719	2	0	41	64	3902	0	0	0	21463	0	0	96	0	3	0	39	0	0	0	0	0	12	0	0	382	44	9	0	0	0	70	0	0	0	0	0	0	0	0	0	0	2	12	284	0	0	0	0	2	0	0	72	0	0	157	0	823	0	0	0	0	0	8	0	0	132	0	0	0	0	69	0	0	0	0	0	19	0	0
np0081	0	0	0	0	102	0	1	0	225	0	103	12	1	51	47	0	8	40	34	44	15	4	14	6	0	0	2	662	13	6	10	176	0	0	51	27	1224	275	0	0	0	1	156	47	10	606	5	38	29	15	0	58	266	0	0	0	103	0	5	16	584	0	0	0	0	0	23	117	0	0	2	0	213	0	11	360	0	224	3	21	32	0	238	0	47	308	0	10	128	4	0	0	656	0	0	13	0	35	0	19	0	22	1114	72	969	64	240	380	0	26	312	0	0	26	117	0	0	3	0	0	258	19	11	0	50	55	91	88	69	0	0	8	0	0	14	0	0	0	0	2	0	0	0	10	0	0	4	58	2	0	0	0	0	0	0	292	0	0	0	2	0	0	0	0	17	41	39	0	128	0	370	3	82	29	26	202	4	1174	0	535	0	0	0	429	753	0	0	6	692	458	6	5	9	4	28	44	341	0	0	0	303	16	24	0	0	635	152	981	5225	0	0	970	50	0	30	0	39	471	0	0	173	121	0	0	0	43	49	18	30	0	81	111	152	0	15	23	2	0	0	0	267	481	0	83	9	6	228	198	16	432	12	0	115	847	12	77	8	89	0	105	259	2399	81	47	0	0	973	1886	0	0	0	0	0	0	0	358	0	0	0	0	0	0	0	0	0	0	0	2426	0	0	0	0	0	0	0	0	0	0	794	27	1067	0	0	0	37	44	0	0	0	1	749	630	0	1637	0	0	0	0	13	88	747	81	395	0	0	0	0	0	23	0	0	260	0	4	0	230	0	0	0	0	0	755	27	0	793	415	0	0	0	0	0	0	0	8	162	0	0	4	0	0	1052	2114	0	686	12	39	0	0	0	0	0	0	0	0	0	0	0	0	0	0	0	0	0	125	0	0	0	0	0	0	0	2092	0	4	0	31	14	116	0	0	10	5	265	0	123	5	15	0	21	6	0	287	2122	21	0	0	361	0	0	6	0	67	99	0	0	0	0	0	0	11	0	3	0	0	4	4	5	21	0	40	0	312	59	0	756	170	369	63	11	0	17	19	20	119	0	738	241	0	19	0	1760	1592	22	94	70	34	0	45	45	0	28	0	253	56	0	179	0	13	8	16	0	257	482	0	0	490	124	204	0	0	0	0	0	0	0	13	261	0	101	0	0	121	0	0	359	1571	1627	54	2204	1882	0	4447	78	0	263	9552	82	0	1042	73	1553	2590	209	871	0	0	0	12	0	0	42	0	0	180	0	0	316	137	20	0	0	0	0	0	0	431	53	4	0	6314	0	36	0	14	3	216	17	23	7	108	9	41	322	222	8	0	297	0	56	18	343	920	4	0	2	0	0	541	0	920	0	102	125	89	0	0	0	0	1	0	0
np0089	0	0	0	22	10	0	0	10	32	0	92	16	0	16	7794	0	0	20	4	5	16	5	6	15	1	7	2	151	12	4	0	111	9	0	22	15	2219	26	0	0	0	2	291	43	23	1017	0	28	13	70	9	18	264	0	0	0	4894	0	1	1	26	0	0	0	0	0	0	1714	0	0	0	0	34	0	0	20	0	14	0	0	2	0	5	0	27	0	0	0	19	0	0	0	91	0	18	5	0	0	0	5	0	4	426	38	185	275	157	654	0	52	500	0	0	0	5	0	0	13	11	0	4	1	0	0	20	10	53	10	14	0	0	0	0	2	69	0	21	0	0	70	1	0	0	36	197	0	0	130	25	16	0	24	0	0	2	4	0	0	0	13	0	0	0	0	1	7	50	3	1	0	170	0	89	18	40	6	0	1331	0	161	0	0	0	156	751	0	0	0	330	171	1	0	1	0	0	9	0	0	0	0	0	45	5	0	0	46	11	105	0	0	0	310	19	0	21	0	59	2043	0	3	38	364	0	0	0	177	21	11	0	0	24	40	43	0	3	6	0	0	0	0	5	311	0	24	4	2	8	16	11	475	6	0	27	39	0	5	20	44	5	50	0	3	28	30	0	0	77	1447	0	0	0	0	0	0	0	56	0	0	0	0	0	0	0	0	0	0	0	119	0	0	0	0	0	0	0	0	0	0	49	55	118	0	5	0	0	3	26	1	0	6	1537	973	0	2980	0	0	0	0	0	6	27	4	16	0	0	0	0	0	10	0	0	118	0	2	0	80	2	0	0	0	0	14606	10	0	460	178	0	0	0	0	0	0	0	4	39	0	0	1	0	0	693	1674	0	364	0	7	0	0	0	0	0	0	0	0	0	0	0	0	0	0	0	0	0	27	40	10	0	19	0	0	0	0	0	226	0	650	70	76	0	0	0	3	901	0	81	10	69	0	0	0	0	11	128	0	0	0	42	0	0	0	0	0	3	0	0	0	0	0	0	7	0	29	1	0	142	3	0	1	0	4	0	80	12	0	91	15	55	0	0	0	0	2	11	18	0	121	28	0	32	0	324	154	2	4	8	4	0	5	5	0	7	0	27	39	7	58	7	7	0	3	0	24	45	0	0	47	16	24	0	0	0	0	0	0	0	6	12	0	9	0	2	34	0	0	158	369	346	0	735	957	0	1545	8	0	17	1020	0	0	110	5	161	197	7	233	0	0	6	0	0	0	1	0	0	56	0	0	245	14	0	0	0	0	0	1	0	358	1	0	0	2422	0	19	0	2	9	20	0	1	0	14	2	3	32	8	0	0	31	0	11	7	91	314	0	304	9	0	0	56	0	0	1	0	7	8	0	0	0	0	3	0	0
np0094	1	0	0	8	7	0	0	2	1	17	77	13	18	3	2054	933	0	0	4	5	0	4	3	11	2	3	14	0	20	7	8	31	25	0	3	6	239	4	20	8	6	69	111	84	9	400	13	24	35	39	5	8	85	7	0	4	623	61	8	10	18	4	9	33	23	108	0	1273	0	0	3	8	130	7	17	0	0	0	75	0	2	5	34	10	0	0	1	118	21	17	24	0	115	0	1	0	9	10	5	0	5	8	155	13	68	32	29	29	0	38	207	0	10	0	0	0	39	398	156	60	0	0	0	0	7	13	19	15	66	0	0	0	13	28	58	168	93	1	147	52	192	8	32	5	20	22	12	6	8	33	1	85	94	29	23	35	2	0	3	0	0	1	4	0	16	9	9	2	3	5	53	7	25	0	16	23	7	537	12	11	117	27	0	2	506	11	22	0	0	0	0	7	10	0	11	3	0	11	7	0	11	94	163	0	0	49	13	25	22	7	25	72	53	6	57	5	0	488	21	6	532	146	6	0	14	80	18	1	3	2	35	0	42	4	7	6	171	78	31	0	2	66	0	14	6	3	4	35	8	61	0	5	149	76	9	2	154	249	13	27	4	0	3	3	0	5	6	16	28	20	36	11	19	16	27	6	4	0	0	7	11	3	6	5	7	0	0	21	0	0	12	3	6	240	85	0	1	92	14	22	51	0	6	7	0	0	3	0	0	14	37	44	26	184	38	0	114	0	4	32	16	7	11	5	8	0	0	11	58	22	0	9	5	5	8	59	29	19	38	15	174	2852	44	0	32	42	555	3	32	11	1	0	0	3	2	56	2	20	42	74	342	89	329	0	0	87	63	8	98	3586	396	20	22	18	0	2	0	12	95	12	11	29	22	23	24	300	2	153	12	0	433	3	41	38	17	108	718	69	13	20	4	0	71	0	186	0	17	6	435	54	21	13	182	49	8	3	0	6	6	0	0	0	0	0	5	0	17	8	6	3	1	8	0	0	0	20	30	5	0	8	8	26	0	7	220	30	24	6	4	4	26	13	39	65	0	81	105	20	40	40	662	366	278	59	0	17	15	5	7	9	3	3	16	314	162	441	36	9	4	0	0	9	16	9	9	26	44	38	12	134	1	29	61	42	7	3	0	4	7	0	0	130	77	33	178	348	93	0	812	85	0	2073	39	58	73	546	11	0	0	0	79	1727	42	27	0	0	7	0	24	7	5	0	10	59	0	31	53	10	13	5	2	0	0	0	0	0	0	13	139	316	306	16	4	17	11	34	1	10	23	13	20	22	146	18	5	2	83	0	23	2	31	59	16	6	6	207	0	13	0	1	0	1	0	29	0	22	32	22	0	0	0
np0097	0	0	0	0	0	8	4	0	0	0	0	0	0	0	9	0	7	0	0	0	0	0	3	2	0	0	0	0	0	0	0	0	0	0	0	0	4	0	0	0	0	0	3	10	0	0	0	0	0	0	0	0	1	0	0	0	0	0	0	0	0	0	0	0	0	0	0	39	0	0	0	0	7	0	0	19	0	0	0	155	34	16	197	0	0	0	0	3	0	0	0	0	0	0	0	0	0	0	0	0	0	0	563	0	6	430	182	127	0	17	147	0	0	0	0	0	0	25	936	0	2	0	0	0	0	0	4	0	2	0	5	0	0	0	0	0	0	0	0	0	0	0	0	0	0	0	0	0	0	0	0	0	0	0	1	0	0	0	0	0	0	0	0	0	0	9	0	0	0	0	99	0	1	0	0	0	0	1020	0	0	0	52	0	0	19	0	0	0	0	4	13	4	29	0	0	0	2	0	0	0	0	25	0	0	0	4	0	2	3	1	5	0	0	0	9	0	0	30	0	0	8	25	0	0	0	0	0	0	0	0	0	2	8	0	0	14	3	1	0	0	0	11	0	0	2	0	4	6	1	20	0	0	0	7	0	0	4	0	0	1	0	0	0	3	0	0	72	4	0	0	0	0	0	0	0	0	0	0	0	0	0	0	0	0	0	0	0	0	0	0	0	0	0	0	0	0	0	0	0	0	7	0	0	0	0	0	0	0	0	0	0	0	0	0	0	0	0	0	0	0	0	0	0	0	0	0	0	0	0	0	0	0	0	0	0	0	1	0	0	0	0	0	20	0	0	6577	0	6899	0	0	50	0	0	5193	217	0	0	11	0	1	3	200	0	0	0	8316	0	0	0	0	0	0	0	0	0	0	1	0	0	0	0	0	0	5	0	0	0	1	0	0	0	0	0	0	0	6	21	0	3	7	0	0	11	0	19	0	7	0	1	0	0	0	0	0	0	0	0	0	0	0	0	180	30	0	0	0	0	0	0	2	0	0	0	0	0	0	0	0	0	0	0	0	0	0	0	0	0	0	0	0	0	0	0	0	0	0	2	0	0	0	0	1	1	0	0	0	0	0	0	0	0	0	0	5	0	0	0	0	0	0	0	0	0	0	0	0	0	0	0	0	0	0	0	0	2	0	0	0	0	0	0	0	0	0	0	0	0	0	5	0	0	15	8	0	0	6	0	0	0	0	0	7	0	99	0	2	0	47	0	0	0	0	0	0	0	0	56	5	0	0	0	30	0	0	0	0	0	0	0	0	3	3	0	0	0	0	0	0	2	0	0	0	0	0	0	0	0	0	0	8	0	105	0	0	0	0	0	4	0	0	0	0	0	3	0	0	0	0	0	0	0
np0100	4	0	4	1	21	2	0	6	0	4	8	0	0	2	25	0	0	0	2	0	0	0	0	5	0	0	1	0	0	3	0	0	2	0	0	0	21	11	0	0	0	11	37	14	0	12	0	0	4	0	37	5	14	0	0	0	125	0	3	2	0	0	0	0	0	0	0	31	0	0	0	481	10	0	2	0	0	0	0	7	0	1	10	0	114	3	0	3	0	0	0	10	13	0	0	11	0	0	0	0	0	6	46	2	41	22	28	3	0	10	62	0	3	0	1	6	0	72	14	0	0	7	8	12	0	5	16	22	48	0	0	0	0	0	0	13	6	0	0	0	0	1	9	0	23	0	0	0	0	3	172	9	0	0	0	0	0	0	1	0	0	0	0	0	3	0	0	0	4	0	98	4	15	0	6	0	0	204	2	0	0	0	12	1	138	0	0	0	0	0	1	6	8	0	0	0	0	0	0	0	0	37	8	6	0	43	5	32	0	0	0	7	37	0	26	22	0	48	0	0	181	71	0	0	0	6	3	0	0	0	0	0	32	0	17	0	0	0	0	0	0	4	0	0	3	0	7	0	4	70	0	21	19	3	0	0	9	11	0	3	0	0	5	6	0	0	4	0	0	0	0	0	0	0	0	0	0	0	31	0	0	0	0	0	0	4	2	0	3	0	52	0	0	23	0	0	10	0	0	19	10	2	0	6	0	2	0	0	3	0	0	2	0	0	0	0	37	7	0	0	0	0	13	0	0	7	0	0	5	0	0	0	0	0	0	0	0	5	0	0	0	0	1	0	0	101	0	3	0	0	35	2	17	3	0	19	0	25	0	0	48	0	0	0	0	0	0	0	0	0	0	0	0	0	0	0	0	0	261	0	0	0	0	21	0	7	8	0	0	0	45	0	0	0	0	0	185	5	3	6	0	0	84	0	42	0	3	0	0	0	0	6	8	0	0	0	0	0	1	0	5	2	0	34	0	0	4	4	0	2	0	0	116	17	11	6	21	0	0	0	0	3	0	18	9	0	31	0	0	0	6	4	2	8	4	0	0	18	0	35	46	114	0	0	2	9	0	0	6	0	0	2	0	12	5	16	0	0	0	3	3	0	3	0	0	9	10	5	0	18	0	0	0	0	78	0	0	18	0	0	20	4	0	0	2	2	33	0	21	25	0	168	1	29	9	39	55	3	0	0	72	12	4	103	7	2	1	27	1	0	0	0	0	41	0	8	7	5	0	89	0	0	0	0	1	0	0	0	0	0	93	78	0	6	1	0	0	3	0	3	4	0	5	6	0	0	11	0	0	0	0	0	0	0	0	27	0	0	3	0	0	0	1	6	0	9	0	0	0	0	0
np0101	5	4	0	0	28	0	0	0	0	0	80	9	16	23	4704	0	0	0	4	1	0	7	11	12	0	5	3	0	6	9	0	14	0	0	0	0	180	17	0	0	0	97	248	23	11	1110	0	19	30	36	6	10	47	16	0	0	1430	0	8	4	138	0	0	0	0	0	5	166	0	3	0	724	193	0	10	0	11	18	381	63	6	8	126	0	4	2	0	0	4	0	32	16	50	9	0	70	0	38	0	6	3	5	306	33	410	182	102	34	0	57	657	22	38	15	9	0	0	3694	0	0	0	19	8	28	0	23	50	30	157	0	0	0	0	0	24	6	0	0	8	0	19	0	58	0	0	0	0	0	80	341	0	49	55	0	0	0	3	3	11	2	0	0	4	2	15	4	19	2	0	0	322	3	58	0	101	3	1	636	8	25	0	0	67	50	1510	0	0	6	2	0	0	23	11	0	7	7	1	0	0	0	10	217	38	18	0	224	20	1926	9	3	0	53	11	12	281	0	15	436	0	0	1216	497	0	0	0	65	0	0	3	0	0	0	229	0	18	0	3	2	2	0	0	107	0	25	8	1	25	141	20	148	0	0	193	322	2	24	71	140	0	240	8	0	7	27	0	0	48	11	0	0	0	0	0	0	0	0	0	0	0	0	0	0	0	0	0	0	0	0	0	1	131	0	0	48	0	0	32	31	15	80	25	1	3	4	0	5	10	0	0	17	15	0	0	52	0	0	150	5	0	3	25	0	42	0	0	115	122	0	119	0	152	0	0	0	0	0	0	154	0	0	0	0	25	0	0	139	0	7	0	0	6	0	15	0	0	3	0	11	0	1	17	0	0	0	0	0	0	0	0	0	0	0	0	0	50	152	219	0	613	0	0	0	0	19	0	190	5	1503	83	0	0	0	0	0	0	2708	4150	37	7	50	4	1	251	12	343	32	118	4	0	0	0	36	373	297	0	0	0	0	6	0	22	0	0	1	0	0	0	4	2	36	0	1	9	6	1	42	12	6	0	11	0	38	5	197	68	50	34	7	3	0	178	72	20	25	9	0	0	87	0	1777	1517	521	0	22	0	2	0	31	48	1	0	1	9	335	0	29	133	0	13	0	5	4	8	0	0	71	90	5	0	0	0	0	0	0	0	0	0	283	9	0	0	0	0	0	607	651	124	7	698	96	0	3323	144	1779	170	870	983	620	0	0	994	787	10	553	0	0	1	32	103	15	0	2	0	98	0	0	101	44	30	7	2	0	0	0	0	0	0	0	0	0	369	3	0	26	28	57	3	11	0	0	0	0	146	20	7	0	151	0	39	28	30	3	0	205	376	60	0	0	28	0	2	0	2	411	0	107	0	0	14	207	80
np0102	0	0	0	2	0	0	1	3	0	0	0	0	2	0	84	0	21	0	0	324	0	1	3	15	5	0	0	0	0	2	0	63	9	5	0	0	12	0	0	0	0	1	0	0	0	18	0	613	0	0	1	7	5	0	0	0	4	0	0	4	0	0	0	0	0	0	0	142	0	0	4	0	356	0	0	0	27	63	0	160	0	0	181	0	0	15	0	9	9	9	0	0	10	0	24	0	0	333	0	0	0	0	278	0	13	1	25	0	0	104	729	0	0	16	86	0	0	0	0	0	0	0	0	0	4	0	127	2	0	0	0	0	0	0	0	0	0	0	0	0	0	0	0	0	0	0	0	0	0	1	0	1	0	0	0	3	0	0	0	0	0	0	0	0	1	3	7	4	7	0	1543	2021	30	0	65	0	0	1403	0	0	0	0	0	71	173	0	0	0	0	0	0	3	459	0	0	19	3	0	0	0	0	11	0	0	0	43	0	27	0	2	0	5	0	0	31	0	0	534	0	0	510	353	0	0	0	11	23	0	0	0	0	0	34	0	125	4	2	1	0	0	1	518	80	24	14	6	9	65	1	0	0	0	8	0	0	0	5	10	4	2	0	0	0	0	0	0	13	0	0	0	0	0	0	0	0	0	0	0	0	0	0	0	0	0	0	0	0	0	0	0	0	0	0	0	0	0	0	0	0	0	19	0	0	0	0	21	0	0	0	0	0	2884	0	0	0	0	0	0	0	0	24	0	11	0	0	0	0	0	0	0	0	0	0	0	0	0	0	0	0	0	0	0	0	0	0	0	2275	0	0	0	0	0	0	0	0	0	0	0	0	0	0	0	0	0	0	0	0	0	0	0	0	0	0	0	0	0	0	0	0	0	0	0	0	5	0	864	0	15	0	0	60	0	0	0	0	5	0	20	0	46	552	4	84	0	196	10	5	39	0	87	81	808	2266	0	0	3	0	0	0	1	0	0	0	0	0	0	0	0	0	0	0	0	0	16	0	2	15	0	0	0	0	0	10	0	495	491	11	6	13	0	233	0	4	7815	0	0	0	0	0	0	125	0	0	6	11394	2510	0	0	1	0	0	0	0	0	0	734	0	0	0	0	0	499	458	0	0	2616	1708	510	0	0	0	0	0	0	0	0	0	0	0	0	0	4255	0	0	14454	0	4121	0	65	890	0	3467	28	0	65	458	7133	0	0	0	41830	673	1	212	0	8	0	110	1	0	0	0	0	7	0	0	167	269	3	0	1	2	47	0	0	0	0	0	0	0	0	0	0	24	7	657	0	0	0	0	2	0	0	187	0	0	205	0	2333	0	0	0	0	0	5	0	0	73	0	0	0	0	21	0	0	0	0	0	20	0	0
np0104	0	0	0	0	60	4	8	0	0	18	204	42	12	0	1282	0	8	5	8	34	0	5	4	7	0	7	0	2	0	0	0	21	0	0	0	0	52	11	0	0	0	75	214	50	0	90	0	1	91	14	5	6	29	0	0	0	176	0	21	3	0	0	13	0	0	0	0	396	0	0	0	53	226	0	5	17	0	0	0	32	2	0	30	0	11	0	0	4	81	6	2	0	99	0	0	0	56	0	0	12	0	8	152	10	71	155	34	22	0	45	418	0	0	7	0	0	0	943	1531	0	17	2	0	10	2	0	22	0	26	2	5	0	0	28	0	40	13	2	0	0	7	0	2	6	5	0	6	17	5	0	0	126	0	0	0	0	6	0	3	0	0	0	2	0	2	8	21	6	12	0	56	15	62	0	8	59	8	751	0	0	0	290	0	3	1051	0	0	0	0	0	8	6	8	0	0	9	6	0	0	21	3	184	76	7	18	172	27	97	7	0	13	43	0	0	47	0	0	277	0	0	1054	118	9	0	0	108	3	0	1	3	0	25	23	0	0	17	12	1	0	4	1	116	0	27	6	3	22	32	9	90	0	0	176	417	9	2	87	136	9	48	0	0	0	7	0	0	5	57	0	0	0	0	0	0	0	0	0	0	0	0	0	0	0	41	0	0	0	0	0	0	0	0	0	0	0	0	0	0	0	45	146	0	0	15	1	7	6	0	55	0	267	0	0	1337	0	0	0	0	24	15	39	2	0	0	0	0	0	0	0	0	0	0	0	0	0	0	0	0	0	0	0	0	11	0	0	146	0	115	0	0	0	0	0	82	6524	0	0	8	0	0	0	186	0	0	0	242	0	0	0	0	0	0	0	0	0	0	197	0	0	0	0	0	0	8	170	100	88	120	0	0	240	0	0	0	0	560	2287	12	3	16	8	0	131	6	69	0	22	0	0	0	0	15	96	11	0	0	0	0	0	0	0	1	0	0	0	0	0	20	0	79	1	4	0	0	15	18	4	4	15	31	6	83	7	0	253	68	65	5	11	1	3	0	6	123	0	0	395	0	0	0	268	798	228	21	0	26	0	24	6	0	16	0	0	190	61	357	15	0	40	0	0	0	5	0	0	22	32	33	0	52	149	0	0	5	387	0	0	0	7	0	0	38	3	17	0	112	108	0	775	5	97	1454	122	0	8	281	0	0	0	0	28	693	5	11	0	2	0	7	77	4	0	4	0	25	0	0	87	10	62	238	0	0	0	0	0	4	9	0	0	0	0	5	0	55	15	16	18	12	189	36	43	126	126	68	0	0	54	11	60	4	0	2615	0	0	0	442	29	13	0	0	0	0	0	2	0	2	0	0	1	0	0
np0108	16	5	308	26	115	0	0	52	0	55	211	21	0	5	834	0	6	0	29	41	16	17	12	27	0	0	63	3	0	79	11	50	37	19	0	0	574	345	5	0	1	884	1236	179	0	753	0	26	324	71	247	106	384	0	149	0	1151	0	135	33	0	0	3	0	0	0	5	163	0	0	0	8655	1002	10	64	0	5	6	0	22	9	13	82	0	462	0	0	53	0	0	0	528	324	4	2	242	1	0	0	0	0	80	342	40	309	105	123	28	0	106	582	17	32	0	30	56	0	639	260	0	11	17	110	209	6	118	69	236	656	2	0	3	0	0	0	69	19	10	4	0	0	74	189	0	200	0	0	3	20	62	2568	366	4	0	14	15	7	84	47	10	70	0	8	0	27	3	44	0	24	0	587	21	121	0	184	5	99	2168	166	0	0	0	82	55	1646	0	0	1	8	0	5	32	188	0	0	11	28	0	0	0	0	477	287	109	0	303	32	416	0	10	0	110	276	0	315	187	0	573	12	0	1592	1072	0	0	0	102	48	2	3	3	1	0	186	0	222	4	2	6	0	18	0	205	16	37	14	7	170	77	20	304	14	60	420	52	23	13	38	183	14	105	35	0	46	24	0	0	53	0	0	0	0	0	0	0	0	0	0	0	1389	0	0	0	0	0	0	117	132	3	130	130	1294	0	0	510	0	0	352	0	0	247	57	43	2	112	0	37	19	25	36	4	0	89	0	8	0	0	3331	306	0	0	13	0	768	24	0	124	21	0	241	0	20	0	0	0	0	0	0	213	0	0	0	0	0	0	33	1078	0	57	0	0	290	15	153	20	0	259	0	288	0	7	459	0	0	11	22	0	0	0	0	0	0	0	0	0	0	0	0	0	6309	0	0	0	0	225	72	71	74	61	0	0	643	0	0	0	0	0	2183	49	39	75	8	17	658	46	454	8	41	4	0	0	0	186	499	91	0	0	0	0	55	3	21	29	0	168	3	0	45	26	0	54	9	18	732	109	53	275	602	21	0	52	9	129	0	421	467	8	1018	28	13	5	162	179	24	282	222	0	0	472	7	629	1562	2128	0	0	46	241	0	40	80	19	0	164	0	391	122	336	0	0	18	47	26	49	63	0	0	272	162	163	0	429	5	0	0	0	1162	0	0	636	44	0	570	125	0	0	135	69	1320	63	991	643	0	6524	113	1590	514	1804	1728	334	0	0	1702	702	78	402	49	32	1	154	35	5	0	0	0	783	0	118	94	28	75	568	12	0	0	0	3	0	2	4	0	35	1537	231	0	71	75	77	58	165	45	11	114	11	285	80	32	0	488	50	41	12	4	4	1	0	0	499	0	4	120	7	13	0	7	276	0	301	0	0	8	0	0
np0115	0	0	0	0	7	0	1	5	2	9	47	0	9	3	759	845	1	4	5	5	0	4	0	8	0	5	11	0	17	7	17	23	23	13	0	0	180	6	10	0	3	72	90	26	0	262	0	12	44	35	11	9	49	8	0	3	412	12	5	10	4	2	5	16	11	37	1	753	0	2	3	13	141	5	7	0	0	0	37	6	4	2	54	3	0	1	0	104	7	13	35	0	139	0	0	4	6	5	0	8	0	8	154	13	86	28	29	19	0	32	137	0	0	7	9	0	19	172	99	35	0	7	0	9	5	19	24	26	60	0	1	0	11	19	49	47	54	1	59	22	159	6	19	4	30	42	10	6	7	30	1	66	87	27	26	11	3	0	6	7	0	0	6	6	15	3	5	0	2	2	12	4	21	10	10	16	10	260	8	3	68	19	0	16	264	0	8	1	0	0	0	10	7	0	19	2	4	5	10	1	11	55	183	0	3	129	24	40	15	0	8	74	38	5	63	0	0	365	12	9	418	124	0	0	12	52	17	2	2	0	9	0	51	5	8	6	0	0	0	0	0	75	0	4	0	1	16	32	4	66	0	0	81	54	3	0	94	161	5	20	3	0	4	9	6	0	6	18	22	10	20	15	14	11	25	0	10	3	0	7	11	3	4	6	3	0	0	23	0	0	8	8	5	147	64	0	0	70	12	20	63	3	4	7	0	5	0	0	0	4	15	26	10	104	8	0	44	0	1	17	18	1	16	3	4	0	0	7	51	0	0	0	0	0	5	33	18	3	14	10	101	1350	33	0	16	22	255	0	21	3	1	0	0	4	3	9	0	12	12	13	92	25	166	0	0	32	13	9	30	1647	124	11	11	10	1	3	0	7	91	0	17	27	12	21	15	156	0	55	0	361	0	4	61	20	8	79	375	48	0	25	0	0	103	0	141	13	0	0	381	42	7	19	109	39	0	5	0	7	0	2	3	0	0	0	2	0	26	9	0	5	0	6	7	0	1	11	10	8	2	8	4	24	0	9	224	53	28	3	7	6	25	9	30	68	3	47	85	9	38	23	695	308	244	72	0	14	8	0	9	9	5	4	16	241	153	367	28	3	0	2	0	0	16	6	8	34	36	30	16	67	0	37	37	29	0	0	0	0	4	0	0	145	53	26	130	318	122	0	609	65	0	1656	40	55	115	450	48	0	0	0	124	1368	46	21	0	0	0	7	15	5	8	0	10	29	0	22	58	11	12	20	0	0	0	0	0	0	0	5	57	123	106	8	6	11	9	16	1	12	17	15	14	5	121	16	7	4	67	3	23	1	10	13	8	2	1	99	0	7	0	12	0	4	0	40	3	23	28	12	4	7	0
np0119	0	0	0	0	0	0	13	0	0	0	23	5	0	9	3	0	0	0	10	12	0	0	0	0	0	0	15	10	0	0	0	0	0	17	0	0	80	0	32	0	0	64	89	7	0	29	0	1	8	0	3	0	0	0	0	14	173	0	0	0	0	0	0	0	0	0	0	111	0	0	0	4	5	0	0	0	0	0	0	0	0	0	0	0	0	0	0	0	0	0	0	0	11	0	0	12	0	0	0	0	0	0	219	0	155	6	16	2	0	1	3	0	3	0	0	0	0	13	0	0	0	0	0	0	0	0	8	10	4	0	0	0	0	0	0	0	17	0	24	0	0	0	0	0	0	0	0	0	0	0	0	0	0	0	0	0	17	0	27	3	0	0	0	0	3	2	0	0	2	0	0	0	25	0	0	0	0	39	0	0	0	0	0	55	31	0	0	45	0	0	0	1	2	0	0	0	0	0	0	0	0	0	0	0	0	5	0	15	0	0	0	0	0	0	0	0	0	13	0	0	0	0	0	0	0	15	0	0	0	0	10	0	26	0	3	0	0	0	0	0	0	59	0	0	0	0	0	0	0	66	0	0	0	0	0	0	0	8	0	3	3	0	0	0	0	0	0	0	0	0	0	0	0	0	0	0	0	0	0	0	0	0	0	0	0	1	0	0	0	0	0	0	0	0	0	7	0	0	0	20	4	2	0	0	0	0	5	0	0	0	0	0	0	0	0	0	0	0	0	0	0	0	10	1	0	9	12	0	18	0	0	0	0	0	0	12	0	28	0	0	0	0	0	0	0	228	0	21	0	0	62	0	35	0	0	111	0	83	0	1	61	0	0	0	0	0	0	0	0	0	0	0	0	0	0	0	0	0	192	0	0	0	0	14	0	0	0	0	0	0	0	0	0	0	0	0	0	7	0	1	0	0	19	6	17	0	3	0	0	0	0	7	22	0	0	0	0	0	0	0	0	0	0	0	0	0	0	0	0	0	0	0	0	0	3	6	0	0	0	2	0	5	0	6	0	0	0	0	0	0	1	0	0	1	0	0	0	0	0	52	12	1434	0	0	0	0	0	6	7	0	0	0	0	0	0	0	0	0	0	0	0	0	0	0	0	0	0	0	0	0	0	0	0	0	0	0	0	0	0	0	0	0	0	0	150	0	30	0	115	12	0	342	4	45	3	36	47	0	0	0	59	0	0	108	0	0	0	0	0	0	0	0	0	1	7	0	19	0	3	6	0	0	0	0	0	0	227	0	0	0	83	2	0	0	0	0	2	6	0	0	0	0	4	2	2	0	7	0	0	0	0	0	0	0	0	0	0	0	0	0	0	0	0	0	0	0	0	0	0	0	0
np0122	4	0	0	0	0	8	0	2	2	24	30	0	0	0	41	12	5	6	0	0	0	0	4	0	4	3	0	18	87	8	9	9	47	0	15	7	609	7	7	29	7	89	258	39	46	272	0	10	106	179	17	55	307	11	0	0	57	0	4	5	8	5	0	0	0	0	4	139	0	0	1	0	23	0	0	0	0	0	0	6	0	0	0	0	7	5	69	36	24	1	12	0	471	0	0	0	0	0	0	0	1	3	141	15	63	18	75	66	0	18	92	0	0	8	0	0	3	20	8	99	0	0	0	0	8	31	30	0	0	6	12	0	5	10	0	9	21	1	11	3	8	0	0	3	106	110	3	27	7	16	0	200	1	9	4	2	16	0	0	4	0	51	26	3	10	0	11	0	3	7	30	3	59	14	0	1	4	427	2	13	166	24	0	6	206	0	7	0	14	11	0	0	2	0	0	0	1	0	0	10	0	11	7	0	3	16	6	0	0	0	0	0	10	6	19	5	27	1684	68	25	90	103	0	0	9	94	2	1	2	0	26	0	25	0	4	2	110	35	16	0	0	69	0	16	3	3	0	0	6	69	0	0	15	12	7	0	118	195	0	4	10	1	19	4	4	0	0	11	3	11	0	5	1	0	14	0	9	0	0	10	9	2	0	2	3	0	0	6	0	0	8	6	7	30	8	3	0	73	0	5	43	23	0	5	4	18	24	0	0	6	1741	4422	0	1982	22	980	125	0	2	6	4	0	0	0	15	3	0	0	177	34	6	10	29	2	5	78	51	14	38	8	2	347	2	0	0	5	20	0	3	0	0	0	0	0	1	3	0	5	16	0	88	16	31	0	0	14	0	2	95	459	462	0	10	0	0	0	0	16	303	0	110	26	75	13	0	7	0	18	4	0	0	0	3	7	4	17	50	58	36	1	0	0	31	0	175	38	46	14	467	7	3	6	44	6	0	0	0	1	0	0	6	0	4	0	73	0	3	2	13	42	5	12	38	3	10	0	0	1	0	2	0	4	0	3	35	5	8	0	0	13	7	0	17	27	3	14	27	2	0	4	138	52	42	52	2	4	6	0	2	3	3	3	14	37	13	67	0	0	0	1	0	3	18	11	8	56	44	8	11	10	1	47	6	110	1	16	0	0	0	8	0	21	22	12	16	48	178	0	837	33	0	2926	99	210	19	137	0	0	0	0	13	448	496	18	0	0	0	4	0	2	6	0	3	171	0	0	124	73	1	11	0	2	0	0	5	0	0	2	67	120	95	17	1	2	0	8	0	0	6	5	6	0	17	0	0	0	11	0	6	0	1	60	2	0	0	26	3	3	0	0	0	0	0	8	0	5	8	0	0	0	0
np0123	0	0	0	0	2	34	315	0	0	11	159	47	0	3	3134	1	2	0	6	20	18	0	2	0	0	9	1	3	0	0	0	0	0	0	0	0	77	16	0	0	0	8	86	20	0	46	0	3	25	12	0	18	87	0	0	0	120	0	15	0	29	0	0	0	0	0	3	3487	0	0	0	5	26	0	0	86	125	0	0	2	0	0	8	0	6	14	0	0	36	0	0	0	44	0	0	0	10	0	0	1	0	7	49	22	303	873	29	13	16	0	93	0	0	0	0	0	0	142	323	0	0	0	4	26	17	10	29	0	60	0	29	0	0	96	0	19	30	1	0	0	6	2	0	0	77	0	0	311	0	0	0	55	0	0	0	0	0	0	0	0	0	0	3	0	0	2	12	0	4	0	289	0	30	0	9	1	7	210	0	0	0	2662	0	33	337	0	0	0	9	6	20	2	118	26	0	0	0	0	0	0	0	3	2	0	0	44	8	27	0	0	11	0	0	0	5	0	0	242	0	0	180	161	28	0	0	261	0	0	8	0	0	6	4	0	0	7	388	139	89	17	0	294	0	38	5	0	0	2	3	57	0	0	34	52	8	3	50	148	0	92	1	0	3	5	0	0	3	45	0	0	0	0	0	0	0	0	0	0	0	0	0	0	0	29	0	0	0	0	0	0	0	0	0	0	0	0	0	0	0	1	87	0	0	0	0	4	0	0	4	0	28	0	0	129	0	0	0	0	50	25	104	1	0	0	0	0	0	0	0	0	0	0	0	0	0	0	0	0	0	0	0	0	84	0	0	96	0	129	0	0	5	0	0	76	20029	0	0	81	0	0	0	0	0	17	0	119	0	0	0	0	0	0	0	0	0	0	942	0	0	0	0	0	0	0	519	13	0	0	0	0	0	0	0	0	0	157	864	5	4	6	0	0	137	0	141	9	44	16	0	0	0	0	25	5	0	0	0	0	0	0	0	0	6	0	0	9	0	3	0	109	0	3	1	0	34	0	0	0	5	12	0	53	0	0	62	8	13	0	0	0	1	0	0	27	0	0	21	0	0	0	116	67	20	1	0	15	0	2	2	0	4	0	0	61	7	123	0	0	3	0	0	0	0	0	0	3	10	13	0	0	1	0	0	0	59	0	0	0	0	0	0	4	0	0	0	18	20	0	290	4	0	532	9	0	0	82	0	0	0	0	0	57	0	43	0	7	0	25	4	4	0	2	0	56	0	0	74	3	21	9	3	5	0	0	15	0	0	0	0	0	0	30	0	11	0	5	4	0	43	15	5	26	31	19	0	3	2	5	30	34	0	8635	0	3	0	19	0	0	0	0	0	0	0	0	0	0	0	0	4	0	0
np0124	2	2	0	8	13	1	5	11	2	45	45	0	46	8	1198	611	0	0	4	5	0	11	10	2	6	7	5	0	32	7	15	12	25	13	0	7	206	7	8	0	8	63	147	28	4	488	6	15	56	36	11	6	24	5	0	1	433	24	15	3	10	3	10	32	23	23	4	771	17	0	4	14	186	13	28	12	0	4	241	14	3	5	46	13	20	5	1	199	12	23	33	0	178	0	2	6	3	14	4	24	3	9	156	18	100	52	43	29	0	48	206	0	8	2	11	3	45	349	125	67	0	31	0	14	4	32	50	54	112	0	10	0	5	20	51	50	18	0	13	6	63	13	13	6	24	16	4	5	5	20	2	115	221	39	17	14	1	6	16	34	9	5	31	9	17	9	9	2	1	7	106	12	32	10	25	26	15	378	8	6	73	46	0	10	312	0	10	4	1	0	0	13	4	0	10	5	7	4	4	6	6	65	136	0	0	203	35	34	36	1	19	84	25	8	73	0	0	306	6	9	488	172	0	8	6	31	24	2	3	4	51	9	50	3	14	6	31	15	8	0	0	69	0	0	2	0	7	39	6	94	5	6	257	112	13	4	61	99	0	12	29	0	4	7	0	0	16	26	17	13	48	32	40	40	87	22	12	7	4	45	44	8	38	9	12	0	0	27	0	0	43	22	37	679	267	0	1	140	18	19	36	0	0	5	0	8	5	0	2	10	45	51	19	248	25	10	104	0	1	39	13	14	4	4	7	3	4	0	75	15	0	9	6	12	9	57	37	12	32	10	125	595	122	64	30	86	329	1	44	16	1	0	0	6	5	30	2	10	12	75	114	58	54	0	0	58	36	22	81	615	310	59	60	38	22	59	0	42	223	15	39	91	48	29	19	513	10	175	10	372	0	0	36	35	20	119	596	36	10	35	6	0	153	0	235	6	20	9	2972	40	10	25	122	44	8	8	2	14	0	2	8	6	0	1	8	0	116	8	4	20	7	6	10	0	1	19	21	13	0	18	16	70	0	11	425	56	42	10	10	10	32	13	42	141	0	100	172	21	66	85	694	877	651	120	4	42	42	4	11	18	8	10	27	230	163	408	29	8	1	5	2	9	36	26	20	77	128	33	42	108	0	64	35	61	6	12	0	5	21	6	0	227	122	63	199	441	182	0	1260	90	0	3036	34	71	121	649	18	8	3	10	100	2020	64	78	0	0	1	22	27	12	8	4	9	51	0	37	43	11	23	64	3	0	0	0	0	0	0	14	108	214	254	20	9	29	15	36	2	22	40	20	13	35	211	30	25	0	98	8	32	23	130	32	69	3	1	126	0	4	0	5	0	6	2	40	0	26	88	35	2	90	27
np0125	0	8	11	7	1	9	0	99	3	181	174	0	1	74	3484	2	19	75	15	11	0	0	32	7	11	15	51	170	305	68	56	56	688	21	85	27	7740	34	156	433	11	529	2899	432	787	3179	13	16	1767	197	83	39	288	13	0	3	280	11	729	6773	591	133	140	147	532	0	3	10034	487	0	1	18	71	10	5	3	8	1	0	32	14	5	179	33	6	0	2829	386	21	16	47	1	243	0	6	24	23	28	3	62	30	15	831	612	725	61	665	336	0	509	1653	0	96	3	7	2	0	14	9	609	0	5859	136	0	34	340	132	4	4	163	82	36	11	5	0	5	75	307	5315	0	39	0	0	38	117	133	0	180	0	3	0	1220	7	8	11	1	105	28	212	35	0	234	7	5	77	50	104	6	95	81	234	16	832	78	4	2	0	1412	3	18	142	114	0	43	266	4	14	0	319	0	0	841	117	23	1	0	0	12	8	86	4	19	49	0	34	71	96	107	19	0	0	0	0	0	2	0	0	567	24	8	13	48	0	0	9	69	2	63	62	0	48	0	657	1	29	25	316	146	68	3	5	1539	0	4	0	0	0	4	12	174	5	25	98	221	8	113	251	417	12	89	407	69	91	4	22	18	2	320	6	493	167	42	97	46	195	43	4	8	0	118	102	11	25	3	4	0	0	0	0	0	6	21	11	198	52	0	1	19604	0	121	250	24	182	56	74	62	289	128	11	0	6	4	0	8	0	0	0	29	30	48	108	8	62	0	1069	44	45	118	2909	302	66	278	1197	0	114	2773	666	151	813	260	5794	7009	187	34	98	563	14699	27	128	27	29	5	0	9	34	4366	0	1261	1320	6146	14672	5276	0	22	0	1892	5172	35	99	598	410	125	90	96	0	0	0	107	2698	3	91	112	216	77	23	46	8	0	0	0	0	4	41	0	0	34	120	204	30	3	0	0	776	0	155	15	16	23	43	27	7	73	617	176	8	0	80	2	20	10	15	0	72	0	1036	29	40	12	5	269	30	41	14	0	7	3	8	12	0	19	2	85	0	19	609	52	38	7	26	26	10	3	18	382	22	134	509	35	3	54	476	932	790	123	0	8	382	12	6	12	15	66	97	90	23	103	6	0	14	7	1	11	26	115	80	105	141	85	164	5	1	27	0	134	1	30	0	0	18	114	1	1245	12	0	885	441	317	0	7635	555	237	20504	473	155	40	381	0	0	0	0	21	2033	120	693	32	0	0	39	0	0	55	7	12	949	0	47	347	88	7	8	3	55	0	14	88	3	0	71	1161	747	1340	609	0	6	2	390	13	145	225	116	142	134	1467	284	16	2	1796	13	55	5	123	18	94	0	1	14	2	2	0	0	0	0	43	24	3	33	21	10	9	0	0
np0126	0	0	0	0	32	11	0	0	0	15	47	7	0	4	73	1	6	0	2	16	4	3	5	2	0	2	1	3	9	0	0	21	0	0	2	0	28	10	0	0	0	26	265	102	0	52	7	25	37	6	5	2	41	0	0	0	78	0	17	4	18	0	0	0	0	0	1	336	0	0	0	14	327	0	1	11	3	0	0	7397	62	51	2561	0	0	82	0	0	86	3	5	0	70	0	0	0	96	0	0	8	0	27	1341	8	75	1406	233	310	0	66	864	0	0	0	3	2	0	36	2790	0	47	0	9	62	3	47	302	7	156	1	3	5	0	11	3	17	6	0	0	0	6	2	9	0	1	0	3	20	6	0	0	39	0	0	0	0	0	0	0	0	0	0	2	0	3	51	10	5	17	0	3202	25	7	0	14	11	7	762	0	0	0	53	0	0	910	0	0	0	46	11	1	15	35	0	0	14	20	0	0	13	8	185	70	17	6	51	18	35	0	0	46	1	0	0	205	0	0	1029	0	0	1550	1141	0	0	0	627	10	1	0	2	51	321	73	0	0	70	4	2	0	11	4	80	0	22	24	3	39	26	16	314	0	0	24	57	4	1	78	98	0	33	2	0	18	40	0	0	66	145	0	0	0	0	0	0	0	0	0	0	0	0	0	0	0	25	0	0	0	0	0	0	0	0	0	0	0	0	0	0	0	49	126	0	0	2	0	12	0	0	96	0	172	0	0	889	0	0	0	0	118	29	290	6	0	0	0	0	0	0	4	0	0	0	0	0	0	3	0	2	0	0	0	0	65	0	0	1869	0	1972	0	0	38	0	0	1413	1072	0	0	50	0	2	6	150	0	6	0	2306	0	0	0	0	0	0	0	0	0	0	632	0	0	0	0	0	0	38	0	6	8	22	0	0	31	0	0	0	0	262	3000	15	9	22	11	0	350	0	525	35	143	58	0	0	0	10	73	23	0	0	0	0	0	1	6	40	12	0	0	0	0	18	0	16	0	6	0	0	4	68	15	1	13	16	36	38	0	0	93	43	16	0	14	0	9	0	0	32	0	0	93	0	0	5	366	175	43	32	0	32	0	18	33	0	6	0	0	141	87	288	11	0	27	0	0	0	0	0	0	11	14	6	0	26	96	5	0	1	60	0	0	0	6	0	0	22	0	13	0	56	56	0	330	11	0	887	319	0	23	724	0	0	0	0	14	398	6	1539	0	18	3	68	9	4	0	10	0	69	0	0	37	4	53	39	1	26	13	0	0	237	5	0	0	0	0	143	0	19	12	25	26	11	261	36	95	146	93	100	0	0	79	54	220	32	1	407	0	1	0	25	0	6	0	0	0	0	2	0	0	0	0	0	1	0	0
np0128	0	2	38	6	87	32	1622	10	0	0	488	360	0	85	2894	3	21	0	38	44	62	10	29	29	0	5	67	0	0	9	6	32	0	85	0	0	1791	32	180	0	0	558	1520	270	36	2766	0	71	773	167	355	38	441	0	0	3058	9904	0	8	33	0	0	0	0	0	0	0	3126	0	0	0	1596	505	0	0	0	0	0	0	30	3	5	61	0	0	0	0	6	0	0	0	79	781	40	9	337	0	0	0	0	41	0	1288	61	3002	381	294	212	0	110	959	47	214	13	21	3	0	6979	300	0	0	0	24	379	4	42	143	443	1128	32	22	32	0	0	0	28	580	8	1393	0	8	22	66	0	0	0	0	0	0	85	21	16	121	0	141	0	161	75	0	17	10	3	4	0	69	82	83	0	8	0	188	0	339	0	236	1	0	883	22	21	0	0	84	277	1378	0	0	957	4	0	3	47	47	0	0	12	0	0	0	0	0	314	45	0	0	140	12	998	0	0	3	300	0	0	274	0	46	1138	35	0	896	260	0	0	0	532	4	0	38	0	264	0	221	99	103	45	0	0	0	0	0	684	70	35	3	0	6	26	28	1119	0	0	586	38	0	0	19	696	8	76	71	0	53	26	0	0	43	0	0	0	0	0	0	0	0	0	0	0	0	0	0	0	0	0	0	16	16	0	20	21	8	0	0	0	0	515	102	0	0	381	32	58	11	32	0	21	39	4	0	0	0	8	0	6	0	0	14	213	21	0	0	0	674	0	0	255	330	0	846	0	39	0	0	0	0	212	17	1062	0	0	0	0	0	0	0	805	0	54	0	0	226	3	134	0	0	275	0	166	0	0	361	8	0	0	0	0	0	0	0	0	0	0	0	0	0	0	0	0	2718	0	0	0	0	206	181	69	7	2721	0	0	1638	0	0	0	0	122	0	50	0	120	13	17	9104	782	285	12	62	31	0	0	0	469	1096	77	0	0	0	0	0	10	68	4	0	3	3	0	0	4	0	2	0	10	35	7	13	145	0	12	12	12	29	327	0	598	245	52	29	24	18	0	203	0	19	836	27	8	0	0	0	2223	1280	3621	0	0	0	36	0	90	177	0	0	0	0	9	3	0	0	0	87	0	0	29	31	0	0	32	1	80	0	0	62	0	0	10	0	0	11	144	86	0	0	18	0	0	8236	0	1585	110	3129	437	0	11933	684	2784	346	2681	4780	0	0	0	4524	340	85	803	0	19	0	30	247	0	0	0	0	705	0	0	247	67	28	210	5	0	0	0	14	0	1311	2	0	23	4717	260	0	116	59	1	18	47	4	4	0	0	34	28	191	0	350	0	0	0	0	0	0	0	0	96	7	0	125	0	0	0	11	77	0	0	0	0	36	0	0
np0133	0	0	0	28	20	0	0	0	208	102	88	0	0	6	140	0	3	0	20	106	14	2	0	20	9	4	12	260	30	22	0	253	0	0	6	15	696	34	0	0	0	1228	826	4	0	1668	4	23	211	5	0	22	120	0	0	0	975	0	69	0	64	0	0	0	0	0	0	942	0	0	1	1263	279	19	16	0	1	22	2	10	2	3	45	0	0	0	0	198	64	1	0	0	445	138	22	383	0	376	0	0	6	19	63	4	148	39	64	26	0	30	268	0	0	5	9	8	0	194	74	0	0	0	0	14	9	22	21	50	37	0	0	0	0	0	0	0	3	0	0	0	0	8	29	0	0	0	41	4	37	26	0	11	0	0	0	0	5	0	39	14	0	0	0	0	15	32	31	8	1	0	261	38	24	0	65	18	0	197	0	0	0	0	0	46	390	0	0	0	0	0	0	17	33	0	0	2	0	5	0	0	0	130	17	14	8	90	9	50	1	0	0	605	218	0	56	0	0	348	0	0	781	202	0	0	0	48	7	39	10	0	0	0	65	0	0	15	44	8	6	0	6	472	0	39	4	1	8	82	4	10	0	0	41	166	7	63	21	392	7	46	293	0	5	1	0	0	6	0	0	0	0	0	0	0	0	0	0	0	0	0	0	0	0	0	0	0	0	0	0	0	0	0	0	220	0	0	0	0	0	1	56	0	1	2	61	31	7	79	0	0	51	146	0	0	0	66	0	0	0	0	13	0	0	24	0	0	0	0	0	0	0	0	0	0	0	350	140	0	173	0	0	0	1	0	25	34	0	0	0	0	0	0	0	0	0	0	0	24	0	0	20	61	0	130	2	12	0	0	0	0	0	0	0	0	0	0	25	0	0	0	0	0	0	43	0	410	0	0	0	0	101	0	0	0	0	748	733	66	0	15	7	0	161	0	96	13	7	15	0	27	98	58	1429	182	0	29	0	19	0	3	0	0	0	0	0	0	0	0	0	143	0	42	0	0	1	0	16	6	0	40	34	188	33	0	572	313	437	37	149	7	33	112	45	824	0	0	384	0	0	0	1552	476	403	27	0	6	0	0	2	0	0	0	0	702	300	787	0	85	10	14	3	19	201	0	0	226	157	86	0	0	0	4	0	0	0	0	21	0	208	0	0	145	0	0	0	335	861	0	6792	10	0	3615	71	0	356	1524	97	0	95	2	236	781	147	229	0	0	0	22	0	0	0	52	23	316	0	7	45	5	20	0	4	0	0	0	0	0	2	0	0	36	1623	8	0	16	9	205	1	0	0	0	11	35	80	26	6	2	366	4	0	124	20	0	0	0	0	183	29	48	0	0	0	0	0	159	0	37	23	31	15	0	0
np0136	5	0	6	12	2	0	1	0	0	30	50	0	12	7	45	0	6	2	0	7	0	6	0	50	17	0	7	55	135	15	47	11	48	0	37	23	1430	5	14	26	27	713	473	82	116	662	12	52	443	224	23	13	67	4	8	0	279	19	44	0	15	0	0	19	0	0	8	364	0	1	0	7	56	0	8	0	0	0	0	0	0	0	4	0	50	0	229	1363	30	63	32	0	140	0	0	7	10	6	0	9	2	0	67	3	88	15	69	70	0	43	160	0	8	0	6	3	4	210	34	269	0	0	5	0	18	22	29	1	2	0	0	0	6	17	9	17	179	0	68	15	37	0	43	0	188	173	3	65	28	237	17	351	1	17	10	756	3	5	3	16	0	231	32	0	10	0	19	0	16	9	46	6	125	0	11	0	4	287	59	0	61	12	0	7	176	0	0	10	0	0	0	0	3	0	0	0	2	8	0	18	0	4526	6778	0	15	34	19	34	0	0	0	0	133	21	22	27	34	1575	65	27	2030	331	0	80	103	451	54	14	2	0	26	6	29	0	6	3	1	0	0	0	0	167	0	10	2	2	8	11	9	155	4	15	68	109	0	2	53	43	6	19	49	0	5	1	0	0	0	0	20	7	55	38	27	20	0	17	18	0	0	0	0	0	0	16	13	0	3	16	0	3	13	20	14	250	87	0	0	498	0	22	37	103	20	8	6	18	6	0	0	3	19	15	0	63	1	0	29	7	26	67	76	19	12	0	5	6	9	0	84	10	0	14	12	0	0	45	13	14	28	14	510	1748	297	0	137	381	1152	5	392	2	1	0	0	11	1	76	22	55	81	334	1279	364	148	3	0	570	38	4	393	1659	1711	45	60	46	7	20	0	91	488	0	128	82	157	17	0	9	1	0	0	0	1	0	0	18	13	35	194	138	43	10	0	0	37	0	321	0	29	7	64	908	231	34	485	47	216	5	20	73	0	0	0	1	0	0	254	7	10	3	21	35	10	14	14	0	3	1	0	3	0	5	4	17	0	8	109	25	17	6	1	151	39	5	67	55	5	90	110	23	0	46	643	383	202	159	0	15	33	11	0	0	20	21	21	139	76	178	16	0	0	1	0	34	53	0	0	109	155	48	0	132	3	73	62	126	0	7	0	0	4	290	0	81	53	22	195	198	398	0	1180	56	16	2117	56	106	36	347	12	0	0	0	47	613	34	22	0	0	2	0	0	3	0	0	9	197	0	15	107	37	0	35	1	13	0	0	3	0	4	32	418	220	633	15	8	7	4	19	2	0	16	6	7	17	74	10	3	0	48	0	9	9	24	295	98	0	0	12	0	3	0	0	0	0	17	88	5	221	217	189	3	29	11
np0137	1	2	1	21	28	0	4	2	6	65	202	20	11	18	1878	1155	0	5	8	17	5	11	23	31	10	7	19	0	22	5	23	54	65	31	9	4	341	3	15	8	11	105	267	84	32	1031	12	43	115	100	23	22	82	23	0	6	1934	93	16	22	51	20	17	147	138	236	5	4202	147	0	5	25	357	19	55	5	25	2	181	33	16	26	164	22	14	35	0	320	30	59	97	2	436	6	9	17	8	20	8	34	20	20	868	37	385	127	134	130	0	228	1194	30	26	11	36	12	52	647	254	234	0	107	4	26	12	36	51	59	180	0	0	2	46	22	149	143	109	10	251	23	427	20	57	21	74	69	16	10	24	86	0	221	1175	176	156	23	32	9	14	14	8	4	28	9	70	33	33	3	2	56	339	23	70	41	58	45	23	1493	37	9	231	121	0	28	1521	25	69	3	6	0	0	24	71	9	47	6	14	14	24	4	20	110	236	0	0	240	42	89	31	7	17	201	92	27	287	0	0	1027	24	13	1450	407	15	16	24	176	70	0	11	5	87	13	738	12	45	20	4	3	0	0	0	170	5	27	10	6	13	75	21	452	16	31	132	68	7	0	217	404	16	100	23	0	14	21	8	3	27	68	84	54	123	97	106	58	176	49	31	16	2	108	87	46	145	24	16	0	0	42	0	0	58	17	23	979	374	11	5	325	44	76	186	0	5	13	2	19	15	6	1	71	137	208	121	979	139	32	530	17	11	143	52	39	43	7	28	12	11	45	240	42	22	31	26	5	17	201	79	36	115	28	329	3030	340	158	106	284	988	5	150	45	11	0	0	18	10	110	4	110	133	253	1295	327	345	6	0	370	127	79	237	3437	1052	139	130	91	51	144	0	88	480	28	68	168	96	87	41	340	7	73	0	642	0	0	440	71	30	298	1841	252	41	56	14	7	406	0	472	18	36	15	838	141	73	122	822	315	39	22	9	42	43	9	23	8	0	0	15	0	69	27	3	17	1	14	8	3	2	65	57	15	0	50	11	83	0	28	839	148	65	13	16	15	99	44	142	215	10	219	304	44	126	116	1945	1155	1017	222	5	67	23	18	10	61	5	17	63	672	392	936	44	8	11	9	2	9	40	42	35	110	181	104	84	538	4	237	291	147	15	18	4	9	24	11	1	533	175	61	445	771	512	0	2252	303	36	6838	108	173	231	1600	41	0	3	23	315	6038	147	188	0	10	0	35	16	25	21	7	26	165	0	88	204	46	29	47	2	0	0	0	0	0	2	18	259	629	548	39	18	34	24	90	0	47	64	52	38	40	552	88	14	0	246	29	141	27	347	94	182	10	6	115	7	22	5	8	0	12	7	162	12	113	165	123	4	250	72
np0138	4	0	0	21	1	0	3	3	0	24	26	0	0	7	2064	2322	3	0	0	1	0	0	0	3	9	0	11	0	29	11	0	21	29	0	18	0	429	0	13	10	5	110	237	42	41	385	0	10	66	55	53	14	120	43	0	3	418	24	13	2	13	4	37	50	17	76	0	1432	0	0	0	0	34	0	0	3	0	4	4	0	0	3	8	0	20	4	9	191	9	11	17	0	76	0	0	3	1	0	0	11	0	0	114	13	55	27	28	50	0	15	92	0	0	0	0	0	23	137	96	82	0	0	0	0	5	11	18	2	9	0	0	0	21	237	17	104	115	13	669	69	56	0	5	12	742	775	2	36	6	23	7	339	18	23	14	10	14	5	6	3	0	5	33	7	8	2	13	0	8	8	26	6	37	18	8	7	1	475	6	5	92	15	0	4	177	6	9	0	0	0	0	0	4	0	0	0	0	0	5	10	0	46	69	0	5	12	0	10	3	0	7	18	24	0	24	7	17	593	22	12	310	113	0	7	13	71	12	0	0	0	17	8	45	0	4	1	393	132	79	0	0	55	0	5	0	0	0	2	1	121	0	11	107	82	30	8	97	169	0	5	15	0	11	0	2	2	0	25	29	16	16	11	18	12	24	13	6	0	0	21	15	0	0	2	2	0	0	18	0	0	0	7	6	80	34	0	0	134	11	13	70	7	8	3	2	7	4	3	0	13	91	212	14	183	18	48	121	0	1	8	5	1	1	0	6	4	6	0	95	0	4	0	12	3	0	45	25	11	38	11	105	3980	46	9	31	43	348	2	33	9	0	0	0	0	2	80	0	43	28	129	325	137	438	0	0	70	82	12	62	5368	345	13	12	7	0	0	0	63	380	0	88	87	83	14	25	75	0	285	12	54	0	0	33	25	22	75	375	30	13	0	0	0	23	0	205	15	16	11	8755	22	8	13	78	17	6	0	1	5	0	3	0	0	1	0	113	13	36	5	5	23	0	18	2	0	3	0	6	3	0	6	3	8	0	6	93	10	10	0	4	5	14	0	26	48	0	65	122	27	9	34	215	328	273	41	0	8	10	5	0	6	0	4	27	129	48	211	30	0	0	0	0	5	12	7	8	46	56	22	19	50	0	43	27	37	2	2	0	0	5	4	0	109	33	34	141	282	94	0	747	62	0	1865	58	94	19	208	12	0	0	0	26	705	30	16	1	0	2	0	28	5	6	0	9	111	0	14	88	9	3	76	0	0	0	0	1	0	1	11	103	317	166	21	2	2	5	7	2	5	4	7	6	11	58	6	0	0	25	0	20	2	33	55	20	9	2	60	5	0	0	0	0	1	1	18	0	9	22	6	2	0	0
np0141	0	0	0	0	0	0	0	0	0	0	172	14	0	2	234	0	0	0	3	0	0	0	3	8	8	5	0	1	3	0	0	96	6	45	0	0	425	0	0	0	1	6	41	7	0	329	13	28	9	13	0	1	30	0	0	0	0	0	5	0	25	0	0	0	0	0	0	61	0	11	3	0	6	0	0	15	20	0	0	4	0	1	34	0	6	0	0	0	25	0	0	0	11	0	0	0	1	2	5	0	0	0	253	2	69	12	46	22	0	27	150	0	0	0	5	0	0	2	0	0	18	10	0	0	0	0	1	0	3	0	0	0	8	1	0	0	0	6	0	0	0	0	0	5	0	0	0	0	0	0	0	0	0	0	0	0	0	0	0	0	0	0	0	0	10	30	61	23	0	0	102	0	86	0	0	0	0	113	0	94	0	0	0	10	296	0	0	0	6	7	0	0	1	0	0	0	0	0	0	0	0	37	49	0	0	36	8	17	0	1	28	5	16	0	23	0	0	637	0	0	211	369	0	0	0	37	2	0	9	1	0	0	10	0	9	6	0	0	0	0	8	200	15	6	5	0	0	1	1	8	0	0	12	5	2	2	352	530	16	49	0	0	7	2	0	0	0	0	0	0	0	0	0	0	0	0	0	0	0	0	0	0	0	0	0	0	0	0	0	0	0	0	0	0	0	0	0	72	0	18	33	0	0	0	0	8	1	3	0	0	152	0	0	379	0	0	0	0	3	5	5	3	0	0	0	0	0	0	0	0	0	0	0	0	0	259	193	0	109	0	0	0	3216	0	1302	385	0	0	8	15	0	1204	2	0	171	0	0	7	0	0	4	1553	0	4	0	483	0	0	0	0	0	0	0	0	0	0	0	0	0	0	0	0	0	17	0	14	0	7	0	0	8	0	0	0	0	297	0	30	0	2	0	0	12	0	33	0	9	0	16647	0	0	48	100	15	0	0	3	0	0	4	6	0	9	0	0	0	0	0	0	0	0	0	0	0	0	7	0	0	0	0	3	19	0	0	152	9	7	0	0	0	10	8	0	0	16	0	5	0	6	0	79	3	8	0	0	4	0	0	0	0	0	0	0	10	2	16	0	0	0	0	0	0	1	0	0	3	2	0	0	8	3	45	0	0	0	0	0	0	0	0	0	5	0	0	4	15	15	0	453	109	14	92	1	0	77	36	14	0	0	0	31	63	1	15	0	0	0	7	0	0	0	0	0	2025	22	37	31	1	0	0	0	0	0	0	0	0	0	0	0	0	0	10	68	2	0	26	0	0	0	0	0	10	11	0	4	0	46	0	0	203	5	1962	0	0	0	2	0	0	0	0	0	0	7	0	0	24	27	0	2	0	0
np0147	0	3	14	10	0	0	0	11	2	17	42	3	5	8	85	0	0	0	4	7	0	5	7	11	7	8	25	0	36	5	7	37	63	0	0	0	225	9	12	0	8	111	232	74	17	337	0	7	60	45	17	20	30	13	0	0	203	11	22	7	0	0	1	6	11	28	0	594	0	0	0	29	129	5	31	0	6	2	67	0	6	2	26	8	0	4	8	397	26	24	63	0	221	7	4	12	15	4	0	13	4	9	120	3	58	23	46	28	0	61	238	0	17	0	8	7	8	244	142	100	0	0	0	0	8	11	16	19	33	0	0	0	6	4	20	40	52	0	25	12	53	0	23	0	114	110	9	5	4	28	0	75	66	22	21	3	0	7	7	5	0	3	15	7	11	0	6	2	0	1	24	16	19	13	17	6	9	350	37	0	40	17	0	6	497	11	20	0	0	0	0	4	6	0	5	0	3	13	0	0	4	112	177	0	0	16	6	0	16	0	0	60	41	6	63	6	0	286	13	0	594	121	0	13	10	57	15	0	5	2	26	5	47	1	10	0	0	0	0	0	1	72	3	8	0	0	7	12	8	134	0	13	104	16	6	2	144	287	3	15	8	0	5	1	0	0	6	19	44	26	44	30	37	17	0	24	7	0	0	0	0	0	0	14	19	0	0	38	0	0	22	26	25	301	129	6	0	305	5	16	47	1	9	9	2	0	4	0	0	26	41	81	16	331	37	5	113	0	0	16	11	2	9	0	18	0	0	0	89	0	0	0	5	3	5	79	20	14	27	7	101	912	22	11	10	27	248	0	12	9	0	0	0	6	1	6	0	2	0	11	31	8	103	1	0	19	2	11	31	1195	186	13	7	7	1	5	0	18	125	5	64	25	38	14	0	182	5	39	6	0	80	3	0	10	11	31	235	66	9	12	6	0	54	0	131	0	10	0	157	71	22	20	182	19	16	0	3	6	0	0	0	0	0	0	4	0	31	6	0	16	0	13	10	0	0	6	0	17	0	10	9	46	0	36	240	49	51	5	10	14	29	5	76	56	9	112	122	24	0	32	1053	494	326	168	0	24	8	12	11	1	11	18	13	324	181	451	39	5	9	0	0	21	43	0	0	88	121	51	0	160	0	61	66	223	5	8	0	8	8	4	0	143	86	39	245	639	363	0	1456	145	0	3177	67	133	77	717	36	0	0	0	80	805	121	0	0	3	0	0	1	0	0	0	6	40	0	27	47	7	19	44	6	0	0	0	0	0	0	10	244	151	421	3	15	11	14	35	1	10	24	20	17	14	169	7	15	0	66	0	28	0	15	24	9	4	0	48	5	3	0	6	0	4	1	29	0	27	48	27	4	15	2
np0149	0	0	0	0	0	0	0	7	0	0	0	0	1	0	527	0	7	0	0	0	0	39	16	0	0	0	0	0	0	3	0	0	5	2	0	0	5	183	0	0	0	1	0	0	0	0	229	1015	0	0	0	3	0	0	0	0	9	0	0	0	0	0	0	0	0	0	20	113	0	0	58	0	449	0	0	0	46	141	0	172	275	0	221	0	0	0	0	5	0	0	1	0	9	0	24	0	0	0	0	0	6	0	1066	86	965	22	273	0	1276	0	5538	0	22	0	87	0	0	0	0	0	0	0	0	0	2	0	0	0	0	0	0	0	0	0	0	0	0	0	0	0	0	0	0	0	0	0	0	0	0	0	0	0	0	0	0	0	0	0	0	0	0	0	0	0	0	5	0	0	6	0	515	139	107	0	73	0	0	531	0	0	0	0	0	1	1877	0	0	0	0	0	0	51	11	0	0	17	0	0	0	0	0	260	89	0	18	160	47	23	0	0	5	4	0	0	127	0	0	963	0	0	739	1105	0	0	0	93	45	0	0	1	0	0	1474	0	0	4	0	0	0	0	13	10	0	91	20	4	7	35	14	163	21	0	238	1179	0	0	220	207	0	1210	0	0	3	10	0	0	24	0	0	0	0	0	0	0	0	0	0	0	0	0	0	0	0	0	0	0	0	0	0	0	0	0	0	1	0	0	0	0	0	0	26	0	0	1	0	46	20	0	0	0	0	0	0	0	0	0	0	0	0	0	58	0	7	0	0	0	0	0	0	0	0	0	0	0	0	0	0	0	0	0	0	0	0	0	0	0	0	0	0	0	0	0	0	0	0	0	0	0	0	0	0	0	0	0	0	0	0	0	0	0	0	0	0	0	0	0	1	0	0	0	0	0	0	9	0	135	0	0	0	0	50	0	0	0	0	0	1874	44	0	254	1135	4	405	0	112	0	125	0	0	0	0	0	3884	607	0	0	0	0	0	1	2	0	1	0	0	0	0	0	0	0	0	0	0	0	0	0	0	0	0	141	0	3	0	0	6709	0	14	31	0	1	0	0	15	1396	0	0	0	0	0	0	31183	1	0	1843	0	0	0	0	1	0	0	0	0	23	0	15	0	0	0	0	8117	0	0	0	0	2116	1159	4	0	1	0	0	0	0	0	0	0	0	0	0	0	0	0	0	0	0	15	0	144	0	0	29246	0	0	0	44695	0	0	0	0	0	40944	0	25	0	1	0	68	0	0	0	0	0	9	0	0	3	334	19	0	0	0	6	0	0	0	0	0	0	0	1	0	0	61	163	717	8	0	1798	829	31	37	0	0	0	0	6	0	1782	0	0	0	0	0	0	68	0	92	0	0	0	0	0	15	0	0	0	0	3	0	0
np0156	0	4	12	11	2	0	0	2	0	44	43	0	0	0	4	0	8	44	0	3	0	3	25	1	11	23	7	194	31	41	7	61	97	12	19	1	519	4	16	18	36	887	267	131	209	1271	0	21	434	110	31	14	71	11	0	0	214	11	65	23	80	35	0	0	0	0	1	44	0	0	0	3	67	4	14	0	6	1	0	23	7	0	72	27	0	0	284	329	16	18	82	0	217	0	0	3	3	2	3	7	0	0	117	8	20	13	36	73	0	15	79	0	0	0	4	0	0	60	62	654	0	55	16	0	9	54	19	5	8	0	10	0	24	4	0	0	17	0	6	0	14	0	2	0	42	32	0	43	5	51	0	656	0	13	8	0	3	14	11	6	0	118	9	0	6	6	61	1	16	10	27	8	129	31	0	0	0	394	0	0	11	4	0	9	268	0	13	0	0	0	0	62	0	3	0	0	0	7	11	15	2	17	71	0	0	20	0	8	1	172	0	0	0	0	15	0	0	602	18	20	18	46	0	0	0	55	1	32	5	0	69	0	50	0	0	4	0	0	0	0	13	185	0	1	14	0	0	0	16	24	0	0	2	3	7	11	41	74	0	5	129	12	4	0	7	4	2	0	2	7	4	0	0	0	69	0	190	5	0	24	28	3	3	8	10	7	0	2	7	0	10	7	13	168	63	0	0	260	4	30	54	0	46	23	112	26	200	46	17	0	13	17	5	121	11	2	26	0	12	74	48	17	8	0	17	3	0	16	110	16	0	15	20	0	9	67	30	13	44	20	3	66	6	0	7	3	7	0	4	39	0	0	0	0	1	2	0	3	0	5	14	1	19	0	0	5	2	39	0	111	2	0	0	0	0	0	0	274	629	5	59	343	56	13	0	1	0	14	0	0	0	2	33	1	0	28	151	151	8	5	0	0	17	0	150	15	22	11	1147	83	24	88	720	375	13	22	69	10	42	1	1	0	19	30	674	175	0	4	17	45	67	66	0	0	0	5	4	10	0	5	0	29	0	6	301	67	43	5	6	1	20	5	44	53	0	61	99	5	1	21	697	447	318	59	0	11	20	6	6	14	0	14	152	75	62	113	16	0	0	9	0	7	25	30	37	45	97	53	50	0	0	0	0	85	1	8	0	1	22	14	0	65	17	5	26	41	195	0	1260	72	0	4267	59	126	63	858	0	0	0	0	68	1329	42	18	0	0	0	0	0	0	110	54	126	20	0	5	62	33	3	5	3	4	0	0	1	0	0	7	23	399	71	10	2	5	5	186	3	91	103	128	67	45	608	123	7	0	363	6	10	0	5	0	1	0	0	0	0	0	0	0	0	0	0	52	0	75	96	41	8	0	0
np0159	0	0	1	0	0	0	0	0	0	1	2	0	0	0	14	0	0	0	0	0	0	0	0	0	0	1	2	0	0	1	0	0	0	0	0	0	11	6	0	0	0	15	13	2	0	22	0	0	10	0	10	0	5	0	0	0	29	0	0	0	0	0	0	0	0	0	0	2	0	0	0	45	4	0	1	0	0	0	0	2	0	0	0	0	8	0	0	0	0	0	0	9	0	0	0	1	0	0	0	0	0	0	6	3	13	7	5	2	0	0	7	0	0	0	0	0	0	32	0	0	0	0	1	2	0	0	0	4	8	2	4	0	0	0	0	0	0	0	0	0	0	0	0	0	27	0	0	0	0	2	11	13	0	0	0	0	0	1	0	0	0	0	0	0	0	0	0	0	1	0	2	0	0	0	0	0	1	24	0	0	0	0	0	4	30	0	0	0	0	0	0	0	1	0	0	0	0	0	0	0	0	35	0	8	0	0	1	0	0	0	0	0	6	0	4	7	0	6	0	0	28	12	0	0	0	0	0	0	0	0	0	0	0	0	0	0	1	2	0	6	0	6	0	0	0	0	1	0	0	6	0	2	15	0	0	0	0	6	0	0	3	1	0	0	0	0	3	0	0	0	0	0	0	0	0	0	0	0	20	0	0	0	0	0	0	7	1	0	4	4	11	0	0	5	0	0	0	0	0	1	0	1	0	0	0	0	0	1	0	0	0	0	0	0	0	0	44	2	0	0	0	0	9	0	0	1	0	0	0	0	0	0	0	0	0	0	0	6	0	0	0	0	0	0	0	7	0	0	0	0	0	0	0	0	0	0	0	1	0	0	6	0	0	0	0	0	0	0	0	0	0	0	0	0	0	0	0	0	180	0	0	0	0	2	3	0	1	2	0	0	3	0	0	0	0	0	37	1	0	0	0	0	15	0	4	1	0	0	0	0	0	0	8	0	0	0	0	0	0	0	0	0	0	0	0	0	0	0	0	0	0	0	4	0	1	0	5	1	0	0	0	0	0	10	0	0	10	0	0	0	0	2	0	3	2	0	0	6	0	17	8	58	0	0	0	0	0	0	0	0	0	4	0	6	0	0	0	0	0	0	0	0	0	0	0	4	0	2	0	0	0	0	0	0	15	0	0	21	0	0	6	5	0	0	1	0	7	0	14	16	0	92	5	33	3	7	8	4	0	0	10	8	0	9	0	0	2	0	0	0	0	0	0	13	0	1	0	0	0	21	0	0	0	0	0	0	0	0	0	0	50	6	0	1	2	0	0	0	0	0	0	0	0	0	1	0	3	0	0	0	0	0	0	0	0	7	0	0	0	0	0	0	0	7	0	0	0	0	0	0	0
np0162	0	0	63	5	13	56	755	13	0	0	517	285	0	31	1522	0	5	0	214	307	53	7	6	3	0	0	33	60	0	7	0	15	0	98	0	0	817	0	103	0	16	1230	1359	87	9	299	3	43	90	32	91	22	86	0	0	580	3009	0	0	6	0	0	0	0	0	0	0	635	0	0	0	244	103	0	7	0	0	0	0	4	3	7	9	0	0	0	0	5	0	0	0	72	519	70	0	114	0	0	0	0	4	0	663	4	789	87	47	40	0	8	130	11	19	6	0	0	0	524	53	0	0	0	4	103	0	20	28	78	212	0	34	88	0	0	0	7	83	0	202	0	0	0	13	0	0	0	0	0	0	30	0	10	2	0	0	0	166	40	99	14	0	0	0	0	20	20	13	0	2	0	63	0	116	0	38	0	0	310	0	2	0	0	7	304	214	0	0	194	0	0	0	7	4	0	0	0	0	0	0	0	0	185	8	0	0	36	0	121	0	0	0	3	0	0	24	0	11	342	0	0	90	16	0	0	0	115	0	0	19	0	68	0	85	22	15	10	0	0	0	0	5	1063	48	6	0	2	0	12	4	278	0	0	64	9	0	0	14	261	0	130	69	0	35	0	0	0	9	0	0	0	0	0	0	0	0	0	0	0	0	0	0	0	0	0	0	45	42	0	66	53	0	0	0	0	0	82	18	0	0	112	0	12	0	3	2	19	25	2	0	0	0	0	0	3	0	0	0	40	0	0	0	0	219	0	0	97	207	0	478	0	22	0	0	0	0	143	0	589	0	0	0	0	0	0	0	373	0	8	0	0	121	3	63	0	0	105	0	73	0	1	156	0	0	0	0	0	0	0	0	0	0	0	0	0	0	0	0	0	1192	0	0	0	0	54	0	7	0	16	0	0	64	0	0	0	0	28	0	26	0	10	0	0	1327	241	85	0	14	8	0	0	0	209	424	39	0	0	0	0	0	2	14	0	0	0	0	0	0	11	0	0	29	13	45	0	20	49	0	5	0	27	4	51	0	135	35	10	0	21	50	0	58	0	0	979	30	0	0	0	0	965	189	8113	0	0	0	9	0	26	28	0	0	0	0	0	2	0	0	0	62	0	0	6	2	0	0	18	5	84	0	0	14	0	0	0	0	0	0	39	32	0	0	0	0	0	2991	0	707	47	2147	89	0	5524	282	930	83	495	686	0	0	0	736	75	45	411	4	0	2	9	72	0	0	0	0	82	0	0	53	25	27	40	0	0	0	0	22	0	1072	1	0	32	1057	96	0	10	4	3	28	62	1	0	0	0	17	26	47	0	127	0	0	0	0	0	0	0	0	0	0	0	7	0	0	0	0	26	0	0	0	0	22	0	0
np0164	0	0	10	0	0	4	34	14	0	0	19	5	0	4	1273	0	3	0	10	10	5	4	3	3	0	3	45	0	0	6	0	18	0	6	0	0	309	0	54	0	0	59	383	88	0	222	0	6	51	33	232	23	48	0	0	405	1320	0	0	0	0	0	0	0	0	0	0	56	0	0	0	364	27	0	1	0	0	0	0	0	0	0	5	0	0	0	0	3	0	0	0	39	169	22	0	77	0	0	0	0	0	0	12	0	210	34	10	8	0	1	11	0	4	0	0	1	0	994	329	0	0	0	0	28	3	11	32	125	459	1	0	8	0	0	0	0	49	0	48	0	0	0	1	0	0	0	0	0	0	4	0	0	165	0	215	0	0	4	35	4	0	0	0	0	7	10	6	3	0	0	92	0	12	0	8	0	0	96	22	0	0	0	10	7	167	0	0	10	1	0	0	1	11	0	0	0	0	0	0	0	0	158	6	0	0	3	0	28	0	0	3	23	0	0	23	0	8	183	5	0	24	7	0	0	0	41	0	0	0	2	49	0	14	9	4	0	0	0	0	0	5	77	24	9	3	1	3	11	0	43	0	0	511	12	3	6	50	3353	0	0	16	0	0	4	0	0	13	0	0	0	0	0	0	0	0	0	0	0	0	0	0	0	0	0	0	8	6	0	5	7	0	0	0	0	0	84	21	0	0	22	0	13	0	3	1	9	16	0	0	0	0	0	0	0	0	0	0	18	0	5	0	0	15	0	0	22	23	0	51	0	0	0	0	0	0	18	0	64	0	0	0	0	0	0	0	2	0	0	0	0	0	0	0	0	0	0	0	0	0	0	5	0	0	0	0	0	0	0	0	0	0	0	0	0	0	0	0	0	78	0	0	0	0	18	227	0	0	8	0	0	23	0	0	0	0	0	0	6	0	3	0	0	90	7	139	4	8	10	0	0	0	26	57	0	0	0	0	0	0	0	4	0	0	0	0	0	0	0	0	0	5	4	216	3	85	19	0	2	0	20	0	24	0	375	29	13	0	0	16	0	10	0	0	498	12	0	0	0	0	257	175	1653	0	0	0	4	0	36	56	0	0	0	0	0	0	2	0	0	66	0	0	8	19	0	0	18	3	52	0	0	17	0	0	0	0	0	0	6	19	0	0	2	0	0	2714	0	1349	48	2450	97	0	5016	413	869	36	386	600	0	0	0	629	103	24	35	0	0	2	0	11	0	0	0	0	16	0	0	51	10	6	2	2	0	0	0	0	0	10	0	0	0	541	0	0	5	3	0	3	14	2	0	2	0	5	3	18	0	39	0	0	1	0	0	0	0	0	0	0	0	3	0	0	0	0	8	0	0	0	0	0	0	0
np0166	0	0	9	0	32	0	0	6	0	2	17	3	0	4	327	0	3	0	0	1	0	2	0	2	0	0	7	0	0	21	0	6	3	9	3	0	44	42	0	0	0	46	76	35	0	26	0	0	16	4	35	6	21	0	0	0	433	0	3	4	0	0	0	0	0	0	0	53	0	0	0	581	28	0	1	0	0	0	0	6	0	1	12	0	70	1	0	1	0	0	0	29	28	0	0	15	0	0	0	0	0	0	133	20	98	38	53	18	0	42	160	8	15	0	0	2	0	120	64	0	0	8	10	34	1	11	26	34	78	0	0	0	0	0	0	23	9	1	3	2	0	12	15	0	29	0	0	0	0	14	417	39	0	0	0	8	4	3	5	0	10	0	0	0	8	0	1	0	6	0	199	0	19	0	15	0	7	392	8	0	0	0	20	3	268	0	0	0	0	0	0	6	3	0	0	0	5	0	0	0	0	132	34	26	0	54	8	43	0	1	0	17	56	0	46	35	0	106	0	0	376	191	0	0	0	9	8	0	0	0	0	0	37	0	29	0	0	0	0	0	0	15	7	6	3	1	16	7	11	77	2	18	54	12	2	0	9	48	3	12	3	0	9	3	0	0	7	0	0	0	0	0	0	0	0	0	0	0	39	0	0	0	0	0	0	3	5	0	0	5	53	0	0	24	0	0	27	0	0	30	9	9	0	15	0	2	0	0	3	0	0	6	0	0	0	0	110	11	0	0	0	0	15	0	0	6	0	0	14	0	0	0	0	0	0	0	0	22	0	0	0	0	0	0	2	432	0	21	0	0	114	9	42	3	0	88	0	125	0	3	169	0	0	0	0	0	0	0	0	0	0	0	0	0	0	0	0	0	377	0	0	0	0	68	76	10	16	5	0	0	73	0	0	0	0	0	786	8	13	7	3	13	132	8	93	2	14	4	0	0	0	2	6	1	0	0	0	0	4	0	10	1	0	14	0	0	3	1	0	3	0	0	73	7	3	25	59	0	0	3	0	6	0	29	35	0	56	0	0	0	14	17	0	26	14	0	0	45	0	66	50	406	0	0	0	15	0	3	5	3	0	12	0	25	6	19	0	0	0	1	3	4	1	0	0	7	13	14	0	60	0	0	0	0	63	0	0	30	0	0	14	5	0	0	8	3	39	0	43	13	0	423	0	66	22	65	51	14	0	0	62	36	4	167	16	4	2	35	2	0	0	0	0	55	0	6	21	4	5	118	1	0	0	0	0	0	2	4	0	5	367	257	0	8	16	4	3	6	2	0	4	0	24	0	0	0	26	0	0	0	0	0	0	0	0	128	0	0	14	0	1	0	2	9	0	12	0	0	1	0	0
np0167	11	4	0	4	16	22	0	0	0	0	138	6	1	22	1112	0	3	0	9	12	0	8	0	4	0	6	16	0	34	30	0	7	0	17	0	0	1392	52	11	0	0	464	502	40	17	641	0	20	36	60	18	4	86	34	0	0	2752	0	11	2	301	0	0	0	0	0	2	147	0	0	0	205	96	0	18	2	8	26	61	38	1	0	34	0	41	42	0	0	9	0	19	12	43	6	0	22	0	14	0	3	0	0	350	34	379	202	250	108	0	46	366	6	26	7	7	0	0	158	0	0	0	11	18	32	10	39	64	54	226	0	13	0	0	1	370	4	0	0	44	0	353	0	24	0	0	0	0	0	87	548	0	45	140	0	0	0	0	4	24	18	0	0	18	2	6	3	30	3	0	0	295	0	77	0	23	0	1	657	19	7	0	0	6	31	231	0	0	0	5	0	0	19	13	0	0	1	1	0	0	0	0	327	0	30	0	42	0	222	3	0	0	806	16	14	152	0	13	548	0	0	1760	431	0	0	0	66	2	0	14	0	0	0	177	0	14	0	4	0	0	0	0	241	0	26	6	3	12	91	16	138	0	0	257	468	4	36	316	569	6	172	0	0	21	18	0	0	52	10	0	0	0	0	0	0	0	0	0	0	0	0	0	0	0	0	0	0	0	0	0	0	133	0	0	66	0	0	24	30	18	31	25	8	2	6	0	3	19	0	0	19	26	0	0	70	0	0	577	9	0	7	31	0	50	0	0	112	101	0	92	0	139	0	0	0	0	0	0	111	0	0	0	0	53	0	0	160	0	10	0	0	6	0	9	0	0	7	0	19	0	0	24	0	0	0	0	0	0	0	0	0	0	0	0	0	42	120	380	0	1153	0	0	0	0	10	0	33	0	0	76	0	14	0	0	0	0	2817	2716	59	9	20	5	1	197	7	447	41	151	9	0	0	0	25	338	249	0	0	0	0	0	1	4	0	0	0	0	0	0	0	0	69	0	8	4	14	0	25	0	3	0	9	0	32	5	198	83	32	38	7	2	0	73	47	7	46	14	0	0	310	0	3384	1312	1227	0	19	0	0	0	28	32	0	0	21	21	213	0	10	136	0	12	0	2	4	0	0	0	125	171	8	0	0	0	0	0	0	0	0	0	346	12	0	0	0	0	0	1112	624	97	0	1809	122	0	7101	114	3763	74	669	603	592	0	0	685	827	7	230	2	0	0	21	31	3	6	9	0	82	0	0	169	31	33	0	3	0	1	0	0	0	0	0	0	0	486	3	0	13	4	54	0	7	1	1	0	0	102	28	7	0	68	0	36	37	43	0	0	1576	3438	16	0	0	2	0	0	0	2	257	0	53	0	0	2	173	63
np0168	31	0	105	40	12	4	0	6	0	161	96	0	22	13	153	144	3	10	0	11	0	6	3	22	38	1	37	94	176	16	56	62	98	23	23	17	1048	10	16	20	24	1045	587	112	136	1131	18	35	237	110	34	51	67	19	40	0	446	53	45	3	61	42	0	43	21	22	1	830	24	0	3	18	175	7	55	4	3	4	33	0	0	0	16	1	116	0	145	1164	49	75	68	3	438	11	0	8	2	11	2	12	0	15	239	9	161	27	90	84	0	28	194	6	0	2	9	10	31	516	94	726	0	18	10	3	10	31	42	10	36	0	6	0	32	52	5	20	41	0	40	3	26	2	30	3	55	59	4	100	9	145	2	1195	18	60	54	114	9	51	48	29	0	127	190	4	24	20	34	1	5	11	121	21	61	20	26	10	4	281	999	6	120	20	0	16	309	14	4	0	7	0	0	7	52	5	5	0	2	24	27	250	4	3124	4370	0	9	75	15	28	19	0	2	4	211	59	214	38	32	2063	48	32	3120	677	64	48	44	481	123	12	4	0	25	0	259	3	7	5	14	2	0	1	0	84	0	5	0	2	30	111	4	223	6	11	222	456	7	8	117	158	17	50	149	0	13	0	8	0	8	60	32	42	80	61	116	69	701	69	84	54	0	347	360	167	457	61	77	3	1	47	0	1	79	152	121	1364	482	0	5	581	37	24	63	44	3	16	14	41	20	3	0	31	44	77	28	344	19	12	153	9	13	182	121	34	24	0	63	16	12	19	175	26	18	24	31	8	3	148	64	28	85	36	566	5148	154	24	83	237	1683	0	191	53	4	4	0	8	1	80	0	85	97	201	1189	318	550	3	0	365	84	44	700	6072	2957	96	118	92	65	142	3	78	1119	30	193	170	267	37	6	48	0	25	0	103	0	0	84	14	18	92	502	215	26	18	0	0	49	0	622	15	13	7	484	666	221	222	1622	750	146	43	5	195	111	5	6	6	0	0	478	40	133	3	51	199	26	51	10	0	3	9	5	19	0	30	6	37	0	12	545	109	42	12	41	19	122	16	153	562	16	424	904	102	18	135	1607	1482	1156	392	3	84	34	21	21	23	53	46	236	246	157	379	36	3	17	12	0	30	103	146	122	240	554	167	261	707	3	217	326	350	0	26	0	1	33	570	2	712	196	108	511	518	1401	14	2188	173	30	5133	71	119	107	893	0	8	0	0	79	4115	168	70	3	0	0	7	1	11	27	5	39	169	0	39	82	40	26	69	8	1	0	0	0	0	0	28	713	515	1172	23	16	18	12	43	2	21	33	12	18	28	260	47	18	4	97	18	91	15	75	558	49	9	4	18	0	2	0	0	0	6	3	516	26	394	252	133	5	190	71
np0169	0	0	0	0	22	0	1	0	0	21	60	12	19	5	63	0	42	0	7	26	0	4	3	7	0	0	6	55	17	0	0	25	0	0	0	0	99	14	0	0	0	72	486	112	0	24	3	5	13	0	6	13	104	0	0	0	40	0	31	7	9	0	1	0	0	0	0	610	0	0	0	13	202	0	2	5	0	0	0	604	26	14	366	0	11	0	0	1	41	8	0	0	61	0	0	0	45	0	0	0	0	8	1177	8	61	1511	274	269	0	64	681	0	0	0	5	0	0	552	31593	0	46	0	50	63	9	163	982	8	274	0	0	0	0	33	1	3	13	0	0	0	4	0	4	1	0	0	0	70	6	0	0	58	0	0	0	0	9	0	4	0	0	0	4	0	5	11	4	0	12	0	133	7	14	0	7	12	4	1942	0	0	0	30	0	3	2571	0	0	0	5	0	2	24	9	0	0	0	8	0	0	9	3	216	15	16	7	43	11	18	1	0	112	0	0	0	75	0	0	327	0	0	495	765	49	0	0	323	7	0	0	2	9	52	218	0	0	27	6	1	0	0	0	53	0	12	11	13	20	15	22	221	3	0	170	295	43	6	127	51	6	23	22	0	10	14	0	0	411	421	0	0	0	0	0	0	0	0	0	0	0	0	0	0	0	23	0	0	0	0	0	0	0	0	0	0	0	0	0	0	0	38	136	0	0	4	6	10	0	2	16	0	197	0	0	927	0	0	0	0	22	3	44	3	0	0	0	0	0	0	0	0	0	0	0	0	0	3	9	0	0	0	0	0	50	0	0	1053	0	1213	0	0	22	0	0	819	2722	0	0	31	0	0	0	134	0	4	0	1712	0	0	0	0	0	0	0	0	0	0	403	0	0	0	0	0	0	9	6	24	8	55	0	0	46	0	0	0	0	156	703	11	13	19	0	3	1260	0	1959	61	285	110	0	0	0	0	39	6	0	0	0	0	0	0	0	787	20	0	0	44	0	18	0	133	2	6	2	0	49	0	1	0	6	12	9	48	0	0	179	28	16	4	9	0	2	0	2	434	0	0	405	0	0	0	276	595	209	20	0	254	0	9	8	0	12	0	0	61	23	110	0	0	36	0	0	0	2	0	0	14	61	53	0	42	94	0	0	9	972	0	0	0	5	0	0	28	3	13	0	79	114	0	1033	7	0	3170	60	0	3	649	0	0	0	0	13	285	5	21	0	8	0	30	19	0	0	10	0	18	0	0	44	60	43	148	0	4	0	61	707	1	11	0	0	0	0	50	0	17	1	15	7	8	53	23	16	79	65	22	0	0	69	9	74	12	0	989	0	0	0	75	0	0	1	0	0	0	0	0	0	0	0	0	0	0	0
np0170	44	0	3	60	3	22	1	3	17	79	497	20	5	42	185	4	21	103	324	329	31	89	237	87	15	183	43	518	162	5	0	798	151	0	41	24	3106	24	35	77	71	1346	2351	260	414	8609	61	165	1768	1152	12	42	192	54	1	0	158	0	250	207	8133	3127	11	0	0	6	124	189	0	6	0	32	151	40	57	81	103	40	5	129	65	37	576	199	6	0	0	1244	142	94	525	0	4194	17	0	59	14	8	8	13	86	26	1044	58	161	130	171	371	0	70	394	11	9	12	93	11	0	19	60	1714	0	1989	0	4	26	278	120	37	50	0	33	0	1	5	0	0	0	11	0	0	2	4	0	0	23	2	1	32	0	8	23	692	6	0	0	0	0	139	17	45	4	347	33	22	29	31	347	18	34	1	594	29	741	111	23	17	0	4456	2	34	14	96	0	100	1531	115	65	2	5	0	0	126	37	0	4	0	3	0	7	254	11	71	43	0	20	230	118	164	104	604	0	4	43	0	65	0	0	1852	34	162	430	288	0	0	33	629	62	398	56	10	521	93	217	8	58	13	19	8	3	0	146	2297	34	134	97	7	45	47	159	183	0	10	36	43	12	44	61	87	62	195	68	45	74	97	2080	1055	19	49	9	19	0	0	3	0	210	0	53	53	4	73	108	6	11	4	2	0	2	0	2	0	2	0	0	18	6	1	0	215	50	125	199	19	76	31	39	224	621	67	43	46	92	89	0	688	99	7	18	0	110	965	401	225	119	4	9	0	0	22	171	33	5	0	8	0	11	134	70	8	57	7	317	931	41	0	48	89	721	11	33	21	9	5	0	16	5	18	0	22	10	26	86	69	121	0	0	55	2	12	13	853	57	12	15	18	0	0	4	2644	437	19	13	2495	60	89	0	50	3	128	0	0	12	0	21	0	0	18	49	340	40	44	0	0	287	0	150	19	15	50	51	1276	418	36	244	65	287	11	1562	260	8	12	10	11	12	196	4029	688	28	1	11	133	71	227	24	0	6	121	16	31	0	41	7	159	6	15	413	202	114	39	97	5	92	14	125	566	15	42	67	7	2	66	4694	720	1093	1548	0	1197	185	64	51	15	49	203	1228	169	69	134	35	0	12	29	21	43	161	82	77	238	461	271	166	4	2	44	0	463	316	39	14	25	219	50	0	223	26	0	135	148	8436	0	7873	1026	0	24572	438	262	787	6588	50	0	0	0	1554	11898	916	1326	10	0	1	65	3	0	357	68	377	96	0	480	312	228	46	20	36	85	9	63	511	0	2	9	191	158	516	33	5	31	29	1636	181	574	1814	750	1543	212	3166	1958	59	5	18487	7	27	3	57	10	32	7	0	9	0	63	6	37	0	0	14	875	16	1771	45	24	25	0	2
np0171	0	5	55	4	0	388	0	90	14	93	105	0	0	17	201	1	4	117	42	26	0	0	10	0	0	5	12	186	24	92	39	59	150	0	88	9	1878	9	13	0	11	1285	932	167	265	1475	4	13	724	43	83	40	64	4	0	0	120	12	124	232	73	25	22	650	0	0	0	7791	0	0	0	0	17	4	6	4	34	5	0	38	16	4	146	9	40	2	3142	903	75	59	7	0	720	0	3	10	72	52	2	58	31	8	149	61	68	21	185	88	207	0	601	0	5	0	4	1	0	29	21	581	0	2407	44	0	11	117	47	4	5	0	225	258	8	8	5	2	10	3	38	0	22	0	3	7	34	40	0	150	0	6	0	623	0	9	15	0	57	97	64	10	0	101	26	13	17	11	19	4	33	14	79	14	274	20	0	0	0	400	0	5	32	17	0	24	108	4	0	2	154	12	0	189	82	26	0	0	0	5	2	51	0	4	26	0	1	20	13	10	6	3	0	0	0	0	0	0	0	195	0	0	24	12	0	0	0	12	0	48	4	1	75	7	177	1	13	6	266	103	79	0	3	577	0	1	0	0	0	0	21	26	0	6	16	31	8	37	48	65	0	11	111	51	16	4	24	9	0	161	0	146	689	355	32	16	224	23	15	3	0	109	108	0	0	6	6	0	2	4	3	0	0	4	5	44	15	0	1	26198	0	17	25	14	46	29	188	22	63	29	4	3	5	0	0	12	1	0	2	3	0	11	16	2	4	0	280	14	10	28	576	70	13	32	226	0	17	506	150	42	131	41	111	331	42	6	33	16	229	1	20	0	2	0	0	0	0	14	4	1	0	36	45	24	24	0	0	40	20	0	9	313	32	8	11	8	0	2	0	92	1081	3	76	93	16	34	5	3	2	0	0	0	0	0	10	0	0	11	102	48	11	1	0	0	10	0	70	7	0	4	30	28	5	27	223	70	0	1	10	1	0	3	4	0	158	1	854	43	0	1	186	127	31	60	62	6	37	0	4	32	0	41	0	15	0	51	1447	69	33	26	11	190	22	2	18	1035	49	361	825	24	0	42	151	393	530	442	0	13	303	70	38	12	0	221	310	21	15	34	5	0	57	75	0	18	71	426	339	679	284	262	552	0	0	7	0	169	5	9	0	0	309	29	0	457	6	0	153	182	1792	0	9193	186	122	26266	270	324	13	171	0	0	0	0	0	615	96	120	0	0	0	29	0	0	224	100	22	134	0	17	183	28	3	1	15	5	0	0	10	2	0	11	189	581	341	60	2	2	6	249	1	112	181	224	161	117	1082	366	62	6	6723	13	39	0	24	0	10	0	0	4	0	0	0	3	0	0	6	38	0	18	30	33	5	7	0
np0176	0	0	0	7	0	1	0	7	0	0	0	1	0	0	87	0	0	0	0	0	0	0	0	0	0	0	0	0	0	3	0	0	6	0	0	0	19	0	0	0	0	0	0	0	0	0	0	3	2	0	0	0	6	0	0	0	5	0	0	0	0	0	0	0	0	0	0	4161	0	0	0	0	72	0	0	0	0	0	0	0	0	0	0	2	0	0	0	1	19	0	0	0	49	0	68	0	0	0	0	0	0	0	2885	2	12	462	13801	469	0	17	55	0	0	0	21	0	0	0	0	2	0	0	0	0	3	0	1	0	0	0	0	4	0	0	0	0	0	0	0	0	0	0	0	0	0	0	0	0	0	0	0	0	0	0	0	0	0	0	0	0	0	0	0	0	0	5	0	0	8	0	446	0	3	0	66	0	0	4	0	0	0	0	0	17	0	0	0	0	23	0	20	0	6	0	0	22	0	0	0	0	0	203	0	0	0	9	5	0	0	0	0	3	0	0	40	0	0	14	0	0	62	4	0	0	0	3	58	0	0	0	0	0	1214	0	0	0	21	9	0	0	26	7	0	3	0	4	10	39	0	3	0	0	9	4	0	0	7	8	0	4	0	2181	0	0	0	0	17	0	0	0	0	0	0	0	0	0	0	0	0	0	0	0	0	0	0	0	0	0	0	0	0	0	0	0	0	0	0	0	0	0	30	0	0	1	0	9	0	0	0	0	0	0	0	0	0	0	0	0	0	0	32	0	10	0	0	0	0	0	0	0	0	0	0	0	0	0	0	0	0	0	0	0	0	0	0	0	0	0	0	0	0	0	0	0	0	0	0	0	0	0	0	0	0	0	0	0	0	0	0	0	0	0	0	0	0	0	3	0	0	0	0	0	0	7	0	2	0	0	0	0	24	0	0	0	0	4	4	0	0	0	0	21	78	0	22	0	9	0	0	0	0	0	0	0	0	0	0	0	0	0	0	0	425	0	0	0	0	0	0	0	0	0	0	0	0	0	0	0	0	0	0	11	0	0	68	0	18	6	0	0	0	0	68	21	0	0	0	0	0	0	160	0	0	1	0	0	0	1	0	0	1	0	0	40	19	65	0	0	0	0	0	18	21	0	0	24	33	14	0	0	0	0	0	0	0	0	0	0	0	0	0	1	0	0	0	0	237	0	3115	0	0	0	0	0	1	643	0	0	0	0	0	17	0	0	0	0	0	6309	0	0	0	0	0	18	0	0	0	0	10	0	0	19	0	0	0	22	23	0	0	0	0	0	0	0	21	23	0	0	0	0	18	0	0	51	0	4	0	0	4	0	0	0	0	0	0	0	0	112	0	0	0	0	0	0	0	0	0	0	1	0	0
np0177	0	0	0	0	1	0	0	0	0	0	86	8	0	1	898	0	0	0	2	3	0	0	0	11	3	15	0	0	6	0	1	124	15	10	0	0	252	0	0	0	0	4	81	3	0	306	9	23	16	29	0	0	34	0	0	0	0	0	7	1	27	0	0	0	0	0	0	66	0	15	2	0	8	0	0	13	32	0	0	2	0	0	24	0	5	0	0	0	23	0	0	0	12	0	0	0	6	0	5	0	0	2	146	5	35	7	38	13	0	20	131	0	0	2	8	1	0	0	0	0	21	5	0	0	0	2	5	0	3	0	0	0	2	0	0	0	7	8	0	0	0	0	1	0	0	0	0	0	0	0	0	0	1	0	0	0	0	0	0	0	0	0	0	0	11	12	48	25	0	0	154	0	40	0	9	0	4	169	2	57	0	0	0	11	264	0	0	0	9	6	0	0	0	0	0	0	0	0	0	0	0	30	26	0	0	28	9	15	0	0	32	5	13	0	9	0	0	423	0	0	127	238	0	0	0	25	0	0	18	0	0	5	8	0	0	10	3	0	0	0	2	250	0	11	3	0	0	0	0	9	0	0	13	6	2	5	399	789	12	29	0	0	3	1	0	0	0	0	0	0	0	0	0	0	0	0	0	0	0	0	0	0	0	0	0	0	0	0	0	0	0	0	0	0	0	0	0	47	0	3	19	0	0	0	0	5	0	0	0	0	118	0	0	240	0	0	0	0	0	2	5	5	0	0	0	0	0	0	4	0	0	0	0	0	0	191	116	0	43	0	0	5	2587	0	1226	349	0	0	9	11	0	1197	2	0	75	0	0	7	0	0	2	1148	0	5	6	472	0	0	0	0	0	0	0	0	0	0	0	0	0	0	0	0	0	12	0	4	0	0	0	0	0	0	0	0	0	363	0	27	0	0	2	0	1	0	22	0	8	0	14253	0	0	33	90	10	0	0	3	0	0	1	3	0	10	0	0	0	0	0	0	0	0	0	0	0	0	5	0	0	0	0	0	22	0	0	256	3	0	0	0	0	6	13	0	3	17	0	7	0	0	0	66	5	11	3	9	0	0	0	0	0	0	0	0	12	0	6	0	0	0	0	0	0	0	0	0	2	6	0	0	6	7	10	0	0	0	3	0	0	4	0	0	13	0	0	0	65	7	0	452	81	15	52	0	0	20	24	13	0	0	0	36	61	0	15	0	0	0	7	0	0	0	0	0	1234	30	12	35	4	0	0	0	0	0	11	10	0	0	0	0	0	0	23	31	1	1	21	0	5	0	0	0	15	8	0	2	0	25	0	2	197	11	971	0	0	0	0	0	0	0	0	0	0	17	0	0	11	4	0	5	0	0
np0179	0	0	0	0	5	0	0	5	0	12	31	8	12	4	1794	746	1	1	4	0	0	4	4	19	2	4	13	0	45	5	9	69	43	31	4	7	260	6	12	0	6	74	220	49	47	448	0	15	52	32	26	8	57	18	0	1	692	20	22	6	8	4	15	25	47	54	1	1234	31	0	0	6	118	4	17	2	2	1	107	11	2	3	24	0	0	1	0	151	11	19	54	0	164	6	3	3	8	5	0	8	7	5	113	12	74	19	44	25	0	62	377	22	16	0	7	4	33	362	147	48	0	13	0	9	7	12	33	25	50	0	0	0	8	11	38	334	204	6	73	17	129	7	18	25	34	46	10	3	15	26	0	125	105	35	36	15	5	6	3	10	0	0	8	3	6	3	7	0	4	8	60	10	47	24	20	24	12	405	18	5	25	14	0	8	273	8	17	5	0	0	0	7	9	2	22	2	8	8	6	0	10	89	217	0	0	50	23	40	8	3	11	76	28	0	60	0	0	402	17	4	528	153	0	13	0	52	26	1	2	0	41	8	70	4	8	4	2	0	2	0	0	77	0	13	6	0	9	12	9	92	5	5	127	117	3	2	189	317	4	8	5	0	2	7	11	0	5	10	20	11	34	25	39	26	53	25	9	2	0	28	29	33	107	12	10	0	0	11	0	0	14	14	4	224	89	0	0	59	10	30	83	2	4	9	0	9	1	3	0	25	46	67	28	359	52	9	164	0	3	28	12	8	12	0	8	5	0	11	56	0	0	12	9	12	2	52	27	8	32	8	127	1169	36	6	18	28	319	3	24	49	6	0	0	1	4	64	0	27	24	100	344	128	133	0	0	76	86	70	34	1442	141	10	17	10	8	17	0	11	82	9	19	18	13	19	23	347	19	168	11	386	0	2	113	36	39	123	661	50	7	29	6	0	71	0	168	5	13	9	939	33	9	16	108	51	5	0	0	7	6	0	5	0	0	0	2	0	39	15	2	11	1	13	5	0	2	17	10	7	0	16	4	22	0	8	241	45	22	0	5	4	13	11	36	61	0	73	140	14	41	82	729	579	461	111	0	15	24	3	5	25	8	12	29	268	180	450	22	5	0	5	0	9	14	20	15	50	78	44	33	68	0	75	35	111	7	7	0	1	11	3	1	251	64	41	235	285	202	0	1304	119	0	3608	40	60	78	755	0	0	0	0	105	2910	77	27	0	0	0	14	25	7	6	0	7	58	0	14	59	0	23	22	1	0	0	0	0	0	0	11	186	383	397	12	6	8	12	15	2	19	35	20	19	22	216	30	7	0	81	5	33	4	19	23	9	8	1	112	5	6	0	3	0	3	2	28	0	17	16	5	0	37	12
np0181	0	0	0	0	2	0	0	0	0	0	996	0	0	3	196	0	24	0	14	22	0	12	21	2	8	0	10	0	0	0	0	26	127	0	0	0	562	0	9	0	0	1128	894	13	0	1092	30	29	111	53	3	7	45	0	0	0	20	0	126	1	0	0	0	0	0	0	3	223	0	0	0	21	79	5	0	0	128	0	0	1	37	56	174	0	7	0	0	80	0	0	0	0	257	17	10	31	80	17	0	0	32	10	201	55	123	30	110	43	0	13	48	0	0	14	25	0	0	0	68	0	0	625	4	0	25	10	28	75	226	0	0	0	0	0	0	0	0	0	7	0	0	0	6	0	13	0	0	0	0	34	0	0	0	0	0	68	0	0	5	6	0	0	0	0	6	0	16	0	4	1135	2437	10	86	0	226	1	109	1732	0	0	0	0	18	24	1880	0	0	0	19	9	0	1157	15	0	0	44	0	0	0	0	1	154	12	0	165	195	124	204	9	8	0	6	18	0	168	0	0	1728	0	27	1653	651	0	0	0	242	15	2	0	8	0	0	43	0	0	4	0	0	0	0	8	621	15	19	2	49	323	28	6	117	9	32	777	204	0	0	20	29	63	1604	143	157	0	0	0	0	59	0	0	0	0	0	0	0	0	0	0	0	5	0	0	0	0	197	233	0	0	0	0	0	0	0	0	0	0	0	0	0	0	15	102	0	0	2	0	2	5	0	0	0	270	0	0	1271	0	0	0	198	0	53	405	26	744	0	0	0	0	0	0	0	0	0	0	0	0	0	0	0	0	0	0	0	0	0	0	6	0	0	0	0	0	0	0	0	0	0	0	0	0	0	0	4	0	0	0	1	0	0	0	0	0	0	0	0	0	0	107	0	0	0	0	0	669	9	0	0	0	3	0	0	9	41	0	0	0	0	290	11	0	74	5	0	302	0	190	5	57	0	0	0	0	0	88	7	0	0	0	0	0	0	0	9	147	0	0	894	0	3	0	0	0	17	0	0	0	9	0	87	0	20	0	119	0	94	59	125	160	5	13	0	107	0	0	34	0	0	234	0	0	0	326	367	90	0	0	16	0	20	588	0	0	44	0	220	137	227	112	0	12	2	1	17	22	0	0	384	29	46	0	232	0	0	145	65	45	0	0	0	11	0	28	142	0	16	3289	137	603	91	924	42	0	1941	27	506	63	448	198	59	0	0	210	95	68	65	0	0	0	19	0	63	608	0	0	388	0	0	165	35	9	0	5	0	0	0	0	215	0	0	0	0	0	0	0	6	5	0	1	0	9	0	30	0	41	27	0	0	163	4	41	0	3	0	0	0	0	0	0	76	0	16	84	0	24	102	83	51	0	0	32	0	0
np0182	0	0	0	0	2	0	0	0	4	0	25	0	0	6	492	0	0	9	0	26	0	1	2	4	2	0	0	8	0	0	1	31	3	0	0	0	57	8	0	0	0	2	20	3	0	72	0	6	10	13	8	3	57	0	0	0	681	0	0	0	13	0	0	0	0	0	0	295	0	0	0	0	15	0	0	3	0	6	0	0	0	0	8	0	18	0	0	1	13	0	0	0	99	0	11	0	1	2	0	1	30	0	46	9	54	45	12	21	0	6	106	0	0	0	3	0	0	0	6	0	3	0	0	0	6	0	11	4	0	0	0	0	0	0	39	0	0	0	0	104	0	0	2	0	257	0	0	4	5	5	0	3	27	0	25	6	1	0	1	1	0	0	0	0	3	4	5	3	2	0	18	0	13	0	29	0	0	73	0	5	0	0	0	10	124	0	0	0	23	10	0	0	6	0	0	3	0	0	0	0	4	13	14	0	0	6	0	8	9	2	0	54	124	0	8	0	0	91	0	0	182	48	0	0	0	17	19	5	0	8	11	10	8	0	0	3	0	0	0	0	8	39	0	4	4	63	2	17	0	30	0	0	17	23	0	0	8	25	0	7	0	0	6	1	0	0	11	335	0	0	0	0	0	0	0	54	0	0	0	0	0	0	0	0	0	0	0	57	0	0	0	0	0	0	0	0	0	0	19	13	42	0	0	0	0	7	0	2	0	1	347	228	0	791	0	0	0	0	0	1	23	0	8	0	0	0	0	0	2	0	0	49	0	4	0	26	0	0	0	0	0	452	6	0	57	65	0	0	0	0	0	0	0	0	23	0	0	0	0	0	166	173	0	43	0	5	0	0	0	0	0	0	0	0	0	0	0	0	0	0	0	0	0	10	0	34	0	38	0	0	21	0	0	30	0	121	19	6	0	0	0	5	66	0	26	0	15	0	118	0	2	18	146	0	0	1	22	0	0	1	0	0	0	0	0	0	0	0	0	0	0	3	0	0	12	0	0	4	0	3	2	31	0	0	107	5	40	1	0	0	0	0	7	58	0	175	65	0	50	0	160	101	3	6	0	6	0	0	570	0	5	0	28	40	0	60	0	5	0	0	0	6	21	0	0	19	15	9	0	0	0	0	0	0	0	1	5	0	6	0	0	41	0	0	118	370	147	0	483	571	0	800	7	0	31	631	0	0	43	6	103	240	3	44	0	0	4	0	21	0	0	0	0	13	0	0	46	2	7	0	0	0	0	0	0	45	0	0	0	376	0	1	0	2	2	18	0	1	0	17	3	4	38	15	0	0	20	0	13	3	44	155	0	88	0	0	0	37	0	0	7	0	0	112	80	38	0	0	2	0	0
np0191	0	0	29	0	0	18	408	15	0	0	91	73	0	4	2691	0	1	0	77	125	4	2	13	2	0	2	38	0	0	15	9	0	0	0	0	0	278	6	78	0	2	211	862	52	0	224	0	16	28	25	158	85	321	0	0	2245	990	0	13	2	0	0	0	0	0	0	0	42	0	0	0	148	44	0	1	0	0	0	0	5	0	0	1	0	0	0	0	8	0	0	0	50	264	23	0	46	0	0	0	0	3	3	38	0	207	69	23	19	0	2	75	0	3	0	4	0	0	575	144	0	0	0	0	28	0	12	28	77	320	26	39	0	0	0	0	0	31	0	8	0	0	0	4	0	0	0	0	0	0	2	0	0	18	0	22	0	3	48	69	10	0	0	0	0	7	17	7	0	0	0	68	0	32	0	10	0	0	173	44	0	0	0	13	21	216	0	0	4	71	0	1	1	12	0	0	2	0	0	0	0	0	148	0	0	0	3	0	30	0	0	15	26	0	0	17	0	14	334	6	0	121	21	0	0	0	184	0	0	17	0	53	0	12	3	4	2	0	0	0	0	6	274	63	12	3	1	8	15	4	64	0	0	797	10	0	0	25	1168	0	28	6	0	11	1	0	0	6	0	0	0	0	0	0	0	0	0	0	0	0	0	0	0	0	0	0	150	151	0	143	138	0	0	0	0	0	160	43	0	0	24	0	21	0	2	1	23	25	0	0	0	0	8	0	0	0	0	0	25	0	14	0	2	55	0	0	32	59	0	109	0	13	0	0	0	0	40	0	177	0	0	0	0	0	0	0	9	0	0	0	0	2	0	0	0	1	3	0	4	0	0	3	0	0	0	0	1	0	0	0	0	0	0	0	0	0	0	0	0	231	0	0	0	0	22	725	0	0	2952	0	0	149	0	0	0	0	0	0	3	0	8	0	0	84	3	105	0	20	9	0	0	0	37	88	0	0	2	0	0	0	0	6	0	0	2	0	0	0	2	0	10	18	9	249	3	46	16	16	4	0	14	2	16	0	150	28	15	2	13	34	0	14	0	0	494	28	0	0	0	2	946	255	6343	0	0	0	3	0	39	66	0	0	0	0	0	0	0	0	0	64	0	0	4	14	0	0	15	5	28	0	0	40	0	0	0	0	0	0	79	18	0	0	0	0	0	2778	0	4079	282	4082	138	0	7884	556	1033	94	500	873	0	0	0	832	91	26	29	0	0	0	15	17	0	0	0	0	26	0	0	66	42	11	1	3	0	0	5	30	0	0	0	0	6	1401	7	0	3	7	0	9	26	0	5	1	0	8	4	21	0	36	0	0	2	0	0	0	0	0	0	0	0	3	0	0	0	0	11	0	0	0	0	8	0	0
np0192	7	0	80	13	165	0	0	8	0	14	41	4	0	0	871	0	4	0	37	50	16	0	12	4	0	0	22	0	0	30	3	14	28	0	0	0	87	61	0	0	0	82	310	122	0	90	0	6	25	8	104	21	74	0	0	0	1111	0	18	7	0	0	1	0	0	0	2	92	0	0	0	2816	135	5	20	0	0	0	0	11	0	1	22	0	125	4	0	17	0	0	0	64	67	0	0	89	0	0	0	0	0	24	147	12	120	26	73	8	0	67	273	6	25	0	5	35	0	275	80	0	0	11	29	64	3	49	66	55	175	0	0	0	0	0	0	85	15	3	0	0	0	16	38	0	46	0	0	0	6	12	1405	115	0	0	0	8	3	15	15	0	17	0	0	0	17	6	3	0	12	0	286	10	30	0	28	0	16	836	35	0	0	0	32	4	693	0	0	7	0	0	0	10	15	0	0	8	9	0	0	0	0	268	173	69	0	90	12	99	1	0	0	54	89	0	110	82	0	145	0	0	662	255	0	0	0	36	14	0	2	0	0	0	105	0	88	0	0	0	0	0	0	134	9	4	0	1	41	27	13	194	6	29	68	23	0	0	13	73	3	28	12	0	25	12	0	0	10	0	0	0	0	0	0	0	0	0	0	0	98	0	0	0	0	0	0	26	27	0	14	27	181	0	0	73	0	0	37	0	0	90	35	30	0	37	2	5	2	2	5	0	0	26	0	0	0	0	242	33	0	0	2	0	67	0	0	24	0	0	49	0	0	0	0	0	0	0	0	33	0	0	0	0	0	0	2	486	0	13	0	0	139	5	80	9	0	119	0	163	0	3	160	0	0	0	0	0	0	0	0	0	0	0	0	0	0	0	0	0	1296	0	0	0	0	105	80	43	72	25	0	0	498	0	0	0	0	0	2207	11	10	29	4	10	245	16	182	9	19	5	0	0	0	13	23	13	0	0	0	0	0	8	15	0	0	165	0	0	11	24	0	9	1	4	375	32	24	82	234	5	0	12	0	20	0	170	122	0	262	4	0	0	10	37	4	33	29	0	0	105	0	356	183	1118	0	0	26	62	0	5	13	7	0	24	0	41	8	44	0	0	6	7	16	5	11	0	0	46	42	29	0	71	0	0	0	0	389	0	0	108	7	0	66	20	0	0	19	17	194	11	146	73	0	616	5	147	84	231	226	38	0	0	270	72	17	303	18	7	8	71	10	0	0	0	0	105	0	15	28	4	17	194	0	0	0	0	0	0	1	8	0	15	1259	304	0	38	39	16	12	36	12	0	23	1	37	18	2	0	52	0	0	0	2	0	1	0	0	173	0	0	11	0	3	0	0	47	0	36	0	0	3	0	0
np0196	0	0	0	60	27	201	24	0	357	1861	230	21	0	4	365	0	1	0	461	400	379	2	11	11	213	13	129	871	233	23	5	381	18	0	71	122	1495	210	14	0	0	18193	7991	71	0	6099	8	39	827	21	12	115	35	0	0	0	383	0	131	4	57	0	0	0	0	0	2	566	0	0	0	1582	1073	292	0	0	2	27	0	9	0	0	12	0	0	0	0	909	72	1	0	0	287	104	26	436	0	999	0	0	0	85	185	0	135	36	123	44	0	7	461	0	33	0	24	86	0	293	0	0	0	0	7	25	8	141	21	81	56	3451	1404	106	0	0	0	0	0	0	14	0	1	0	0	0	0	0	36	1549	14	19	0	15	0	0	0	2	0	0	18	0	0	0	0	0	27	87	21	11	0	0	471	43	205	0	39	5	0	761	0	0	0	0	0	252	884	0	0	0	157	315	51	0	219	10	0	0	3	5	0	0	0	13	3	0	0	7	4	9	0	0	0	0	34	0	4	0	0	298	0	0	69	51	0	0	0	22	3	667	97	2	0	0	33	0	0	17	3409	1384	696	0	54	1791	0	15	15	0	3	8	0	37	0	0	7	9	6	58	137	508	31	154	434	0	5	0	0	0	0	0	0	0	0	0	0	0	0	0	0	0	0	0	0	0	0	0	0	0	0	0	0	0	0	0	0	2	0	0	0	0	0	16	113	44	10	0	1430	67	50	8	0	0	41	173	0	0	0	68	0	0	0	0	26	0	12	28	0	0	0	0	0	0	0	0	0	0	0	392	194	0	192	0	4	4	1	0	0	2	9	0	1	0	0	0	0	0	1	2	0	3	0	0	11	0	0	0	0	0	2	0	0	6	0	0	0	0	0	0	872	0	6	0	0	3	0	93	0	0	0	0	0	0	0	0	0	0	0	693	508	165	0	9	0	0	83	0	104	25	5	48	0	4	17	107	2500	258	0	82	0	3	0	0	13	2	11	65	0	0	0	0	0	49	0	62	0	1	0	0	12	28	0	226	213	246	558	0	2340	379	1353	12	333	0	309	134	242	315	10	0	467	0	0	0	2074	371	423	110	0	0	0	0	22	0	0	0	0	1591	1792	1887	0	1815	72	217	2	15	133	0	0	931	628	477	0	0	0	0	1	0	0	0	116	0	304	0	0	527	0	0	0	477	640	0	10475	23	0	9560	75	0	353	4844	242	0	207	2	472	1122	84	107	0	0	0	18	0	0	0	238	155	1258	0	15	442	140	27	0	71	0	5	0	0	0	1	3	0	46	4787	64	0	66	69	654	5	0	0	0	37	39	127	70	19	54	521	3	10	2	3	0	0	0	0	0	0	95	0	0	0	0	18	321	0	104	0	0	34	0	0
np0197	12	0	36	57	63	18	0	21	0	9	23	5	0	2	122	1	0	0	10	2	8	0	7	3	0	0	52	1	0	68	5	15	19	16	0	0	224	374	0	0	0	92	299	197	0	96	0	6	61	16	98	17	131	0	0	0	1593	0	12	5	0	0	0	0	0	0	0	223	0	0	0	638	63	1	13	0	0	2	0	9	6	2	64	0	905	27	0	10	0	0	0	63	37	0	0	29	0	0	0	0	0	24	484	57	243	223	130	33	0	100	375	12	34	0	4	14	0	372	45	0	0	23	32	42	3	50	85	95	256	4	28	12	0	0	0	99	53	2	0	0	0	5	34	0	1428	0	0	1	2	30	530	196	0	0	0	10	1	4	13	5	3	0	8	0	17	1	5	0	70	0	645	5	99	0	30	0	15	852	20	0	0	0	38	110	511	0	0	5	0	0	1	19	19	0	0	0	0	0	0	0	0	749	41	166	0	34	8	84	0	0	2	179	360	0	65	260	0	499	18	0	1546	660	0	0	0	44	15	0	4	0	0	0	165	0	69	0	4	6	0	24	0	155	16	5	1	0	43	21	13	581	11	138	87	15	4	0	27	96	6	9	53	0	22	16	0	0	31	0	0	0	0	0	0	0	0	0	0	0	131	0	0	0	0	0	0	62	57	0	65	69	198	0	0	77	0	0	63	0	0	79	24	35	2	8	2	1	3	0	4	0	0	19	0	0	0	0	2664	43	0	0	0	0	122	0	0	27	0	0	67	0	0	0	0	0	0	0	0	81	0	0	0	0	0	0	6	77	0	23	0	0	11	0	0	0	0	9	0	16	0	0	27	0	0	1	0	0	0	0	0	0	0	0	0	0	0	0	0	0	2507	0	0	0	0	100	29	12	24	17	0	0	46	0	0	0	0	0	1225	52	28	15	0	4	419	17	445	23	39	4	0	0	0	21	37	8	0	0	0	0	0	3	8	6	0	49	0	0	2	15	0	9	0	4	579	27	70	35	121	4	0	1	0	6	0	89	129	0	205	2	2	2	12	20	1	44	19	0	0	47	0	287	85	2734	0	0	11	25	0	0	24	7	0	10	0	72	19	67	0	0	0	8	2	12	14	0	0	43	28	37	0	144	0	0	4	0	169	0	0	603	2	0	30	30	0	0	34	18	196	0	140	147	0	1216	24	391	34	117	76	15	0	0	112	71	14	2378	18	6	39	107	2	0	0	0	0	154	0	6	80	15	3	287	0	9	0	9	75	0	0	15	0	62	3202	460	0	5	16	2	7	14	1	2	18	0	21	2	3	0	35	0	0	0	0	0	0	0	0	163	0	0	0	0	0	0	4	21	0	17	0	0	4	0	0
np0204	0	0	0	0	15	1	18	0	13	25	112	25	4	1	2631	5	9	0	4	21	0	8	0	0	0	5	2	10	0	0	1	6	3	0	0	0	152	49	0	0	0	84	159	356	0	181	9	8	84	58	4	4	97	0	0	0	62	0	15	1	20	0	1	0	0	0	0	438	0	0	0	16	65	0	0	15	5	0	0	4	0	0	7	0	28	0	0	0	55	0	0	0	61	0	0	0	17	0	0	0	0	8	77	9	137	210	22	20	0	13	113	0	0	2	0	0	0	317	3003	0	13	3	0	21	11	0	61	0	65	0	1	0	0	371	0	82	86	0	0	0	5	0	7	0	172	0	2	489	0	0	0	119	0	0	0	0	0	0	3	0	0	0	3	0	0	0	25	3	4	0	175	3	40	0	8	15	1	484	0	0	0	142	0	32	385	0	0	0	2	0	1	3	27	0	0	2	4	0	0	7	2	58	14	0	8	71	18	30	0	0	39	6	0	0	18	0	0	274	0	0	561	110	71	0	0	44	1	0	3	0	0	39	16	0	0	3	27	6	0	0	1	177	0	17	5	0	14	4	0	174	0	0	153	423	40	16	74	147	0	36	4	0	5	3	0	0	6	100	0	0	0	0	0	0	0	0	0	0	0	0	0	0	0	27	0	0	0	0	0	0	0	0	0	0	0	0	0	0	0	5	17	0	0	0	2	9	6	0	25	0	197	0	0	1152	0	0	0	0	31	27	52	10	0	0	0	0	0	0	0	0	0	0	0	0	0	0	0	0	0	0	0	0	123	0	3	159	0	151	0	0	6	13	0	121	7933	0	0	89	0	1	0	170	0	13	0	231	0	0	0	0	0	0	0	0	0	0	800	0	0	0	0	0	0	0	401	33	0	83	0	0	14	0	0	0	0	191	674	7	1	10	0	0	88	0	66	6	20	11	0	0	0	15	177	37	0	0	0	0	0	0	1	0	2	0	0	2	0	33	0	382	0	11	10	0	116	11	4	0	7	18	1	61	4	0	118	9	10	2	2	0	3	0	0	56	0	0	179	0	0	0	106	146	41	3	0	26	0	2	5	0	0	0	0	89	15	133	0	0	5	0	0	0	0	0	0	7	27	22	0	3	20	0	0	1	124	0	0	0	5	0	0	16	0	0	0	33	27	0	401	0	0	1238	0	0	3	76	0	0	0	0	0	114	0	8	0	7	0	10	13	2	0	8	0	59	0	0	56	5	18	70	1	0	0	0	8	0	2	0	0	0	0	10	0	21	2	11	6	4	61	22	12	43	36	22	0	0	14	6	29	40	1	3306	0	0	0	145	8	0	0	0	0	0	1	0	0	0	0	0	11	0	0
np0208	2	0	11	20	2	0	0	5	0	0	19	0	0	0	151	0	0	0	0	0	0	0	2	2	0	0	4	0	0	19	0	0	0	0	0	0	60	74	0	0	0	65	60	16	0	61	0	3	51	13	24	12	75	0	0	0	163	0	2	0	0	0	0	0	0	0	0	30	0	0	0	181	17	0	0	0	0	0	0	0	0	0	3	0	85	0	0	4	0	0	0	13	18	0	0	14	0	0	0	0	0	4	23	13	61	62	14	2	5	0	41	0	4	1	0	0	0	142	3	0	0	3	13	0	2	11	1	20	49	3	0	0	0	0	0	0	10	0	0	0	0	1	1	0	229	0	0	0	0	4	44	78	0	0	0	0	0	3	0	1	0	0	1	0	2	0	5	0	4	0	36	0	9	0	11	1	0	99	5	0	0	0	0	25	71	0	0	3	2	0	0	0	9	0	0	0	0	0	0	0	0	235	13	50	0	3	0	5	0	0	0	25	43	0	8	25	0	61	0	0	146	103	0	0	0	4	2	0	0	0	0	0	13	0	0	0	0	5	0	32	0	32	0	4	0	0	8	1	0	59	0	16	175	2	0	2	6	14	0	0	4	0	5	2	0	0	5	0	0	0	0	0	0	0	0	0	0	0	39	0	0	0	0	0	0	13	14	0	9	15	37	0	0	21	0	0	6	0	0	15	0	5	0	1	1	0	0	0	0	0	0	0	0	0	0	0	312	15	0	0	0	0	39	0	0	12	0	0	31	0	0	0	0	0	0	0	0	33	0	0	0	0	0	0	1	20	0	9	0	0	0	0	0	0	0	0	0	5	0	0	4	0	0	0	0	0	0	0	0	0	0	0	0	0	0	0	0	0	1178	0	0	0	0	13	43	0	2	18	0	0	5	0	0	0	0	0	212	10	0	0	0	0	62	6	39	3	6	0	0	0	0	3	13	3	0	0	0	0	0	0	0	1	0	0	0	0	0	3	0	2	0	0	87	2	5	9	17	0	0	2	0	4	0	16	34	0	51	0	0	0	6	4	0	5	5	0	0	27	0	48	35	501	0	0	0	8	0	4	0	1	0	2	0	16	8	32	0	0	0	1	1	1	1	0	0	11	6	10	0	9	0	0	0	0	33	0	0	134	2	0	18	13	0	0	8	6	43	0	60	85	0	394	16	90	9	28	12	17	0	0	23	26	6	29	0	0	0	3	0	0	0	0	0	64	0	2	15	0	1	114	0	0	0	0	4	0	0	3	0	5	450	47	0	2	2	0	0	1	0	2	8	0	18	1	0	0	8	0	0	0	0	0	0	0	0	24	0	0	0	0	0	0	0	4	0	8	0	0	0	0	0
np0210	2	0	1	4	5	5	26	2	0	69	25	0	17	57	871	159	2	8	0	1	0	1	4	10	4	0	18	4	51	10	22	15	30	11	13	9	445	7	15	24	4	103	297	33	16	257	4	10	32	30	27	18	127	18	9	0	260	17	46	6	16	0	5	17	11	12	2	754	0	0	1	5	69	2	18	2	2	1	19	3	0	0	15	5	47	18	126	143	9	14	34	1	158	0	0	5	10	0	7	3	12	9	234	37	228	93	109	65	0	45	180	11	17	0	9	4	31	205	32	148	0	15	0	0	11	42	75	25	32	0	12	2	12	109	17	44	89	25	42	13	58	2	11	7	21	12	5	14	4	11	1	132	24	50	30	4	11	9	26	60	4	85	195	12	15	15	13	4	12	12	86	0	77	15	12	4	10	699	17	14	120	39	0	34	813	10	42	30	0	7	2	6	15	0	6	0	1	7	7	61	4	38	36	0	84	39	32	48	9	2	3	5	52	13	105	8	12	560	23	3	698	141	9	23	8	50	18	26	3	3	18	0	25	1	7	13	1	1	0	0	0	102	2	5	3	4	3	14	7	407	10	27	67	60	8	5	48	72	4	19	52	1	28	31	6	0	12	21	5	11	26	17	31	13	77	18	9	2	0	36	41	7	26	5	7	0	0	13	0	0	17	10	18	196	74	2	0	107	14	39	135	12	4	10	0	18	5	0	0	15	22	43	6	125	18	4	33	0	0	23	15	1	11	0	33	3	6	0	143	20	0	20	26	4	6	96	31	10	43	15	26	267	306	61	305	395	74	24	226	3	9	5	1	29	2	320	56	178	192	657	2409	636	34	1	6	461	316	4	512	324	1703	471	447	231	174	409	0	37	340	16	117	96	67	37	29	111	2	54	0	67	0	0	22	41	30	64	254	48	12	13	0	0	77	0	272	6	18	8	1695	25	7	9	32	13	7	4	3	6	0	5	6	7	0	1	59	14	165	7	9	23	2	10	4	0	11	16	26	3	0	19	3	28	0	0	218	35	20	5	4	34	8	3	13	38	0	48	67	8	2	22	316	526	375	64	0	11	16	7	4	6	4	1	18	47	21	99	5	0	0	1	1	8	13	9	10	48	75	16	10	52	1	95	29	50	0	4	0	2	7	75	1	156	54	29	94	143	110	0	414	17	0	1059	20	37	29	280	0	0	0	0	31	837	68	96	0	4	1	24	0	5	21	0	11	244	0	43	83	9	23	124	3	0	0	0	0	0	2	5	56	133	67	32	5	8	5	21	0	11	13	13	16	13	114	13	5	1	37	7	31	24	155	126	108	3	1	43	0	20	4	2	0	5	5	22	0	15	34	33	9	806	237
np0211	0	0	0	0	0	0	0	0	2	19	45	0	0	0	16	0	3	10	0	0	0	0	1	4	2	5	0	19	29	0	6	10	93	0	18	17	728	6	7	52	5	169	177	56	146	374	5	13	339	69	5	0	26	3	15	0	34	4	26	0	19	0	0	0	0	9	2	77	0	0	0	1	9	0	2	3	8	1	0	0	0	0	0	0	13	0	8	420	9	15	48	0	77	0	0	1	0	0	0	1	0	0	23	0	47	6	171	97	3	0	26	0	0	0	0	0	0	45	7	71	0	0	0	0	2	24	21	0	0	0	0	0	6	4	0	0	125	0	17	0	22	0	56	3	90	102	0	39	0	25	10	165	0	3	0	55	2	0	8	4	0	72	23	0	7	0	9	0	3	9	36	0	86	0	0	0	0	208	0	0	40	8	0	10	65	0	0	0	0	0	0	0	0	0	0	0	0	0	0	3	0	1073	419	0	22	52	45	52	0	0	0	0	33	0	1	0	199	5627	360	81	1116	493	0	43	445	748	0	0	6	0	0	0	6	0	4	0	0	0	0	0	0	165	0	4	1	173	336	809	0	18	0	0	6	0	4	0	26	34	0	17	5	0	0	0	0	0	0	0	6	0	8	11	3	0	0	6	0	0	0	0	0	0	0	5	11	0	0	3	0	0	0	0	0	36	11	0	0	209	0	0	5	55	15	8	0	14	2	1	0	0	0	0	0	10	0	0	0	0	4	14	12	2	0	0	14	0	0	0	44	0	0	0	14	0	2	35	6	3	17	0	393	1986	120	0	44	107	998	3	77	22	1	0	0	2	0	6	0	8	0	84	55	22	193	0	0	104	4	45	229	2409	1047	0	0	0	0	12	0	50	207	0	40	49	91	14	0	0	0	0	0	0	0	0	0	0	0	7	28	76	23	0	0	0	19	0	702	0	14	5	41	73	28	21	141	23	12	7	11	3	0	0	0	53	0	0	238	0	0	0	0	5	14	13	6	3	1	0	0	5	0	0	0	1	0	6	49	5	10	1	0	69	9	1	25	27	0	80	74	0	0	50	342	401	169	49	0	7	38	0	7	0	0	13	27	55	29	60	5	0	0	0	0	17	23	0	0	21	36	18	0	9	0	13	5	53	3	0	0	1	0	997	0	29	37	12	47	52	209	0	412	16	0	610	16	36	18	354	9	0	0	0	32	348	23	10	0	0	2	0	0	0	5	0	4	61	0	0	142	24	0	4	0	13	0	0	5	0	0	8	116	91	205	5	3	3	3	8	0	4	2	1	2	3	22	2	5	0	29	0	5	4	26	259	43	2	0	7	0	0	1	0	0	0	0	15	0	41	126	84	5	15	3
np0213	2	0	3	1	4	0	0	0	0	0	4	0	0	0	97	0	0	0	0	0	0	0	0	0	0	0	1	0	0	1	0	0	2	2	0	0	8	4	0	0	0	39	40	4	0	28	0	1	15	3	5	3	18	0	0	0	67	0	0	0	0	0	0	0	0	0	0	6	0	0	0	219	33	0	3	0	0	0	0	2	0	1	7	0	29	0	0	0	0	0	0	3	9	0	0	11	0	0	0	0	0	1	12	1	23	3	5	0	0	0	31	0	0	0	2	0	0	40	10	0	0	0	2	7	0	3	6	6	15	0	0	0	0	0	0	25	5	3	0	0	0	2	9	0	6	0	0	0	0	4	76	11	0	0	0	0	1	0	0	0	0	0	0	0	0	0	0	0	0	0	32	1	9	0	10	1	7	111	1	0	0	0	4	0	82	0	0	0	0	0	0	1	9	0	0	0	0	0	0	0	0	27	6	6	0	18	0	24	0	0	0	1	18	0	14	9	0	21	0	0	60	66	0	0	0	3	2	0	0	0	0	0	8	0	13	0	0	1	0	7	0	10	0	1	0	0	6	1	1	12	0	0	14	5	0	1	2	7	0	5	0	0	1	1	0	0	2	0	0	0	0	0	0	0	0	0	0	0	10	0	0	0	0	0	0	0	0	0	2	0	27	0	0	12	0	0	13	0	0	6	3	3	0	3	0	0	3	0	2	0	0	4	0	0	0	0	42	11	0	0	0	0	24	0	0	6	0	0	4	0	0	0	0	0	0	0	0	7	0	0	0	0	0	0	0	81	0	5	0	0	18	1	9	0	0	22	0	24	0	0	37	0	0	0	0	0	0	0	0	0	0	0	0	0	0	0	0	0	367	0	0	0	0	12	10	2	4	5	0	0	18	0	0	0	0	0	135	3	0	2	0	3	27	0	14	2	2	0	0	0	0	7	21	8	0	0	0	0	1	0	0	0	0	2	0	0	1	0	0	3	0	0	14	0	1	10	25	4	0	0	0	5	0	16	20	0	32	2	1	0	5	2	0	4	2	0	0	13	0	24	36	88	0	0	0	4	0	0	7	0	0	18	0	21	3	15	0	0	0	0	2	1	0	0	0	7	3	3	0	12	0	0	0	0	9	0	0	16	2	0	13	5	0	0	0	5	12	0	34	11	0	227	5	35	22	38	32	8	0	0	44	29	0	25	0	0	1	4	4	0	0	0	0	38	0	4	5	1	0	16	0	0	0	0	0	0	0	0	0	0	71	14	0	0	3	3	1	3	2	0	6	0	14	4	3	0	28	0	0	0	1	0	2	0	0	12	0	0	3	0	0	0	0	7	0	6	0	0	0	0	0
np0223	4	0	6	11	21	0	0	9	0	0	28	4	0	2	238	0	0	0	0	15	0	0	0	2	0	0	12	0	0	16	0	12	1	0	0	0	111	16	0	0	0	76	39	40	0	37	0	0	14	10	70	3	34	0	57	0	348	0	4	2	0	0	0	0	0	0	0	129	0	0	0	355	39	0	3	0	0	3	0	35	3	7	159	0	115	4	0	3	0	0	0	12	11	0	0	12	0	0	0	0	0	8	203	16	100	52	75	8	0	37	188	7	13	0	4	4	0	302	5	0	4	52	18	13	0	17	18	15	48	60	30	0	0	0	0	23	66	3	4	4	1	5	14	0	329	0	0	0	2	18	117	39	0	0	0	7	0	0	3	0	0	0	0	0	7	2	8	0	8	0	300	3	24	0	15	0	2	306	4	0	0	0	27	12	283	0	0	0	10	0	11	30	24	0	0	0	1	0	0	0	0	397	10	104	0	28	13	83	0	0	1	189	120	0	28	89	0	286	0	0	613	369	0	0	0	37	6	0	3	0	0	0	56	0	111	0	2	0	0	7	0	76	14	5	0	0	39	9	4	258	10	53	18	4	0	0	5	50	0	14	32	0	10	6	0	0	10	0	0	0	0	0	0	0	0	0	0	0	32	0	0	0	0	0	0	17	11	0	14	9	49	0	0	17	0	0	8	0	0	21	0	21	0	6	0	0	0	4	0	0	0	0	0	4	0	0	377	29	0	0	2	0	50	3	0	8	4	0	24	0	0	0	0	0	0	0	0	20	0	0	0	0	0	0	29	410	0	336	0	0	51	3	29	5	0	34	0	141	0	9	128	0	0	9	11	0	0	0	0	0	0	0	0	0	0	0	0	0	880	0	0	0	0	47	84	3	1	8	0	0	15	0	0	0	0	0	463	17	15	8	0	4	207	17	205	12	34	0	0	0	0	8	22	1	0	0	0	0	3	0	8	1	0	8	0	0	0	2	0	5	1	1	118	10	17	18	16	4	0	3	0	4	3	23	26	0	39	1	0	1	5	5	2	10	3	0	0	18	0	63	43	438	0	0	0	18	0	0	8	0	0	6	0	18	5	13	0	0	3	3	0	3	1	0	0	6	11	7	0	10	0	0	0	0	77	0	0	70	0	0	11	19	0	0	31	4	73	0	54	74	0	372	3	101	53	179	59	9	0	0	65	75	0	352	9	3	4	31	3	0	2	0	0	154	0	4	14	8	0	134	0	0	1	0	26	0	0	2	0	14	768	105	0	18	8	0	5	4	4	2	2	0	5	1	0	0	11	5	6	8	1	2	0	0	0	39	0	0	3	0	0	0	2	6	0	6	0	0	0	0	0
np0225	0	0	0	5	36	0	1	1	14	4	186	33	0	7	1097	3	7	8	21	56	9	2	0	9	11	3	2	3	8	0	0	62	0	0	0	0	101	11	0	0	0	5	129	61	4	233	0	31	28	15	3	13	135	0	0	0	1367	0	7	1	31	0	1	0	0	0	1	3093	0	0	0	0	140	0	9	24	0	15	7	4	6	0	45	0	3	0	0	8	108	9	0	0	944	0	0	20	0	37	0	44	0	12	85	6	47	51	34	54	0	38	279	0	0	0	17	0	0	13	10	0	13	2	3	0	0	8	32	15	7	0	0	0	0	1	321	2	0	8	0	207	0	0	9	1	202	0	6	15	22	26	0	7	20	0	20	64	0	0	0	3	0	0	0	0	9	14	24	21	0	0	118	4	80	0	19	51	5	518	0	88	3	0	0	9	750	0	0	0	50	30	1	3	16	0	3	5	4	0	0	0	12	37	56	0	0	22	0	40	369	12	7	76	3211	0	254	0	148	2519	23	5	7493	1188	168	0	0	455	86	0	0	0	53	64	45	0	16	17	1	1	0	0	73	168	0	8	9	0	2	12	9	97	22	0	182	219	2	0	49	572	13	132	0	0	12	12	0	0	27	563	0	0	0	0	0	0	0	357	0	0	0	0	0	0	0	0	0	0	0	221	0	0	0	0	0	0	0	0	0	0	81	37	254	0	0	0	3	32	17	58	0	22	589	408	0	1115	0	0	0	0	6	29	78	23	51	7	0	0	0	1	0	0	0	237	0	9	0	155	4	0	0	0	0	242	6	0	176	99	0	0	0	0	0	0	0	0	50	0	0	3	0	0	236	450	0	114	0	5	0	0	0	0	0	0	0	0	0	0	0	0	2	0	0	0	0	36	45	434	29	414	0	0	381	1	0	102	0	380	76	49	0	4	6	0	75	0	107	4	11	4	15	35	9	98	803	9	0	8	51	1	0	6	0	0	5	0	0	0	0	0	0	0	0	6	0	0	0	3	3	34	1	66	1	100	7	0	1155	68	341	25	23	0	29	10	27	921	0	1009	340	0	243	0	796	507	28	54	13	24	0	46	63	0	10	0	201	189	0	310	27	47	8	10	0	90	157	0	0	123	31	79	0	0	0	0	0	0	0	7	39	0	46	0	0	203	0	0	630	2614	954	0	3477	3763	0	6213	205	0	288	4801	100	0	205	51	635	1650	24	130	0	0	7	0	266	0	0	0	0	136	0	0	107	34	14	0	0	0	0	0	0	85	0	3	0	1523	0	23	0	30	12	172	23	22	25	170	11	60	476	166	7	0	186	0	124	4	65	353	2	84	3	59	0	10	0	0	19	4	0	10	0	0	0	0	4	0	0
np0228	0	0	0	9	22	0	0	0	184	35	42	0	0	7	1099	2	0	0	16	28	0	3	6	5	0	8	5	15	0	13	0	112	4	0	0	0	94	0	0	0	0	38	138	12	0	512	3	2	221	0	4	4	12	0	0	0	356	0	7	4	30	0	0	0	0	0	0	1830	0	2	2	2260	364	4	0	0	0	6	68	3	0	2	28	0	3	0	0	211	15	0	0	0	305	154	10	124	0	188	0	0	0	6	120	0	151	29	81	17	0	6	289	0	19	0	24	0	0	210	0	0	0	0	0	9	10	13	26	35	20	0	0	0	0	0	0	2	2	0	0	0	0	0	0	0	0	0	40	2	26	25	0	4	0	0	0	0	0	0	0	0	0	0	0	0	24	33	27	3	0	0	209	32	23	0	0	0	0	254	0	0	0	0	0	21	441	0	0	0	0	0	0	5	15	0	52	5	2	0	0	0	0	45	31	0	0	94	3	31	0	4	0	40	349	0	47	0	0	204	0	0	634	165	0	0	0	73	11	0	13	7	0	0	31	0	0	14	7	1	0	0	0	98	0	15	6	0	14	129	5	53	6	0	36	43	0	25	24	101	0	43	12	0	8	0	0	0	24	0	0	0	0	0	0	0	0	0	0	0	0	0	0	0	0	0	0	0	0	0	0	0	0	0	0	0	0	0	0	0	0	0	81	4	0	3	2	15	19	0	0	0	88	242	0	0	0	110	0	0	0	0	9	0	1	16	0	0	0	0	0	0	0	0	0	0	0	343	117	0	142	0	0	0	1	0	0	6	0	0	0	0	0	0	0	0	6	0	0	565	0	0	65	10	0	103	7	152	0	0	0	0	0	0	0	0	0	0	58	0	0	0	0	0	0	30	0	596	3	5	0	0	111	0	0	0	0	1280	1015	18	0	28	16	0	178	0	164	15	8	42	0	10	84	12	1027	65	0	6	0	18	0	0	4	2	0	0	0	0	0	0	0	3	0	3	0	0	1	0	10	1	0	20	25	104	24	0	361	31	137	14	12	0	19	64	44	88	0	0	101	0	0	0	1509	171	114	47	0	3	0	0	2	0	0	0	0	508	337	646	0	228	2	11	0	11	166	0	0	212	159	83	0	0	0	5	4	0	0	0	26	0	90	0	0	188	0	0	0	201	250	0	3401	7	0	3493	42	0	517	779	61	0	44	1	134	434	14	90	0	6	0	14	0	0	0	5	7	32	0	9	100	29	3	0	1	0	0	0	0	0	0	0	0	17	1014	8	0	12	13	385	0	0	1	6	13	18	98	22	0	15	152	0	9	92	332	3	21	0	0	66	10	0	0	0	0	0	2	51	0	18	0	0	12	0	0
np0230	0	0	18	0	0	3	388	18	0	0	42	59	1	7	5778	0	7	0	13	19	0	6	5	3	0	0	49	0	0	8	0	25	0	0	0	0	424	0	40	0	1	130	1128	107	0	433	0	12	72	35	515	81	301	0	0	2156	4603	0	0	2	0	0	0	0	0	0	0	115	0	0	0	573	56	0	3	0	0	0	0	0	0	0	0	0	0	6	0	10	0	0	0	74	280	29	0	131	0	0	0	0	0	0	36	5	381	146	22	22	0	9	74	0	13	0	3	0	0	3769	585	0	0	0	10	172	2	22	43	173	660	5	7	3	0	0	13	9	190	0	36	0	0	1	7	0	0	0	0	0	0	9	0	0	88	0	121	0	0	40	30	12	0	0	4	0	5	22	14	0	3	0	218	0	85	0	21	0	0	176	102	0	0	0	29	13	370	0	0	19	27	0	0	5	27	0	0	2	0	0	0	0	0	468	0	0	0	9	0	79	0	0	17	114	0	0	41	0	45	796	14	0	218	28	0	0	0	161	0	0	3	0	56	0	9	7	3	5	0	0	0	0	0	239	41	24	8	0	12	24	7	87	0	0	901	22	3	0	34	2244	0	14	14	0	10	7	0	0	44	0	0	0	0	0	0	0	0	0	0	0	0	0	0	0	0	0	0	13	11	0	23	18	0	0	0	0	0	177	36	0	0	71	1	14	0	2	0	23	27	0	0	0	0	3	0	2	0	0	0	13	0	12	0	15	62	0	0	49	60	0	131	0	6	0	0	0	0	40	0	185	0	0	0	0	0	0	0	11	0	0	0	0	5	2	4	0	0	1	0	4	0	0	7	0	0	0	0	0	0	0	0	0	0	0	0	0	0	0	0	0	222	0	0	0	0	36	1543	7	0	2893	0	0	143	0	0	0	0	0	0	23	0	16	0	8	122	5	272	6	22	12	0	0	0	75	115	0	0	0	0	0	0	0	0	0	0	11	0	0	0	6	0	0	3	12	72	2	22	38	16	5	3	9	6	24	0	346	67	16	3	8	20	5	43	0	0	411	35	0	4	0	0	1206	247	3117	0	0	0	5	1	45	60	0	0	0	0	0	0	0	0	0	47	0	0	7	19	0	0	14	5	35	0	0	43	0	0	0	0	0	0	58	16	0	0	7	0	0	3682	0	1761	170	2700	144	0	5238	527	1273	147	985	1349	0	0	0	1481	83	32	41	0	0	5	0	104	0	0	0	0	54	0	0	80	23	30	0	5	0	0	0	0	0	0	0	0	0	1601	12	0	10	8	0	9	28	4	1	1	0	3	6	47	0	48	0	27	0	0	0	0	0	0	12	0	0	5	0	0	0	4	8	0	2	0	0	3	0	0
np0232	0	0	0	4	106	0	0	0	60	16	854	162	0	97	8412	0	13	164	537	1238	98	49	21	161	102	26	9	10	37	0	5	572	0	0	6	5	236	23	0	0	0	83	491	108	0	2143	8	306	379	116	10	29	576	0	0	0	16286	0	14	12	225	0	8	0	0	0	3	3935	0	0	9	0	922	3	57	115	0	70	64	24	25	7	175	0	9	0	0	43	762	47	0	0	7304	0	0	114	15	223	0	193	0	103	688	84	592	602	221	310	0	185	1503	0	0	31	90	7	0	98	90	0	141	16	0	0	15	38	195	146	106	0	0	8	0	1	1845	5	0	0	0	205	0	2	44	6	480	0	7	39	111	165	0	27	673	0	831	263	3	0	0	4	0	0	0	0	47	142	85	108	0	0	499	24	255	41	196	263	54	1994	0	436	0	0	0	242	4676	0	0	0	623	338	9	22	62	7	23	13	23	0	0	0	57	1880	2577	78	0	69	18	131	865	13	29	1777	4981	0	819	0	171	3538	33	2	10338	2846	372	0	0	348	114	4	2	29	171	195	181	0	61	53	8	0	0	0	592	1390	0	95	62	7	76	375	20	569	75	0	355	517	4	10	278	2715	47	549	22	0	64	66	0	0	106	5427	0	0	0	0	0	0	0	3705	0	0	0	0	0	0	0	0	0	0	0	2749	0	0	0	0	0	0	0	0	0	29	1093	211	770	0	0	0	13	178	219	376	19	146	3649	2847	0	6576	0	12	0	0	72	441	1338	390	706	80	0	0	0	1	14	0	0	1504	0	115	0	991	4	0	0	0	0	728	23	0	861	575	0	0	0	0	0	0	0	5	308	0	0	5	0	0	1438	3169	0	708	11	42	0	0	0	0	0	0	0	0	0	0	0	0	0	0	0	0	0	397	125	709	24	1106	0	0	353	14	0	454	0	4215	1124	139	34	25	52	33	450	0	1024	6	60	16	34	330	76	799	6232	91	0	173	631	10	0	46	20	14	28	0	0	0	0	0	0	3	0	23	0	0	47	59	136	339	5	464	3	562	104	0	7067	596	3294	123	127	1	197	94	106	5791	0	5523	1811	0	1521	0	4590	3655	158	377	254	202	0	322	324	0	74	0	1699	1075	2	2047	138	233	20	63	3	671	1492	0	0	1241	249	647	0	0	8	0	0	0	0	83	262	0	302	0	1	1214	0	0	3383	11425	8321	229	17146	25616	0	36176	1440	0	1176	24554	414	0	1130	280	3354	7452	159	1203	0	5	1	116	1913	0	10	0	0	305	0	0	791	156	181	0	19	0	1	0	0	1189	0	2	0	2187	0	23	0	156	40	920	130	153	91	1229	47	356	2979	972	66	0	1166	0	734	7	299	1532	1	61	1	422	0	142	0	21	259	90	6	129	12	22	0	0	15	0	0
np0233	62	0	4	71	1	0	3	18	0	0	32	6	0	4	694	0	1	0	14	14	0	0	0	3	0	0	24	0	0	106	11	6	0	7	0	0	400	8	0	0	1	143	259	114	5	249	0	11	145	49	8	15	264	0	2	0	834	0	14	0	0	0	0	0	0	0	0	281	0	0	0	78	5	0	0	0	4	2	0	0	0	0	5	0	21	2	0	6	0	0	0	1	27	0	0	5	0	0	0	0	0	3	51	77	315	52	48	7	2	0	30	0	0	0	0	0	0	93	0	0	0	0	24	0	0	16	17	28	92	24	7	198	0	0	0	6	138	6	9	0	0	2	3	0	546	0	0	0	0	12	113	563	0	0	0	0	0	0	51	19	0	0	23	0	5	0	10	0	20	0	106	0	26	0	6	0	4	441	27	0	0	0	7	327	188	0	0	9	16	0	78	0	35	0	0	0	0	0	0	0	0	78	0	23	0	7	1	9	0	0	0	29	80	0	2	63	0	315	0	0	355	431	0	0	0	25	0	0	4	0	0	0	41	0	4	0	55	68	0	228	0	264	47	6	2	4	57	12	3	177	0	61	381	0	0	5	10	15	0	8	32	0	16	8	0	0	26	0	0	0	0	0	0	0	0	0	0	0	5	0	0	0	0	0	0	157	148	0	116	110	19	0	0	9	0	0	16	0	0	25	9	39	8	0	7	9	12	0	1	0	0	0	0	0	0	0	775	63	0	0	0	0	153	0	0	88	0	0	258	0	0	0	0	0	0	0	0	250	0	0	0	0	0	0	1	206	0	106	0	0	18	0	18	0	0	21	0	59	0	1	58	0	0	0	0	0	0	0	0	0	0	0	0	0	0	0	0	0	7649	0	0	0	0	22	205	0	0	54	0	0	0	0	0	0	0	0	595	29	11	2	0	0	202	18	163	16	25	4	0	0	0	10	48	15	0	0	0	0	7	0	0	0	0	1	0	0	0	3	0	3	0	2	252	3	176	8	15	1	0	0	0	1	0	0	37	0	32	1	0	10	11	2	0	3	0	0	0	7	0	123	22	4513	0	0	0	25	0	3	12	0	0	1	0	49	9	39	0	0	0	0	3	0	2	0	0	36	5	15	0	2	0	0	0	0	28	0	0	926	0	0	8	48	0	0	27	30	78	0	346	541	0	1596	64	107	8	30	13	37	0	0	6	83	3	132	9	1	1	54	5	0	0	0	0	370	0	8	45	2	0	1431	0	4	0	6	48	0	0	10	0	83	3286	168	0	0	0	0	0	5	1	5	0	0	9	1	2	0	3	0	0	0	0	0	0	0	0	10	0	0	0	0	0	0	0	7	0	9	0	0	17	0	0
np0234	0	0	0	59	0	4	3	0	68	112	14	0	0	5	409	0	0	0	2	14	6	0	0	6	11	8	11	24	7	0	0	133	0	0	0	0	376	37	0	0	0	132	307	5	0	183	0	3	13	44	11	21	33	0	0	0	88	0	13	4	5	0	0	0	0	0	2	1029	0	0	0	426	46	4	0	0	0	8	0	0	0	0	4	0	39	0	0	135	14	1	0	0	124	63	0	18	0	33	0	0	0	0	92	2	262	29	188	41	0	0	72	0	7	0	4	0	0	45	0	0	0	2	0	6	9	20	20	12	21	0	3	0	0	0	0	0	15	0	74	0	0	0	0	0	0	0	2	50	57	47	0	16	0	0	1	0	23	0	2	2	0	0	0	0	0	9	9	0	8	0	219	10	121	0	4	2	0	240	0	0	0	0	0	56	332	0	0	0	2	0	0	1	7	0	0	0	0	0	0	0	0	38	0	0	0	11	0	11	0	0	0	4	55	0	3	0	0	1280	0	0	124	79	0	0	0	24	0	13	8	0	0	0	20	0	0	5	21	17	5	0	0	116	0	18	1	0	2	36	0	33	0	0	269	177	0	35	24	1574	0	48	13	0	6	0	0	0	27	0	0	0	0	1	0	0	0	0	0	0	0	0	0	0	0	0	0	0	0	0	0	0	0	0	0	0	0	0	0	8	0	1	24	13	0	0	2	9	15	0	0	0	0	14	0	0	0	6	0	0	0	0	1	0	2	4	0	0	0	0	0	0	0	0	0	0	0	122	53	0	58	0	2	22	0	0	0	0	23	0	0	1	0	1	0	0	0	0	0	9	0	0	42	20	0	134	4	15	0	0	0	0	0	0	0	0	0	0	1301	1	5	0	0	0	0	15	0	128	0	31	0	0	11	0	0	0	0	4415	2290	44	0	12	0	0	93	0	32	10	5	15	0	1	2	7	155	6	0	10	0	0	0	0	4	0	62	0	0	0	0	0	0	3	0	11	0	0	0	0	0	0	0	2	3	8	96	0	367	38	49	6	7	67	5	15	2	43	0	0	257	0	0	1	338	430	322	18	0	0	0	0	0	0	0	0	0	71	59	83	0	41	0	7	0	1	44	0	0	190	88	80	0	0	1	0	0	0	0	0	9	0	12	0	0	85	0	0	0	145	257	0	3412	0	0	1656	0	0	72	300	52	0	39	0	47	134	101	46	0	0	0	9	0	0	0	7	5	458	0	0	125	3	0	0	0	0	0	0	0	0	1	0	0	10	1228	126	0	0	0	57	0	0	1	0	3	2	19	6	0	3	18	0	0	122	3	0	0	0	0	13	0	1	0	0	0	0	5	24	0	10	0	0	6	0	0
np0236	5	0	2	26	5	0	0	2	5	35	70	0	9	15	189	85	5	0	0	2	0	13	3	13	3	1	33	0	60	4	12	61	62	24	11	0	452	0	14	17	2	160	231	66	62	645	4	20	86	31	18	6	34	15	10	0	486	33	27	4	36	22	0	18	37	20	5	704	17	0	0	8	68	0	14	0	5	3	30	6	0	0	10	1	15	0	13	253	17	15	33	2	170	0	1	5	2	12	1	5	2	0	130	12	100	18	63	70	0	30	155	0	0	5	0	5	28	512	49	184	0	10	0	2	6	19	33	8	11	0	0	0	39	67	3	18	55	1	59	0	19	0	42	2	29	29	3	27	18	206	1	325	11	37	38	10	10	14	8	12	0	7	79	7	18	12	14	2	2	8	94	14	33	0	10	4	8	213	14	7	221	18	0	8	175	10	9	0	9	0	0	4	39	4	0	0	0	12	6	26	2	905	528	0	18	97	43	32	5	0	0	4	195	42	239	25	34	1803	97	47	3079	534	22	98	32	245	134	3	3	0	18	5	156	3	14	5	0	0	0	3	0	49	3	11	0	2	27	47	7	224	6	12	114	79	4	10	66	100	0	33	66	0	13	4	6	4	5	21	25	19	30	25	36	15	81	19	11	8	0	49	36	23	70	7	14	0	0	27	0	0	13	6	12	263	77	0	2	261	16	11	60	11	0	10	0	7	8	1	0	7	26	29	10	111	5	0	61	9	2	42	26	8	14	0	19	12	12	14	166	22	13	18	27	7	5	109	58	29	66	26	331	6376	283	20	116	264	909	3	228	84	6	7	0	5	1	150	12	52	94	292	1164	391	809	9	0	383	149	106	349	7877	1590	135	130	86	24	51	0	55	356	16	81	82	82	31	7	24	2	20	0	98	0	0	71	32	25	88	474	97	28	4	2	2	15	0	783	20	19	5	167	260	62	62	550	217	42	6	0	41	30	0	9	14	0	0	114	13	44	7	3	90	3	33	0	0	2	8	3	4	0	9	3	21	0	0	219	59	25	0	12	8	29	9	47	158	7	114	201	32	14	90	443	512	515	185	0	29	20	0	5	9	18	19	61	110	72	164	17	0	5	3	0	9	14	24	25	48	96	41	37	113	0	49	45	121	5	3	0	3	15	52	0	230	45	32	203	214	222	0	646	66	11	1750	29	24	37	338	0	0	0	5	26	1277	56	62	0	0	0	8	4	0	4	0	2	80	0	20	76	60	10	27	1	6	0	0	0	0	0	3	79	64	133	16	8	5	11	16	3	16	9	13	10	17	111	16	5	0	53	5	40	12	72	214	75	14	6	5	0	0	0	0	0	2	5	121	11	90	68	37	3	77	28
np0237	0	0	0	2	162	0	0	0	81	0	367	83	0	19	92	0	4	6	102	278	30	8	14	35	0	0	4	198	10	10	4	190	0	0	141	58	1445	31	0	0	0	0	299	66	7	740	13	54	32	25	0	12	155	0	0	0	20	0	203	0	636	0	0	0	0	0	20	82	0	0	0	0	162	0	8	186	0	95	0	4	0	0	34	0	31	114	0	6	126	4	0	0	888	0	0	5	0	18	0	4	0	16	430	21	387	14	107	176	0	18	167	0	0	10	44	0	0	1	0	0	86	6	5	0	62	24	62	99	68	0	0	3	0	0	24	0	0	0	0	2	0	0	0	3	5	0	15	86	0	5	0	5	0	0	0	132	0	0	0	1	0	0	0	0	2	17	107	0	80	0	158	0	99	43	0	106	0	775	0	265	0	0	0	97	211	0	0	2	489	333	0	4	12	0	20	14	350	0	0	0	213	29	101	0	0	226	59	243	2768	0	0	486	72	0	57	0	51	489	0	3	130	107	0	0	0	57	19	53	26	0	20	19	43	0	5	11	1	0	0	0	246	2430	0	55	8	0	338	39	3	193	0	0	98	696	29	104	5	25	0	152	367	2128	40	20	0	0	351	41	0	0	0	0	0	0	0	241	0	0	0	0	0	0	0	0	0	0	0	1143	0	0	0	0	0	0	0	0	0	0	322	42	605	0	5	0	135	27	0	0	0	0	301	178	0	599	0	0	0	0	10	56	214	48	116	0	0	0	0	0	29	0	0	230	0	0	0	199	2	0	0	0	0	759	4	0	335	296	0	0	0	0	0	0	0	10	73	0	0	1	0	0	846	1086	0	321	5	5	0	0	0	0	0	0	0	0	0	0	0	0	0	0	0	0	0	46	0	0	0	0	0	0	0	914	0	0	0	4	2	41	0	0	1	4	50	0	86	2	13	2	0	9	0	19	601	34	0	3	667	1	0	2	0	36	17	0	0	0	0	0	0	23	0	3	0	0	109	0	0	3	0	6	0	269	95	0	351	78	285	16	7	0	15	12	3	77	0	254	95	0	0	0	709	2040	42	56	22	40	0	7	9	0	58	0	158	11	0	72	0	0	4	0	2	224	509	0	0	542	111	277	0	0	0	0	0	0	0	0	466	0	88	0	0	105	0	0	77	322	1847	46	1490	1435	0	3359	57	0	100	7056	62	0	803	39	1105	2628	212	372	0	0	3	0	0	2	62	0	0	200	0	0	139	78	41	0	0	0	0	0	0	414	15	3	0	4519	0	31	0	0	0	149	9	20	7	43	10	16	220	163	4	0	225	0	40	9	278	460	3	0	2	0	0	548	0	223	0	21	31	54	0	10	0	0	0	0	0
np0238	0	0	0	4	0	0	0	4	0	0	0	3	0	0	255	0	145	0	0	0	0	15	0	0	0	0	0	0	0	4	0	0	4	1	0	0	25	231	0	0	0	0	0	0	0	0	245	740	0	0	0	1	3	0	0	0	8	0	0	0	0	0	0	0	0	0	3113	135	0	0	1	0	103	0	0	0	47	171	0	806	1581	0	981	0	0	0	0	0	23	0	0	0	63	0	89	0	0	0	0	0	0	0	947	5	268	40	2669	1	1142	0	4062	0	0	0	22	0	0	0	0	1	0	0	0	0	5	0	0	0	0	0	0	0	0	0	0	0	0	0	0	0	0	0	0	0	0	0	0	0	0	0	0	0	0	0	0	4	0	0	0	0	0	0	0	0	0	0	0	2	5	0	7680	0	458	0	73	0	0	665	0	0	0	0	0	0	1586	0	0	0	5	0	0	0	12	0	0	17	0	0	0	0	0	23	0	0	39	330	130	40	0	0	8	5	0	0	43	0	0	926	0	0	75	25	0	0	0	75	76	0	0	0	0	0	4096	0	0	2	0	0	0	0	0	11	0	47	15	13	18	57	7	130	27	0	22	294	0	0	66	65	0	78	0	5450	0	0	0	0	41	0	0	0	0	0	0	0	0	0	0	0	0	0	0	0	0	0	0	0	0	0	0	0	0	0	0	0	0	0	0	0	0	0	52	0	0	0	0	54	0	0	0	0	0	0	0	0	0	0	0	0	0	0	46	0	17	0	0	0	0	0	0	0	0	0	0	0	0	0	0	0	0	0	0	0	0	0	0	0	0	0	0	0	0	0	0	0	0	0	0	0	0	0	0	0	0	0	0	2	0	0	0	0	0	0	0	0	0	0	0	0	0	0	0	0	0	6	0	7	0	0	0	0	37	0	0	0	0	0	2009	80	0	31	121	7	1061	0	89	0	215	0	0	0	0	0	4	0	0	0	0	0	0	0	0	0	625	0	0	0	0	0	0	0	0	0	0	0	0	1	0	4	0	3	0	1	0	0	240	0	37	13	0	0	0	0	25	109	0	0	0	0	0	0	1950	0	0	110	0	0	0	0	2	0	0	0	0	52	16	64	0	0	0	0	170	1	1	0	0	233	167	0	0	0	0	0	0	0	0	0	0	0	0	0	0	0	0	0	0	0	32	0	233	0	0	3821	0	0	0	1907	0	0	0	0	0	1490	0	0	0	0	0	5743	0	0	0	0	0	18	0	0	1	6661	31	0	0	369	31	0	0	0	0	0	0	0	0	0	0	1	32	58	0	0	66	32	0	3	0	0	0	0	0	0	167	0	0	0	0	0	0	11	0	96	0	0	0	0	0	0	0	0	0	0	0	0	0
np0240	12	1	23	136	9	16	0	15	0	18	44	13	0	16	1262	5	3	0	2	0	0	6	2	4	0	2	14	0	0	18	0	23	0	0	5	2	1019	744	0	0	0	94	260	54	0	734	0	7	391	67	59	23	501	0	3	0	1678	0	5	0	0	0	0	0	0	0	0	740	0	0	0	179	105	1	8	0	10	14	0	3	0	0	8	0	272	15	0	6	0	0	0	31	28	0	0	32	0	0	0	0	0	3	143	115	324	329	171	26	0	28	160	0	0	0	0	4	0	310	6	0	0	16	37	0	0	35	43	18	57	100	44	15	0	0	0	50	108	58	66	0	0	2	24	0	1361	0	0	0	0	35	205	153	0	0	0	13	4	0	3	0	0	0	8	0	11	3	9	0	46	0	390	2	95	0	44	0	13	549	14	0	0	0	39	111	365	0	0	73	28	0	15	2	38	0	0	0	3	0	0	0	0	681	5	132	0	6	6	13	0	0	0	91	272	0	10	291	0	912	33	0	1585	1258	0	0	0	71	7	0	0	0	0	0	83	0	23	0	205	188	0	775	0	245	19	24	2	3	28	5	10	270	4	95	450	32	19	7	43	126	6	11	0	0	15	6	0	0	48	0	0	0	0	0	0	0	0	0	0	0	84	0	0	0	0	0	0	33	36	0	28	25	190	0	0	87	0	0	94	0	0	82	17	23	2	8	0	8	0	0	10	0	0	9	0	0	0	0	783	231	0	0	2	0	497	0	0	163	0	0	377	0	0	0	0	0	0	0	0	345	0	0	0	0	2	0	143	2429	0	1494	12	0	111	15	52	12	0	105	0	823	0	91	710	0	0	0	0	1	0	0	0	0	0	0	0	0	0	0	0	0	12324	0	0	0	0	43	342	2	3	99	0	0	0	0	0	0	0	0	1447	45	30	15	0	0	378	28	386	49	42	23	0	0	0	19	58	20	0	0	0	0	8	2	5	1	0	5	0	0	0	15	0	0	0	1	100	5	3	29	98	4	0	3	0	8	2	39	62	0	122	3	1	0	20	20	0	11	7	0	0	42	0	141	98	980	0	0	5	20	0	7	13	4	0	28	0	118	45	127	0	0	2	0	1	0	3	0	0	45	23	20	0	12	0	0	0	0	62	0	0	475	0	0	60	58	0	0	46	26	87	0	280	146	0	2504	40	617	31	100	20	55	0	0	45	154	18	420	13	4	2	105	0	0	0	0	0	396	0	43	49	10	4	137	0	0	0	16	90	0	0	28	0	187	5511	397	0	8	10	17	10	36	3	2	36	1	67	24	3	0	28	0	0	0	0	0	0	0	0	42	0	0	0	0	0	0	0	23	0	27	0	0	8	0	0
np0242	0	0	24	5	4	0	64	72	0	0	67	68	0	25	191	0	11	0	38	26	27	0	8	0	0	3	26	0	0	10	0	19	0	36	0	0	476	0	44	0	0	272	853	68	0	835	5	19	257	57	48	5	23	0	0	222	3309	0	5	3	0	0	0	0	0	0	0	1066	0	0	0	97	110	0	0	0	0	0	0	3	0	0	8	0	0	0	0	0	0	0	0	14	263	48	0	132	0	0	0	0	5	2	698	3	754	51	64	28	0	38	154	0	41	0	9	1	0	365	43	0	0	0	9	32	0	9	9	44	146	0	0	0	0	0	0	0	130	0	637	0	0	10	8	0	0	0	0	0	0	17	0	0	0	0	4	0	92	6	183	6	0	0	0	0	23	18	9	0	0	0	60	0	55	0	28	2	0	188	0	0	0	0	7	146	265	0	0	182	0	0	0	5	7	0	0	1	0	0	0	0	0	69	4	0	0	23	6	174	3	0	0	7	0	0	36	0	0	256	0	0	227	14	0	0	0	176	0	0	5	0	103	0	114	48	16	4	0	0	0	0	6	544	53	8	0	0	0	17	0	300	0	0	55	5	0	8	10	104	0	21	25	0	24	2	0	0	3	0	0	0	0	0	0	0	0	0	0	0	0	0	0	0	0	0	0	0	6	0	4	8	0	0	0	0	0	126	24	0	0	114	6	6	0	0	0	7	40	0	0	0	2	3	0	3	0	0	0	26	0	0	0	0	82	0	0	70	103	0	165	0	11	0	0	0	0	38	0	310	0	0	0	0	0	0	0	673	0	57	0	0	159	3	100	0	0	132	0	104	0	7	212	0	0	0	0	0	0	0	0	0	0	0	0	0	0	0	0	0	1545	0	0	0	0	48	0	10	0	0	0	0	7	0	0	0	0	24	0	18	0	4	0	6	774	78	116	0	26	13	0	0	0	99	270	13	0	0	0	0	4	3	18	0	0	0	0	0	0	3	0	0	0	29	19	0	6	69	0	0	0	12	0	52	0	62	26	24	5	16	0	0	46	0	0	80	0	0	0	0	0	679	84	4715	0	0	0	5	0	17	25	0	0	0	0	0	0	0	0	0	8	0	0	6	14	0	0	12	3	40	0	0	6	0	0	3	0	0	2	25	16	0	0	2	0	0	3041	0	280	14	1001	102	0	3852	128	703	33	313	452	0	0	0	406	43	23	280	0	0	0	17	30	0	0	0	0	76	0	0	88	19	19	36	0	0	0	0	0	0	937	0	0	53	2487	40	0	16	9	0	30	48	0	1	0	0	11	6	16	0	131	0	1	0	0	0	0	0	0	3	0	0	7	0	0	0	2	12	0	0	0	0	7	0	0
np0244	0	0	0	0	0	7	50	0	0	0	0	13	0	3	25	0	0	0	0	0	0	0	0	0	0	0	0	0	0	0	0	0	0	6	0	0	73	0	20	0	0	7	13	4	0	31	0	0	8	14	0	0	5	0	3	84	505	0	0	0	0	0	0	0	0	0	0	75	0	0	0	4	10	0	0	0	4	0	0	0	0	0	12	0	0	0	0	0	0	0	0	0	5	0	0	0	0	0	0	0	0	0	38	5	309	50	27	12	0	0	14	0	4	0	0	0	0	309	21	0	0	0	0	0	0	0	0	0	0	0	0	0	0	0	0	0	18	0	69	0	0	0	7	0	0	0	0	0	0	0	0	0	1	0	0	0	0	0	0	0	0	0	0	0	0	1	7	0	0	0	0	0	14	0	0	0	0	47	0	0	0	0	0	19	58	0	0	0	0	0	0	0	0	0	0	0	0	0	0	0	0	15	0	0	0	9	0	23	0	0	0	0	0	0	30	0	19	182	4	0	21	0	0	0	0	111	0	0	0	0	64	0	10	8	4	3	0	0	0	0	0	18	0	0	0	0	0	0	2	228	0	0	5	0	0	0	0	435	0	0	0	0	4	3	0	0	4	0	0	0	0	0	0	0	0	0	0	0	0	0	0	0	0	0	0	0	0	0	0	0	0	0	0	0	0	13	3	0	0	15	0	0	0	0	0	0	2	0	0	0	0	0	0	0	0	0	0	0	0	0	0	0	8	0	0	7	0	0	10	0	0	0	0	0	0	0	0	12	0	0	0	0	0	0	0	544	0	45	0	0	134	6	91	0	0	175	0	85	0	1	234	3	0	0	0	0	0	0	0	0	0	0	0	0	0	0	0	0	113	0	0	0	0	19	0	0	0	28	0	0	0	0	0	0	0	0	0	5	0	2	0	0	164	39	360	13	22	5	0	0	0	0	13	0	0	0	0	0	0	0	0	0	0	0	0	0	0	0	0	0	0	0	0	0	0	0	0	0	0	0	0	0	0	0	0	0	0	0	0	0	3	0	0	0	0	0	0	0	0	1	0	18	0	0	0	0	0	0	3	0	0	0	0	0	0	0	0	0	0	0	0	0	0	0	0	0	0	0	0	0	0	0	0	0	0	0	0	0	0	0	0	0	0	0	43	0	9	0	34	4	0	87	5	24	5	25	25	0	0	0	24	0	0	34	0	0	0	10	0	0	0	0	0	11	10	0	17	6	0	0	0	0	0	0	0	0	34	0	0	0	462	0	0	0	0	0	0	5	0	0	0	0	0	0	0	0	0	0	0	0	0	6	0	0	0	0	0	0	0	0	0	0	0	0	0	0	0	0	1	0	0
np0245	0	0	0	13	32	0	0	0	783	1	918	140	2	72	894	0	12	1	36	50	86	10	20	9	4	0	2	108	5	6	6	175	0	0	43	15	3122	522	0	0	0	1	116	64	0	2136	42	239	23	78	0	7	93	0	0	0	118	0	13	8	723	0	0	0	0	0	11	1360	0	0	2	0	85	0	6	527	0	384	0	36	16	0	217	0	53	1	0	9	169	4	0	0	380	0	0	19	0	30	0	16	0	33	825	39	709	74	156	354	0	39	388	0	0	27	105	0	0	1	0	0	387	69	16	0	14	54	178	52	30	0	0	0	0	23	41	0	0	0	0	9	0	0	0	0	18	0	8	17	2	0	0	1	0	0	0	439	0	0	0	0	0	0	0	0	14	60	392	6	4	0	938	0	195	34	0	944	0	2037	0	1270	0	0	0	332	885	0	0	0	23	0	10	14	1095	467	304	8	12	0	0	0	423	675	1288	22	0	765	226	1397	1918	0	0	493	167	0	90	0	245	3264	0	10	297	479	0	0	0	131	167	22	238	1	155	188	298	0	71	33	17	4	2	0	149	2028	14	166	23	37	432	459	17	476	9	0	106	576	1	7	8	28	9	516	344	5761	50	39	0	0	1170	673	0	0	0	0	0	0	0	447	0	0	0	0	0	0	0	0	0	0	0	1328	0	0	0	0	0	0	0	0	0	0	437	11	584	0	0	0	35	59	0	2	0	3	214	194	0	472	0	0	0	0	0	88	324	80	175	3	0	0	0	0	41	0	0	298	0	9	0	264	0	0	0	0	0	405	54	0	843	1011	0	0	0	0	0	0	0	7	757	0	0	41	0	0	871	2268	0	822	12	36	0	0	0	0	0	0	0	0	0	0	0	0	0	0	0	0	0	161	11	0	1	0	0	0	13	89	0	7	0	46	20	74	0	6	12	10	854	0	201	0	42	5	0	5	3	16	605	41	0	5	1440	0	0	12	7	89	234	0	0	0	0	2	0	0	0	2	0	0	0	5	6	6	0	17	0	376	66	0	540	74	276	27	14	0	47	23	14	84	0	131	38	0	0	0	322	874	27	66	16	22	0	50	33	0	18	0	148	61	0	186	14	13	5	3	0	96	254	0	0	225	42	108	0	0	0	0	0	0	0	2	98	0	70	0	0	39	0	0	129	305	1508	45	3605	782	0	7819	37	0	158	8489	36	0	864	34	1164	2219	54	1448	0	0	0	45	0	0	3	0	0	249	10	0	230	78	39	0	0	0	4	0	4	18	5	8	0	8461	0	41	0	6	5	173	34	21	14	135	9	27	413	179	10	0	345	0	76	71	332	5198	7	0	0	2	0	1896	0	1597	0	1142	105	66	4	0	0	0	0	0	0
np0250	0	0	0	0	11	39	171	0	0	1	43	0	2	0	2454	0	20	0	4	8	13	4	1	20	0	11	5	0	0	0	1	4	0	0	0	0	9	9	0	0	0	17	703	202	0	5	4	11	1	2	0	4	14	0	0	1	16	0	5	0	77	0	0	0	0	0	4	37	0	0	0	9	52	0	1	60	6	0	0	73	8	0	85	0	24	40	0	0	31	7	0	0	30	0	0	0	16	0	0	1	0	0	610	3	56	1443	152	372	0	49	384	0	0	3	0	0	0	192	6078	0	0	0	53	22	0	298	568	0	106	0	55	0	0	5	0	0	12	0	0	0	4	0	15	0	0	0	0	228	3	0	0	37	0	0	0	0	0	0	0	0	0	0	0	0	0	6	72	0	6	0	61	0	58	0	7	3	3	948	0	15	0	187	0	73	129	0	0	0	7	5	149	5	79	7	0	0	4	0	0	2	0	262	67	3	0	16	2	4	0	0	395	285	0	0	36	0	0	1633	0	0	568	1552	19	0	0	1545	0	0	21	0	15	109	11	0	7	11	171	83	44	4	9	646	0	38	9	0	13	0	11	39	0	0	21	24	7	0	431	690	1	60	8	0	2	6	0	0	67	856	0	0	0	0	0	0	0	0	0	0	0	0	0	0	0	2	0	0	0	0	0	0	0	0	0	0	0	0	0	0	0	7	28	0	0	14	0	97	0	1	0	0	35	0	0	191	0	0	0	0	10	3	14	0	0	0	0	0	0	0	2	0	0	0	0	0	0	4	0	0	0	0	0	0	17	0	0	3217	0	3033	0	0	56	0	0	2579	38	0	0	3	0	5	11	236	0	0	0	3555	0	0	0	0	0	0	0	0	0	0	11	0	0	0	0	0	0	3	114	0	0	0	0	0	0	0	0	0	0	49	184	26	13	0	4	0	822	0	579	100	473	145	0	0	0	0	27	7	0	194	0	0	0	0	0	55	3	0	0	131	0	13	0	42	0	0	0	0	58	0	0	0	5	1	5	21	0	0	50	5	8	1	0	0	0	0	0	67	0	0	288	0	0	0	22	220	83	8	0	219	0	5	4	0	9	0	0	10	3	30	0	0	16	0	0	0	0	0	0	2	39	26	0	0	7	0	0	4	418	0	0	0	4	0	0	20	0	0	0	39	94	0	909	1	0	1609	19	0	2	211	0	0	0	0	0	136	5	17	0	2	0	5	0	0	0	0	0	0	0	0	90	7	9	67	0	0	0	0	1	0	6	0	0	0	0	83	0	3	2	17	1	2	9	7	5	23	23	8	0	0	22	3	63	3	0	18	0	0	0	14	0	0	0	0	0	0	0	0	0	0	0	0	1	0	0
np0253	0	0	0	0	0	4	0	2	0	111	242	0	0	0	11	0	0	0	0	0	0	0	0	0	0	0	0	0	0	0	0	24	0	0	0	0	0	0	0	0	0	0	0	0	0	170	0	3	310	10	0	121	201	0	0	0	3033	0	0	0	0	0	0	0	0	0	0	25	0	0	0	0	7	0	36	0	0	0	0	2	0	0	36	0	0	2	0	0	2	2	1208	0	14	0	5	0	40	0	68	0	0	10	287	0	231	0	0	0	0	0	0	0	0	0	0	5	0	0	0	0	0	0	0	0	0	0	0	0	0	0	0	14	0	0	0	0	0	0	0	0	0	0	0	0	0	0	0	0	0	0	0	0	0	0	0	0	0	0	0	0	0	0	0	0	0	0	0	0	2	0	13	12	0	0	8	0	0	0	0	0	0	0	0	0	97	0	0	0	6	0	10	1	5	0	0	5	0	0	0	0	0	0	0	0	0	13	0	19	0	0	0	144	0	0	7	0	0	0	0	0	6	0	0	0	0	0	19	0	1	95	0	0	5	0	0	0	15	3	0	0	22	317	0	0	17	51	0	8	0	0	0	0	0	3	0	0	0	0	0	0	0	0	0	0	0	0	23	0	0	0	0	0	0	0	0	0	0	0	0	0	0	0	0	0	0	0	0	0	0	0	0	0	0	0	0	0	0	0	0	0	68	0	0	0	0	224	20	1	0	0	5	0	0	66	0	0	0	0	0	0	5	0	7	0	0	0	0	0	0	0	0	0	0	0	0	0	0	0	0	0	0	0	0	0	0	0	0	0	0	0	0	0	0	0	0	0	0	0	0	0	0	0	0	0	0	0	0	0	0	0	0	0	0	0	0	0	0	0	0	0	0	0	0	7	0	0	0	1728	0	0	17	0	0	0	0	0	0	0	0	0	0	0	18	0	1	0	0	0	0	0	0	0	0	0	0	0	0	0	0	0	0	0	0	0	0	0	0	0	0	0	0	0	0	0	5755	0	0	0	0	11	0	0	44	0	4680	0	0	29	0	0	0	0	5	759	0	0	0	0	0	0	5517	0	0	1855	0	0	0	37	55	0	0	0	0	3	0	0	0	0	0	0	0	1	0	0	0	3	1	0	0	0	0	0	0	0	0	0	0	0	0	0	0	0	0	0	0	0	2	0	0	0	0	6195	0	0	0	0	0	0	0	0	0	0	0	3	0	3	0	0	0	0	0	0	0	1976	0	0	0	2	0	0	0	5	181	0	0	0	0	0	0	0	0	0	0	37	11	0	0	0	0	0	0	2	33	0	0	0	136	0	0	0	0	0	0	0	0	124	0	28	0	0	0	0	0	0	0	0	0	0	0	0	0
np0255	3	0	2	15	0	4	0	0	0	5	16	10	0	0	244	0	0	0	2	0	0	2	0	6	0	0	4	0	0	3	0	5	0	2	0	0	224	232	0	0	0	7	45	8	0	346	0	2	291	41	7	9	69	0	0	0	863	0	0	2	0	0	0	0	0	0	0	489	0	0	0	121	20	0	3	0	20	48	0	0	0	0	3	0	3	11	0	1	0	0	0	7	11	0	0	10	0	0	0	0	0	5	60	112	188	132	55	7	0	2	20	0	0	0	0	0	0	80	1	0	0	0	10	0	0	2	8	8	16	20	12	223	0	0	0	7	93	6	72	0	0	1	0	0	398	0	0	0	0	16	83	113	0	0	0	1	0	0	2	0	0	0	3	0	0	0	2	0	11	0	127	1	37	7	11	0	10	280	0	0	0	0	19	165	199	0	0	16	18	0	8	0	8	0	0	0	0	0	0	0	0	93	0	18	0	5	0	7	0	0	0	25	114	0	3	91	0	413	4	0	471	503	0	0	0	69	1	0	2	1	0	0	39	0	8	0	58	59	0	206	0	186	25	19	0	1	65	8	2	91	0	35	105	3	1	0	4	16	0	6	6	16	4	3	0	0	27	0	0	0	0	0	0	0	0	0	0	0	40	0	0	0	0	0	0	14	9	0	13	10	49	0	0	18	0	0	17	0	0	20	5	7	0	4	2	5	0	0	1	0	0	0	0	0	0	0	97	64	0	0	0	0	201	0	0	48	0	0	104	0	0	0	0	0	0	0	0	118	0	0	0	0	0	0	50	1185	0	756	5	0	35	5	20	1	0	28	0	439	0	49	321	0	0	0	0	0	0	0	0	0	0	0	0	0	0	0	0	0	4474	0	0	0	0	14	57	0	0	14	0	0	0	0	0	0	0	0	623	21	17	0	0	0	301	21	85	7	12	6	0	0	0	3	14	4	0	0	0	0	0	0	3	5	0	3	0	0	0	1	0	1	0	2	7	0	0	7	21	0	0	1	0	2	0	14	16	0	52	2	0	0	4	5	0	3	3	0	0	6	0	15	21	158	0	0	2	5	0	3	5	0	0	2	0	19	11	27	0	0	3	0	2	0	2	0	0	10	5	11	0	0	0	0	0	0	34	0	0	77	0	0	13	18	0	0	17	8	60	3	79	82	0	470	6	155	3	27	15	7	0	0	17	31	3	136	10	0	1	16	0	0	0	0	0	195	0	23	19	0	0	90	0	0	13	0	55	0	0	9	0	71	2595	182	0	2	3	4	3	5	4	0	6	0	9	3	0	0	10	0	0	0	0	0	0	0	0	5	0	0	0	0	0	0	2	7	0	0	0	0	5	0	0
np0259	0	0	0	0	17	0	0	0	0	20	176	8	0	1	76	0	37	0	0	2	134	74	3	8	0	1	6	0	0	0	1	8	4	4	3	0	24	4	0	0	0	12	111	38	0	2	2	0	3	0	1	2	8	0	0	0	5	0	8	5	24	0	0	0	0	0	0	176	0	0	0	11	128	0	0	127	7	0	0	2697	1176	1777	2973	0	16	27	0	0	34	8	0	0	51	0	3	0	30	0	0	0	0	31	8965	4	92	5589	2611	3038	0	36	788	21	0	274	9	0	0	51	37000	0	17	0	69	12	0	383	322	0	26	100	35	13	0	5	0	0	0	0	0	0	2	0	2	0	0	0	2	24	3	3	0	43	0	0	0	0	0	0	0	0	0	0	0	0	10	63	1	0	14	0	291	11	83	0	9	47	3	9669	0	0	0	9042	0	3	969	0	0	0	68	15	0	7	166	3	0	5	21	0	0	6	0	362	97	20	2	5	4	6	0	0	58	15	0	0	46	0	0	1184	0	0	231	1396	63	0	0	1426	0	0	31	4	0	4	96	0	0	130	12	3	0	3	9	2288	0	9	18	0	25	7	27	69	0	0	18	5	5	0	18	8	0	99	3	16	4	33	0	0	622	939	0	0	0	0	0	0	0	0	0	0	0	0	0	0	0	20	0	0	0	0	0	0	0	0	0	0	0	0	0	0	0	28	33	0	0	0	0	64	0	0	3	0	203	0	0	1058	0	0	0	0	17	5	34	4	0	0	0	0	0	0	3	0	0	0	0	0	0	0	0	0	0	0	0	1	296	0	10	15451	0	14931	0	0	163	16	0	12079	2139	1	1	187	0	46	46	2660	0	41	0	17961	0	0	0	0	0	0	0	0	0	0	63	0	5	0	0	0	0	78	0	130	8	12	0	0	25	0	0	0	0	3	20	8	129	9	5	0	34	0	93	5	14	7	0	0	0	7	95	11	0	65	0	0	0	4	3	852	1375	0	0	134	0	17	0	7	0	0	0	0	62	19	5	0	0	8	5	18	0	0	62	9	7	2	9	2	0	0	3	992	0	0	603	0	0	11	443	2088	693	8	0	282	0	3	3	0	30	0	0	19	15	26	0	0	73	0	0	0	1	0	0	13	33	14	0	3	5	0	0	16	944	0	0	0	3	0	0	9	0	13	0	33	168	0	1283	5	0	1924	29	0	3	853	0	0	0	0	7	146	3	438	0	9	1	594	0	0	0	14	0	8	0	0	115	7	17	19	1	870	11	0	0	575	48	0	0	0	0	198	0	11	3	5	0	0	11	4	7	21	15	9	0	0	24	20	46	96	3	799	0	0	2	4	0	10	2	0	0	0	0	0	0	0	0	0	0	0	0
np0260	0	3	33	0	55	2	0	8	0	6	32	3	0	2	145	0	0	0	10	10	3	0	4	5	0	0	4	0	0	19	3	10	3	7	0	0	67	46	0	0	0	61	101	66	0	44	1	1	14	0	51	10	49	0	78	0	299	0	8	4	0	0	0	0	0	0	0	46	0	3	0	926	86	1	10	0	1	0	0	9	0	3	23	0	65	9	0	1	0	0	0	18	26	0	0	51	0	0	0	0	0	9	151	15	111	37	54	10	0	19	151	5	8	0	0	10	0	102	55	0	0	7	14	60	0	15	24	55	154	3	0	1	0	0	0	30	9	2	4	0	0	10	38	0	29	0	1	4	6	15	1111	89	4	0	0	4	0	2	17	3	11	0	2	0	8	2	4	0	4	0	166	5	15	0	14	0	5	481	10	0	0	0	20	4	343	0	0	0	0	0	0	10	12	0	0	5	6	0	0	0	0	105	30	23	0	58	9	73	0	0	0	11	73	0	64	55	0	114	0	0	455	185	0	0	0	18	2	0	0	1	0	0	24	0	41	0	0	0	0	0	0	29	4	8	2	0	28	29	3	95	0	17	20	11	0	0	7	22	1	21	4	0	8	2	0	0	8	0	0	0	0	0	0	0	0	0	0	0	53	0	0	0	0	0	0	10	7	0	8	10	101	0	0	45	0	0	16	2	0	50	13	11	1	25	0	0	1	0	1	0	1	16	0	2	0	0	181	22	0	0	1	0	52	4	0	9	6	0	18	0	0	0	0	0	0	0	0	8	0	0	0	0	0	0	17	365	0	20	0	0	113	9	35	8	0	74	0	87	0	7	169	0	0	5	10	0	0	0	0	0	0	0	0	0	0	0	0	0	554	0	0	0	0	55	12	5	29	4	0	0	124	0	0	0	0	0	873	15	7	12	3	5	172	9	147	6	8	0	0	0	0	7	17	3	0	0	0	0	3	2	0	5	0	51	0	0	8	8	0	8	0	0	152	19	25	64	55	2	0	14	0	16	0	61	56	0	140	2	2	0	14	21	2	28	15	0	0	63	2	122	120	383	0	0	6	29	0	0	8	0	0	15	0	38	13	24	0	0	0	5	2	1	11	0	0	15	17	16	0	49	0	0	0	0	136	0	0	42	8	0	27	8	0	0	10	3	116	0	49	49	0	340	6	88	86	233	114	23	0	0	129	75	13	212	12	5	3	50	0	0	0	0	0	107	0	6	23	2	4	155	0	0	0	0	3	0	0	3	0	12	350	123	0	29	21	8	3	17	3	0	9	1	38	5	0	0	33	4	7	1	0	0	0	0	0	95	0	0	15	1	0	0	0	27	0	22	0	0	1	0	0
np0264	17	0	12	18	0	34	5	26	16	99	31	0	0	4	28	19	8	9	0	4	0	0	6	0	11	0	7	0	49	40	19	17	64	13	30	17	1213	9	20	50	9	91	584	39	70	444	13	29	183	99	116	44	109	43	0	1	220	13	46	2143	13	7	0	146	52	8	0	1188	59	1	0	7	30	5	8	4	0	0	0	11	3	4	51	3	42	12	59	189	5	18	12	0	153	2	1	2	2	3	0	5	13	8	1020	15	434	15	51	61	0	42	195	0	0	0	0	3	13	88	16	282	0	2557	37	0	25	92	177	1	4	12	32	0	14	43	8	8	38	0	64	0	23	4	7	138	1758	1691	0	55	0	14	0	1220	1	8	10	3	60	11	35	12	0	111	55	6	19	11	32	4	39	46	166	5	432	32	8	0	0	661	1	8	139	5	0	7	285	5	17	490	101	106	0	498	38	0	1	0	0	5	0	26	1	5	7	0	25	64	27	30	1	0	0	0	0	0	5	0	8	391	21	0	43	31	0	0	5	23	1	27	0	0	66	4	1927	1	39	12	69	22	23	0	0	195	0	0	2	0	1	4	2	68	0	7	31	17	10	10	324	439	0	27	92	1	52	85	0	0	0	32	19	20	28	20	56	63	33	32	7	0	0	20	24	12	10	16	12	0	0	17	3	0	16	8	10	238	104	0	0	660	14	33	68	11	15	29	13	11	2	1	7	0	7	5	5	25	0	0	25	0	3	26	15	5	8	0	28	7	3	0	108	19	6	24	27	0	0	68	26	15	48	17	54	747	33	6	14	25	92	1	14	23	1	0	0	1	2	1703	0	8	0	2293	1824	1345	94	0	0	20	1671	19	6	836	27	7	5	4	2	13	0	107	1313	53	242	218	137	26	0	7	0	24	6	0	0	0	7	8	11	54	219	380	59	12	0	0	107	0	220	16	42	13	741	113	22	22	90	72	14	5	11	12	12	2	9	0	11	0	1413	17	34	17	18	40	8	32	14	5	7	5	6	13	0	16	0	20	0	78	1304	48	62	9	11	60	8	3	21	51	0	32	56	14	4	28	123	332	208	59	0	4	20	7	2	9	13	6	30	81	26	75	10	4	4	5	0	4	23	7	14	58	131	68	10	9	0	37	1	68	0	13	0	1	16	1	2	165	51	23	93	131	159	0	1338	122	0	6308	36	170	9	112	0	0	0	0	8	413	34	97	0	2	0	23	3	0	10	4	7	842	11	5	144	17	3	85	2	0	0	0	0	0	0	12	213	804	383	252	4	1	3	737	13	234	365	481	326	556	2720	512	10	0	223	4	29	4	25	6	9	0	0	4	2	4	0	2	0	0	6	59	0	75	156	89	6	17	14
np0270	0	0	0	10	2	0	0	0	2	47	59	0	0	16	289	13	4	0	0	2	0	5	6	13	7	2	5	0	43	15	20	22	38	7	10	7	518	7	12	18	16	171	251	56	92	579	0	4	131	93	6	8	18	4	28	0	110	8	11	1	33	20	0	11	0	8	3	185	6	0	0	3	15	1	3	0	3	3	0	0	0	0	1	0	8	0	21	139	12	8	22	0	68	1	0	0	4	2	0	0	4	0	50	0	61	1	39	48	0	3	28	0	0	0	0	0	0	29	8	175	0	3	7	0	3	16	8	0	0	0	0	0	16	10	0	0	69	0	21	0	7	0	137	0	10	8	1	93	21	313	0	253	4	4	6	204	2	1	9	2	1	9	47	2	11	8	14	0	7	6	35	8	43	0	4	0	0	172	1	0	80	17	0	4	162	0	3	0	0	0	0	1	12	0	0	0	0	6	0	30	0	689	383	0	13	34	21	24	0	0	0	0	308	62	254	45	107	4399	221	82	5972	779	34	318	117	908	79	0	5	0	7	2	41	0	0	4	0	0	0	0	0	88	0	5	1	173	219	1366	1	96	0	0	22	17	2	0	16	29	7	32	27	0	9	1	4	0	0	21	8	19	21	13	11	4	20	5	5	0	0	10	6	7	19	11	7	0	0	8	0	0	0	1	2	73	28	0	1	233	12	15	43	71	5	0	0	8	6	0	0	0	10	8	0	18	0	0	23	0	0	35	11	8	6	0	27	5	8	0	103	13	0	16	36	0	2	81	23	14	58	7	186	2527	106	0	41	136	608	1	102	98	1	4	0	2	0	36	3	33	57	122	565	135	271	2	0	160	33	139	283	3069	1191	28	26	27	3	12	0	253	662	0	51	274	155	23	43	0	0	0	0	136	0	0	26	2	3	22	99	98	26	0	2	1	15	0	188	14	20	7	39	50	20	18	191	82	8	2	3	7	13	1	0	35	0	0	283	22	3	2	1	9	4	32	0	0	0	0	0	2	0	4	2	6	0	0	65	11	6	2	4	1	9	0	22	24	5	60	109	13	0	43	229	337	226	40	0	7	6	0	0	6	5	6	16	59	13	47	5	0	3	0	0	9	8	7	12	25	48	39	10	18	0	16	7	27	0	3	0	0	5	333	0	87	9	0	35	45	80	0	282	20	0	684	12	19	16	191	0	0	0	0	12	658	18	34	0	0	0	0	0	5	13	0	0	96	0	8	116	36	0	8	0	0	0	0	0	0	0	13	233	183	296	11	2	0	3	7	0	9	2	4	3	6	41	8	0	0	26	0	0	4	30	212	43	0	1	14	0	1	0	0	0	0	0	16	0	19	46	43	6	19	5
np0272	0	3	5	11	0	0	0	0	2	16	35	0	17	26	12	0	1	8	0	1	0	10	0	4	9	1	10	25	53	12	14	9	53	0	32	8	1029	6	10	23	8	209	259	58	52	305	4	24	106	62	33	13	60	24	3	0	105	10	39	0	20	0	0	20	0	21	8	558	0	0	0	5	19	1	5	0	0	0	3	0	0	0	0	5	4	0	59	660	15	22	31	0	130	0	0	3	4	2	0	1	0	0	51	6	148	10	110	66	0	20	83	0	0	5	0	0	8	269	16	135	0	6	5	0	17	47	33	1	0	0	0	0	57	15	12	15	243	0	94	26	56	0	136	0	130	169	2	74	34	351	13	260	2	9	7	44	2	0	9	8	0	163	141	1	7	2	11	0	10	7	58	4	83	0	6	0	1	170	15	2	131	10	0	8	197	8	3	0	0	0	0	5	0	0	0	0	0	7	0	27	0	1015	401	0	21	62	36	42	0	0	0	0	216	45	46	36	89	2994	150	43	4313	413	0	226	135	498	41	6	5	0	16	0	25	1	7	5	0	0	0	0	0	164	0	8	0	0	32	66	11	401	16	31	94	15	1	1	40	61	0	22	28	0	24	4	0	0	0	0	14	10	12	13	22	12	0	16	3	0	0	0	0	0	0	8	4	1	0	9	0	0	9	0	6	149	38	0	0	335	0	11	31	95	20	6	11	7	1	0	0	0	11	0	0	16	0	2	20	0	7	6	20	4	0	0	3	3	9	0	238	45	12	35	6	0	6	53	61	41	74	37	221	7185	70	0	46	63	704	0	95	36	1	4	0	29	0	64	9	10	0	53	582	224	782	1	0	107	27	52	409	9832	1914	50	37	27	42	117	0	83	330	0	92	83	114	23	0	6	0	0	0	0	0	0	0	6	9	20	120	155	51	4	4	0	69	3	837	0	27	0	49	687	171	10	104	20	181	3	0	19	0	1	0	18	17	0	209	6	16	8	16	32	13	30	7	4	4	2	2	0	0	0	1	8	0	7	59	14	10	2	3	71	13	3	32	24	0	49	65	8	0	76	430	398	157	100	0	11	42	4	4	0	5	4	6	57	43	93	4	0	0	0	0	29	36	0	0	49	91	29	0	71	0	13	30	91	1	1	0	1	7	907	0	50	32	24	114	107	144	0	659	23	0	1174	30	36	38	248	26	0	0	0	36	381	33	12	0	0	2	0	0	2	9	0	2	296	0	0	97	41	0	14	0	0	0	0	0	0	9	8	154	121	272	8	4	6	5	16	0	2	4	3	2	6	42	0	1	0	28	0	12	16	26	441	7	0	1	4	0	0	0	0	0	0	5	36	0	31	38	22	0	196	52
np0273	0	0	0	0	0	0	0	0	0	0	4	0	0	0	49	0	0	0	0	0	0	0	0	0	0	0	0	1	0	0	0	0	0	0	0	0	17	0	0	0	0	0	4	0	0	12	0	0	0	0	0	0	0	0	0	0	0	0	0	0	32	0	0	0	0	0	0	0	0	0	0	0	0	0	0	0	0	0	0	0	0	0	0	0	0	0	0	0	0	0	0	0	0	0	0	0	0	0	0	0	0	0	0	0	0	0	0	0	0	0	0	0	0	0	0	0	0	0	0	0	0	0	0	0	0	0	0	0	0	0	0	0	0	3	0	0	0	0	0	0	0	0	0	0	0	0	0	0	0	0	0	0	0	0	0	0	0	0	0	0	0	0	0	0	2	0	1	2	0	0	0	0	1	0	0	0	0	0	0	0	0	0	0	4	0	0	0	0	6	0	0	0	0	0	0	0	0	0	0	0	0	0	0	0	0	0	0	0	0	0	2	0	0	0	0	0	0	0	0	0	0	10	0	0	0	0	0	0	2	0	0	0	0	0	0	0	0	0	0	0	1	5	0	4	0	0	0	0	0	0	0	0	0	0	0	0	4	10	0	8	0	0	0	0	0	0	0	0	0	0	0	0	0	0	0	0	0	0	0	0	0	0	0	0	0	0	0	0	0	0	0	0	0	0	0	0	0	13	0	0	14	0	0	0	0	0	0	0	0	0	5	0	0	8	0	0	0	0	0	1	0	0	0	0	0	0	0	0	0	0	0	0	0	0	0	8	2	0	5	0	0	0	83	0	60	4	0	0	0	1	0	64	0	0	1	0	0	0	0	0	0	13	0	0	0	9	0	0	0	0	0	0	0	0	0	0	0	0	0	0	0	0	0	0	0	0	0	1	0	0	0	0	0	0	0	2	0	0	0	0	0	0	4	0	4	0	0	0	858	0	0	2	5	0	0	0	0	0	0	0	0	0	0	0	0	1	0	0	0	0	0	0	0	0	0	0	0	0	0	0	0	0	0	0	0	0	0	0	0	0	0	0	0	0	0	0	0	0	0	0	0	0	0	0	0	0	0	0	0	0	0	0	0	0	0	0	0	0	0	0	0	0	0	0	0	0	0	0	0	0	0	0	0	0	0	0	0	0	0	0	0	0	0	0	0	2	0	0	5	4	1	0	0	0	1	0	0	0	0	0	0	0	0	0	0	0	0	0	0	0	0	0	0	126	21	0	4	0	0	0	0	0	0	0	0	0	1	0	0	0	0	0	0	0	0	0	0	0	0	0	0	0	0	0	0	0	1	0	0	12	0	5	0	0	0	0	0	0	0	0	0	0	0	0	0	0	2	0	0	0	0
np0274	0	0	0	505	4	0	69	0	153	188	220	14	1	16	678	0	19	58	43	20	0	2	18	30	12	18	83	204	215	21	0	632	20	0	12	47	1988	13	0	0	0	1110	3859	45	0	1461	19	61	85	309	51	134	539	0	0	0	3227	0	209	18	31	0	0	0	0	0	0	3687	0	0	0	2301	98	1	0	0	0	48	12	13	1	0	65	0	21	0	0	17	119	0	0	0	822	329	17	914	0	197	0	0	8	17	182	20	2167	285	177	120	9	0	210	0	0	7	32	0	0	200	89	0	0	0	16	119	47	141	65	192	218	0	0	0	0	0	0	0	298	5	36	0	0	0	13	0	0	0	7	103	26	28	0	13	0	0	0	0	18	0	14	18	0	0	0	0	38	72	61	15	17	0	745	57	196	0	43	14	0	1024	101	0	0	0	0	204	1897	0	0	0	124	72	15	7	406	151	0	0	0	2	0	0	0	702	17	80	5	38	16	34	0	0	0	2327	194	0	43	0	0	1983	0	0	543	188	0	0	0	96	15	21	0	4	0	0	439	0	1	25	463	209	95	0	12	1125	0	70	7	0	3	39	8	84	5	0	195	2423	2	51	86	12002	6	172	451	5	29	6	0	0	16	0	0	0	0	0	0	0	0	0	0	0	0	0	0	0	0	0	0	0	0	1	0	0	0	0	0	261	0	0	0	0	0	2	196	118	10	0	18	71	48	15	0	0	11	292	0	74	0	11	0	0	7	0	76	0	10	0	0	0	0	0	0	0	0	0	0	0	0	537	279	0	247	0	0	0	3	0	300	511	0	0	0	0	0	4	0	1	2	0	0	20	0	0	213	777	0	421	9	66	0	0	0	0	0	0	0	0	0	0	521	0	0	0	0	0	0	59	0	75	0	169	0	0	15	0	0	0	0	5178	2703	299	0	14	0	1	281	0	267	5	12	13	0	42	194	19	495	442	0	22	0	54	0	4	0	14	19	0	0	0	0	0	0	50	0	39	0	37	8	0	24	1	0	33	37	320	75	0	571	204	811	155	10	1190	40	71	74	1450	0	0	2156	0	0	0	2191	5648	2557	23	0	2	0	0	3	0	0	0	0	580	297	722	0	43	14	21	5	7	374	0	0	60	414	8	0	0	0	0	2	0	0	17	16	0	483	0	0	98	0	0	0	185	1864	0	19568	18	0	7583	101	0	491	1996	170	0	160	3	227	1283	1445	358	0	0	2	27	0	0	0	240	2	2357	0	2	190	19	4	0	7	0	0	0	0	66	4	5	0	90	6197	169	0	25	3	176	1	0	0	0	11	207	320	11	0	7	453	0	0	360	17	2	0	0	0	71	12	6	0	0	0	0	5	206	0	91	16	31	17	0	0
np0277	0	3	0	12	11	0	4	4	16	65	212	17	24	10	4290	650	7	6	10	14	6	16	10	21	11	7	32	2	42	14	13	80	72	9	0	0	363	9	17	0	27	273	364	107	38	1410	12	53	160	138	22	19	57	24	0	7	1758	76	20	14	43	17	15	111	155	430	3	4684	110	3	5	30	377	20	76	16	19	7	212	26	16	23	123	56	9	135	1	450	42	42	113	0	485	4	7	27	10	23	5	36	15	30	481	25	178	88	124	116	0	130	713	30	32	6	38	9	97	822	284	271	0	78	6	10	21	26	79	62	153	0	0	0	18	17	174	333	210	9	235	38	373	17	35	18	121	106	21	5	23	79	2	219	512	143	122	70	0	13	20	18	5	12	28	11	39	40	31	4	12	24	271	43	76	54	46	74	25	1875	39	13	186	73	0	22	1531	32	59	1	30	0	0	27	37	8	16	14	11	9	15	3	13	148	356	12	4	146	62	83	29	13	20	51	86	28	189	0	11	756	30	7	1310	401	9	33	12	121	56	0	8	0	52	14	193	9	37	28	7	0	0	0	3	210	6	26	10	4	17	84	18	165	12	10	137	83	5	1	259	477	22	72	15	0	11	9	28	12	28	97	186	110	251	161	125	78	156	87	26	15	0	92	74	127	411	28	21	0	0	177	0	0	76	50	47	941	354	13	4	687	85	45	128	3	6	15	4	10	17	5	4	63	140	176	60	742	80	18	349	6	7	108	36	9	32	3	50	11	17	37	283	50	10	50	57	5	23	294	121	33	149	39	587	6117	32	0	24	41	1656	1	29	67	0	0	0	4	2	51	0	34	34	90	312	100	777	4	0	80	47	60	104	7432	442	65	41	44	15	12	0	48	396	17	55	107	101	81	102	490	23	177	10	707	0	5	313	72	41	229	1273	162	26	46	17	0	172	0	528	23	33	11	459	88	37	82	683	219	28	6	5	18	25	8	27	0	0	0	5	0	80	13	1	19	0	16	0	0	3	75	68	29	0	51	27	111	0	26	1146	249	97	12	21	15	95	24	146	156	7	230	412	59	176	162	2463	1346	1190	274	0	34	35	25	28	88	18	16	32	885	510	1219	96	7	5	4	4	24	32	62	41	109	175	129	100	493	12	188	225	183	3	15	3	0	31	22	1	702	227	82	600	1081	425	0	3865	387	0	9388	120	205	316	2408	76	14	4	35	478	8948	204	136	4	11	0	25	36	18	14	0	20	167	0	77	270	62	31	59	5	0	0	0	0	0	1	28	362	636	699	60	27	33	32	112	7	71	123	73	70	66	866	135	43	0	286	36	178	4	21	47	3	16	2	152	11	17	4	8	0	14	4	83	6	63	71	44	2	37	14
np0278	0	0	0	0	3	0	0	0	0	0	41	0	6	0	45	0	9	0	26	15	0	4	0	6	0	0	3	0	0	0	0	30	41	0	0	0	82	0	6	0	0	38	126	12	0	41	0	4	4	12	0	7	51	0	0	0	2	0	37	0	0	0	0	0	0	0	0	14	0	0	0	0	55	0	0	0	55	0	0	0	10	14	11	0	11	0	0	16	0	0	0	0	52	2	0	0	4	2	0	0	9	3	165	6	117	11	21	33	1	0	12	0	0	3	9	0	0	0	2	0	0	54	0	0	11	5	21	45	40	0	0	0	0	0	0	0	0	0	0	0	0	0	0	0	1	0	0	0	0	1	0	0	0	0	0	3	0	0	6	0	0	0	0	0	1	1	0	0	15	58	66	1	11	0	44	0	26	583	0	0	0	0	11	164	340	0	0	0	8	5	0	22	2	0	0	50	0	0	0	0	3	5	0	0	20	23	31	12	0	2	0	13	0	0	2	0	0	24	0	0	114	8	0	0	0	5	0	2	0	0	0	0	11	0	0	2	0	0	0	0	1	223	0	3	2	7	23	11	0	46	0	5	778	71	0	2	0	0	3	13	131	579	0	0	0	0	8	0	0	0	0	0	0	0	0	0	0	2	0	0	0	0	0	36	38	0	0	0	0	0	0	0	0	0	0	0	0	0	0	7	65	0	0	0	0	2	0	0	0	0	6	0	0	40	0	0	0	7	0	0	81	2	96	0	0	0	0	0	0	0	0	0	0	0	0	0	0	0	0	0	0	0	0	0	0	0	0	0	0	0	0	0	0	0	0	0	0	0	0	0	2	0	0	0	0	0	0	0	0	0	0	0	0	0	0	0	184	0	0	0	0	0	203	5	0	0	0	0	0	0	0	165	0	0	0	0	7	16	0	1	0	0	66	0	37	0	31	0	0	0	0	0	95	8	0	0	0	0	0	0	1	6	13	0	0	463	0	0	0	0	0	3	0	0	1	3	0	8	0	1	0	8	0	5	5	88	35	2	5	0	21	0	0	7	0	0	17	0	0	0	97	438	34	0	3	3	0	0	106	0	0	0	0	23	14	15	21	0	0	0	0	2	4	0	0	53	18	27	0	35	0	0	8	20	5	0	0	0	0	0	2	37	0	0	363	29	912	46	319	33	0	1640	7	431	15	113	60	0	0	0	81	9	16	15	0	0	0	18	0	32	421	0	0	154	0	0	28	4	0	0	0	0	0	0	0	4	0	0	0	0	0	2	0	1	2	0	0	0	2	0	5	0	11	13	0	0	57	6	5	0	0	0	0	0	0	0	0	8	0	0	3	0	39	24	23	5	0	0	8	0	0
np0282	0	0	0	38	25	91	11	0	389	1117	263	32	13	0	1837	0	4	0	335	589	211	10	16	11	281	23	58	531	122	43	0	307	17	0	9	30	2225	250	0	0	0	7827	5118	56	0	6835	7	27	466	27	4	72	30	0	0	0	507	0	196	4	56	0	0	0	0	0	3	1090	0	0	0	2972	994	142	0	0	0	42	0	0	0	0	28	0	0	0	0	1010	93	2	1	0	692	354	22	411	0	959	0	0	1	58	212	2	161	65	177	31	0	7	569	0	45	0	36	74	0	464	0	1	0	0	8	19	5	65	22	32	25	921	411	58	0	0	2	5	0	0	0	0	0	1	0	0	0	0	27	562	29	24	0	5	0	0	3	0	4	0	73	0	0	0	0	0	45	90	35	27	2	0	433	53	198	0	145	78	0	653	0	0	0	0	0	237	998	0	0	0	102	170	8	3	105	3	2	8	3	9	0	0	0	24	12	5	6	33	9	13	8	2	0	8	263	0	12	0	0	534	0	0	372	88	0	0	0	47	3	733	95	0	0	0	38	0	5	25	2677	1058	562	0	21	1505	0	21	11	0	0	35	8	39	0	0	172	118	7	91	102	1281	31	92	179	0	6	2	0	0	9	0	0	0	0	0	0	0	0	0	0	0	0	3	1	0	6	0	0	0	0	0	0	0	0	0	0	5	4	0	0	3	0	6	110	14	3	2	455	80	27	10	0	0	102	417	0	6	0	217	0	0	0	0	38	0	3	20	0	0	0	0	0	0	0	0	0	0	0	506	192	0	267	0	2	10	1	0	0	0	4	0	0	0	0	0	0	0	1	0	0	16	0	0	6	7	0	32	0	8	0	0	0	12	0	0	0	0	0	0	459	2	0	0	0	0	0	79	0	17	3	3	0	0	0	0	0	0	0	1185	841	99	0	25	0	0	131	0	144	46	9	105	5	15	65	116	2959	316	0	75	0	15	0	4	0	0	12	0	0	0	0	0	0	39	0	33	0	0	0	0	19	30	0	135	106	191	448	0	1894	316	1076	11	193	0	203	127	186	347	0	0	562	0	0	1	2340	664	424	81	0	0	0	0	18	0	0	0	0	1555	1630	1908	0	1768	30	115	2	18	366	0	0	1139	643	478	0	0	2	0	1	0	0	0	124	0	344	0	0	386	0	0	0	324	680	0	10570	21	0	9796	80	0	622	3465	160	0	163	3	419	966	153	106	0	0	0	23	0	0	0	214	117	854	0	21	358	87	25	1	43	0	1	0	0	2	0	0	0	44	5154	41	0	36	40	662	3	0	0	0	31	30	147	59	0	48	473	0	17	42	14	0	1	0	0	32	0	112	0	0	0	0	15	319	0	83	0	0	40	0	0
np0283	5	0	0	34	18	1	2	37	14	255	151	19	8	188	3110	134	11	37	20	22	7	17	5	28	19	11	147	168	152	36	60	118	147	15	34	19	1365	10	88	64	46	577	1026	176	91	1722	29	82	321	308	88	31	195	137	6	0	2304	80	89	164	43	31	48	462	480	150	7	17927	467	3	9	29	399	24	93	9	37	7	4	18	3	5	56	27	71	31	289	1052	72	91	153	4	994	6	2	20	13	24	2	34	12	36	1665	94	751	116	441	381	0	222	1050	11	27	5	28	9	80	804	190	979	0	134	22	5	43	87	112	39	112	11	6	4	120	207	78	144	818	43	2233	45	236	10	46	24	125	116	20	49	26	95	4	735	79	356	303	14	123	13	43	80	5	22	165	19	75	40	43	5	39	53	343	23	316	53	69	77	24	1591	29	19	145	130	0	44	1588	27	93	0	307	0	0	32	42	10	33	2	13	44	91	147	31	72	117	3	7	78	42	47	34	5	20	134	124	35	174	10	25	1496	81	23	1495	423	19	32	46	260	100	0	4	3	77	14	705	13	39	27	11	5	4	0	6	504	8	18	6	1	2	27	30	904	27	78	183	141	14	11	202	337	10	50	83	4	130	31	45	16	12	169	101	131	295	180	332	177	449	182	42	44	0	195	193	166	519	41	42	0	1	75	2	0	116	55	59	1674	686	23	5	1135	148	155	632	22	55	34	11	20	62	5	4	57	134	206	65	805	102	34	363	20	28	212	91	46	61	15	81	32	14	119	612	103	30	76	78	17	18	385	335	76	240	71	2074	6163	483	131	333	364	5465	12	195	365	7	4	0	47	12	440	27	528	654	781	3621	676	415	4	0	864	608	411	73	4366	230	48	56	40	8	22	0	289	3024	104	755	609	263	171	70	143	10	239	16	0	272	6	355	223	114	409	1896	341	78	56	10	0	733	14	570	15	47	13	1721	93	27	114	916	350	13	16	21	23	46	11	41	4	23	0	866	67	59	36	13	66	3	101	5	2	8	98	100	29	0	42	27	134	8	36	1414	201	108	22	39	28	64	28	123	582	20	310	854	75	55	222	4348	1693	1830	439	4	54	180	11	16	83	35	41	110	901	568	1289	100	4	23	14	2	47	106	90	80	263	477	220	169	57	9	147	31	440	4	56	3	5	36	26	6	509	129	52	405	1237	984	12	4902	316	39	12149	163	374	274	1965	91	0	0	0	459	5820	427	468	7	6	0	42	8	20	55	9	35	304	0	107	476	65	35	218	4	2	0	4	18	0	0	14	450	576	635	217	40	26	33	115	5	74	106	68	62	71	742	93	50	2	417	66	279	18	331	27	207	22	2	43	0	13	0	11	0	17	12	140	8	114	118	57	32	28	10
np0286	0	0	70	0	0	17	67	104	0	0	45	27	0	31	106	0	14	0	74	72	8	0	5	0	0	9	29	15	0	3	2	0	0	29	0	0	328	0	113	0	0	294	1051	55	0	365	0	14	45	22	64	6	18	0	0	121	918	0	4	9	0	0	0	0	0	0	0	297	0	0	0	31	31	0	0	0	0	3	0	0	0	0	0	0	0	0	0	3	0	0	0	5	133	21	0	48	0	0	0	0	17	0	1088	0	1186	17	65	15	0	3	93	0	10	0	3	1	0	73	8	0	0	0	4	0	0	22	22	32	136	0	21	0	0	0	0	0	126	0	245	0	0	0	3	0	0	0	0	0	0	14	0	0	7	0	0	0	104	8	137	9	0	0	9	0	14	13	11	0	3	0	49	0	135	0	10	0	0	126	0	0	0	0	11	259	281	0	0	55	0	0	0	12	4	0	0	0	0	0	0	0	0	23	0	0	0	13	6	126	0	0	0	0	0	0	23	0	8	115	4	0	19	0	0	0	0	42	0	0	6	0	37	0	185	23	1	2	0	0	0	0	0	561	16	0	2	0	0	2	1	400	0	0	15	0	0	0	0	23	0	7	32	0	25	0	0	0	0	0	0	0	0	0	0	0	0	0	0	0	0	0	0	0	0	0	0	37	69	0	53	25	0	0	0	0	0	48	4	0	0	91	2	36	0	7	2	12	44	0	0	0	2	0	0	0	0	0	0	22	0	0	0	0	75	0	0	42	72	0	164	0	11	0	0	0	0	43	0	172	0	0	0	0	0	0	0	1673	0	118	3	0	513	18	272	2	0	519	0	305	0	22	690	0	0	0	0	0	0	0	0	0	0	0	0	0	0	0	0	0	1061	0	0	0	0	83	0	4	0	0	0	0	0	0	0	0	0	7	0	28	0	6	5	4	1077	263	61	3	8	7	0	0	0	35	90	6	0	0	0	0	0	0	18	0	0	0	0	0	0	0	0	0	1	40	48	0	108	9	0	0	0	20	0	14	0	18	8	8	3	14	0	0	33	0	0	73	0	0	0	0	0	458	61	11797	0	0	0	0	0	8	20	0	0	0	0	0	0	0	0	0	14	0	0	0	3	0	0	18	0	7	0	0	16	0	0	0	0	0	0	6	16	0	0	0	0	0	852	0	117	0	1363	153	0	2808	99	242	0	122	188	0	0	0	191	23	17	598	0	0	0	54	3	0	0	0	0	50	5	0	75	8	5	301	0	0	0	0	82	0	1075	0	0	13	506	34	0	0	0	0	28	83	0	0	0	0	30	9	4	0	171	0	0	0	0	0	0	0	0	0	0	0	3	0	0	0	0	9	0	0	0	0	6	0	0
np0287	0	0	0	10	29	0	0	0	327	0	184	24	0	32	339	0	15	33	19	20	26	6	5	4	0	0	1	14	25	0	19	113	0	0	30	29	2412	245	0	0	0	11	207	46	10	299	13	64	60	23	4	20	92	0	0	0	331	0	17	3	96	0	0	0	0	0	4	665	0	0	3	0	102	1	9	279	0	174	0	14	16	0	145	0	29	0	0	5	187	12	0	0	424	0	0	24	0	36	0	22	0	12	489	44	373	135	130	233	0	54	410	0	0	16	72	0	0	6	4	0	73	21	0	0	21	39	138	61	50	0	0	0	0	10	68	0	0	8	0	44	0	0	0	0	22	0	0	26	3	11	0	1	0	0	2	111	0	0	1	0	0	0	0	0	14	33	25	4	2	0	609	5	114	26	66	1709	20	998	0	499	0	0	0	396	715	0	0	0	12	0	0	13	881	373	288	14	4	0	0	0	186	69	84	0	0	427	135	790	4239	3	2	302	59	0	9	0	26	429	0	3	235	90	0	0	0	27	81	24	13	3	144	188	161	0	26	19	12	2	0	0	153	374	0	69	15	23	54	211	12	271	12	0	224	616	6	19	24	216	6	84	64	1024	52	14	0	0	712	863	0	0	0	0	0	0	0	475	0	0	0	0	0	0	0	0	0	0	0	808	0	0	0	0	0	0	0	0	0	0	282	59	463	0	0	0	14	54	0	11	0	11	188	193	0	312	0	0	0	0	13	56	241	58	138	0	0	0	0	7	16	0	0	135	0	14	0	114	1	0	0	0	0	121	13	0	638	774	0	0	0	0	0	0	0	0	149	0	0	10	0	0	2033	1901	0	568	0	27	0	0	0	0	0	0	0	0	0	0	0	0	0	0	0	0	0	83	7	9	6	0	0	0	22	25	0	70	0	95	27	73	0	4	3	7	382	0	128	5	16	6	0	3	0	104	989	18	0	0	189	0	0	8	4	22	77	0	0	0	0	1	0	2	0	1	0	0	0	0	13	29	0	41	0	311	40	0	723	76	287	37	10	0	43	25	22	124	0	798	229	0	13	0	568	880	44	53	22	27	0	45	54	0	10	0	117	32	0	101	14	5	3	6	0	79	198	0	0	227	61	70	0	0	0	0	0	0	0	2	133	0	65	0	0	121	0	0	173	1025	1379	48	3870	1405	0	9585	97	0	204	4641	49	0	442	34	593	1456	48	674	0	1	0	15	0	0	0	0	0	147	2	0	250	72	2	0	0	0	0	0	0	2	0	3	0	4525	0	16	0	9	4	178	19	20	17	118	8	31	350	144	5	0	277	0	122	19	594	990	10	0	0	9	0	651	0	302	267	667	22	26	0	0	0	0	1	0	0
np0291	0	0	0	0	0	0	0	1	0	32	25	0	0	0	27	0	0	0	0	0	0	0	0	0	0	0	0	0	0	0	0	0	2	0	0	0	2	0	0	0	0	0	0	0	0	217	0	3	356	0	0	1	2	0	0	0	1988	0	0	0	0	0	0	0	0	0	0	21	0	0	0	0	9	0	640	0	0	0	0	47	0	0	224	0	0	3	0	0	2	1	5656	0	524	0	12	0	226	0	209	0	0	17	392	0	287	0	0	0	0	0	0	0	0	0	0	86	0	0	0	0	0	0	0	0	0	0	0	0	0	0	0	0	0	0	0	0	0	0	0	0	0	0	0	0	0	0	0	0	0	0	0	0	0	0	0	0	0	0	0	0	0	0	0	0	0	2	0	0	0	0	0	173	0	0	40	0	0	4	0	0	0	0	0	0	0	0	0	0	0	0	0	6	67	30	0	2	0	0	0	0	2	0	0	0	0	81	0	105	0	0	0	0	0	0	3	0	0	4	0	0	9	1	0	0	0	0	5	0	0	166	0	0	3	0	0	0	7	5	2	0	159	312	0	0	61	70	3	4	0	0	0	0	2	0	0	0	2	0	0	0	0	0	0	0	0	0	31	0	0	0	0	0	0	0	0	0	0	0	0	0	0	0	0	0	0	0	0	0	0	0	0	0	0	0	0	0	0	0	0	0	18	0	0	0	0	286	26	5	0	0	0	0	0	0	0	0	0	0	0	0	5	0	4	0	0	0	0	0	0	0	0	0	0	0	0	0	0	0	0	0	0	0	0	0	0	0	0	0	0	0	0	0	0	0	0	0	0	0	0	0	0	0	0	0	0	0	0	0	0	0	0	0	0	0	0	0	0	0	0	0	0	0	0	30	3	0	0	77	0	0	54	0	0	0	0	0	0	0	0	0	0	0	30	0	4	0	1	0	0	0	0	0	0	0	0	0	0	0	0	0	2	0	0	0	0	0	0	0	0	0	0	0	0	0	3	184	0	0	0	424	67	0	393	0	3833	0	4	28	0	0	0	0	3	2253	0	0	0	0	0	0	18324	3	1	4918	0	0	0	790	1132	0	0	0	0	8	3	0	0	0	0	0	0	0	0	0	0	5	3	0	0	0	0	0	0	0	0	0	0	0	0	0	0	0	0	0	3	0	0	0	0	0	0	14826	0	0	0	0	0	0	0	0	0	0	111	8	0	24	1	1	0	0	0	0	0	164	0	0	0	0	11	0	42	6	337	0	0	0	0	0	0	0	0	0	0	71	29	0	0	0	0	0	0	0	302	0	11	0	424	0	0	0	0	0	0	0	0	1196	0	22	0	0	0	0	0	0	0	0	0	0	0	0	0
np0292	0	0	0	0	0	1	0	0	0	0	3	0	0	0	47	1	0	0	0	0	0	0	0	0	0	0	0	0	0	4	0	0	7	0	0	0	11	0	0	0	0	0	0	0	0	0	0	4	0	0	0	1	4	0	0	0	7	0	0	0	0	0	0	0	0	0	0	2902	0	0	0	0	53	0	0	0	0	0	0	5	0	0	0	0	0	0	0	0	17	0	0	0	39	0	46	0	0	0	0	0	0	0	722	0	40	256	3615	133	0	0	17	0	0	2	0	0	0	0	0	0	0	0	0	0	7	0	0	0	0	0	2	0	0	0	0	0	0	0	0	0	0	0	0	0	0	0	0	0	0	0	0	0	0	0	0	2	0	0	0	0	0	0	0	0	1	13	0	0	3	0	4845	0	4	0	49	0	0	0	0	0	0	0	0	203	1	0	0	0	44	0	27	0	0	0	0	6	0	0	0	0	0	332	0	0	0	11	3	3	0	0	0	2	0	0	22	0	0	7	0	0	32	1	0	0	0	1	26	0	0	2	0	0	326	0	0	0	5	7	0	0	21	5	0	0	0	4	6	12	2	0	0	0	3	3	0	0	0	10	3	0	0	3057	0	0	0	0	11	0	0	0	0	0	0	0	0	0	0	0	0	0	0	0	0	0	0	0	0	0	0	0	0	0	0	0	0	0	0	0	0	0	22	0	0	0	0	5	0	0	0	0	0	0	0	0	0	0	0	0	0	0	15	0	6	0	0	0	0	0	0	0	0	0	0	0	0	0	0	0	0	0	0	0	0	0	0	0	0	0	0	0	0	0	0	0	0	0	0	0	0	0	0	0	0	0	0	0	0	0	0	0	0	0	0	0	0	0	0	0	0	0	0	0	0	1	0	2	0	0	0	0	15	0	0	0	0	0	0	0	1	0	0	29	46	0	18	0	5	0	0	0	0	0	0	0	0	0	0	0	0	0	2	0	119	0	0	0	0	0	0	0	0	0	0	0	0	2	0	0	0	1	0	3	0	0	24	0	8	5	0	0	0	0	33	8	0	0	0	0	0	0	105	0	0	0	0	0	0	0	0	0	0	0	0	21	12	32	0	0	0	0	0	8	11	0	0	10	44	8	0	0	0	0	0	0	0	0	0	0	0	0	0	0	0	0	0	0	58	0	535	0	0	0	0	0	0	99	0	0	0	0	7	7	0	0	0	0	0	26539	0	0	0	0	0	17	0	0	1	0	8	0	0	57	0	0	0	1	46	0	0	0	0	0	0	0	3	16	0	0	0	0	4	0	0	12	0	1	0	0	4	0	0	0	0	0	0	0	0	54	0	0	0	0	0	0	0	0	0	0	0	0	0
np0294	0	0	95	3	59	0	28	4	0	0	110	59	0	14	217	0	3	0	23	45	9	7	8	5	0	3	33	0	0	6	0	19	0	32	0	0	209	9	45	0	7	197	591	259	0	721	0	25	176	37	161	15	105	0	0	1601	2657	0	14	18	0	0	0	0	0	0	0	316	0	0	0	1468	343	0	6	0	0	0	0	17	4	8	22	0	0	0	0	0	0	0	0	41	440	36	1	310	0	0	0	0	4	5	202	8	419	189	67	52	0	17	247	12	42	4	6	8	0	2042	384	0	0	0	10	217	2	26	86	243	499	0	0	0	0	0	53	21	5	6	76	0	0	15	39	0	0	0	0	0	0	39	2	9	935	0	964	0	23	53	29	6	18	15	4	0	31	55	12	1	0	0	118	0	56	0	53	0	0	707	115	4	0	0	25	163	733	0	0	36	0	0	0	16	20	0	0	5	0	0	0	0	0	443	159	0	0	42	0	326	0	2	2	56	0	0	122	0	0	484	10	0	472	221	0	0	0	191	0	0	0	0	171	0	34	39	51	13	0	0	0	0	3	94	0	22	1	0	4	89	9	144	0	0	156	22	0	0	36	481	0	17	37	0	14	1	0	0	23	0	0	0	0	0	0	0	0	0	0	0	0	0	0	0	0	0	0	9	3	0	3	0	0	0	0	0	0	138	40	0	0	113	14	3	0	5	3	8	31	0	0	0	0	5	0	0	0	0	0	28	0	0	0	0	133	0	0	97	96	0	245	0	0	0	0	0	0	51	0	343	0	0	0	0	0	0	0	27	0	0	0	0	5	3	0	0	0	6	0	3	0	0	8	1	0	0	0	0	0	0	0	0	0	0	0	0	0	0	0	0	364	0	0	0	0	110	22	44	37	401	0	0	348	0	0	0	0	21	0	27	0	79	5	10	627	56	258	13	70	42	0	0	0	242	661	23	0	0	0	0	0	6	42	0	0	5	0	0	0	10	0	0	0	5	30	10	8	85	0	2	0	13	19	121	7	386	123	24	18	27	16	0	143	0	3	380	10	0	0	2	0	790	461	2261	0	0	0	23	0	109	179	0	0	0	0	0	0	0	0	0	62	0	0	15	29	0	0	17	0	25	0	0	17	0	0	0	0	0	3	48	52	0	0	10	0	0	2542	0	1505	66	1660	154	0	6014	469	1369	231	2225	3334	0	0	0	3122	231	37	155	9	5	0	21	279	0	0	0	0	280	0	0	63	41	57	57	0	0	0	0	0	0	94	1	0	16	1079	32	0	90	39	0	24	49	1	3	0	0	33	45	94	0	145	0	0	0	0	0	0	0	0	21	0	0	34	0	6	0	5	66	0	0	0	0	0	0	0
np0295	0	0	0	8	68	0	0	0	3504	1	221	59	0	3	27	0	9	98	33	88	0	3	9	8	0	3	6	68	50	6	9	38	0	0	24	19	2424	30	0	0	0	43	310	53	14	800	8	40	72	33	3	6	142	0	0	0	141	0	111	0	55	0	0	0	0	0	0	784	0	0	0	0	9	0	3	27	0	18	2	76	5	20	191	0	3	0	0	2	54	1	0	0	218	0	0	5	0	6	0	13	0	8	19	3	49	24	23	45	0	7	50	0	0	11	29	0	0	2	0	0	82	20	0	0	11	5	16	36	37	0	0	0	0	0	19	0	0	0	0	11	0	0	2	0	66	0	1	51	5	2	0	11	0	0	1	79	0	0	6	0	0	0	0	0	5	9	26	8	0	0	150	2	98	12	0	64	4	464	0	85	0	0	0	34	226	0	0	0	18	11	1	14	4	0	68	2	1	0	0	0	36	44	55	0	0	34	10	48	1121	0	0	0	294	0	43	0	50	756	14	1	478	470	0	0	0	125	33	0	7	0	60	81	24	0	11	2	1	1	0	0	52	382	0	7	4	2	34	12	1	31	0	0	13	83	15	5	8	18	5	75	43	44	9	4	0	0	60	19	0	0	0	0	0	0	0	215	0	0	0	0	0	0	0	0	0	0	0	310	0	0	0	0	0	6	0	0	0	0	108	29	218	0	0	0	13	12	3	13	0	1	128	102	0	296	0	0	0	0	0	19	107	12	60	0	1	0	0	0	6	0	0	84	0	2	0	71	1	0	0	0	0	326	7	0	361	210	0	0	0	0	0	5	0	3	68	0	0	2	0	0	542	1126	0	273	10	18	0	0	0	0	1	0	0	0	0	0	0	0	0	0	0	0	0	5	2	0	0	0	0	0	0	26	0	29	0	36	6	12	0	3	0	4	61	0	24	0	12	0	0	2	0	0	149	23	0	4	400	0	0	2	0	2	27	0	0	0	0	0	0	20	0	6	0	0	1	0	4	3	0	5	0	121	23	0	128	25	124	13	9	0	8	2	0	32	0	279	89	0	16	0	377	219	5	28	8	4	0	5	16	0	5	0	34	32	0	56	11	16	3	0	0	34	57	0	0	61	18	36	0	0	0	0	0	0	0	6	56	0	27	0	0	25	0	0	114	303	434	0	754	524	0	1217	28	0	57	1262	0	0	96	8	185	648	38	115	0	0	3	0	0	0	3	0	0	43	0	0	129	50	68	0	4	0	2	0	0	27	0	2	0	2582	0	31	0	12	1	29	1	3	4	33	2	12	79	38	5	0	66	0	66	10	142	403	4	106	3	0	0	30	0	7	0	37	0	23	0	0	0	0	13	0	0
np0297	0	0	0	5	0	0	0	0	2	1	15	0	0	4	854	0	0	11	5	13	0	0	0	6	0	0	1	23	5	0	0	14	0	0	0	0	231	12	0	0	0	0	29	9	0	132	0	3	9	8	1	0	85	0	0	1	892	0	0	0	4	0	0	0	0	0	0	451	0	0	0	0	12	0	0	1	0	5	0	0	0	0	4	0	10	0	0	2	0	0	0	0	65	0	12	0	0	3	0	0	17	2	83	8	45	55	15	45	0	11	84	0	0	2	2	0	0	4	0	0	0	0	0	0	2	0	13	5	5	0	0	0	0	0	37	1	0	0	0	119	0	0	0	2	147	0	0	33	8	7	0	6	0	0	2	3	0	0	0	3	0	0	0	0	0	12	7	2	0	0	28	0	17	0	18	2	3	108	0	25	0	0	0	34	109	0	0	0	80	29	0	0	2	0	0	1	0	0	0	0	0	16	4	0	0	9	0	18	0	0	0	60	109	0	9	0	0	120	0	0	107	45	0	0	0	23	16	4	0	1	0	13	19	0	4	5	0	0	0	0	10	78	0	3	3	31	0	14	3	55	0	0	13	21	0	3	13	24	4	11	0	0	8	3	0	0	15	426	0	0	0	0	0	0	0	39	0	0	0	0	0	0	0	0	0	0	0	67	0	0	0	0	0	0	0	0	0	0	18	9	35	0	0	0	0	3	0	1	0	1	518	274	0	1064	0	0	0	0	0	4	11	1	7	1	0	0	0	0	3	0	0	50	0	0	0	22	1	0	0	0	0	997	7	0	96	115	0	0	0	0	0	0	0	0	32	0	0	0	0	0	341	314	0	87	0	4	0	0	0	0	0	0	0	0	0	0	0	0	0	0	0	0	0	15	0	25	0	4	0	0	0	0	0	56	0	185	17	6	0	0	1	0	86	0	23	0	3	0	297	0	0	0	97	0	0	1	20	0	0	0	0	0	1	0	0	0	0	1	0	1	0	3	0	0	28	0	0	4	0	5	2	18	5	0	72	5	34	4	0	0	0	0	5	28	0	112	31	0	32	0	141	128	2	3	0	4	0	0	370	0	0	0	14	36	6	46	0	11	0	0	0	9	13	0	0	12	8	12	0	0	0	0	0	0	0	0	7	0	0	0	0	16	0	0	83	223	83	0	410	534	0	857	12	0	27	487	0	0	39	3	70	177	0	50	0	0	0	3	10	0	0	0	0	17	0	0	67	8	2	0	0	0	0	0	0	92	1	0	0	680	0	5	0	5	0	14	1	5	0	13	2	4	15	6	0	0	14	0	8	3	88	196	1	353	5	0	0	34	0	0	0	0	0	55	42	29	0	0	1	0	0
np0298	0	0	0	0	2	0	0	8	0	0	557	5	0	8	7232	2	24	0	41	105	12	11	21	33	48	0	2	0	0	3	0	187	77	0	0	0	849	0	19	0	0	1032	2176	22	0	2855	13	52	191	128	11	57	129	5	0	0	281	0	14	14	1	0	3	0	0	0	4	1171	0	0	1	1577	1910	33	0	0	32	0	401	28	20	11	108	0	46	0	0	305	22	0	0	0	1108	119	49	382	381	87	8	11	217	42	655	42	468	244	189	75	0	100	521	19	13	12	26	0	0	14	1578	0	0	23	8	0	15	19	77	62	176	0	0	8	0	2	9	0	0	0	40	149	0	0	93	0	452	0	0	0	3	59	0	0	0	0	0	106	2	0	82	7	5	0	0	0	87	11	11	7	10	971	650	26	93	0	419	0	191	5117	9	0	0	0	127	700	1719	0	0	0	258	143	0	34	118	0	0	51	0	0	0	0	9	624	466	0	51	49	41	425	0	28	0	16	2752	0	698	2025	0	1272	0	12	25774	883	0	0	0	488	59	3	0	87	0	0	143	0	0	48	0	0	0	0	58	496	0	24	16	325	73	144	12	239	7	35	1330	219	0	0	546	609	139	645	13	0	1	5	0	0	88	0	0	0	0	0	0	0	0	0	0	46	275	0	0	0	0	807	874	0	0	0	0	0	0	0	0	0	0	0	0	0	0	70	172	0	4	29	0	11	33	0	0	0	325	0	0	1963	2	0	0	40	0	29	234	12	255	0	0	0	0	0	0	0	0	0	0	0	0	0	0	0	0	0	0	1	0	0	0	5	0	0	0	0	0	0	0	0	0	0	0	0	0	0	1	0	0	0	0	0	0	0	0	0	0	0	0	0	0	0	29	0	0	0	0	0	942	134	0	1101	5	0	0	0	3719	0	0	0	0	0	5937	99	6	152	10	13	621	13	452	11	94	16	0	9	0	60	2398	411	0	2	0	22	0	18	21	35	9	0	0	51	13	54	0	0	2	71	0	0	0	199	0	968	21	201	0	292	32	2319	1140	524	2263	29	45	0	478	29	32	553	0	10	352	0	0	0	6084	235	108	5	10	163	0	94	2805	2	0	217	0	1018	543	781	631	0	86	78	0	57	79	0	0	1330	84	200	0	681	0	0	197	178	595	0	0	0	50	0	153	1455	42	218	5024	1221	2753	517	5361	371	0	14061	174	4273	1115	3973	2805	412	0	0	4007	957	276	94	0	3	0	167	0	79	91	0	0	2012	0	0	342	72	12	0	35	0	0	0	1	552	5	0	0	0	0	0	0	152	98	11	0	0	71	0	243	0	383	235	13	1	975	76	654	0	0	0	0	0	0	305	0	159	3	17	22	0	0	818	531	357	0	0	88	0	0
np0300	0	0	0	0	0	0	0	0	0	0	64	0	0	2	183	0	21	0	6	0	0	15	3	5	0	19	38	11	65	11	0	85	0	8	0	0	5177	0	29	0	0	73	148	297	581	202	0	78	23	75	7	0	14	10	0	0	1444	0	3	0	670	0	0	0	0	0	18	142	0	0	0	22	9	0	8	0	56	145	0	11	0	0	20	0	6	0	0	0	9	0	11	2	35	0	5	1	0	0	0	2	0	0	274	33	723	74	1008	167	63	0	218	7	18	10	4	0	0	3	0	0	0	9	14	0	4	38	29	3	9	0	0	0	0	0	320	0	0	0	64	0	381	0	0	0	0	0	0	0	7	562	0	2	69	0	0	1	27	0	0	0	0	0	2	2	0	0	16	0	0	0	529	0	257	0	15	0	0	908	2	1	0	0	0	42	649	0	0	0	6	0	0	3	2	0	0	0	0	0	0	0	0	752	0	0	5	86	11	239	2	0	0	3	0	0	6	0	122	1813	0	0	37	170	0	0	0	39	7	2	11	0	0	0	42	0	3	0	0	0	0	0	0	395	0	43	3	0	3	60	4	93	0	0	18	31	0	0	124	111	0	24	42	5	0	7	0	0	23	28	0	0	0	0	0	0	0	0	0	0	0	0	0	0	0	0	0	1	0	0	0	1	0	0	0	4	5	0	4	51	29	5	17	27	0	0	0	3	3	0	0	632	684	0	0	1499	0	0	500	6	0	1	2	0	21	0	0	10	24	0	22	0	31	0	0	0	0	0	0	27	0	0	0	0	4	0	0	96	0	0	0	0	19	2	20	0	0	18	0	14	0	0	6	0	0	0	0	0	0	0	0	0	0	0	0	0	76	146	1311	0	1338	0	0	0	0	1	0	0	3	0	67	0	0	0	0	0	0	904	70	83	30	9	0	207	1012	7	506	28	91	18	0	0	0	4	94	92	0	0	0	0	0	0	0	0	8	0	0	0	0	1	0	0	2	10	5	103	1	4	0	2	0	1	0	9	0	34	37	11	14	0	0	20	8	8	0	14	0	0	0	1	0	353	290	260	0	45	0	0	0	3	13	0	0	25	7	90	0	7	60	0	5	0	0	12	10	0	0	65	146	28	0	0	0	0	0	0	0	0	0	15	3	0	0	0	0	0	296	130	215	16	2210	27	0	4585	21	2105	41	192	119	169	0	0	193	281	6	288	0	0	1	46	5	0	8	0	0	57	187	0	465	143	4	0	0	0	5	0	0	0	0	0	0	0	1422	0	0	0	0	23	0	0	0	0	0	0	19	12	0	0	23	0	8	2	8	1	0	8	23	0	0	16	0	0	0	0	6	234	0	96	0	0	5	207	76
np0301	0	0	0	7	1	0	0	7	0	0	67	0	0	7	294	0	3	0	9	14	0	8	3	11	10	0	0	0	0	3	0	9	36	0	0	0	451	0	19	0	0	204	639	5	0	634	3	19	62	23	1	25	46	3	0	0	22	0	44	3	0	0	0	0	0	0	0	212	0	0	0	24	237	4	0	0	31	0	4	3	7	0	15	0	25	10	0	64	29	0	0	0	395	31	67	17	31	6	0	0	0	0	260	2	129	37	66	32	0	26	165	0	8	0	27	0	0	2	87	0	0	13	0	0	17	0	21	20	11	0	0	0	0	0	0	0	0	0	0	0	0	0	0	0	17	0	0	0	0	0	0	0	0	0	0	51	0	0	5	0	0	0	0	0	24	15	13	4	9	14	36	0	28	0	646	0	440	318	0	0	0	0	40	44	254	0	0	0	40	23	0	6	0	0	0	36	0	0	0	0	0	61	31	0	29	40	18	90	0	5	0	186	27	0	68	17	0	147	0	0	298	32	0	0	0	13	90	9	0	0	0	0	32	0	0	18	0	0	0	0	0	151	0	2	8	14	93	54	4	91	0	7	584	115	0	0	28	30	17	41	19	47	8	8	0	0	29	0	0	0	0	0	0	0	0	0	0	0	7	0	0	0	0	152	116	0	0	0	0	0	0	0	0	0	0	0	0	0	0	18	96	0	0	7	0	4	0	0	0	0	137	0	0	861	0	0	0	0	0	14	73	2	57	0	0	0	0	0	0	0	0	0	0	0	0	0	0	0	0	0	0	0	0	0	0	0	0	0	0	0	0	0	0	0	0	0	0	0	0	0	0	3	0	0	0	0	0	0	0	0	0	0	0	0	0	0	117	0	0	0	0	0	543	25	0	10	0	0	0	0	38	34	0	0	0	0	317	52	0	3	4	9	296	0	77	0	16	0	0	0	0	0	1129	157	0	0	0	2	0	4	5	4	3	0	0	189	0	4	0	0	0	6	0	0	0	8	0	43	3	16	0	30	0	122	135	97	193	2	5	0	78	6	15	31	0	4	110	0	0	0	1556	166	59	0	10	44	0	18	51	0	0	87	0	197	68	141	59	0	8	7	0	14	37	0	0	383	76	52	0	247	3	11	123	47	86	0	0	0	9	0	35	162	9	32	1184	149	961	125	1217	141	0	3586	30	1225	222	741	307	38	0	0	533	159	92	50	0	2	0	22	0	91	258	0	0	513	0	0	22	13	15	0	0	0	0	0	0	57	0	0	0	0	0	0	0	2	37	19	1	0	8	0	34	0	52	34	1	2	100	12	37	0	0	0	0	0	0	7	0	239	0	0	276	0	0	0	0	3	0	0	11	0	0
np0305	0	0	0	0	0	38	6	0	8	0	0	0	0	0	1	0	0	0	0	0	0	0	0	0	0	0	0	15	0	0	0	0	4	0	0	0	69	0	0	7	1	1	57	4	5	52	0	1	34	13	2	0	7	0	0	0	4	0	1	7	6	0	10	0	0	0	0	0	0	0	0	0	0	0	0	0	0	0	0	1	0	0	9	0	0	0	14	23	0	0	0	0	0	0	0	0	0	0	0	0	0	0	33	0	2	0	4	3	0	3	371	0	0	0	0	0	0	1	0	0	0	261	0	0	2	0	0	0	0	0	31	8	0	0	0	0	0	0	1	0	0	0	0	156	3	0	0	3	0	0	0	9	0	0	1	0	13	0	0	0	0	10	10	0	2	6	0	1	0	0	7	0	29	0	0	0	0	29	0	1	158	0	0	0	14	0	0	0	14	7	0	0	0	0	0	0	0	1	0	3	0	0	0	0	5	1	2	3	0	0	0	1	3	0	0	0	7	59	13	0	3	2	0	0	0	2	0	0	0	0	1	0	136	1	7	0	63	35	12	0	1	57	0	0	0	0	0	0	3	5	0	0	0	2	3	3	3	7	1	0	8	0	0	0	0	0	0	0	0	0	0	0	5	0	2	0	0	0	0	0	0	0	0	0	0	0	0	0	0	0	0	0	2	0	0	0	0	123	0	3	13	0	2	0	3	0	0	0	0	0	1	0	0	0	0	0	0	0	0	0	0	0	0	0	13	0	0	0	35	0	3	0	22	0	0	35	3	0	5	1	0	13	2	0	0	58	0	6	0	0	1	0	0	0	1	317	0	227	253	507	3591	1337	0	4	0	461	586	0	0	16	0	0	0	0	0	0	0	4	98	0	2	11	12	6	0	0	0	0	0	0	0	0	0	0	0	0	0	30	0	0	0	0	3	0	40	0	0	0	14	0	0	0	4	2	0	0	0	0	0	0	0	0	0	0	26	0	0	0	0	7	0	0	0	0	4	0	0	0	0	1	0	0	0	0	6	0	0	0	0	0	0	0	0	0	0	0	0	0	0	0	6	4	4	0	0	0	0	1	0	0	0	0	0	0	0	6	0	0	0	0	0	0	0	1	0	0	12	0	0	0	0	0	0	2	0	0	0	0	0	1	0	0	0	0	0	4	2	0	16	0	0	136	0	0	2	0	0	0	0	2	0	5	1	6	0	0	0	0	0	0	0	0	0	27	0	0	15	0	0	0	0	0	0	0	0	0	0	0	15	6	19	9	0	0	0	0	0	2	0	0	0	0	0	0	0	0	0	0	0	0	0	0	0	0	0	0	0	0	0	0	0	1	0	0	0	0	0	0	0	0	0
np0307	41	1	0	5	3	0	0	0	0	0	120	10	0	18	184	0	54	0	42	73	0	17	5	17	0	39	23	148	27	8	0	86	0	23	0	0	5352	0	86	0	0	1018	697	693	1041	1017	0	60	75	130	12	131	261	545	0	0	1171	0	153	0	1828	0	0	0	0	0	170	21	0	0	0	140	9	0	40	0	8	12	2	11	3	0	25	0	5	0	0	6	44	0	7	32	118	0	0	7	0	4	0	0	0	7	186	0	63	11	8	18	70	0	256	0	32	12	13	0	0	90	0	0	0	34	77	4	64	172	105	9	120	0	0	0	0	150	152	0	0	0	0	0	174	0	5	0	0	0	0	0	0	1344	0	113	507	0	0	0	32	4	52	3	0	0	2	26	2	1	84	0	3	0	616	0	288	0	5	0	0	2544	5	8	0	0	10	30	1128	0	0	0	12	0	0	11	0	0	0	0	0	0	0	0	0	31	0	0	10	97	11	324	0	2	0	40	10	0	0	0	100	3475	0	0	114	409	0	0	0	78	0	18	25	2	0	0	54	0	7	2	0	0	0	0	4	563	0	32	14	0	0	15	0	481	6	0	52	78	74	410	405	425	5	103	150	2	212	0	0	0	24	125	0	0	0	0	0	0	0	0	0	0	0	0	0	0	0	0	0	0	0	0	0	0	355	0	0	140	0	0	22	281	142	6	6	380	4	8	0	34	26	0	0	491	537	0	0	1161	0	0	472	6	0	6	14	0	25	0	0	135	139	0	121	0	149	0	0	0	0	0	0	116	0	0	0	0	7	0	0	45	0	0	0	0	4	0	2	0	0	0	0	8	0	0	8	0	0	0	0	0	0	0	0	0	0	0	0	0	26	61	1938	0	5069	0	0	0	0	0	0	9	6	0	222	0	0	0	0	0	0	1000	734	401	1012	17	0	463	2455	34	735	42	95	53	0	0	0	14	167	137	0	0	0	0	0	2	0	0	5	11	0	0	0	0	0	15	7	50	491	3884	639	0	0	2	1	6	0	8	0	215	255	46	61	7	12	780	24	11	0	142	6	0	0	1027	0	8188	834	6627	0	961	0	0	0	0	15	0	0	118	45	54	0	0	35	0	39	0	3	128	157	0	0	540	788	174	0	0	0	0	0	0	0	0	0	155	11	0	0	0	0	0	1158	651	1094	56	7150	141	0	24237	110	11426	75	305	652	68	0	0	784	172	61	389	2	0	0	34	0	0	82	122	0	79	1066	0	1032	440	2	0	3	13	0	0	0	0	1	2	0	14	1277	3	0	2	3	45	0	4	0	0	0	0	29	40	3	0	28	0	72	6	13	0	0	376	974	7	0	0	0	0	0	0	14	612	0	280	0	0	8	107	29
np0308	4	7	0	0	25	0	0	0	0	0	54	12	7	19	366	0	6	0	0	2	0	27	8	8	0	0	5	9	11	11	0	6	0	0	0	0	146	6	0	0	0	81	243	15	8	91	0	25	3	13	8	5	39	11	0	0	123	0	26	8	108	0	2	0	0	0	24	394	0	0	0	251	195	0	6	18	23	28	2	359	54	46	678	0	0	136	0	0	4	0	6	4	20	0	0	24	0	13	0	0	0	7	651	141	542	26	248	27	0	53	407	24	48	52	26	0	0	113	0	0	0	23	9	27	2	10	13	29	97	0	0	0	0	0	18	0	2	0	5	0	8	0	63	0	0	0	4	0	35	45	0	4	1	0	0	0	13	0	0	0	0	0	0	0	94	10	5	2	6	0	174	0	184	0	55	7	0	149	0	93	0	0	29	4	581	0	0	2	109	0	33	52	339	105	1	4	19	0	0	0	8	228	269	15	0	294	16	249	40	2	0	13	16	23	775	0	28	470	0	0	1790	1148	0	0	0	85	2	0	0	0	0	0	134	0	36	13	223	69	47	0	0	76	0	45	17	20	14	69	20	64	0	0	32	35	0	2	9	29	3	121	38	12	0	10	0	0	53	0	0	0	0	0	0	0	0	0	0	0	0	0	0	0	0	0	0	0	0	0	0	0	23	0	0	6	0	0	14	6	0	57	27	1	10	7	0	19	10	0	0	4	0	3	0	9	0	0	23	0	0	2	14	0	25	0	0	23	20	0	16	0	29	0	0	0	0	0	0	31	0	0	0	0	7	0	0	8	0	0	0	0	2	0	0	0	0	0	0	4	0	0	7	0	0	0	0	0	0	0	0	0	0	0	0	0	4	2	31	0	38	0	0	0	0	121	0	66	10	77	5	0	21	0	0	0	0	198	191	22	13	194	41	11	1137	96	366	7	34	7	0	0	0	0	17	15	0	0	0	0	0	9	42	0	4	0	0	0	0	0	5	0	0	0	6	11	0	71	18	2	0	6	1	23	10	50	26	12	8	0	0	2	59	22	7	22	0	0	7	4	0	101	258	34	0	10	0	0	0	4	15	6	0	1	4	36	0	0	8	0	0	0	4	2	0	0	0	27	37	6	0	0	0	0	0	0	0	0	0	37	5	0	0	0	0	0	112	68	44	0	36	10	0	296	12	153	51	141	151	58	0	0	141	108	2	1356	1	2	5	324	174	10	0	4	0	152	0	0	86	29	93	2	4	3648	4511	0	0	4	45	0	0	0	191	4	0	18	19	6	1	0	0	0	0	0	37	9	3	0	158	0	31	1	2	7	0	3	6	15	0	48	435	0	120	0	8	62	0	38	0	0	2	0	4
np0310	0	0	0	4	0	0	0	0	5915	0	19	3	0	0	0	0	8	10	2	2	0	3	0	4	2	2	0	63	0	0	0	49	9	9	0	0	518	103	0	0	0	0	29	64	0	845	0	26	6	145	1	0	55	0	0	0	158	0	0	1	43	0	0	0	0	0	0	351	0	0	0	0	0	0	0	18	0	18	0	41	8	9	63	0	0	0	0	0	0	0	0	0	2	0	0	0	0	0	0	0	40	0	665	24	286	37	243	236	0	10	114	0	0	6	49	0	0	3	0	0	10	46	0	0	3	25	39	0	0	0	0	0	0	0	29	0	0	0	0	7	0	0	2	8	32	0	0	10	1	0	0	4	0	0	0	2	0	0	0	0	0	0	0	0	8	12	28	0	0	0	351	0	132	6	0	0	0	414	0	115	0	0	0	94	224	0	0	0	259	195	0	2	0	0	0	0	0	0	0	0	1	0	0	0	0	157	39	179	0	0	0	0	150	0	0	0	0	5535	0	0	845	1489	0	0	0	208	0	6	20	0	0	0	158	0	104	8	66	15	11	10	9	490	0	10	0	0	0	0	4	5426	19	0	0	2	0	0	5	9	0	59	29	28	9	141	0	0	0	29	0	0	0	0	0	0	0	52	0	0	0	0	0	0	0	0	0	0	0	181	0	0	0	0	0	0	0	0	0	0	61	0	25	0	0	0	0	2	0	0	0	0	0	1	0	5	0	0	0	0	0	7	12	5	6	0	0	0	0	0	11	0	0	162	0	0	0	101	0	0	0	0	0	30662	2	0	9	47	0	0	0	0	0	0	0	4	35	0	0	1	0	0	0	26	0	4	0	0	0	0	0	0	0	0	0	0	0	0	0	0	0	0	0	0	0	52	0	0	0	2	0	0	0	0	0	5	0	22	9	101	0	0	0	0	44	0	15	0	8	0	0	0	0	4	37	2	0	1	151	0	0	8	0	0	28	0	0	0	0	0	0	0	0	2	0	0	0	0	0	0	0	0	0	6	2	0	29	4	3	0	0	0	5	0	0	0	0	8	3	0	5	0	5	10	2	0	0	0	0	0	0	0	0	0	4	0	0	6	0	2	0	0	0	0	0	0	0	5	0	1	0	0	0	0	0	0	0	3	1	0	0	0	0	0	0	0	60	91	28	0	356	127	0	494	1	0	0	43	0	0	3	1	6	7	0	3566	0	0	18	0	0	0	0	0	0	47	0	0	62	4	0	0	0	7	18	35	61	16	873	0	0	120	0	33	0	0	0	2	0	0	0	0	0	0	4	4	0	0	3	0	3	1	0	206	0	0	6	0	0	0	0	0	0	0	0	25	0	0	0	0	3	0	0
np0314	4	16	0	12	17	0	0	0	0	0	257	15	0	8	52	0	10	0	86	96	12	8	22	27	0	62	4	23	16	5	0	34	0	13	17	0	1926	0	35	0	0	1237	160	142	270	325	0	34	50	102	13	26	75	31	0	0	425	0	45	3	1515	0	0	0	0	0	52	11	0	0	0	1327	113	0	81	3	55	102	9	29	3	0	44	0	6	0	0	0	13	0	40	86	85	0	0	14	0	24	0	0	0	19	117	0	9	0	1	0	0	33	225	0	42	13	12	4	0	1714	0	0	0	39	42	32	9	116	62	31	143	0	0	0	0	17	25	0	0	0	0	0	23	0	18	0	0	0	2	0	6	399	0	294	64	0	0	0	5	12	16	10	0	0	2	5	3	0	77	10	0	0	806	0	90	0	13	0	0	1569	18	23	0	0	24	32	1106	0	0	1	10	0	0	29	21	0	1	10	2	0	0	0	5	255	7	29	0	106	15	157	1	0	0	454	31	0	16	0	38	3102	0	0	1048	539	0	0	0	245	0	0	9	3	0	0	81	0	10	0	3	0	0	0	0	472	0	60	7	1	6	74	0	102	0	0	78	110	11	121	45	60	10	433	249	1	42	0	0	0	19	66	0	0	0	0	0	0	0	0	0	0	0	0	0	0	0	0	0	12	13	0	18	17	295	0	0	139	0	0	39	124	68	3	3	39	2	2	0	21	22	0	0	386	291	0	0	748	0	0	1228	9	0	15	51	0	48	0	0	227	244	0	216	0	246	0	0	0	0	0	0	265	0	0	0	0	4	0	0	30	0	0	0	0	1	0	6	0	0	2	0	10	0	0	3	1	0	0	0	0	0	0	0	0	0	0	0	0	12	41	979	0	1223	0	0	0	0	9	0	35	26	0	25	0	21	0	0	0	0	794	1251	197	53	10	0	128	417	20	333	3	39	3	0	0	0	28	314	264	0	0	0	0	11	0	5	1	0	21	0	0	0	4	0	26	2	27	24	297	24	15	4	7	0	18	0	44	15	255	205	114	47	9	13	4	72	40	7	201	30	0	0	285	0	2594	1771	2373	3	552	0	4	0	21	36	0	0	60	24	211	0	14	135	0	35	0	11	90	106	0	0	491	502	143	0	0	1	0	0	0	0	0	0	454	33	0	0	8	0	0	768	689	1081	79	2863	143	0	8338	123	4050	111	744	858	452	0	0	890	665	22	495	3	0	0	69	28	4	120	95	0	305	0	0	174	342	27	16	22	6	0	0	0	0	0	1	0	10	1362	0	0	14	15	94	4	5	0	1	0	0	95	45	15	0	143	0	114	4	6	0	0	84	179	57	0	0	4	0	0	0	4	612	0	312	0	0	14	58	32
np0316	5	28	0	0	33	0	0	0	0	0	108	0	4	5	90	0	0	0	59	56	0	4	5	21	0	4	11	1	29	41	0	0	0	0	7	0	353	54	9	0	0	554	578	18	0	613	0	20	32	21	21	12	33	6	0	0	35	0	39	2	261	0	0	0	0	0	9	24	0	0	0	2484	258	0	43	0	7	12	24	23	1	7	53	0	1	0	0	3	6	0	20	92	38	0	0	55	0	19	0	3	0	16	120	5	85	9	34	12	0	12	193	12	19	7	4	3	0	77	0	0	0	6	12	42	1	24	25	36	146	0	0	0	0	0	8	0	1	0	2	0	7	0	52	0	0	0	0	0	22	57	0	68	0	0	0	0	0	13	9	4	0	0	0	3	7	2	12	2	2	0	58	0	21	0	12	0	0	526	37	50	0	0	33	15	2029	0	0	6	3	0	0	18	19	0	29	26	13	0	0	7	0	118	112	11	0	52	0	114	9	3	0	39	15	0	117	0	8	365	0	0	558	234	0	0	0	41	0	0	0	0	0	0	44	0	13	0	0	0	0	0	4	142	0	14	9	8	7	52	9	36	0	0	29	31	4	23	7	20	0	199	57	0	7	2	0	0	16	18	0	0	0	0	0	0	0	0	0	0	0	0	0	0	0	0	0	6	7	0	11	9	208	0	0	72	0	0	32	25	11	87	26	19	22	0	0	7	12	0	0	56	43	0	0	105	0	0	540	0	0	7	26	0	42	0	0	86	66	0	76	0	101	0	0	0	0	0	0	90	0	0	0	0	0	0	0	0	0	0	0	0	0	0	0	0	0	0	0	0	0	0	0	1	0	0	0	1	0	0	0	0	0	0	0	0	0	0	192	0	345	0	0	0	0	9	0	18	28	14	0	0	23	0	0	0	0	46	57	7	2	17	7	3	101	9	119	3	8	3	0	0	0	5	92	59	0	0	0	0	0	4	5	0	0	11	0	0	0	5	7	21	0	6	6	20	3	48	14	6	0	17	0	60	17	226	147	98	50	7	7	0	169	96	20	222	20	0	0	158	0	1274	1256	769	0	105	0	0	0	28	28	0	0	26	42	166	0	11	62	0	15	0	17	38	53	0	0	189	194	42	0	0	0	0	0	0	0	0	0	290	22	0	0	4	0	0	393	461	426	47	1020	79	0	3315	141	1641	72	429	408	274	0	0	461	418	7	77	2	0	0	23	22	0	54	41	0	43	0	0	34	11	15	0	8	0	0	0	0	0	0	0	0	0	266	6	0	32	23	70	5	12	0	0	0	0	101	20	16	0	152	0	103	2	0	1	0	2	0	18	0	7	45	0	3	0	4	292	0	144	0	0	0	0	0
np0317	0	0	0	5	7	2	10	0	68	19	40	0	0	2	61	0	0	0	10	51	0	0	0	0	10	0	3	44	16	3	0	45	0	0	0	0	180	11	0	0	0	372	228	5	0	492	0	2	56	3	0	0	13	0	0	0	232	0	4	0	31	0	0	0	0	0	0	586	0	0	0	267	84	3	2	0	0	7	0	12	0	0	26	0	0	0	0	54	14	0	0	0	137	35	8	68	0	75	0	0	0	5	40	1	68	8	22	15	9	0	76	0	0	0	5	0	0	46	13	0	0	0	0	4	3	6	5	14	9	0	2	0	0	0	0	0	0	0	0	0	0	0	0	0	0	0	6	6	4	3	0	0	0	0	0	0	2	0	5	5	0	0	0	0	4	16	5	2	1	0	93	8	6	0	38	10	0	100	1	0	0	0	0	35	134	0	0	0	2	0	28	0	4	0	1	0	0	3	0	0	0	38	0	0	0	32	3	7	2	0	0	129	40	0	15	0	0	179	0	0	214	74	0	0	0	16	2	8	5	0	0	0	22	0	0	4	52	13	12	0	0	150	0	15	2	0	0	15	2	9	0	0	8	27	0	9	0	44	0	11	80	0	7	0	0	0	2	0	0	0	0	0	0	0	0	0	0	0	0	0	0	0	0	0	0	0	0	0	0	0	0	0	0	83	0	0	0	0	0	0	8	3	0	0	14	12	9	15	0	0	9	39	0	0	0	16	0	0	0	0	5	0	0	9	0	0	0	0	0	0	0	0	0	0	0	122	51	0	35	0	0	22	2	0	11	11	0	0	0	0	0	0	0	0	0	0	0	14	0	0	25	32	0	75	0	8	0	0	0	38	2	0	0	0	0	0	16	0	0	0	0	0	0	14	0	52	0	0	0	0	7	0	0	0	0	177	128	25	0	4	0	0	78	0	26	0	2	0	0	4	14	20	351	62	0	4	0	0	0	1	0	3	3	0	0	0	0	0	0	34	0	10	0	0	0	0	2	3	0	7	1	53	10	0	74	66	109	10	29	0	11	39	21	161	0	0	90	0	0	0	453	107	128	10	0	0	0	0	0	0	0	0	0	161	106	202	0	46	2	2	0	3	48	0	0	57	50	20	0	0	0	0	0	0	0	0	8	0	51	3	0	41	0	0	0	51	159	0	1667	2	0	932	22	0	142	361	37	0	26	2	66	197	51	109	0	0	0	10	0	0	0	12	4	67	0	2	10	4	3	0	0	0	0	0	0	0	0	2	1	20	1352	4	0	16	7	43	2	0	0	0	5	14	22	9	0	0	78	0	0	57	11	0	0	0	0	42	0	17	0	0	0	0	0	49	0	8	6	8	6	0	0
np0318	0	0	0	19	39	2	0	0	275	66	152	18	5	21	2830	3	4	0	20	71	0	9	17	6	3	7	3	19	0	12	0	106	0	6	0	0	102	7	0	0	0	28	128	10	0	981	3	21	231	10	9	4	0	0	0	0	966	0	0	13	119	0	0	0	0	0	3	3440	0	0	0	4269	754	12	0	0	2	9	133	12	5	0	32	0	0	0	0	456	44	1	0	0	686	299	0	249	0	324	0	0	0	12	241	4	497	78	154	66	2	0	476	0	37	0	38	3	0	562	0	0	0	0	0	16	7	14	57	83	37	0	2	0	0	0	0	0	2	0	0	0	0	0	2	0	0	0	41	11	31	41	0	12	0	0	0	0	6	0	0	0	0	0	0	0	44	100	30	10	0	0	432	58	43	0	8	2	0	388	0	0	0	0	0	45	1163	0	0	0	0	0	0	8	27	0	14	8	4	0	0	0	2	69	51	7	0	151	11	57	2	0	0	21	702	0	106	0	0	355	0	0	1498	272	0	0	0	76	15	4	32	3	0	0	74	0	1	26	3	0	0	0	0	127	0	12	0	5	11	174	14	95	8	0	113	127	0	24	63	212	4	278	0	1	8	5	0	0	46	0	0	0	0	0	0	0	0	0	0	0	0	0	0	0	0	0	0	0	0	0	0	0	0	0	0	0	0	0	0	0	0	0	214	0	0	4	2	13	6	0	0	0	145	530	0	0	0	264	0	0	0	0	9	0	2	18	0	0	0	0	0	0	0	0	0	0	0	330	133	0	164	0	0	0	17	0	2	90	0	0	0	0	0	12	0	0	34	0	0	2660	0	0	408	44	0	408	4	981	0	0	0	0	0	0	0	0	0	0	199	0	0	0	0	0	0	106	0	934	8	17	0	0	133	0	0	0	0	5109	4124	47	3	58	28	0	421	0	322	69	13	142	0	32	177	57	2390	221	0	27	0	40	0	8	0	6	0	0	0	0	0	0	0	5	0	5	0	0	3	0	14	3	0	24	73	115	43	0	630	40	225	18	8	3	47	122	70	202	0	0	203	0	0	0	3232	449	278	130	0	5	0	0	8	0	0	0	0	1206	852	1402	0	518	10	24	0	14	334	0	0	497	265	199	0	0	0	16	6	0	0	0	60	0	110	0	0	470	0	0	0	488	326	0	8863	14	0	8781	100	0	1103	1625	119	0	104	3	296	898	25	196	0	6	0	42	0	0	0	8	5	59	0	22	229	68	7	1	0	0	0	0	0	0	2	0	0	22	1185	15	0	23	25	648	1	0	1	0	22	51	182	48	0	55	348	0	18	388	1843	25	49	0	0	107	7	5	0	0	0	0	5	122	0	34	0	0	3	0	0
np0320	4	6	4	17	31	0	6	4	8	61	265	20	52	23	7979	7635	3	7	12	13	5	8	19	30	5	14	42	0	118	32	49	179	129	52	34	16	1008	13	48	30	12	108	502	242	50	1232	33	60	136	156	100	65	260	56	0	2	3009	217	64	27	23	10	41	80	191	140	9	3574	217	3	5	58	522	17	72	18	14	10	536	27	5	12	79	56	41	19	4	404	27	57	127	0	530	0	7	13	13	13	17	35	21	50	515	36	220	163	171	125	0	238	1251	28	42	14	45	15	252	1791	837	232	0	124	14	41	30	53	105	118	341	0	0	0	30	23	133	1373	423	26	223	71	450	27	49	43	44	67	42	34	37	187	1	485	545	196	198	18	15	15	19	37	24	7	52	12	48	33	25	5	11	77	432	34	255	77	86	115	32	2723	54	25	254	178	0	33	2954	66	167	1	0	0	0	42	27	0	86	6	29	22	36	4	45	288	465	0	16	192	79	83	58	14	14	174	216	47	364	21	25	1447	52	40	3913	530	37	47	30	295	85	7	14	0	132	38	151	15	65	46	93	43	16	0	1	164	0	29	5	14	21	70	35	218	7	22	512	416	33	6	401	637	38	111	6	0	29	17	14	5	41	89	80	67	253	148	284	194	615	137	38	20	6	323	284	28	103	22	50	0	0	78	0	2	149	74	78	1937	835	7	0	411	78	136	313	8	32	59	3	42	18	1	5	68	137	182	86	793	106	17	383	11	10	71	49	10	15	8	23	10	10	38	180	23	8	40	23	36	9	143	73	33	96	27	300	2983	172	64	93	177	810	7	131	170	17	0	0	15	9	179	0	35	43	308	795	307	265	3	0	257	176	230	223	2984	817	129	112	81	15	56	0	95	547	79	54	262	100	92	96	1149	65	578	35	1926	0	10	346	184	116	578	3391	192	42	98	12	10	245	7	775	24	63	21	13225	160	53	74	472	214	28	32	8	56	24	11	41	0	0	0	9	0	354	75	3	37	8	43	44	6	4	95	59	39	4	59	34	187	10	47	1457	228	135	20	46	38	60	29	118	421	7	376	546	63	137	223	2040	2871	2222	484	0	58	119	12	23	96	40	52	76	752	463	1225	54	23	5	8	4	21	70	75	46	135	257	154	128	224	9	277	113	318	36	15	0	13	40	12	3	1249	375	189	933	1436	578	0	3938	342	48	9852	125	191	328	2066	64	0	3	40	470	9600	178	225	0	12	0	40	90	42	51	0	23	370	0	185	196	44	87	178	0	0	0	0	2	0	8	62	729	2149	1806	154	19	40	44	95	1	42	132	65	53	69	756	122	41	0	206	32	114	22	152	100	65	51	8	667	46	28	8	23	0	5	14	104	14	73	241	130	13	72	26
np0321	3	0	0	14	0	23	49	3	6	35	84	0	8	31	7375	32	17	14	0	0	0	7	0	7	5	1	6	107	51	25	44	51	93	56	30	17	3047	10	38	147	12	65	743	45	47	456	22	126	245	203	68	72	275	150	25	0	9402	82	28	10	37	10	210	291	261	35	4	16827	175	0	0	2	32	2	12	57	86	25	2	2	0	3	8	0	34	22	8	229	6	27	23	0	191	0	0	2	4	0	0	5	8	4	376	77	146	54	184	397	29	0	174	0	0	5	3	1	20	276	74	709	0	42	19	0	22	83	137	5	15	46	72	22	789	191	31	12	196	14	4296	35	71	1	8	13	932	977	0	45	4	282	1	1087	5	8	0	1	53	2	15	4	0	440	50	7	20	10	28	3	40	284	1000	0	586	88	4	0	2	3409	4	47	2392	47	0	10	1116	25	78	40	16	24	93	2	48	5	0	0	0	6	0	9	1	38	24	0	102	80	23	32	0	0	13	10	17	5	32	11	71	1791	128	31	318	244	0	5	59	177	7	40	33	0	68	4	88	1	3	14	98	37	16	0	2	550	0	38	8	0	0	13	4	228	10	28	428	508	62	130	233	410	2	342	117	2	97	14	6	0	0	29	31	61	32	15	34	22	106	24	14	23	0	55	73	2	7	15	25	6	0	47	3	0	14	24	21	449	154	11	0	938	27	80	250	80	36	9	16	12	5	0	0	6	46	76	4	86	0	10	21	0	0	8	9	0	6	0	15	7	11	10	265	34	17	76	7	0	9	95	60	30	126	57	248	20136	74	17	154	109	619	1	48	289	2	3	2	4	29	386	23	75	45	470	1423	572	1948	5	0	166	337	362	1367	26426	6204	563	242	265	36	64	0	77	890	15	318	105	160	54	288	70	0	349	0	0	0	3	1481	31	70	1380	2923	166	85	6	0	0	4125	53	1548	74	106	54	99746	11	8	3	48	14	0	1	12	2	0	2	7	0	9	0	381	36	22	7	18	54	7	80	17	0	6	0	2	4	1	10	1	20	0	11	226	20	18	5	2	17	10	0	16	40	0	82	256	21	0	47	223	1624	1264	136	0	8	30	8	5	4	11	3	30	81	45	145	11	2	2	3	0	4	24	9	8	61	108	25	22	7	1	79	4	68	0	9	0	0	7	67	0	250	78	47	140	124	224	9	962	59	0	2809	68	151	6	200	0	0	0	0	14	369	175	160	9	1	0	60	0	0	0	0	5	1894	14	46	314	55	4	133	1	22	7	5	46	0	3	19	292	3914	854	333	4	8	2	14	0	5	13	6	5	4	61	5	5	0	25	4	15	72	53	970	19	6	5	167	4	2	0	0	0	0	78	20	0	13	27	15	3	108	26
np0324	0	0	0	0	2	0	5	0	0	0	12	0	2	0	21	0	26	10	5	7	0	4	0	15	0	0	1	0	0	0	0	16	0	0	0	0	5	0	0	0	0	4	27	69	0	6	0	0	0	0	0	2	7	0	0	0	7	0	0	3	33	0	0	0	0	0	0	719	0	0	0	1	24	0	0	182	0	0	0	3188	46	16	1215	0	0	0	0	6	5	0	0	0	4	0	0	0	12	0	8	0	0	0	893	0	17	1114	595	942	0	81	1318	11	0	0	0	0	0	210	1475	0	16	14	0	4	0	13	70	0	11	0	0	0	0	4	0	0	3	0	0	0	0	0	0	0	0	0	1	25	0	0	0	12	0	0	0	0	0	0	0	1	0	0	0	0	8	45	0	2	1	0	1567	0	0	0	2	2	0	651	0	0	0	73	0	4	123	0	0	0	111	109	91	40	3	0	3	0	16	0	0	2	0	48	4	0	7	50	9	22	0	1	75	1	0	0	30	0	0	216	0	0	151	221	16	0	0	86	0	0	0	0	4	40	235	0	2	226	8	5	0	0	0	171	0	53	19	1	34	3	0	246	0	0	25	43	5	0	39	22	0	19	0	0	0	5	0	0	99	26	0	0	0	0	0	0	0	0	0	0	0	0	0	0	0	0	0	0	0	2	0	0	0	0	0	0	0	0	0	0	0	0	14	0	0	0	0	6	0	0	0	0	17	0	0	140	0	0	0	0	7	2	17	0	0	0	0	0	0	0	14	0	0	0	2	0	0	14	10	0	2	0	0	0	12	0	10	1048	0	1084	0	0	24	0	0	914	553	3	0	3	0	6	27	184	0	0	0	1364	12	0	0	0	0	0	0	0	0	0	22	0	0	0	0	0	0	40	6	4	0	5	0	0	9	0	0	0	0	22	229	25	0	15	6	7	131	0	416	10	46	10	0	0	0	0	5	0	0	0	0	0	0	6	2	133	60	0	0	10	0	0	0	6	0	0	0	0	7	4	0	0	3	6	2	10	0	0	3	0	6	0	0	0	0	2	1	11	0	0	7	0	0	0	55	26	7	1	0	8	0	12	6	0	0	0	0	10	4	17	0	0	0	0	0	0	9	0	0	33	5	4	0	0	1	0	0	0	26	0	0	0	0	0	0	25	0	0	0	10	11	0	77	2	0	226	25	0	0	114	0	0	0	0	3	68	0	30590	0	423	6	163	6	0	3	2	0	6	0	0	27	4	10	2	0	2740	243	35	4092	4	37	0	0	1	0	101	0	4	2	0	0	0	9	3	2	5	9	5	0	0	6	0	17	3	0	232	0	0	0	7	3	2	2	0	0	0	0	0	0	6	0	0	0	0	0
np0326	0	0	0	0	343	0	0	0	0	190	762	110	24	35	1195	8	29	47	29	116	14	29	48	16	0	11	14	19	11	0	4	87	4	0	34	3	266	32	0	0	3	324	1200	224	29	1081	0	31	748	64	44	30	122	0	0	0	497	0	73	21	9	0	18	0	0	0	16	2462	0	0	0	408	2714	1	13	36	16	0	0	244	5	0	314	0	11	7	0	29	707	22	11	0	884	0	19	0	426	0	21	52	11	55	1448	81	953	441	354	174	0	324	6035	42	0	39	17	10	0	4825	2191	0	222	11	8	73	24	21	100	8	236	34	59	0	0	71	12	130	93	3	0	0	12	10	48	14	7	0	19	138	31	0	0	365	0	0	0	5	32	0	4	0	0	0	10	0	7	65	63	16	5	0	182	137	204	0	93	488	60	2390	0	0	0	1976	0	12	4721	0	0	0	51	0	0	70	85	10	4	44	60	0	0	75	27	942	468	64	92	887	102	518	47	13	84	172	62	0	536	0	0	1259	0	0	7256	746	88	0	0	632	33	5	3	13	5	72	672	0	0	110	0	19	0	79	12	382	0	43	21	11	130	149	55	1267	10	0	304	731	23	10	392	495	31	458	14	0	41	37	0	0	55	321	0	0	0	0	0	0	0	0	0	0	0	0	0	0	0	330	0	0	0	0	0	0	0	2	0	0	0	0	0	0	0	240	772	0	0	50	5	47	38	0	408	0	2641	0	0	10837	0	0	0	0	176	208	507	60	0	0	0	0	0	0	7	0	0	0	0	0	0	8	7	0	0	0	0	0	125	0	3	315	0	990	0	0	8	0	0	417	64844	0	0	50	0	0	1	484	0	15	0	881	0	0	0	0	0	0	0	0	0	0	900	0	0	0	0	0	0	53	62	555	194	334	0	0	351	3	0	0	0	936	15886	86	37	183	57	11	974	58	521	18	75	27	0	0	0	183	1121	189	0	0	0	0	0	2	4	8	1	0	0	1	0	70	0	351	8	35	20	0	65	207	53	13	83	195	84	532	28	18	1495	478	365	9	69	3	43	0	30	1196	0	0	1787	0	0	0	3335	2342	745	178	0	206	0	172	110	0	132	0	0	1512	740	2748	75	0	177	0	0	0	37	0	0	187	187	143	0	299	1006	17	0	17	2075	0	0	0	58	0	0	214	68	100	0	462	676	0	6437	76	759	13369	918	0	162	4279	0	0	0	0	529	8581	62	164	0	35	0	119	536	22	0	10	0	229	0	0	318	70	485	719	3	0	0	0	0	23	27	0	0	0	0	23	0	278	88	160	141	80	1320	348	420	1100	993	415	0	0	581	183	753	27	0	25262	1	0	0	1003	95	79	8	0	3	0	0	13	0	14	0	0	21	0	0
np0327	0	0	47	0	9	12	440	24	0	0	223	105	0	14	469	0	0	0	34	61	16	0	8	11	0	7	24	8	0	4	7	15	0	36	0	0	568	13	86	0	6	351	663	107	0	990	0	13	248	60	155	25	103	0	0	649	2249	0	11	1	0	0	0	0	0	0	0	587	0	0	0	441	124	0	2	0	0	0	0	5	13	0	14	0	0	0	0	0	0	0	0	47	402	39	0	71	0	0	0	0	0	0	493	7	692	90	35	36	0	18	173	7	34	0	8	0	0	1134	85	0	0	0	0	119	3	0	38	99	274	0	7	24	0	0	0	8	126	2	99	0	0	9	11	0	0	0	0	0	0	28	5	5	13	0	15	0	44	48	36	12	0	0	0	0	12	18	21	0	0	0	25	0	79	0	49	0	0	344	4	6	0	0	0	66	267	0	0	71	0	0	0	7	17	0	0	9	0	0	0	0	0	146	21	0	0	59	0	269	1	0	9	57	0	0	87	0	24	321	7	0	218	47	0	0	0	198	0	0	7	0	74	0	65	32	24	9	0	0	0	0	0	309	38	5	5	0	3	16	5	210	0	0	161	8	0	0	14	310	0	51	58	0	16	10	0	0	18	0	0	0	0	0	0	0	0	0	0	0	0	0	0	0	0	0	0	28	33	0	38	23	0	0	0	0	0	123	31	0	0	139	9	20	3	7	0	11	51	2	0	0	0	0	0	0	0	0	0	28	3	0	0	0	69	0	0	92	137	0	302	0	12	0	0	0	0	73	0	384	0	0	0	0	0	0	0	34	0	0	0	0	10	0	8	0	0	6	0	0	0	0	11	2	0	0	0	0	0	0	0	0	0	0	0	0	0	0	0	0	479	0	0	0	0	100	23	15	3	463	0	0	173	0	0	0	0	45	0	39	0	24	0	13	1529	197	111	0	20	6	0	0	0	164	429	23	0	0	0	0	0	6	15	4	0	3	0	0	0	5	0	0	0	4	36	3	8	42	0	0	0	6	4	61	0	177	43	29	9	8	37	0	72	0	0	683	25	0	0	0	0	886	236	5099	0	0	0	4	0	59	110	0	0	0	0	0	0	0	0	0	20	0	0	0	32	0	0	10	0	40	0	0	10	0	0	0	0	0	4	38	20	0	0	2	0	0	2765	0	975	55	2067	115	0	5708	385	1026	110	736	1249	0	0	0	1146	82	44	189	0	1	2	6	89	0	0	0	0	65	0	0	56	23	16	58	0	0	0	0	12	0	374	0	0	11	873	58	0	42	12	0	24	54	0	2	0	0	15	3	52	0	88	0	2	0	0	0	0	0	0	11	3	0	13	0	1	0	0	37	0	0	0	0	16	0	0
np0328	0	0	0	0	31	0	0	5	0	0	15	0	1	2	724	0	5	17	12	22	10	20	7	12	19	20	0	4	3	0	0	91	46	14	0	0	132	8	0	0	16	80	99	20	13	580	97	248	174	60	2	5	69	0	0	0	8	0	29	2	14	0	0	0	0	0	0	567	0	129	37	0	182	0	10	39	69	0	0	31	10	0	180	0	0	4	0	13	311	3	0	0	181	3	4	30	18	26	111	13	6	2	903	42	273	36	243	45	0	309	1415	0	0	9	2	14	0	22	0	0	35	39	0	0	4	4	38	2	36	0	0	0	8	0	0	0	8	11	0	0	1	1	10	4	0	0	0	0	0	0	0	3	7	0	0	1	0	0	0	0	0	0	6	0	34	114	79	67	0	0	325	3	127	0	4	1	2	682	10	162	0	0	0	13	908	0	0	0	8	10	0	14	13	0	0	4	0	0	0	0	2	62	24	0	65	183	55	100	0	4	133	0	143	0	436	0	0	1076	0	0	1730	1698	0	0	0	151	29	3	15	1	10	9	94	0	37	49	195	72	38	0	31	511	28	39	9	0	0	0	6	73	14	0	167	68	6	10	481	822	5	30	1	0	13	6	0	0	8	0	0	0	0	0	0	0	0	0	0	0	0	0	0	0	0	0	0	0	0	0	0	0	0	0	0	0	0	0	0	126	0	57	133	0	0	1	0	19	6	17	0	0	460	0	0	1128	0	0	0	0	6	22	11	10	0	0	0	0	0	0	8	0	0	0	0	0	0	527	361	0	144	0	0	8	4290	0	1566	1254	0	0	15	10	0	1434	3	0	240	0	0	10	0	0	10	4605	0	14	5	1550	0	0	0	0	0	0	0	0	0	0	0	0	1	0	0	0	0	90	0	170	7	46	0	0	399	0	0	0	0	862	0	66	0	9	8	4	29	0	95	5	15	0	32508	0	0	213	384	41	0	0	14	0	0	18	14	0	5	0	0	0	0	0	0	0	0	1	0	0	2	62	0	0	0	47	2	152	0	0	5413	112	94	16	11	0	122	119	0	44	157	0	38	0	1410	0	710	75	115	19	47	18	14	0	17	0	0	0	0	118	21	121	0	0	5	4	0	0	8	0	0	41	45	0	0	161	186	1199	0	0	4	22	0	0	48	0	0	319	0	0	214	3229	166	0	2843	344	228	1070	1	0	630	397	105	0	0	0	311	670	25	66	0	0	0	20	0	0	0	0	0	1632	2	65	247	4	11	0	1	0	0	0	0	0	1	0	0	0	0	51	236	39	25	362	2	35	17	0	7	128	131	3	15	0	274	0	8	343	9	3896	0	0	0	134	0	0	0	0	0	0	5	0	0	45	31	11	17	0	0
np0329	0	2	6	11	11	0	0	0	0	21	32	0	27	4	2071	967	0	0	4	14	2	0	0	11	0	2	21	0	38	2	10	27	54	0	6	7	322	8	15	8	6	97	230	68	24	447	5	13	45	39	15	15	65	10	0	0	211	9	28	4	8	2	5	0	13	94	2	917	0	0	3	18	140	4	20	0	2	1	41	5	0	1	15	6	3	0	2	244	14	21	27	1	199	0	6	4	3	0	3	5	5	6	68	6	42	23	12	15	0	20	167	0	5	0	9	7	10	151	91	85	0	10	0	3	2	12	24	11	31	0	0	0	8	28	24	157	134	1	62	47	64	6	9	3	45	45	12	4	4	17	1	97	36	36	33	23	0	2	7	9	0	2	15	13	10	4	9	2	0	5	39	10	24	8	18	16	5	316	14	0	52	17	0	8	346	0	9	0	0	0	0	0	11	0	3	1	4	8	0	5	6	41	105	0	0	21	6	13	17	1	8	166	30	0	36	6	0	481	30	8	441	124	0	10	0	56	16	2	4	0	30	0	35	0	0	7	75	34	18	0	0	72	0	8	6	0	1	5	0	45	3	0	276	122	6	2	174	273	5	13	8	0	8	2	6	0	6	16	36	14	52	29	49	27	121	22	4	8	0	61	35	6	23	9	13	0	0	22	0	0	22	16	15	393	147	3	0	101	14	19	40	0	3	16	0	12	6	0	0	23	52	70	27	317	41	8	112	7	0	24	10	5	10	3	13	0	4	0	104	13	4	0	15	3	9	81	45	16	49	12	104	1145	9	5	1	10	293	0	7	7	1	0	0	1	0	19	0	4	0	33	86	27	136	0	0	16	21	9	25	1400	146	0	4	7	2	6	0	22	169	19	34	59	29	24	14	306	6	265	18	694	0	0	13	13	16	44	247	37	2	14	4	0	41	0	127	0	9	0	993	43	13	26	215	53	10	6	0	20	0	0	6	0	0	0	11	0	38	6	4	13	0	14	3	0	0	0	0	13	0	12	4	52	0	21	417	50	39	10	5	10	17	5	44	119	0	127	186	23	24	69	639	697	473	119	0	24	16	10	11	10	0	10	35	226	147	396	30	5	6	5	0	12	33	16	8	55	138	46	17	106	1	37	50	161	1	21	0	0	7	4	1	177	120	75	194	480	268	0	1174	78	0	3166	48	98	43	614	13	0	0	12	91	1975	102	32	0	0	6	0	29	6	16	0	13	60	0	24	36	11	22	24	3	0	0	0	0	0	0	26	134	189	290	47	7	7	8	44	0	13	28	17	13	16	165	24	12	1	52	12	38	2	11	19	6	2	0	147	8	4	0	0	0	0	0	27	0	13	22	16	2	7	3
np0330	16	2	174	18	109	0	0	20	0	33	173	24	0	1	754	0	6	0	12	15	5	5	7	23	0	2	19	0	0	42	11	19	21	0	0	0	273	206	0	0	1	423	562	133	0	466	0	15	198	47	84	31	152	0	2	0	2110	0	46	14	0	0	0	0	0	0	0	96	0	0	1	4811	547	9	42	0	1	4	0	16	5	9	39	0	223	1	0	30	0	0	0	251	153	2	0	138	0	0	0	0	0	53	165	18	152	54	49	15	0	37	300	8	11	0	18	24	0	287	113	0	0	5	69	103	7	47	60	104	293	0	0	0	0	0	0	35	0	7	5	0	0	36	76	0	88	0	0	0	13	43	1445	311	0	0	0	5	4	38	11	2	18	0	1	0	19	3	21	0	7	0	300	13	54	0	83	4	32	1079	63	0	0	0	54	43	971	0	0	3	0	0	0	13	116	0	0	16	7	0	0	0	0	409	176	72	0	161	24	244	2	4	0	41	303	0	178	196	0	419	14	0	1346	723	0	0	0	63	32	0	0	0	0	0	90	0	76	0	5	13	0	45	0	131	8	19	2	4	142	63	18	183	8	43	160	24	6	5	19	146	10	76	10	0	21	15	0	0	30	0	0	0	0	0	0	0	0	0	0	0	492	0	0	0	0	0	0	58	59	0	55	58	664	0	0	253	0	0	233	0	0	125	33	16	4	57	0	20	12	11	23	0	0	37	0	0	0	0	1610	122	0	1	1	0	312	1	0	52	0	0	122	0	0	0	0	0	0	0	0	127	0	0	0	0	0	0	4	726	0	37	0	0	200	12	94	5	0	195	0	176	0	6	282	0	0	0	0	0	0	0	0	0	0	0	0	0	0	0	0	0	4409	0	0	0	0	121	69	54	22	0	0	0	594	0	0	0	0	0	4760	24	23	25	0	6	317	27	191	7	17	3	0	0	0	115	266	49	0	0	0	0	25	8	27	10	0	121	0	0	18	30	0	27	2	8	400	59	34	132	294	14	0	32	0	60	4	208	246	0	666	4	12	5	115	107	33	141	103	0	0	263	2	345	913	1046	0	0	35	102	0	21	57	11	0	81	0	198	58	194	0	0	5	27	11	17	28	0	0	150	76	84	0	222	0	0	0	0	758	0	0	307	26	0	350	70	0	0	59	46	644	29	457	404	0	2854	36	726	275	920	1113	204	0	0	1045	350	51	207	27	11	0	70	42	1	0	0	0	359	0	50	44	15	42	274	6	0	0	0	1	0	0	0	0	9	704	159	0	61	38	23	28	85	21	3	63	3	157	38	22	0	291	0	0	0	0	0	0	0	0	266	0	6	47	7	4	0	2	138	0	133	0	0	3	0	0
np0332	0	0	0	0	0	0	13	2	0	0	3	0	0	2	93	0	0	0	0	0	0	1	0	0	0	0	0	0	0	3	0	5	0	0	0	0	14	0	0	0	0	0	0	0	0	6	0	3	0	0	0	0	9	0	0	0	0	0	0	0	0	0	0	0	0	0	0	5119	0	0	0	0	312	0	0	0	0	0	0	0	0	0	1	0	0	0	0	24	0	0	0	0	11	0	27	0	0	0	0	0	3	0	1543	2	822	244	389	284	0	0	7	0	0	90	172	0	0	0	0	0	0	0	0	0	4	0	0	0	1	0	0	0	0	0	0	0	0	0	0	0	0	0	0	0	0	0	0	0	0	0	0	0	0	0	0	0	0	0	0	0	0	0	0	0	0	11	0	0	3	0	3	0	3	0	55	0	0	0	0	0	0	0	0	458	4	0	0	1	1620	0	13	1	8	0	1	18	0	0	0	0	0	13	0	0	0	776	173	11	0	2	0	5	0	0	38	0	2	9	0	0	39	7	0	0	0	2	48	0	3	0	0	0	39	0	0	6	61	29	17	0	652	3	0	0	0	4	10	29	2	0	0	0	6	7	0	0	11	5	0	5	0	6	0	0	0	0	14	0	0	0	0	0	0	0	0	0	0	0	0	0	0	0	0	0	0	0	0	0	0	0	0	0	0	0	0	0	0	0	0	0	32	0	0	0	0	42	1	0	0	0	0	0	0	0	0	0	0	0	0	0	22	0	20	0	0	0	0	0	0	0	0	0	0	0	0	0	0	0	0	0	0	0	0	0	0	0	0	0	0	0	0	0	0	0	0	0	0	0	0	0	0	0	0	0	0	0	0	0	0	0	0	0	0	0	0	0	0	0	0	0	0	0	0	4	4	31	0	0	0	0	29	0	0	0	0	6	2	0	0	2	0	106	78	0	14	0	5	0	0	0	0	0	2	0	0	0	0	0	0	1	0	0	0	0	0	0	0	0	0	0	0	0	0	4	2	0	0	0	0	1	0	3	0	0	1889	0	12	21	0	0	0	0	3151	15	0	0	0	0	0	0	0	0	0	0	0	0	0	0	1	0	0	0	0	23	0	12	0	0	0	0	0	1844	2687	0	0	2894	44	1740	0	0	0	0	0	0	0	0	0	0	0	0	0	3	0	0	1	0	5382	0	105106	0	0	0	0	0	0	22780	0	0	0	7	0	62	0	17	0	2	0	2454	0	0	0	0	0	17	0	0	0	0	7	0	0	0	0	0	0	2	0	0	0	0	0	0	0	0	13	0	0	0	0	0	1313	0	0	2322	0	2	0	0	4	0	0	0	0	1	0	0	0	100	0	0	0	0	0	0	0	0	0	0	0	0	0
np0333	2	2	0	11	7	10	6	9	0	27	115	0	73	92	3945	1191	6	3	4	2	5	9	9	23	1	3	30	0	62	16	34	40	40	15	15	3	947	7	23	38	6	54	404	70	38	563	24	41	73	70	71	31	119	50	7	2	680	74	37	17	38	4	57	48	63	23	7	2561	68	0	4	6	120	5	12	7	14	5	37	15	6	0	40	12	85	96	6	179	10	23	24	0	175	0	0	6	9	9	8	14	19	9	546	138	510	147	412	309	0	95	360	16	12	0	17	0	48	344	40	235	1	28	9	4	22	51	79	17	38	11	6	7	36	227	41	198	1045	92	338	44	144	3	21	4	97	70	7	25	5	41	0	219	39	123	89	32	85	9	9	41	0	11	291	16	36	32	20	7	5	32	291	8	144	59	29	13	7	1997	14	46	115	84	0	20	2709	67	100	3	63	43	9	15	549	276	20	0	3	28	47	0	3	102	85	0	74	197	68	89	16	4	6	45	163	37	162	22	13	1416	56	22	1820	401	19	29	20	89	46	15	0	12	36	9	65	5	20	16	402	141	68	0	0	141	6	28	4	0	9	36	25	892	24	53	226	246	15	21	232	286	0	25	61	0	72	83	8	12	8	32	28	40	46	30	66	39	67	34	24	1	0	26	28	5	7	7	13	0	0	32	0	0	36	8	5	445	161	0	0	410	35	83	270	6	7	14	0	22	5	0	0	44	35	43	26	355	39	0	115	0	0	30	22	4	12	0	43	14	14	16	250	43	13	63	54	9	13	166	61	46	125	45	135	1223	1103	199	2930	2080	342	85	813	107	92	16	2	60	16	1616	646	1818	1966	2373	25122	7002	104	7	17	3995	1407	125	569	1352	2131	701	674	459	213	412	0	45	373	0	47	100	61	56	33	285	10	179	8	368	0	0	58	89	67	142	749	116	55	35	5	4	84	3	881	44	62	30	2506	60	14	21	110	43	8	5	8	13	8	3	11	5	0	0	62	4	103	31	4	25	0	37	17	0	27	38	20	6	4	14	16	48	0	0	355	39	29	0	6	19	21	11	29	81	3	104	156	16	7	33	451	464	403	113	0	20	16	32	9	32	6	5	17	144	84	189	8	5	8	0	0	3	36	29	13	57	87	35	37	48	7	121	8	71	2	4	0	1	12	14	0	343	85	30	217	243	149	0	1117	86	17	2578	47	79	37	408	0	0	0	0	57	1921	49	166	0	7	0	62	4	25	10	0	4	515	0	91	256	37	35	92	0	0	0	0	1	2	0	4	112	423	229	59	6	12	4	40	0	10	32	24	11	20	155	28	7	3	51	17	41	115	662	63	426	16	1	114	10	24	11	0	2	3	6	51	3	48	67	45	0	931	234
np0334	0	0	0	0	6	8	0	0	1	54	37	6	1	0	3	0	20	0	6	32	4	1	0	3	0	0	15	49	0	0	1	19	0	0	35	7	167	35	0	0	2	225	354	141	7	43	0	9	39	14	4	3	62	0	0	0	2	0	21	4	0	0	0	0	0	0	0	13	0	0	0	20	109	0	0	0	0	0	0	284	9	0	259	0	0	0	0	1	24	1	0	0	104	0	2	0	11	0	0	0	0	0	631	46	323	22	156	103	0	77	1548	0	0	17	0	5	0	25	6	0	1036	84	2	5	0	0	17	0	11	0	5	0	0	0	0	1	0	0	0	0	0	0	1	0	0	0	2	287	0	0	0	186	0	0	0	0	0	0	0	0	0	0	50	0	3	14	0	0	38	0	13	8	94	0	8	19	5	1812	0	0	0	43	0	0	1040	0	0	0	25	23	5	47	294	0	3	2	16	0	0	23	2	0	4	0	14	132	61	78	0	0	0	3	0	0	54	0	0	1286	0	0	1354	649	6	0	0	582	5	2	3	0	0	11	89	0	0	13	22	10	4	0	0	80	0	0	0	0	5	13	5	105	0	0	2	0	1	2	4	0	0	20	71	0	13	52	0	0	7	27	0	0	0	0	0	0	0	0	0	0	0	0	0	0	0	9	0	0	0	0	0	0	0	0	0	0	0	0	0	0	0	17	57	0	0	21	0	6	0	0	11	0	2	0	0	7	0	0	0	0	21	21	39	7	0	0	0	0	0	0	0	0	0	0	0	0	0	0	0	0	0	0	0	0	19	0	0	89	0	2051	0	0	4	0	0	787	9790	0	0	9	0	0	0	0	0	0	0	960	0	0	0	0	0	0	0	0	0	0	8	0	0	0	0	0	0	13	0	5	3	3	0	0	0	0	0	0	0	2	18	55	6	8	6	0	30	3	51	0	0	7	0	0	0	8	42	7	0	0	0	0	0	0	0	0	21	0	0	3	0	9	0	4	5	9	0	0	16	0	0	0	6	39	2	20	0	0	40	29	13	2	10	1	32	0	0	5	0	0	16	0	0	0	47	8	1	5	0	0	0	8	2	0	1	0	0	37	3	46	0	0	3	0	0	0	6	0	0	7	7	5	0	7	8	0	0	0	6	0	0	0	7	0	0	145	0	0	0	63	5	0	2941	5	0	1701	96	0	3	30	0	0	0	0	24	100	8	8	0	4	0	7	0	0	0	20	0	92	0	0	38	8	9	6	0	1	0	0	0	0	5	0	0	0	0	3	0	148	4	0	2	0	26	0	8	3	4	0	0	0	8	0	69	7	0	3625	0	0	0	9	0	3	0	0	3	0	0	0	0	4	0	0	2	0	0
np0336	9	0	29	47	10	0	0	6	0	9	42	9	0	2	484	0	1	0	7	5	5	0	2	6	0	0	10	0	0	14	3	4	5	0	3	0	285	108	0	0	0	281	138	31	0	215	0	0	178	34	35	16	92	0	0	0	521	0	8	1	0	0	0	0	0	0	0	92	0	0	0	898	108	1	16	0	9	19	0	19	0	0	24	0	133	8	0	5	0	0	0	80	27	0	0	34	0	0	0	0	0	14	129	28	188	76	76	10	0	21	86	0	6	0	0	6	0	645	34	0	0	0	29	8	0	23	33	20	64	0	0	0	0	0	0	42	12	4	0	4	0	5	20	0	215	0	0	0	0	25	157	69	0	0	0	0	0	9	4	1	0	0	0	0	3	0	4	0	34	0	249	2	43	0	20	1	12	549	13	0	0	0	27	145	262	0	0	3	2	0	1	5	65	24	0	0	3	0	0	0	0	545	19	124	0	20	6	136	0	0	0	268	171	0	40	176	0	578	11	0	879	350	0	0	0	37	6	0	0	0	0	0	40	0	32	0	39	31	0	112	0	131	19	6	2	0	32	11	12	165	10	37	120	11	1	0	12	56	4	16	11	0	9	8	0	0	25	0	0	0	0	0	0	0	0	0	0	0	165	0	0	0	0	0	0	28	27	0	17	21	97	0	0	30	0	0	64	0	0	35	12	14	0	11	0	6	6	1	9	0	0	0	0	0	0	0	846	102	0	0	4	0	282	0	0	62	0	0	136	0	0	0	0	0	0	0	4	169	0	0	0	0	0	0	11	282	0	151	0	0	24	1	18	0	0	24	0	100	0	3	111	0	0	0	0	1	0	0	0	0	0	0	0	0	0	0	0	0	4451	0	0	0	0	39	92	18	3	37	0	0	7	0	0	0	0	0	572	20	14	1	0	0	459	27	137	4	10	0	0	0	0	12	56	11	0	0	0	0	4	0	2	0	0	22	0	0	0	6	0	9	0	0	210	21	12	35	177	0	0	3	0	11	0	79	43	0	180	4	1	1	33	24	3	26	28	0	0	71	0	123	197	368	0	0	3	6	0	8	10	4	0	11	0	64	19	52	0	0	2	4	2	2	4	0	0	22	14	14	0	13	0	0	0	0	144	0	0	141	4	0	36	13	0	0	51	15	143	7	142	137	0	872	26	290	53	268	350	71	0	0	345	116	11	503	1	4	2	20	1	0	0	0	0	210	0	15	57	6	1	144	0	0	0	0	7	0	0	18	0	40	2361	181	0	9	13	6	10	20	4	1	14	1	49	8	4	0	57	0	0	0	0	0	0	0	0	123	0	0	3	0	0	0	0	27	0	17	0	0	4	0	0
np0338	5	0	0	20	2	0	0	4	8	22	71	0	5	66	297	217	3	0	0	0	0	0	0	23	6	1	21	0	15	4	2	52	60	18	9	0	693	0	28	28	5	56	170	49	54	604	5	12	102	76	16	0	23	13	0	0	646	50	16	7	39	17	4	14	27	20	10	818	10	0	3	0	26	2	14	4	4	0	16	7	6	0	15	5	40	0	0	63	5	8	10	0	43	0	0	5	2	8	2	4	0	1	172	19	147	28	96	95	0	18	138	7	0	0	5	0	16	256	27	121	0	20	0	0	8	25	21	9	22	0	0	0	11	91	5	25	41	1	76	3	23	5	24	4	32	38	0	47	19	228	1	167	21	36	35	23	23	0	0	6	0	6	41	2	10	7	19	0	11	21	139	4	36	17	16	0	8	497	6	14	271	54	0	11	309	12	8	0	9	0	0	6	106	4	3	0	0	14	18	0	5	387	600	0	44	107	38	76	3	0	0	4	268	57	171	53	46	2614	93	53	3318	514	0	151	43	332	262	1	19	1	27	7	118	0	15	0	5	3	0	2	0	97	0	7	1	0	107	420	4	877	14	28	61	89	0	3	58	78	5	16	25	0	17	6	18	7	7	17	16	25	22	12	10	7	17	0	12	0	0	9	9	4	7	2	2	0	0	19	0	0	6	2	0	85	31	3	4	122	8	18	80	11	4	4	0	6	0	0	0	4	20	27	0	81	12	0	47	0	0	17	21	3	11	0	23	16	17	28	432	60	17	58	40	5	15	187	142	60	121	38	411	3565	113	11	471	460	1270	5	72	69	4	0	0	11	10	393	110	905	1218	207	10111	2326	602	25	0	1714	184	70	184	3985	669	66	63	49	42	71	0	40	370	8	30	67	49	35	13	21	0	10	0	80	0	0	93	25	18	138	620	100	19	8	0	0	39	0	386	13	20	7	125	72	19	21	143	49	14	5	5	15	6	4	8	17	0	1	136	14	28	1	1	10	0	18	0	0	4	10	7	4	0	2	3	5	0	4	97	17	11	5	7	0	5	3	13	23	0	12	37	11	15	16	186	67	96	27	0	4	4	0	14	5	5	2	16	41	21	74	3	0	0	4	0	3	7	4	7	10	34	12	10	28	0	20	12	20	1	0	0	0	0	19	0	61	20	11	60	69	49	0	189	33	0	465	16	13	13	137	0	0	0	0	25	608	29	63	4	0	0	12	5	6	4	0	0	128	0	24	80	35	6	13	0	1	0	0	0	0	0	1	65	47	99	25	6	6	1	6	1	5	7	5	3	7	50	6	5	0	40	7	24	35	111	88	25	3	4	23	0	4	0	1	0	3	5	31	0	29	48	16	5	143	48
np0340	0	0	0	0	24	0	0	0	10	2	150	19	0	15	779	0	3	6	17	38	0	4	0	6	6	0	0	1	0	0	0	66	0	0	0	0	72	7	0	0	0	8	53	27	0	285	0	22	35	6	5	8	118	0	0	0	1522	0	7	3	28	0	1	0	0	0	1	453	0	0	4	0	133	1	4	14	0	6	7	5	4	2	38	0	29	0	0	2	78	3	0	0	800	0	5	27	1	25	0	33	8	8	122	10	97	87	37	53	0	66	466	0	0	0	12	4	0	10	18	0	39	4	0	0	4	8	55	15	12	0	0	0	0	0	117	0	0	0	0	146	0	0	5	5	183	0	2	14	18	20	0	8	138	0	131	37	2	0	0	1	0	0	0	0	10	18	10	8	1	1	117	7	47	8	23	31	11	343	0	64	0	0	0	16	1147	0	0	0	72	43	1	3	13	0	1	0	4	0	0	0	0	112	285	0	0	18	7	32	122	0	4	252	329	0	116	0	13	208	0	0	835	266	24	0	0	59	46	0	0	4	60	48	41	0	17	12	0	0	0	0	44	59	0	8	5	26	15	23	6	102	23	0	43	62	3	4	31	430	12	82	0	0	18	13	0	0	26	701	0	0	0	0	0	0	0	445	0	0	0	0	0	0	0	0	0	0	0	212	0	0	0	0	0	0	0	0	0	0	63	35	156	0	0	0	5	15	23	15	0	27	795	655	0	1612	0	0	0	0	3	28	102	20	43	11	0	0	0	6	12	0	0	336	0	13	0	220	2	0	0	0	0	303	5	0	116	71	0	0	0	0	0	0	0	0	52	0	0	1	0	0	180	283	0	72	0	5	0	0	0	0	0	0	0	0	0	0	0	0	0	0	0	0	0	49	14	140	34	173	0	0	48	1	0	88	0	320	103	57	0	3	10	8	101	0	125	0	17	0	0	19	9	107	806	4	0	10	62	0	0	9	0	2	0	0	0	0	0	0	0	0	0	6	0	0	11	5	14	24	0	35	0	65	5	0	819	51	274	21	9	0	22	10	18	1097	0	953	222	0	244	0	739	589	20	46	27	40	0	39	158	0	0	0	205	197	3	299	20	43	5	7	1	44	74	0	0	123	31	41	0	0	0	0	0	0	0	4	25	0	37	0	0	161	0	0	586	1763	801	0	2707	3589	0	4282	130	0	256	3964	55	0	164	32	470	1307	13	131	0	1	0	16	197	0	4	0	0	54	0	0	86	34	31	0	0	0	0	0	0	128	0	0	0	999	0	0	0	34	8	124	22	29	16	173	1	47	338	127	3	0	179	0	105	0	52	319	0	35	0	39	0	8	0	0	42	0	0	45	28	12	0	0	2	0	0
np0341	0	0	0	0	0	106	7	2	0	0	0	0	0	0	54	0	0	0	0	0	0	2	1	3	0	0	0	0	0	0	0	6	4	0	0	0	9	0	0	0	0	0	0	2	0	0	0	1	4	0	0	0	6	0	0	0	1	0	0	0	0	0	0	0	0	0	3	2199	0	0	0	0	27	0	0	0	0	0	0	0	0	0	0	0	0	0	0	24	0	0	0	0	12	0	22	0	0	0	0	0	0	0	145	1	7	21	351	425	0	0	0	0	0	0	8	0	0	0	0	0	0	0	0	0	4	0	0	0	0	7	66	48	0	0	0	0	0	0	0	0	0	0	0	0	0	0	0	0	0	0	0	0	0	0	0	0	0	0	0	0	0	0	0	0	0	6	0	0	4	0	123	0	1	0	54	0	0	0	0	0	0	0	0	553	1	0	0	3	81	0	9	3	58	24	0	14	0	0	0	0	0	206	161	0	0	9	2	4	0	0	0	0	0	0	25	0	0	3	0	0	27	4	0	0	0	1	39	0	0	0	0	0	12	0	0	4	39	18	6	0	176	8	0	0	2	2	8	34	0	0	0	0	8	9	0	0	11	0	0	2	0	30	0	0	0	0	9	0	0	0	0	0	0	0	0	0	0	0	0	0	0	0	0	0	0	0	0	0	0	0	0	0	0	0	0	0	0	0	0	0	23	0	0	0	0	58	0	0	0	0	0	0	0	0	0	0	0	0	0	0	14	0	6	0	0	0	0	0	0	0	0	0	0	0	0	0	0	0	0	0	0	0	0	0	2	0	0	0	0	0	0	0	0	2	0	0	0	0	0	0	0	0	0	0	0	0	0	0	0	0	0	0	0	0	0	0	0	0	0	0	0	0	0	6	0	3	0	0	0	0	25	0	0	0	0	0	7	0	0	3	0	7	54	0	17	0	0	0	0	0	0	0	0	0	0	0	0	0	0	3	2	0	28	0	0	0	0	0	0	0	0	0	0	0	0	0	0	0	0	0	0	2	0	0	82	0	7	6	0	0	0	0	887	0	0	0	0	0	0	0	32	0	0	1	0	0	0	0	0	0	1	0	0	9	4	8	0	0	0	0	0	1503	1712	0	0	3067	48	1607	0	0	0	0	0	0	0	0	0	0	0	0	0	0	0	0	0	0	2762	0	53347	0	0	0	0	0	0	242	0	0	0	0	7	27	0	8	0	1	1	146	0	0	0	0	0	1848	289	0	2	0	4	0	0	0	0	0	0	0	0	0	0	0	0	0	0	0	5	0	0	0	0	0	34	0	0	55	0	0	0	0	1	2	0	0	0	0	0	0	0	74	0	0	0	0	0	0	0	0	0	0	1	0	0
np0343	0	3	0	11	963	135	18	0	0	864	944	159	5	9	64	0	47	11	778	1644	107	87	11	73	0	7	58	83	39	3	19	162	24	31	364	61	2549	304	0	0	12	2394	2587	841	104	1018	16	94	822	67	81	46	211	0	0	0	11	0	296	58	26	0	3	0	0	0	17	295	0	0	0	1736	6114	5	24	83	12	0	0	204	18	0	301	0	29	0	0	1	115	21	2	0	238	0	48	0	979	0	12	130	0	101	1860	82	203	44	394	174	0	319	5880	55	0	67	38	145	0	826	183	0	218	7	12	81	25	42	146	18	328	2	98	3	0	10	8	28	0	10	0	0	4	13	32	42	7	0	96	196	51	0	1	1301	0	0	0	7	52	0	14	0	2	0	14	0	29	218	185	46	373	0	187	100	385	0	55	403	55	6879	0	0	0	151	0	27	9922	0	0	0	13	9	4	158	213	0	0	49	221	0	0	465	116	239	107	14	154	1536	139	816	27	3	23	17	69	0	687	0	0	2096	0	0	3729	882	34	0	0	407	27	4	46	23	30	179	404	0	0	257	77	29	33	38	42	1523	0	53	36	25	124	171	71	285	8	0	122	187	48	7	105	160	48	483	2754	0	40	15	0	0	65	202	0	0	0	0	0	0	0	0	0	0	0	0	0	0	0	123	0	0	0	0	0	0	0	0	0	0	0	0	0	0	0	1522	1453	1	9	444	85	52	10	12	162	0	177	0	0	849	0	0	0	0	131	384	524	92	0	0	0	0	0	0	3	0	0	0	0	0	0	3	0	0	0	0	0	0	1	0	0	9	0	22	0	0	0	0	0	8	1828	0	0	4	0	0	0	0	0	2	0	89	0	0	0	0	0	0	0	0	0	0	54	0	2	0	0	0	0	159	0	53	613	27	0	0	36	9	0	0	0	36	276	79	28	302	129	23	783	50	448	7	26	11	0	0	0	156	1073	198	0	4	0	0	0	10	4	15	4	0	0	5	0	89	0	130	20	46	78	0	81	340	111	5	127	516	60	848	77	22	1815	1737	575	49	183	3	124	0	34	468	0	0	886	0	0	0	2435	964	324	23	0	23	0	22	24	0	37	0	0	996	357	1707	27	0	85	0	0	0	1	0	0	62	71	46	0	223	711	36	0	6	179	0	0	0	190	0	0	108	116	111	0	215	182	0	1897	52	893	2255	1208	0	57	1705	0	0	0	64	934	3866	59	238	0	96	0	201	362	30	0	103	0	187	0	0	288	225	789	254	12	0	4	0	0	0	27	0	0	0	0	18	0	2815	427	75	50	40	560	71	184	224	228	129	0	0	468	73	456	0	0	744	0	0	0	1413	124	151	17	0	1	0	0	29	0	0	0	0	23	0	0
np0344	0	0	0	0	0	13	0	0	0	0	2	0	0	0	3	0	2	3	0	1	0	0	0	0	0	0	0	0	0	0	0	2	0	0	0	0	4	0	0	0	0	0	4	7	0	3	0	0	0	0	0	0	0	0	0	0	2	0	0	0	94	0	0	0	0	0	0	7	0	0	0	2	3	0	0	6	0	0	0	189	4	1	68	0	0	11	0	0	0	0	0	1	1	0	0	0	0	0	0	0	0	0	115	0	6	47	17	70	0	20	296	0	0	2	0	0	0	11	9	0	1	0	0	0	0	0	1	0	2	3	12	5	0	3	0	0	0	0	0	0	0	0	0	0	0	0	0	1	2	0	0	3	0	0	0	0	0	0	0	0	0	0	0	0	8	75	0	0	2	0	211	0	0	0	0	0	0	19	0	0	0	100	0	0	41	0	0	0	37	5	1	9	2	0	0	0	6	0	0	0	0	0	1	0	0	5	7	0	0	0	1	0	0	0	3	0	0	58	0	0	25	26	0	0	0	9	2	0	0	0	0	0	3	0	0	291	51	21	10	0	0	10	0	1	0	1	5	0	0	153	0	0	0	5	0	0	6	0	0	0	0	28	0	1	0	0	2	3	0	0	0	0	0	0	0	0	0	0	0	0	0	0	0	0	0	0	0	0	0	0	2	0	0	0	0	0	0	0	0	1	6	0	0	0	0	1	0	0	0	0	2	0	0	8	0	0	0	0	0	0	7	0	0	0	0	0	0	0	0	0	0	0	0	0	0	0	0	0	0	0	0	0	0	0	0	154	0	139	0	0	0	0	0	117	77	0	0	1	0	0	1	52	0	0	0	163	0	0	0	0	0	0	0	0	0	0	0	0	5	0	0	0	0	39	0	0	0	10	0	0	0	0	0	0	0	7	32	17	0	6	3	0	6	3	25	0	3	0	0	0	0	0	2	1	0	0	0	0	0	1	4	0	228	0	0	1	0	4	0	0	0	0	0	0	0	2	0	0	1	0	0	0	0	0	0	0	0	0	1	0	0	0	0	0	0	0	0	0	0	14	21	6	0	1	0	1	0	0	2	0	0	0	0	0	0	0	0	0	0	0	0	0	0	0	0	0	2	0	0	0	3	0	0	0	3	0	0	0	1	0	0	0	0	0	0	6	0	0	6	1	0	28	6	13	0	10	0	0	0	0	4	12	0	4353	0	259	101	2146	4	0	0	1	0	2	0	0	10	0	1	0	0	755	130	0	0	227	76	0	0	0	0	25	0	0	1	0	0	0	3	1	0	0	1	0	0	0	1	0	3	0	0	33	0	0	0	0	0	0	0	0	0	0	0	0	0	0	0	0	0	0	0
np0346	4	8	0	2	50	0	0	1	0	0	61	4	2	7	189	0	7	0	11	7	5	8	4	19	0	2	3	0	0	5	0	0	0	0	0	0	72	0	0	0	0	112	115	10	0	384	0	11	9	6	9	13	19	15	0	0	67	0	13	2	156	0	0	0	0	0	12	76	0	0	0	1001	313	0	29	0	8	19	17	59	15	9	106	0	4	0	0	1	3	0	12	38	24	1	0	77	0	27	0	0	0	10	90	5	101	6	37	15	0	10	115	0	0	13	11	8	0	91	0	0	0	5	0	26	0	6	15	29	95	0	0	0	0	0	12	2	0	0	8	0	10	0	45	0	0	0	0	0	27	37	0	18	0	0	0	0	8	3	7	0	0	0	0	0	8	2	12	0	3	0	60	0	49	0	17	3	1	238	8	51	0	0	9	5	441	0	0	9	1	0	0	44	10	0	41	13	5	0	0	0	11	103	101	0	0	68	0	242	37	6	0	8	0	0	137	0	0	180	0	0	859	207	0	0	0	38	2	0	0	0	0	0	56	0	16	0	11	2	0	0	0	107	0	24	4	9	10	77	7	32	0	0	27	28	3	15	8	13	5	103	20	0	0	0	0	0	21	8	0	0	0	0	0	0	0	0	0	0	0	0	0	0	0	0	0	1	0	0	0	0	76	0	0	34	0	0	44	11	5	34	22	1	9	5	0	8	0	0	0	15	17	5	0	29	0	0	89	13	0	9	49	0	43	0	0	38	33	0	47	0	44	0	0	0	0	0	0	34	0	0	0	0	1	0	0	1	0	0	0	0	1	0	0	0	0	0	0	2	0	0	0	0	0	0	0	0	0	0	0	0	0	0	0	0	0	0	59	0	205	0	0	0	0	11	0	32	9	22	0	0	12	0	0	0	0	84	132	0	13	33	4	4	121	13	118	0	7	3	0	0	0	15	110	81	0	0	0	0	0	0	0	0	0	4	0	0	3	5	10	13	1	0	7	10	0	75	20	4	0	24	0	59	15	144	58	47	37	4	4	0	157	96	23	59	15	0	0	72	0	957	1141	467	0	12	0	0	0	9	24	0	0	11	12	183	0	13	64	0	10	0	9	3	7	0	0	100	88	11	0	0	0	0	0	0	0	0	0	159	15	0	0	0	0	0	184	234	156	0	508	59	0	1978	98	1024	98	302	316	273	0	0	384	367	7	113	0	1	0	24	55	4	9	9	0	71	0	0	22	24	7	0	1	0	3	0	0	0	1	0	0	0	125	2	0	53	30	40	4	10	2	1	0	0	139	21	6	0	211	0	53	0	1	0	0	2	9	16	0	24	155	0	4	0	5	262	0	138	0	0	3	0	0
np0347	0	0	0	0	10	1	0	0	87	202	107	0	0	3	608	0	0	0	36	112	46	0	4	1	22	4	11	88	17	10	0	104	0	7	2	10	361	27	0	0	0	1534	422	13	0	1294	6	11	31	0	0	7	7	0	0	0	171	0	34	0	18	0	0	0	0	0	0	418	0	0	0	1069	200	9	0	0	0	13	0	0	0	0	6	0	1	0	0	293	41	0	0	0	266	127	5	122	0	212	0	0	0	11	58	1	38	22	58	11	0	2	111	0	5	0	4	4	0	115	0	0	0	0	0	3	2	8	8	8	7	0	1	0	0	0	0	0	0	0	0	0	0	1	0	0	0	0	5	11	3	0	0	0	0	0	0	1	0	0	20	1	0	0	0	0	7	17	17	3	3	0	114	14	23	0	7	18	0	117	0	0	0	0	0	76	253	0	0	0	2	0	0	1	4	0	0	0	0	2	0	0	0	0	5	0	0	12	0	6	10	0	0	7	70	0	5	0	0	121	0	0	88	30	0	0	0	7	4	37	9	1	0	0	14	0	0	5	0	0	2	0	5	313	0	5	3	0	0	7	5	9	0	0	27	34	0	9	16	156	5	67	28	0	1	0	0	0	3	0	0	0	0	0	0	0	0	0	0	0	0	0	0	0	0	0	0	0	0	0	0	0	0	0	0	0	0	0	0	0	0	0	26	0	3	2	75	10	10	0	0	0	20	89	0	0	0	50	0	0	0	0	10	0	0	9	0	0	0	0	0	0	0	0	0	0	0	52	14	0	19	0	0	20	0	0	0	0	0	0	0	0	0	0	0	0	0	0	0	20	0	0	4	1	0	16	0	4	0	0	0	18	0	0	0	0	0	0	67	0	0	0	0	0	0	21	0	35	1	0	0	0	0	0	0	0	0	300	208	17	0	5	0	0	53	0	39	10	0	25	0	6	27	51	778	93	0	27	0	10	0	0	0	0	0	0	0	0	0	0	0	10	0	13	0	0	0	0	0	2	0	36	19	56	86	0	513	121	194	11	50	0	27	32	21	122	0	0	144	0	0	0	713	297	125	35	0	0	0	0	2	0	0	0	0	399	309	544	0	232	0	21	2	6	129	0	0	382	200	160	0	0	0	5	0	0	0	0	44	0	60	0	0	121	0	0	0	134	263	0	2756	3	0	2593	26	0	178	1060	66	0	56	5	102	291	27	40	0	1	5	0	0	0	0	28	17	38	0	3	69	21	6	0	13	0	0	0	0	0	0	0	0	10	911	0	0	7	5	189	2	0	0	0	11	13	48	16	0	14	140	0	3	14	16	1	0	0	0	12	0	8	0	0	0	0	0	133	0	24	0	0	2	0	0
np0352	0	0	22	0	111	0	240	2	0	0	346	317	6	18	6927	0	7	0	150	184	19	16	11	59	0	10	63	2	0	9	8	75	0	39	0	0	771	23	100	0	8	358	1600	455	0	1362	4	124	336	66	286	115	479	0	0	2044	10815	0	39	45	0	0	0	0	0	0	4	660	0	0	0	6871	1191	0	9	0	0	0	0	24	3	7	29	0	0	3	0	20	0	0	0	233	1366	130	0	1013	0	0	0	0	4	33	245	16	965	539	139	98	0	91	878	33	143	9	39	5	0	12352	1036	1	0	0	20	642	0	61	200	799	1637	0	0	0	0	0	106	142	23	3	136	0	1	39	71	0	0	0	0	0	0	38	0	2	1306	0	1404	0	17	156	49	8	29	16	5	0	67	154	60	7	2	0	1023	0	138	0	177	0	0	1088	270	0	0	0	139	83	3536	0	0	11	27	0	0	25	65	0	0	31	2	0	0	0	10	1553	559	0	0	44	0	806	13	8	3	159	0	0	287	0	97	1917	34	0	1149	369	0	0	0	631	7	0	2	0	664	0	128	69	65	49	0	0	0	0	8	301	38	95	18	14	50	158	27	254	0	0	1914	71	1	0	51	1614	0	137	34	0	28	15	0	0	88	0	0	0	0	0	0	0	0	0	0	0	0	0	0	0	0	0	0	14	13	0	20	17	4	0	0	0	0	433	276	0	0	545	34	24	0	20	3	65	74	0	0	0	2	6	0	19	0	0	0	197	12	43	1	40	411	0	0	264	398	0	900	0	26	0	0	0	0	239	0	1228	0	0	0	0	0	0	4	26	0	2	0	0	8	0	0	0	0	2	0	1	0	0	13	1	0	0	0	4	0	0	0	0	0	0	0	0	0	0	0	0	159	0	0	0	0	285	1040	128	14	6641	0	0	2698	0	0	0	0	0	0	86	0	167	0	16	4323	84	394	9	53	40	0	0	0	434	992	6	0	7	2	0	0	19	70	0	0	10	0	0	0	16	0	0	0	7	132	3	24	340	72	25	4	36	58	504	13	1936	641	126	59	45	42	27	451	0	12	1631	96	0	6	0	3	5041	1522	10095	0	0	0	88	0	299	535	0	0	0	0	0	8	2	0	0	260	0	0	40	95	0	0	60	6	88	0	0	224	0	0	0	13	0	0	168	166	0	0	41	0	0	11037	0	3579	328	4382	494	0	18658	1303	4530	888	9417	15433	0	0	0	15691	728	140	254	8	11	0	45	1218	0	0	0	0	1345	0	0	298	86	154	2	13	0	0	0	1	2	1	0	0	0	5292	29	0	130	73	1	69	177	9	0	11	0	87	52	328	0	622	0	96	4	0	3	0	0	0	159	0	4	61	0	6	0	0	141	0	0	0	0	4	0	0
np0359	2	0	7	0	40	0	0	2	0	0	10	4	0	0	80	0	0	0	4	0	0	0	2	0	0	0	2	0	0	6	0	0	1	7	0	0	27	18	0	0	0	15	38	24	0	15	0	0	4	0	32	4	8	0	0	0	118	0	5	3	0	0	0	0	0	0	1	23	0	0	0	446	27	0	0	0	0	0	0	7	3	0	16	0	45	0	0	0	0	0	0	17	8	0	0	23	0	0	0	0	0	2	51	4	43	16	22	8	16	0	53	0	3	0	0	2	0	56	23	0	0	0	6	19	0	5	15	17	48	0	0	0	0	0	0	19	2	0	0	0	0	3	7	0	21	0	0	0	0	6	274	26	0	0	0	1	0	0	2	0	5	0	0	0	6	0	1	0	7	0	101	3	15	0	10	0	4	191	6	0	0	0	9	3	124	0	0	4	2	0	0	2	3	0	0	0	2	0	0	0	0	50	12	7	0	42	6	42	0	0	0	8	41	0	31	24	0	54	0	0	232	87	0	0	0	4	5	0	0	0	0	0	32	0	24	0	4	3	0	9	0	10	3	0	0	0	10	2	2	39	0	6	16	0	0	0	3	19	0	6	1	0	1	4	0	0	4	0	0	0	0	0	0	0	0	0	0	0	24	0	0	0	0	0	0	1	2	0	2	4	30	0	0	5	0	0	12	0	0	20	8	2	0	9	0	0	0	0	0	0	0	5	0	0	0	0	61	3	2	1	0	0	15	0	0	3	0	0	5	0	0	0	0	0	0	0	0	2	0	0	0	0	0	0	0	203	0	8	0	0	64	11	23	6	0	60	0	53	0	0	74	0	0	0	0	0	0	0	0	0	0	0	0	0	0	0	0	0	247	0	0	0	0	28	5	9	5	0	0	0	39	0	0	0	0	0	257	9	0	7	0	3	43	3	43	0	4	0	0	0	0	0	0	4	0	0	0	0	0	0	5	3	0	18	0	0	4	1	0	0	0	4	75	11	4	25	54	0	0	2	0	0	0	29	14	0	64	1	0	0	0	2	2	14	2	0	0	27	0	29	32	115	0	0	4	7	0	0	0	0	0	6	0	18	3	4	0	0	0	4	4	0	0	0	0	10	3	1	0	20	0	0	0	0	80	0	0	14	0	0	17	14	0	0	0	0	42	0	30	13	0	171	2	27	14	39	37	6	0	0	35	10	0	81	2	2	2	13	1	0	0	0	0	38	0	0	7	0	2	67	0	0	0	0	0	0	0	1	0	3	106	84	0	4	5	2	2	2	4	2	1	0	10	0	2	0	10	0	0	0	1	0	0	0	0	48	0	0	3	0	0	0	0	14	0	0	0	0	0	0	0
np0360	0	0	0	5	72	0	0	0	420	1	291	56	0	9	423	0	3	18	34	66	9	8	0	10	13	2	3	10	0	0	4	185	0	14	0	0	687	100	0	0	0	69	324	37	21	768	0	82	62	28	2	4	93	0	0	0	1414	0	12	4	113	0	0	0	0	0	0	897	0	0	3	0	56	0	10	19	0	14	12	29	24	5	202	0	8	0	0	3	97	2	0	0	568	0	0	12	0	26	0	22	0	0	271	12	238	105	109	114	0	44	405	0	0	12	32	1	0	19	12	0	66	26	0	0	9	12	41	19	21	0	0	0	0	3	287	7	0	0	0	168	0	0	20	0	287	0	0	51	40	53	0	25	50	0	68	110	0	0	3	10	0	0	0	0	4	10	50	26	0	0	46	1	81	0	49	122	9	374	0	46	0	0	0	41	932	0	0	0	0	3	2	32	6	0	8	3	0	0	0	0	6	158	178	0	0	89	15	158	751	0	11	455	1028	0	301	0	22	685	0	0	1842	508	48	0	0	134	84	0	0	0	105	107	96	0	54	8	2	0	0	0	88	297	0	25	7	3	60	42	8	112	9	0	65	104	5	6	21	315	20	122	24	4	10	11	0	0	69	480	0	0	0	0	0	0	0	192	0	0	0	0	0	0	0	0	0	0	0	252	0	0	0	0	0	0	0	0	0	0	67	46	200	0	0	0	4	27	36	30	0	7	501	368	0	958	0	0	0	0	9	40	170	40	63	6	0	0	0	0	12	0	0	149	0	5	0	102	2	0	0	0	0	854	10	0	795	348	0	0	0	0	0	9	0	12	98	0	0	5	0	0	847	2517	0	566	4	63	0	0	0	0	0	0	0	0	0	0	0	0	0	0	0	0	0	43	22	233	1	50	0	0	45	46	0	75	0	446	105	41	0	0	13	3	113	0	112	0	21	0	0	65	13	232	1965	15	0	88	287	2	0	2	0	0	166	0	0	0	0	0	0	8	0	32	0	0	14	3	9	24	0	49	0	218	20	0	554	107	458	54	24	0	29	13	15	577	0	1112	310	0	173	0	610	637	48	68	19	16	0	40	39	0	10	0	151	228	1	345	30	39	8	7	0	83	137	0	0	130	34	64	0	0	3	0	0	0	0	12	58	0	80	0	0	119	0	0	459	1209	758	0	2057	1682	0	2925	65	0	192	4162	47	0	339	30	519	1318	21	148	0	0	9	0	29	0	0	0	0	65	0	0	126	29	332	0	2	0	0	0	0	43	12	0	0	1387	0	0	0	19	15	90	10	14	13	99	6	26	288	93	4	0	161	0	63	25	172	620	4	206	5	11	0	81	0	12	66	99	3	38	0	6	0	0	11	0	0
np0361	38	11	165	36	3	14	0	100	7	155	65	0	28	35	1225	374	6	33	11	8	0	5	5	10	7	2	36	0	122	52	50	51	68	6	20	7	1380	12	19	31	42	1301	947	138	214	1400	15	58	531	96	88	35	127	53	0	1	393	16	178	72	38	10	10	232	127	55	1	2857	93	0	3	43	205	10	43	6	5	3	19	35	19	2	64	29	57	1	277	1479	65	79	41	2	959	4	4	23	20	23	1	66	4	20	533	62	171	43	151	75	0	76	255	7	0	4	0	0	32	117	62	1623	0	380	39	0	15	123	77	14	11	1	7	11	17	54	9	37	177	63	93	19	42	0	8	7	190	163	2	83	0	22	0	1083	22	94	87	8	73	236	96	73	2	301	321	58	27	11	22	0	12	15	112	76	91	25	7	6	6	554	8	4	32	21	0	11	238	2	15	0	106	0	0	99	35	0	7	0	0	21	11	464	9	43	63	0	0	39	16	0	197	1	7	52	17	2	36	0	0	520	12	12	259	80	0	0	0	60	9	49	4	0	38	3	241	1	7	7	9	0	0	0	0	288	0	6	1	7	0	5	11	164	6	18	246	158	17	105	245	408	0	12	130	0	47	5	10	0	4	112	94	139	216	143	195	115	258	139	57	76	0	127	124	12	23	34	23	7	3	82	3	5	50	67	77	636	194	0	4	3032	51	34	42	11	16	5	28	31	31	21	16	11	34	34	8	139	6	0	55	0	9	71	37	7	17	2	108	29	14	33	470	58	23	50	133	4	28	406	154	53	163	49	927	1740	40	14	52	25	2100	4	19	8	3	0	0	0	0	33	6	11	14	54	190	70	121	5	0	45	36	13	32	1165	131	22	24	16	4	13	0	256	1662	33	194	297	107	35	21	139	6	56	0	141	0	0	20	34	29	87	430	104	12	10	0	0	94	3	178	14	16	8	234	73	24	59	508	141	21	9	0	9	18	6	7	0	0	3	506	82	217	11	91	176	25	52	65	10	15	13	11	46	0	55	7	117	0	50	1540	193	76	58	70	40	29	5	58	1642	49	828	1357	290	22	214	959	1541	1465	307	0	24	411	28	29	35	61	180	1067	199	107	230	35	0	74	68	0	28	122	200	171	357	454	222	343	66	4	212	35	226	3	48	0	5	69	43	3	849	199	113	864	610	826	0	7740	399	0	26978	398	1102	73	741	0	0	0	0	83	3203	552	110	6	0	1	12	5	6	119	19	28	166	0	26	92	30	19	457	11	0	0	0	3	0	0	30	277	408	427	109	4	9	11	438	21	109	227	194	165	185	1535	298	76	46	1885	24	83	0	32	5	13	6	0	47	0	5	0	1	0	1	9	84	5	60	63	60	8	34	0
np0362	6	8	0	5	29	0	0	0	0	0	113	9	7	11	1939	0	0	0	8	3	14	8	3	14	0	4	5	1	13	14	0	12	0	9	0	0	246	34	0	0	0	247	455	32	10	1336	0	24	29	40	19	11	51	20	0	0	1607	0	19	5	198	0	0	0	0	0	3	110	0	0	0	880	259	0	29	4	11	28	281	64	5	8	143	0	7	2	0	0	4	0	28	25	61	11	0	62	0	36	0	0	0	11	226	42	312	164	60	25	0	35	703	27	56	11	10	7	0	3145	0	0	0	13	16	30	5	26	39	45	201	0	0	0	0	0	41	9	0	0	5	0	35	0	54	1	0	0	2	0	73	333	0	52	80	0	0	0	2	6	13	3	0	0	14	0	4	4	24	7	0	0	238	0	40	0	63	7	1	608	22	33	0	0	89	33	1912	0	0	4	1	0	0	30	18	0	10	16	7	0	0	0	13	179	47	25	0	165	18	1470	12	2	0	82	17	23	256	0	0	285	0	0	1123	364	2	0	0	35	0	0	4	0	0	0	129	0	23	2	0	0	0	0	0	130	0	17	6	3	24	127	21	107	0	0	168	259	3	42	85	117	7	252	5	0	7	16	0	0	38	12	0	0	0	0	0	0	0	0	0	0	0	0	0	0	0	0	0	0	1	0	1	0	177	0	0	59	0	0	54	25	16	112	40	6	1	5	0	8	12	0	0	23	14	0	0	40	0	0	166	9	0	8	34	0	50	0	0	125	101	0	133	0	136	0	0	0	0	0	0	143	0	0	0	0	9	0	0	69	0	6	0	0	2	0	0	0	0	0	0	3	0	0	15	0	0	6	0	0	0	0	0	0	0	0	0	0	19	40	153	0	743	0	0	0	0	20	0	168	3	1141	51	0	14	0	0	0	0	2646	4053	28	7	23	7	0	190	5	271	20	66	5	0	0	0	44	415	269	0	0	0	0	9	3	5	0	0	1	0	0	3	5	4	37	0	0	3	3	0	36	0	5	0	19	0	65	9	235	86	64	40	0	3	0	149	70	11	34	12	0	0	177	0	2618	1621	942	0	20	0	0	0	32	70	2	0	10	18	361	0	21	133	0	16	0	8	10	8	0	0	122	123	8	0	0	0	0	0	0	0	0	0	295	16	0	0	11	0	0	649	663	155	0	1061	78	0	4118	115	2190	126	859	949	612	0	0	1028	909	6	301	0	0	0	31	95	9	5	0	0	98	0	0	175	30	49	13	7	0	0	0	0	0	0	0	0	0	331	4	0	30	20	74	0	5	1	0	0	0	155	38	22	0	174	0	37	10	14	0	0	169	254	64	0	15	23	0	0	0	3	364	0	91	0	0	3	77	27
np0365	0	0	0	118	0	1	0	0	0	0	183	21	0	6	21	0	9	0	194	0	0	1	0	10	0	2	23	112	267	0	7	169	0	0	11	39	1040	7	0	0	0	601	1496	75	0	1550	0	34	0	0	0	46	18	0	0	0	1703	0	104	28	1	0	0	0	0	0	0	60	0	0	0	1345	76	0	0	0	0	71	0	8	0	0	35	0	0	0	0	1	107	0	0	0	358	178	10	1091	0	0	0	0	0	25	41	0	177	18	42	32	0	0	151	0	0	9	43	0	0	0	0	0	0	0	0	0	1	26	19	0	0	9	0	4	0	0	0	0	0	0	0	0	0	0	7	0	0	0	0	0	3	4	0	0	0	0	0	0	0	0	14	0	0	0	0	0	21	62	9	10	0	0	199	59	132	0	0	0	0	195	0	0	0	0	0	211	334	0	0	0	263	150	4	0	548	211	0	0	0	0	0	0	0	19	3	0	0	5	0	3	0	0	0	0	0	0	11	0	0	420	0	0	39	70	0	0	0	61	0	0	0	13	0	0	759	0	0	36	577	223	124	0	10	1056	0	9	12	0	0	20	2	8	0	0	34	6	0	0	0	67	9	184	203	0	9	0	0	0	4	0	0	0	0	0	0	0	0	0	0	0	0	0	0	0	0	0	0	0	0	3	0	0	0	0	0	0	0	0	0	0	0	0	241	6	0	0	0	55	0	1	0	0	0	338	0	62	0	0	0	0	17	0	129	0	10	0	0	0	0	0	0	0	0	0	0	0	0	256	111	0	96	0	0	0	0	0	0	0	0	0	0	0	0	0	0	0	0	0	0	0	0	0	0	0	0	0	0	0	0	0	0	0	0	0	0	0	0	0	0	0	0	0	0	0	0	74	0	2	0	0	0	0	0	0	0	0	0	101	48	64	0	0	0	0	222	0	24	0	0	1	0	60	304	0	118	511	0	0	0	59	0	8	20	0	8	0	0	0	0	0	0	0	0	5	0	0	0	0	31	5	0	83	29	504	0	0	13	0	558	190	7	0	14	0	28	118	0	0	237	0	0	0	1099	209	674	0	0	0	0	0	0	0	0	0	0	648	316	744	0	0	0	0	17	0	194	0	0	2	2	0	0	0	0	0	0	0	0	18	20	0	535	0	0	0	0	0	0	0	512	0	8414	0	0	3541	0	0	8	132	0	0	0	0	0	269	5	75	0	0	0	24	0	0	0	600	0	1438	0	0	64	8	0	0	14	0	0	0	0	95	7	2	0	25	1624	0	0	80	5	157	0	0	0	0	0	320	464	0	0	13	383	0	0	0	0	0	0	0	0	0	0	2	0	0	0	0	0	0	0	82	0	0	28	0	0
np0368	0	4	157	5	172	0	32	21	0	0	110	105	0	9	214	0	9	0	38	64	5	10	9	9	0	7	41	5	14	15	0	23	0	0	0	0	205	13	34	0	11	166	953	193	0	1050	0	16	256	43	224	52	238	0	0	941	1692	0	39	54	0	0	0	0	0	0	0	493	0	0	0	6925	900	0	12	0	3	0	0	68	11	42	116	0	0	0	0	0	0	0	0	37	602	53	3	657	0	0	0	0	0	14	983	36	883	154	167	127	0	105	759	23	153	13	43	13	0	2081	335	0	0	0	15	272	4	33	143	533	1138	0	0	0	0	0	83	34	11	6	172	0	0	38	194	0	0	0	0	0	0	63	8	5	2529	0	2712	0	27	106	86	34	99	32	5	0	82	131	28	2	4	0	151	0	121	0	178	2	0	1009	25	11	0	0	88	25	3260	0	0	51	0	0	0	66	15	0	0	50	0	0	0	0	15	597	274	0	0	117	21	1720	12	14	0	69	0	0	315	0	74	1099	34	0	1820	535	0	0	0	528	0	0	2	0	292	0	173	284	130	38	0	0	0	0	0	105	12	24	17	3	6	248	39	296	0	0	183	17	4	8	28	300	0	76	98	0	36	20	0	0	9	0	0	0	0	0	0	0	0	0	0	0	0	0	0	0	0	0	0	25	26	0	18	30	0	0	0	0	0	87	84	0	0	486	25	25	6	9	2	14	31	0	0	0	4	0	0	5	0	0	0	110	7	0	2	0	258	0	0	74	57	0	188	0	0	0	0	0	0	52	0	258	0	0	0	0	1	0	0	23	0	4	0	0	8	0	0	0	0	8	0	5	0	0	13	0	0	0	0	0	0	0	0	0	0	0	0	0	0	0	0	0	779	0	0	0	0	252	7	104	53	198	0	0	949	0	0	0	0	51	0	94	0	168	10	33	1342	139	378	23	58	26	0	0	0	322	730	32	0	0	0	0	0	15	66	2	0	65	0	0	0	12	0	0	0	10	43	6	7	313	5	7	0	33	24	406	0	920	185	90	20	40	51	0	331	0	8	419	19	0	0	0	0	1209	681	2751	0	0	0	33	0	149	258	0	0	0	0	0	0	0	0	0	96	0	0	60	105	0	0	32	7	81	0	0	50	0	0	0	0	0	3	54	132	0	0	29	0	0	3184	0	3236	247	1490	239	0	5483	399	1240	276	3475	5868	0	0	0	5227	275	63	522	27	21	0	74	93	0	0	0	0	242	0	0	101	105	110	104	0	0	0	2	0	0	7	1	0	26	1818	92	0	252	130	0	36	118	2	3	0	0	57	48	155	0	639	0	0	0	0	0	0	0	0	56	4	3	125	0	16	0	9	213	0	5	0	0	6	0	0
np0369	0	0	0	0	0	0	0	0	0	0	0	0	0	0	208	0	8	0	0	0	0	8	0	0	0	0	0	0	0	0	0	0	0	0	0	0	5	36	0	0	0	1	0	0	0	0	48	173	0	0	0	0	0	0	0	0	0	0	0	0	0	0	0	0	0	0	4	16	0	0	16	0	102	0	0	0	19	40	0	41	69	0	45	0	0	0	0	2	0	0	0	0	6	0	9	0	0	0	0	0	0	0	261	40	292	9	77	0	0	541	2974	0	0	0	21	0	0	0	0	0	0	0	0	0	0	0	0	0	0	0	0	0	0	0	0	0	0	0	0	0	0	0	0	0	0	0	0	0	0	0	0	0	0	0	0	0	0	0	0	0	0	0	0	0	0	0	0	1	2	0	185	37	14	0	19	0	0	158	0	0	0	0	0	0	686	0	0	0	3	0	0	14	2	0	0	4	0	0	0	0	0	91	35	0	4	73	16	10	0	0	2	0	0	0	28	0	0	348	0	0	163	335	0	0	0	53	12	0	1	2	0	0	445	0	0	0	4	1	0	0	2	1	0	13	6	0	6	3	8	33	8	0	60	300	0	0	85	79	0	167	0	0	0	0	0	0	5	0	0	0	0	0	0	0	0	0	0	0	0	0	0	0	0	0	0	0	0	0	0	0	0	0	0	0	0	0	0	0	0	0	8	0	0	0	0	14	4	0	0	0	0	0	0	0	0	0	0	0	0	0	15	0	5	0	0	0	0	0	0	0	0	0	0	0	0	0	0	0	0	0	0	0	0	0	0	5	0	0	0	0	0	0	0	0	0	0	0	0	0	0	5	0	0	0	0	1	0	0	0	0	0	0	0	0	0	0	0	0	0	0	0	0	0	0	0	45	0	0	0	0	25	0	0	0	0	0	446	17	0	109	539	1	106	0	43	0	36	0	0	0	0	0	1186	205	0	0	0	0	0	0	1	0	0	0	0	0	0	0	0	0	0	0	0	0	1	0	0	0	0	12	0	0	0	0	1091	0	5	6	0	0	0	0	6	126	0	0	0	0	0	0	5770	0	0	385	0	0	0	1	0	0	0	0	0	6	2	3	0	0	0	0	767	0	0	0	0	221	130	1	0	0	0	0	0	0	0	0	0	0	0	0	0	0	0	0	0	0	7	0	40	0	0	4235	0	0	0	8023	0	0	0	0	0	6938	0	5	0	0	0	22	0	0	0	0	0	5	0	0	0	79	4	0	0	0	3	0	0	0	0	0	0	0	0	0	0	10	14	171	5	0	379	191	5	6	0	0	0	1	0	0	207	0	0	0	0	0	0	19	0	26	0	0	0	0	0	2	0	0	0	0	0	0	0
np0371	1	0	0	5	0	0	0	0	3	55	99	0	0	13	428	3	4	4	0	0	0	4	4	0	21	3	0	1	16	5	6	8	67	9	21	6	1056	2	0	35	10	179	297	57	253	1231	0	6	289	243	6	6	19	0	47	0	52	0	0	0	52	20	0	0	0	79	3	498	0	0	0	0	5	0	2	0	2	0	0	0	0	0	0	0	23	0	12	120	0	7	16	0	24	0	4	0	1	3	0	0	0	0	25	9	54	0	19	38	0	0	16	0	0	0	2	0	0	13	0	145	0	5	5	0	0	18	11	0	2	0	0	0	14	2	4	0	17	0	3	0	2	0	124	0	0	4	0	169	0	89	0	292	0	1	0	91	0	0	6	3	0	8	52	1	7	8	19	0	5	12	58	0	89	11	2	0	0	261	6	0	79	21	0	13	134	7	7	0	5	0	0	0	14	0	0	0	0	0	1	7	0	745	321	0	20	38	24	10	0	0	0	0	347	20	77	60	447	13189	809	116	8016	1183	0	516	189	2011	14	5	12	0	3	0	6	0	2	4	0	0	0	0	0	147	0	7	0	231	377	2524	1	49	0	0	12	6	0	0	15	8	15	116	19	0	9	0	7	0	2	19	5	16	14	9	11	2	12	3	6	2	0	5	8	9	0	8	4	0	0	4	0	0	0	1	4	41	15	0	0	414	0	10	35	236	2	5	0	13	12	0	0	0	5	5	0	8	0	0	8	0	6	56	21	12	7	0	28	3	0	0	74	7	0	0	35	0	0	62	28	7	33	11	187	1603	144	10	79	158	525	1	132	82	0	0	0	4	0	55	2	55	47	154	778	225	255	3	0	221	61	132	475	1854	1837	54	46	39	13	44	0	548	720	1	37	592	210	21	68	0	0	0	0	85	0	0	18	0	0	11	49	143	35	0	1	0	15	0	281	11	13	0	22	80	20	27	243	152	16	8	17	9	14	2	2	37	0	0	754	57	0	2	2	7	0	20	0	0	0	2	4	0	0	0	0	5	0	0	50	10	5	3	4	0	7	0	15	26	0	30	94	5	0	31	167	377	245	26	2	6	5	3	0	4	6	0	9	37	21	47	0	0	0	1	0	1	3	8	7	6	21	25	6	14	2	0	4	9	1	0	0	0	0	335	0	58	9	0	32	33	49	0	222	12	0	472	6	14	15	150	0	0	0	0	7	503	6	16	1	0	0	8	1	0	5	0	2	109	0	13	88	56	0	3	0	12	0	0	3	0	0	31	639	357	703	14	0	0	0	4	1	7	6	2	4	5	38	7	0	0	27	0	4	10	55	370	57	0	1	8	0	0	0	0	0	0	0	18	3	57	42	38	15	62	13
np0372	0	0	0	0	0	0	0	2	0	0	5	0	0	0	36	0	5	0	0	80	0	0	0	3	2	0	0	0	0	0	0	19	0	0	0	0	1	0	0	0	0	0	0	0	0	9	0	222	0	0	0	0	0	0	0	0	2	0	0	4	0	0	0	0	0	0	0	45	0	0	2	0	147	0	0	0	3	26	0	20	0	0	28	0	0	1	0	2	0	0	3	0	6	0	6	0	0	85	0	0	0	0	60	0	2	0	3	0	0	25	161	0	0	0	26	0	0	0	0	0	0	0	0	0	0	0	31	0	0	0	4	5	0	0	0	0	0	0	0	0	0	0	0	0	0	0	0	0	0	0	0	0	0	0	0	0	0	0	0	0	0	0	0	0	0	2	0	0	2	0	489	582	4	0	18	0	0	262	0	0	0	0	0	9	43	0	0	1	0	0	0	0	100	0	0	8	0	0	0	0	0	0	0	0	0	5	0	6	0	0	0	4	0	0	6	0	0	143	0	0	173	149	0	0	0	4	21	0	0	0	0	0	12	0	43	1	2	0	0	0	0	140	21	6	5	1	5	24	0	0	0	0	4	0	0	0	0	4	0	0	0	0	0	1	0	0	7	0	0	0	0	0	0	0	0	0	0	0	0	0	0	0	0	0	0	0	0	0	0	0	0	0	0	0	0	0	0	0	0	0	7	0	0	0	0	3	0	0	0	0	0	835	0	0	0	0	0	0	0	0	9	0	3	0	0	0	0	0	0	0	0	0	0	0	0	0	0	0	0	0	0	0	0	0	0	0	848	0	0	0	0	0	0	0	0	0	0	2	0	0	1	3	0	0	0	1	0	0	0	0	0	0	0	0	0	0	0	0	0	0	0	0	0	0	0	256	0	8	0	0	13	0	0	0	0	0	0	7	0	11	105	0	38	0	41	2	0	10	0	35	23	225	759	0	0	0	0	0	0	0	0	0	0	0	0	0	0	0	0	0	0	0	0	12	0	0	5	2	0	0	0	4	4	0	169	159	8	0	0	0	130	0	0	3413	0	0	0	0	0	0	92	0	0	7	5022	1047	0	0	0	0	0	0	0	10	0	360	0	0	0	0	0	198	221	0	0	1145	808	192	0	0	0	0	0	0	0	0	0	0	0	0	0	1619	0	0	5778	0	1766	0	20	388	0	1458	8	0	39	170	3343	0	0	0	19425	307	0	55	0	2	0	34	0	0	0	0	0	3	0	0	26	56	2	0	0	0	16	0	0	0	0	0	0	0	0	0	0	6	4	290	0	0	0	0	1	0	0	74	0	0	77	0	448	0	0	0	0	0	0	0	0	33	0	0	0	0	3	0	0	1	0	0	4	0	0
np0378	2	0	0	8	0	81	7	2	52	20	52	0	14	0	819	855	6	0	0	2	0	4	0	0	0	0	9	0	73	6	6	51	34	18	13	0	792	0	21	47	4	64	411	45	62	718	0	10	135	68	25	10	43	21	0	0	396	21	23	87	54	18	448	0	7	0	4	280	0	0	0	0	24	0	6	0	12	1	0	25	0	4	257	0	10	17	45	156	1	8	12	0	53	0	0	6	2	0	0	8	0	0	119	6	44	19	99	75	0	71	1865	0	0	4	0	0	8	87	14	90	0	636	0	0	7	16	42	2	3	0	121	156	0	40	8	13	60	18	49	0	24	0	0	254	199	176	1	15	3	12	0	381	1	3	4	4	66	4	7	15	0	2	20	1	14	12	17	3	34	3	14	0	290	15	5	0	0	458	0	43	432	82	0	14	149	0	4	490	108	0	1	13	13	7	0	0	0	5	4	30	0	16	26	0	0	19	13	29	0	5	0	0	0	0	4	0	20	307	46	0	84	46	0	0	0	20	1	6	4	0	26	0	2054	4	94	3	1178	436	248	0	0	378	0	6	1	0	2	1	36	560	0	51	26	30	7	22	101	100	0	7	27	0	11	15	6	5	0	14	6	4	12	0	78	66	50	54	1	0	0	16	28	0	24	0	4	0	0	8	0	0	8	7	8	54	22	0	0	205	6	55	95	3	11	13	6	8	5	0	0	0	21	2	0	0	0	0	8	3	0	6	5	2	6	4	62	6	10	0	204	27	10	81	78	0	4	140	31	11	101	60	0	99	58	0	17	378	12	24	0	0	7	0	0	2	8	2108	0	921	865	3508	13810	5391	12	5	0	1559	3103	1	2	125	9	0	0	2	0	1	0	38	241	12	50	51	24	26	0	7	0	0	0	0	0	0	40	0	7	56	302	71	11	0	6	0	17	0	718	23	17	16	432	18	8	7	82	31	2	0	0	0	0	5	0	0	6	0	91	0	4	12	0	40	0	25	2	0	0	0	0	4	0	5	2	38	0	0	95	14	17	1	3	2	4	0	2	15	0	17	26	0	4	8	115	126	94	33	0	4	7	3	0	4	10	3	0	37	38	76	8	0	0	0	0	0	4	0	0	31	76	15	11	3	1	16	0	26	2	0	0	0	9	0	0	68	7	6	50	52	70	0	1253	90	0	4056	85	122	2	123	0	0	0	0	9	481	30	35	0	0	0	5	1	0	0	0	3	492	5	10	180	19	22	19	0	9	0	0	11	0	7	2	8	77	33	22	0	2	0	8	0	7	10	7	2	10	58	0	1	0	23	3	10	0	21	0	10	0	0	15	2	4	4	0	0	0	1	14	0	8	9	0	0	0	0
np0384	322	0	92	711	16	6	0	74	0	45	90	27	0	22	4560	16	18	0	16	21	14	14	10	7	0	0	85	1	0	127	17	46	13	26	0	0	1773	611	12	0	9	649	1062	296	9	944	0	27	467	169	83	67	737	0	0	0	3867	0	13	4	0	0	0	0	0	0	0	2529	0	0	0	1056	143	1	8	0	0	2	0	12	0	0	34	0	1424	15	0	15	0	0	0	42	74	0	0	31	0	0	0	0	0	22	224	307	1056	639	195	43	0	27	203	9	5	2	5	3	0	767	2	0	0	27	178	9	5	132	90	145	393	31	36	380	0	0	0	44	481	33	20	0	0	7	32	0	2662	0	0	0	0	60	467	1730	0	0	0	11	2	9	101	28	0	0	175	0	18	6	53	0	71	0	745	0	192	18	32	1	13	1989	114	0	0	0	52	740	915	0	0	196	22	0	138	6	85	0	0	0	1	0	0	0	0	1866	32	369	0	16	15	29	0	0	3	256	770	0	11	656	0	1490	41	0	3197	1794	0	0	0	132	3	0	6	1	0	0	164	0	44	0	200	170	0	780	0	533	42	29	3	5	75	18	20	1329	0	429	1918	37	9	15	47	112	11	20	76	0	112	34	0	0	75	0	0	0	0	0	0	0	0	0	0	0	145	0	0	0	0	0	0	369	380	0	361	310	378	0	0	175	0	0	102	0	0	124	18	152	18	25	25	13	49	3	8	0	0	0	0	0	0	0	4331	308	0	0	4	0	637	0	0	459	12	0	1050	0	0	0	0	0	0	0	26	1063	0	0	0	0	0	0	10	675	0	341	0	0	68	2	32	4	0	49	0	181	0	13	195	0	0	0	0	1	0	0	0	0	0	0	0	0	0	0	0	0	34299	0	0	0	0	140	1359	0	0	220	0	0	0	0	0	0	0	0	3251	72	30	29	0	0	920	55	761	86	93	24	0	0	0	77	200	54	0	0	0	0	27	0	15	0	0	25	0	0	2	38	0	35	0	14	1235	26	330	49	133	1	0	1	0	11	0	76	262	0	314	6	0	30	13	40	6	16	10	0	0	187	0	750	216	14999	0	0	10	91	0	6	22	3	0	25	0	311	118	346	0	0	0	7	2	4	23	0	0	135	83	55	0	26	0	0	5	0	335	0	0	4412	9	0	93	286	0	0	292	138	281	7	1451	1797	0	7178	312	974	62	294	73	245	0	0	81	601	23	751	11	2	4	171	5	0	0	0	0	1464	0	28	180	18	7	4871	0	6	0	11	86	0	0	52	0	326	12466	904	0	6	11	13	8	32	5	1	31	1	101	16	2	0	42	0	0	0	0	0	0	0	0	141	0	3	0	0	0	0	8	71	0	64	0	0	42	0	0
np0386	0	0	0	0	15	27	8	0	8	11	86	9	14	10	279	7	6	0	0	2	5	53	17	17	3	0	10	32	16	9	17	16	7	8	5	4	180	13	0	0	2	70	149	37	14	118	0	24	18	13	12	12	70	2	0	0	347	14	25	35	107	34	12	39	93	209	7	3326	91	11	2	71	418	11	13	33	40	19	11	137	73	27	505	99	0	13	0	52	12	19	3	0	101	5	0	13	15	17	9	20	100	26	613	20	140	23	236	47	0	93	377	0	0	18	79	6	0	84	190	28	2	49	0	32	0	24	13	34	63	1	17	9	10	3	9	2	0	20	0	0	13	10	9	1	6	0	22	34	12	36	38	66	9	2	0	0	3	7	2	2	9	0	0	5	139	73	31	0	0	14	382	0	150	0	25	16	11	223	2	5	49	45	10	1	175	0	0	0	0	0	0	23	78	13	8	3	18	10	0	2	74	96	99	0	0	270	31	76	22	7	4	10	80	13	648	0	0	882	22	19	1497	625	19	0	14	181	157	0	0	9	17	21	245	7	55	115	21	0	0	0	14	140	0	88	53	21	61	130	36	119	15	0	60	66	0	3	28	38	7	56	53	4	2	12	29	20	52	26	0	0	0	0	30	10	8	0	5	0	0	5	8	33	49	3	2	0	2	0	0	0	14	10	10	150	70	0	0	0	1	24	72	0	11	15	0	13	8	1	0	4	14	0	0	38	5	0	5	16	10	104	41	19	42	19	0	0	0	0	23	0	4	0	4	7	0	20	12	8	21	0	15	109	53	21	40	181	48	30	31	6	20	5	0	24	15	14	0	45	0	21	201	133	12	2	0	81	9	7	20	74	49	9	5	0	3	5	1	0	12	0	0	0	0	238	0	88	21	18	0	0	60	17	7	31	34	65	208	57	13	111	33	17	482	15	342	5	22	0	15	63	22	23	37	10	22	13	33	35	0	21	32	18	0	0	0	2	1	2	1	2	0	4	79	4	6	82	58	24	0	9	37	41	10	33	277	68	26	10	12	36	170	15	26	30	0	9	67	4	12	3	532	75	23	23	0	25	1	20	31	11	0	1	0	67	59	98	3	0	7	0	0	32	6	3	0	108	38	89	8	9	1	140	0	8	21	1	0	0	34	0	0	77	9	15	148	209	75	0	219	85	0	746	31	134	204	650	89	10	0	0	136	709	24	3069	31	9	1	222	8	8	11	19	4	126	0	124	41	14	46	11	0	4	1	97	630	0	0	0	27	122	93	27	0	18	38	10	2	14	26	12	10	3	79	14	5	0	265	18	52	0	80	13	34	0	0	13	0	91	20	27	7	7	9	296	10	176	10	6	0	6	0
np0387	0	0	0	0	7	3	0	0	0	0	14	0	4	1	26	0	12	5	0	10	0	6	1	9	0	3	0	0	0	0	0	14	0	0	3	0	6	0	0	0	0	1	24	119	0	9	1	0	5	0	6	0	5	0	0	0	19	0	3	10	0	0	1	0	0	0	0	188	0	0	0	0	7	0	0	105	0	0	1	6356	77	23	2288	0	0	0	0	0	1	0	0	0	7	0	0	0	6	1	0	0	0	6	1569	5	13	1848	1043	790	0	196	3081	0	0	0	0	0	0	255	2086	0	35	0	7	6	0	20	121	2	15	2	1	0	0	4	0	0	3	0	0	0	0	0	1	0	0	0	0	36	0	0	0	30	0	0	0	0	0	0	0	0	0	0	0	0	22	127	0	4	3	0	2244	0	0	0	0	0	5	768	0	0	0	12	0	0	128	0	0	0	289	249	64	30	8	0	0	0	11	0	0	0	0	65	0	0	18	100	13	55	0	0	57	0	0	0	40	0	0	263	0	0	248	434	26	0	0	141	0	0	0	1	13	98	433	0	0	225	2	2	0	0	0	76	0	29	24	0	25	14	2	403	0	0	27	58	6	0	42	14	2	25	0	0	0	7	0	0	106	43	0	0	0	0	0	0	0	0	0	0	0	0	0	0	0	0	0	0	0	0	0	0	0	0	0	0	0	0	0	0	0	6	21	0	0	0	0	10	0	0	0	0	34	0	0	158	0	0	0	0	3	0	10	0	0	0	0	0	0	0	0	0	0	0	0	0	0	0	0	0	0	0	0	0	17	0	0	982	0	1021	0	0	38	0	0	841	953	0	0	9	0	0	4	111	0	3	0	1060	0	0	0	0	2	0	0	0	0	0	49	0	0	0	0	0	0	71	0	0	0	0	0	0	0	0	0	0	0	41	363	28	9	41	12	5	221	0	546	18	104	43	0	0	0	0	0	0	0	0	0	0	0	7	4	169	175	0	0	14	0	4	0	1	0	0	0	0	4	0	1	0	0	0	2	3	0	0	7	2	0	0	0	0	0	0	2	14	0	0	12	0	0	0	45	34	12	3	0	0	0	0	1	0	1	0	0	11	5	25	0	0	2	0	0	0	0	0	0	2	2	3	0	0	2	0	0	0	17	0	0	0	0	0	0	6	0	0	0	7	7	0	75	0	0	250	12	0	8	60	0	0	0	0	5	68	0	32265	0	324	42	161	0	0	0	2	0	4	0	0	28	4	7	12	0	2289	275	15	1584	3	21	0	0	0	0	342	0	0	0	5	3	0	13	4	2	9	5	0	0	0	4	5	11	2	0	437	0	0	0	7	0	0	0	0	0	0	0	0	0	0	0	0	0	0	0
np0388	13	3	22	237	37	16	4	34	0	14	129	47	0	27	461	3	29	0	4	9	0	15	14	24	3	1	27	0	0	36	0	64	8	29	0	0	802	180	23	0	0	123	173	266	0	422	0	20	249	99	189	11	95	0	944	0	3930	0	6	7	0	0	0	0	0	0	0	3990	0	8	0	1242	125	2	3	0	71	173	0	46	9	10	164	0	1289	20	0	3	0	0	0	31	43	5	3	89	4	10	0	0	0	27	1298	267	447	454	382	4	55	0	464	0	13	10	18	15	0	720	7	0	23	38	108	7	0	84	210	142	329	324	143	125	0	0	0	92	601	72	1726	0	0	7	44	0	2132	0	0	17	0	164	391	243	16	0	22	9	4	1	14	30	2	0	24	0	50	8	35	0	112	0	2078	0	306	16	18	1	5	2397	21	0	0	0	119	702	1432	0	0	25	394	0	213	12	58	4	0	1	2	0	0	0	0	1647	14	404	3	222	114	1019	0	0	2	140	654	0	39	597	0	4401	88	0	3463	3092	0	0	0	247	22	0	8	0	0	0	704	0	238	2	119	133	0	503	0	741	73	47	13	5	203	16	28	2402	121	508	331	28	6	0	116	297	3	153	96	32	61	27	0	0	125	0	0	0	0	0	0	0	0	0	0	0	110	0	0	0	0	0	0	45	29	20	38	47	198	0	0	71	0	0	40	4	0	187	39	85	4	7	1	5	14	27	4	38	6	38	0	38	0	0	950	175	0	3	2	0	461	28	0	32	11	0	94	0	7	0	0	0	0	0	7	112	0	0	0	0	17	0	292	3617	0	3669	21	0	82	19	47	15	14	70	0	1603	0	84	862	8	0	74	123	2	0	0	0	0	0	0	0	0	0	0	0	0	6969	0	0	0	0	235	81	8	7	61	0	0	21	0	0	0	0	0	4024	694	279	36	0	4	2538	205	2738	254	200	107	0	0	0	32	93	12	0	0	1	0	8	3	39	4	0	30	6	0	3	23	0	5	0	14	167	16	27	82	127	1	0	12	54	25	6	186	62	0	63	10	1	3	30	11	4	46	12	0	0	28	8	395	103	526	0	0	6	38	0	27	52	5	0	4	0	55	18	51	0	0	24	0	7	9	5	0	0	11	71	23	0	15	1	10	0	0	61	0	0	241	8	0	18	34	0	0	160	14	414	20	177	235	0	1172	15	424	987	3092	316	36	0	0	390	1077	8	13938	73	3	107	387	2	0	4	0	4	576	0	22	273	61	4	629	0	49	16	44	311	0	0	24	0	121	9093	1482	0	40	35	4	7	31	6	15	9	1	51	5	14	0	71	100	86	107	5	7	3	0	0	54	0	0	2	0	0	0	10	37	0	19	0	0	28	0	0
np0389	0	0	0	134	0	52	11	0	191	319	27	4	0	11	2859	0	2	0	7	15	27	9	0	8	28	27	58	129	0	0	2	305	0	9	0	0	1425	128	5	0	0	144	1005	4	0	646	0	24	242	188	6	59	93	0	0	0	138	0	38	9	18	0	0	0	0	0	0	1085	0	0	0	669	94	2	0	0	0	24	0	1	0	0	12	0	419	0	3	262	21	0	0	0	173	37	2	34	1	65	0	0	0	1	274	3	837	35	518	196	0	0	101	0	12	0	9	0	0	43	0	0	0	0	4	4	10	37	33	12	17	0	19	0	0	0	0	0	19	0	390	0	0	0	2	0	0	0	2	142	53	39	0	46	0	0	0	1	111	0	14	2	0	0	0	0	25	50	38	0	15	0	825	15	472	0	13	0	0	554	0	0	0	0	0	325	1004	0	0	0	0	2	4	0	29	0	0	0	0	0	0	0	0	196	0	16	0	43	18	36	0	0	0	40	22	0	7	0	0	4091	0	0	58	178	0	0	0	51	0	38	18	0	0	0	33	0	0	14	66	19	10	0	0	577	0	75	5	2	3	80	0	162	0	0	449	290	0	18	21	5422	0	125	17	0	21	0	0	0	47	0	0	0	0	0	0	0	0	0	0	0	0	0	0	1	0	0	0	0	0	0	0	0	0	0	0	0	0	0	0	9	0	3	71	85	9	0	16	17	23	0	0	0	5	11	0	0	0	4	0	0	0	0	8	0	2	7	0	0	0	0	0	0	0	0	0	0	0	303	90	0	137	0	8	0	1	0	1	4	0	0	0	0	0	11	0	0	1	0	0	10	0	0	203	120	0	792	8	69	0	0	0	0	0	0	0	0	0	0	7630	0	0	0	0	0	0	45	0	161	2	88	0	0	0	0	0	0	0	9536	4991	95	0	22	0	0	350	0	102	10	15	34	1	0	17	16	291	31	0	14	0	3	0	2	0	5	171	0	0	0	0	0	0	10	0	7	0	3	3	0	0	1	0	8	3	12	303	0	623	44	107	10	10	190	16	28	13	61	0	0	411	0	0	0	548	639	792	43	0	0	0	0	0	0	0	0	0	182	122	216	0	88	6	11	0	6	68	0	0	253	161	114	0	0	0	1	2	0	0	0	3	0	14	0	0	249	0	0	0	305	475	0	7275	0	0	3041	0	0	279	659	103	0	90	1	126	315	204	101	0	0	0	51	0	0	0	8	12	1434	8	1	520	8	1	0	1	0	3	0	0	3	0	0	0	23	3159	499	0	2	0	113	1	0	1	2	2	4	24	9	0	2	52	0	1	682	10	6	0	0	0	23	0	0	0	0	0	0	17	109	0	30	0	0	32	0	0
np0391	0	0	0	0	0	83	0	0	31	2	107	0	0	0	38	59	0	0	0	0	0	0	0	0	0	0	4	0	6	0	0	0	9	0	0	0	364	0	6	29	1	7	86	5	16	222	0	0	52	18	8	0	7	3	0	0	79	0	4	56	77	35	280	0	0	0	0	60	0	0	0	0	2	0	0	0	18	5	0	15	0	0	87	0	0	10	8	25	0	1	0	0	6	0	0	0	0	0	2	1	4	1	77	0	6	3	62	51	0	44	1952	0	0	0	3	1	0	13	0	10	0	835	0	0	0	6	7	0	2	0	94	168	0	6	0	0	4	20	7	0	2	0	0	308	19	24	1	3	0	7	0	122	0	0	0	0	91	0	0	5	0	4	0	0	3	6	4	1	25	28	37	0	90	7	0	0	0	176	0	21	319	74	0	5	59	5	0	85	49	0	0	3	10	0	1	0	0	1	0	10	0	2	4	0	3	8	6	14	1	6	0	0	0	0	0	0	17	182	42	0	10	8	0	0	0	13	0	0	0	0	6	0	507	1	60	2	352	131	65	0	0	260	0	4	0	0	0	0	20	215	5	10	0	4	2	6	9	12	9	24	9	3	6	6	13	8	0	0	0	4	0	0	23	22	7	20	0	0	0	6	6	0	0	0	0	0	0	1	0	0	0	4	0	21	10	0	0	105	0	48	40	0	9	4	0	2	0	0	0	0	0	0	0	5	0	0	0	5	0	0	0	0	5	0	32	6	0	0	90	7	0	38	41	0	0	74	9	14	76	40	0	60	13	0	3	275	2	7	6	0	7	0	0	1	11	591	0	607	725	592	8453	2704	6	2	0	1079	588	0	0	74	3	0	0	0	0	0	0	5	83	0	8	19	12	10	0	1	0	0	0	0	0	0	12	0	1	11	65	13	2	1	0	0	14	0	414	12	5	5	52	2	0	0	21	6	0	0	4	1	1	0	0	0	1	0	63	0	0	3	0	11	2	15	0	0	1	0	0	1	0	0	1	8	0	0	10	0	2	0	0	2	0	0	2	3	0	0	7	0	0	2	15	17	25	0	0	0	3	0	0	0	0	0	0	11	10	6	0	0	0	1	0	0	2	0	0	10	6	2	0	0	0	2	0	4	1	0	0	0	4	0	0	11	3	0	7	0	14	0	181	10	0	657	15	19	0	18	0	0	0	0	0	83	0	42	0	0	0	3	0	0	0	0	0	294	22	10	61	4	4	4	0	3	0	0	5	0	10	0	6	80	21	7	0	1	1	0	0	4	0	0	0	2	17	0	0	0	4	0	0	0	2	0	4	0	0	0	0	6	7	0	0	0	1	2	0	0	0	0	0	0	0
np0392	10	0	0	35	7	118	15	10	244	61	102	4	35	14	2751	1041	20	7	2	2	0	3	6	5	18	0	42	14	228	15	30	70	70	20	22	17	1740	3	51	51	8	94	1029	94	88	1183	42	81	197	151	91	44	185	56	0	0	1072	94	43	14	60	18	5	155	133	0	7	4475	128	0	6	0	96	3	14	8	14	3	26	208	32	10	665	4	69	20	14	173	18	33	43	0	197	0	0	13	2	13	6	11	0	20	1220	130	532	177	1027	474	0	148	762	16	10	19	86	5	46	359	47	401	1	2961	5	2	49	38	93	12	28	0	49	260	34	265	31	121	238	3	579	23	105	4	124	25	92	79	6	62	52	505	0	718	41	85	62	12	189	5	15	30	2	9	284	23	37	18	69	0	12	344	400	7	255	40	23	28	5	1429	0	31	654	72	0	9	1236	29	72	3	51	35	19	89	43	11	14	0	7	23	35	15	4	31	71	0	321	234	105	134	12	7	4	1	436	14	430	0	55	3442	89	32	5354	1272	44	33	54	278	100	17	3	0	54	8	564	37	277	18	1635	596	306	0	0	138	5	7	1	0	1	16	18	2051	40	179	204	186	23	25	291	390	7	24	70	2	40	101	31	13	8	38	26	36	52	36	197	150	176	112	10	10	0	106	98	10	19	16	24	0	0	29	0	0	27	12	16	582	228	6	0	401	18	77	139	5	6	21	5	16	5	2	0	30	55	78	23	239	18	5	159	7	3	32	32	9	25	3	41	11	17	0	302	31	12	51	56	0	7	137	69	49	125	42	51	450	1220	226	1136	1902	134	183	590	310	159	10	4	50	29	2467	77	1354	1311	3310	13583	4017	52	26	16	3089	2504	21	96	528	375	46	57	45	1803	4255	0	159	842	84	111	328	112	39	26	216	4	151	11	217	0	0	160	63	53	210	1258	388	124	30	8	1	73	0	568	53	52	26	5364	86	33	43	278	145	9	4	1	12	17	5	12	0	0	0	225	25	85	31	0	60	1	64	2	1	0	17	12	15	0	20	5	78	0	0	365	56	33	3	7	21	22	8	36	86	0	93	140	14	13	42	425	731	671	151	0	15	10	10	6	22	8	9	22	229	140	353	21	3	5	0	2	9	25	33	19	63	118	70	66	116	3	281	65	105	3	12	0	0	20	5	0	450	157	88	296	421	253	0	2280	168	37	5061	124	201	60	537	10	0	1	16	91	2565	72	640	18	3	0	22	6	12	14	0	14	505	0	67	335	41	35	99	0	0	0	0	3	0	3	38	405	903	836	171	2	7	17	43	2	23	40	20	18	23	220	38	12	4	49	5	38	152	685	98	368	11	10	86	4	4	0	3	0	3	15	41	6	34	126	51	12	6645	2136
np0395	0	0	0	43	22	215	95	0	284	297	355	0	0	12	239	0	0	29	103	384	79	3	5	9	40	5	24	366	140	18	0	190	13	0	14	17	2212	71	0	0	0	5838	1855	14	0	2470	29	68	512	9	2	47	61	0	0	0	842	0	55	1	84	0	0	0	0	0	0	1887	0	2	0	1042	442	30	11	0	0	50	0	10	0	0	54	0	2	0	0	260	55	0	0	0	441	170	37	405	1	493	0	0	3	73	144	5	237	99	150	55	36	0	332	0	0	7	25	34	0	151	38	0	0	0	8	15	3	39	20	40	31	8	150	0	0	0	0	0	0	0	0	0	0	0	14	0	0	0	24	198	14	11	0	3	0	0	0	0	6	0	42	6	0	0	0	0	21	48	53	7	4	0	317	32	62	0	125	58	0	167	0	0	0	0	0	145	610	0	0	0	3	2	142	14	62	4	0	1	0	7	0	0	0	81	7	0	2	24	4	19	1	0	0	16	119	0	20	0	0	416	0	0	430	154	0	0	0	73	12	171	25	2	0	0	64	0	7	14	525	171	99	0	10	1288	0	25	6	0	0	7	8	22	0	0	17	98	2	29	13	541	24	130	677	0	8	2	0	0	0	0	0	0	0	0	0	0	0	0	0	0	0	0	0	0	0	0	0	0	0	0	0	0	0	0	0	181	0	0	0	0	0	3	59	6	0	0	544	77	23	188	0	0	26	103	0	0	0	50	0	0	3	0	32	0	6	12	0	0	0	0	0	0	0	0	0	0	0	194	70	0	100	0	0	0	0	0	3	7	0	0	0	0	0	1	0	0	0	0	0	0	0	0	2	4	0	114	0	2	0	0	0	0	0	0	0	0	0	0	52	0	0	0	0	0	0	62	0	18	0	0	0	0	0	0	0	0	0	541	387	131	0	10	3	0	192	0	81	5	4	9	0	7	47	88	1522	219	0	46	0	8	0	4	7	7	0	0	0	0	0	0	0	49	0	48	0	0	0	0	10	20	0	100	24	216	69	0	742	465	706	8	252	4	79	164	94	806	0	0	315	0	0	0	2006	402	407	29	0	0	0	0	12	0	0	0	0	994	595	1161	0	268	19	41	6	16	188	0	0	272	244	102	0	0	4	0	0	0	0	0	22	0	223	0	0	249	0	0	0	252	791	0	7618	16	0	4556	158	0	595	2695	156	0	145	4	362	1100	129	438	0	2	0	18	0	0	0	204	56	843	0	9	77	10	10	0	22	0	1	0	0	0	1	7	0	68	6524	35	0	49	25	196	6	0	0	0	16	50	81	23	6	5	722	0	7	101	2	0	0	0	0	28	0	102	0	0	0	0	1	249	0	65	44	43	39	1	0
np0397	24	7	120	33	622	1	0	78	0	64	299	32	0	35	2872	7	23	0	42	48	18	29	27	54	0	0	122	3	0	176	15	91	157	184	14	0	960	832	0	0	2	798	1890	769	6	456	0	38	179	69	448	73	527	0	21	0	6088	0	87	64	0	0	0	0	0	0	0	960	0	0	0	14562	748	13	48	0	3	12	0	113	23	24	200	0	1387	0	0	38	0	0	0	334	291	7	0	397	1	0	0	0	0	88	1975	157	1470	616	573	136	0	501	2420	82	183	16	59	98	0	2218	1140	0	0	72	181	782	8	257	338	631	1495	0	0	1	0	0	0	789	91	34	15	24	0	176	549	0	289	0	0	0	40	197	6108	474	0	0	0	76	32	42	76	28	144	0	12	0	142	20	72	0	154	0	6368	36	456	0	315	14	136	5111	95	0	0	0	332	57	4907	0	0	0	0	0	0	81	81	0	0	57	51	0	0	0	0	2412	427	482	0	1590	221	1536	4	0	3	125	1042	0	1140	628	0	1529	30	0	6038	2482	15	0	0	242	148	0	8	2	0	0	790	0	517	21	0	0	0	0	0	301	33	159	39	17	325	275	110	1281	65	265	494	115	17	18	101	398	14	186	29	0	123	75	0	0	90	0	0	0	0	0	0	0	0	0	0	0	644	0	0	0	0	0	0	99	101	0	63	121	746	0	0	336	0	0	590	0	0	669	226	94	0	220	4	36	25	9	31	0	0	125	0	0	0	0	1582	218	0	0	10	0	491	0	0	93	4	0	217	0	9	0	0	0	0	0	0	234	0	0	0	0	10	0	30	7562	0	283	2	0	2244	98	1027	71	3	1993	0	2141	0	43	3061	0	0	1	0	0	0	0	0	0	0	0	0	0	0	0	0	0	6525	0	0	0	0	836	475	137	209	50	0	0	643	0	0	0	0	0	10412	262	125	253	35	185	3180	133	2054	66	222	17	0	0	0	88	326	86	0	0	0	0	21	38	148	47	0	337	0	0	94	94	0	37	3	25	1052	168	93	478	1280	17	0	49	0	180	11	358	453	0	1069	24	10	2	103	162	54	167	146	0	0	629	6	881	1075	4421	0	0	50	238	0	26	69	40	0	133	0	370	123	322	0	0	3	25	13	18	33	0	0	208	140	93	0	794	0	0	7	0	722	0	0	692	52	0	215	128	0	0	139	79	564	11	664	301	0	5255	22	925	402	1263	951	137	0	0	1235	531	56	4073	206	127	84	1217	66	12	0	0	0	1112	0	181	261	66	94	1657	3	2	0	0	2	0	13	13	0	51	4592	2309	0	196	213	72	61	121	24	3	81	0	332	49	14	0	367	0	3	0	7	0	1	0	0	1670	0	7	171	7	20	0	35	267	0	233	0	0	4	0	0
np0401	0	0	0	0	0	11	0	0	0	0	0	0	0	0	7	0	6	2	0	0	0	1	0	0	0	0	0	0	0	0	0	16	0	0	0	0	0	2	0	0	0	0	0	30	1	2	0	0	2	0	0	0	0	0	0	0	4	0	0	0	117	0	0	0	0	0	0	17	0	0	0	3	6	0	0	8	0	0	0	448	0	0	134	0	0	193	0	0	0	0	0	0	0	0	0	0	5	0	0	0	0	0	369	0	5	66	41	53	0	21	521	0	0	0	0	0	0	10	80	0	19	0	0	0	1	0	8	0	4	9	15	39	0	5	0	2	4	0	0	0	0	2	0	0	2	0	0	11	1	0	0	5	0	0	0	0	0	0	0	0	0	0	0	0	25	138	0	0	1	0	728	0	0	0	2	0	0	299	0	0	0	680	0	0	33	0	0	0	1078	146	0	19	13	0	0	0	2	0	0	0	0	6	8	0	0	0	0	6	0	0	4	0	0	0	0	0	0	146	0	0	153	79	0	0	0	10	4	0	0	0	0	0	2	0	0	454	4	2	0	0	1	8	0	0	1	0	12	5	0	155	0	0	0	3	0	0	5	12	0	0	0	460	2	1	0	0	8	10	0	0	0	0	0	0	0	0	0	0	0	0	0	0	0	2	0	0	0	1	0	0	0	0	0	0	0	0	0	0	0	2	4	0	0	0	0	0	0	0	1	0	4	0	0	10	0	0	0	0	4	0	2	0	0	0	0	0	1	0	0	0	0	0	0	0	0	0	0	0	0	0	0	0	4	0	0	2118	0	2239	0	0	9	0	0	1512	23	0	0	1	0	1	1	120	0	0	0	2903	0	0	0	0	0	0	0	0	0	0	4	0	5	0	0	0	0	107	0	1	1	1	0	0	0	0	0	0	0	11	22	18	3	8	6	6	17	0	85	0	18	5	0	0	0	0	0	0	0	0	0	0	0	5	17	38	600	0	0	0	0	8	0	0	0	0	0	0	0	0	0	0	0	0	0	1	0	0	1	0	0	0	0	1	0	0	0	1	0	0	6	0	0	5	12	9	0	0	0	0	0	0	0	0	0	0	0	0	2	1	0	0	1	0	0	0	0	0	0	0	0	0	0	0	0	0	0	0	0	0	0	0	0	0	0	0	0	0	5	0	0	0	14	0	0	36	0	0	0	14	0	0	0	0	2	9	0	10714	0	4531	352	4894	4	0	0	0	0	0	0	0	5	0	2	0	0	3121	19	0	0	593	19	0	0	0	2	49	0	0	0	3	0	0	2	0	0	0	0	0	0	0	1	0	4	0	0	6	0	0	1	3	0	0	0	0	0	0	0	1	0	0	0	0	0	0	0
np0403	0	0	0	0	0	0	228	0	0	8	0	0	0	0	0	0	7	0	0	3	0	6	2	0	0	0	4	33	4	0	0	13	0	0	13	8	371	95	0	0	0	9	234	44	0	101	0	19	121	6	3	0	11	0	0	0	9	0	19	1	10	0	0	0	0	0	2	81	0	0	0	0	9	0	2	4	2	0	0	32	9	0	340	0	25	1	0	0	4	0	0	0	4	0	0	0	19	0	0	0	0	1	259	12	1483	65	101	69	5	0	43	0	0	57	18	0	0	43	8	0	3653	812	0	2	8	4	7	0	2	0	0	0	0	1	0	0	0	0	0	0	0	0	66	115	0	0	0	311	2127	89	0	132	0	0	0	0	14	0	0	0	0	0	12	0	0	8	9	0	22	0	151	0	103	0	0	0	0	222	0	0	0	93	0	43	87	0	0	0	63	55	17	3	107	3	0	0	0	0	0	0	0	0	0	0	10	176	77	109	0	0	0	0	0	0	48	0	0	5360	0	0	53	771	0	0	0	178	49	17	7	0	0	7	115	0	0	7	561	206	111	0	0	148	0	3	0	0	1	0	2	2601	0	0	0	0	0	0	12	10	0	0	22	0	6	84	0	0	0	55	0	0	0	0	0	0	0	0	0	0	0	0	0	0	0	0	0	0	0	0	0	0	0	0	0	0	0	0	0	0	0	27	113	0	0	1	0	17	0	0	0	0	4	0	0	18	0	0	0	0	9	2	29	0	0	0	0	0	0	0	1	0	0	0	0	0	0	0	0	0	0	0	0	0	96	0	1	62	0	260	0	0	11	24	0	125	18354	0	0	92	0	0	0	0	0	11	0	149	0	0	0	0	0	0	0	0	0	0	15	0	0	0	0	0	0	2	0	0	0	0	0	0	0	0	0	0	0	8	144	29	36	0	0	0	19	0	130	37	7	115	1	0	0	43	208	35	0	0	24	0	0	0	0	0	0	0	0	31	0	0	0	3	0	5	0	0	2	0	0	0	0	0	0	29	3	0	3	4	0	0	0	0	0	0	0	2	0	0	5	0	0	0	7	10	3	0	0	2	0	0	0	0	0	0	0	23	0	17	0	0	3	0	0	0	0	0	0	0	7	0	0	0	0	0	0	0	10	0	0	0	4	0	0	38	0	0	0	47	2	0	44	0	0	75	0	0	0	5	0	0	0	0	0	12	0	121	0	0	1	0	0	0	0	0	0	111	0	0	100	5	10	0	0	4	5	0	0	0	2	0	0	0	0	32	0	0	0	0	0	0	5	1	2	6	6	2	0	0	4	5	4	36	0	6820	0	0	0	0	0	0	0	0	0	0	0	6	0	0	0	0	23	0	0
np0406	0	0	0	8	10	0	0	0	0	15	65	10	9	9	2264	329	1	0	0	6	0	8	7	21	0	2	12	0	5	3	5	25	18	12	0	0	195	6	0	4	0	44	135	44	14	465	0	12	74	70	9	11	45	9	0	6	765	32	7	15	25	7	9	45	36	32	3	1484	29	1	0	8	193	8	19	5	5	0	128	15	9	13	34	7	0	0	0	122	16	25	46	0	183	2	0	5	7	9	0	20	0	6	251	14	162	62	61	28	0	81	428	13	11	10	12	6	50	485	120	60	0	38	0	21	5	14	17	30	77	0	0	0	20	15	48	146	89	3	100	24	122	9	26	14	19	22	10	0	15	58	0	67	230	30	30	17	3	3	3	3	2	4	6	2	22	17	10	1	0	5	57	4	62	13	27	13	19	435	3	7	80	53	0	9	562	4	17	0	1	0	0	21	13	2	31	3	9	8	0	0	12	144	367	0	0	145	38	58	12	5	0	90	45	17	126	0	0	424	10	6	645	230	5	12	0	65	31	0	2	0	18	0	121	8	20	10	0	0	0	0	2	107	0	16	3	1	14	45	9	152	4	8	88	70	4	0	93	111	14	29	6	0	12	6	0	0	3	6	8	11	21	15	18	9	22	8	6	0	0	11	8	29	61	0	4	0	0	10	0	0	15	0	8	139	69	0	0	37	13	27	79	0	3	8	0	16	11	0	0	30	57	40	44	336	47	0	218	0	0	53	23	8	16	8	3	4	0	14	42	0	0	0	5	19	6	34	19	11	26	7	139	1547	133	56	42	145	375	5	54	73	10	0	0	3	1	211	1	167	144	322	1367	370	152	3	0	342	240	113	107	1809	549	77	78	53	14	30	0	12	155	8	13	40	30	40	32	209	18	130	0	454	0	6	115	41	28	133	723	77	14	38	10	0	161	6	258	7	9	6	1369	68	25	36	203	82	15	8	0	21	0	5	0	2	0	0	0	0	21	24	0	8	0	6	9	0	3	19	24	9	1	28	8	32	0	12	289	67	28	9	12	7	26	17	62	56	0	82	90	7	70	34	829	457	331	86	0	29	16	4	0	29	6	0	14	287	161	458	28	6	2	0	3	0	12	15	10	32	82	39	19	91	0	87	47	26	10	0	0	4	18	0	2	213	91	29	211	235	92	0	854	83	0	2582	37	49	154	739	18	0	0	0	160	2099	62	56	4	0	9	0	11	5	2	0	9	30	0	37	67	11	16	8	1	0	0	0	0	0	0	16	145	326	302	5	0	19	19	29	0	27	20	9	18	20	209	28	14	0	149	5	17	22	114	57	43	14	2	84	5	17	2	9	0	6	0	59	0	71	60	24	1	60	22
np0410	0	0	0	0	233	0	15	0	0	135	434	91	47	9	1872	8	40	14	39	145	19	5	20	35	0	5	6	63	12	0	5	50	0	14	23	3	476	65	0	0	2	269	1035	210	27	322	4	32	250	18	45	32	87	0	0	0	448	0	82	7	7	0	20	0	0	0	2	1094	0	0	0	249	1165	0	6	24	6	0	0	55	3	0	76	0	22	0	0	1	388	25	1	0	478	0	7	0	249	0	5	19	0	38	292	21	142	248	80	50	0	34	493	0	0	22	11	4	0	1504	3782	0	35	8	0	40	15	27	74	8	172	0	0	0	0	321	11	32	14	1	0	0	9	4	20	14	14	0	25	195	9	0	0	581	0	0	0	3	13	0	9	0	0	0	28	0	5	21	90	11	38	0	106	64	140	0	45	286	21	1010	0	0	0	1128	0	17	1228	0	0	0	0	0	0	22	13	4	0	10	48	0	0	147	17	691	355	52	22	202	15	88	13	6	53	122	16	0	172	0	0	793	0	0	1809	331	66	0	0	266	13	3	5	8	16	89	61	0	0	25	0	2	0	11	0	379	0	83	27	8	122	137	7	328	0	0	884	2108	52	33	243	187	19	323	199	0	12	10	0	0	21	313	0	0	0	0	0	0	0	0	0	0	0	0	0	0	0	233	0	0	0	0	0	0	0	0	0	0	0	0	0	0	0	158	353	0	2	28	7	19	23	0	175	0	482	0	0	2450	0	0	0	0	97	71	227	19	0	0	0	0	0	0	8	0	0	0	0	0	0	0	0	0	0	0	0	0	85	0	2	351	0	410	0	0	8	0	0	282	14513	0	0	45	0	0	0	269	0	12	0	552	0	0	0	0	0	0	0	0	0	0	636	0	0	0	0	0	0	16	163	218	97	641	0	0	529	1	0	0	0	881	5826	17	11	64	22	9	824	87	268	12	39	22	0	0	0	68	482	76	0	0	0	0	0	0	1	7	3	0	0	0	0	111	0	616	4	43	18	0	108	73	10	0	50	109	16	317	17	10	1190	328	197	6	41	0	14	0	6	816	0	0	1887	0	0	0	860	2728	837	97	0	543	0	45	43	0	53	0	0	408	223	715	33	0	218	0	5	3	2	0	0	57	161	140	0	187	634	7	0	47	3201	0	0	0	50	0	0	98	21	34	0	348	451	0	2652	9	423	6220	495	0	27	1184	0	0	0	0	94	2424	25	58	0	20	0	50	459	8	0	15	0	63	0	0	186	23	285	1154	4	0	0	0	0	5	0	0	0	0	0	23	0	221	56	55	66	38	606	133	206	373	401	164	0	0	215	67	411	23	1	5977	1	0	0	527	39	41	0	0	0	0	0	2	0	0	0	0	8	0	0
np0412	0	0	0	0	0	33	28	1	0	0	5	0	0	0	188	0	24	0	0	0	0	5	12	0	0	0	0	0	0	0	0	0	4	0	0	0	0	2669	0	0	0	0	0	0	0	0	88	467	0	0	0	0	3	0	0	0	0	0	0	0	0	0	0	0	0	0	1	69	0	0	0	0	41	0	0	0	7	20	0	7	4	0	10	0	0	0	0	2	10	0	0	0	28	0	42	0	0	0	0	0	0	0	128	25	166	39	459	0	0	49	381	0	0	0	13	0	0	0	0	0	0	0	0	0	5	0	0	0	0	0	13	40	0	0	0	0	0	0	0	0	0	0	0	0	3	0	0	0	0	0	0	0	2	20	9	0	0	0	0	0	0	0	0	0	1	5	0	0	4	0	304	6	159	0	46	0	0	1528	0	0	0	0	0	0	484	0	0	2	137	0	1	3	44	8	0	14	0	0	0	0	0	25	0	0	0	117	34	0	0	0	0	2	0	0	22	0	0	1039	0	0	40	93	0	0	0	0	33	0	0	0	0	0	1225	0	0	2	102	43	12	0	5	13	0	35	5	4	12	20	0	185	27	0	23	415	0	0	5625	6042	0	26	4	77	3	0	0	0	9	0	0	0	0	0	0	0	0	0	0	0	0	0	0	0	0	0	0	0	0	0	0	0	0	0	0	0	0	0	0	0	0	0	18	0	0	1	0	716	0	0	0	0	0	0	0	0	0	0	0	0	0	0	9	0	9	0	0	0	0	0	0	0	0	0	0	0	0	0	0	0	0	0	0	0	0	0	0	0	0	0	0	0	0	0	0	0	0	0	0	0	0	0	0	0	0	0	0	0	0	0	0	0	0	0	0	0	0	0	0	0	0	0	0	0	0	5	0	0	0	17	0	0	9	0	0	3	0	0	2021	2	0	0	22	4	97	0	43	0	7	0	0	0	0	0	26	5	0	0	0	0	0	0	0	0	3	0	0	0	0	0	0	0	0	0	0	0	0	0	0	2	0	8	0	4	0	0	653	2	7	30	0	0	0	0	14	237	0	0	0	0	0	0	1214	0	0	576	0	0	0	0	0	0	0	0	0	11	8	24	0	0	0	0	250	2	0	0	0	688	429	2	0	0	0	0	0	0	0	0	0	0	0	0	0	13	0	0	0	0	12	0	102	0	0	7616	0	0	0	3324	0	0	0	0	0	2924	0	10	0	0	0	6	0	0	0	0	0	13	35	0	7	57	10	0	0	46	0	0	0	6	6	0	0	0	0	1	0	2	12	74	1	0	137	64	0	3	1	0	0	0	0	0	27	0	0	0	0	0	0	5	0	61	0	0	0	0	0	2	0	0	0	0	2	0	0
np0413	0	0	0	22	27	0	1	0	399	4	83	0	0	14	988	0	1	0	14	23	3	6	16	12	5	27	8	14	28	15	0	355	9	17	1	4	292	6	0	0	0	77	407	34	10	857	5	25	95	4	3	6	112	0	1	0	1316	0	20	5	63	0	0	0	0	0	0	4257	0	0	2	1067	342	3	5	0	0	18	29	29	5	0	113	0	0	0	0	119	40	1	0	0	595	227	14	198	0	191	0	0	8	8	149	9	277	78	122	61	79	0	658	0	15	5	20	4	0	190	68	0	0	6	7	5	9	31	42	54	28	0	0	0	0	0	0	0	6	0	0	0	0	3	24	0	0	0	32	7	39	22	0	3	0	0	0	0	4	0	0	0	0	0	0	0	36	52	15	5	3	0	573	54	90	0	25	10	0	876	16	0	0	0	0	25	925	0	0	0	0	0	0	12	24	0	6	10	10	0	0	0	0	138	7	12	26	460	60	225	4	9	0	176	266	0	130	0	0	679	0	0	1491	336	0	0	0	87	16	0	10	0	0	0	111	0	4	25	5	1	0	0	2	95	0	50	2	1	6	49	9	37	0	0	80	316	0	28	34	396	8	68	161	0	13	0	0	0	32	6	0	0	0	0	0	0	0	0	0	0	0	0	0	0	0	0	0	0	0	3	0	0	0	0	0	548	0	0	0	0	0	0	125	1	3	2	6	28	18	57	0	0	61	147	0	0	0	76	0	0	3	0	12	0	2	14	0	0	0	0	0	0	0	0	0	0	0	836	329	0	402	0	0	8	5	0	239	394	0	0	0	0	0	1	0	0	0	0	0	68	0	0	76	529	0	180	2	21	0	0	0	0	0	0	0	0	0	0	27	0	0	0	0	0	0	75	0	399	31	50	0	0	65	0	0	0	0	1747	1392	115	0	31	9	2	256	0	165	9	12	26	0	8	56	27	737	79	0	14	0	18	0	3	0	7	0	0	0	0	0	0	0	6	0	13	0	0	0	0	23	1	0	31	43	169	22	0	212	97	186	5	13	2	45	138	63	680	0	0	236	0	0	0	2171	346	293	50	0	8	0	0	3	0	0	0	0	883	462	997	0	141	0	3	2	8	227	0	0	139	85	49	0	0	1	0	8	0	0	0	12	0	161	0	0	222	0	0	0	489	387	0	10878	14	0	5581	138	0	526	1796	129	0	107	1	363	883	93	359	0	4	1	43	1	0	0	0	2	355	0	13	125	12	5	0	5	0	0	0	0	0	0	1	0	38	3118	52	0	12	17	282	4	0	0	0	17	72	135	32	0	2	301	0	4	192	34	4	0	0	0	607	137	5	0	0	0	0	5	83	0	22	6	7	8	0	0
np0415	0	0	5	1	31	0	0	4	0	3	5	0	0	3	33	0	0	0	0	4	0	0	3	0	0	0	3	0	0	5	0	0	5	2	0	0	20	20	0	0	0	15	37	18	0	11	0	0	10	0	44	0	14	0	0	0	119	0	7	1	0	0	0	0	0	0	0	23	0	0	0	500	20	0	1	0	0	0	0	10	0	2	26	0	75	5	0	1	0	0	0	13	10	0	0	15	0	0	0	0	0	6	69	8	46	11	14	4	0	23	62	0	4	0	3	6	0	73	22	0	0	0	5	21	0	0	11	17	59	3	0	3	0	0	0	22	0	0	0	2	0	7	4	0	6	0	0	0	0	7	155	7	0	0	0	0	2	2	0	0	3	0	0	0	2	1	0	0	4	0	81	2	13	0	15	0	0	210	3	0	0	0	11	5	170	0	0	0	0	0	0	0	5	0	0	0	0	0	0	0	0	36	26	0	0	49	7	56	0	0	0	3	28	0	24	26	0	36	0	0	203	77	0	0	0	6	5	0	0	0	0	0	30	0	22	0	0	0	0	0	0	15	0	0	2	3	10	5	4	45	0	9	11	3	0	0	4	17	0	0	0	0	0	2	0	0	4	0	0	0	0	0	0	0	0	0	0	0	30	0	0	0	0	0	0	4	0	0	3	0	30	0	0	12	0	0	7	0	0	20	10	4	0	8	0	0	0	0	0	0	0	5	0	0	0	0	68	7	0	0	0	0	8	0	0	4	0	0	5	0	0	0	0	0	0	0	0	5	0	0	0	0	0	0	0	108	0	7	0	0	28	4	13	0	0	31	0	24	0	1	44	0	0	0	0	0	0	0	0	0	0	0	0	0	0	0	0	0	242	0	0	0	0	24	0	7	14	0	0	0	39	0	0	0	0	0	164	8	4	4	0	3	75	0	55	0	6	0	0	0	0	0	8	0	0	0	0	0	0	0	2	0	0	15	0	0	3	4	0	2	0	0	70	8	5	6	32	0	0	0	0	3	0	12	21	0	42	0	0	0	8	6	0	6	5	0	0	4	0	20	47	83	0	0	0	15	0	0	0	0	0	3	0	9	0	10	0	0	0	0	3	0	2	0	0	7	2	7	0	5	0	0	0	0	31	0	0	13	2	0	13	2	0	0	7	0	28	0	27	13	0	126	5	23	9	47	43	9	0	0	62	11	0	116	3	0	3	21	3	0	0	0	0	42	0	0	11	0	1	74	0	0	0	0	0	0	0	0	0	0	97	62	0	6	6	0	2	6	4	0	6	1	11	0	1	0	13	0	0	0	0	0	0	0	0	50	0	0	6	0	1	0	0	6	0	6	0	0	1	0	0
np0418	0	0	53	0	8	86	422	42	0	0	76	53	7	18	9541	0	38	0	45	100	91	14	18	6	0	5	276	5	0	46	14	142	0	41	0	0	1143	0	201	0	37	214	969	444	160	42	0	17	22	79	865	99	174	0	0	798	7417	0	13	1	0	0	0	0	0	0	0	150	0	4	0	1076	103	0	12	0	0	0	0	11	3	0	26	0	0	5	0	30	0	0	0	74	513	67	0	290	0	5	0	0	2	7	66	3	1568	284	59	64	0	4	45	0	15	0	19	0	0	3820	191	0	0	0	22	32	13	53	152	239	1088	159	145	111	0	0	72	0	228	0	135	0	0	1	15	0	0	0	0	0	0	20	0	0	506	0	598	0	3	31	361	21	3	1	0	0	29	33	127	0	19	0	736	0	151	0	22	0	0	967	53	0	0	0	80	39	1308	0	0	160	8	0	4	5	37	0	0	0	0	1	0	0	0	691	17	0	0	17	0	350	6	0	5	92	7	0	33	0	103	1857	49	0	26	53	0	0	0	583	2	0	3	0	393	0	45	55	7	11	30	37	0	30	9	789	118	67	25	19	16	35	0	344	0	0	7614	0	15	0	448	42873	0	17	120	0	24	6	0	0	51	0	0	0	0	0	0	0	0	0	0	0	0	0	0	0	0	0	0	16	16	0	21	23	0	0	0	0	0	365	77	0	0	158	0	155	10	8	12	57	154	2	0	0	1	28	0	11	0	0	0	40	0	29	2	27	75	0	0	55	194	0	235	0	13	0	0	0	0	122	0	409	0	0	0	0	0	0	3	41	0	0	0	0	7	0	6	0	0	17	0	5	0	0	22	0	0	0	0	5	0	0	0	0	0	0	0	0	0	0	0	0	536	0	0	0	0	84	901	10	1	0	0	0	0	2	0	0	0	0	0	16	0	31	0	0	568	48	1607	42	24	22	0	0	0	77	147	0	0	2	2	0	0	2	24	1	0	0	0	0	0	0	0	0	17	7	5240	20	2015	32	39	15	4	43	0	62	0	2206	71	46	4	23	43	37	36	0	9	2056	33	0	0	0	0	731	521	8173	0	0	0	6	0	79	150	0	0	0	0	0	0	0	0	0	91	0	0	26	45	0	0	59	13	276	0	0	126	0	0	0	3	0	0	16	56	0	0	15	0	0	13462	0	6334	228	14779	373	0	25296	2255	3142	96	680	841	0	0	0	873	264	84	121	0	0	0	12	15	0	0	0	0	100	6	0	417	34	22	58	7	0	0	0	0	0	375	0	0	17	4480	84	0	8	12	0	16	57	3	0	6	0	22	21	29	0	120	0	52	0	0	0	0	0	0	7	0	0	8	0	0	0	10	17	0	0	0	2	0	0	0
np0419	0	0	6	34	3	0	0	0	0	5	5	0	0	1	288	1	0	0	1	0	0	2	0	3	0	0	7	0	0	2	0	5	2	0	0	0	173	126	0	0	0	12	34	9	0	98	0	6	97	24	28	8	76	0	0	0	391	0	0	0	0	0	0	0	0	0	0	209	0	0	0	156	21	0	0	0	2	5	0	0	0	2	8	0	26	4	0	2	0	0	0	18	4	0	0	9	0	0	0	0	0	3	27	31	68	117	34	5	0	1	26	0	0	0	0	2	0	66	0	0	0	3	9	0	3	0	11	5	19	0	5	14	0	0	0	1	24	9	12	0	0	0	4	0	221	0	0	0	0	17	55	36	0	0	0	0	0	0	0	0	0	0	0	0	2	0	4	0	12	0	67	1	16	6	3	1	0	167	4	0	0	0	10	35	107	0	0	9	9	0	0	3	5	0	0	0	0	0	0	0	0	172	3	40	0	3	0	6	0	0	1	16	55	0	3	40	0	166	8	0	210	208	0	0	0	11	1	0	2	0	0	0	10	0	1	0	43	17	0	131	0	40	4	4	0	0	3	2	1	66	0	21	109	0	0	0	4	13	0	5	4	2	4	1	0	0	12	0	0	0	0	0	0	0	0	0	0	0	43	0	0	0	0	0	0	15	15	0	10	10	40	0	0	18	0	0	12	0	0	12	3	6	0	2	1	0	0	0	1	0	0	0	0	0	0	0	169	39	0	0	0	0	100	0	0	36	0	0	61	0	0	0	0	0	0	0	0	70	0	0	0	0	0	0	6	292	0	170	0	0	16	9	0	0	0	9	0	81	0	6	77	0	0	0	0	0	0	0	0	0	0	0	0	0	0	0	0	0	2192	0	0	0	0	12	64	0	0	0	0	0	0	0	0	0	0	0	309	11	4	0	0	0	122	16	60	0	5	0	0	0	0	0	10	3	0	0	0	0	0	0	4	0	0	4	0	0	0	2	0	2	0	0	34	0	1	4	13	0	0	0	0	3	0	8	14	0	25	0	0	0	6	5	0	9	7	0	0	12	0	30	36	178	0	0	0	8	0	2	4	0	0	4	0	26	6	25	0	0	0	0	0	3	0	0	0	14	5	4	0	5	0	0	0	0	45	0	0	121	0	0	14	6	0	0	12	6	44	0	64	65	0	451	8	125	13	23	23	12	0	0	9	35	5	58	0	0	0	8	0	0	0	0	0	75	0	4	13	1	0	95	0	0	0	0	9	0	0	6	0	17	1259	81	0	0	2	2	2	5	2	3	4	0	9	3	1	0	7	0	0	0	0	0	0	0	0	10	0	0	0	0	0	0	3	6	0	0	0	0	4	0	0
np0421	3	0	4	12	0	5	1	6	0	1	23	10	0	2	374	4	3	0	0	0	0	2	1	3	0	0	5	0	0	8	0	0	0	0	0	0	227	345	0	0	0	10	48	6	0	369	0	3	313	32	9	3	141	0	2	0	582	0	0	0	0	0	0	0	0	0	0	290	0	0	0	18	30	0	5	0	17	33	0	0	4	0	0	0	7	8	0	0	0	0	0	0	6	0	0	0	0	0	0	0	0	2	40	34	112	164	62	3	2	0	22	0	0	0	0	1	0	69	3	0	0	0	10	0	0	8	13	3	12	35	16	38	0	0	0	8	48	16	40	0	0	3	0	0	390	0	0	0	0	12	81	85	0	0	0	0	2	1	0	1	0	0	0	0	1	0	6	0	13	0	126	0	38	0	17	0	5	298	3	0	0	0	17	90	204	0	0	46	10	0	6	0	7	0	0	0	0	0	0	0	0	136	0	30	0	2	4	6	0	0	0	29	90	0	4	95	0	282	2	0	502	418	0	0	0	60	0	0	0	0	0	0	26	0	3	0	59	70	0	252	0	116	24	8	1	0	37	4	0	63	0	27	88	8	3	0	16	55	0	3	1	0	7	3	0	0	18	0	0	0	0	0	0	0	0	0	0	0	13	0	0	0	0	0	0	3	2	0	4	5	27	0	0	23	0	0	12	0	0	26	5	3	0	3	0	0	11	1	1	0	0	10	0	0	0	0	93	56	0	0	0	0	174	0	0	47	0	0	144	0	0	0	0	0	0	0	0	127	0	0	0	0	0	0	84	1415	0	1073	23	0	56	7	23	5	0	27	0	549	0	67	409	0	0	0	0	0	0	0	0	0	0	0	0	0	0	0	0	0	4703	0	0	0	0	22	99	0	0	22	0	0	0	0	0	0	0	0	385	20	11	2	0	0	182	10	149	33	15	9	0	0	0	2	15	4	0	0	0	0	0	0	1	1	0	0	0	0	0	0	0	0	0	2	6	1	0	7	25	2	0	0	0	4	0	0	15	0	33	1	0	0	0	2	0	0	4	0	0	7	0	17	22	154	0	0	0	8	0	2	6	0	0	4	0	21	9	29	0	0	0	2	0	0	0	0	0	5	7	7	0	0	0	0	0	0	13	0	0	37	0	0	13	31	0	0	31	21	22	0	49	40	0	546	6	93	10	13	4	14	0	0	9	28	3	140	12	0	3	35	0	0	0	0	0	159	0	11	11	3	0	25	0	0	0	11	59	0	0	5	0	66	1582	115	0	2	5	3	0	11	2	1	6	0	15	2	2	0	8	0	0	0	0	0	0	0	0	6	0	0	0	0	0	0	0	7	0	6	0	0	9	0	0
np0422	10	10	212	48	608	0	0	80	0	12	227	40	0	34	1135	0	7	0	88	141	36	13	18	43	0	0	66	0	0	123	8	65	20	33	8	0	417	368	0	0	0	580	849	341	0	278	0	16	113	30	524	63	327	0	586	0	3934	0	61	40	0	0	2	0	0	0	2	385	0	0	1	7731	911	7	70	0	4	14	0	115	26	18	241	0	498	110	0	44	0	0	0	269	304	8	3	427	0	0	0	0	0	49	1494	154	922	367	412	118	0	346	1707	80	144	7	39	101	0	1258	503	0	21	41	122	479	7	172	317	508	1405	27	16	7	0	0	0	360	66	9	24	7	0	96	278	0	235	0	0	8	44	198	7975	427	16	0	14	30	21	23	61	11	74	0	15	0	61	8	44	0	64	0	1624	15	220	18	150	6	59	5237	90	0	0	0	248	98	4050	0	0	0	9	0	3	100	63	5	0	35	37	0	0	0	0	1425	413	370	0	855	119	886	0	5	2	86	758	0	589	549	0	1066	21	0	4969	1502	0	0	0	169	40	0	7	2	0	0	430	0	520	3	3	0	0	11	0	378	24	91	24	14	204	168	92	976	57	177	316	53	4	0	108	310	14	148	32	0	81	47	0	0	62	0	0	0	0	0	0	0	0	0	0	0	493	0	0	0	0	0	0	63	76	5	60	71	839	0	0	307	0	0	259	0	0	441	116	95	1	170	1	18	14	48	12	17	2	164	0	14	0	0	1893	176	0	1	8	0	499	32	0	70	11	0	144	0	12	0	0	0	0	0	5	135	0	0	0	0	12	0	142	3232	0	233	0	0	931	43	450	25	6	853	0	843	0	23	1388	4	0	43	52	0	0	0	0	0	0	0	0	0	0	0	0	0	4936	0	0	0	0	366	140	81	246	76	0	0	1369	0	0	0	0	0	9833	174	72	102	9	78	1720	113	1289	43	109	21	0	0	0	82	243	41	0	1	0	0	24	3	103	32	0	273	2	0	96	88	0	34	3	23	1303	183	117	447	332	33	0	51	16	176	8	421	417	10	1038	18	2	6	124	175	53	160	110	0	0	383	8	936	1169	3039	0	0	85	352	0	25	68	20	0	118	0	308	86	229	0	0	19	38	11	37	45	0	0	206	199	145	0	571	1	4	0	0	1193	0	0	507	36	0	298	94	0	0	135	24	951	39	479	420	0	2896	26	811	742	2279	1129	116	0	0	1404	597	45	1649	79	17	15	385	58	0	1	0	1	989	0	43	211	49	48	1082	3	0	4	0	22	0	3	9	0	40	2693	597	0	229	208	47	28	127	22	10	81	0	247	35	33	0	320	59	67	63	3	9	2	0	0	895	0	10	66	0	12	0	19	262	0	220	0	0	5	0	0
np0428	0	0	0	0	121	5	53	0	0	71	136	35	0	1	866	0	6	24	24	56	8	9	8	14	0	3	3	2	0	0	0	21	5	11	5	1	80	12	0	0	1	108	435	71	0	162	0	3	82	10	7	11	41	0	0	0	182	0	28	8	2	0	16	0	0	0	2	447	0	0	0	118	429	0	2	17	0	0	0	18	1	0	36	0	10	0	0	0	151	5	0	0	172	0	5	0	81	0	0	7	0	17	148	8	83	176	26	9	0	31	355	0	0	9	0	5	0	1031	1580	0	26	5	0	33	1	12	50	0	78	0	1	0	0	103	6	23	18	1	0	0	7	3	16	2	5	0	16	65	9	0	0	322	0	0	0	2	9	0	0	0	2	0	8	0	0	7	21	4	9	0	109	52	56	0	21	137	17	761	0	0	0	215	0	4	778	0	0	0	0	0	2	14	15	0	0	8	25	0	0	68	5	498	209	0	13	114	12	54	4	0	11	58	0	0	55	0	0	357	0	0	1015	130	23	0	0	101	6	2	0	2	0	35	33	0	0	23	0	0	2	0	2	142	0	29	7	5	31	50	0	90	0	0	385	579	12	7	93	103	0	29	41	0	11	7	0	0	14	164	0	0	0	0	0	0	0	0	0	0	0	0	0	0	0	130	0	0	0	0	0	0	0	0	0	0	0	0	0	0	0	68	153	0	1	20	0	6	16	0	85	0	282	0	0	1379	0	0	0	0	38	31	80	7	0	0	0	0	0	0	1	0	0	0	0	0	0	0	0	0	0	0	0	0	33	0	0	176	0	93	0	0	6	0	0	101	4716	0	0	23	0	0	0	178	0	6	0	241	0	0	0	0	0	0	0	0	0	0	344	0	0	0	0	0	0	8	75	96	115	201	0	0	266	0	0	0	0	392	1536	10	6	39	6	5	308	28	116	0	26	11	0	0	0	24	173	30	0	0	0	0	0	0	2	0	0	0	0	2	0	43	0	140	0	11	7	0	47	44	14	0	22	72	9	144	0	0	642	148	105	6	12	0	9	0	10	208	0	0	645	0	0	0	383	1264	439	36	0	97	0	17	14	0	18	0	0	273	98	520	14	0	88	0	0	0	0	0	0	20	64	45	0	94	338	0	0	11	888	0	0	0	23	0	0	41	10	18	0	136	180	0	1433	5	112	2478	173	0	22	441	0	0	0	0	36	1321	17	22	0	17	0	20	133	7	0	13	0	23	0	0	64	10	127	729	0	0	0	0	0	0	3	0	0	0	0	18	0	114	26	41	25	20	346	70	82	248	246	85	0	0	110	16	138	14	0	1949	0	0	0	591	36	13	0	0	0	0	0	1	0	0	0	0	2	0	0
np0430	0	0	0	0	105	33	5	0	0	42	96	18	14	5	1886	0	13	8	23	60	9	6	11	9	0	2	0	0	7	0	0	28	9	0	5	1	79	18	0	0	1	116	350	195	0	87	0	9	126	15	13	14	73	0	0	0	116	0	21	12	0	0	10	0	0	0	2	996	0	0	0	43	128	0	2	24	0	0	0	54	0	0	48	0	14	0	0	0	30	1	1	0	43	0	0	0	45	0	0	3	0	7	348	25	193	279	79	62	0	68	1111	0	0	9	0	0	0	1411	980	0	30	0	5	16	14	15	73	3	83	13	31	0	0	44	0	29	6	1	0	0	4	0	7	2	0	0	3	28	10	0	0	108	0	0	0	1	0	0	0	0	0	0	0	0	6	21	14	2	7	0	67	11	85	0	22	66	20	960	0	0	0	51	0	12	1169	0	0	0	2	1	4	21	11	0	0	14	40	0	0	40	9	401	117	37	38	359	28	236	5	1	35	37	0	0	113	0	0	230	0	0	1112	195	40	0	0	66	7	0	3	0	0	71	81	0	0	28	0	3	0	3	6	154	0	11	3	4	93	75	8	259	0	0	311	1088	12	0	135	103	0	52	11	0	10	8	0	0	26	21	0	0	0	0	0	0	0	0	0	0	0	0	0	0	0	13	0	0	0	0	0	0	0	0	0	0	0	0	0	0	0	100	236	0	0	19	0	2	5	0	11	0	86	0	0	520	0	0	0	0	19	14	59	2	0	0	0	0	0	0	0	0	0	0	0	0	0	0	0	0	0	0	0	0	13	0	0	230	0	307	0	0	5	0	0	191	17371	0	0	7	0	1	1	209	0	0	0	400	0	0	0	0	0	0	3	0	0	0	279	0	0	0	0	0	0	22	215	165	153	216	0	0	258	0	0	0	0	349	2685	30	8	46	16	0	479	21	208	8	30	17	0	0	0	20	96	17	0	0	0	0	0	0	1	0	18	0	0	0	0	54	0	54	0	7	3	0	10	16	4	1	3	11	4	42	0	0	115	40	32	1	4	2	6	0	0	144	0	0	392	0	0	0	184	277	82	3	0	8	0	0	3	0	6	0	0	155	60	226	0	0	4	0	0	0	0	0	0	5	11	8	0	46	196	0	0	5	158	0	0	0	8	0	0	20	13	13	0	54	34	0	546	5	73	1015	124	0	3	256	0	0	0	0	14	496	4	59	0	10	0	18	153	5	0	7	0	37	0	0	184	18	58	114	0	5	2	0	0	12	11	0	0	0	0	11	0	47	22	7	9	0	41	12	15	31	34	23	0	0	22	11	104	5	0	7257	0	0	0	712	41	20	0	0	1	0	0	0	0	0	0	0	3	0	2
np0431	0	0	0	0	0	0	25	0	0	11	15	8	0	0	0	0	24	0	0	11	0	0	0	0	0	0	17	23	0	0	0	4	0	0	9	2	270	40	0	0	0	71	213	47	8	41	0	10	35	6	0	3	40	0	0	0	0	0	1	1	0	0	0	0	0	0	0	3	0	0	0	9	61	0	2	0	0	0	0	172	13	0	205	0	0	0	0	0	62	0	0	0	567	0	0	0	10	0	0	1	0	3	382	22	359	28	109	71	0	31	459	0	0	26	0	0	0	7	5	0	1423	39	0	0	2	0	13	0	0	0	0	0	0	0	0	0	0	0	0	0	0	0	1	6	0	0	0	540	6	0	0	63	0	0	0	0	2	0	0	0	0	0	89	0	0	3	19	0	12	0	50	8	78	0	0	1	0	398	0	0	0	67	0	6	358	0	0	0	39	28	2	18	5	0	0	0	0	0	0	0	0	1	0	0	30	277	83	154	0	0	0	0	0	0	5	0	0	2491	0	0	637	2029	0	0	0	306	5	6	0	0	2	0	64	0	0	6	59	26	18	0	0	89	0	0	0	0	0	0	3	95	0	0	0	0	0	0	0	0	0	10	11	0	8	67	0	0	0	138	0	0	0	0	0	0	0	0	0	0	0	0	0	0	0	25	0	0	0	0	0	0	0	0	0	0	0	0	0	0	0	9	13	0	0	2	3	3	0	0	17	0	1	0	0	8	0	0	0	0	14	9	33	2	0	0	0	0	0	0	0	0	0	0	0	0	0	0	0	0	0	0	0	0	205	0	3	228	0	3625	0	0	17	39	0	1326	8698	0	0	114	0	0	0	0	0	19	0	1753	0	0	0	0	0	0	0	0	0	0	2	0	0	0	0	0	0	4	0	0	0	0	0	0	0	0	0	0	0	0	15	40	0	6	0	0	6	0	57	9	0	34	0	0	0	11	46	9	0	0	0	0	0	0	0	0	0	0	0	19	0	1	0	8	9	4	1	0	2	3	0	0	4	21	2	28	3	0	40	24	12	0	2	0	25	0	8	4	0	0	9	0	0	0	26	5	1	0	0	0	0	2	0	0	0	0	0	31	0	42	0	0	2	0	0	0	0	0	0	0	10	7	0	0	0	0	0	0	11	0	0	0	13	0	0	270	0	0	0	39	9	0	3218	0	0	2066	0	0	0	16	0	0	0	0	19	29	111	13	0	0	0	0	0	0	0	18	0	44	0	0	55	6	8	2	0	0	0	0	0	0	1	0	0	0	0	3	0	50	0	0	3	0	45	1	18	7	2	8	0	0	28	0	12	59	0	3284	0	0	0	0	0	0	0	0	0	0	0	0	0	0	0	0	4	0	0
np0433	0	0	0	6	94	0	0	0	51	2	14	3	0	21	20	0	3	37	2	3	4	1	0	2	4	0	1	0	28	2	10	68	3	0	2	7	522	33	0	0	0	18	93	38	9	644	0	61	73	17	5	46	243	0	0	0	251	0	20	3	154	0	0	0	0	0	2	303	0	0	2	0	168	0	10	62	0	30	2	10	6	0	91	0	25	66	0	2	133	6	0	0	919	0	0	11	0	28	0	17	0	9	260	20	208	98	87	118	0	35	375	0	0	17	50	1	0	6	5	0	49	5	0	0	23	11	72	80	51	0	0	0	0	0	37	0	0	0	0	22	0	0	1	0	11	0	2	23	2	0	0	0	0	0	2	128	0	0	6	2	0	0	0	0	7	18	4	7	0	0	147	5	69	26	66	240	10	601	0	88	0	0	0	238	283	0	0	0	267	162	0	3	5	0	253	15	6	0	0	0	92	22	21	0	0	118	38	262	1521	2	0	301	56	0	13	0	17	146	0	0	108	58	0	0	0	14	14	6	0	0	88	86	38	0	0	9	1	0	0	0	115	83	0	14	3	7	14	45	8	67	0	0	51	283	13	30	18	186	0	6	25	409	27	24	0	0	524	669	0	0	0	0	0	0	0	797	0	0	0	0	0	0	0	0	0	0	0	1009	0	0	0	0	0	0	0	0	0	0	373	64	547	0	0	0	10	44	0	10	0	2	546	477	0	1010	0	0	0	0	9	37	138	45	77	0	0	0	0	0	9	0	0	125	0	5	0	90	2	0	0	0	0	306	13	0	163	132	0	0	0	0	0	0	0	0	34	0	0	2	0	0	418	544	0	133	0	16	0	0	0	0	0	0	0	0	0	0	0	0	0	0	0	0	0	61	0	2	0	5	0	0	0	390	0	27	0	88	23	45	0	0	4	4	54	0	70	0	11	5	0	3	0	51	401	0	0	0	33	0	0	6	4	9	11	0	0	0	0	1	0	1	0	0	0	0	6	4	5	22	0	65	0	173	43	0	643	78	309	39	23	0	29	12	13	164	0	1379	461	0	73	0	1017	615	21	59	31	23	0	36	32	0	18	0	129	63	0	136	9	9	7	11	0	143	335	0	0	282	45	126	0	0	0	0	0	0	0	39	180	0	67	0	0	223	0	0	452	1889	1715	54	1928	2577	0	4364	124	0	89	2694	45	0	248	25	365	1005	59	304	0	1	9	0	0	0	2	0	0	73	0	0	168	46	26	0	0	0	0	0	0	115	10	1	0	1829	0	19	0	11	4	104	14	18	11	115	6	47	325	142	8	0	127	0	65	1	123	142	2	8	0	0	0	77	0	86	39	260	10	10	0	0	0	0	5	0	0
np0436	7	0	2	8	1	8	0	0	0	1	13	0	0	0	61	0	0	0	0	0	0	0	0	0	0	0	1	0	0	5	0	0	0	0	0	0	42	22	0	0	0	4	36	22	0	10	0	0	5	7	30	0	23	0	0	0	200	0	0	0	0	0	0	0	0	0	0	75	0	0	0	7	2	0	0	0	0	5	0	0	0	0	2	0	0	0	0	0	0	0	0	2	0	0	0	0	0	0	0	0	0	0	28	10	23	19	15	0	0	3	9	0	0	0	0	0	0	13	0	0	0	3	0	0	0	3	9	3	2	7	10	0	0	0	0	0	1	0	30	0	0	0	0	0	37	0	0	0	0	0	6	42	0	0	0	0	0	1	0	2	0	0	0	0	1	0	0	0	4	0	45	0	7	0	3	0	0	134	0	0	0	0	6	27	41	0	0	1	4	0	1	0	2	0	0	0	0	0	0	0	0	16	0	0	0	1	1	7	0	0	0	6	0	0	0	0	0	126	0	0	20	184	0	0	0	8	0	0	0	0	0	0	36	0	3	0	1	3	0	4	0	21	0	0	0	0	7	1	0	86	0	27	25	0	0	0	0	4	0	0	8	0	1	1	0	0	0	0	0	0	0	0	0	0	0	0	0	0	0	0	0	0	0	0	0	0	2	0	0	1	4	0	0	3	0	0	3	0	0	2	7	5	0	0	3	0	0	0	0	0	0	0	0	0	0	0	67	0	0	0	0	0	9	0	0	4	0	0	12	0	0	0	0	0	0	0	0	9	0	0	0	0	0	0	0	30	0	20	0	0	5	0	0	0	0	3	0	12	0	2	10	0	0	0	0	0	0	0	0	0	0	0	0	0	0	0	0	0	355	0	0	0	0	9	9	0	0	0	0	0	0	0	0	0	0	0	88	0	4	1	0	0	44	0	36	14	6	11	0	0	0	0	5	0	0	0	0	0	0	1	0	0	0	0	0	0	0	1	0	0	0	0	30	0	8	0	2	0	0	0	0	0	0	2	3	0	5	0	0	0	0	0	0	0	1	0	0	2	0	8	3	151	0	0	1	0	0	0	0	0	0	0	0	5	0	2	0	0	0	0	0	0	0	0	0	1	0	1	0	0	0	0	0	0	8	0	0	35	0	0	0	0	0	0	3	0	0	3	16	27	0	67	1	27	0	6	0	0	0	0	6	0	0	69	0	0	0	4	0	0	0	0	0	13	0	0	12	1	0	78	0	3	1	0	16	0	0	0	0	12	515	98	0	0	0	0	0	0	0	0	0	0	2	0	0	0	0	0	0	0	0	0	0	0	0	0	0	0	0	0	0	0	0	0	0	0	0	0	0	0	0
np0439	2	0	0	1	0	0	0	0	0	0	18	0	0	5	372	0	0	0	0	0	0	2	4	0	0	0	0	0	5	10	0	6	0	0	0	0	280	0	0	0	0	14	89	23	11	49	0	8	3	12	0	0	36	15	0	0	248	0	1	0	152	0	0	0	0	0	1	81	0	0	0	2	6	0	0	5	0	4	0	0	0	0	0	0	0	0	0	0	0	0	2	0	5	0	1	0	0	2	0	0	0	0	54	20	404	13	204	24	0	5	69	0	4	0	0	0	0	4	0	0	0	1	0	0	2	0	4	4	15	0	0	0	0	1	146	0	0	0	36	0	119	0	4	0	0	0	0	0	11	156	0	5	32	0	0	0	1	0	3	0	0	0	0	0	0	0	4	0	1	0	77	0	45	0	6	0	0	216	0	0	0	0	0	27	186	0	0	0	15	0	0	0	61	0	0	0	0	0	0	0	0	41	0	0	0	8	0	12	0	0	0	53	9	0	2	0	7	243	0	0	426	99	0	0	0	57	2	0	3	0	0	0	40	0	0	0	52	16	9	0	0	177	0	7	0	0	2	39	0	33	0	0	9	18	0	0	215	441	0	40	0	4	11	9	0	0	19	3	0	0	0	0	0	0	0	0	0	0	0	0	0	0	0	0	0	0	0	0	0	0	3	0	0	1	0	0	0	4	0	0	47	11	0	0	0	1	0	0	0	0	0	0	0	3	0	0	2	0	0	0	18	0	18	0	0	31	20	0	36	0	35	0	0	0	0	0	0	44	0	0	0	0	210	0	7	450	0	13	2	0	11	0	22	0	1	6	0	24	0	0	36	0	0	0	0	0	0	0	0	0	0	0	0	0	57	143	60	0	574	0	0	0	0	1	0	0	0	0	64	0	0	0	0	0	0	231	205	21	5	5	0	1	201	0	225	8	26	8	0	0	0	5	53	36	0	0	0	0	0	0	0	0	0	0	0	0	0	0	0	1	0	0	0	0	0	1	0	0	0	0	0	0	0	0	2	0	4	0	0	0	4	7	0	0	0	0	0	0	0	161	144	30	0	0	0	0	0	0	9	0	0	2	0	16	0	5	14	0	1	0	0	0	0	0	0	7	8	3	0	0	0	0	0	0	0	0	0	57	0	0	0	0	0	0	121	80	6	0	402	14	0	884	28	503	5	46	43	80	0	0	49	83	0	85	0	0	0	10	0	0	0	0	0	82	4	0	64	9	2	0	0	0	10	0	0	0	0	1	0	0	332	2	0	0	0	6	1	0	0	0	0	0	9	0	0	0	7	0	3	104	202	2	1	3403	9516	2	0	4	0	0	0	0	0	99	0	23	0	0	0	211	66
np0440	0	0	0	0	0	49	92	0	36	6	6	0	0	0	6	10	0	0	0	0	0	5	0	0	5	0	1	26	30	0	1	0	13	0	18	0	567	0	5	47	2	45	192	17	38	143	0	1	90	58	7	5	38	3	0	0	14	0	22	8	13	3	8	0	0	0	0	14	0	0	0	0	0	0	0	0	4	0	0	3	0	0	33	0	0	6	92	738	0	0	4	0	116	0	0	0	0	0	0	0	0	0	197	1	4	0	10	15	0	12	412	0	0	4	0	0	0	2	3	6	0	380	6	0	14	27	3	0	0	4	33	0	0	0	0	0	0	8	3	0	0	0	0	488	10	9	0	6	0	1	0	125	0	0	0	0	205	2	0	0	0	28	9	0	4	0	4	0	26	9	11	0	79	0	0	0	0	89	1	1	150	0	0	9	68	0	0	0	40	46	6	0	14	0	0	2	0	0	0	7	0	1	0	0	0	1	8	0	0	1	0	0	0	0	6	0	0	96	15	0	6	10	0	0	0	8	0	4	3	0	0	0	525	1	44	0	200	81	37	0	0	82	0	0	0	0	0	1	0	8	0	0	0	0	0	4	8	11	0	7	10	23	0	4	0	0	0	0	0	3	4	0	37	26	30	16	0	0	0	13	8	0	0	2	3	0	1	0	0	0	0	8	0	0	0	0	0	346	0	9	15	9	2	7	8	4	0	0	0	0	0	0	0	0	0	0	0	0	0	0	0	0	0	0	54	4	3	0	155	0	8	0	90	0	0	140	20	4	36	15	1	7	13	0	0	106	2	4	0	0	2	0	0	0	7	487	0	283	337	964	5214	2167	0	2	0	567	895	0	0	6	0	0	0	0	0	0	0	11	190	0	51	22	20	6	0	0	0	0	0	0	0	0	3	0	0	0	7	34	0	2	0	0	7	0	51	10	0	0	6	0	0	5	33	17	0	0	0	0	0	1	0	0	16	0	54	0	0	0	0	17	6	11	7	7	14	0	0	2	0	0	0	4	0	0	10	4	0	0	0	524	2	0	0	0	0	4	0	0	0	0	8	8	4	0	0	2	0	0	0	0	0	0	0	6	0	5	0	0	0	0	0	0	12	0	0	202	556	5	0	0	1	0	3	0	0	0	0	0	0	4	0	4	0	0	5	0	2	0	172	9	0	1019	11	67	0	9	0	0	0	0	0	20	148	14	0	0	2	0	0	0	3	0	8	191	0	0	75	5	1	1	0	6	0	0	0	0	3	0	4	30	21	11	0	0	0	0	0	0	0	0	2	2	9	0	0	0	0	0	8	0	0	0	0	0	0	0	0	0	3	0	0	0	3	0	0	0	4	0	0	0	0
np0441	5	0	17	128	3	14	2	3	0	8	55	12	0	6	1072	3	5	0	3	0	0	10	5	6	0	0	14	0	0	13	4	14	5	9	0	0	808	513	0	0	0	88	102	42	0	711	0	9	414	73	22	12	284	0	0	0	2206	0	0	6	0	0	0	0	0	0	0	1199	0	0	0	816	94	0	11	0	11	22	0	5	0	0	12	0	66	17	0	5	0	0	0	85	56	0	0	23	0	0	0	0	0	12	219	136	367	377	269	18	0	25	90	3	4	0	2	8	0	554	1	0	0	5	24	2	1	36	36	22	52	22	28	44	0	0	0	25	185	100	186	0	1	8	15	0	1107	0	0	0	0	94	289	209	0	0	0	10	3	3	0	0	0	0	4	0	7	0	8	0	15	0	428	0	101	0	22	0	10	837	6	0	0	0	63	321	665	0	0	159	33	0	1	6	21	4	0	0	0	0	0	0	0	1073	16	192	0	22	10	57	0	0	0	73	335	0	10	284	0	1023	32	0	1307	830	0	0	0	86	3	0	1	0	0	0	119	0	16	0	151	152	0	611	0	279	31	25	6	0	97	22	1	624	0	205	241	37	2	3	29	70	0	8	15	0	20	12	0	0	61	0	0	0	0	0	0	0	0	0	0	0	178	0	0	0	0	0	0	77	67	0	59	68	141	0	0	59	0	0	66	0	0	54	19	28	2	12	0	6	10	0	9	0	0	0	0	0	0	0	870	244	0	0	4	0	603	0	0	140	0	0	292	0	0	0	0	0	0	0	5	306	0	0	0	0	6	0	53	2227	0	1291	11	0	75	5	50	4	2	72	0	680	0	44	573	0	0	0	0	2	0	0	0	0	0	0	0	0	0	0	0	0	12892	0	0	0	0	55	311	5	5	48	0	0	6	0	0	0	0	0	2386	96	32	9	0	0	860	53	201	34	31	12	0	0	0	19	55	13	0	0	0	0	0	0	2	0	0	9	0	0	0	5	0	2	0	5	129	11	8	17	80	5	0	5	0	8	0	55	82	0	172	0	2	2	28	33	5	28	27	0	0	87	0	136	159	932	0	0	7	49	0	0	11	2	0	22	0	136	50	133	0	0	0	12	8	3	12	0	0	57	23	36	0	14	0	0	0	0	284	0	0	467	8	0	89	56	0	0	37	27	251	5	366	375	0	1997	57	600	44	149	95	96	0	0	87	174	20	432	9	2	2	45	0	0	0	0	0	401	0	26	99	5	1	322	0	0	1	13	93	0	0	25	0	107	7578	254	0	11	6	14	12	29	3	0	14	0	48	16	10	0	44	0	1	0	0	0	0	0	0	58	0	0	0	0	0	0	4	17	0	24	0	0	13	0	0
np0442	13	14	69	44	5	0	7	17	0	74	100	0	24	44	369	2	2	9	8	14	0	6	9	34	14	0	42	48	55	11	19	54	90	0	61	30	1409	8	29	38	25	473	625	100	72	419	10	44	91	43	81	43	241	60	0	0	796	48	94	17	12	0	2	40	17	48	10	1405	0	0	0	43	199	3	33	4	4	1	53	0	0	3	25	4	67	2	35	1078	69	112	152	0	614	15	5	20	14	14	0	15	8	11	288	29	212	84	139	135	0	99	337	12	19	0	0	10	73	1392	189	594	0	16	8	0	24	40	105	13	25	0	0	0	40	151	47	252	972	5	283	122	301	5	95	0	790	767	12	64	40	232	58	589	49	189	150	65	25	25	36	28	0	197	161	1	40	17	26	6	18	16	133	16	84	22	70	7	30	876	27	10	95	42	0	10	820	22	19	0	0	0	0	7	13	2	4	1	1	34	0	155	13	266	588	0	6	90	50	39	22	0	8	33	249	38	152	32	33	1820	66	23	3397	416	23	109	95	476	96	31	0	0	69	13	113	3	31	5	0	0	0	0	0	238	12	21	6	0	26	78	8	862	31	60	281	85	20	16	265	433	13	27	84	0	60	12	0	0	23	26	77	68	88	52	92	51	0	33	36	0	0	0	0	0	0	40	44	2	0	89	0	0	40	44	46	636	230	0	4	582	8	65	106	41	34	22	0	17	5	5	0	18	52	80	21	220	23	19	118	13	13	65	45	10	24	0	39	9	4	0	205	24	7	31	45	12	11	170	44	31	74	20	327	4598	402	41	359	587	1159	10	321	48	9	0	0	13	5	159	79	139	145	333	2320	555	419	4	0	561	87	54	414	4503	1901	135	134	92	11	30	0	140	810	31	316	163	252	82	0	369	0	142	12	0	144	0	0	99	65	172	792	211	64	16	6	0	197	5	913	12	39	13	463	78	24	23	195	31	28	5	7	11	0	9	0	19	0	1	387	14	40	22	51	159	10	25	31	4	3	0	0	15	1	17	9	33	0	45	418	116	96	7	18	234	58	22	150	246	13	273	371	55	0	281	2472	1035	646	383	4	37	64	9	11	0	51	43	50	407	239	545	47	0	8	3	0	65	99	0	0	231	318	124	0	266	3	147	78	345	1	14	0	9	27	697	1	181	127	71	531	778	710	11	2936	229	0	5671	152	236	147	1431	61	0	0	0	136	3164	264	55	0	2	0	13	5	32	32	0	28	275	0	33	150	28	23	179	1	5	2	0	5	0	0	32	318	111	431	25	17	23	15	65	2	18	29	30	24	28	214	19	19	0	106	0	79	78	232	334	72	3	2	83	11	12	0	5	0	11	6	114	3	36	166	114	5	41	13
np0444	40	10	30	58	3	35	0	304	8	225	68	4	0	434	377	12	28	114	6	8	0	0	18	2	12	5	42	0	126	34	43	110	243	7	68	18	4711	29	89	88	83	1753	1228	191	351	1509	29	83	825	458	97	34	141	34	0	2	1550	78	172	708	81	38	3	274	62	225	5	40000	0	5	1	5	122	9	19	8	13	4	5	15	0	3	47	0	155	10	915	722	19	36	51	2	336	0	5	26	25	25	8	100	138	25	2285	556	726	47	724	271	216	0	786	8	41	0	8	4	27	265	47	1539	0	234	31	0	18	89	133	28	48	0	27	0	727	107	23	44	271	190	2957	19	44	0	13	111	452	451	4	146	14	45	0	1864	6	32	27	7	410	84	190	95	4	227	373	14	102	48	58	2	165	118	445	20	1230	139	11	15	1	1326	41	9	107	45	0	37	861	17	61	4	258	0	0	69	106	29	1	0	0	18	11	185	5	75	102	5	24	163	99	126	3	2	1	4	24	0	13	0	20	767	33	11	99	50	0	0	19	83	6	103	28	1	73	13	1222	2	8	27	22	0	0	0	0	724	9	14	2	0	3	4	43	1140	14	162	35	53	21	77	228	355	7	4	436	9	210	14	608	347	4	96	96	88	103	44	103	60	60	74	23	5	0	43	43	2	7	32	28	6	4	76	0	2	27	54	60	406	176	0	2	7372	55	71	200	40	96	32	48	29	190	34	2	2	23	31	3	75	5	0	16	13	21	143	91	22	25	0	341	15	20	56	991	122	23	109	367	4	20	812	238	49	286	107	1277	2413	456	63	1694	248	2931	8	114	15	29	3	0	16	0	812	255	328	310	1054	3398	767	98	0	0	428	878	18	432	1242	1524	391	392	348	3	9	0	278	2861	5	78	403	222	171	0	9	6	15	0	0	16	0	78	10	17	244	966	361	52	5	3	0	2276	0	334	19	27	19	69	108	32	62	545	174	34	9	54	14	11	21	37	0	645	0	2040	244	12	22	85	131	4	118	14	0	9	11	9	17	0	23	17	96	0	25	611	104	56	11	21	97	16	8	37	488	21	294	877	132	10	98	1146	1702	1338	169	0	11	338	8	16	16	35	23	121	242	111	250	37	5	8	12	0	6	36	32	21	110	196	81	53	30	1	31	19	146	0	14	0	0	41	17	0	793	51	28	797	714	281	0	5469	306	50	10777	162	431	106	727	20	0	2	16	75	2838	125	5431	30	0	0	47	0	11	98	29	20	253	0	46	224	41	25	191	4	12	0	69	402	5	0	140	2735	858	3189	190	3	13	8	219	10	93	115	106	91	103	1030	127	13	3	560	10	66	5	272	62	107	4	0	7	0	5	0	0	0	0	20	105	6	58	106	60	7	6	5
np0447	7	3	0	15	0	13	0	229	2	90	106	0	0	357	413	0	32	77	5	3	9	3	19	3	2	10	17	3	68	18	29	55	175	0	50	19	6450	20	78	29	20	351	908	160	306	1341	12	63	961	528	29	11	52	6	0	3	422	16	98	1231	191	68	1	0	0	60	7	16252	0	0	0	2	32	4	0	8	17	2	1	9	7	3	62	0	7	0	441	170	8	8	24	0	65	0	4	6	9	7	1	30	348	0	1281	1949	545	43	510	183	154	0	440	0	19	0	4	0	2	38	7	559	0	254	21	0	7	101	67	11	29	0	3	0	1578	20	0	4	36	147	1273	0	16	0	1	23	89	69	1	154	2	6	0	918	0	4	7	2	146	27	76	58	0	178	32	0	112	53	64	9	157	102	327	7	1768	95	2	4	0	1067	15	14	68	29	0	98	668	16	45	0	159	0	0	71	33	12	0	0	0	13	4	71	2	9	16	3	62	321	215	237	3	0	0	0	0	0	2	0	22	581	36	8	29	43	0	0	47	129	4	59	53	0	38	4	1766	0	10	32	3	1	0	2	0	825	0	24	2	0	0	0	61	463	5	66	8	7	7	29	121	161	5	9	170	32	186	11	203	114	0	39	14	25	51	16	28	13	26	21	3	5	0	9	11	0	2	11	13	4	0	12	5	0	11	11	11	117	47	0	1	5583	12	67	407	17	128	21	35	11	184	40	0	0	3	5	0	11	0	0	0	7	10	35	42	8	10	2	293	14	12	43	800	85	19	64	289	0	28	674	212	36	218	68	1183	1627	103	0	7758	519	2292	28	27	15	68	6	52	36	11	1165	1375	732	665	1102	9061	1323	23	3	10	895	968	14	336	385	1176	300	318	253	0	0	0	111	1739	0	22	145	106	156	0	3	2	0	0	0	0	2	29	3	0	67	203	312	64	1	0	0	3287	0	152	14	21	22	39	57	14	23	204	56	14	5	222	9	7	14	22	0	1206	0	1497	186	1	4	43	52	0	58	2	0	1	3	6	10	0	4	1	32	0	4	161	22	9	6	0	20	6	2	17	134	0	123	291	42	0	26	378	559	409	58	0	6	137	5	4	0	15	12	40	86	43	98	15	0	5	0	0	0	4	14	10	19	44	27	18	2	0	6	2	39	1	2	0	0	20	2	0	270	11	9	241	200	100	0	2500	87	0	4438	65	157	24	238	6	0	0	0	25	811	31	14590	16	0	2	46	0	0	36	0	8	242	0	61	128	39	6	38	0	7	0	90	540	0	1	110	2109	560	1976	213	0	8	7	83	5	46	45	54	33	33	438	55	7	0	160	10	23	4	112	38	29	0	2	2	0	0	1	1	0	1	0	23	0	30	39	23	8	6	0
np0452	3	2	2	11	15	7	1	5	5	70	128	9	9	12	515	412	3	7	9	21	0	12	5	23	8	0	33	1	37	14	13	55	53	5	7	2	480	5	30	14	6	133	306	83	25	944	12	30	110	90	55	12	64	16	0	1	2802	60	26	12	14	4	7	56	68	109	3	2243	57	0	9	38	337	12	42	4	8	2	212	20	10	9	102	39	18	79	0	250	36	36	63	1	287	3	4	11	14	10	3	25	7	27	446	28	159	132	118	58	0	68	345	5	4	5	22	5	74	266	254	147	0	46	6	11	14	31	44	62	136	0	0	6	8	0	87	67	79	0	21	16	275	13	24	3	92	81	14	8	0	51	0	195	276	53	51	23	4	21	15	20	14	4	18	6	37	23	11	8	9	16	182	24	87	33	21	47	13	1043	23	4	61	22	0	23	1300	28	64	3	105	0	0	16	44	9	40	0	10	10	6	6	13	123	295	18	3	196	33	53	13	8	5	26	74	16	140	15	13	860	23	25	960	292	0	15	8	133	31	0	3	5	32	7	93	9	32	16	5	0	0	0	5	220	0	19	8	5	20	40	11	126	8	6	85	71	3	0	300	546	13	52	28	0	7	6	16	19	29	34	37	29	115	87	88	39	52	46	13	5	3	28	12	10	12	10	6	0	0	50	0	0	30	7	6	276	141	6	0	148	26	68	165	4	15	12	5	15	6	3	3	18	70	84	15	235	26	13	106	11	11	150	60	27	22	0	14	0	2	21	105	10	0	10	21	12	5	88	51	9	45	17	114	1766	16	5	2	17	314	0	24	0	1	0	0	2	1	4	0	0	0	18	30	7	243	0	0	25	8	3	51	2045	114	27	30	23	1	4	0	11	185	4	14	42	31	70	10	258	18	61	5	217	0	0	320	71	31	235	2552	83	7	37	10	4	152	0	519	12	22	20	176	156	44	53	520	142	24	10	5	25	9	9	24	2	0	0	6	0	75	6	8	26	2	12	5	0	0	59	55	17	0	33	19	50	5	30	907	114	99	12	20	11	68	27	115	249	6	175	211	35	55	166	2096	940	670	270	0	42	61	6	10	38	18	17	54	503	291	770	47	11	8	8	1	7	39	23	22	90	145	67	42	173	11	90	62	138	3	9	0	4	21	4	1	323	171	71	352	652	452	0	2213	224	0	5427	99	107	250	1023	151	0	3	17	323	3136	114	132	0	4	0	24	14	14	39	3	22	88	0	40	149	18	22	66	3	0	0	0	0	0	1	4	95	199	187	23	10	26	25	108	4	47	70	48	35	55	537	62	31	0	210	20	103	2	12	8	4	3	2	68	0	12	3	9	0	4	3	150	7	101	104	58	0	5	3
np0455	0	0	178	17	26	270	350	526	0	0	254	173	0	144	1104	0	76	0	184	219	119	3	47	9	0	19	95	0	0	24	6	21	0	170	0	0	2706	26	342	0	1	1337	3810	339	0	3527	10	121	1057	189	330	58	192	0	0	1552	10562	0	28	38	0	0	0	0	0	0	10	2808	0	0	0	584	331	0	12	0	0	0	0	24	6	0	59	0	0	0	0	3	0	0	0	87	2122	253	7	526	0	0	0	3	58	12	3980	35	5945	222	314	182	0	83	616	21	102	13	21	1	0	1600	165	0	0	0	14	216	0	51	173	423	1568	0	232	0	0	0	0	22	801	7	4299	0	9	15	46	0	0	0	0	0	0	92	23	31	39	0	56	0	920	57	442	55	4	0	43	0	99	121	73	13	15	0	148	3	485	0	138	7	0	849	0	42	0	0	87	662	1758	0	0	361	35	0	0	57	35	0	0	10	0	0	0	0	3	234	19	0	0	244	28	676	3	0	0	176	0	0	205	0	58	1145	33	0	575	189	0	0	0	594	2	0	12	0	504	0	500	273	93	41	0	0	0	0	2	2089	250	27	17	4	4	46	40	3231	0	0	202	46	0	0	13	239	8	58	202	0	144	11	0	0	13	0	0	0	0	0	0	0	0	0	0	0	0	0	0	0	0	0	0	42	53	0	18	24	14	0	0	0	0	481	75	0	0	799	30	62	5	17	6	53	105	2	0	0	3	4	0	15	0	0	14	90	11	0	7	0	311	0	0	267	299	0	824	0	56	0	0	0	0	223	10	1086	0	0	0	0	0	0	0	4300	0	325	0	0	1056	18	599	21	0	1069	0	730	0	22	1541	10	0	0	0	0	0	0	0	0	0	0	0	0	0	0	0	0	6420	0	0	0	0	356	0	42	0	124	0	0	450	0	0	0	0	205	0	138	0	112	0	8	20177	4426	276	12	112	52	0	0	0	225	670	123	0	0	0	0	0	12	81	11	0	0	0	0	0	7	0	0	0	41	127	7	126	142	4	8	11	56	14	291	0	433	151	84	17	100	15	3	337	0	21	657	40	2	0	4	0	4958	768	32472	0	0	0	39	0	81	166	0	0	0	0	0	0	7	0	0	79	0	7	8	61	0	0	64	10	193	0	0	107	0	0	2	0	0	14	81	147	0	0	23	0	0	13394	0	2003	75	9442	924	0	22875	772	3313	140	1006	1331	0	0	0	1198	126	123	1873	0	7	2	113	28	0	0	0	0	340	7	0	465	71	51	641	0	0	0	8	226	0	4469	1	0	54	4055	144	0	74	31	0	91	196	6	0	0	0	76	35	65	0	921	0	0	0	0	0	0	0	0	41	0	0	68	0	7	0	13	48	0	9	0	0	28	0	0
np0456	0	0	0	0	4	16	178	19	0	0	54	21	0	12	152	0	0	0	0	6	0	2	0	2	0	6	3	0	0	3	0	0	0	19	0	0	432	0	38	0	0	40	140	17	0	302	0	18	120	22	23	0	51	0	24	1283	3580	0	0	0	0	0	0	0	0	0	0	330	0	0	0	86	52	0	0	0	9	0	0	8	0	1	7	0	0	0	0	0	0	0	0	0	53	0	0	51	0	0	0	0	0	0	123	10	724	163	57	28	0	9	89	8	34	0	0	0	0	2081	148	0	0	0	0	15	4	0	14	16	135	0	11	0	0	0	17	20	121	3	655	0	2	0	2	0	0	0	0	0	0	22	0	2	131	0	170	0	2	0	0	3	0	0	0	0	0	21	6	0	0	0	65	0	37	0	28	0	0	263	5	2	0	0	29	25	474	0	0	55	0	0	0	0	0	0	0	0	0	0	0	0	0	275	32	0	0	27	0	67	0	0	0	48	6	0	200	0	31	639	0	0	439	62	0	0	0	422	0	0	0	0	88	0	41	19	14	3	0	0	0	0	0	172	15	14	0	0	0	2	0	412	0	0	69	0	0	0	20	562	0	3	2	0	15	6	0	0	24	0	0	0	0	0	0	0	0	0	0	0	0	0	0	0	0	0	0	3	0	0	3	0	0	0	0	0	0	79	7	0	0	132	0	7	0	0	0	0	0	0	0	0	0	5	0	11	0	0	0	11	0	0	0	0	34	0	0	16	16	0	49	0	0	0	0	0	0	10	0	92	0	0	0	0	0	0	0	453	0	21	0	0	62	6	55	0	0	103	0	38	0	1	184	0	0	4	0	0	0	0	0	0	0	0	0	0	0	0	0	0	558	0	0	0	0	31	15	1	0	214	0	0	40	0	0	0	0	13	0	34	0	27	0	0	453	56	680	44	52	42	0	0	0	31	112	2	0	0	0	0	0	3	11	0	0	0	0	0	0	0	0	0	0	0	4	0	0	20	0	0	3	0	3	15	0	33	22	0	4	2	0	0	16	0	4	27	0	0	0	0	0	139	214	307	0	0	0	0	0	0	15	0	0	0	0	0	0	0	0	0	3	0	0	0	4	0	0	0	0	0	0	0	0	0	0	3	0	0	2	20	0	0	0	2	0	0	490	0	81	0	266	57	0	1176	50	411	31	245	320	0	0	0	288	46	0	108	0	0	0	14	20	0	0	0	0	52	0	0	110	18	0	19	0	0	0	0	7	0	35	0	0	0	2500	11	0	12	6	0	0	2	2	0	0	0	6	6	19	0	24	0	0	3	0	3	0	3	0	10	0	0	5	0	0	0	0	12	0	0	0	0	7	0	0
np0459	0	0	0	0	0	11	47	0	0	5	6	3	0	0	0	0	27	0	0	6	0	1	0	0	0	0	6	28	0	0	0	0	0	0	0	0	195	34	0	0	0	29	130	44	0	28	0	14	20	11	0	0	38	0	0	0	0	0	0	1	4	0	0	0	0	0	0	3	0	0	0	1	27	0	0	0	1	0	0	139	0	0	125	0	0	0	0	0	30	0	0	0	738	0	0	0	9	0	0	0	0	0	254	7	329	21	72	28	0	5	154	0	0	27	0	0	0	0	2	0	2450	28	0	0	6	0	0	0	1	0	1	0	0	0	0	0	0	0	0	0	0	0	0	17	0	0	1	244	188	0	0	26	0	0	0	0	2	0	0	0	0	0	35	0	0	0	8	0	0	0	22	2	69	0	0	0	0	147	0	0	0	28	0	16	85	0	0	0	60	56	1	5	5	0	0	0	0	0	0	0	0	0	0	0	16	229	66	129	0	0	0	0	0	0	10	0	0	3623	0	0	90	2016	0	0	0	121	0	3	1	0	0	0	58	0	0	7	27	8	5	0	2	72	0	0	0	0	2	5	0	84	0	0	0	0	0	0	1	0	0	3	17	0	6	44	0	0	0	101	0	0	0	0	0	0	0	0	0	0	0	0	0	0	0	9	0	0	0	0	0	0	0	1	0	0	0	0	0	0	0	5	20	0	0	2	0	2	0	0	9	0	0	0	0	0	0	0	0	0	5	3	22	2	0	0	0	0	0	0	0	0	0	0	0	0	0	0	0	0	0	0	0	0	96	0	3	196	0	4947	0	0	15	26	0	1969	5210	0	0	61	0	0	0	0	0	9	0	2480	0	0	0	0	2	0	0	0	0	0	1	0	0	0	0	0	0	4	0	0	0	0	0	0	0	0	0	0	0	0	13	50	0	0	0	0	0	0	73	9	0	27	0	0	0	5	32	3	0	0	0	0	0	0	0	0	0	0	0	39	0	0	0	1	0	3	0	0	5	6	0	2	2	6	0	23	0	0	18	5	5	0	1	0	44	0	9	2	0	0	3	0	0	0	12	6	0	2	0	0	0	0	0	0	0	0	0	16	0	22	0	0	0	0	0	0	0	0	0	0	7	0	0	0	0	0	0	0	6	0	0	0	4	0	0	230	0	0	0	14	3	0	1387	0	0	1340	0	0	1	16	0	0	0	0	7	21	207	13	0	0	2	0	0	0	0	6	0	56	0	0	30	0	0	0	0	3	5	0	0	0	0	0	0	0	0	5	0	20	0	0	1	0	13	1	5	4	0	4	0	0	23	0	5	32	0	1972	0	0	0	0	0	1	0	0	0	0	0	0	0	0	0	0	11	0	0
np0462	0	0	48	0	0	38	808	34	0	0	132	121	0	19	378	0	15	0	91	131	37	0	2	4	0	4	88	68	0	9	5	8	0	55	0	0	528	7	99	0	180	5684	1435	68	62	91	0	18	173	20	50	19	91	0	0	209	1328	0	12	3	0	0	0	0	0	0	0	253	0	0	0	167	50	0	7	0	0	0	0	0	0	6	3	0	0	0	0	11	0	0	0	106	425	97	0	47	0	0	0	0	2	0	464	4	824	70	43	19	0	8	59	0	0	0	5	0	0	387	82	0	0	0	0	79	3	25	24	90	219	10	58	27	0	0	0	0	43	0	66	0	0	0	3	0	0	0	0	0	0	8	0	0	0	0	4	0	77	43	78	9	0	0	3	0	9	14	16	0	5	0	17	0	155	0	27	0	0	297	0	5	0	0	15	511	142	0	0	203	0	0	0	4	10	0	0	0	0	0	0	0	0	179	18	0	0	13	0	49	0	0	0	0	0	0	0	0	5	141	0	0	4	7	0	0	0	19	0	0	8	0	19	0	133	16	0	0	0	0	0	0	0	588	30	0	0	0	0	4	3	162	0	0	10	0	0	0	13	207	0	14	45	0	13	2	0	0	0	0	0	0	0	0	0	0	0	0	0	0	0	0	0	0	0	0	0	101	126	0	140	78	0	0	0	0	0	98	7	0	0	26	0	32	0	20	4	7	60	0	0	0	0	0	0	0	0	0	0	43	0	0	2	0	125	0	0	60	196	0	372	0	12	0	0	0	0	99	0	598	0	0	0	0	0	0	0	210	0	10	0	0	70	0	49	0	0	49	0	49	0	0	88	0	0	0	0	0	0	0	0	0	0	0	0	0	0	0	0	0	606	0	0	0	0	59	0	0	0	0	0	0	0	0	0	0	0	17	0	15	0	6	6	0	352	56	47	0	20	6	0	0	0	72	152	5	0	0	0	0	0	3	7	0	0	0	0	0	0	0	0	0	159	5	67	0	80	21	4	11	0	42	3	33	0	89	19	12	0	11	31	0	95	0	0	1099	25	0	0	0	0	897	104	8218	0	0	0	3	0	53	61	0	0	0	0	0	0	0	0	0	43	0	0	2	10	0	0	21	9	193	0	0	6	0	0	0	0	0	3	7	9	0	0	0	0	0	6028	0	396	24	2942	139	0	5858	267	660	26	421	549	0	0	0	607	20	17	291	2	0	0	0	4	0	0	0	0	65	0	0	71	8	46	220	3	0	0	0	6	0	2600	5	0	18	380	54	0	13	0	0	60	172	1	2	0	0	3	9	33	0	105	0	0	0	0	0	0	0	0	0	0	0	0	0	0	0	0	5	0	0	0	0	12	0	0
np0467	0	0	0	0	1	34	0	0	0	2	0	0	0	0	0	0	2	4	0	0	0	1	0	0	0	0	3	2	0	0	0	32	0	0	0	0	12	0	0	0	0	9	24	45	4	0	0	0	8	0	0	0	4	0	0	0	4	0	1	0	0	0	0	0	0	0	0	16	0	0	0	5	29	0	0	0	0	0	0	865	0	0	175	0	0	176	0	0	5	0	0	0	8	0	0	0	7	0	0	0	0	3	771	1	4	129	78	101	0	37	968	0	0	0	0	0	0	5	850	0	19	0	0	3	1	0	36	0	6	9	19	49	0	2	0	2	3	0	0	0	0	0	3	0	0	0	0	13	0	0	0	15	0	0	0	0	0	0	0	0	0	0	0	0	15	129	0	0	2	0	917	0	8	0	2	0	0	316	0	0	0	28	0	0	87	0	0	0	240	38	0	10	9	0	0	0	4	0	0	0	0	24	10	0	0	7	0	3	1	0	1	0	0	0	11	0	0	183	0	0	463	133	0	0	0	25	4	0	0	0	0	2	5	0	0	275	2	0	0	0	0	11	0	2	3	0	15	3	0	539	0	0	0	8	0	0	13	24	0	3	0	47	2	0	0	0	4	42	0	0	0	0	0	0	0	0	0	0	0	0	0	0	0	0	0	0	0	0	0	0	0	0	0	0	0	0	0	0	0	0	22	0	0	0	0	0	0	0	0	0	18	0	0	56	0	0	0	0	13	6	15	0	0	0	0	0	0	0	0	0	0	0	0	0	0	0	0	3	0	0	0	0	0	0	0	146	0	148	0	0	3	0	0	104	34	0	0	0	0	0	0	14	0	0	0	184	0	0	0	3	0	0	0	0	0	0	0	0	1	0	0	0	0	89	0	1	1	0	0	0	0	0	0	0	0	19	49	27	0	4	9	5	64	0	175	10	34	16	0	0	0	0	5	1	0	0	0	0	0	6	10	9	302	0	0	0	0	7	0	1	0	0	0	0	0	4	4	0	0	4	0	2	0	0	16	8	0	0	1	0	0	0	0	21	0	0	19	0	0	5	20	39	9	3	0	16	0	0	7	0	1	0	0	3	2	3	0	0	3	0	0	0	0	0	0	0	2	0	0	2	0	0	0	2	36	0	0	0	0	0	0	0	0	0	0	8	11	0	47	0	0	99	12	7	3	20	0	0	0	0	0	33	0	10011	0	120	79	603	3	0	0	0	0	6	0	0	13	0	4	0	1	613	103	0	0	137	13	0	0	0	0	129	0	1	0	0	0	0	15	0	1	3	3	0	0	0	2	6	22	0	0	14	0	0	0	5	0	0	0	0	0	0	0	0	0	0	0	0	0	0	0
np0468	0	0	0	0	0	0	28	0	0	0	10	0	6	0	0	0	14	1	0	0	8	2	0	19	0	0	0	0	0	0	0	7	0	0	0	0	0	0	0	0	0	0	3	4	0	1	0	0	0	0	0	0	3	0	0	0	2	0	0	2	32	0	0	0	0	0	4	12	0	6	0	1	9	0	0	132	0	0	0	867	165	122	837	0	0	0	0	0	2	11	0	0	0	0	0	0	0	0	0	0	2	0	71	0	4	224	196	163	0	16	351	0	0	3	0	0	0	13	35	0	0	0	0	2	0	0	8	0	0	0	0	0	0	0	0	0	1	0	0	0	0	0	0	0	1	0	0	0	0	0	0	5	0	0	0	0	0	0	0	0	0	0	0	0	0	17	0	1	3	0	1657	0	6	0	0	0	0	307	0	0	0	181	0	3	136	0	0	0	25	22	1	9	0	0	0	0	0	0	0	0	0	54	13	0	0	19	0	12	0	0	24	0	0	0	3	0	0	42	0	0	13	78	0	0	0	73	0	0	0	0	0	21	106	0	0	60	5	1	2	0	1	113	0	12	13	0	2	35	0	15	0	0	5	0	0	0	3	0	2	7	0	6	0	0	0	0	53	35	0	0	0	0	0	0	0	0	0	0	0	0	0	0	0	1	0	0	0	0	0	0	0	0	0	0	0	0	0	0	0	0	1	0	0	0	0	12	0	0	0	0	0	0	0	10	0	0	0	0	0	0	4	0	0	0	0	0	0	0	9	0	0	0	0	0	0	2	0	0	0	0	0	0	211	0	2	2511	0	2277	0	0	20	14	0	1559	1248	0	1	93	0	22	37	1448	0	31	0	3840	0	0	0	0	0	0	0	0	0	0	1	0	0	0	0	0	0	15	0	0	0	0	0	0	6	0	0	0	0	0	10	34	5	23	0	0	19	0	75	0	23	2	0	0	0	0	0	0	0	0	0	0	0	0	0	117	20	0	0	85	0	0	0	0	0	0	0	0	1	0	0	2	0	0	0	3	0	0	4	0	0	0	0	0	0	0	0	1	0	0	9	0	0	0	4	2	1	0	0	8	0	1	0	0	0	0	0	7	0	7	0	0	0	0	0	0	0	0	0	0	2	0	0	0	0	0	0	0	16	0	0	0	0	0	0	0	0	1	0	2	4	0	22	22	0	46	21	0	0	28	0	0	0	0	0	5	5	8974	0	150	98	390	0	0	0	0	0	1	0	0	155	39	0	0	0	602	4404	19	746	0	5	0	0	0	0	64	0	0	0	0	0	0	3	1	2	5	4	0	0	0	2	0	3	45	1	469	0	0	0	0	0	0	0	0	0	0	41	0	0	0	0	0	1	0	0
np0469	0	0	0	0	2	38	0	0	0	0	95	8	0	8	2408	0	2	6	13	40	0	3	1	29	41	13	27	41	250	1	0	212	243	67	11	0	2567	32	0	0	41	924	2552	85	53	1130	8	13	77	67	10	116	203	0	0	0	0	0	442	0	30	0	0	0	0	0	5	41	0	6	3	0	7	0	3	1	3	0	0	0	0	0	0	0	54	2	0	144	61	0	0	0	20	0	0	0	0	1	17	0	4	2	26	27	179	7	37	7	1	0	20	0	0	0	4	0	0	2	0	0	10	6	12	0	10	21	33	0	7	0	32	47	6	88	0	0	0	3	0	0	0	0	0	0	0	0	0	0	0	0	0	22	0	0	0	0	0	0	0	4	0	0	10	3	12	27	55	24	3	0	86	2	118	0	5	0	7	197	78	23	0	0	0	79	64	0	0	0	11	6	1	0	13	5	0	0	0	0	0	0	0	89	41	0	13	19	4	12	0	2	24	4	11	0	4	0	0	466	0	0	31	59	0	0	0	43	0	58	80	9	0	0	0	0	2	22	53	25	8	0	17	309	0	5	3	0	0	0	4	19	0	0	94	49	184	90	106	250	8	13	205	0	11	1	0	0	0	0	0	0	0	0	0	0	0	0	0	0	0	0	0	0	0	0	0	0	0	0	0	0	0	0	0	0	0	0	0	888	0	45	58	6	0	0	8	11	0	15	0	0	503	0	0	2001	0	0	0	0	0	1	0	0	1	0	0	0	0	0	9	0	0	0	0	0	0	738	482	0	358	0	0	6	3007	0	1462	234	0	0	0	13	0	1450	3	0	38	0	0	0	0	0	3	965	0	4	1	287	0	0	0	0	0	0	0	0	0	0	0	0	0	0	0	0	0	33	0	0	0	4828	0	0	0	0	0	0	0	121	0	20	0	2	0	2	19	0	56	0	4	0	49452	0	0	17	37	3	0	0	10	0	0	6	8	0	3	0	0	0	0	0	0	1	0	8	0	0	26	0	0	0	0	11	0	372	0	0	1551	67	23	11	0	0	19	14	0	18	111	0	107	0	94	0	58	146	135	29	498	117	3	0	0	0	0	0	0	14	1	32	0	0	11	6	0	0	113	0	0	31	271	0	0	3	0	18	0	0	965	48	0	0	34	0	0	447	0	0	398	1617	523	0	4501	787	0	900	5	0	174	68	22	0	0	0	89	108	5	11	0	0	0	7	0	0	0	0	0	6199	2857	13	45	85	4	1	26	2	0	1	0	0	7	0	0	0	0	34	92	5	3	129	0	2	2	0	0	24	21	0	0	0	89	0	0	265	0	589	0	0	0	5	0	0	0	0	0	0	1	0	0	14	9	0	5	0	0
np0472	0	0	0	0	0	0	269	0	124	0	4	0	0	0	2618	0	0	0	0	0	0	4	0	3	0	0	1	0	7	0	4	0	0	0	0	0	47	0	0	0	0	2	29	5	0	18	0	0	2	7	5	0	20	3	0	0	343	0	3	0	95	23	24	7	0	11	1	255	0	18	0	3	17	1	3	7	22	3	0	20	18	5	57	0	0	29	0	18	0	0	3	0	25	0	0	0	1	4	0	0	1	0	44	2	24	27	32	6	0	27	260	0	0	4	5	0	7	40	13	16	0	131	0	0	1	0	6	8	13	0	0	0	7	14	0	48	105	659	43	14	28	2	0	3	10	8	0	0	7	10	0	18	14	17	18	0	3	0	0	0	0	0	0	0	10	15	0	0	0	4	26	0	11	0	3	3	0	37	1	0	48	34	0	51	48	0	0	0	71	86	3	0	9	7	5	0	1	3	0	1	4	8	4	0	0	37	15	14	0	0	0	0	41	0	36	8	0	225	0	0	312	98	0	6	43	175	21	1	0	0	0	0	227	3	10	5	81	24	24	0	0	25	0	3	0	0	0	12	4	33	3	0	0	0	1	2	27	39	0	4	0	3	0	4	51	39	0	5	0	5	0	0	7	0	6	0	0	0	0	0	3	0	2	0	0	0	0	1	0	0	0	1	1	37	19	0	0	27	0	15	57	0	0	2	0	0	0	0	0	0	0	0	0	37	0	0	6	0	1	12	8	2	7	1	0	0	0	0	6	0	0	4	1	0	0	18	9	2	17	0	24	348	189	20	42	110	50	1	80	4	0	0	0	64	1	68	4	65	43	109	773	241	50	1	0	283	98	1	17	432	77	7	0	0	0	0	0	3	8	0	4	9	2	15	111	5	0	0	0	0	0	0	48	22	29	30	226	12	6	6	0	0	40	0	198	0	6	0	71	8	0	0	4	0	0	0	53	2	0	2	0	0	7	0	7	4	0	2	0	6	0	0	0	0	0	4	7	2	0	5	10	8	0	5	56	8	4	0	0	1	6	0	6	4	0	9	9	0	15	1	69	19	28	12	0	0	1	4	0	3	4	0	0	22	21	36	3	0	0	0	0	2	3	0	0	5	7	5	0	11	0	5	8	6	0	1	0	0	2	0	0	17	5	0	18	35	22	0	103	4	0	215	5	0	9	75	0	0	0	0	27	180	0	43	182	0	0	4	0	0	0	0	2	77	0	27	28	0	3	3	0	0	1	7	49	0	3	6	36	76	97	26	0	8	2	0	0	1	2	2	0	0	13	0	0	0	21	0	4	6	72	10	45	0	1	0	0	6	0	0	0	2	0	13	0	6	6	3	1	0	0
np0473	0	0	0	1	8	0	0	0	0	0	200	0	3	9	60	0	9	0	99	162	0	6	6	9	0	0	17	2	0	4	0	0	217	0	0	0	801	0	69	0	0	623	464	8	0	1372	17	30	160	84	0	67	21	0	0	6	7	0	56	6	1	0	0	0	0	0	2	64	0	0	0	5	175	3	0	28	58	7	1	7	5	0	53	0	38	52	0	39	5	0	0	0	825	33	33	0	19	5	0	0	118	10	1020	10	331	25	172	90	0	25	98	0	0	0	13	0	0	2	7	0	0	98	0	0	30	12	27	112	27	0	0	0	0	0	0	0	0	0	0	0	0	0	0	0	2	0	0	1	0	7	0	0	0	0	0	133	0	0	16	0	5	0	0	0	23	5	41	0	19	56	87	1	48	0	546	0	354	870	3	0	0	0	22	71	612	0	0	0	181	133	0	165	41	0	0	144	0	0	0	0	0	14	13	0	100	90	103	65	738	0	0	342	48	0	76	40	0	196	0	1	481	56	0	0	0	25	29	17	0	50	0	0	30	0	0	7	0	0	0	0	55	534	0	4	3	235	147	26	3	135	3	13	1520	455	31	41	6	4	54	81	185	229	16	15	0	0	106	1	0	0	0	0	0	0	0	0	0	0	0	0	0	0	0	226	211	0	0	2	0	0	0	0	0	0	0	0	0	0	0	77	346	0	0	3	0	9	0	0	0	0	172	0	0	990	0	0	0	66	0	71	507	29	426	0	0	0	0	0	0	0	0	9	0	0	0	3	5	0	0	0	0	61	1	0	0	1	0	0	0	0	0	0	0	0	0	0	0	0	0	0	1	0	0	0	2	0	0	0	0	0	0	0	0	0	0	0	1155	0	0	0	0	0	2101	22	0	1	0	0	0	0	18	306	0	0	0	0	52	44	0	8	0	5	155	0	133	0	43	0	0	0	0	4	32	2	0	1	2	3	0	4	9	21	0	0	0	1300	0	0	0	0	6	4	0	0	0	5	0	123	0	12	0	9	0	173	106	152	80	4	22	0	35	4	5	94	0	3	77	0	0	0	2191	487	260	3	9	20	0	15	1589	0	0	20	0	70	34	56	35	0	9	10	0	10	38	0	0	190	34	42	0	55	0	0	24	564	82	0	0	0	12	0	79	129	0	7	1238	98	2120	284	1450	397	0	6083	43	1525	271	862	214	11	0	0	673	154	229	47	0	0	1	18	0	167	1215	0	0	392	2	0	90	24	19	0	0	0	0	0	1	189	0	0	0	4	0	0	0	7	28	10	0	0	12	0	56	0	50	88	2	0	154	39	117	0	0	0	0	0	0	0	0	91	0	0	215	0	14	464	307	172	0	0	23	0	0
np0474	0	0	0	0	3	0	0	0	0	0	15	9	0	0	12	0	0	0	4	7	0	0	0	0	0	0	2	0	0	0	0	0	0	0	0	0	14	0	6	0	0	9	22	14	0	35	0	0	20	0	5	2	5	0	0	104	300	0	0	2	0	0	0	0	0	0	0	24	0	0	0	209	67	0	0	0	0	0	0	7	0	0	0	0	0	0	0	0	0	0	0	2	38	0	0	55	0	0	0	0	0	0	39	0	41	22	13	15	0	8	77	0	6	0	0	0	0	334	49	0	0	0	0	5	0	0	22	31	71	0	0	0	0	0	1	8	0	2	16	0	0	0	3	0	0	0	0	0	0	10	0	0	64	0	114	0	0	0	0	0	0	0	0	0	0	9	3	0	0	0	28	0	12	0	9	0	0	92	0	0	0	0	13	7	151	0	0	16	0	0	0	2	0	0	0	0	0	0	0	0	0	38	12	0	0	15	0	328	0	0	0	0	0	0	19	0	0	46	0	0	103	22	0	0	0	42	0	0	0	0	13	0	4	12	6	5	0	0	0	0	0	14	0	0	2	0	0	12	0	27	0	0	11	3	0	0	0	17	0	7	0	0	0	2	0	0	4	0	0	0	0	0	0	0	0	0	0	0	0	0	0	0	0	0	0	2	0	0	0	0	0	0	0	0	0	8	5	0	0	17	1	2	0	2	0	0	3	0	0	0	0	0	0	0	0	0	0	0	0	0	0	0	18	0	0	9	0	0	26	0	0	0	0	0	0	5	0	43	0	0	0	0	0	0	0	4	0	0	0	0	0	0	0	0	0	0	0	0	0	0	3	0	0	0	0	0	0	0	0	0	0	0	0	0	0	0	0	0	26	0	0	0	0	15	3	5	0	35	0	0	59	0	0	0	0	0	0	11	0	5	0	4	57	0	27	0	0	0	0	0	0	30	53	2	0	0	0	0	0	0	5	0	0	0	0	0	0	0	0	0	0	0	0	0	0	12	0	0	0	0	0	23	0	64	37	0	3	0	0	0	25	0	0	14	0	0	0	0	0	82	46	190	0	0	0	11	0	0	10	0	0	0	0	0	0	0	0	0	4	0	0	0	0	0	0	0	0	7	0	0	6	0	0	0	0	0	0	0	0	0	0	0	0	0	227	0	25	0	48	4	0	173	11	48	37	236	242	0	0	0	327	16	0	20	0	0	0	0	6	0	0	0	0	47	0	0	5	7	0	0	0	0	0	0	0	0	3	0	0	0	293	1	0	24	4	0	2	6	0	0	0	0	12	0	10	0	38	0	0	0	0	0	0	0	0	0	0	0	3	0	0	0	0	15	0	0	0	0	0	0	0
np0475	10	3	12	19	5	31	2	24	0	50	61	0	2	4	241	180	3	12	7	4	0	1	0	0	3	2	13	1	27	13	8	26	31	0	18	0	447	0	8	8	15	270	254	54	50	382	4	0	56	18	17	13	36	11	0	0	278	15	39	17	11	7	6	61	10	25	3	921	18	0	1	5	62	1	16	0	3	0	13	8	0	4	50	15	16	12	26	433	27	47	21	0	308	0	1	5	7	8	0	30	7	10	132	9	68	14	31	35	0	27	143	0	3	2	0	0	21	95	52	247	0	84	0	0	10	12	23	6	15	0	25	7	5	16	9	40	54	2	26	10	28	3	4	2	137	126	6	15	5	17	0	256	22	29	33	5	5	23	27	17	3	10	55	13	7	2	9	3	4	4	44	12	46	10	8	14	0	233	7	0	21	12	0	13	218	6	8	1	64	0	0	35	41	17	3	0	0	2	7	27	3	31	53	5	0	26	3	15	38	4	4	50	10	0	24	5	0	205	5	8	170	43	0	0	0	33	5	10	2	1	20	0	91	2	2	7	58	20	13	0	0	74	5	5	3	0	5	5	3	60	0	0	61	46	5	11	83	149	3	6	64	4	8	0	0	6	2	82	64	68	177	101	59	31	53	37	22	5	0	21	25	3	4	10	5	0	0	52	0	0	14	9	12	136	64	8	0	1345	43	17	37	3	4	3	8	5	6	3	3	0	34	37	10	142	21	3	47	0	0	28	11	4	11	0	40	0	4	11	133	20	6	21	41	3	4	147	65	10	58	14	269	812	9	3	11	8	733	0	6	6	2	0	0	0	0	6	0	0	0	14	37	14	83	3	0	11	5	2	8	726	50	6	13	5	4	9	0	38	345	6	25	67	27	15	8	73	7	8	2	34	0	3	23	10	9	71	305	45	12	6	3	0	30	0	133	5	11	3	68	23	6	25	149	38	7	5	0	5	8	3	8	0	12	0	60	4	24	5	4	51	0	8	5	0	1	4	5	16	0	10	2	35	0	16	466	66	32	4	13	0	20	4	30	261	13	161	260	43	17	58	434	315	368	288	0	20	155	12	10	21	19	39	62	121	70	173	21	0	14	15	0	11	47	84	60	132	161	98	81	56	4	33	28	148	4	10	0	2	21	0	0	360	46	23	349	322	650	0	3063	165	36	7042	109	210	62	335	14	0	0	0	42	1563	131	28	0	1	0	3	3	3	17	0	8	50	0	13	39	15	9	41	6	0	0	0	0	0	0	7	89	211	150	9	1	1	3	110	9	45	66	69	51	51	415	91	14	0	352	0	37	1	15	7	8	8	0	19	0	0	0	2	0	3	1	29	0	14	30	10	0	17	0
np0476	0	0	0	0	0	22	3	1	0	0	35	20	0	0	22	0	11	0	0	13	0	21	0	24	49	0	0	0	0	2	0	316	0	244	0	0	21	14	0	0	1	0	0	0	20	473	0	107	0	0	0	0	6	0	0	0	3	0	0	0	0	0	0	0	0	0	0	304	0	0	0	0	20	0	0	0	14	63	0	8	0	0	10	0	0	22	0	8	2	8	0	0	5	0	13	0	0	19	0	0	3	0	84	0	27	25	11	0	0	6	39	0	0	0	31	0	0	0	0	0	0	0	0	0	0	0	163	0	0	7	37	58	0	0	0	0	0	0	0	0	0	0	0	0	0	0	0	0	0	0	0	0	0	0	0	1	0	0	0	0	0	0	0	0	0	5	130	8	8	0	1095	14	123	0	18	0	0	1555	0	0	0	0	0	15	479	0	0	3	10	0	29	1	251	0	0	6	0	0	0	0	0	6	0	0	0	96	8	69	0	5	0	3	0	0	8	0	0	612	0	0	28	73	0	0	0	51	18	2	0	11	0	0	8	0	14	2	42	19	14	0	4	1365	33	14	9	0	3	13	0	19	0	0	31	52	0	0	3	4	0	8	0	0	4	0	0	0	0	0	0	0	0	0	0	0	0	0	0	0	0	0	0	0	0	0	0	0	0	0	0	0	0	0	0	5	2	0	0	0	0	0	5	0	0	0	0	92	3	0	0	0	0	87	0	7	0	0	0	0	0	0	8	0	8	0	0	0	0	1	0	0	0	0	0	0	0	0	0	0	0	0	0	0	0	0	0	0	13265	0	0	0	0	0	0	0	0	0	0	0	0	0	0	0	0	0	0	0	0	0	0	0	0	0	0	0	0	0	0	0	0	0	0	0	0	1	0	2	0	5931	0	0	5	0	0	0	0	0	2	17	0	4	31	0	41	0	39	3	8	6	0	26	16	113	345	0	0	0	0	0	0	0	0	0	0	0	0	0	0	0	0	0	0	0	0	75	0	4	0	0	0	0	0	3	2	0	305	71	7	17	0	16	5	0	5	5856	0	0	0	0	0	0	38	1	0	0	143	23	0	0	0	0	0	0	0	0	0	21	0	0	0	0	0	579	664	0	0	1338	127	607	0	0	0	0	0	0	0	0	0	0	0	0	0	298	0	0	1056	0	365	0	79	36	0	163	1	0	5	19	588	0	0	0	3344	5	0	27	0	2	0	12	0	0	0	0	0	5	1	0	153	18	0	0	0	0	40	0	1	0	0	0	0	0	0	0	0	1	8	67	0	0	0	0	0	0	0	24	0	0	46	0	139	0	0	0	0	0	0	0	0	29	0	0	0	0	28	0	0	0	0	0	5	0	0
np0477	0	0	0	18	3	2	0	0	23	29	11	0	3	2	793	0	1	0	0	35	0	2	8	6	2	0	7	24	0	0	0	22	4	0	0	0	102	12	0	0	0	87	151	2	0	196	0	5	2	4	15	8	21	0	0	0	122	0	9	1	0	0	0	0	0	0	0	427	0	0	0	817	67	0	0	0	0	0	7	0	0	0	5	0	3	1	0	164	27	0	0	0	153	69	0	22	0	41	0	0	0	0	62	0	144	42	44	14	0	3	54	0	2	0	0	0	0	86	0	1	0	0	3	12	12	6	5	21	11	0	1	0	0	0	0	0	4	0	4	0	2	0	0	0	0	0	4	17	16	0	0	4	0	1	0	1	0	0	1	1	0	0	0	0	4	8	3	1	3	0	80	8	18	0	5	11	0	81	0	0	0	0	0	18	270	0	0	0	0	0	0	0	0	0	6	0	0	0	0	0	0	30	6	0	0	24	0	7	0	0	0	161	73	0	0	0	0	176	0	0	135	38	0	0	0	7	2	15	6	0	0	0	8	0	0	4	4	0	0	0	0	38	0	7	0	0	2	26	0	19	0	0	131	84	0	54	32	277	0	13	7	0	4	0	0	0	8	0	0	0	0	0	0	0	0	0	0	0	0	0	0	0	0	0	0	0	0	0	0	0	0	0	0	0	0	0	0	0	0	0	48	3	0	0	0	4	8	0	0	0	21	70	0	0	0	21	0	0	0	0	1	0	0	0	0	0	0	0	0	0	0	0	0	0	0	62	21	0	34	0	0	13	0	0	0	2	7	0	0	0	0	1	0	0	0	0	0	83	0	0	16	7	0	74	0	21	0	1	0	23	3	0	0	0	0	0	106	0	0	0	0	0	0	16	0	116	0	17	0	0	20	0	0	0	0	3100	1680	7	0	5	0	0	47	0	29	16	0	43	0	1	4	0	115	12	0	2	0	2	0	0	0	2	0	0	0	0	0	0	0	2	0	1	0	0	3	0	0	0	0	7	5	10	38	0	286	15	74	8	10	19	10	21	13	77	0	0	219	0	0	3	393	594	232	22	0	0	0	0	0	0	0	0	0	97	93	117	0	84	7	12	0	3	72	0	0	164	123	62	0	0	0	4	4	0	0	2	23	0	31	0	0	85	0	0	0	102	331	0	1875	2	0	1291	17	0	118	317	21	0	32	1	46	137	65	12	0	0	2	0	0	0	0	0	3	57	0	3	59	5	6	0	0	0	3	0	0	0	0	0	0	0	410	4	0	1	2	85	2	0	1	0	8	1	23	9	0	3	29	0	0	91	47	1	3	0	0	23	8	5	0	0	0	0	0	19	0	0	0	0	3	0	0
np0480	1	3	12	9	1	4	0	24	0	51	55	0	0	53	717	11	7	36	6	6	0	0	13	8	4	2	19	125	93	13	10	21	124	5	26	0	1609	0	28	65	8	235	491	97	110	790	5	11	226	41	32	26	132	7	0	0	259	5	148	829	136	22	25	195	191	0	2	4062	151	0	0	9	45	0	0	0	10	0	0	14	13	0	59	6	6	0	921	214	19	17	26	0	158	0	2	9	7	8	3	20	5	12	486	92	210	19	314	128	177	0	572	0	13	0	4	1	0	42	14	244	0	1270	22	0	4	76	58	5	1	37	14	9	4	9	0	6	29	91	1620	0	20	0	1	7	114	85	0	25	4	0	0	261	0	6	8	1	69	22	70	13	0	42	13	2	28	13	19	2	49	21	111	9	231	24	7	0	1	341	0	7	55	35	0	28	171	6	6	0	103	0	0	246	28	8	0	4	0	5	2	75	0	6	30	1	11	42	49	36	24	0	0	0	5	0	0	0	0	315	12	13	18	23	0	0	5	28	0	21	3	0	28	3	322	0	8	8	68	26	8	0	3	281	0	1	1	0	0	0	24	113	0	16	59	121	8	46	101	195	4	15	174	17	34	3	24	3	0	101	10	114	117	44	63	31	97	27	0	7	0	62	59	11	27	3	4	3	0	14	0	0	5	18	12	91	33	0	2	3392	29	17	53	6	32	11	45	12	35	22	5	0	8	2	3	21	0	0	8	0	12	16	29	2	15	0	282	14	11	29	808	100	31	98	337	0	28	823	202	50	224	81	2049	2847	53	32	47	70	5405	3	15	23	2	1	0	1	3	464	0	161	189	599	1847	570	28	3	0	267	546	20	41	466	115	29	20	18	0	1	0	52	998	9	80	56	72	50	0	80	0	2	0	0	0	0	33	0	0	34	92	116	11	4	0	0	57	0	81	17	7	19	62	21	5	30	243	66	11	4	6	4	12	4	12	0	16	0	353	26	18	5	4	76	2	34	5	5	0	11	0	3	0	17	0	34	0	8	390	38	14	4	20	12	4	2	8	171	10	66	242	20	5	36	245	408	381	54	0	0	128	5	3	9	13	39	55	53	22	65	6	0	3	5	0	7	21	60	48	55	89	50	116	0	3	24	1	88	0	19	0	0	17	22	0	398	10	0	341	189	223	0	2893	230	82	7878	124	96	12	215	0	0	0	0	23	1157	93	162	0	0	0	16	0	3	27	5	8	236	0	17	87	39	4	13	3	15	1	5	8	2	0	10	266	302	381	196	0	0	0	209	7	68	100	60	68	58	684	151	9	0	690	6	38	4	54	9	36	3	1	11	0	2	0	0	0	0	6	10	0	12	16	5	2	2	0
np0482	0	0	0	0	9	0	1	1	0	12	48	4	13	1	778	438	1	0	4	7	0	21	5	6	2	2	13	0	20	5	3	7	20	0	0	0	166	6	8	0	4	62	87	28	0	189	0	9	25	23	4	10	25	3	0	0	121	8	10	2	12	0	10	0	8	31	0	452	0	0	1	9	130	2	9	3	0	0	30	0	0	5	13	3	4	0	1	145	23	14	21	0	101	0	16	0	8	4	0	0	1	0	60	6	43	34	9	13	0	14	75	0	3	6	8	5	12	71	52	17	0	0	0	4	2	11	16	19	34	0	0	0	7	28	13	55	39	1	34	27	44	6	11	3	52	52	3	4	3	8	0	65	36	17	9	10	0	0	5	3	3	4	8	3	8	2	0	0	0	0	12	4	16	0	14	8	5	170	7	0	31	12	0	2	196	0	7	1	0	0	0	8	9	0	8	0	6	2	5	3	6	58	95	0	0	14	6	0	11	2	0	83	21	0	118	0	0	227	7	7	304	86	0	0	0	32	7	0	0	2	11	3	25	0	6	0	61	21	14	0	0	50	4	2	4	0	9	29	1	33	0	0	132	153	8	2	83	110	0	17	4	0	2	3	0	0	7	7	9	5	13	14	22	7	26	10	5	3	0	13	7	3	6	4	1	0	0	15	0	1	10	6	5	154	50	0	1	57	4	25	47	3	2	5	2	41	6	1	0	7	37	52	9	176	23	0	49	0	0	8	7	4	6	0	5	0	0	0	36	0	0	0	4	4	9	49	21	10	24	2	54	688	13	4	4	22	161	1	6	4	0	0	0	3	1	13	0	1	0	27	92	16	72	0	0	20	17	1	26	905	68	7	8	0	0	3	97	6	54	4	11	20	11	12	14	126	0	104	7	290	0	0	12	18	10	23	170	28	0	0	0	0	100	0	81	0	12	0	570	13	8	11	85	23	4	2	0	5	0	3	2	1	0	0	0	1	25	7	0	0	2	0	6	0	0	164	14	5	0	5	7	29	0	8	147	22	17	5	3	0	29	5	27	75	5	87	83	14	228	34	439	409	290	76	0	12	13	5	6	10	8	4	14	170	99	226	30	0	4	0	0	5	20	11	8	35	76	35	11	112	380	82	34	60	1	6	0	0	6	4	0	93	47	26	85	275	155	0	712	63	0	1841	44	56	44	356	11	0	0	0	68	1102	29	8	0	0	0	31	23	4	8	0	0	37	0	16	49	7	21	17	0	0	0	0	0	0	0	2	55	98	96	3	3	8	0	19	0	8	11	8	5	12	71	9	3	0	57	7	92	2	13	11	7	2	0	65	7	4	0	2	0	4	0	31	0	9	12	7	0	0	1
np0483	0	0	0	1	0	0	1	2	0	13	29	0	0	0	26	0	0	0	0	0	0	0	0	2	0	0	0	0	0	0	0	0	0	0	0	0	2	0	0	0	0	0	0	0	0	107	0	1	197	0	0	1	4	0	0	0	1479	0	0	0	0	0	0	0	0	0	0	32	0	0	0	0	12	0	290	0	0	0	0	12	0	0	46	0	0	2	0	3	0	0	2192	0	199	0	7	0	121	0	109	0	0	13	179	0	156	0	0	0	0	0	4	0	0	0	3	33	0	0	0	0	0	0	0	0	0	0	0	1	0	0	0	2	0	0	0	0	0	0	0	0	0	0	0	0	0	0	0	0	0	0	0	1	0	0	0	1	0	0	0	0	0	0	0	0	0	0	0	0	3	0	0	88	0	0	18	0	0	0	0	0	0	0	0	0	0	0	0	0	0	0	0	4	147	62	0	7	0	0	0	0	0	5	0	0	0	17	0	18	0	2	0	0	0	0	11	0	0	0	0	0	13	0	0	0	0	0	13	0	0	93	0	0	10	0	0	0	40	6	7	0	93	104	0	2	37	43	6	9	0	0	0	0	5	0	0	0	0	2	0	0	0	0	0	0	0	0	18	0	0	0	0	0	0	0	0	0	0	0	0	0	0	0	0	0	0	0	0	0	0	0	0	0	0	0	0	0	0	0	0	0	23	0	0	0	0	134	4	2	0	0	0	0	0	0	0	0	0	0	0	0	8	0	3	0	0	0	0	0	0	0	0	0	0	0	0	0	0	0	0	0	0	0	0	0	0	0	2	0	0	0	0	0	0	0	0	0	0	0	0	0	1	0	0	0	0	1	0	0	0	0	0	0	0	0	0	0	0	0	0	0	0	0	0	17	0	0	0	28	0	0	21	0	0	0	0	0	0	0	0	0	0	0	33	0	6	0	0	0	0	0	0	0	0	0	0	0	0	0	0	2	0	0	0	0	0	0	0	0	0	0	0	0	0	0	8	99	0	0	0	183	39	0	242	0	2134	0	1	12	0	0	0	0	2	1571	0	0	0	0	0	0	8129	0	0	2294	0	0	0	315	485	0	0	0	0	0	1	4	0	0	0	0	0	1	0	0	0	0	4	1	0	0	0	0	0	0	0	0	0	0	0	0	0	0	0	0	0	0	7	0	24	0	0	4944	0	0	0	0	0	0	0	0	0	0	32	7	0	15	0	0	0	0	0	0	0	116	0	0	0	1	9	0	16	0	231	0	0	0	0	0	0	0	0	0	0	36	27	0	0	0	0	0	0	0	211	0	13	2	225	0	1	0	0	0	0	0	1	492	0	20	0	0	0	0	0	0	0	0	0	0	0	0	0
np0486	0	0	0	3	0	0	0	0	3667	0	54	12	0	0	16	0	4	0	0	0	9	0	1	1	0	0	0	1	0	0	2	84	0	0	0	0	792	160	0	0	0	0	146	50	20	426	4	13	11	83	0	2	36	0	0	0	130	0	0	2	70	0	0	0	0	0	0	108	0	0	0	0	7	0	0	6	0	10	0	5	0	0	28	0	1	0	0	0	5	0	0	0	27	0	0	0	0	1	0	0	0	0	324	26	25	6	67	129	0	14	49	0	0	0	18	0	0	3	0	0	30	10	2	0	2	0	10	0	0	0	0	0	0	0	2	0	0	0	0	6	0	0	2	40	18	0	0	46	0	0	0	3	0	0	0	1	0	0	0	0	0	0	0	0	0	3	18	0	1	0	207	0	53	0	10	0	0	245	0	184	0	0	0	98	133	0	0	0	152	79	0	0	0	0	1	2	0	0	0	0	0	8	3	0	0	50	7	60	0	0	0	1	49	0	6	0	0	736	0	0	390	184	0	0	0	131	3	0	18	0	0	3	161	0	27	2	2	0	0	0	11	182	0	6	3	1	2	3	3	940	0	0	0	0	0	0	0	8	0	204	0	2	0	109	0	0	5	31	0	0	0	0	0	0	0	5	0	0	0	0	0	0	0	0	0	0	0	81	0	0	0	0	0	0	0	0	0	0	27	5	31	0	0	0	0	9	0	0	0	0	7	3	0	8	0	0	0	0	0	0	13	0	6	0	0	0	0	0	6	0	0	62	0	0	0	47	0	0	0	0	0	19772	6	0	15	44	0	0	0	0	0	0	0	0	30	0	0	1	0	0	6	42	0	6	0	2	0	0	0	0	0	0	0	0	0	0	0	0	0	0	0	0	0	14	0	0	0	0	0	0	5	0	0	7	0	25	10	82	3	0	0	0	38	0	13	0	0	0	0	0	0	12	78	0	0	0	247	0	0	1	2	0	13	0	1	0	0	0	0	1	0	0	0	0	0	0	3	2	0	0	0	32	0	0	38	8	21	0	0	0	3	2	3	8	0	12	0	0	6	0	45	9	0	1	0	0	0	0	3	0	0	0	4	10	0	19	0	3	0	0	0	3	2	0	0	4	2	2	0	0	0	0	0	0	0	0	0	0	0	0	0	0	0	0	32	57	30	0	187	94	0	244	3	0	4	125	0	0	10	0	14	38	0	626	0	1	5	0	0	0	0	0	0	83	3	0	48	5	2	0	0	0	5	9	13	8	92	0	0	185	0	15	0	2	2	6	0	0	0	12	0	0	7	4	0	0	9	0	2	3	0	220	0	0	0	0	0	15	0	0	0	0	0	2	0	0	0	0	5	0	0
np0491	0	0	0	21	240	0	0	0	14093	6	1416	307	4	41	117	8	45	1517	97	186	29	12	35	42	0	10	73	232	188	15	48	122	20	0	155	98	9324	100	0	0	0	136	1258	305	65	3821	14	185	468	242	13	30	466	0	0	14	570	0	590	6	315	0	1	0	0	0	4	3711	0	0	2	0	37	0	63	117	0	61	1	577	19	54	1044	0	15	0	0	20	178	13	1	0	1020	0	0	8	3	23	0	32	2	21	84	23	122	43	90	130	0	25	176	0	0	25	87	1	0	11	6	6	432	75	14	0	71	23	73	464	365	0	0	0	0	0	44	0	0	0	0	23	0	0	7	0	193	0	0	384	10	5	0	122	4	0	0	610	0	0	94	2	0	0	0	0	10	9	136	17	7	1	1066	0	653	218	9	286	2	4951	0	313	4	0	0	74	1354	0	0	0	78	32	1	85	9	0	422	4	2	0	2	0	200	108	174	0	0	115	26	107	2436	0	4	4	3866	0	367	0	314	4599	0	14	3289	2875	0	0	0	353	111	19	31	2	136	146	100	0	33	10	2	0	2	0	186	1151	0	53	9	4	357	23	15	116	8	0	126	541	77	33	13	26	17	498	162	743	20	14	0	0	632	42	0	0	6	3	0	0	8	828	0	0	0	6	3	5	0	0	0	0	0	1070	0	0	0	0	0	0	9	0	0	8	379	211	576	0	0	0	86	50	27	16	0	0	358	211	0	710	0	0	0	0	8	59	459	44	251	2	2	0	0	0	26	0	0	210	3	4	0	167	8	0	0	2	0	888	46	0	2970	987	0	0	0	0	0	8	0	8	391	0	0	19	0	0	1263	8670	0	2254	32	211	0	0	0	0	4	0	0	0	0	0	0	0	25	0	6	4	0	45	0	11	1	10	0	0	39	145	0	77	0	118	23	25	0	13	4	2	249	0	124	4	30	0	30	8	4	42	737	120	3	10	2809	7	0	3	0	2	335	0	0	0	2	0	0	125	0	18	0	0	14	0	6	18	0	20	2	701	100	0	280	177	714	50	134	0	23	3	8	91	0	820	224	0	20	2	1400	704	42	69	10	15	2	27	20	1	43	0	200	94	2	170	18	20	6	0	0	125	286	0	0	392	99	145	0	0	0	0	0	9	0	3	269	0	159	0	0	36	0	6	236	498	1617	0	2276	1042	0	3633	36	0	135	4153	13	0	424	20	603	2403	150	422	0	2	0	23	2	0	23	0	0	287	0	0	741	136	417	4	14	0	41	0	4	75	0	13	0	10368	0	98	0	9	1	98	5	5	9	81	6	18	236	142	15	0	382	0	163	68	312	2620	9	55	0	7	0	196	0	50	0	129	26	145	7	23	0	0	18	0	0
np0492	0	0	0	0	7	0	0	0	0	0	93	0	6	8	588	0	60	0	35	51	0	24	14	1	0	0	11	0	0	0	0	115	102	0	0	0	634	0	19	0	0	339	949	40	0	428	10	41	34	23	0	22	169	0	0	0	17	0	165	0	0	0	0	0	0	0	0	127	0	0	0	11	371	2	0	0	205	0	0	3	17	14	38	0	197	0	0	98	0	0	0	0	732	77	7	15	67	9	0	0	53	18	885	46	605	107	149	133	0	22	71	0	0	22	35	0	0	1	44	0	0	122	8	0	73	17	49	154	155	0	0	0	0	0	0	0	0	0	0	0	0	0	0	0	4	0	0	0	0	0	0	0	0	0	0	128	0	0	42	3	0	0	0	0	35	0	7	2	38	555	470	3	32	0	510	0	366	2851	0	0	0	0	81	542	1517	0	0	0	69	39	0	45	15	0	0	319	0	0	0	0	5	23	0	0	73	143	86	113	0	13	0	25	23	0	20	12	0	189	0	0	457	35	0	0	0	13	8	34	0	10	0	0	69	0	0	12	0	0	0	0	15	515	14	13	19	56	124	31	11	301	11	41	5484	445	18	11	12	10	3	27	531	2036	17	5	0	0	60	0	0	0	0	0	0	0	0	0	0	9	6	0	0	0	0	358	361	0	0	0	0	0	0	0	0	0	0	0	0	0	0	82	442	0	0	2	0	4	0	0	0	0	102	0	0	592	0	0	0	72	0	19	381	11	347	0	0	0	0	0	0	0	0	0	0	0	0	0	0	0	0	0	0	1	0	0	0	2	0	0	0	0	0	0	0	0	0	0	0	0	0	0	0	0	0	0	0	0	0	0	0	0	0	0	0	0	0	0	1157	0	0	0	0	0	2028	38	0	0	0	0	0	0	0	26	0	0	0	0	226	89	5	13	0	0	679	0	234	8	97	16	0	0	0	0	2565	323	0	0	0	0	0	7	9	75	53	0	0	2786	0	1	0	0	0	22	0	0	0	8	0	107	0	14	2	44	0	136	98	316	238	13	39	0	269	14	16	120	0	0	208	0	0	0	792	1374	176	0	8	38	0	42	606	0	0	17	0	202	110	154	166	0	26	17	1	24	20	11	0	452	92	186	0	399	5	12	209	143	78	0	0	0	13	0	35	327	0	28	3062	193	5153	367	2270	321	0	12167	80	3754	176	1040	300	59	0	0	655	183	205	76	0	0	0	53	0	64	1977	0	0	2192	1	0	327	25	13	0	3	0	0	0	0	30	0	0	0	0	0	2	0	11	16	2	0	0	19	0	45	0	59	70	0	0	300	42	102	0	0	0	0	0	0	3	0	66	0	0	120	0	95	174	125	73	0	0	29	0	0
np0498	0	0	0	0	0	2	28	4	0	0	0	0	0	0	76	0	10	0	0	0	0	0	9	0	0	0	0	0	0	0	0	4	0	0	0	0	0	3875	0	0	0	0	0	0	0	5	48	268	0	0	0	2	3	0	0	0	0	0	0	0	0	0	0	0	0	0	4	55	0	0	0	0	40	0	0	0	8	10	0	0	8	0	17	0	0	0	0	3	0	0	0	0	18	0	24	0	0	0	0	0	0	0	102	25	108	21	489	0	0	54	229	0	0	0	22	0	0	0	0	0	0	0	0	0	0	0	1	0	0	0	0	5	0	21	0	0	0	0	0	0	0	0	0	0	0	4	0	0	0	0	0	0	0	2	0	2	0	0	0	0	0	0	0	0	0	4	1	0	6	0	419	0	95	0	36	0	0	2298	0	0	0	0	0	0	358	0	0	0	58	0	0	0	36	0	0	8	0	0	0	0	0	6	0	0	0	50	8	0	0	2	1	3	0	0	25	0	0	1102	0	0	45	81	0	0	0	4	22	0	0	2	0	0	2939	0	0	2	88	27	16	0	10	6	0	15	3	7	10	15	0	60	6	0	49	120	0	0	3391	3780	0	8	0	24	22	0	0	0	13	0	0	0	0	0	0	0	0	0	0	0	0	0	0	0	0	0	0	0	0	0	0	0	0	0	0	0	0	0	0	2	0	0	11	0	0	0	0	335	1	0	0	0	0	0	0	0	0	0	0	0	0	0	17	0	11	0	0	0	0	0	0	0	0	0	0	0	0	0	0	0	0	0	0	0	0	0	0	2	0	0	0	0	0	0	0	0	0	0	0	0	0	0	3	0	0	0	0	0	0	0	0	0	0	0	0	0	0	0	0	0	0	0	0	0	0	2	0	5	0	0	0	0	15	0	0	0	0	0	2136	6	0	6	38	7	125	0	33	0	27	0	0	0	0	0	61	11	0	0	0	0	0	0	0	0	3	0	0	0	0	0	0	0	0	0	0	0	0	2	0	0	0	19	0	2	0	0	1902	0	10	15	0	0	0	0	4	1346	0	0	0	0	0	0	1528	0	0	1364	0	0	0	0	0	0	0	0	0	13	8	14	0	0	0	0	997	0	1	0	0	1150	614	3	0	0	0	0	0	0	0	0	0	0	0	0	0	8	0	0	0	0	0	0	63	0	0	12589	0	0	0	5397	0	0	0	0	0	4803	0	5	0	0	0	8	0	0	0	0	0	13	0	0	6	83	8	0	0	22	0	0	3	3	1	0	0	0	0	0	0	3	5	115	1	0	242	122	4	5	1	0	0	2	0	0	44	0	0	0	0	0	0	12	0	60	0	0	0	0	0	1	0	0	0	0	1	0	0
np0501	1	7	0	0	0	0	0	0	0	0	50	0	0	3	15	0	0	0	9	0	0	0	3	6	0	6	7	0	23	8	0	3	0	32	0	0	475	10	12	0	0	69	69	15	38	46	0	7	6	15	8	2	11	3	0	0	205	0	6	0	260	0	0	0	0	0	2	18	0	0	0	117	15	0	12	0	19	21	0	9	0	0	18	0	0	0	0	0	1	0	3	10	11	0	0	4	1	3	0	0	0	2	82	8	135	28	29	12	8	0	76	0	8	0	4	1	0	33	0	0	0	5	8	3	2	14	10	7	24	0	0	0	0	0	60	0	0	0	0	0	62	0	3	0	0	0	0	0	8	83	0	11	65	0	0	0	0	1	0	1	0	0	0	0	0	0	7	2	0	0	102	0	19	0	0	0	0	183	0	8	0	0	0	6	111	0	0	0	0	0	0	5	0	0	0	3	0	0	0	0	0	13	6	0	0	13	0	38	0	0	0	4	0	0	3	0	0	320	0	0	146	63	0	0	0	27	0	0	5	0	0	0	21	0	4	0	1	2	0	0	0	92	0	8	0	0	0	19	0	32	0	0	7	48	6	12	90	98	3	160	20	0	3	3	0	0	4	4	0	0	0	0	0	0	0	0	0	0	0	0	0	0	0	0	0	4	1	0	0	2	21	0	0	7	0	0	15	18	5	1	0	3	2	0	0	5	0	0	0	69	57	0	0	132	0	0	219	3	0	0	7	0	4	0	0	81	63	0	93	0	100	0	0	0	0	0	0	112	0	0	0	0	0	0	15	11	0	0	0	0	0	0	0	0	0	1	0	1	0	0	4	0	0	0	0	0	0	0	0	0	0	0	0	0	1	13	155	0	136	0	0	0	0	2	0	12	0	38	8	0	13	0	0	0	0	219	272	10	3	3	0	13	152	10	108	5	29	7	0	0	0	5	46	53	0	0	0	0	0	0	0	0	0	0	0	0	0	0	0	4	0	6	2	19	0	0	0	1	0	3	0	12	0	38	22	9	9	3	0	2	14	8	0	16	0	0	0	22	0	273	231	221	0	16	0	0	0	0	9	0	0	7	5	47	0	0	23	0	1	0	0	5	0	0	0	27	32	7	0	0	0	0	0	0	0	0	0	55	5	0	0	3	0	0	131	73	67	6	427	25	0	1622	16	865	7	111	114	87	0	0	147	179	0	56	0	0	0	4	14	0	6	9	0	68	0	0	32	23	8	0	0	0	0	0	0	0	0	0	0	0	255	0	0	1	1	14	0	3	1	0	0	0	19	7	2	0	27	0	17	2	2	3	0	7	10	0	0	0	0	0	0	0	0	93	0	34	0	0	2	11	9
np0502	0	2	0	8	3	0	2	1	0	24	33	6	7	5	507	379	5	0	2	3	0	1	4	4	7	0	13	1	47	4	10	53	56	18	6	0	197	0	6	0	4	60	211	50	19	382	7	11	49	41	13	9	35	11	0	3	558	33	15	5	6	7	4	38	32	70	0	1084	39	0	0	10	124	13	29	0	6	0	71	8	7	0	33	7	8	8	1	185	14	11	39	0	227	0	0	6	5	5	1	8	3	5	211	14	121	38	32	46	0	34	259	7	8	0	4	0	20	203	62	133	0	23	2	9	7	16	17	22	45	0	0	0	9	18	54	65	38	0	34	5	128	5	12	4	76	73	7	3	8	21	0	102	282	51	47	10	4	9	8	9	0	0	11	8	17	9	10	1	3	7	79	12	30	11	20	19	7	377	21	0	56	29	0	12	329	0	13	0	3	0	0	9	16	0	12	2	11	7	12	3	5	42	67	0	0	44	7	10	13	3	4	115	24	6	60	0	0	263	12	5	334	98	0	0	3	50	13	0	2	0	37	4	192	0	9	5	4	0	0	0	2	57	0	6	0	0	3	15	7	158	5	7	81	35	9	1	111	208	4	29	10	0	0	0	2	0	6	24	27	33	57	45	25	17	108	21	16	10	0	57	68	16	62	13	11	0	0	29	0	2	14	21	28	459	170	6	1	179	21	20	44	1	1	4	0	5	6	0	0	41	42	77	28	404	48	10	167	0	0	39	16	6	5	4	10	4	5	0	59	10	0	0	19	7	0	68	36	9	39	10	81	740	95	48	33	59	258	0	57	12	4	0	0	6	2	42	0	32	38	61	292	74	103	1	0	94	35	25	54	911	261	28	30	11	20	46	0	44	203	11	23	63	36	30	11	116	1	31	0	209	0	3	101	29	12	112	550	87	11	12	5	0	69	0	121	3	13	0	422	37	14	23	176	58	10	5	0	6	10	0	5	0	0	0	9	0	52	9	3	12	2	13	0	0	0	15	9	11	0	21	4	28	0	11	358	66	36	7	9	5	24	7	46	130	4	95	183	30	30	59	805	721	607	111	4	23	8	2	6	29	11	9	29	246	152	343	21	0	0	5	1	8	24	17	9	68	81	49	33	198	1	75	90	139	2	8	0	4	13	6	0	250	93	40	198	319	338	0	1120	118	0	3410	42	81	73	696	16	0	0	0	135	2955	77	50	0	3	0	7	6	10	4	5	6	43	0	14	56	11	15	26	2	0	0	0	0	0	0	8	131	226	283	14	4	6	3	38	1	12	31	16	8	13	167	27	9	2	91	8	31	5	84	33	43	1	0	48	5	6	3	0	0	1	0	41	3	30	31	18	1	67	34
np0503	0	0	0	14	30	0	1	0	150	216	125	0	7	2	677	1	1	0	12	147	17	0	2	5	11	4	5	73	13	14	0	111	0	30	0	0	378	22	0	0	0	317	292	13	0	909	0	9	60	1	5	8	10	0	0	0	378	0	19	0	29	0	0	0	0	0	0	1116	0	0	0	2438	342	7	0	0	0	11	0	0	3	2	24	0	2	0	0	456	25	0	0	0	355	170	14	185	1	334	0	0	0	5	76	0	93	24	46	16	0	1	111	0	9	0	12	9	0	350	0	0	0	0	0	8	7	8	21	41	25	0	0	0	0	0	0	0	4	0	0	0	0	0	3	0	0	0	19	19	15	12	0	2	0	0	0	0	0	0	14	0	0	0	0	0	18	25	21	4	1	0	157	36	14	0	10	12	0	154	0	0	0	0	0	36	264	0	0	0	1	0	1	7	9	0	10	0	0	8	0	0	0	9	8	0	0	29	6	6	1	0	0	727	342	0	37	0	0	307	0	0	720	182	0	0	0	27	14	12	12	2	0	0	23	0	0	11	2	0	0	0	0	269	0	4	2	0	2	61	5	22	0	0	33	35	2	25	29	122	18	117	13	0	5	1	0	0	3	0	0	0	0	0	0	0	0	0	0	0	0	0	0	0	2	0	0	0	0	0	0	0	0	0	0	0	0	0	0	0	0	10	118	6	0	4	39	14	13	0	0	0	83	276	0	0	0	136	0	0	0	0	5	0	4	19	0	0	0	0	0	0	0	0	0	0	0	189	81	0	85	0	0	7	2	0	0	21	3	0	0	0	0	2	0	1	7	0	0	855	0	0	127	6	0	156	3	293	0	0	0	9	0	0	0	0	0	0	183	0	0	0	0	0	0	21	0	449	3	7	0	0	159	0	0	0	0	1358	978	27	0	19	0	0	141	0	125	27	6	51	1	7	70	53	1446	121	0	17	0	11	0	0	2	0	0	0	0	0	0	0	0	9	0	16	0	0	0	0	12	0	0	34	26	47	54	0	621	75	180	40	49	0	25	52	27	177	0	0	229	0	0	0	1179	381	171	47	0	2	0	0	3	0	0	0	0	552	386	676	0	261	7	19	1	15	196	0	0	481	286	204	0	0	0	14	0	0	0	0	34	0	102	0	0	210	0	0	0	210	373	0	3733	3	0	3808	55	0	364	970	69	0	82	1	130	386	70	65	0	2	0	14	0	0	0	26	23	64	0	11	42	33	15	0	0	0	0	0	0	0	0	0	0	8	1292	8	0	7	20	315	0	0	0	5	16	14	59	27	0	20	201	0	13	174	580	6	20	0	0	47	5	28	0	0	0	0	8	118	0	37	0	0	5	0	0
np0507	0	0	13	0	0	59	2569	125	1	0	105	119	1	24	6513	0	53	0	24	35	18	20	6	29	0	12	188	0	0	22	9	53	0	42	0	0	2450	51	243	0	7	84	1496	309	129	119	10	69	20	195	487	94	689	0	0	2136	24513	0	6	6	0	0	0	0	0	0	1	132	0	0	0	235	119	0	0	0	0	0	0	7	9	0	22	0	0	4	0	31	0	0	0	30	214	15	0	80	0	2	0	0	0	9	60	80	3690	603	85	118	0	6	100	0	13	0	29	1	0	5279	131	2	0	1	16	22	21	46	167	247	982	57	58	12	0	0	1401	8	409	0	38	0	1	0	15	0	0	0	0	0	0	54	0	3	2	0	2	0	4	48	317	47	0	0	0	0	33	68	71	9	35	0	681	0	525	0	12	0	0	1153	0	0	0	0	238	143	2498	0	0	35	443	0	21	0	49	0	0	0	0	0	0	0	0	138	0	0	0	65	22	1272	10	0	0	213	0	0	84	0	287	4852	105	0	112	87	0	0	0	973	0	0	67	0	281	0	27	35	12	11	0	0	0	0	8	1132	364	50	28	43	50	42	34	756	0	0	3093	0	0	0	463	35189	0	22	32	0	37	12	0	0	155	0	0	0	0	0	0	0	0	0	0	0	0	0	0	0	0	0	0	33	36	0	44	39	0	0	0	0	0	1102	76	0	0	304	2	193	2	5	7	70	69	1	0	0	1	14	0	18	0	0	0	65	0	48	0	27	128	0	0	101	255	0	326	0	18	0	0	0	0	165	0	570	0	0	0	0	0	0	0	1018	0	64	0	0	274	0	177	0	0	228	0	189	0	1	407	0	0	0	0	0	0	0	0	0	0	0	0	0	0	0	0	0	878	0	0	0	0	155	2081	15	0	6546	0	0	33	0	0	0	0	0	0	17	0	37	0	2	490	100	1248	87	139	62	0	0	0	57	163	0	0	0	0	0	0	4	37	0	0	0	0	0	0	4	0	4	0	7	345	3	484	37	26	5	1	18	2	25	0	234	58	6	3	6	9	10	27	0	0	215	17	0	0	0	0	836	296	2433	0	0	0	3	0	33	81	0	0	0	4	4	0	0	0	0	51	0	0	3	11	0	0	26	6	42	0	0	169	0	0	0	15	0	0	78	5	0	0	26	0	0	18486	0	2198	157	12894	323	0	20308	1331	3081	127	531	688	0	0	0	669	122	18	191	0	0	13	0	30	0	0	0	0	257	27	0	305	200	30	0	15	0	0	25	116	0	0	0	0	29	10539	62	0	7	12	0	5	13	7	3	8	0	18	18	30	0	94	0	75	7	1	2	0	0	0	0	0	0	7	0	0	0	7	24	0	0	0	0	11	0	0
np0512	8	7	7	23	7	26	37	8	0	84	29	0	39	9	5970	2413	2	4	0	7	5	15	0	5	7	0	30	5	131	21	58	35	38	13	24	7	726	9	17	13	18	326	529	53	38	512	10	28	83	53	104	34	175	38	0	3	1505	39	43	10	11	4	41	20	72	0	7	1576	81	2	2	10	237	2	27	8	0	0	33	41	20	0	106	13	85	12	16	465	18	44	44	2	502	0	3	9	32	5	54	12	82	12	253	24	361	160	49	52	0	53	242	9	9	0	28	5	72	713	175	344	2	41	9	4	16	54	72	18	71	11	53	6	168	503	40	54	99	20	103	99	163	6	8	8	1465	1367	7	65	12	23	7	828	50	88	71	10	13	1	31	12	2	53	95	15	16	39	18	0	20	4	109	9	66	15	55	12	19	505	10	14	294	33	0	7	325	9	12	9	0	5	1	35	23	0	72	0	3	6	5	130	6	111	95	0	0	33	4	14	11	16	14	76	25	13	279	0	19	1051	34	7	526	192	0	6	14	65	24	16	1	28	37	7	66	5	10	45	72	9	8	0	7	81	0	7	15	8	12	168	13	417	0	22	411	243	38	44	142	184	10	52	107	0	22	14	0	0	29	50	66	54	59	28	106	72	331	39	18	30	0	159	132	12	46	21	33	4	0	51	4	0	72	50	49	988	448	8	2	402	42	21	66	4	11	14	4	31	16	3	0	33	73	132	15	250	20	20	67	6	0	38	15	10	9	2	9	0	6	0	125	43	5	0	21	2	8	100	45	15	47	12	356	4782	181	39	108	159	875	6	106	67	8	0	0	1	5	163	6	41	44	285	663	245	459	1	0	154	138	77	226	5700	863	64	70	44	33	91	0	128	844	46	355	165	162	22	176	346	4	386	47	266	0	0	244	54	52	226	1111	66	18	20	0	0	348	0	405	12	31	16	31000	23	14	0	56	12	10	9	0	2	3	8	8	14	0	1	163	28	204	18	22	105	15	49	24	3	115	106	31	21	24	54	4	37	0	13	514	72	72	14	22	34	25	8	33	177	8	168	362	57	24	147	774	1634	1129	224	0	22	38	135	26	17	27	9	65	230	137	478	39	6	7	2	0	11	109	34	28	327	219	90	45	88	2	147	50	185	1	34	0	8	11	25	3	568	183	134	313	515	466	0	1986	128	0	5353	92	200	87	859	44	0	0	25	55	1948	405	78	0	19	0	53	5	8	5	4	7	225	0	28	150	17	19	377	1	0	0	0	0	0	3	14	372	759	582	33	4	18	14	63	1	5	32	35	10	27	198	32	10	0	62	5	46	33	133	131	48	12	5	100	0	42	0	7	16	0	6	82	0	108	57	36	7	107	26
np0521	0	0	0	7	0	0	0	0	195	30	14	0	1	13	260	2	0	0	0	0	0	0	0	3	2	1	8	6	13	7	3	11	5	0	0	0	203	0	0	0	0	25	83	7	11	48	0	2	6	9	6	10	31	4	0	1	1733	18	10	3	150	52	10	107	0	131	1	5743	0	0	0	0	13	0	2	29	67	13	0	2	5	3	23	1	1	163	0	41	4	1	5	0	28	1	0	2	0	0	0	4	7	1	146	12	114	16	138	109	27	0	144	0	0	0	2	0	3	51	16	129	0	84	3	0	4	8	18	0	6	0	0	0	17	46	12	47	94	6	2265	32	27	0	3	0	452	493	2	0	8	62	0	90	2	6	7	9	32	0	0	0	0	0	2	0	13	6	2	1	5	124	1299	0	68	26	0	0	4	504	0	40	141	350	0	9	370	6	19	0	804	0	3	2	81	42	0	0	0	3	0	0	3	9	11	0	0	28	8	10	0	0	0	1	34	0	53	6	0	415	19	8	469	164	0	20	30	192	7	2	5	0	16	0	83	3	26	3	62	27	22	0	0	50	0	6	0	1	0	0	3	40	0	0	20	14	0	0	56	106	2	0	4	14	9	8	136	90	0	33	16	25	6	3	7	9	15	5	15	5	0	10	12	9	29	7	5	0	0	10	0	1	0	2	4	84	33	0	0	568	32	29	102	0	0	0	0	4	1	0	0	3	21	39	3	41	3	0	5	5	3	13	14	3	3	0	13	9	8	0	93	12	6	22	13	6	2	53	10	7	40	8	22	5619	81	7	73	46	141	3	59	19	0	5	0	2	3	34	0	11	0	108	105	64	982	4	0	67	44	29	418	7602	1631	112	100	99	0	1	0	9	71	2	16	22	20	32	27	21	0	32	6	0	0	0	478	22	59	90	564	31	2	3	0	0	112	0	414	20	34	12	640	12	3	10	31	15	0	0	30	5	0	4	11	0	0	0	20	11	1	3	1	5	0	6	0	0	0	0	8	1	0	3	0	4	0	0	99	13	3	1	0	2	6	3	6	4	0	12	26	8	28	2	72	75	68	23	0	0	0	2	0	5	0	6	4	29	17	34	5	0	0	0	0	0	4	3	3	10	25	13	7	22	0	22	12	7	1	0	0	0	0	1	0	24	0	4	14	35	42	0	320	19	0	589	14	28	20	72	0	0	0	0	9	232	14	807	30	1	1	76	0	0	3	0	1	211	0	53	90	6	1	11	1	0	1	13	94	2	0	8	104	301	184	45	0	0	1	8	1	0	10	4	6	1	35	7	0	0	11	6	25	17	32	275	41	0	1	5	0	3	0	0	0	3	13	8	1	5	15	10	0	7	0
np0522	44	2	87	449	305	0	1	33	0	72	198	48	0	66	3652	17	21	0	25	24	9	17	18	19	0	0	121	0	0	162	19	136	64	44	0	0	2217	2712	18	0	1	860	822	876	5	441	0	35	346	157	339	32	565	0	2	0	7000	0	24	15	0	0	0	0	0	0	0	2085	0	0	0	2147	513	3	23	0	3	9	0	38	7	3	113	0	1507	48	0	27	0	0	0	177	128	4	0	167	0	0	0	0	0	40	2155	394	1121	1774	1647	74	0	319	1172	29	83	0	20	23	0	2599	170	0	0	41	146	75	8	189	377	212	559	1	5	49	0	0	0	387	434	225	119	0	0	44	120	0	5455	0	0	0	8	260	1324	373	0	0	0	56	6	21	29	6	2	0	26	0	65	5	32	0	498	0	2436	5	407	0	127	7	90	3794	74	0	0	0	188	457	2763	0	0	4	3	0	8	23	32	0	0	7	9	0	0	0	0	6182	151	1267	0	83	35	263	0	0	7	851	1357	0	217	1277	0	3217	61	0	7110	3949	0	0	0	300	100	0	11	0	0	0	929	0	213	3	8	7	0	33	0	571	82	102	5	5	252	110	57	2185	48	551	877	78	10	7	245	643	12	63	26	0	122	108	0	0	159	0	0	0	0	0	0	0	0	0	0	0	324	0	0	0	0	0	0	54	54	0	56	52	390	0	0	183	0	0	275	0	0	251	65	96	5	31	0	23	32	2	22	0	0	260	0	0	0	0	3540	221	0	1	5	1	511	0	0	139	0	0	307	0	0	0	0	0	0	0	0	342	0	0	0	0	0	0	60	1532	0	878	0	0	111	4	61	5	0	102	0	491	0	20	512	0	0	0	0	1	0	0	0	0	0	0	0	0	0	0	0	0	15187	0	0	0	0	307	941	29	34	234	0	0	120	0	0	0	0	0	6441	261	159	78	6	8	2259	175	2396	162	231	62	0	0	0	69	204	34	0	0	0	0	17	5	77	11	0	70	0	0	2	110	0	14	0	12	595	48	32	182	388	13	0	22	0	41	11	176	209	10	611	8	4	0	68	96	11	119	74	0	0	220	3	543	289	5460	0	0	11	78	0	17	42	25	0	95	0	274	81	254	0	0	7	39	12	7	11	0	0	91	63	69	0	181	0	0	0	0	179	0	0	924	18	0	107	112	0	0	168	84	303	7	519	257	0	4709	25	1197	119	402	168	99	0	0	227	376	29	4010	43	14	30	393	10	5	0	0	0	1024	0	74	406	42	10	881	0	1	0	25	157	0	5	92	0	226	21429	1240	0	69	83	30	26	88	12	4	47	4	169	42	17	0	135	0	0	0	0	0	0	0	0	481	0	0	7	0	1	0	22	95	0	91	0	0	19	0	0
np0523	0	0	0	131	7	488	99	0	183	501	423	21	0	7	55	0	6	48	486	382	168	2	4	8	40	14	89	663	384	10	4	324	8	0	20	12	1741	53	0	0	0	8133	3549	99	0	3267	14	61	405	8	2	65	62	0	0	0	1968	0	117	27	63	0	0	0	0	0	0	1152	0	0	0	1395	502	43	12	0	0	84	0	6	3	0	45	0	0	0	0	208	149	0	0	0	348	159	23	1488	0	399	0	0	0	102	161	6	332	129	111	77	35	0	770	0	9	0	48	65	0	86	28	0	0	0	9	21	4	74	30	45	55	102	360	7	0	0	0	0	0	0	1	0	0	0	14	0	0	0	11	242	6	6	0	0	0	0	0	0	1	0	44	8	0	0	0	0	53	93	68	7	3	0	483	55	184	0	67	3	0	243	0	0	0	0	0	346	673	0	0	0	222	154	369	6	557	192	0	1	0	0	0	0	0	58	4	0	0	12	0	11	0	0	0	0	25	0	14	0	0	686	0	0	119	111	0	0	0	102	0	165	11	15	0	0	609	0	5	50	1294	489	261	6	30	2500	0	38	14	0	3	13	3	34	0	0	2	9	2	19	8	216	25	278	835	5	11	1	0	0	7	1	0	0	0	0	0	0	0	0	0	0	0	0	0	0	0	0	0	0	0	0	0	0	0	0	0	63	0	0	0	0	6	3	227	22	2	0	1203	92	23	202	0	0	0	135	0	31	0	23	0	0	20	0	193	0	24	11	0	0	0	0	0	0	0	0	0	0	0	239	117	0	110	0	0	0	0	0	0	4	0	0	0	0	0	2	0	0	0	0	0	0	0	0	0	0	0	26	0	0	0	0	0	0	0	0	0	0	0	0	50	0	0	0	0	0	0	117	0	0	0	0	0	0	0	0	0	0	0	388	219	175	0	9	2	4	260	0	66	0	0	7	0	47	276	95	1267	360	0	49	0	54	0	10	9	6	8	14	0	0	0	0	0	7	0	38	0	0	0	0	45	22	0	184	60	547	44	0	778	382	1166	209	299	6	160	161	126	642	6	0	359	0	0	0	2419	324	659	28	0	0	0	0	6	0	0	0	0	1376	805	1712	0	370	32	97	11	12	190	0	0	259	238	112	0	0	0	0	1	0	0	44	67	0	615	0	0	272	0	0	0	215	919	0	12854	15	0	6595	195	0	515	3497	147	0	175	0	415	1427	36	348	0	0	0	34	0	0	0	1232	82	2000	0	6	128	18	11	0	30	0	0	0	0	81	18	6	0	81	6919	40	0	140	40	288	2	0	0	0	20	336	527	25	5	18	1171	0	4	18	1	0	0	0	0	0	0	94	0	0	0	0	7	206	0	150	33	26	44	0	0
np0524	2	9	103	15	420	0	0	54	0	10	99	5	0	6	313	0	5	0	38	68	20	7	12	22	0	0	42	1	0	55	13	21	14	10	10	0	254	111	0	0	0	211	390	150	0	138	0	11	48	12	173	30	103	0	0	0	1653	0	35	19	0	0	0	0	0	0	0	92	0	0	0	4905	376	3	47	0	3	0	0	26	4	3	79	0	177	22	0	18	0	0	0	109	114	0	0	197	0	0	0	0	0	26	447	33	263	86	165	32	0	149	646	25	55	0	12	60	0	220	209	0	0	18	34	223	3	66	106	193	525	3	0	0	0	0	0	76	19	6	6	0	0	61	140	0	60	0	0	0	15	78	1798	316	0	0	0	9	8	18	24	8	49	0	13	0	36	0	11	0	19	0	560	4	97	0	40	0	16	1956	57	0	0	0	77	26	1667	0	0	0	0	0	1	43	18	0	0	11	14	0	0	0	0	490	188	94	0	322	49	330	3	0	0	37	302	0	292	211	0	432	6	0	2062	638	0	0	0	83	26	0	0	0	0	0	149	0	252	3	0	1	0	1	1	143	11	30	8	6	92	62	39	316	25	61	62	17	4	1	12	73	3	46	13	0	37	10	0	0	39	0	0	0	0	0	0	0	0	0	0	0	218	0	0	0	0	0	0	51	39	0	46	56	452	0	0	183	0	0	141	0	0	163	35	37	0	96	1	11	11	0	4	0	0	82	0	0	0	0	886	60	0	0	2	0	154	0	0	48	18	0	78	0	17	0	0	0	0	0	0	89	0	0	0	0	0	0	0	869	0	38	1	0	227	9	121	14	0	181	0	182	0	5	305	0	0	0	0	0	0	0	0	0	0	0	0	0	0	0	0	0	2579	0	0	0	0	178	5	31	111	9	0	0	329	0	0	0	0	0	3492	43	33	47	3	46	618	51	433	13	31	3	0	0	0	24	70	13	0	0	0	0	14	4	31	22	0	258	0	0	35	55	0	32	3	15	1127	171	97	288	260	15	0	22	0	78	0	227	208	0	679	16	0	0	59	115	19	61	62	0	0	186	2	485	614	1371	0	0	29	128	0	8	22	3	0	39	0	102	24	64	0	0	10	20	7	23	17	0	0	102	89	65	0	188	0	0	0	0	544	0	0	151	17	0	122	31	0	0	27	7	409	19	219	170	0	991	30	354	139	409	448	51	0	0	510	70	19	793	53	14	12	191	10	3	0	0	0	396	0	28	65	24	29	409	2	0	0	0	0	0	0	4	0	19	1225	601	0	98	98	21	24	39	11	1	35	0	79	22	8	0	118	0	0	0	0	0	4	0	0	326	0	0	48	0	11	0	5	113	0	96	0	0	4	0	0
np0525	0	0	0	0	35	0	0	0	6	0	104	11	0	6	69	0	3	7	8	25	5	4	0	9	0	0	0	0	5	0	0	22	0	0	0	0	33	4	0	0	0	9	59	11	0	106	0	9	13	6	0	6	46	0	0	0	1053	0	1	0	17	0	0	0	0	0	0	166	0	0	0	0	141	0	5	6	0	3	7	0	0	0	25	0	3	0	0	3	63	0	0	0	297	0	0	23	0	27	0	24	0	6	80	6	45	40	30	23	0	38	287	0	0	0	7	0	0	9	3	0	12	6	0	0	0	0	29	4	5	0	0	0	0	0	91	0	0	0	0	17	0	0	9	2	215	0	3	13	33	34	0	0	27	0	33	37	0	0	0	0	0	0	0	0	9	19	3	6	0	0	6	2	23	5	0	5	5	198	0	28	0	0	0	16	951	0	0	0	0	0	0	0	4	0	2	0	3	0	0	0	8	153	160	0	0	58	12	98	10	0	1	1	176	0	123	0	0	134	0	0	600	151	0	0	0	11	7	0	0	2	9	23	35	0	13	11	3	0	0	0	22	51	0	10	4	2	21	36	2	36	3	0	20	18	0	0	22	182	7	29	0	0	0	4	0	0	14	27	0	0	0	0	0	0	0	18	0	0	0	0	0	0	0	0	0	0	0	23	0	0	0	0	0	0	0	0	0	0	13	14	84	0	0	0	0	10	9	2	0	26	103	101	0	132	0	0	0	0	0	17	37	14	27	3	0	0	0	0	2	0	0	49	0	12	0	30	3	0	0	0	0	103	0	0	19	36	0	0	0	0	0	0	0	0	5	0	0	0	0	0	95	89	0	18	0	0	0	0	0	4	1	0	0	0	0	0	0	0	0	0	0	0	0	38	0	107	9	20	0	0	13	0	0	51	0	190	78	24	6	0	16	6	55	0	214	0	5	0	0	32	12	42	330	6	0	26	44	0	0	0	0	0	0	0	0	0	0	0	0	2	0	1	0	0	7	6	6	27	0	42	0	86	15	0	463	47	220	8	16	0	46	16	24	554	0	383	106	0	81	0	366	300	31	25	23	20	0	41	37	0	0	0	76	156	0	280	32	49	2	4	0	19	52	0	0	31	11	16	0	3	2	0	0	0	0	1	9	0	31	0	0	107	0	0	501	1161	235	0	1208	1276	0	1871	40	0	95	2371	59	0	113	26	427	566	0	41	0	0	6	0	34	0	0	0	0	18	0	0	24	13	22	0	0	0	0	0	0	0	0	0	0	178	0	1	0	32	10	37	9	10	11	79	1	21	193	56	5	0	148	0	23	1	21	69	1	8	0	12	0	14	0	0	9	0	0	9	0	0	0	0	0	0	0
np0527	0	0	0	0	3	6	0	0	0	6	6	0	4	0	10	0	17	4	0	1	0	2	1	15	0	5	0	0	0	0	1	7	0	0	0	0	0	0	0	0	0	5	3	35	0	2	0	0	7	0	0	0	5	0	0	0	6	0	3	2	32	0	0	0	0	0	0	39	0	0	0	6	19	0	0	74	0	0	0	1707	3	0	573	0	0	0	0	0	8	0	0	0	8	0	0	0	16	0	0	0	0	0	181	0	3	106	78	69	0	24	413	0	0	0	0	0	0	77	41	0	43	0	0	1	0	6	48	0	7	0	2	0	0	0	0	0	0	0	0	0	0	0	1	0	0	0	0	10	0	0	0	12	0	0	0	0	1	0	0	0	0	0	0	0	6	49	0	0	5	0	181	0	0	0	3	0	0	207	0	0	2	24	0	0	97	0	0	0	123	128	35	12	8	2	1	0	0	0	0	2	0	20	2	0	0	21	0	18	0	0	19	0	0	0	11	0	0	89	0	0	68	63	0	0	0	42	0	0	0	0	0	21	92	0	0	128	13	2	4	0	0	59	0	19	13	0	5	7	0	78	0	0	6	10	4	1	12	4	0	14	1	0	0	2	0	0	78	53	0	0	0	0	0	0	0	0	2	0	0	0	0	0	0	2	0	0	0	0	0	0	0	0	0	0	0	0	0	0	1	2	12	0	0	0	0	26	0	0	0	0	24	0	0	133	0	0	0	0	3	3	4	0	1	0	0	0	0	0	0	0	0	0	0	0	0	4	0	0	0	0	0	0	3	0	0	380	0	350	0	0	5	0	0	257	200	3	0	3	0	2	1	190	0	0	0	411	0	0	0	0	0	0	0	0	0	0	9	0	0	0	0	0	0	33	0	4	0	0	0	0	0	0	0	0	0	15	88	12	0	5	3	1	28	0	77	6	13	6	0	0	0	0	2	1	0	0	0	0	0	2	2	13	77	0	0	20	0	2	0	2	0	0	0	0	0	0	0	0	0	1	4	12	3	0	19	6	0	2	0	0	0	0	0	6	0	0	13	0	0	0	29	34	8	1	0	10	0	3	0	1	0	0	0	11	5	26	0	0	2	0	0	0	0	0	0	6	3	0	0	0	1	0	0	1	25	0	0	0	0	0	0	7	0	0	0	8	6	0	116	0	0	237	7	0	0	47	0	0	0	0	0	32	0	15651	0	1627	44	340	1	0	0	0	0	9	0	0	45	2	7	5	0	559	297	0	2976	2	12	0	0	0	0	86	0	0	0	8	0	0	15	3	3	6	13	6	0	0	11	0	8	0	0	117	0	0	0	0	0	1	0	0	0	0	0	0	0	0	0	0	0	0	0
np0529	0	0	64	0	83	7	21	9	4	0	388	261	10	18	6848	0	10	0	113	182	16	13	25	57	2	7	93	0	0	10	6	86	0	21	0	0	1542	20	208	0	7	607	2094	851	39	2127	4	108	559	86	438	187	413	0	0	1809	10154	0	17	39	0	0	0	0	0	0	1	1185	0	0	0	5823	1025	2	7	0	0	0	0	48	8	21	97	0	0	0	0	27	0	0	0	250	1760	183	0	1302	0	0	0	0	6	29	382	21	967	621	159	87	0	49	360	13	84	18	23	12	0	12718	1139	0	0	0	31	403	0	52	315	588	1402	0	0	15	0	0	69	81	43	4	199	0	0	33	101	0	0	0	0	0	0	64	0	0	1125	0	1208	0	16	159	92	9	24	22	13	0	102	166	51	9	2	0	886	5	129	0	117	0	0	1661	353	0	0	0	157	350	2259	0	0	31	3	0	0	48	74	0	0	19	0	0	0	0	7	1427	207	0	0	68	0	746	22	21	2	794	0	0	326	0	124	3140	59	0	1036	519	0	0	0	622	0	0	22	1	692	0	216	137	68	52	0	0	0	0	6	290	41	100	19	16	52	212	32	303	0	0	2043	71	4	0	113	5536	0	132	315	0	39	16	0	0	87	0	0	0	0	0	0	0	0	0	0	0	0	0	0	0	0	0	0	25	27	0	38	26	4	0	0	4	4	385	358	0	0	225	27	41	0	19	5	95	99	0	0	0	0	6	0	17	0	0	0	327	15	65	0	60	643	0	0	226	296	0	669	0	25	0	0	0	0	213	0	915	0	0	0	0	0	0	0	30	0	0	0	0	5	0	0	2	0	5	0	12	0	0	8	1	0	0	0	1	0	0	0	0	0	0	0	0	0	0	0	0	128	0	0	0	0	300	760	92	17	761	0	0	1732	0	0	0	0	0	0	64	0	172	10	37	1692	90	749	39	90	63	0	0	0	434	1047	7	0	0	1	0	0	14	69	5	0	5	0	0	0	9	3	0	4	17	195	3	14	277	84	32	0	61	43	630	17	2331	711	105	38	56	72	22	477	0	0	1913	89	0	0	0	1	2873	2609	10805	0	0	0	74	0	540	891	0	0	0	0	12	0	0	0	0	416	0	0	58	166	0	0	80	4	172	0	0	249	0	0	2	3	0	0	169	235	2	0	35	0	0	17941	0	7003	388	9519	760	0	30537	2292	6828	853	10380	16626	0	0	0	17287	1196	188	404	0	10	0	68	1133	0	0	0	0	715	0	0	606	91	73	3	11	0	4	0	0	2	6	0	0	13	2153	8	0	146	88	0	70	197	8	0	10	0	94	73	312	0	561	0	91	0	0	0	0	0	0	76	0	5	46	0	14	0	10	122	0	10	0	0	4	0	0
np0531	0	0	1	0	0	0	0	0	0	8	18	0	3	5	7	0	2	0	0	0	0	1	0	12	3	0	0	19	8	3	4	0	12	0	14	8	406	2	0	17	5	111	55	11	30	112	0	10	120	57	1	3	8	4	0	0	36	4	4	0	0	0	0	4	0	0	1	76	0	0	0	1	8	0	0	0	0	0	0	0	0	0	0	0	19	0	26	256	5	20	7	0	12	0	0	0	0	0	0	0	0	0	11	0	26	8	14	19	0	4	12	0	0	0	0	0	0	11	0	12	0	0	0	0	1	15	0	0	0	0	0	0	0	4	0	0	24	0	11	0	4	0	10	0	21	28	0	12	3	33	4	85	0	3	0	430	1	0	0	2	0	37	0	0	1	0	0	0	3	0	0	0	35	0	0	0	0	73	9	0	5	3	0	0	31	0	0	2	0	0	0	0	0	0	0	0	0	0	0	0	0	1042	1264	0	5	10	10	4	0	0	0	0	25	0	0	0	21	548	25	12	461	91	0	25	30	113	7	2	1	0	0	0	0	0	0	0	0	0	0	1	0	57	0	0	0	0	1	0	0	44	0	0	0	23	0	0	6	15	0	0	11	0	0	0	0	0	0	0	2	0	3	0	1	1	0	0	0	0	0	0	0	0	0	0	0	0	0	1	0	0	3	0	1	18	0	0	0	62	0	0	11	33	9	1	0	0	1	0	0	0	3	0	2	0	0	0	3	0	9	7	19	0	5	0	2	0	1	0	16	0	0	0	4	0	0	6	5	0	7	0	27	95	80	0	74	126	62	0	118	0	0	0	0	3	0	29	8	9	15	100	387	128	12	0	0	158	8	1	62	113	241	9	16	0	0	1	0	11	57	0	12	15	21	0	0	0	0	0	0	0	0	0	0	0	0	6	39	44	17	0	0	0	11	0	92	0	2	0	4	160	59	0	72	4	34	0	0	7	0	0	0	0	0	0	59	0	0	1	0	3	6	5	0	0	0	0	0	0	0	0	0	1	0	0	18	0	5	0	2	17	5	0	18	11	0	13	16	2	0	5	95	47	22	22	0	3	5	0	0	0	0	3	0	32	13	24	0	0	0	0	0	6	7	0	0	12	19	7	0	15	0	7	6	13	0	0	0	0	0	38	1	10	6	0	18	17	58	0	154	9	0	326	11	21	4	73	0	0	0	0	9	71	2	2	0	0	2	0	0	0	0	0	0	16	0	0	24	18	0	0	0	3	0	0	3	0	4	0	65	42	94	2	0	0	0	0	0	5	0	3	0	3	14	0	0	0	0	0	2	1	8	41	35	0	0	5	0	0	0	0	0	0	0	16	0	59	27	22	0	3	0
np0534	0	0	10	0	2	142	1653	53	0	0	195	128	0	52	561	0	43	0	77	78	29	1	9	12	0	15	144	52	0	23	9	29	0	166	0	0	1808	15	642	0	28	3378	1949	121	88	105	0	83	193	57	61	8	124	0	0	506	4028	0	12	0	0	0	0	0	0	0	0	496	0	0	0	153	86	0	0	0	0	0	0	0	0	0	10	0	0	2	0	4	0	0	0	26	301	37	0	117	0	0	0	0	5	0	1074	4	1416	40	93	49	0	14	87	0	30	0	14	2	0	431	48	0	0	0	13	67	1	33	42	66	273	9	144	133	0	0	0	0	140	7	157	0	0	3	6	0	0	0	0	0	0	21	3	3	0	0	0	0	170	52	160	10	0	0	3	0	21	50	33	0	38	0	76	0	259	0	54	0	0	423	0	10	0	0	35	844	385	0	0	358	4	0	0	0	12	0	0	1	0	0	0	0	0	188	7	0	0	48	0	160	0	0	0	0	0	0	33	0	30	318	11	0	41	22	0	0	0	86	0	0	7	0	78	0	319	38	7	2	0	0	0	0	0	1036	40	7	1	0	0	11	5	408	0	0	12	0	0	0	0	218	0	35	135	0	34	0	0	0	7	0	0	0	0	0	0	0	0	0	0	0	0	0	0	0	0	0	0	174	177	0	177	181	5	0	0	0	0	152	26	0	0	162	24	17	0	1	0	28	54	2	0	0	0	0	0	3	0	0	0	66	7	0	0	0	281	0	0	186	384	0	751	0	56	0	0	0	0	276	10	1074	0	0	0	0	0	0	0	4479	0	295	0	0	1293	57	643	36	0	1321	0	1091	0	44	1930	0	0	0	0	0	0	0	0	0	0	0	0	0	0	0	0	0	1975	0	0	0	0	69	0	4	0	0	0	0	22	0	0	0	0	51	0	21	0	4	0	0	607	93	120	2	32	7	0	0	0	281	613	20	0	0	0	0	0	0	25	0	0	0	0	0	0	3	0	0	62	0	70	0	12	31	0	0	0	34	6	75	0	132	43	27	0	58	36	0	51	0	3	713	12	0	0	0	0	1260	217	17159	0	0	0	1	0	37	76	0	0	0	0	2	0	0	0	0	32	0	0	8	15	0	0	17	5	62	0	0	0	0	0	0	0	0	0	36	35	0	0	0	0	0	3505	0	459	27	3870	184	0	8210	373	893	46	476	744	0	0	0	689	27	38	665	10	2	0	15	24	0	0	0	0	90	13	0	100	19	33	100	5	0	0	5	75	0	2344	0	0	44	1304	115	0	20	8	0	26	134	1	1	1	0	26	14	33	0	200	0	0	0	4	0	0	0	0	10	0	0	11	0	0	0	0	24	0	0	0	0	21	0	0
np0535	0	0	0	4	17	0	0	7	0	0	69	0	0	0	518	0	8	0	10	11	0	15	6	4	4	0	4	0	0	4	0	31	34	0	0	0	194	0	0	0	0	110	199	10	0	467	0	14	31	37	33	24	58	3	0	0	307	0	18	4	0	0	0	0	0	0	0	311	0	0	0	1057	768	11	0	0	6	0	293	25	6	5	76	0	293	0	0	64	31	0	0	0	299	22	82	90	98	25	0	0	1	12	437	13	220	101	75	44	0	172	858	27	25	11	26	0	0	1	786	0	0	10	0	0	9	11	31	31	83	0	0	0	0	0	5	0	0	0	0	1	0	0	31	0	29	0	1	0	0	21	0	0	0	0	0	9	2	0	32	14	15	0	0	1	40	22	8	3	12	72	90	16	51	0	252	0	78	910	0	0	0	0	115	46	1255	0	0	0	120	49	0	7	4	0	0	50	0	0	0	0	4	128	106	0	14	23	16	282	0	3	0	19	382	0	225	266	0	206	0	0	4200	209	0	0	0	58	109	0	0	1	0	0	35	0	0	12	0	0	0	0	0	123	8	14	1	13	47	73	3	97	0	13	132	11	0	0	56	75	18	50	0	0	11	4	0	0	43	0	0	0	0	0	0	0	0	0	0	2	80	0	0	0	0	82	103	0	0	0	0	0	0	0	0	0	0	0	0	0	0	40	128	0	0	13	0	9	3	0	0	0	63	0	0	312	0	0	0	11	0	4	73	7	56	0	0	0	0	0	0	0	0	0	0	0	0	0	0	0	0	0	0	1	0	0	0	1	0	0	0	0	0	0	0	0	0	0	0	0	0	0	0	0	0	0	0	0	0	0	0	0	0	0	0	0	0	0	3	0	0	0	0	0	191	52	0	59	4	0	0	0	244	0	0	0	0	0	8728	48	5	38	6	10	397	14	160	0	35	0	0	0	0	9	486	55	0	0	0	9	0	9	7	11	1	0	0	10	13	9	0	0	4	11	0	0	0	71	0	179	5	57	0	152	22	494	349	152	672	17	18	0	259	6	35	331	0	0	63	0	0	0	2920	52	71	0	13	91	0	14	18	0	0	83	0	266	141	228	106	0	21	20	0	18	42	0	0	319	84	53	0	208	0	8	48	44	207	0	0	0	21	0	71	272	25	95	756	230	783	129	1060	114	0	2355	32	732	250	1165	1749	43	0	0	1855	170	54	74	0	1	0	64	0	24	63	0	0	231	0	0	81	26	20	0	6	0	0	0	0	155	2	0	0	0	0	0	0	46	61	23	0	0	8	0	37	0	53	39	10	0	245	44	231	0	0	0	0	0	2	27	0	218	0	7	14	0	0	16	0	47	0	0	26	0	0
np0536	3	0	0	28	0	1	0	3	137	92	78	6	0	56	2799	51	11	11	4	0	3	0	4	32	14	7	11	5	61	9	21	55	41	10	13	6	1204	6	26	32	13	186	413	58	54	568	10	34	106	57	40	26	123	44	0	3	8377	97	44	20	101	67	22	368	167	379	0	13170	119	0	0	2	102	7	29	25	54	16	0	41	18	15	106	3	39	409	24	384	32	25	47	0	246	0	1	7	2	5	5	11	6	10	604	50	364	94	502	410	0	118	670	0	8	6	17	7	20	314	90	537	0	126	12	4	17	35	71	10	24	2	4	5	61	296	62	288	552	18	5445	178	206	4	30	6	1868	1969	8	16	28	284	5	433	26	149	103	18	138	6	0	0	3	5	80	2	40	25	56	11	18	116	777	17	347	79	37	3	13	2227	24	50	192	171	0	34	1461	44	48	0	1365	0	5	4	223	87	4	0	2	14	25	25	32	69	117	6	18	113	51	68	4	2	1	15	132	18	216	37	24	1535	65	26	2442	530	17	81	35	241	54	6	11	2	92	8	359	5	45	16	321	118	75	0	3	170	6	22	5	7	3	19	12	289	0	25	141	83	10	6	289	502	11	11	62	2	43	35	66	33	8	150	126	164	64	46	94	32	109	39	47	24	0	57	72	36	125	20	39	2	0	113	0	0	30	30	31	451	171	19	0	1376	114	44	207	11	9	14	5	5	12	0	0	41	230	595	35	620	63	113	151	11	7	53	33	12	19	0	87	26	11	32	388	35	25	52	83	9	5	258	91	49	163	46	208	24967	303	15	253	266	799	4	294	112	3	20	0	13	2	371	11	44	42	614	1112	406	3735	12	0	398	350	175	456	33518	1996	150	136	112	0	3	0	93	564	22	144	123	120	71	159	296	3	233	21	93	0	0	2430	117	111	493	3106	125	74	41	6	0	249	0	1109	95	137	47	3427	49	24	35	379	108	9	3	6	11	16	9	16	0	2	0	271	31	10	28	0	20	1	35	1	0	4	15	17	11	0	8	10	56	0	10	560	84	35	6	2	8	20	13	48	92	4	80	210	26	6	35	839	600	668	170	0	13	34	6	7	31	4	9	19	290	164	313	77	0	7	6	2	6	20	42	13	54	114	73	57	80	6	172	45	96	0	5	0	0	15	15	0	194	59	21	160	244	328	0	2310	151	24	4895	116	161	48	643	0	0	0	0	74	2941	123	227	13	2	0	44	8	19	18	0	4	514	0	121	400	45	16	118	2	0	2	3	27	5	3	37	568	1253	897	78	15	13	6	37	0	24	66	31	39	35	363	56	4	4	108	23	114	25	102	277	144	10	8	45	4	5	0	0	0	3	16	50	1	39	81	50	2	14	0
np0537	0	0	0	0	1	3	1	0	0	0	73	0	0	1	1268	0	2	0	4	0	0	0	1	16	4	14	0	11	17	0	0	66	17	36	0	0	178	5	0	0	0	9	122	4	0	1162	0	14	26	99	1	0	5	0	0	0	3	0	5	0	1293	0	0	0	0	0	52	1740	0	9	1	0	12	0	1	3	15	0	0	0	0	0	4	0	0	3	0	2	22	3	0	0	14	2	0	0	1	0	10	0	2	0	25	24	92	3	21	2	0	2	12	0	0	0	4	0	0	3	0	0	7	0	0	0	2	0	10	0	0	0	6	4	0	57	0	0	1	0	0	0	0	0	0	0	0	0	0	0	0	0	0	3	0	0	1	0	0	0	0	0	0	0	0	0	20	42	187	28	0	0	134	0	112	0	0	0	0	63	0	163	0	0	0	76	31	0	0	0	4	6	0	0	8	2	0	0	0	0	0	0	0	25	0	0	24	70	27	20	0	0	44	0	0	0	9	0	0	225	0	0	38	97	0	0	0	35	0	0	27	1	0	1	3	0	0	15	53	17	12	0	10	241	0	8	9	0	0	0	3	23	0	0	7	4	0	0	33	58	9	42	4	0	17	0	0	0	0	0	0	0	0	0	0	0	0	0	0	0	0	0	0	0	0	0	0	0	0	0	0	0	0	0	0	0	0	0	0	339	0	33	144	0	0	0	1	7	0	0	0	0	352	0	0	478	0	0	0	0	0	6	6	1	0	0	0	0	0	0	9	0	0	0	0	0	0	429	370	0	196	0	0	13	3057	0	2078	177	0	0	10	15	0	2252	0	0	47	0	0	0	0	0	0	657	0	7	1	211	0	0	0	0	0	0	0	0	0	0	0	0	0	0	0	0	0	31	0	0	0	6865	0	0	0	0	0	0	0	108	0	11	0	0	1	0	24	0	127	3	10	0	45891	0	0	30	81	14	0	0	1	0	0	16	3	2	5	0	0	0	0	0	0	0	0	0	0	0	0	4	0	0	0	0	2	40	0	0	140	4	5	1	0	0	10	5	0	0	18	0	4	0	0	0	131	4	5	0	13	0	1	0	3	0	0	0	0	10	6	14	0	0	0	0	0	0	2	0	0	6	9	0	0	0	2	16	0	0	0	2	0	0	2	0	0	1	0	0	6	30	34	0	600	202	9	147	1	0	156	31	15	0	0	0	25	49	0	3	0	0	0	5	0	0	0	0	4	4055	439	0	73	58	0	0	1	0	0	5	0	0	0	0	0	0	0	20	59	4	1	12	0	2	5	0	1	7	3	0	0	0	28	0	0	304	2	223	0	0	0	0	0	0	0	0	0	0	0	0	0	22	10	3	5	0	0
np0538	0	0	0	4	15	0	0	0	140	31	37	0	8	3	1415	1	0	0	10	34	0	1	8	1	0	2	2	21	0	12	0	57	3	0	0	0	61	7	0	0	0	25	117	8	0	331	0	1	108	0	7	0	9	0	0	0	312	0	0	8	38	0	0	0	0	0	0	971	0	0	0	2187	270	4	0	0	0	5	85	5	1	1	21	0	0	0	0	198	20	0	0	0	286	136	0	73	0	99	0	0	0	4	88	2	130	50	56	16	0	6	251	0	17	0	8	2	0	254	0	0	0	0	0	5	7	12	27	28	18	0	0	0	0	0	0	0	1	0	0	0	0	7	0	0	0	0	20	3	25	19	0	6	0	0	0	0	3	0	0	0	0	0	0	0	26	36	11	2	0	0	156	23	21	0	5	7	0	204	0	0	0	0	0	21	520	0	0	0	79	0	1	5	25	0	34	10	3	0	0	0	0	37	20	0	0	82	7	30	0	1	0	15	260	0	39	0	0	161	0	0	554	105	0	0	0	63	3	3	8	0	0	0	21	0	3	9	3	0	0	0	0	49	0	4	3	1	6	75	6	35	0	0	74	69	0	10	31	119	0	18	0	0	3	0	0	0	16	0	0	0	0	0	0	0	0	0	0	0	0	0	0	0	0	0	0	0	0	0	0	0	0	0	0	0	0	0	0	0	0	2	78	0	0	0	0	14	10	0	0	0	46	173	0	0	0	89	0	0	0	0	7	0	1	8	0	0	0	0	0	0	0	0	0	0	0	166	62	0	84	0	0	0	1	0	0	7	0	0	0	0	0	0	0	1	11	0	0	675	0	0	105	8	0	76	4	197	0	0	0	0	0	0	0	0	0	0	111	0	0	0	0	0	0	50	0	689	5	5	0	0	60	0	0	0	0	1471	1200	36	0	27	17	0	110	0	133	21	4	60	0	7	74	0	654	25	0	12	0	15	0	0	0	5	0	0	0	0	0	0	0	3	0	0	0	0	0	0	6	0	0	9	16	41	16	0	319	21	120	6	4	1	14	47	32	113	0	0	136	0	0	0	1128	222	142	54	0	0	0	0	0	0	0	0	0	376	287	472	0	192	6	6	0	6	128	0	0	175	103	78	0	0	0	6	2	0	0	0	22	0	46	0	0	211	0	0	0	208	261	0	3425	4	0	2627	36	0	440	653	44	0	40	0	127	349	22	63	0	3	0	19	0	0	0	0	8	40	0	8	72	31	9	0	0	0	0	0	0	0	0	1	0	19	714	5	0	6	10	294	0	0	0	0	12	15	44	23	1	22	133	0	9	76	349	6	13	0	0	53	3	6	0	0	0	0	0	44	0	8	0	0	3	0	0
np0539	24	15	25	84	3	24	1	93	4	169	55	3	8	187	280	127	12	34	0	12	7	3	9	7	11	4	59	0	101	14	21	103	112	0	23	8	1663	12	26	51	41	744	662	127	128	745	26	33	199	130	101	34	117	81	0	4	1105	80	134	91	29	15	3	216	200	166	3	7633	211	0	3	8	167	11	32	3	10	3	12	15	3	3	34	9	141	16	133	822	21	44	50	0	402	6	7	10	23	24	5	64	16	16	1262	74	742	52	222	139	0	95	339	0	17	2	8	6	53	389	135	800	0	72	18	2	23	71	86	13	21	0	12	0	57	71	59	161	521	79	840	30	167	7	19	30	639	623	2	70	14	46	2	1103	22	97	78	25	153	107	78	68	0	39	403	26	47	18	18	5	60	16	178	28	192	44	5	14	3	865	32	5	50	17	0	15	672	16	36	5	247	0	0	30	91	21	7	0	5	25	24	96	5	77	105	6	3	48	30	36	19	0	7	15	14	9	35	6	23	846	31	11	322	142	0	0	5	87	20	47	7	0	72	11	434	3	28	18	4	3	0	0	2	281	11	7	0	0	6	9	21	860	16	87	83	78	9	19	261	371	4	7	290	0	94	13	72	30	6	70	76	86	122	91	63	41	103	31	15	22	0	41	32	6	14	22	30	0	2	71	0	2	31	51	63	323	143	8	0	1680	48	53	114	31	34	22	27	17	49	8	7	7	41	66	12	184	12	4	60	0	6	118	41	24	16	2	131	7	6	38	402	63	17	55	148	0	15	320	133	36	112	57	321	1378	178	44	143	71	750	0	67	11	3	0	0	6	1	87	6	20	13	159	241	88	139	0	0	83	97	2	101	1238	432	103	100	71	0	6	0	192	1075	17	60	278	167	84	0	88	9	100	6	67	0	4	103	32	24	187	1013	137	26	12	0	3	669	0	414	28	21	20	65	71	33	40	321	116	18	9	3	12	6	9	23	0	200	0	354	24	27	20	41	139	2	73	15	0	4	8	11	39	0	30	11	113	0	22	801	147	63	10	25	29	28	7	58	594	17	270	624	108	17	137	1178	1292	1055	210	2	9	115	6	9	32	58	20	138	245	114	307	37	0	9	11	0	6	50	35	31	107	208	103	51	43	5	75	21	153	2	18	0	3	36	17	0	475	61	41	452	820	347	0	2843	153	30	5703	84	237	99	646	30	0	0	0	89	3494	185	615	0	0	0	19	0	3	59	17	8	111	0	33	193	29	25	428	2	5	0	0	3	0	0	25	323	309	499	101	7	17	13	248	6	89	123	130	96	90	1097	164	20	2	378	24	81	3	129	26	56	3	0	20	4	7	0	3	0	0	8	74	8	45	96	38	10	6	2
np0540	0	0	0	0	0	0	0	0	0	37	46	0	0	0	16	0	0	0	0	0	0	0	0	0	0	0	0	0	0	0	0	0	1	0	0	0	0	0	0	0	0	0	0	0	0	152	0	0	210	0	0	6	8	0	0	0	1318	0	0	0	0	0	0	0	0	0	0	22	0	0	0	0	9	0	124	0	0	0	0	6	0	0	17	0	0	0	0	0	0	0	1864	0	51	0	4	0	52	0	47	0	0	3	110	0	145	0	0	0	0	0	0	0	0	0	1	18	0	0	0	0	0	0	0	0	0	0	0	0	0	0	5	0	0	0	0	0	0	0	0	0	0	0	0	0	0	0	0	0	0	0	0	0	0	0	0	0	0	0	0	0	0	0	0	0	0	0	0	0	2	0	0	25	0	0	10	0	0	2	0	0	0	0	0	0	0	0	0	0	0	0	0	0	26	6	0	0	0	0	0	0	0	2	0	0	0	6	0	16	0	0	0	7	0	0	3	0	0	0	0	0	2	0	0	0	0	1	2	0	0	133	0	0	3	0	0	0	13	2	3	1	12	107	0	0	5	15	0	2	0	0	0	0	2	0	0	0	0	0	0	0	0	0	0	0	0	0	7	0	0	0	0	0	0	0	0	0	0	0	0	0	0	0	0	0	0	0	0	0	0	0	0	0	0	0	0	0	0	0	0	0	52	0	0	0	0	97	23	3	0	0	0	0	0	0	0	0	0	0	0	0	0	0	1	0	0	0	0	0	0	0	0	0	0	0	0	0	0	0	0	0	0	0	0	0	0	0	0	0	0	0	0	0	0	0	0	0	0	0	0	0	0	0	0	0	0	0	0	0	0	0	0	0	0	0	0	0	0	0	0	0	0	0	0	7	0	1	0	242	0	0	19	0	0	0	0	0	0	0	0	1	0	0	6	0	5	0	0	0	0	0	0	0	0	0	0	0	0	0	0	1	0	0	0	0	0	0	0	0	0	0	0	0	0	0	308	7	0	0	0	50	9	0	120	0	4244	0	0	16	0	0	3	0	0	2057	0	0	0	0	0	0	9882	0	0	3178	0	0	0	124	245	0	0	0	0	4	0	0	0	0	0	0	0	0	0	0	0	0	6	1	0	0	0	0	0	0	0	0	0	0	0	0	0	0	0	0	0	0	1	0	0	0	0	4824	0	0	0	0	0	0	0	0	0	0	8	4	0	0	0	2	0	0	0	0	0	953	0	0	0	0	0	0	6	0	63	0	0	0	0	0	0	0	0	0	0	12	15	0	0	0	0	0	0	0	92	0	8	0	130	0	0	0	0	0	0	0	0	139	0	10	0	0	0	0	0	0	0	0	0	0	0	0	0
np0544	0	0	8	0	40	0	139	1	0	0	108	83	0	2	1674	0	0	0	23	28	3	9	3	18	0	6	15	2	0	0	2	20	0	14	0	0	296	8	30	0	2	198	551	148	9	378	0	47	113	16	105	50	237	0	0	843	4613	0	10	13	0	0	0	0	0	0	0	164	0	0	0	2449	379	0	3	0	0	0	0	9	0	7	19	0	0	1	0	9	0	0	0	65	429	45	0	306	0	0	0	0	0	6	94	8	297	202	48	28	0	43	422	22	84	0	8	0	0	3384	255	0	0	0	0	160	0	11	47	269	489	0	0	0	0	0	44	48	11	0	45	0	0	13	37	0	0	0	0	0	0	18	0	1	406	0	410	0	0	36	13	1	13	9	1	0	29	28	11	0	0	0	202	0	43	0	72	0	0	393	88	0	0	0	31	20	1298	0	0	0	21	0	0	13	23	0	0	7	0	0	0	0	13	552	259	0	0	13	0	280	4	3	0	45	0	0	89	0	34	811	19	0	372	110	0	0	0	276	0	0	2	0	196	0	31	21	34	24	0	0	0	0	0	66	9	27	6	0	14	53	3	73	0	0	538	28	2	0	17	446	0	35	16	0	8	9	0	0	17	0	0	0	0	0	0	0	0	0	0	0	0	0	0	0	0	0	0	7	10	0	17	5	0	0	0	0	0	159	131	0	0	208	9	15	2	8	1	30	27	0	0	0	3	0	0	0	0	0	0	73	7	13	0	19	163	0	0	89	163	0	287	0	5	0	0	0	0	92	0	350	0	0	0	0	0	0	1	3	0	0	0	0	2	0	0	0	0	0	0	1	0	0	2	1	0	0	0	0	0	0	0	0	0	0	0	0	0	0	0	0	61	0	0	0	0	87	252	33	4	2013	0	0	1485	0	0	0	0	0	0	20	0	45	0	4	301	16	98	0	17	14	0	0	0	98	267	0	0	0	0	0	0	3	19	0	0	4	0	0	0	4	0	0	2	4	37	0	0	146	17	4	7	10	20	200	5	649	268	52	20	12	16	8	137	0	0	825	32	0	0	2	1	1785	468	2739	0	0	0	26	0	99	169	0	0	0	0	0	0	0	0	0	83	0	0	7	32	0	0	20	3	29	0	0	71	0	0	0	1	0	0	55	65	0	0	15	0	0	2408	0	1185	76	1340	163	0	5455	367	1228	262	2765	4416	0	0	0	4426	201	38	68	6	0	0	14	446	0	0	0	0	368	0	0	123	10	47	0	4	0	0	0	0	0	0	0	0	0	1683	9	0	63	20	0	25	64	2	0	2	0	24	15	96	0	220	0	25	0	0	0	0	0	0	62	0	0	38	0	2	0	0	27	0	0	0	0	3	0	0
np0545	0	0	0	0	0	9	0	6	0	0	10	0	0	4	154	0	52	0	0	4	0	27	1	11	0	0	0	0	0	1	0	200	9	10	0	0	23	0	0	0	0	2	0	0	4	18	0	122	1	7	0	6	10	0	0	0	6	0	0	4	0	0	0	0	0	0	0	1575	0	0	0	0	128	0	0	0	85	222	0	451	0	0	820	0	0	3	0	1	35	5	2	0	85	0	101	0	1	17	0	0	343	0	361	0	20	18	35	0	0	104	645	0	0	9	25	0	0	0	0	0	0	0	0	0	5	0	117	0	0	4	9	6	0	0	0	0	0	0	0	0	0	0	0	0	0	0	0	0	0	0	0	0	0	0	0	0	0	0	0	0	0	0	0	0	0	15	8	0	9	0	1055	24	55	0	122	0	0	1081	0	0	0	0	0	42	845	0	0	4	147	0	0	0	65	0	0	30	1	0	0	0	0	20	0	0	0	730	121	602	0	3	0	9	0	0	67	0	0	634	0	0	173	51	0	0	0	27	88	0	2	8	0	0	136	14	7419	12	23	14	7	0	0	207	23	17	14	5	35	75	0	7	0	0	13	0	0	0	11	8	2	3	0	522	2	0	1	0	24	0	0	0	0	0	0	0	0	0	0	0	0	0	0	0	0	0	0	0	0	0	0	0	0	0	0	0	0	0	0	0	0	0	59	0	0	0	0	27	2	0	0	0	0	281	0	0	2	0	0	0	0	0	35	0	30	0	0	0	0	0	0	0	0	0	0	0	0	0	1	0	0	0	0	0	0	0	0	0	7190	0	0	0	0	0	0	0	0	0	0	0	0	0	0	0	0	0	0	0	0	0	0	0	0	0	0	0	0	0	0	0	0	0	0	0	0	14	3	65	0	467	0	0	118	0	0	0	0	7	3	52	0	41	198	16	165	0	745	20	20	86	0	7	9	27	79	0	0	0	0	0	0	0	4	0	0	0	0	0	0	0	0	0	0	0	0	0	0	4	0	4	0	2	0	8	5	0	80	45	26	5	0	0	68	0	21	608	0	0	0	0	0	0	261	4	0	0	382	95	0	0	1	0	0	0	0	46	22	118	0	0	0	0	0	63	81	0	0	517	393	68	0	0	0	0	0	0	0	0	0	0	0	0	0	98	0	0	367	0	189	0	241	31	0	103	0	0	0	0	473	0	0	0	2500	28	2	45264	0	58	780	9860	0	0	2	0	0	25	0	0	95	865	15	0	0	204	21195	0	0	0	0	0	0	0	0	0	0	0	29	111	0	0	0	0	0	0	0	25	0	3	23	0	85	0	0	0	0	0	0	0	0	203	0	0	0	0	1929	0	0	0	0	1	12	0	0
np0547	0	0	0	0	13	0	2	0	0	0	48	0	4	11	1715	0	1	0	7	0	0	9	0	3	0	1	3	0	10	10	0	8	4	0	0	0	481	13	0	0	0	95	243	19	11	559	0	6	11	16	7	11	29	17	0	0	352	0	5	1	64	0	0	0	0	0	7	91	0	0	0	305	89	0	4	0	8	6	102	23	4	7	61	0	6	6	0	0	1	0	5	10	41	2	0	19	0	17	0	3	0	0	111	10	218	68	52	23	0	18	276	19	16	8	4	3	0	1317	0	0	0	7	8	9	0	27	13	15	74	0	0	0	0	0	58	0	0	0	12	0	51	0	24	0	0	0	0	0	20	143	0	26	40	0	0	0	2	0	7	4	0	0	3	1	7	0	8	0	0	0	113	0	24	0	35	2	5	350	9	6	0	0	37	6	762	0	0	1	0	0	0	14	6	0	3	0	3	0	0	0	4	95	15	8	0	105	0	717	3	0	0	185	0	11	84	0	0	197	0	0	523	190	0	0	0	27	0	0	3	0	0	0	92	0	5	0	3	0	0	0	0	70	0	13	2	0	4	15	5	93	0	0	108	160	3	18	99	140	0	90	0	0	9	10	0	0	18	9	0	0	0	0	0	0	0	0	0	0	0	0	0	0	0	0	0	0	0	0	0	0	57	0	0	13	0	0	14	23	8	47	29	0	2	4	0	5	7	0	0	16	6	0	0	33	0	0	199	7	0	4	18	0	22	0	0	48	65	0	51	0	62	0	0	0	0	0	0	58	9	0	0	0	6	0	0	54	0	3	0	0	7	0	5	0	0	1	0	15	0	0	7	0	0	0	0	0	0	0	0	0	0	0	0	0	23	51	245	0	479	0	0	0	0	8	0	73	0	0	48	0	0	0	0	0	0	657	958	10	5	13	0	0	79	0	162	8	41	0	0	0	0	16	181	114	0	0	0	0	2	3	0	0	0	0	0	0	1	0	2	24	0	1	4	0	0	22	0	3	0	10	0	24	3	92	30	24	17	0	0	0	79	46	8	16	0	0	0	116	0	1626	874	649	0	8	0	0	0	11	36	0	0	12	11	157	8	10	88	0	0	0	6	2	0	0	0	54	61	0	0	0	0	0	0	0	0	0	0	208	9	0	0	0	0	0	600	480	69	0	906	54	0	4419	60	2258	62	480	512	394	0	0	521	493	0	183	0	0	9	0	25	5	0	2	0	48	0	0	68	9	19	4	0	0	0	0	0	0	0	0	0	0	337	0	0	9	7	34	4	6	1	1	0	0	64	13	0	0	55	0	19	4	6	0	0	485	989	25	0	11	5	0	2	0	4	171	0	47	0	0	1	88	25
np0548	0	0	0	12	50	0	0	0	430	61	137	5	0	10	3085	0	2	0	21	69	0	2	6	13	2	11	4	21	0	16	0	92	8	0	0	0	107	8	3	0	0	56	224	17	0	647	6	22	288	4	7	6	20	0	0	0	555	0	5	18	85	0	0	0	0	0	9	1537	0	4	0	4481	659	21	0	0	0	13	117	7	8	7	40	0	0	0	0	226	29	0	0	0	389	221	9	195	0	230	0	0	0	15	157	4	227	82	116	38	0	13	710	0	59	6	46	6	0	402	0	0	0	0	0	8	7	20	47	54	29	0	0	0	0	0	0	0	0	0	0	0	0	3	2	0	0	0	36	15	45	59	0	14	0	0	0	0	0	0	2	0	5	0	0	0	31	76	16	3	0	0	377	47	58	0	9	5	0	584	0	0	0	0	0	72	1460	0	0	0	1	0	12	8	38	5	120	42	7	0	0	0	4	103	52	7	10	426	33	145	0	1	0	37	702	0	142	0	0	346	0	0	1594	218	0	0	0	70	29	4	22	2	0	0	37	0	0	22	251	100	53	0	1	118	0	20	3	3	24	197	19	62	0	0	142	177	0	34	68	202	5	58	8	0	5	5	0	0	53	0	0	0	0	0	0	0	0	0	0	0	0	0	0	0	0	0	0	0	0	0	0	0	0	0	0	0	0	0	0	0	0	9	167	2	0	3	16	10	18	0	0	0	117	427	0	0	0	205	0	0	0	0	12	0	2	26	0	0	0	0	0	0	0	0	0	0	0	483	183	0	253	0	0	0	1	0	0	38	0	0	0	0	0	5	0	0	14	0	0	1693	0	0	189	27	0	280	9	512	0	0	0	0	1	0	0	0	0	0	203	0	0	0	0	0	0	66	0	1308	17	0	0	0	129	0	0	0	0	3025	2488	50	0	47	28	2	213	0	305	42	5	102	0	17	164	47	1686	95	0	17	0	38	0	4	0	3	0	0	0	0	0	0	0	5	0	11	0	0	1	0	25	4	0	31	79	131	56	0	427	25	210	19	6	0	43	110	80	199	0	0	214	0	0	0	2772	290	263	80	0	7	0	0	5	0	0	0	0	851	643	1106	0	423	6	8	2	8	173	0	0	275	160	114	0	0	2	10	7	0	0	0	62	0	118	0	0	275	0	0	0	400	241	0	7079	5	0	7314	60	0	1236	1199	90	0	68	0	274	858	28	179	0	9	0	25	0	0	0	5	13	53	0	23	225	58	13	0	2	0	1	0	0	0	3	3	0	28	2414	6	0	28	30	674	0	0	0	0	14	34	151	54	3	63	270	0	23	269	886	16	21	0	0	201	21	12	0	0	0	0	6	69	0	29	0	0	6	0	0
np0552	0	0	2	3	21	17	1	3	0	4	8	1	0	5	48	0	0	0	2	3	0	0	2	2	0	0	8	0	0	4	0	3	12	6	0	0	60	5	0	0	0	44	25	37	0	32	0	0	17	9	47	3	11	0	0	0	258	0	0	1	0	0	0	0	0	0	0	129	0	0	0	399	15	0	3	0	6	11	0	6	2	2	17	0	51	5	0	0	0	0	0	18	8	0	0	7	0	0	0	0	0	7	69	10	81	33	37	15	0	13	85	3	5	0	0	6	0	196	6	0	0	14	9	16	0	11	18	19	34	21	22	0	0	0	0	43	44	6	0	0	0	0	3	0	212	0	0	0	0	16	71	15	0	0	0	1	0	0	0	3	0	0	3	0	2	0	3	0	12	0	181	0	34	0	9	0	4	229	3	0	0	0	21	25	150	0	0	0	14	0	0	0	12	0	0	1	0	0	0	0	0	279	8	54	0	28	13	30	0	0	1	21	136	0	17	100	0	158	0	0	566	178	0	0	0	11	5	0	1	0	0	0	40	0	23	3	4	0	0	3	0	39	1	1	0	0	27	3	0	86	0	21	15	0	0	0	7	23	0	5	3	0	8	4	0	0	13	0	0	0	0	0	0	0	0	0	0	0	30	0	0	0	0	0	0	7	9	0	4	7	23	0	0	9	0	0	14	0	0	7	4	3	0	0	0	3	3	0	1	0	0	0	0	0	0	0	330	16	0	0	0	0	49	0	0	7	2	0	16	0	0	0	0	0	0	0	0	15	0	0	0	0	0	0	4	94	0	49	0	0	9	0	10	0	0	18	0	25	0	0	40	0	0	0	0	0	0	0	0	0	0	0	0	0	0	0	0	0	524	0	0	0	0	27	10	1	5	6	0	0	10	0	0	0	0	0	381	16	12	5	0	0	206	13	118	6	10	2	0	0	0	0	12	5	0	0	0	0	0	0	4	0	0	11	0	0	0	4	0	0	0	0	90	7	12	18	42	0	0	0	0	5	0	14	12	0	42	0	0	0	3	4	0	4	0	0	0	6	0	18	28	143	0	0	0	9	0	0	1	1	0	1	0	23	0	16	0	0	0	2	1	0	0	0	0	7	2	7	0	11	0	0	0	0	31	0	0	21	0	0	16	9	0	0	8	7	21	3	33	30	0	202	1	45	5	36	30	6	0	0	37	18	2	693	1	2	7	30	0	0	0	0	0	58	0	3	19	9	0	105	0	0	0	3	15	0	0	0	0	0	484	145	0	6	10	6	0	1	1	0	4	0	10	1	1	0	9	0	0	0	2	0	0	0	0	21	0	0	0	0	0	0	0	0	0	5	0	0	1	0	0
np0555	0	0	0	2	60	0	0	0	32	0	239	40	2	20	971	0	1	22	17	62	4	10	0	16	0	2	0	1	3	0	0	53	0	10	0	0	32	4	0	0	0	4	56	14	4	271	0	61	40	12	2	4	69	0	0	0	3856	0	1	8	33	0	2	0	0	0	0	749	0	0	1	0	204	0	7	31	0	20	19	18	11	6	103	0	4	0	0	3	62	5	0	0	339	0	0	35	0	61	0	54	0	27	346	16	186	120	71	83	0	72	534	0	0	11	31	0	0	10	11	0	91	23	5	0	3	14	64	10	12	1	0	0	0	0	205	2	0	0	0	130	0	1	11	11	254	0	1	21	37	38	0	5	161	0	209	65	0	0	0	0	0	0	0	0	9	40	14	12	0	0	307	2	55	6	23	38	5	348	0	141	0	0	0	33	1364	0	0	0	0	0	4	25	31	0	9	5	9	0	0	0	9	287	355	0	0	41	8	91	68	0	6	39	536	0	264	0	13	430	0	3	1419	455	30	0	0	60	45	2	0	0	23	37	79	0	45	16	0	0	0	0	37	99	0	23	12	2	15	48	6	175	19	0	47	81	2	0	41	538	20	140	0	0	13	5	0	0	22	187	0	0	0	0	0	0	0	116	0	0	0	0	0	0	0	0	0	0	0	78	0	0	0	0	0	0	0	0	0	0	27	30	143	0	0	0	4	18	24	14	0	40	414	403	0	637	0	0	0	0	6	43	111	34	46	38	0	0	0	0	9	0	0	223	0	30	0	138	9	0	0	0	0	366	7	0	180	97	0	0	0	0	0	3	0	4	31	0	0	1	0	0	197	559	0	116	0	10	0	0	0	0	0	0	0	0	0	0	0	0	0	0	0	0	0	90	43	262	7	99	0	0	72	2	0	130	0	1113	275	79	16	11	15	10	160	0	468	5	20	4	0	87	11	138	993	18	0	85	88	4	0	7	8	2	2	0	0	0	0	0	0	0	0	2	24	0	4	37	30	66	0	78	0	138	13	0	732	65	362	16	14	0	48	24	26	632	0	555	146	0	198	0	398	375	36	23	17	28	0	45	40	0	4	0	103	233	3	341	28	100	0	0	0	32	54	0	0	53	15	19	0	0	0	0	0	0	7	0	19	0	52	0	0	111	0	12	558	1280	234	0	1415	1245	0	2201	69	0	167	3148	63	0	132	28	430	781	7	400	0	2	0	27	100	0	0	0	0	93	0	0	87	24	31	0	0	0	1	0	0	0	0	0	0	424	0	1	0	68	22	87	25	16	13	95	5	36	287	105	6	0	192	0	164	2	54	181	0	81	1	39	0	21	4	0	41	8	6	27	3	5	0	0	1	0	0
np0560	7	0	0	13	1	1	0	2	0	16	120	16	0	6	5	6	1	6	34	61	14	12	41	29	0	18	6	5	12	0	0	67	13	0	0	0	424	0	25	12	5	75	150	17	63	953	33	57	163	284	0	0	14	19	0	4	16	0	24	7	1820	754	0	0	0	0	13	23	0	0	0	2	19	11	45	25	30	10	0	18	7	8	134	15	0	0	15	428	14	17	53	0	633	15	0	5	0	6	0	4	13	0	139	8	30	9	27	57	0	9	59	0	0	0	27	1	0	4	3	78	0	258	0	0	0	7	16	0	5	0	9	2	2	0	0	0	0	0	0	0	1	0	0	0	0	0	0	0	0	1	0	40	0	0	0	0	0	20	0	13	0	11	11	9	3	3	25	0	11	0	95	9	107	22	1	0	0	636	0	8	5	12	0	46	216	9	0	0	0	0	0	14	1	0	0	0	0	0	0	47	0	2	4	0	8	44	8	29	33	45	12	11	0	0	15	0	0	386	11	9	17	46	0	0	15	77	7	72	9	0	64	25	31	2	5	5	5	2	0	0	16	499	14	28	11	0	0	0	21	41	0	0	4	0	2	3	8	14	14	39	5	5	11	11	447	194	0	11	5	0	9	3	28	14	9	15	255	45	0	2	12	16	58	9	13	6	11	1	9	10	4	15	16	33	16	0	4	78	10	25	32	3	3	0	0	12	52	14	0	37	36	20	0	345	41	0	11	0	15	170	54	27	16	0	0	0	0	0	18	0	0	0	1	0	0	24	14	0	11	0	649	1477	138	87	49	141	2156	1	107	15	0	0	0	25	3	36	0	8	0	95	104	41	72	0	0	84	48	25	26	785	92	17	30	15	10	13	0	104	52	11	11	135	5	18	0	9	0	26	0	0	0	0	0	1	0	4	8	69	12	2	0	0	48	0	40	0	4	0	11	156	62	0	33	10	37	0	233	58	0	0	0	0	4	2	330	42	4	1	0	21	0	31	0	0	0	4	2	2	0	21	0	43	0	14	111	142	48	21	12	2	14	0	20	49	0	5	24	2	0	9	492	144	229	1604	0	154	13	6	7	6	7	20	46	31	22	28	3	0	0	7	7	11	36	43	38	66	107	63	70	0	0	0	0	282	121	10	0	0	30	0	0	119	31	7	101	146	1058	0	596	90	0	1942	37	22	77	747	0	0	0	0	238	1527	193	239	0	0	0	27	0	0	29	0	29	3	0	95	83	42	21	8	9	11	2	6	89	0	0	6	52	305	103	0	0	8	5	214	14	52	205	143	164	57	459	162	8	0	2032	0	8	9	122	14	42	7	0	1	0	2	0	10	0	1	0	183	0	281	11	6	4	29	14
np0563	5	0	2	26	4	2	0	0	0	1	15	2	0	0	14	0	0	0	5	10	0	0	2	0	0	0	21	10	0	13	0	5	2	4	0	0	184	0	0	0	0	7	51	36	0	15	0	0	9	4	117	2	19	0	0	0	193	0	5	0	0	0	0	0	0	0	1	86	0	0	0	58	1	0	0	0	2	5	0	0	0	0	8	0	162	0	0	0	0	0	0	2	18	0	0	2	0	0	0	0	0	1	95	12	43	28	43	10	0	7	37	0	0	0	0	0	0	12	1	0	0	0	13	0	0	11	21	13	63	43	25	2	0	0	0	4	46	2	4	0	0	0	4	0	270	0	0	0	0	6	41	134	0	0	0	2	1	0	11	10	0	0	13	0	8	0	3	0	9	0	146	0	21	0	0	0	3	123	2	0	0	0	0	56	59	0	0	1	1	0	5	0	6	0	0	0	0	0	0	0	0	84	0	17	0	11	7	53	0	0	0	13	31	0	0	22	0	306	3	0	157	320	0	0	0	13	0	0	1	0	0	0	48	0	4	0	2	2	0	3	0	56	8	2	0	0	3	1	0	125	0	50	51	0	0	2	0	12	0	3	20	0	8	0	0	0	0	0	0	0	0	0	0	0	0	0	0	0	19	0	0	0	0	0	0	32	32	0	23	39	30	0	0	10	0	0	2	0	0	15	0	16	0	1	0	0	0	0	0	0	0	0	0	0	0	0	378	7	0	0	0	0	11	0	0	0	0	0	6	0	0	0	0	0	0	0	0	6	0	0	0	0	0	0	3	22	0	10	0	0	6	1	3	0	0	4	0	6	0	0	8	0	0	0	0	0	0	0	0	0	0	0	0	0	0	0	0	0	384	0	0	0	0	11	2	2	0	0	0	0	0	0	0	0	0	0	150	21	5	0	0	0	42	0	152	13	6	6	0	0	0	0	2	0	0	0	0	0	1	0	2	0	0	4	0	0	0	0	0	0	0	2	306	21	285	0	8	0	0	0	0	0	0	4	11	0	15	0	1	33	3	0	0	1	0	0	0	10	0	24	6	344	0	0	0	8	0	0	0	0	0	0	0	0	1	10	0	0	0	0	0	3	0	0	0	11	11	3	0	5	0	0	0	0	36	0	0	107	0	0	4	4	0	0	6	0	55	5	90	85	0	298	21	34	0	12	0	0	0	0	0	8	0	1055	5	0	3	15	0	0	0	0	0	62	0	0	11	11	1	409	0	0	0	0	17	0	0	1	0	16	679	150	0	0	0	0	0	0	0	0	0	0	3	1	0	0	1	0	0	0	0	0	0	0	0	2	0	0	0	0	0	0	0	6	0	0	0	0	1	0	0
np0564	5	0	1	23	2	18	10	5	4	42	12	0	15	12	2670	81	1	2	0	0	0	1	0	5	0	2	4	9	37	19	25	15	50	14	17	0	898	0	14	44	6	98	210	35	39	251	20	42	103	61	27	33	90	66	3	0	1840	29	13	3	16	5	59	33	43	0	0	1787	29	0	0	0	27	0	11	0	6	0	0	5	0	0	0	5	62	4	4	116	4	9	12	0	129	0	0	3	3	2	0	1	0	0	124	15	66	61	41	56	0	9	61	0	0	0	0	0	17	266	84	249	0	7	5	0	11	31	22	1	8	9	23	14	155	139	12	9	123	10	242	22	46	0	3	2	527	549	1	28	2	39	3	375	3	18	15	8	19	5	1	4	0	65	29	2	14	5	8	1	13	21	161	4	107	19	6	1	4	599	3	5	297	12	0	0	221	3	17	7	0	2	10	0	10	0	2	0	3	5	3	12	0	41	16	0	5	25	11	12	0	0	0	0	27	0	19	0	13	509	28	0	251	94	10	0	12	60	10	8	2	1	28	5	31	0	9	2	37	23	12	0	0	85	0	7	0	0	0	2	5	157	6	13	151	169	36	40	98	139	0	21	21	0	17	6	2	0	0	21	20	26	13	10	35	19	86	24	12	3	0	43	49	4	3	15	14	3	0	28	0	0	19	12	6	344	126	0	0	273	10	33	42	19	12	9	3	4	3	0	0	3	36	46	0	60	0	5	13	0	0	4	4	0	0	2	0	0	2	0	89	13	3	20	12	0	0	29	41	16	41	10	141	5492	66	16	64	92	364	3	30	45	3	1	0	0	1	158	3	56	36	289	720	281	500	6	0	108	221	84	188	7397	697	47	30	23	23	48	0	48	539	13	170	72	86	8	102	75	0	394	0	16	0	0	314	20	27	269	950	44	12	7	0	0	377	8	290	20	21	10	26712	6	2	0	27	3	0	1	0	2	0	0	0	0	0	0	109	16	28	12	27	32	5	21	18	1	4	0	4	3	0	5	2	24	0	0	128	19	16	0	0	12	7	6	10	43	0	41	88	20	2	19	185	415	355	79	0	6	13	0	3	4	5	10	30	40	42	106	16	0	2	3	0	3	9	0	4	28	60	18	13	9	1	48	4	64	0	7	0	0	4	18	0	122	53	28	68	84	123	0	420	35	8	1109	17	54	18	106	0	0	0	0	7	273	112	63	1	0	7	0	0	0	0	0	0	348	0	21	87	7	3	170	2	0	0	0	6	0	0	9	148	528	286	62	3	3	4	13	0	9	10	5	3	7	50	0	3	0	10	0	16	12	36	111	16	1	6	51	0	1	0	0	0	0	0	6	0	7	19	10	5	70	22
np0571	0	0	0	0	3	15	0	0	0	2	8	0	0	0	11	0	5	6	0	6	0	0	0	0	0	0	0	0	0	0	0	18	0	0	0	0	5	2	0	0	0	4	10	33	0	4	0	0	0	0	0	0	0	0	0	0	10	0	0	8	2	0	0	0	0	0	0	44	0	0	0	4	35	0	0	0	0	0	0	2070	23	0	832	0	0	42	0	0	2	0	0	0	8	0	0	0	11	0	0	0	0	6	425	2	20	717	133	392	0	51	877	0	0	1	0	0	0	13	212	0	8	4	0	0	0	5	30	0	8	0	10	14	0	0	0	0	3	0	0	0	3	0	1	0	0	0	0	5	5	0	0	17	0	0	0	0	0	0	1	0	0	0	0	0	21	138	0	0	5	0	1203	1	5	0	0	0	1	86	0	0	0	45	0	3	173	0	0	0	83	13	4	11	18	0	0	2	13	0	0	1	0	20	6	0	8	9	3	15	2	0	3	3	0	0	15	0	0	192	0	0	228	82	0	0	0	20	4	0	0	0	0	5	11	0	0	446	46	16	15	0	0	14	0	10	6	0	21	7	3	550	0	0	0	11	2	3	56	54	0	3	0	7	1	4	0	0	11	9	0	0	0	0	0	0	0	0	0	0	0	0	0	0	0	5	0	0	0	0	0	0	1	0	0	0	0	0	0	0	0	7	17	0	0	0	0	2	0	0	0	0	13	0	0	36	0	0	0	0	22	2	25	0	0	0	0	0	0	0	0	0	0	0	0	0	0	0	0	0	2	0	0	0	4	0	0	661	0	710	0	0	12	0	0	613	58	0	0	0	0	0	8	34	0	0	0	724	0	0	0	0	0	0	0	0	0	0	19	0	0	0	0	0	0	126	0	3	1	0	0	0	0	0	0	0	0	34	397	31	7	18	6	4	87	0	197	9	27	13	0	0	0	0	7	0	0	0	0	0	0	3	6	3	111	0	0	0	0	9	0	0	0	0	0	0	0	13	0	0	2	3	6	2	0	0	10	2	2	0	0	0	0	0	0	5	0	0	3	0	0	0	54	8	7	6	0	2	0	6	2	0	2	0	0	9	5	36	0	0	0	0	0	0	0	0	0	0	2	0	0	0	2	0	0	0	6	0	0	0	0	0	0	3	0	0	1	0	4	0	30	7	0	77	33	0	5	77	0	0	0	0	0	47	0	12803	0	56	24	168	3	0	0	0	0	12	0	0	8	4	7	1	0	409	92	0	0	281	17	0	0	0	0	112	0	2	2	0	2	0	23	2	0	6	3	0	0	0	6	14	28	3	0	38	0	0	0	0	3	0	0	0	0	0	0	0	0	0	0	0	0	0	0
np0572	0	0	0	0	0	7	37	0	0	0	34	0	8	0	738	0	41	0	0	7	8	8	0	50	0	0	0	0	0	0	0	12	0	0	0	0	13	2	0	0	0	2	186	55	0	1	0	0	0	0	0	1	0	0	0	0	6	0	0	0	82	0	0	0	0	0	5	22	0	0	0	1	10	0	0	163	3	0	0	2378	423	327	1978	0	8	2	0	0	12	1	0	0	19	0	2	0	10	0	0	0	21	7	418	0	28	1336	549	583	0	66	1416	0	0	3	0	0	0	66	1702	0	10	0	17	7	0	68	154	0	32	0	10	0	0	0	0	0	0	0	0	0	0	0	1	3	0	0	0	41	0	0	0	9	0	0	0	0	0	0	0	0	0	0	0	0	13	45	25	0	6	0	906	0	23	0	1	0	0	706	0	0	0	255	0	40	271	0	0	0	62	71	16	10	13	0	0	0	0	0	0	0	0	143	36	7	0	46	2	19	0	0	127	114	0	0	11	0	0	625	0	0	204	674	5	0	0	607	0	0	8	0	11	53	319	0	0	130	21	8	3	1	5	438	0	44	18	0	10	26	10	48	0	0	10	10	0	1	154	237	4	29	5	6	1	6	0	0	66	134	0	0	0	0	0	0	0	0	0	0	0	0	0	0	0	0	0	0	0	0	0	0	0	0	0	0	0	0	0	0	0	0	8	0	0	2	0	21	1	0	0	0	17	0	0	70	0	0	0	0	3	2	6	0	0	0	0	0	0	0	6	0	0	0	0	0	0	1	0	0	0	0	0	0	33	0	0	4523	0	4107	0	0	22	0	0	3213	2935	0	0	20	0	0	8	2141	0	2	0	6091	0	0	0	0	0	0	0	0	0	0	0	0	0	0	0	0	0	21	31	0	0	0	0	0	0	0	0	0	0	21	61	99	11	6	0	0	300	0	320	57	174	62	0	0	0	0	6	2	0	26	0	0	0	0	0	167	30	0	0	215	0	3	0	3	0	0	0	0	4	0	0	0	0	0	0	3	0	0	12	0	7	0	0	0	0	0	0	10	0	0	79	0	0	0	8	68	28	0	0	67	0	0	0	0	1	0	0	6	0	10	0	0	0	0	0	0	0	0	0	3	10	7	0	0	0	0	0	2	141	0	0	0	0	0	0	8	0	0	0	27	22	0	270	0	0	509	0	0	2	58	0	0	0	0	0	54	0	25945	0	674	63	1642	0	0	0	0	0	2	0	0	337	88	2	6	1	1151	3680	32	471	3	9	0	0	0	0	60	0	1	1	2	1	0	9	1	5	8	11	7	0	0	3	4	11	14	0	1149	0	0	0	0	0	2	0	0	1	0	11	0	0	0	0	0	0	0	0
np0574	0	0	0	4	0	0	0	2	3	11	30	0	7	2	1157	279	2	2	5	3	0	1	0	11	9	3	18	0	30	0	10	16	21	16	0	0	126	0	7	7	7	84	122	31	16	395	3	10	50	39	15	9	24	8	0	0	468	22	9	5	6	0	10	0	17	21	2	631	18	2	4	12	105	6	22	3	0	0	84	6	4	0	21	4	6	0	2	128	7	9	41	0	124	0	3	6	5	7	0	7	0	3	140	14	91	37	37	23	0	34	219	0	10	4	8	0	21	236	73	58	0	10	0	5	5	8	17	18	46	0	0	0	7	29	52	92	67	5	32	6	96	0	11	4	51	42	7	6	5	24	0	108	182	17	28	8	2	4	0	13	7	2	14	6	6	5	0	0	7	1	23	7	27	0	7	8	4	275	8	0	32	17	0	3	318	0	14	0	0	0	0	14	4	0	20	3	0	9	7	6	10	66	227	0	0	54	15	26	12	0	5	63	20	0	56	0	0	311	12	0	361	99	0	0	0	37	9	0	0	0	15	0	53	0	0	5	0	0	0	0	0	87	0	0	4	0	5	16	6	76	3	0	83	59	1	0	88	111	0	5	0	0	0	6	4	0	7	5	14	6	29	15	23	17	39	12	8	0	0	30	19	29	72	4	7	0	0	9	0	0	16	11	8	230	87	0	0	24	7	19	55	0	0	4	0	11	4	0	0	10	37	42	11	238	18	0	85	0	4	36	13	3	13	0	9	0	3	0	44	3	0	0	7	4	2	55	21	10	32	5	80	691	38	14	15	31	192	1	26	26	2	0	0	2	1	55	0	27	15	95	293	105	78	0	0	72	68	47	43	813	136	21	24	20	2	16	0	14	100	9	35	33	19	13	23	187	10	76	0	415	0	4	64	25	15	62	420	51	5	20	7	0	54	0	154	5	13	0	1513	35	6	20	140	48	6	2	0	10	2	0	5	0	0	0	0	0	34	16	0	13	1	8	4	0	0	0	0	10	0	9	7	37	3	12	255	45	24	5	0	5	16	2	28	60	0	71	115	23	32	47	602	411	351	86	0	15	20	1	0	20	5	6	11	207	121	332	11	4	4	0	0	9	11	13	13	35	70	31	22	69	2	64	38	48	2	4	0	3	10	12	0	178	54	43	142	264	131	0	942	68	0	2707	31	59	76	550	0	0	0	0	75	1650	51	19	0	0	6	0	11	5	0	0	11	28	0	20	31	8	25	14	0	0	0	0	0	0	0	6	74	112	164	7	6	9	7	15	3	11	21	17	8	11	136	24	7	0	67	0	33	2	39	18	14	5	1	57	0	11	0	9	0	5	1	31	1	26	15	14	0	20	0
np0575	0	0	0	12	2	0	0	0	0	0	188	20	0	7	116	1	2	0	2	0	0	0	8	13	0	19	4	0	23	0	3	117	0	0	0	0	163	0	0	0	0	64	306	23	0	762	0	22	0	0	0	10	11	0	0	0	2114	0	8	8	0	0	0	0	0	0	0	1354	0	0	0	1748	78	0	0	0	0	19	0	24	2	0	91	0	0	0	0	2	77	1	0	0	803	389	31	403	0	0	0	0	0	6	136	0	198	34	32	37	0	0	507	0	0	6	32	0	0	0	0	0	0	0	9	0	3	26	17	0	0	0	0	0	0	0	0	0	0	2	0	0	0	0	8	0	0	0	0	0	6	5	0	0	0	0	0	0	6	0	0	0	0	0	0	0	13	76	0	6	3	0	336	122	476	0	27	0	0	608	0	0	0	0	0	49	830	0	0	0	80	24	0	9	15	5	0	4	0	0	0	0	0	13	6	0	0	134	10	83	0	3	0	250	0	0	55	0	0	4148	0	0	505	769	0	0	0	642	0	0	0	2	0	0	43	0	9	24	2	1	0	0	14	95	0	34	11	0	3	84	3	16	0	0	101	309	0	1	0	179	46	192	4	0	15	0	0	0	10	0	0	0	0	0	0	0	0	0	0	0	0	0	0	0	0	0	0	0	0	12	0	0	0	0	0	0	0	0	0	0	0	0	249	1	2	0	0	21	17	0	0	0	0	536	0	100	0	0	0	0	0	0	18	0	3	0	0	0	0	0	0	0	0	0	0	0	0	1183	602	0	518	0	0	0	0	0	0	0	0	0	0	0	0	0	0	0	0	0	0	0	0	0	0	0	0	0	0	0	0	0	0	0	0	0	0	0	0	0	0	0	0	0	0	0	0	59	0	151	5	56	0	0	125	0	0	0	0	572	258	136	0	8	0	0	509	0	60	0	0	0	0	34	176	0	46	202	0	2	0	42	0	0	18	8	5	0	0	0	0	0	0	0	0	0	0	0	0	0	88	0	0	17	66	236	0	0	13	0	326	21	1	4	0	0	22	306	0	0	433	0	0	0	1459	197	576	0	0	0	0	0	0	0	0	0	0	864	381	973	0	0	0	0	10	1	372	0	0	5	2	0	0	0	0	0	0	0	0	0	0	0	347	0	0	0	0	0	0	0	194	0	8902	0	0	4473	0	0	17	205	0	0	0	0	0	240	61	53	0	0	0	24	0	0	0	19	0	424	0	0	76	0	2	0	4	0	0	0	0	94	0	2	0	64	3768	3	0	31	6	57	0	0	0	0	0	195	244	0	0	3	228	0	0	0	0	0	0	0	0	920	208	0	0	0	0	0	0	3	0	6	0	0	12	0	0
np0583	0	0	17	0	2	41	801	43	2	0	84	60	1	22	7235	0	6	1	33	58	0	7	12	8	0	1	117	0	0	12	5	45	0	20	0	0	895	8	166	0	7	182	1573	254	31	128	0	16	31	88	602	71	636	0	0	4111	5343	0	6	3	0	0	0	0	0	0	0	131	0	0	0	269	88	0	2	0	0	0	0	9	1	0	12	0	0	4	0	13	0	0	0	60	248	20	0	82	0	0	0	0	3	2	67	36	2024	323	60	80	0	18	112	0	22	0	6	0	0	3155	711	0	0	0	19	75	15	48	117	311	1364	11	23	3	0	0	91	0	294	0	41	0	0	0	8	0	0	0	0	0	0	5	0	0	65	0	64	0	0	41	184	28	0	0	2	0	31	30	40	3	13	0	530	0	178	0	19	0	0	511	11	0	0	0	67	44	856	0	0	25	175	0	7	2	38	0	0	3	1	0	0	0	0	441	0	13	0	23	0	524	0	0	7	167	0	0	102	0	84	1517	27	0	271	35	0	0	0	297	2	0	25	0	218	0	30	26	15	6	0	0	0	0	3	637	148	53	8	8	14	15	18	344	0	0	1691	12	0	0	149	12310	0	19	13	0	13	5	0	0	64	0	0	0	0	0	0	0	0	0	0	0	0	0	0	0	0	0	0	30	40	0	21	31	3	0	0	0	0	833	51	0	0	129	0	60	0	3	0	27	46	0	0	0	3	9	0	0	0	0	0	48	0	24	2	18	104	0	0	86	136	0	260	0	14	0	0	0	0	111	0	407	0	0	0	0	0	0	0	77	0	6	0	0	17	0	11	0	0	19	0	21	0	0	32	0	0	0	0	1	0	0	0	0	0	0	0	0	0	0	0	0	590	0	0	0	0	96	2341	6	1	5221	0	0	43	0	0	0	0	0	0	17	0	28	0	6	241	21	2030	39	97	75	0	0	0	24	69	0	0	0	0	0	0	3	27	0	0	6	0	0	0	5	0	0	0	5	249	2	268	28	17	6	2	12	4	14	0	311	40	12	3	13	11	0	30	0	0	271	42	0	0	0	0	1206	278	3625	4	0	0	6	0	34	74	0	0	0	0	0	3	0	0	0	75	0	0	4	7	0	0	25	4	53	0	0	94	0	0	0	2	0	0	92	19	0	0	12	0	0	8654	0	2351	166	7891	255	0	12888	792	2310	77	584	696	0	0	0	682	122	37	106	0	1	0	10	43	0	0	0	0	105	9	0	183	62	38	0	5	0	0	11	8	0	3	0	0	0	7150	25	0	10	10	0	5	29	8	0	3	0	11	10	25	0	51	0	29	0	0	0	0	0	0	0	0	0	4	0	0	0	7	15	0	0	0	0	7	0	0
np0589	0	0	24	0	0	9	114	4	0	0	28	9	0	3	1095	0	3	0	14	13	0	6	0	3	0	3	18	20	0	4	0	35	0	13	0	0	188	0	37	0	0	48	469	49	16	17	0	5	1	8	143	33	94	0	0	859	401	0	16	0	0	0	0	0	0	0	0	29	0	0	0	45	45	0	4	0	0	0	0	0	0	1	6	0	0	1	0	8	0	0	0	34	110	16	0	31	0	0	0	0	0	0	26	2	262	41	26	17	0	5	20	0	4	0	4	0	0	280	17	0	0	0	0	10	4	9	28	20	84	0	5	0	0	0	0	0	18	0	3	0	0	0	0	0	0	0	0	0	0	0	0	0	9	0	13	0	0	22	67	2	0	0	0	0	6	0	13	2	0	0	48	0	24	0	7	0	0	163	19	0	0	0	16	38	219	0	0	0	37	0	1	0	10	0	0	0	0	0	0	0	3	77	0	0	0	7	0	54	2	0	0	9	0	0	7	0	0	250	0	0	9	20	0	0	0	63	0	0	2	0	25	0	5	8	7	2	0	0	0	0	0	138	30	18	3	7	16	17	0	80	0	0	1367	0	1	0	30	1395	0	9	30	0	8	0	0	0	5	0	0	0	0	0	0	0	0	0	0	0	0	0	0	0	0	0	0	18	19	0	20	16	2	0	0	0	0	211	19	0	0	9	0	2	0	3	2	10	24	0	0	0	0	0	0	10	0	0	0	11	0	22	0	18	26	0	0	14	27	0	54	0	0	0	0	0	0	12	0	63	0	0	0	0	1	0	0	7	0	0	0	0	0	0	0	0	1	0	0	5	0	0	0	0	0	0	0	0	0	0	0	0	0	0	0	0	0	0	0	0	108	0	0	0	0	24	0	9	0	3469	0	0	0	0	0	0	0	0	0	6	0	6	0	0	35	0	43	0	14	8	0	0	0	28	52	1	0	0	0	0	0	2	10	0	0	0	0	0	0	0	0	10	10	2	547	15	277	7	17	5	0	9	1	10	0	116	18	10	0	4	8	0	15	0	0	247	8	0	0	0	0	429	92	4745	0	0	0	2	0	23	35	0	0	0	0	0	0	0	0	0	22	0	0	0	9	0	0	13	3	23	0	0	40	0	0	0	0	0	0	18	16	0	0	0	0	0	2853	0	1833	22	3528	84	0	5963	502	609	33	218	331	0	0	0	327	49	19	22	0	0	5	0	8	0	0	0	0	11	0	0	54	32	13	0	5	0	0	0	6	0	0	0	0	0	432	11	0	2	5	0	2	20	6	1	0	0	5	0	6	0	42	0	18	1	0	1	0	0	0	0	0	0	0	0	0	0	0	8	0	0	0	0	1	0	0
np0590	0	0	0	0	320	0	157	0	0	162	582	59	21	26	565	5	35	31	27	129	20	28	53	12	0	12	5	24	16	0	8	96	0	0	27	0	286	32	0	0	0	232	936	243	30	1224	9	45	783	64	45	23	105	0	0	0	652	0	77	22	8	0	10	0	0	0	10	2853	0	0	0	325	2019	0	15	33	9	0	0	294	16	0	390	0	27	13	0	13	546	12	4	0	683	0	12	0	314	0	4	42	0	31	1669	87	1105	512	335	241	0	230	3177	31	0	48	12	2	0	4712	2798	0	322	8	5	92	13	25	124	10	324	20	14	0	0	43	14	81	45	2	0	0	16	6	31	35	4	0	20	134	15	0	0	293	0	0	0	0	30	0	4	0	0	0	8	0	15	51	123	24	9	0	252	125	215	0	71	405	51	1843	0	0	0	2585	0	18	4198	0	0	0	0	0	0	67	82	5	0	46	25	0	0	54	11	976	498	74	69	726	71	427	30	1	61	223	0	0	398	0	0	1380	0	0	5346	773	79	0	0	501	25	0	4	6	8	66	1183	0	0	99	0	11	0	52	16	627	0	45	14	9	104	132	47	1642	23	0	291	647	20	8	414	684	23	501	14	0	21	23	0	0	48	201	0	0	0	0	0	0	0	0	0	0	0	0	0	0	0	181	0	0	0	0	0	0	0	0	0	0	0	0	0	0	0	214	732	0	0	47	3	36	37	4	375	0	2308	0	0	9445	0	0	0	0	178	153	450	32	0	0	0	0	0	0	7	0	0	0	0	0	0	10	4	0	0	0	0	0	124	0	3	302	0	889	0	0	12	0	0	373	48581	0	0	93	0	0	3	399	0	8	0	745	0	0	0	0	0	0	0	0	0	0	351	0	0	0	0	0	0	66	31	280	144	316	0	0	189	2	0	0	0	1242	15794	92	82	139	35	7	979	42	579	17	96	61	0	0	0	319	1792	312	0	0	0	0	0	0	5	11	0	0	0	1	0	20	0	347	2	10	10	0	51	106	27	5	79	159	64	425	23	12	1604	471	299	16	61	10	49	0	21	652	0	0	1258	0	0	0	2207	1343	405	146	0	183	0	86	61	0	114	0	0	1190	647	2163	73	0	182	0	0	0	5	0	0	83	138	96	0	344	1147	15	0	13	2012	0	0	0	54	0	0	120	44	84	0	318	516	0	5653	64	837	12511	1251	0	139	3114	0	0	0	0	406	4870	63	135	0	26	0	92	584	31	0	19	0	190	0	0	364	80	414	618	6	0	0	0	0	26	37	0	0	0	0	11	0	207	64	131	109	63	1295	308	444	850	870	341	4	0	499	176	789	21	0	18834	1	0	0	561	56	39	0	0	0	0	0	0	0	8	0	0	16	0	0
np0592	0	0	2	9	10	8	1	0	1	28	60	0	14	6	400	462	1	4	4	6	0	3	4	6	5	5	14	0	58	6	10	46	27	0	4	3	211	1	14	0	12	111	194	37	16	481	4	14	55	35	16	4	13	9	0	0	397	19	22	11	10	3	7	23	24	45	0	793	19	0	3	14	152	5	21	0	9	0	100	11	4	10	48	14	11	21	0	286	20	25	48	0	287	5	0	7	5	12	3	17	4	5	194	8	92	43	55	47	0	27	119	9	0	0	7	6	17	101	79	146	0	36	7	9	6	20	35	20	36	0	0	8	9	0	38	26	21	3	14	12	53	0	5	1	75	76	10	7	0	17	0	108	159	46	40	11	2	8	6	17	4	1	11	5	15	8	10	3	6	9	109	15	34	19	7	13	4	387	16	0	35	11	0	6	318	7	9	3	48	0	0	9	18	2	3	0	0	2	5	2	6	70	149	15	0	42	13	8	4	1	4	38	20	0	53	0	0	365	8	3	311	130	0	0	4	29	23	0	3	2	16	4	64	3	11	8	3	0	0	0	2	68	0	13	2	3	6	20	1	66	0	0	112	55	2	2	151	244	0	19	20	0	4	9	10	0	7	35	51	29	77	37	82	49	51	30	14	7	0	16	21	8	17	7	13	0	0	49	0	0	22	20	12	449	206	0	0	240	26	26	25	0	4	6	0	5	9	1	0	20	56	69	10	331	43	8	110	0	0	34	18	6	13	0	15	4	0	9	60	5	0	9	10	11	4	59	25	11	23	8	89	1066	7	0	9	5	211	0	8	4	0	0	0	2	10	2	0	2	0	9	19	10	144	0	0	8	3	3	25	1295	135	26	16	17	3	14	0	14	93	3	14	29	20	27	8	143	0	46	0	207	0	0	41	17	17	69	347	37	8	25	0	0	88	0	195	5	13	0	188	48	19	20	213	60	5	6	3	4	8	2	9	1	0	0	3	0	86	4	5	13	0	9	4	0	0	16	20	13	1	15	4	45	0	20	492	58	56	4	17	6	37	11	57	222	7	159	209	43	40	74	1064	644	573	265	0	19	40	10	22	38	12	14	58	323	183	477	38	4	8	4	2	9	28	17	17	86	165	71	38	143	3	84	90	153	2	13	2	3	9	9	0	294	115	65	249	504	371	0	2015	154	24	4568	72	169	115	774	29	0	0	13	156	3311	127	118	0	2	0	26	20	3	11	5	8	29	0	24	52	12	15	54	3	12	0	0	0	0	1	1	42	110	92	14	1	22	5	53	1	28	40	32	21	42	282	47	16	1	99	8	44	0	8	10	2	1	0	31	0	5	0	5	0	1	2	41	0	24	22	20	1	8	0
np0593	74	7	161	532	410	11	0	86	0	84	205	24	0	64	2270	8	18	0	34	10	16	16	18	14	0	1	160	3	0	280	31	127	69	71	16	4	1574	2679	8	0	0	860	1223	1020	0	449	0	27	321	70	911	56	670	0	17	0	6402	0	28	17	0	0	0	0	0	0	0	1488	0	0	0	3057	587	2	32	0	5	4	0	44	15	7	95	0	2438	49	0	16	0	0	0	310	168	0	0	170	0	0	0	0	0	60	1298	396	1351	1887	940	131	206	0	942	24	55	0	27	31	0	2718	191	0	0	31	246	136	1	246	451	366	870	91	27	34	0	0	0	340	301	62	33	12	0	38	157	0	10852	0	0	0	13	140	1632	745	0	0	0	37	10	19	42	15	14	0	26	0	78	13	32	0	535	0	2884	13	374	0	167	3	81	4426	101	0	0	0	228	636	2945	0	0	10	2	0	3	40	48	0	0	2	11	0	0	0	0	6691	276	1331	0	98	48	245	0	0	19	732	1755	0	433	1442	0	2854	44	0	8269	3596	0	0	0	335	144	0	6	0	0	0	652	0	268	4	13	13	0	40	0	611	87	82	19	0	230	88	90	2167	61	562	1432	90	9	18	199	690	10	58	108	0	103	133	0	0	178	0	0	0	0	0	0	0	0	0	0	0	560	0	0	0	0	0	0	106	130	0	114	111	571	0	0	256	0	0	304	0	0	300	87	148	2	62	4	20	26	3	24	0	0	215	0	0	0	0	7860	216	0	0	7	0	543	1	0	174	0	0	415	0	0	0	0	0	0	0	0	409	0	0	0	1	0	0	27	868	0	406	0	0	85	3	43	7	0	70	0	199	0	2	283	0	0	0	2	2	0	0	0	0	0	0	0	0	0	0	0	0	14311	0	0	0	0	424	631	57	28	176	0	0	201	0	0	0	0	0	5629	193	107	87	7	13	1585	125	2235	127	283	50	0	0	0	85	167	48	0	5	0	0	22	4	76	7	0	179	0	0	12	141	0	30	0	16	2084	89	146	154	577	6	0	33	0	53	5	282	313	9	886	7	9	5	68	99	20	148	144	0	0	261	4	648	352	6036	0	0	29	100	0	29	68	44	0	140	0	321	70	268	0	0	5	34	12	20	17	0	0	109	81	65	0	247	0	0	0	0	374	0	0	1407	22	0	215	134	0	0	107	72	383	18	644	204	0	6276	31	1606	148	465	222	124	0	0	291	442	48	3970	52	22	57	359	29	0	0	0	0	1531	0	87	447	32	31	2243	0	3	2	12	157	0	0	90	0	232	17301	2300	0	92	113	55	37	120	21	4	80	1	207	49	20	0	121	0	0	1	0	0	0	0	0	728	0	0	15	0	0	0	9	150	0	133	0	0	23	0	0
np0594	2	0	0	1	13	214	0	0	0	0	115	0	6	23	370	0	12	0	3	2	0	9	6	0	0	13	6	0	14	12	0	8	0	22	0	0	912	18	6	0	0	189	434	26	38	266	0	10	21	38	12	18	148	42	0	0	1922	0	11	3	695	0	0	0	0	0	5	976	0	0	0	74	33	0	16	18	274	651	0	60	2	3	73	0	19	100	0	0	0	0	3	5	28	3	0	8	0	0	0	0	0	3	395	104	635	109	526	129	0	66	842	0	26	13	13	0	0	105	0	0	0	22	21	21	8	56	80	44	177	0	147	12	0	2	805	16	0	2	265	0	913	0	21	0	0	0	0	0	74	655	0	34	128	0	0	0	12	16	16	5	0	0	0	0	8	0	16	3	0	0	812	0	112	0	13	1	0	1110	17	15	0	0	0	211	287	0	0	0	20	0	0	15	8	0	0	0	1	0	0	0	0	47	5	0	8	39	8	50	0	0	0	49	73	0	385	0	0	740	0	0	7772	1361	0	0	0	177	0	1	26	0	0	0	204	0	6	2	46	12	9	0	0	456	0	34	3	4	1	35	32	145	0	0	236	612	0	76	533	862	5	108	0	0	27	105	0	0	26	48	0	0	0	0	0	0	0	0	0	0	0	0	0	0	0	0	0	0	2	0	3	4	148	0	0	75	0	0	36	41	47	22	130	6	0	2	0	13	13	0	0	17	25	0	0	51	0	0	487	19	0	7	102	0	50	0	0	98	140	0	89	0	117	0	0	0	0	0	0	108	0	0	0	0	66	0	7	262	0	17	0	0	11	0	27	0	0	5	0	52	0	0	23	0	0	0	0	0	0	0	0	0	0	0	0	0	131	327	535	0	2146	0	0	0	0	17	0	46	0	0	83	0	14	0	0	0	0	2079	1731	68	12	19	6	0	1076	34	970	35	227	31	0	0	0	0	190	149	0	0	0	0	0	2	4	2	4	0	0	0	0	2	2	32	0	1	14	22	3	27	3	1	0	13	0	16	8	78	66	18	24	2	0	0	32	23	2	19	0	0	0	86	0	1695	536	826	0	8	0	0	0	9	18	0	0	10	12	98	0	4	69	0	5	0	3	7	3	0	0	44	100	6	0	0	0	0	0	0	0	0	0	198	5	0	0	0	0	0	283	103	69	0	1468	50	0	4827	55	3139	20	172	168	217	0	0	144	208	0	2225	3	0	1	62	16	0	6	0	0	147	0	0	272	45	61	0	3	0	0	0	0	0	0	0	0	0	438	1	0	12	7	17	2	0	0	0	0	0	50	11	3	0	12	0	28	60	71	0	0	2998	6572	17	0	0	3	0	0	0	0	435	0	93	0	0	3	486	134
np0595	0	0	0	0	6	0	1315	0	0	0	1135	0	2	4	208	0	65	0	6	20	14	17	5	7	0	4	13	7	0	1	0	91	0	0	0	0	73	12	0	0	0	10	841	310	0	4	7	6	9	0	0	3	12	0	0	0	43	0	15	6	31	0	0	0	0	0	1	102	0	0	0	3	125	0	1	20	5	0	0	56	0	2	44	0	81	15	0	0	10	9	0	0	31	0	1	0	67	0	0	0	0	8	1805	9	65	1836	489	355	0	74	1008	0	0	3	0	1	0	436	11347	0	42	0	102	40	1	462	560	0	100	0	0	0	0	7	0	0	9	0	0	0	0	0	9	14	0	0	0	218	0	0	0	17	0	0	0	0	5	0	0	0	0	0	0	0	3	18	79	0	14	0	65	53	80	0	4	5	2	570	0	0	0	37	0	33	263	0	0	0	5	0	11	5	68	0	0	0	0	0	0	0	0	88	0	0	0	35	3	15	0	0	93	487	0	0	47	0	0	1316	0	0	1783	611	64	0	0	1609	5	0	8	0	7	34	473	0	0	18	67	14	7	0	50	591	0	6	14	2	10	5	23	201	0	0	100	32	7	1	680	102	180	216	1	0	5	17	0	0	111	13136	0	0	0	0	0	0	0	0	0	0	0	0	0	0	0	50	0	0	0	0	0	0	0	0	0	0	0	0	0	0	0	28	131	0	0	4	3	39	0	0	0	0	609	0	0	2723	0	0	0	0	3	2	20	0	0	0	0	0	0	0	0	0	0	0	0	0	0	5	0	0	0	0	0	0	31	0	0	1190	0	1203	0	0	8	0	0	1045	4035	0	0	18	0	0	2	188	0	4	0	1444	0	0	0	0	0	0	0	0	0	0	25	0	0	0	0	0	0	15	0	13	2	0	0	0	0	0	0	0	0	133	1322	107	100	5	2	0	199	0	603	53	185	103	0	0	0	5	30	0	0	23	0	0	0	0	0	24	19	0	0	141	0	8	0	56	0	0	0	0	124	3	0	2	0	14	2	107	0	0	98	10	4	0	0	0	6	0	2	170	0	0	9417	0	0	0	132	1728	544	22	0	754	0	5	14	0	50	0	0	47	27	105	0	0	1037	0	0	0	1	0	0	9	15	8	0	40	80	0	0	60	6340	0	0	0	0	0	0	28	5	17	0	103	367	0	758	2	0	1524	15	0	9	449	0	0	0	0	11	160	8	29	0	4	0	14	1	0	0	4	0	13	0	0	199	22	18	13	1	40	0	0	0	4	13	0	0	2	0	34	0	0	0	6	4	0	28	19	12	62	65	12	1	0	65	14	58	8	0	1588	0	0	0	13	0	2	0	0	0	0	0	0	0	0	0	0	3	0	0
np0601	0	0	0	0	24	9	0	0	0	28	63	0	5	0	42	0	7	0	5	9	0	2	0	1	0	0	5	22	0	0	1	30	0	0	0	0	79	11	0	0	1	56	449	88	0	39	0	19	14	3	8	4	60	0	0	0	9	0	16	1	9	0	0	0	0	0	0	282	0	0	0	20	262	0	1	7	0	0	0	1563	106	34	784	0	20	2	0	0	67	9	3	0	104	0	0	0	60	0	0	5	0	12	1793	6	33	1554	560	381	0	116	1372	41	0	1	0	0	0	26	20135	0	30	0	15	53	6	106	451	6	162	0	0	4	0	12	0	5	5	0	0	0	1	0	7	4	0	0	3	12	6	0	0	41	0	0	0	0	4	0	0	1	0	0	0	0	5	24	4	1	18	0	361	20	21	0	5	12	5	1433	0	0	0	48	0	0	1241	0	0	1	9	0	0	8	14	0	0	8	5	0	0	4	2	327	13	19	5	33	5	22	1	0	55	5	0	0	42	0	0	388	0	0	735	289	41	0	0	291	5	0	0	0	0	28	60	0	0	39	6	3	0	1	4	34	0	4	6	3	14	26	5	162	0	0	100	136	5	2	192	74	2	19	0	5	3	9	0	0	223	690	0	0	0	0	0	0	0	0	0	0	0	0	0	0	0	59	0	0	0	0	0	0	0	0	0	1	0	0	0	0	0	42	107	0	0	2	3	4	2	2	23	0	369	0	0	1785	0	0	0	0	37	19	87	4	0	0	0	0	0	0	3	0	0	0	0	0	0	0	2	0	0	0	0	0	3	0	0	76	0	93	0	0	3	0	0	64	2144	0	0	4	0	0	0	111	0	1	0	130	0	0	0	0	0	0	0	0	0	0	172	0	0	0	0	0	0	17	0	12	14	14	0	0	43	0	0	0	0	81	399	21	22	12	0	0	355	0	281	36	139	56	0	0	0	4	52	7	0	2	0	0	0	2	0	932	23	0	0	26	0	12	0	11	0	3	1	0	28	29	3	0	4	16	6	13	0	0	124	38	13	0	10	1	0	0	7	420	0	0	532	0	0	13	515	834	320	61	0	409	0	13	16	0	22	0	0	94	69	193	0	0	62	0	0	2	0	0	0	17	93	61	0	23	82	4	0	18	706	0	0	0	15	0	0	25	11	9	0	104	244	0	1377	7	0	2532	35	0	9	1291	0	0	0	0	0	1030	11	44	0	5	0	27	3	0	0	23	0	37	0	0	45	23	24	48	1	0	0	0	0	0	3	0	0	0	0	51	0	23	4	29	16	6	110	20	45	99	67	61	0	0	68	26	119	0	0	755	0	4	0	64	0	1	0	0	0	0	0	0	0	0	0	0	1	2	0
np0604	0	0	0	3	12	0	0	7	0	0	218	0	0	9	261	0	23	0	89	151	0	28	10	8	0	0	6	0	0	3	0	18	90	0	0	0	631	7	51	0	0	225	418	24	0	832	10	27	101	130	0	30	21	0	3	0	21	0	97	4	0	0	0	0	0	0	1	176	0	0	0	0	134	1	0	0	141	0	1	9	19	23	63	0	16	51	0	31	23	1	0	0	546	46	54	14	39	19	0	0	122	11	1008	3	318	48	110	103	0	26	144	0	0	9	27	0	0	5	14	0	1	150	6	0	31	0	22	131	2	0	0	0	0	0	0	0	0	0	0	0	0	0	0	0	2	0	0	0	0	3	0	0	0	0	0	67	0	0	2	7	1	0	0	0	24	11	62	0	21	121	88	6	48	0	611	2	345	937	0	0	0	0	49	232	732	0	0	0	191	126	0	59	51	0	0	113	0	0	0	0	0	37	12	0	120	80	118	91	384	4	0	216	62	0	107	54	0	258	0	4	540	93	0	0	0	38	80	13	2	46	0	0	53	0	0	14	0	0	0	0	55	756	9	6	4	246	265	69	5	365	32	32	706	408	24	11	6	16	10	102	155	222	19	22	0	0	91	0	0	0	0	0	0	0	0	0	0	0	0	0	0	0	0	97	91	0	0	0	0	0	0	0	0	0	0	0	0	0	0	75	445	0	0	5	0	6	0	0	0	0	166	0	0	968	0	0	0	72	0	28	339	15	406	0	0	0	0	0	0	0	0	0	0	0	0	0	0	0	0	0	0	0	0	0	0	3	0	0	0	0	0	0	0	0	0	0	0	0	0	0	2	4	0	0	0	0	0	0	0	0	0	0	0	0	0	0	2398	0	0	0	0	0	1335	53	6	6	1	0	0	0	43	249	0	0	0	3	30	84	8	6	0	6	295	0	122	0	48	0	0	0	0	0	29	1	0	0	0	6	0	5	4	30	6	0	0	1630	0	0	0	0	0	3	0	0	2	8	0	29	0	3	11	31	0	27	81	135	46	11	8	0	59	0	20	19	0	4	45	0	0	4	2025	497	137	3	9	35	0	16	2301	0	0	11	0	139	66	112	70	0	2	2	0	3	15	0	0	162	53	19	0	27	2	8	21	53	14	0	0	0	6	0	2	30	7	9	1298	60	1382	123	1518	220	0	6133	31	2115	176	556	111	30	0	0	446	104	144	49	0	1	0	17	0	123	1023	0	0	704	0	0	118	19	12	0	3	0	0	0	1	166	0	0	0	4	0	0	0	3	29	26	0	0	10	0	17	0	34	34	0	2	105	0	60	3	0	3	0	0	0	0	0	237	0	16	394	0	13	481	364	184	0	0	8	0	0
np0607	0	0	0	2	0	0	0	2	0	0	48	7	0	11	9297	0	0	0	0	0	0	0	0	5	0	0	0	37	0	0	0	15	7	4	0	0	333	9	0	0	0	0	47	37	0	161	0	5	11	8	0	6	101	0	0	0	1473	0	0	1	13	0	0	0	0	0	0	662	0	0	0	0	22	0	0	16	0	13	0	0	0	0	0	0	10	0	0	0	6	0	0	0	32	0	13	0	0	0	0	0	0	0	89	10	54	41	9	55	0	9	62	0	0	0	0	0	0	7	13	0	0	0	0	0	3	0	27	5	17	0	0	0	0	0	17	0	0	0	0	42	0	0	1	1	95	0	0	33	3	9	0	5	0	0	0	3	0	0	0	0	0	0	0	0	3	5	7	0	1	0	50	0	33	0	15	0	0	156	0	105	0	0	0	82	80	0	0	0	161	62	0	0	0	0	0	3	0	0	0	0	0	29	0	0	0	21	5	16	0	0	0	413	93	0	8	0	13	178	0	0	95	57	0	0	0	29	9	5	0	0	10	13	15	0	6	4	0	0	0	0	0	136	0	9	0	0	4	8	0	70	0	0	13	14	0	0	24	30	3	51	1	12	17	8	0	0	28	735	0	0	0	0	0	0	0	25	0	0	0	0	0	0	0	0	0	0	0	52	0	0	0	0	0	0	0	0	0	0	16	8	26	0	0	0	0	3	0	0	0	0	607	369	0	1171	0	0	0	0	0	0	13	0	3	0	0	0	0	0	0	0	0	34	0	0	0	28	0	0	0	0	0	6764	25	0	1042	271	0	0	0	0	0	0	0	4	74	0	0	2	0	0	869	3180	0	882	0	34	0	0	0	0	0	0	0	0	0	0	0	0	0	0	0	0	0	9	0	14	0	0	0	0	0	0	0	101	0	349	40	5	0	0	0	0	225	0	32	0	25	0	779	0	0	9	40	0	0	0	55	0	0	3	0	0	4	0	0	0	0	0	0	0	0	0	0	0	9	0	0	0	0	0	0	22	0	0	39	4	18	0	0	0	0	1	5	20	0	63	19	0	10	0	92	96	0	3	3	0	0	2	0	0	0	0	10	29	0	36	0	4	0	0	0	3	5	0	0	11	11	6	0	0	0	0	0	0	0	0	0	0	0	0	0	6	0	0	50	116	62	0	318	363	0	561	13	0	18	311	0	0	24	0	42	144	0	85	0	1	0	14	2	0	0	0	0	20	0	0	61	8	0	0	0	5	2	0	0	176	0	0	0	821	0	23	0	1	7	12	0	0	0	3	0	2	15	10	0	0	7	0	3	13	179	395	1	1810	60	0	0	31	0	0	0	0	4	2	0	0	0	0	0	0	0
np0612	0	0	16	0	43	0	28	1	0	0	133	95	0	0	1307	0	0	0	15	13	7	2	0	9	0	2	7	0	0	0	0	0	0	12	0	0	114	0	22	0	0	62	139	83	0	353	0	7	108	11	38	4	65	0	0	723	2763	0	0	6	0	0	0	0	0	0	0	349	0	0	0	956	194	0	0	0	0	0	0	7	4	3	12	0	0	0	0	0	0	0	0	28	206	27	0	104	0	0	0	0	4	0	112	2	217	55	42	0	0	19	156	0	22	6	2	0	0	2069	180	0	0	0	10	69	0	6	45	91	216	0	0	0	0	0	11	6	10	0	52	0	0	15	11	0	0	0	0	0	0	25	2	3	219	0	273	0	12	19	0	0	0	0	4	0	18	37	9	0	0	0	90	0	22	0	42	0	0	267	17	0	0	0	20	31	452	0	0	24	0	0	0	12	10	0	0	10	0	0	0	0	0	100	43	0	0	40	0	521	4	0	3	21	0	0	48	0	14	290	7	0	258	111	0	0	0	200	0	0	2	0	79	0	26	28	21	14	0	0	0	0	0	36	2	9	4	1	0	28	10	78	0	0	113	9	0	0	7	182	0	39	10	0	4	0	0	0	16	0	0	0	0	0	0	0	0	0	0	0	0	0	0	0	0	0	0	3	1	0	6	0	2	0	0	0	0	37	13	0	0	68	6	5	3	1	0	2	14	0	0	0	0	0	0	0	0	0	0	48	0	0	0	0	79	0	0	50	63	0	149	0	0	0	0	0	0	62	0	209	0	0	0	0	0	0	0	9	0	0	0	0	5	0	0	0	0	8	0	0	0	0	6	0	0	0	0	0	0	0	0	0	0	0	0	0	0	0	0	0	252	0	0	0	0	84	137	30	22	1195	0	0	657	0	0	0	0	26	0	19	0	44	0	7	301	15	95	5	15	12	0	0	0	149	352	19	0	0	0	0	0	0	32	0	0	1	0	0	0	0	0	0	0	2	0	0	0	50	0	3	0	5	6	86	0	260	69	31	12	2	12	0	82	0	0	180	9	0	0	0	0	550	271	1046	0	0	0	15	0	37	83	0	0	0	0	2	0	0	0	0	20	0	0	11	22	0	0	8	0	11	0	0	7	0	0	0	0	0	0	24	29	0	0	2	0	0	1608	0	378	27	676	98	0	2797	175	597	76	1264	1876	0	0	0	1944	92	30	87	5	0	0	14	221	0	0	0	0	153	0	0	77	14	13	25	0	0	0	0	0	0	0	0	0	0	387	38	0	39	25	0	4	19	0	3	0	0	13	9	43	0	100	0	0	0	0	0	0	0	0	26	0	0	32	0	3	0	0	21	0	0	0	0	0	0	0
np0613	0	0	0	0	17	0	106	0	0	4	180	15	8	7	13	0	17	0	9	32	7	8	3	0	0	4	5	14	10	0	0	46	3	0	14	1	171	16	0	0	0	65	483	201	0	56	3	22	35	0	6	3	69	0	0	0	95	0	26	2	0	0	0	0	0	0	0	384	0	4	0	18	370	0	4	6	2	0	0	22	0	0	54	0	26	0	0	5	17	10	0	0	48	0	0	0	62	0	12	3	5	11	462	9	115	394	137	114	0	47	611	0	0	7	7	0	0	1344	5494	0	39	3	20	45	7	78	228	6	227	13	8	0	0	10	0	12	13	0	0	0	3	0	12	3	0	0	2	99	0	0	0	34	0	0	0	1	5	0	0	0	0	0	0	0	0	11	8	5	18	0	32	53	30	0	5	18	5	360	0	0	0	29	0	2	742	0	0	0	0	0	0	0	15	0	0	9	2	0	0	6	0	88	17	0	3	70	0	41	0	0	346	8	0	0	52	0	0	497	0	0	1428	251	33	0	0	369	6	1	0	0	0	29	360	0	0	24	0	0	0	3	6	92	0	0	5	0	7	4	15	331	0	0	55	106	5	1	242	78	18	84	4	0	14	6	0	0	32	1245	0	0	0	0	0	0	0	0	0	0	0	0	0	0	0	119	0	0	0	0	0	0	0	0	0	0	0	0	0	0	0	44	218	0	0	8	1	11	3	0	14	0	572	0	0	2734	0	0	0	0	13	6	34	1	0	0	0	0	0	0	0	0	0	0	0	0	0	2	1	0	0	0	0	0	51	0	0	326	0	512	0	0	0	0	0	389	11453	0	1	32	0	0	0	228	0	9	0	487	0	0	0	0	0	0	0	0	0	0	140	0	0	0	0	0	0	4	0	26	10	17	0	0	34	0	0	0	0	294	2896	25	30	8	0	0	166	0	173	11	43	27	0	0	0	19	72	21	0	0	0	0	0	0	1	8	0	0	0	31	0	4	0	89	0	7	0	0	47	4	4	3	11	26	0	143	0	0	200	44	25	3	8	0	4	0	3	237	0	0	3438	0	0	0	295	1248	371	51	0	351	0	22	15	0	50	0	0	105	72	261	10	0	359	0	0	0	16	0	0	38	29	14	0	64	204	0	0	21	2421	0	0	0	12	0	0	82	18	23	0	196	363	0	866	2	36	2027	56	0	15	783	0	0	0	0	23	399	19	21	0	2	0	14	19	0	0	11	0	16	0	0	63	21	71	90	0	0	0	0	0	4	0	0	0	0	0	4	0	9	2	14	19	13	68	47	27	129	146	28	0	0	87	14	102	11	0	4637	0	0	0	53	4	2	2	0	0	0	0	0	0	3	0	0	2	0	0
np0614	0	0	0	0	50	5	0	0	0	48	72	17	36	8	320	3	6	0	12	31	0	8	15	4	0	10	6	9	7	0	2	31	0	0	8	1	138	24	0	0	0	88	500	134	0	126	7	26	60	18	15	23	93	0	0	0	36	0	19	6	7	0	3	0	0	0	2	761	0	0	0	30	444	0	1	16	3	0	0	585	16	14	262	0	4	205	0	2	232	4	0	0	247	0	5	0	78	0	0	7	0	17	1062	19	238	799	568	208	0	150	2257	21	0	6	0	0	0	43	4822	0	114	10	10	54	13	30	170	0	151	3	6	8	0	29	7	26	28	0	0	0	5	0	12	2	13	0	4	69	6	0	0	118	1	0	0	2	6	0	5	0	0	0	0	0	7	32	15	21	110	0	420	27	35	0	20	29	26	615	0	0	0	131	0	1	1307	0	0	0	9	2	0	26	14	0	0	9	17	0	0	37	17	58	19	9	12	101	24	61	0	0	250	8	13	0	182	0	0	811	0	0	2887	477	39	0	0	151	18	0	2	0	0	34	30	0	0	40	2	0	0	0	0	95	0	4	9	0	11	30	12	439	0	0	193	520	21	0	139	240	0	38	11	4	42	25	0	0	24	1518	0	0	0	0	0	0	0	0	0	0	0	0	0	0	0	104	0	0	0	0	0	0	0	0	0	0	0	0	0	0	0	97	380	0	2	11	4	19	9	0	67	0	876	0	0	4375	0	0	3	0	175	87	339	16	0	0	0	0	0	0	5	0	0	0	0	0	0	1	0	0	0	0	0	0	3	0	0	48	0	40	0	0	4	0	0	22	1112	0	0	0	0	0	2	81	0	0	0	87	0	0	0	0	0	0	0	0	0	0	350	0	3	0	0	0	0	21	15	45	117	58	0	0	89	0	0	0	0	282	1331	38	18	25	10	0	508	0	450	17	120	38	0	0	0	21	152	35	0	0	0	0	0	1	2	0	0	0	0	4	0	36	0	233	0	14	9	0	67	78	11	0	11	37	14	100	2	0	431	67	48	3	10	0	3	0	0	428	0	0	514	0	0	8	587	667	217	34	0	258	0	19	23	0	14	0	0	107	69	260	14	0	26	0	0	0	0	0	0	23	97	73	0	32	152	0	0	14	488	0	0	0	19	0	0	31	0	5	0	126	150	0	1880	13	11	2396	86	0	11	908	0	0	0	0	0	911	7	94	0	22	0	59	29	14	0	7	0	64	0	0	39	13	101	177	1	8	2	0	0	1	1	0	0	0	0	83	0	43	15	24	16	11	254	28	79	110	79	66	0	0	52	99	369	1	0	456	0	0	0	273	17	8	0	0	0	0	0	4	0	0	0	0	2	0	0
np0615	0	0	0	0	13	0	0	3	0	0	43	0	0	2	301	0	4	16	10	21	0	6	4	6	6	13	0	0	0	0	0	95	24	0	0	0	118	8	0	0	15	54	94	9	13	319	46	141	75	24	3	7	60	0	0	0	13	0	47	0	11	0	0	0	0	0	0	628	0	104	45	0	126	0	10	18	36	0	0	11	5	0	36	0	0	4	0	9	211	4	0	0	129	0	4	19	21	18	72	12	11	16	485	17	134	84	170	35	0	300	1099	0	0	7	7	7	0	9	0	0	30	25	0	0	2	6	13	1	23	0	0	1	6	0	0	0	20	26	0	0	0	2	3	0	0	0	0	0	0	0	0	6	0	0	8	0	0	0	0	0	0	0	0	0	42	55	55	52	0	0	303	5	123	0	11	0	4	808	4	115	0	0	0	12	1183	0	0	0	17	0	0	10	7	0	0	3	1	0	0	0	3	37	6	0	29	371	82	243	0	5	29	0	117	0	290	0	0	797	0	0	1526	662	0	0	0	118	21	0	8	1	9	17	80	0	16	39	0	0	0	0	8	208	7	20	7	0	0	2	9	52	0	0	152	44	6	10	507	767	10	29	0	0	0	5	0	0	5	0	0	0	0	0	0	0	0	0	0	0	0	0	0	0	0	0	0	0	0	0	0	0	0	0	0	0	0	0	0	70	0	37	135	0	0	2	1	26	9	21	0	0	246	0	0	634	0	0	0	0	0	26	9	13	3	0	0	0	0	0	12	0	0	0	0	0	0	370	304	0	127	0	0	12	3179	0	1108	848	0	0	10	19	0	1041	6	0	92	0	0	10	0	0	17	3616	0	8	5	1204	0	0	0	0	0	0	0	0	0	0	0	0	0	0	0	0	0	40	0	155	20	103	0	0	274	0	0	0	0	589	0	65	0	12	8	0	18	0	68	0	20	0	19704	0	0	84	168	25	0	0	7	0	0	24	11	2	6	0	0	0	0	0	0	1	0	2	0	0	2	41	0	0	0	49	5	77	0	0	3779	60	44	11	7	0	111	57	0	39	163	0	29	0	791	0	510	57	85	17	28	6	12	0	6	0	0	0	0	88	23	112	0	0	2	2	0	0	5	0	0	20	28	0	0	109	84	554	0	0	0	32	0	0	19	0	0	255	0	0	139	2517	135	0	2768	255	241	662	5	0	258	301	42	0	0	0	173	490	14	63	0	0	0	17	0	0	0	0	0	1268	0	64	146	2	12	0	1	0	0	0	0	0	1	0	0	0	0	65	176	21	9	277	0	34	13	0	6	84	82	1	16	0	202	0	3	270	8	2822	0	0	0	263	0	8	0	0	0	0	7	0	0	27	14	6	4	0	0
np0616	6	39	64	29	34	0	0	56	13	110	305	38	59	61	557	5	10	32	35	44	15	33	26	55	33	18	200	5	144	39	55	171	262	24	39	42	2007	44	58	56	30	701	1229	356	84	2452	27	50	245	216	199	81	397	76	0	5	2303	121	157	30	26	0	8	153	129	182	10	5042	108	9	0	257	846	20	138	7	11	0	621	22	24	19	151	77	45	42	33	2408	122	171	372	3	1545	19	10	74	39	39	17	75	29	47	918	64	596	256	205	247	0	362	1466	53	50	17	42	41	123	1794	822	624	0	105	9	13	50	92	160	138	254	0	0	0	35	100	199	163	486	5	180	49	548	10	145	40	798	801	90	48	75	279	32	676	713	156	150	26	14	88	23	77	22	92	95	86	52	18	55	22	16	18	201	91	181	76	84	107	35	3567	307	16	439	101	0	37	4318	53	163	0	2	0	0	30	45	0	40	8	26	120	0	42	58	809	1506	0	0	214	54	59	69	12	29	562	302	45	454	36	0	2307	45	17	4419	699	39	85	75	468	104	13	15	10	187	35	371	14	102	11	8	0	0	0	6	527	11	45	17	9	49	89	47	661	38	80	571	133	29	12	1114	2031	34	114	66	0	24	47	0	0	38	91	193	160	345	327	82	64	0	44	40	3	6	0	0	0	0	59	76	0	0	183	0	2	128	61	62	1284	553	16	3	1071	41	264	416	31	60	86	24	40	46	6	12	177	372	502	138	2146	322	79	736	0	20	238	79	41	58	7	47	13	6	0	267	48	8	36	37	14	18	250	60	47	94	33	640	6106	103	39	41	91	1671	0	70	43	2	0	0	16	5	19	0	13	10	72	172	43	536	0	0	93	24	61	346	7227	1304	91	65	69	9	24	2	120	1034	49	442	183	293	124	0	1152	31	109	14	0	468	12	0	97	76	381	2645	436	97	103	34	0	449	9	832	13	51	29	544	525	148	202	1327	181	129	34	10	55	0	0	0	7	0	2	52	0	267	62	46	114	20	51	88	8	3	69	31	78	0	75	57	188	5	143	1806	337	370	34	71	105	275	73	626	441	43	609	701	90	0	279	6707	2653	2017	1337	15	139	53	31	57	2	45	74	58	2015	1298	2931	197	16	25	16	0	151	265	13	0	483	640	296	0	1135	20	491	541	1457	14	69	0	11	44	78	5	871	519	247	1727	4328	2454	42	7908	810	91	18463	428	826	680	3762	260	0	0	0	636	4342	799	180	0	12	0	42	16	41	75	0	46	295	0	145	405	53	124	310	10	3	0	0	1	0	0	115	1510	767	2548	41	81	77	94	289	12	97	106	135	74	126	1180	85	111	5	500	7	196	2	70	169	29	11	4	395	28	47	10	21	0	20	7	342	23	129	426	268	9	26	11
np0617	0	0	0	0	0	0	7	3	0	4	97	0	1	1	98	0	0	0	0	0	0	2	2	1	0	0	0	0	0	3	0	4	8	1	0	0	15	0	0	0	0	0	0	0	0	68	0	3	193	0	0	4	8	0	0	0	6329	0	0	13	0	0	0	0	0	0	0	119	0	0	0	0	60	0	47	0	0	0	0	807	0	0	5634	0	0	0	0	2	13	0	1907	0	106	0	51	0	32	0	27	0	54557	10	14592	0	910	2	0	0	0	0	6	0	0	0	9	6	0	0	0	0	0	0	0	0	10	0	4	0	0	0	0	4	0	0	0	0	0	0	0	0	0	0	0	0	0	0	0	0	0	0	0	0	0	0	0	3	0	0	0	0	0	0	0	0	2	4	0	0	6	0	6157	15	0	0	151	0	0	0	0	0	0	0	0	1	0	0	0	0	64	0	0	223	19	6	0	24	1	0	0	0	0	16	0	0	0	805	0	934	0	1	0	8	0	0	43	0	0	8	0	0	47	5	0	0	0	1	59	0	0	114	0	0	62	0	0	7	57	30	8	0	79	765	0	3	92	2206	15	51	3	2	0	0	10	0	0	0	9	4	0	5	0	0	0	0	0	0	33	0	0	0	0	0	0	0	0	0	0	0	0	0	0	0	0	0	0	0	0	0	0	0	0	0	0	0	0	0	0	0	0	0	45	0	0	0	0	354	0	0	0	0	0	0	0	0	0	0	0	0	0	2	22	0	21	0	0	0	0	0	0	0	0	0	0	0	0	0	0	0	0	0	0	0	0	0	0	0	5	0	0	0	0	0	0	0	0	0	0	0	0	0	0	0	0	0	0	0	0	0	0	0	0	0	0	0	0	0	1	0	0	0	0	0	0	319	0	3	0	3133	0	0	600	0	0	0	0	0	0	0	0	3	0	0	95	0	26	0	2	0	0	0	0	0	0	0	0	0	0	0	0	2	12	0	0	0	0	0	0	0	0	0	0	0	0	0	6	81	0	3	0	39	24	7	48	0	367	0	17	8	0	0	0	0	20	473	0	0	0	0	0	0	3090	0	0	779	0	0	0	141	152	0	0	0	0	41	26	50	0	0	0	0	0	0	0	0	0	0	36	0	0	0	0	0	0	0	0	0	0	0	0	0	0	0	0	0	0	0	22	0	215	0	0	2074	0	0	0	13	0	0	0	0	0	18	30	5523	0	3396	31	2785	1	0	0	0	0	2037	0	0	1	1	19	0	13	863	66948	0	0	0	0	0	0	0	0	0	0	15	19	20	0	0	0	0	0	1	80	0	2	3	136	0	0	0	0	0	0	0	0	2155	0	99	0	0	0	0	10	0	0	0	0	0	0	0	0
np0619	0	0	0	0	5	58	908	0	0	0	356	0	0	1	2122	0	67	0	0	10	45	17	9	6	0	0	6	4	0	0	0	81	0	0	0	0	34	0	0	0	0	5	733	93	0	77	38	290	289	82	3	3	6	0	0	0	44	0	9	8	52	0	0	0	0	0	2	53	0	0	0	2	156	0	0	90	0	0	0	84	0	5	64	0	346	44	0	1	16	32	0	0	60	0	0	0	86	0	0	0	1	8	5924	9	49	5760	726	777	0	103	904	10	0	35	0	0	0	332	17896	0	228	4	238	15	2	1063	1076	0	37	5	28	0	0	369	0	0	6	0	0	0	0	0	6	31	0	0	0	88	2	0	0	15	0	0	0	0	1	0	0	0	0	0	0	0	0	9	797	0	5	0	113	61	765	0	6	0	4	1259	0	0	0	609	0	169	181	0	0	0	9	0	3	7	340	0	0	0	1	0	0	1	1	315	307	13	0	10	0	5	0	0	359	2017	0	0	72	0	0	3226	0	0	2169	2477	10	0	0	5458	10	0	58	0	5	99	258	0	0	22	1356	507	287	12	39	2987	0	2	36	0	8	5	42	75	0	0	183	0	0	3	971	2103	11	237	4	0	4	27	0	0	140	11020	0	0	0	0	0	0	0	0	0	0	0	0	0	0	0	14	0	0	0	1	0	0	0	0	0	0	0	0	0	0	0	31	69	0	0	8	0	77	0	2	0	0	423	0	0	2105	0	0	0	0	4	18	80	7	0	0	0	0	0	0	3	0	0	0	0	0	0	1	0	1	0	0	0	0	21	0	0	6391	0	5520	0	0	52	0	0	5403	375	0	0	10	0	10	14	3102	0	0	0	7968	0	0	0	0	0	0	0	0	0	0	5	0	0	0	0	0	0	11	0	0	0	0	0	0	0	0	0	0	0	80	741	159	462	3	5	0	402	0	1108	77	411	167	0	0	0	10	179	31	0	2269	0	0	0	0	2	158	0	0	0	757	0	10	0	67	0	0	0	0	52	0	0	0	1	4	3	35	5	0	52	18	3	0	0	0	10	0	2	154	0	0	11305	0	0	0	63	1148	378	63	0	280	0	8	2	0	36	0	0	22	5	58	0	0	1002	0	0	0	2	0	0	41	35	11	0	3	5	0	0	122	11783	0	0	0	0	0	0	34	10	12	0	114	402	0	387	1	0	2308	93	0	4	178	0	0	0	0	0	107	14	67	0	0	0	15	0	0	0	0	0	9	0	0	837	14	21	6	1	33	9	0	3	13	6	0	0	0	0	51	0	0	2	5	0	0	9	7	4	21	17	12	0	0	39	14	58	5	0	134	0	0	0	8	0	0	0	0	0	0	0	0	0	0	0	0	44	0	0
np0623	3	1	1	23	0	104	44	12	158	134	122	0	0	1	0	3	34	51	4	2	0	0	19	5	16	0	9	13	54	24	29	74	131	68	50	17	2567	14	26	191	21	105	880	56	105	1008	20	104	613	311	70	55	198	79	0	0	536	36	62	11091	102	28	0	619	61	0	3	4207	49	0	0	4	55	2	18	62	166	28	0	105	15	8	303	3	4	4	34	270	11	36	8	0	162	0	0	8	15	12	19	7	50	15	3884	29	970	27	138	249	0	92	575	16	14	0	6	1	7	100	38	332	2	12709	68	0	86	251	298	1	8	78	166	28	9	55	12	0	35	0	264	11	36	0	0	658	1505	1652	2	73	9	236	0	2214	0	4	3	0	25	4	45	7	0	327	13	2	55	28	83	3	99	254	580	5	1133	65	10	0	1	2053	0	14	244	18	0	27	618	12	48	262	210	182	8	1186	308	35	5	0	1	10	3	15	6	11	31	0	325	309	235	258	0	3	0	3	4	0	45	0	84	2543	135	24	33	215	0	0	32	159	5	18	58	11	67	13	5134	0	90	30	283	116	73	0	0	1278	66	12	2	4	5	13	6	53	0	5	90	8	9	9	795	1411	11	188	308	1	112	230	33	11	3	37	13	52	24	19	92	44	23	46	13	0	0	12	19	5	27	20	20	2	0	16	0	3	16	21	20	234	104	0	0	5199	19	61	219	25	32	17	25	38	5	0	14	0	5	6	0	37	2	0	11	0	1	34	64	11	20	0	69	10	24	0	318	30	20	74	83	0	0	187	61	28	153	69	83	4160	74	0	85	330	172	25	8	225	112	1	95	2	18	3661	0	21	0	4950	4102	2662	489	0	0	24	3613	329	9	5699	30	7	4	5	0	9	0	234	1972	79	321	337	180	74	0	9	2	61	0	0	6	0	16	3	0	113	376	1044	125	19	9	2	320	0	394	44	64	50	522	230	105	66	405	338	65	3	51	43	58	13	20	4	56	0	8998	28	7	21	23	41	13	22	2	1	32	28	8	17	0	18	0	28	0	59	1347	51	73	20	17	44	12	5	38	60	4	64	69	11	0	32	172	547	339	81	0	14	35	30	7	10	6	10	52	99	45	135	15	0	5	9	0	9	49	7	8	133	226	75	16	4	0	52	5	59	1	7	0	0	19	4	0	196	53	34	99	146	168	0	1706	152	0	9803	91	222	24	229	8	0	0	10	17	551	36	275	16	2	3	98	0	0	23	0	11	1543	72	36	538	23	5	43	0	4	1	5	24	0	3	41	655	3514	1394	302	5	16	6	908	36	370	516	609	383	833	4504	700	11	3	287	6	44	4	94	6	51	1	1	4	0	8	0	0	0	0	62	102	0	234	487	340	41	23	0
np0624	0	0	0	1	0	16	1	2	0	4	24	10	0	1	5	0	3	0	5	9	0	1	0	4	0	0	4	9	0	19	0	19	0	14	0	0	117	8	8	0	0	3	39	72	3	34	0	0	24	3	35	2	9	0	0	0	128	0	7	0	0	0	0	0	0	0	0	111	0	0	0	22	1	0	0	0	6	20	0	2	0	0	10	0	29	4	0	0	0	0	0	0	6	0	0	1	0	0	0	0	0	0	64	11	37	4	19	5	2	0	23	0	0	0	3	0	0	9	0	0	0	0	2	0	2	9	28	12	33	71	24	10	0	0	0	0	25	0	20	0	0	0	1	0	72	0	0	0	0	1	18	75	0	0	0	0	0	0	0	10	0	0	6	0	5	0	5	0	21	0	164	0	30	0	0	0	0	237	5	0	0	0	8	159	108	0	0	2	26	0	13	0	2	0	0	0	0	0	0	0	0	25	0	6	0	32	23	161	0	0	0	24	0	0	0	0	0	822	9	0	63	701	0	0	0	19	0	0	0	0	0	0	45	0	17	0	0	7	0	8	3	89	13	3	0	0	32	0	2	145	0	46	74	0	0	0	1	1	0	4	23	3	0	0	0	0	24	0	0	0	0	0	0	0	0	0	0	0	4	0	0	0	0	0	0	28	33	0	25	24	13	0	0	6	0	0	2	0	0	13	0	14	0	0	2	2	6	0	0	0	0	0	0	0	0	0	256	12	0	0	0	0	15	0	0	2	0	0	2	0	0	0	0	0	0	0	0	10	0	0	0	0	0	0	10	255	0	187	0	0	28	0	9	3	0	16	0	110	0	5	76	0	0	0	0	0	0	0	0	0	0	0	0	0	0	0	0	0	401	0	0	0	0	20	4	0	0	0	0	0	0	0	0	0	0	0	138	30	5	1	0	2	68	3	96	12	0	6	0	0	0	0	8	4	0	0	0	0	1	1	2	0	0	4	0	0	0	0	0	0	0	3	95	20	135	2	0	1	0	0	0	0	0	0	11	0	15	0	0	2	0	1	0	0	0	0	0	0	0	12	4	165	0	0	0	0	0	0	0	0	0	1	0	0	0	4	0	0	0	0	1	0	0	0	0	5	7	0	0	0	0	0	0	0	51	0	0	17	0	0	1	21	0	0	12	0	11	0	92	115	0	292	18	43	1	8	0	0	0	0	6	3	0	1627	7	0	3	16	0	0	0	0	0	70	0	4	20	15	1	295	0	6	3	0	21	0	0	3	0	18	730	317	0	1	0	0	0	0	0	0	0	0	3	0	0	0	0	0	0	0	0	0	0	0	0	0	0	0	0	0	0	0	0	2	0	2	0	0	3	0	0
np0625	14	0	22	87	12	13	1	19	0	24	43	6	0	7	952	0	0	0	4	3	0	2	0	2	0	0	13	0	0	18	4	14	3	0	0	0	475	395	0	0	1	384	251	39	0	323	0	15	249	56	69	22	221	0	2	0	567	0	5	3	0	0	0	0	0	0	0	149	0	0	0	310	109	1	8	0	0	0	0	4	0	1	17	0	455	0	0	12	0	0	0	36	49	0	0	35	0	0	0	0	0	12	92	30	152	150	85	19	0	30	160	0	11	0	4	0	0	399	22	0	0	0	27	9	1	26	44	52	109	38	22	3	0	0	0	75	29	13	0	0	0	8	19	0	1171	0	0	0	5	11	218	64	0	0	0	9	4	11	6	1	0	0	3	0	6	0	17	0	28	0	198	0	33	0	27	1	25	476	35	0	0	0	11	92	283	0	0	9	17	0	3	0	30	0	0	2	0	0	0	0	0	675	23	135	0	14	0	88	0	0	2	206	187	0	41	161	0	305	10	0	967	330	0	0	0	32	19	0	0	0	0	0	44	0	25	0	34	29	0	112	0	114	18	2	1	0	20	5	9	149	0	51	491	22	15	6	23	52	2	12	0	0	13	13	0	0	29	0	0	0	0	0	0	0	0	0	0	0	107	0	0	0	0	0	0	14	23	0	19	16	194	0	0	86	0	0	75	0	0	52	10	15	0	13	0	4	15	0	8	0	0	17	0	0	0	0	1020	75	0	0	0	0	215	0	0	79	0	0	144	0	0	0	0	0	0	0	0	150	0	0	0	0	0	0	9	306	0	144	0	0	25	3	13	0	0	22	0	86	0	4	106	0	0	0	0	2	0	0	0	0	0	0	0	0	0	0	0	0	5377	0	0	0	0	36	274	7	9	99	0	0	25	0	0	0	0	0	713	15	13	12	0	0	140	10	173	13	17	0	0	0	0	33	94	18	0	0	0	0	8	0	1	3	0	5	0	0	0	22	0	8	0	2	157	5	4	44	98	3	0	3	0	23	0	68	60	0	149	5	2	0	15	22	0	23	16	0	0	79	0	204	132	1031	0	0	0	26	0	8	7	3	0	20	0	102	21	105	0	0	2	1	4	3	2	0	0	44	11	15	0	44	0	0	0	0	72	0	0	390	2	0	50	54	0	0	49	25	71	0	243	135	0	2502	32	637	41	153	58	51	0	0	65	166	14	190	4	1	0	30	2	0	0	0	0	269	0	10	61	5	5	158	0	0	0	1	7	0	0	15	0	86	3542	136	0	8	8	13	6	16	8	2	23	0	64	17	0	0	34	0	0	0	0	0	0	0	0	90	0	0	2	0	0	0	0	22	0	18	0	0	4	0	0
np0626	10	1	0	2	5	0	0	0	0	0	56	0	2	6	58	0	16	0	23	26	0	5	4	7	0	11	5	43	0	5	0	15	0	8	0	0	1024	0	16	0	0	812	174	172	502	159	0	17	34	37	3	34	70	40	0	0	276	0	31	0	374	0	0	0	0	0	39	8	0	0	0	126	14	0	12	0	4	6	0	8	0	0	8	0	0	0	0	1	14	0	13	23	50	0	0	5	0	4	0	0	0	4	85	0	7	2	0	0	18	0	115	8	8	3	9	0	0	150	0	0	0	12	52	3	6	93	35	5	35	0	0	0	0	17	52	0	0	0	0	0	35	0	6	0	0	0	0	0	0	277	0	75	201	0	0	0	17	0	11	1	0	0	0	12	0	0	19	0	0	0	128	0	73	0	3	0	0	650	0	0	0	0	0	14	431	0	0	2	5	0	0	1	12	0	0	1	0	0	0	0	0	125	0	11	0	45	0	67	0	0	0	68	0	0	0	0	30	1610	0	0	80	235	0	0	0	35	0	6	11	0	0	0	16	0	1	0	2	0	0	0	0	170	0	8	7	0	1	17	0	84	0	0	31	68	22	97	139	150	0	29	57	0	47	0	0	0	11	55	0	0	0	0	0	0	0	0	0	0	0	0	0	0	0	0	0	0	0	0	0	0	164	0	0	74	0	0	5	85	47	2	1	48	0	2	0	13	5	0	0	144	128	0	0	317	0	0	319	3	0	3	4	0	7	0	0	71	64	0	70	0	85	0	0	0	0	0	0	77	0	0	0	0	8	0	0	22	0	0	0	0	3	0	4	0	0	0	0	0	0	0	4	0	0	0	0	0	0	0	0	0	0	0	0	0	6	17	752	0	878	0	0	0	0	2	0	9	0	0	72	0	0	0	0	0	0	338	359	244	142	8	0	75	302	0	178	0	25	13	0	0	0	5	69	48	0	0	0	0	0	0	0	0	0	6	0	0	0	0	0	5	2	13	83	864	60	0	1	2	0	1	0	9	0	101	140	23	22	0	6	22	15	8	0	100	4	0	0	363	0	3461	723	2732	0	511	0	0	0	3	15	0	0	50	23	87	0	6	32	0	13	0	6	57	62	0	0	322	417	106	0	0	0	0	0	0	0	0	1	127	6	0	0	0	0	0	472	287	636	59	2551	98	0	7511	31	3530	34	244	329	114	0	0	353	180	25	139	0	0	0	9	3	0	44	30	0	40	13	0	239	140	0	0	0	0	0	0	0	0	0	0	0	0	901	0	0	2	2	21	0	0	0	0	0	0	11	18	2	0	30	0	45	3	5	0	0	199	433	3	0	0	0	0	0	0	3	189	0	100	0	0	9	34	5
np0627	0	0	0	100	32	0	4	0	460	973	807	7	3	13	84	0	0	37	218	972	320	5	5	27	39	10	175	701	249	46	5	813	11	0	99	161	3886	86	0	0	0	14668	6775	57	0	6052	23	68	660	10	18	84	318	0	0	0	1878	0	403	3	71	0	0	0	0	0	0	3547	0	0	0	2159	704	60	42	0	0	49	0	7	6	0	43	0	0	0	0	542	170	0	0	0	693	269	52	1306	0	1475	0	0	12	198	262	11	402	305	296	121	96	0	1681	0	0	5	22	31	0	159	115	0	0	7	24	71	13	150	77	156	109	0	0	0	0	0	0	0	3	0	5	0	0	2	22	0	0	0	52	54	33	37	0	7	0	0	0	0	8	0	137	24	0	0	0	0	42	55	125	23	4	0	868	96	92	0	95	6	0	389	0	0	0	0	0	231	773	0	0	0	3	2	14	32	72	0	0	0	0	10	0	0	2	55	7	0	4	32	7	11	3	0	0	0	91	0	15	0	0	826	0	0	237	148	0	0	0	158	8	376	23	8	0	0	103	0	8	47	137	64	30	0	23	4267	0	78	8	1	4	3	9	46	0	0	18	42	13	94	50	1059	45	188	1132	0	6	3	0	0	47	0	0	0	0	0	0	0	0	0	0	0	0	0	0	0	0	0	0	0	0	0	0	0	0	0	0	88	0	0	0	0	0	4	118	31	10	9	1710	134	25	353	0	0	31	133	0	0	0	83	0	0	7	0	63	0	10	39	0	0	0	0	0	0	0	0	0	0	0	826	311	0	397	0	0	0	0	0	6	0	0	0	0	0	0	0	0	0	0	0	0	0	0	0	0	2	0	39	0	4	0	0	0	0	0	0	0	0	0	0	33	0	0	0	0	0	0	146	0	3	0	0	0	0	0	0	0	0	0	1356	806	204	0	18	0	2	219	0	212	8	9	11	0	21	97	271	4085	620	0	182	0	21	0	10	17	10	6	0	0	0	0	0	0	25	0	92	0	2	0	0	14	51	0	316	131	253	106	0	2235	1097	1398	14	1151	15	119	329	158	2058	0	0	1073	0	0	0	5277	1529	1052	83	0	11	0	0	6	0	0	0	0	2866	1606	3451	0	680	53	159	6	44	305	0	0	655	471	256	0	0	0	7	6	0	0	0	60	0	442	0	0	571	0	0	0	1050	2310	0	22464	40	0	11782	270	0	1002	10810	439	0	429	11	1160	3670	132	543	0	4	1	45	0	0	0	984	130	1838	2	7	152	48	28	0	137	0	0	0	0	1	1	6	0	81	6436	91	0	84	39	552	14	0	0	0	52	154	271	92	13	6	1874	0	6	23	1	0	0	0	0	14	0	119	0	0	0	0	3	889	0	168	61	90	28	0	0
np0630	0	0	24	14	0	12	0	1	0	51	83	0	6	3	105	13	2	25	5	0	0	7	0	29	14	2	14	124	30	18	23	15	150	9	34	17	1408	8	29	36	52	1538	526	160	320	842	9	23	434	304	32	44	48	1	144	0	126	0	20	0	43	18	0	30	0	33	3	336	0	0	1	2	14	0	2	0	0	0	2	0	0	0	2	0	9	0	445	2062	10	19	45	0	195	0	0	3	2	4	0	6	2	2	50	4	90	10	96	72	6	0	38	0	0	0	0	0	0	23	4	20	0	0	42	0	6	119	54	1	6	0	5	2	3	7	0	0	4	0	11	0	4	0	57	0	6	5	1	369	0	89	0	745	0	2	0	192	7	15	23	10	0	166	7	0	10	5	21	1	25	3	24	1	70	16	0	0	0	363	1846	0	67	11	0	12	82	14	0	0	13	0	0	2	17	0	0	0	0	5	0	27	0	2174	157	0	49	38	45	53	0	1	0	0	163	123	28	0	111	4933	230	174	4293	2422	0	112	125	324	0	10	2	0	9	0	24	0	3	4	40	10	3	11	0	246	0	3	0	10	31	76	0	54	4	0	150	481	1	0	21	37	6	36	58	0	4	0	7	7	5	0	2	6	0	0	1	0	569	2	8	0	0	334	321	4	6	14	14	0	0	2	0	0	0	0	3	63	26	0	0	174	0	7	53	155	7	3	39	18	29	0	0	2	11	12	0	28	1	0	0	0	26	62	54	10	20	0	18	6	6	0	69	10	8	13	27	0	0	61	15	12	24	17	1060	1368	51	0	10	64	2782	0	48	6	0	0	0	0	0	1	0	3	0	62	43	20	0	0	0	68	0	5	14	204	74	10	13	9	3	2	0	15	457	0	77	26	190	15	13	0	0	4	0	0	0	0	13	0	0	25	110	161	37	2	0	0	3	0	408	0	5	0	57	766	240	131	1289	517	169	26	9	60	102	1	2	12	0	0	331	13	43	0	3	16	197	38	35	5	16	0	0	0	0	9	2	0	0	0	82	7	8	8	8	87	133	0	112	218	0	239	473	66	0	54	519	249	222	81	4	101	36	61	48	2	0	16	282	58	25	51	13	0	2	5	0	22	51	84	79	247	661	147	170	32	0	6	5	80	0	7	0	1	6	5683	3	74	10	11	33	36	2834	0	853	139	11	2066	42	33	111	540	0	0	0	0	61	1505	12	26	0	0	0	0	0	0	33	0	26	153	2	7	90	55	8	8	4	16	0	0	0	0	4	45	821	196	1133	41	6	6	2	18	2	12	11	11	14	4	119	15	14	3	62	0	34	0	1	7	13	11	1	12	0	2	0	0	0	0	3	187	0	725	177	73	4	7	3
np0631	0	0	0	13	0	280	14	9	26	29	69	0	0	0	20	6	7	0	0	0	0	0	4	0	5	0	8	45	19	10	11	24	37	0	15	8	939	0	32	61	3	6	420	22	53	765	6	24	127	82	43	24	90	18	0	0	237	17	12	444	31	12	0	242	54	0	0	1705	73	0	0	3	40	2	6	6	14	5	1	15	6	5	40	5	16	77	3	130	3	9	14	0	59	0	0	4	2	3	0	14	10	4	1215	12	274	27	120	190	0	59	411	0	0	0	3	3	4	42	13	267	0	2867	6	0	14	17	39	3	10	0	199	167	4	51	7	15	104	2	203	11	18	0	2	229	978	978	3	30	7	18	0	427	1	15	8	2	99	0	5	1	0	5	51	3	14	6	33	4	4	130	269	0	272	24	6	0	2	908	1	17	66	29	0	3	267	6	13	0	28	32	5	253	301	184	0	0	0	6	6	2	0	11	15	0	42	20	19	23	0	0	3	0	10	0	15	0	32	1172	57	10	94	140	0	3	18	130	0	14	2	0	48	0	1724	2	27	15	670	280	127	0	0	171	4	8	3	0	0	7	7	40	0	4	20	11	6	2	367	492	0	24	14	0	57	34	94	36	4	32	19	27	35	28	42	21	13	15	16	0	0	12	6	2	8	9	13	0	0	10	0	0	8	18	2	186	68	9	0	1024	25	54	88	0	8	6	0	10	0	0	0	6	30	22	0	66	0	0	39	6	2	15	8	0	6	0	13	6	5	0	118	9	8	39	7	1	0	63	34	18	102	23	59	1394	135	0	86	726	128	67	57	282	233	14	138	17	9	2062	0	37	0	2574	2618	1749	143	1	3	118	1704	394	3	1487	35	0	5	2	4	7	0	172	1239	16	59	252	98	22	0	3	3	19	0	0	0	6	19	3	9	45	237	1035	183	14	5	0	23	0	173	21	37	11	1441	157	40	21	97	64	29	3	5	25	17	2	6	1	0	0	787	32	5	13	1	16	1	11	2	0	0	17	5	0	0	6	1	35	0	0	162	23	14	5	1	6	9	0	16	16	0	19	46	0	3	14	115	265	237	38	2	5	6	5	2	6	0	3	9	45	40	85	0	0	0	5	0	0	9	5	6	16	41	26	14	9	1	23	0	32	1	6	0	0	4	2	0	285	47	21	125	155	63	0	707	46	0	1740	18	71	13	108	0	0	0	0	25	346	15	69	0	0	0	17	0	8	9	0	5	705	13	32	333	17	13	8	0	0	0	0	2	1	0	13	226	1538	568	119	2	5	4	29	0	10	15	8	6	12	146	22	4	0	30	0	12	2	30	8	28	13	11	3	0	9	0	0	0	3	10	31	0	28	96	78	13	7	3
np0632	0	0	2	0	2	19	98	4	0	0	16	12	0	2	161	0	12	0	3	0	25	0	0	1	0	9	49	6	0	5	8	27	0	26	0	0	688	0	25	0	11	13	247	64	205	0	0	2	0	0	107	25	40	0	0	57	4756	0	4	0	0	0	0	0	0	0	0	15	0	0	0	68	13	0	1	0	0	0	0	4	0	1	7	0	0	0	0	4	0	0	0	2	67	11	0	35	0	0	0	0	0	0	6	1	526	65	19	21	0	0	3	0	0	0	9	0	0	601	4	0	0	0	0	0	14	17	41	25	80	25	24	20	0	0	1158	0	19	0	25	0	0	0	0	0	0	0	0	0	0	5	0	0	3	0	0	0	0	0	109	0	0	0	0	0	3	5	8	0	7	0	163	0	48	0	3	0	0	295	6	0	0	0	34	28	397	0	0	55	2	0	3	0	9	0	0	1	0	0	1	0	0	49	0	0	0	6	0	80	0	0	0	22	0	0	5	0	40	512	14	0	0	16	0	0	0	28	0	0	0	0	119	0	6	9	2	0	24	11	0	29	0	145	12	4	3	9	17	6	0	125	0	0	3614	0	0	0	61	4205	0	0	28	0	0	0	0	0	12	0	0	0	0	0	0	0	0	0	0	0	0	0	0	0	0	0	0	4	0	0	0	0	3	0	0	0	0	57	9	0	0	54	0	49	5	1	11	8	17	7	0	0	3	4	0	0	0	0	0	13	0	5	0	7	10	0	0	10	58	0	54	0	0	0	0	0	0	33	0	130	0	0	0	0	0	0	0	24	0	2	0	0	10	0	0	0	0	8	0	4	0	0	14	0	0	0	0	0	0	0	0	0	0	0	0	0	0	0	0	0	162	0	0	0	0	16	5	0	0	2	0	0	0	0	0	0	0	0	0	0	0	3	0	0	264	15	235	2	3	0	0	0	0	15	18	0	0	0	0	0	0	0	0	0	0	0	0	0	0	0	0	2	2	0	2211	2	1019	19	0	0	0	10	0	5	0	308	0	8	0	1	5	16	3	0	0	317	0	0	0	0	0	39	117	1606	0	0	0	3	0	18	17	0	0	0	0	0	0	0	0	0	11	0	0	0	3	0	0	9	3	59	0	0	15	0	0	0	0	0	0	3	4	0	0	0	0	0	3485	0	965	28	3625	55	0	5754	554	594	18	79	117	0	0	0	105	46	5	19	0	2	0	0	0	0	0	0	0	34	24	0	57	8	0	11	8	0	0	0	0	0	159	0	0	12	2409	15	0	5	0	0	1	4	1	1	0	0	6	2	0	0	23	0	7	0	0	0	0	0	0	0	0	0	0	0	0	0	2	0	0	0	0	0	0	0	0
np0636	1	5	0	8	9	5	1	1	4	27	106	6	14	14	1639	1121	3	2	3	7	0	7	10	17	2	4	13	0	59	10	16	39	30	27	12	2	242	13	13	8	7	90	203	53	26	561	11	21	80	61	10	13	48	6	0	2	1285	91	13	12	13	10	12	50	97	77	1	1934	81	0	5	13	190	11	35	0	14	0	153	12	20	13	73	12	1	33	0	179	20	34	60	0	194	3	2	4	4	13	1	15	6	7	335	17	125	55	76	58	0	91	497	15	22	6	7	4	41	543	109	146	0	61	0	7	6	12	24	34	79	0	0	1	17	17	91	228	73	3	131	28	246	5	22	13	55	52	8	7	21	71	0	134	400	86	61	11	8	6	10	12	2	0	23	5	20	10	18	0	0	16	267	17	49	26	37	46	19	970	25	3	154	38	0	10	735	0	23	0	4	0	0	23	29	10	13	4	8	8	8	2	13	67	136	0	0	91	32	29	17	13	20	65	52	14	147	10	10	534	21	0	804	243	0	8	12	96	31	0	7	0	52	11	330	7	20	5	0	4	3	0	0	135	0	13	6	2	10	28	11	188	6	15	83	60	3	2	115	207	14	53	10	0	11	6	2	0	7	39	44	32	71	46	22	13	66	17	21	7	0	27	42	15	62	16	5	0	1	54	0	0	29	11	11	403	140	11	7	221	28	29	92	0	3	13	3	7	13	0	4	44	76	102	42	515	50	12	244	0	5	84	26	12	25	4	24	0	10	22	171	24	5	20	24	0	13	119	68	21	77	22	163	1422	193	75	60	136	430	1	98	24	6	0	0	8	1	67	5	61	57	136	498	144	182	0	0	160	67	22	129	1634	455	62	53	35	33	117	0	54	285	14	27	92	45	39	28	335	10	67	0	416	0	3	246	48	33	268	1504	138	24	30	5	0	147	0	237	15	10	6	607	70	32	46	343	147	14	8	3	21	17	6	6	0	0	0	10	0	56	4	3	11	0	9	2	1	0	33	24	18	1	30	5	26	0	8	473	96	35	11	9	7	60	23	61	94	7	123	190	33	75	77	986	621	586	150	4	34	9	17	10	32	10	16	32	386	197	510	41	0	2	3	2	7	22	25	21	56	106	71	38	247	1	89	135	82	4	10	0	0	22	5	0	307	109	59	269	418	286	0	1475	161	0	4141	60	94	109	1008	18	0	0	0	162	3922	81	88	5	1	0	26	15	18	11	0	4	91	0	42	96	22	25	29	0	0	0	0	0	0	0	13	147	383	355	25	15	13	15	42	2	20	48	31	12	13	244	47	17	0	141	26	59	19	195	59	80	2	1	107	3	11	0	2	0	4	3	67	5	52	70	33	3	152	58
np0639	0	0	46	0	43	122	120	32	0	0	209	140	0	65	596	0	21	0	68	55	38	0	20	6	0	9	43	0	0	14	0	13	0	73	0	0	958	18	195	0	0	368	1076	199	0	1633	0	84	443	121	255	27	137	0	0	1347	4724	0	9	21	0	0	0	0	0	0	6	1540	0	0	0	875	292	0	7	0	0	0	0	34	12	21	79	0	0	0	0	0	0	0	0	41	1244	120	5	361	0	0	0	0	12	13	1664	26	2729	166	235	132	0	64	470	21	100	0	21	0	0	2535	258	0	0	4	14	243	0	26	95	332	1099	0	89	0	0	0	0	24	349	5	2147	0	6	14	39	0	0	0	0	0	0	59	9	12	140	0	166	0	310	45	32	3	11	0	13	0	55	61	63	0	0	0	108	0	210	0	83	3	0	571	16	7	0	0	52	187	912	0	0	181	4	0	0	66	16	0	0	15	0	0	0	0	0	107	17	0	0	124	0	1073	0	0	11	166	0	0	265	0	38	648	20	0	771	319	0	0	0	392	0	0	9	1	134	0	218	255	26	30	0	0	0	0	3	466	87	24	0	0	1	35	5	1290	0	0	156	12	0	0	25	213	0	46	72	0	62	10	0	0	9	0	0	0	0	0	0	0	0	0	0	0	0	0	0	0	0	0	0	4	12	0	8	12	6	0	0	0	0	247	114	0	0	346	17	21	4	14	0	6	24	0	0	0	4	0	0	7	0	0	11	57	0	0	0	0	127	0	0	123	113	0	296	0	15	0	0	0	0	101	6	445	0	0	0	0	0	0	0	262	0	19	0	0	59	2	29	0	0	51	0	33	0	2	107	0	0	0	0	0	0	0	0	0	0	0	0	0	0	0	0	0	1944	0	0	0	0	153	55	57	0	651	0	0	415	0	0	0	0	110	0	96	0	59	7	0	5540	789	261	22	41	19	0	0	0	187	466	70	0	0	0	0	0	2	75	0	0	6	0	0	0	11	0	0	0	8	43	4	16	98	0	5	3	17	13	232	0	389	145	47	18	15	8	0	258	0	15	300	15	0	0	0	0	1793	552	5104	0	0	0	32	0	83	139	0	0	0	0	4	0	0	0	0	71	0	0	22	57	0	0	39	5	66	0	0	70	0	0	6	0	0	4	61	76	0	0	17	0	0	5134	0	2468	122	2245	300	0	7430	281	1688	131	861	1284	0	0	0	1145	110	103	646	0	11	2	64	47	0	0	0	0	518	0	0	205	86	27	108	2	0	0	0	3	0	779	0	0	18	2076	74	0	67	6	1	32	63	0	2	0	0	35	10	50	0	432	0	0	0	1	0	0	0	0	25	0	0	70	0	0	0	7	34	0	0	0	0	5	0	0
np0643	2	0	0	21	0	2	0	7	0	2	35	10	0	3	0	0	4	0	21	34	0	1	2	4	0	0	14	35	0	25	0	15	0	16	0	0	453	0	13	0	0	21	117	77	6	42	0	2	38	28	76	0	12	0	0	0	289	0	9	0	0	0	0	0	0	0	2	222	0	0	0	29	0	0	1	0	4	8	0	1	0	1	25	0	18	3	0	0	0	0	0	1	14	0	0	0	0	0	0	0	0	0	176	24	117	23	45	27	0	4	38	0	0	0	2	0	0	8	0	0	0	0	4	0	2	23	40	4	36	123	52	18	0	0	0	0	40	4	29	0	0	0	0	0	183	0	0	0	0	3	22	333	0	0	0	2	0	0	13	31	0	0	30	0	10	0	4	1	33	0	259	0	69	0	0	0	0	435	9	0	0	0	13	399	190	0	0	4	13	0	29	4	17	3	0	0	0	0	0	0	0	70	0	15	0	63	25	280	0	0	0	31	8	0	4	6	0	1329	21	0	94	867	0	0	0	18	0	0	6	0	0	0	79	0	22	1	1	7	0	15	0	184	34	5	1	0	20	0	2	303	0	58	104	0	3	2	2	8	0	7	34	0	10	1	0	0	12	0	0	0	0	0	0	0	0	0	0	0	12	0	0	0	0	0	0	74	74	0	75	87	44	0	0	14	0	0	2	0	0	17	1	24	0	1	0	0	1	2	0	0	0	0	0	0	0	0	1593	16	0	0	1	0	37	0	0	2	0	0	15	0	0	0	0	0	0	0	0	13	0	0	0	0	0	0	10	299	0	168	0	0	42	9	25	5	0	46	0	118	0	10	120	0	0	0	0	0	0	0	0	0	0	0	0	0	0	0	0	0	888	0	0	0	0	30	0	0	0	0	0	0	0	0	0	0	0	0	217	42	18	0	0	1	92	6	203	9	15	7	0	0	0	3	15	0	0	0	0	0	0	1	3	0	0	5	0	0	0	0	0	0	2	5	744	126	1198	2	8	0	0	0	0	0	0	6	15	0	29	0	0	61	0	4	0	3	0	0	0	2	0	17	4	484	0	0	3	10	0	0	0	0	0	3	0	4	0	7	0	0	0	0	0	0	0	0	0	7	30	7	0	0	0	0	0	0	45	0	0	165	0	0	5	19	0	0	4	7	74	0	122	221	0	426	21	29	0	12	0	2	0	0	6	4	4	3353	9	1	24	19	0	0	0	0	0	155	0	1	40	17	0	1374	0	10	1	11	34	0	0	5	0	31	1763	271	0	0	1	0	2	3	0	1	3	0	1	0	0	0	1	0	0	0	0	0	0	0	0	1	0	0	0	0	0	0	6	3	0	0	0	0	5	0	0
np0645	0	0	0	0	0	3	0	0	0	0	85	4	0	0	335	0	0	0	0	0	0	0	0	7	3	0	0	0	32	0	0	12	0	8	0	0	154	0	0	0	0	0	185	0	0	339	4	5	20	14	0	0	2	0	0	0	0	0	5	0	417	0	0	0	0	0	0	940	0	0	0	0	0	0	0	1	3	0	0	0	0	0	0	0	3	0	0	0	0	0	0	0	1	0	0	0	0	1	0	0	0	0	8	0	3	0	0	0	0	0	0	0	0	0	3	0	0	1	0	0	3	0	0	0	0	0	5	0	0	0	0	6	0	30	0	0	0	0	0	0	0	0	0	0	0	0	0	0	0	0	0	2	0	0	0	0	0	0	0	1	0	0	0	0	4	10	26	6	1	0	34	0	32	0	0	0	0	1	0	13	0	0	0	0	2	0	0	0	32	22	0	0	0	0	0	0	0	0	0	0	0	8	0	0	0	4	0	5	0	0	5	0	0	0	0	0	0	35	0	0	16	12	0	0	0	3	0	5	6	0	0	0	0	0	0	4	3	0	0	0	3	81	0	8	1	0	0	2	0	1	0	0	8	0	0	0	44	44	6	13	7	0	7	3	0	0	0	0	0	0	0	0	0	0	0	0	0	0	0	0	0	0	0	0	0	0	0	0	0	0	0	0	0	0	0	0	0	40	0	6	75	0	0	0	0	0	0	0	0	0	44	0	0	63	0	0	0	0	0	0	0	0	0	0	0	0	0	0	0	0	0	0	0	0	0	42	32	0	28	0	0	3	564	0	329	15	0	0	0	5	0	339	0	0	5	0	0	0	0	0	0	83	0	1	2	15	0	0	0	0	0	0	0	0	0	0	0	0	0	0	0	0	0	5	0	0	0	26	0	0	0	0	0	0	0	31	0	2	0	0	0	0	3	0	12	0	0	0	8932	0	0	10	26	8	0	0	1	0	0	0	0	0	2	0	0	2	0	0	0	0	0	0	0	0	0	0	0	0	0	0	1	8	0	0	7	0	0	0	0	0	0	0	0	0	1	0	0	0	0	0	7	0	0	0	6	0	0	0	0	0	0	0	0	4	0	0	0	0	0	0	0	0	0	0	0	2	0	0	0	0	0	0	0	0	0	0	0	0	0	0	0	0	0	0	0	5	2	0	228	131	8	8	0	0	6	5	0	0	0	0	5	4	0	3	0	0	0	2	0	0	0	0	0	1256	334	0	3	1	0	0	0	0	0	2	2	0	0	0	0	0	0	0	0	1	0	1	0	0	0	0	0	0	0	0	0	0	2	0	1	74	0	24	0	0	0	0	0	0	0	0	0	0	0	0	0	15	0	0	4	0	0
np0651	0	0	0	6	0	0	0	0	3	8	76	0	0	28	62	13	0	0	0	0	0	0	0	0	0	0	7	0	0	0	5	9	39	36	0	0	683	0	21	21	0	3	59	26	121	233	0	3	51	56	1	0	0	0	0	1	67	0	6	2	56	28	0	0	0	0	4	274	0	0	0	0	3	0	0	0	16	3	0	0	0	0	0	0	9	0	0	3	0	0	1	0	3	0	0	1	0	0	0	0	0	1	19	8	49	2	40	38	0	0	0	0	0	0	0	0	0	6	0	14	0	0	0	0	3	11	10	0	2	0	0	0	27	0	0	0	0	0	8	0	0	0	0	0	0	1	1	27	0	8	0	60	0	1	0	32	0	1	2	2	0	2	9	0	3	2	6	0	8	10	29	0	38	14	0	0	0	392	12	18	252	105	0	5	173	0	6	0	0	0	0	0	10	2	0	0	0	6	0	8	0	952	109	0	146	127	56	29	0	0	0	0	57	0	7	48	553	6292	1014	179	481	593	0	22	12	97	3	1	14	0	2	0	2	0	6	0	0	0	0	0	0	139	0	0	1	0	243	321	0	208	21	29	3	11	0	0	0	9	4	25	0	0	4	0	87	34	1	10	0	15	0	0	1	0	0	0	0	0	0	0	1	0	0	0	0	0	0	3	0	0	0	0	0	0	0	0	0	91	0	8	7	1	0	0	0	1	0	0	0	0	2	2	2	3	0	0	0	0	0	1	10	2	5	0	3	0	2	4	54	10	0	0	5	0	0	18	18	0	25	5	169	3266	24	0	356	166	492	0	4	62	3	0	0	53	40	147	47	470	546	0	3792	755	431	1	0	760	18	83	85	4204	361	0	7	0	12	26	0	56	360	0	3	68	36	13	8	0	0	0	0	0	0	0	10	0	0	14	47	61	21	0	0	0	32	0	587	5	6	0	8	11	3	7	22	14	2	0	8	2	0	4	5	4	0	0	348	21	0	0	0	5	0	11	0	0	0	0	0	0	0	0	0	1	0	0	9	0	2	0	0	0	0	0	3	0	0	0	2	0	0	0	16	11	7	3	0	1	0	0	0	0	0	2	1	0	1	9	0	0	0	0	0	0	0	0	0	0	0	0	0	0	0	0	0	1	0	0	0	0	0	20	0	3	2	0	8	2	6	0	27	0	0	47	0	0	1	11	0	0	0	0	0	43	0	10	3	0	0	0	0	0	0	0	0	52	0	7	37	9	0	0	0	12	0	0	2	0	0	14	200	18	234	17	0	0	2	0	0	1	0	2	0	0	10	0	0	0	7	0	6	23	931	84	29	13	3	6	0	0	0	0	0	0	44	5	0	5	2	0	0	54	19
np0652	1	0	8	0	45	0	0	3	0	2	6	0	0	0	26	0	2	0	3	5	0	0	2	1	0	0	5	0	0	8	0	0	7	0	0	0	25	7	0	0	0	14	58	24	0	9	0	0	6	3	16	3	13	0	0	0	148	0	3	5	0	0	0	0	0	0	0	23	0	0	0	778	31	0	3	0	1	0	0	11	1	0	14	0	48	4	0	1	0	0	0	19	3	0	0	27	0	0	0	0	0	1	76	7	56	17	26	5	0	20	86	0	6	0	0	1	0	69	32	0	0	0	7	34	0	6	15	23	78	0	0	0	0	0	0	32	0	3	0	0	0	5	13	0	12	0	0	0	0	11	240	13	0	0	0	2	0	2	3	3	7	0	3	0	5	0	0	0	2	0	102	0	11	0	6	0	5	268	6	0	0	0	14	6	194	0	0	0	0	0	0	7	8	0	0	3	4	0	0	0	0	77	43	17	0	79	11	86	0	0	0	0	56	0	34	33	0	53	0	0	287	107	0	0	0	10	5	0	0	0	0	0	51	0	29	0	0	0	0	1	0	21	3	1	3	3	9	11	5	50	0	10	8	4	0	0	7	21	0	7	1	0	5	4	0	0	6	0	0	0	0	0	0	0	0	0	0	0	30	0	0	0	0	0	0	6	1	0	0	3	44	0	0	13	0	0	22	0	0	34	9	4	1	18	0	0	0	1	2	0	0	7	0	0	0	0	48	6	0	0	1	0	28	0	0	2	0	0	4	0	0	0	0	0	0	0	0	12	0	0	0	0	1	0	0	361	0	11	0	0	96	8	47	13	0	101	0	89	0	6	137	0	0	0	0	0	0	0	0	0	0	0	0	0	0	0	0	0	245	0	0	0	0	36	3	10	19	2	0	0	59	0	0	0	0	0	268	5	12	14	0	3	69	9	71	0	5	0	0	0	0	7	9	0	0	0	0	0	0	0	5	0	0	26	0	0	8	12	0	0	0	0	124	17	13	24	94	0	0	3	0	6	0	25	23	0	62	0	0	0	8	7	0	10	8	0	0	10	0	29	67	94	0	0	0	12	0	0	0	0	0	6	0	22	3	5	0	0	0	0	0	2	0	0	0	3	1	3	0	14	0	0	0	0	41	0	0	7	0	0	9	3	0	0	1	0	29	0	24	25	0	148	3	29	26	63	60	8	0	0	92	10	3	138	3	0	2	27	2	0	0	0	0	40	0	7	10	2	7	72	0	0	0	0	0	0	0	0	0	0	65	120	0	9	11	0	1	10	2	0	4	0	11	0	0	0	17	0	0	0	1	0	0	0	0	54	0	0	5	0	0	0	2	15	0	9	0	0	1	0	0
np0653	0	0	0	0	0	0	0	0	0	0	0	0	0	1	0	0	13	0	0	4	0	13	2	3	0	0	0	0	0	1	0	107	0	7	0	0	4	0	0	0	0	0	0	0	0	4	0	118	0	0	0	0	0	0	0	0	4	0	0	0	0	0	0	0	0	0	0	2559	0	0	0	0	12	0	0	0	10	28	0	220	0	0	400	0	0	0	0	0	0	0	0	0	0	0	9	0	0	13	0	0	0	0	718	0	16	5	37	3	0	148	587	0	0	0	17	0	0	0	0	0	0	0	0	0	2	0	27	0	0	0	0	2	0	0	0	0	0	0	0	0	0	0	0	0	0	0	0	0	0	0	0	0	0	0	0	0	0	0	0	0	0	0	0	0	0	1	8	0	4	0	397	12	23	0	22	0	0	299	0	0	0	0	0	17	139	0	0	1	4	0	0	2	21	0	0	6	0	0	0	0	0	0	0	0	0	220	16	153	0	0	0	0	0	0	11	0	0	2647	0	0	56	193	0	0	0	73	6	0	1	0	0	0	43	0	747	0	3	0	0	0	0	157	27	9	3	0	4	6	3	0	0	0	0	0	0	0	3	0	0	0	0	5	0	3	0	0	0	0	0	0	0	0	0	0	0	0	0	0	0	0	0	0	0	0	0	0	0	0	0	0	0	0	0	0	0	0	0	0	0	0	10	0	0	0	0	5	0	0	0	0	0	199	0	0	0	0	0	0	0	0	5	0	6	0	0	0	0	0	0	0	0	0	0	0	0	0	0	0	0	0	0	0	0	0	0	0	28167	0	0	0	0	0	0	0	0	0	0	0	0	0	0	0	0	0	0	0	0	0	0	0	0	0	0	0	0	0	0	0	0	0	0	0	0	0	0	259	0	190	0	0	24	0	0	0	0	1	0	83	0	0	94	0	73	0	273	15	9	67	0	13	7	45	108	0	0	0	0	0	0	0	0	0	0	0	0	0	0	0	0	0	0	0	0	1	1	0	0	0	0	0	0	1	0	0	20	9	4	0	0	0	34	0	5	385	0	0	0	0	0	0	73	0	0	0	235	65	0	0	2	0	0	0	0	0	0	45	0	0	0	0	0	24	29	0	0	188	130	29	0	0	0	0	0	0	0	0	0	0	0	0	0	111	0	0	359	0	106	0	44	13	0	84	5	0	0	17	510	0	0	0	2758	54	3	1540	0	0	18	797	0	0	0	0	0	5	0	0	35	1237	3	0	0	0	30	0	0	0	0	0	0	0	0	0	0	1	2	27	0	0	0	0	0	0	0	8	0	0	8	0	61	0	0	0	0	0	5	0	0	12	0	0	0	0	328	0	0	0	0	0	9	0	0
np0660	8	9	0	0	64	0	0	0	0	0	106	9	14	23	802	0	8	0	6	0	10	92	24	30	0	11	5	15	14	13	0	0	0	0	0	0	258	21	0	0	0	142	262	7	13	230	3	49	10	20	4	13	62	16	0	0	246	0	45	17	115	0	4	0	0	0	72	722	0	0	0	442	324	0	14	18	56	73	6	709	114	111	1513	0	0	129	0	0	1	0	6	12	22	3	0	53	0	26	0	2	0	7	997	161	747	47	259	23	0	58	359	20	26	108	56	0	0	175	0	0	0	45	6	18	0	20	10	28	122	0	0	0	0	0	35	0	0	0	11	0	19	0	118	0	0	0	9	0	77	95	0	22	1	0	0	0	32	14	0	0	0	0	0	0	176	38	16	1	12	0	176	0	243	0	177	13	1	215	5	138	0	0	68	18	1186	0	0	7	26	0	2	84	223	78	0	3	64	0	0	0	20	265	255	40	0	526	42	328	107	8	1	32	24	42	1430	0	48	977	0	0	2500	2107	0	0	0	158	6	0	2	0	0	0	226	0	47	25	34	13	5	0	0	196	0	124	40	27	12	150	31	129	4	0	77	108	2	9	44	58	5	258	57	3	3	24	0	0	60	1	0	0	0	0	0	0	0	0	0	0	0	0	0	0	0	0	0	4	0	0	0	0	56	0	0	25	0	0	39	3	8	53	46	2	9	15	0	29	16	0	0	6	0	0	0	10	0	0	42	0	0	6	20	0	28	0	0	17	27	0	26	0	27	0	0	0	0	0	0	25	0	0	0	0	6	0	4	19	0	4	1	0	0	0	3	0	1	0	0	2	0	0	5	0	0	0	0	0	0	0	0	0	0	0	0	0	2	1	86	0	57	0	0	0	0	237	0	133	30	0	22	0	34	0	0	0	0	350	437	40	30	292	56	25	1439	119	513	0	37	6	0	0	0	4	20	22	0	0	0	0	0	24	58	5	4	0	0	0	11	2	10	4	0	0	33	39	0	169	36	2	0	27	0	42	13	89	49	32	25	4	0	3	96	50	17	40	0	0	0	23	0	154	387	72	0	9	0	0	0	12	23	4	0	4	3	61	0	0	23	0	0	0	3	0	0	0	0	26	39	8	0	0	0	0	0	0	0	0	0	43	20	0	0	8	0	0	166	116	63	2	61	15	0	416	14	201	74	187	211	57	0	0	201	108	4	2665	12	7	6	191	227	41	0	7	0	301	0	0	128	45	201	0	6	959	115	0	0	0	3	0	0	0	264	0	0	57	36	16	0	4	2	0	0	0	35	7	8	0	202	0	31	2	4	27	0	3	12	27	0	109	780	0	189	0	11	182	0	83	0	0	4	12	4
np0664	0	0	4	6	22	4	0	6	0	2	37	7	0	0	214	1	0	0	5	0	0	2	2	11	0	0	5	0	0	7	0	5	5	7	0	0	132	20	0	0	0	59	27	78	0	59	0	3	43	15	52	3	11	0	7	0	480	0	2	0	0	0	0	0	0	0	0	176	0	0	0	412	23	0	1	0	4	9	0	10	1	0	33	0	97	1	0	3	0	0	0	31	11	0	0	7	0	0	0	0	0	6	168	23	107	66	70	9	0	42	147	11	7	0	2	8	0	419	10	0	0	10	10	8	0	14	24	23	60	13	10	0	0	0	0	82	68	9	5	0	0	4	7	0	341	0	0	0	3	40	107	28	0	0	0	3	0	0	0	3	0	0	0	0	10	0	4	0	30	0	301	0	31	0	11	0	3	419	7	0	0	0	24	43	249	0	0	0	0	0	0	4	0	0	0	0	2	0	0	0	0	432	21	105	0	19	23	96	0	0	0	55	192	0	35	157	0	272	5	0	1012	370	0	0	0	32	7	0	3	0	0	0	118	0	36	0	4	0	0	8	0	76	10	5	0	0	22	8	7	163	0	41	31	7	1	0	13	42	0	10	10	0	6	4	0	0	10	0	0	0	0	0	0	0	0	0	0	0	52	0	0	0	0	0	0	5	9	0	5	8	65	0	0	34	0	0	12	0	0	22	3	8	0	9	0	0	0	1	2	0	0	14	0	0	0	0	312	20	0	0	0	0	59	0	0	7	0	0	17	0	0	0	0	0	0	0	0	20	0	0	0	0	1	0	8	235	0	151	0	0	23	0	5	0	0	18	0	85	0	3	89	0	0	0	0	0	0	0	0	0	0	0	0	0	0	0	0	0	881	0	0	0	0	37	24	7	6	0	0	0	9	0	0	0	0	0	699	31	16	6	0	0	253	14	214	13	7	6	0	0	0	6	10	1	0	0	0	0	4	0	6	4	0	11	0	0	0	8	0	0	0	1	105	10	11	16	51	5	0	2	0	3	0	10	15	0	68	0	1	0	0	12	0	8	12	0	0	10	1	34	47	203	0	0	2	4	0	0	3	0	0	3	0	23	6	20	0	0	0	1	0	0	2	0	0	5	4	6	0	20	0	0	0	0	22	0	0	48	0	0	20	20	0	0	11	8	31	0	55	40	0	251	3	67	10	52	47	13	0	0	58	29	4	1208	14	7	19	52	0	0	0	0	0	116	0	4	28	4	0	86	0	0	0	0	2	0	0	6	0	17	1027	235	0	5	7	1	1	3	0	1	0	0	10	4	0	0	14	0	0	0	0	0	0	0	0	48	0	0	2	0	0	0	0	6	0	7	0	0	0	0	0
np0665	1	0	17	39	4	1	5	6	0	10	37	16	0	9	268	1	5	0	4	0	0	0	0	5	0	0	8	0	0	5	0	11	0	0	0	0	1081	253	15	0	0	9	99	17	0	1118	0	0	735	58	44	0	92	0	5	0	1590	0	4	0	0	0	0	0	0	0	0	691	0	0	0	336	78	0	6	0	127	292	0	5	0	0	4	0	4	47	0	5	0	0	0	33	36	0	0	26	0	0	0	0	0	6	252	120	188	220	174	6	8	0	61	0	5	0	0	7	0	200	5	0	0	9	21	0	1	20	31	5	19	16	22	62	0	0	0	13	80	3	65	0	0	1	17	0	610	0	0	0	0	61	148	172	0	0	0	1	4	0	0	2	0	0	0	0	9	1	11	0	14	0	545	0	94	0	29	0	12	1172	11	0	0	0	75	454	508	0	0	14	169	0	58	8	50	22	0	1	1	0	0	0	0	642	0	124	0	19	7	61	0	0	0	64	194	0	6	197	0	1485	23	0	1021	789	0	0	0	155	0	0	2	0	0	0	123	0	17	0	263	237	0	835	1	366	55	12	1	0	113	16	3	219	0	50	74	4	0	0	20	71	4	14	8	0	6	10	0	0	62	0	0	0	0	0	0	0	0	0	0	0	79	0	0	0	0	0	0	15	3	0	6	9	61	0	0	26	0	0	46	0	0	90	14	16	0	13	0	5	17	0	2	0	0	0	0	0	0	0	302	239	0	0	2	0	640	0	0	111	0	0	315	0	0	0	0	0	0	0	0	356	0	0	0	0	0	0	148	3047	0	2705	15	0	63	9	20	3	0	44	0	1367	0	121	982	0	0	0	0	1	0	0	0	0	0	0	0	0	0	0	0	0	11725	0	0	0	0	49	39	0	0	0	0	0	0	0	0	0	0	0	1445	379	48	8	0	0	979	88	248	9	14	12	0	0	0	9	34	7	0	0	0	0	3	0	7	3	0	8	0	0	0	1	0	0	0	0	38	2	0	8	78	3	0	3	0	6	0	30	31	0	95	0	0	0	12	26	0	18	11	0	0	23	0	62	75	221	0	0	0	16	0	13	34	0	0	13	0	43	16	41	0	0	0	5	1	2	4	0	0	39	25	17	0	1	0	0	0	0	139	0	0	40	0	0	30	27	0	0	40	11	207	8	109	136	0	651	2	229	14	80	99	24	0	0	85	47	9	1446	69	2	5	63	2	0	0	0	0	352	0	34	35	12	0	30	0	11	0	11	105	0	0	8	0	103	4144	263	0	10	14	11	8	25	4	1	23	1	44	9	1	0	29	3	0	0	2	0	0	0	0	20	0	0	1	0	0	0	11	6	0	18	0	0	15	0	0
np0667	0	0	0	0	7	0	0	0	0	0	8	0	0	9	322	0	5	16	9	16	0	0	3	4	10	18	0	1	0	3	0	76	29	6	0	0	56	0	0	0	9	38	62	13	0	244	17	78	63	23	3	0	39	0	0	0	7	0	10	0	9	0	0	0	0	0	0	437	0	35	23	0	53	0	6	10	14	0	0	19	7	3	86	0	0	3	0	4	159	3	0	0	99	0	0	8	10	3	37	4	6	6	379	18	234	65	138	42	0	148	841	0	0	5	6	4	0	0	0	0	30	20	0	0	1	0	11	1	15	0	0	0	7	0	0	0	6	9	0	0	1	0	3	2	0	0	0	0	0	0	0	8	0	0	4	0	0	0	0	0	0	0	1	0	24	41	56	18	0	0	165	4	94	0	5	3	2	536	0	24	0	0	0	14	822	0	0	0	6	0	0	5	3	0	0	0	0	0	0	0	0	22	4	0	9	98	29	62	0	4	82	0	80	0	226	0	0	604	0	0	1088	638	0	0	0	105	16	0	7	1	0	8	71	0	14	21	0	0	0	0	9	151	5	21	15	0	1	0	8	54	0	0	74	32	4	0	172	238	0	8	0	0	3	8	0	0	7	0	0	0	0	0	0	0	0	0	0	0	0	0	0	0	0	0	0	0	0	0	0	0	0	0	0	0	0	0	0	56	0	25	66	0	0	0	2	4	3	19	0	0	183	0	0	472	0	0	0	0	0	9	3	9	2	0	0	0	0	0	6	0	0	0	0	0	0	209	172	0	87	0	0	5	1921	0	743	390	0	0	6	13	0	719	3	0	69	0	0	1	0	0	4	1495	0	4	5	505	0	0	0	0	0	0	0	0	0	0	0	0	0	0	0	0	0	30	0	45	3	55	0	0	205	0	0	0	0	491	0	65	0	9	3	0	24	0	32	0	10	0	12701	0	0	64	110	15	0	0	8	0	0	23	12	0	0	0	0	0	0	0	0	0	0	0	0	0	0	22	0	0	0	21	2	64	0	0	2632	28	21	0	7	0	34	29	0	20	106	0	26	0	355	0	356	25	44	2	30	7	5	0	4	0	0	0	0	54	6	55	0	0	5	4	0	0	8	0	0	17	20	0	0	54	62	348	0	0	0	13	0	0	10	0	0	143	0	0	103	1521	132	0	1318	104	102	312	1	0	254	154	35	0	0	0	125	263	4	51	0	2	0	13	0	0	0	0	0	665	0	19	77	0	8	0	4	0	0	0	0	0	0	0	0	0	0	19	72	17	13	138	0	20	15	0	4	45	47	0	10	0	88	0	0	151	2	1255	0	0	0	111	0	2	0	0	0	0	1	0	0	23	15	0	3	0	0
np0668	0	0	0	0	5	0	0	0	0	0	62	0	0	7	76	0	5	0	25	27	0	8	5	0	0	0	3	0	0	0	0	0	30	0	0	0	456	0	26	0	0	191	417	11	0	494	0	11	65	30	1	12	20	0	0	0	6	0	52	0	0	0	0	0	0	0	0	33	0	0	0	0	80	0	0	0	36	0	4	0	5	6	7	0	23	14	0	30	6	0	0	0	211	18	10	16	28	4	0	0	12	6	205	1	90	18	34	31	13	0	68	0	0	3	8	0	0	0	6	0	0	13	0	0	11	0	11	33	13	0	0	1	0	0	0	0	0	0	0	0	0	0	0	0	7	0	0	0	0	0	0	0	0	0	0	27	0	0	4	0	0	0	0	0	11	2	17	2	3	54	72	4	20	0	458	0	307	244	0	0	0	0	17	54	185	0	0	0	36	21	0	8	14	0	0	64	0	0	0	0	0	20	0	0	22	23	29	28	12	0	0	154	19	0	19	13	0	114	0	0	164	30	0	0	0	13	13	12	0	9	0	0	17	0	0	2	0	0	0	0	6	152	0	2	1	29	81	10	2	87	6	11	694	242	9	0	6	4	4	36	45	99	4	4	0	0	32	0	0	0	0	0	0	0	0	0	0	0	0	0	0	0	0	48	61	0	0	0	0	0	0	0	0	0	0	0	0	0	0	26	71	0	0	2	0	0	0	0	0	0	82	0	0	491	0	0	0	20	0	7	95	1	105	0	0	0	0	0	0	0	0	0	0	0	0	1	0	0	0	0	0	0	0	0	0	0	0	0	0	0	0	0	0	0	0	0	0	0	0	0	0	0	0	0	0	0	0	0	0	0	0	0	0	0	0	0	484	0	0	0	0	0	625	9	0	0	0	0	0	0	7	39	0	0	0	0	67	21	0	3	0	0	139	0	24	0	13	0	0	0	0	0	96	7	0	0	0	3	0	0	3	14	2	0	0	334	0	0	0	0	0	6	0	0	0	3	0	28	3	5	0	16	0	47	34	41	39	2	5	0	56	0	0	9	0	0	56	0	0	0	1159	115	54	0	3	17	0	8	319	0	0	8	0	83	26	52	36	0	7	2	0	6	10	0	0	147	24	15	0	107	1	15	51	19	29	0	0	0	0	0	9	44	0	12	731	56	629	84	617	97	0	2337	10	830	121	535	94	19	0	0	282	93	58	21	0	0	0	7	0	101	408	0	0	452	0	0	24	11	4	0	5	0	0	0	0	56	0	0	0	2	0	0	0	4	11	4	0	0	0	0	16	0	23	22	0	0	68	3	25	0	0	0	0	0	0	0	0	98	0	0	153	0	2	89	51	22	0	0	9	0	0
np0669	0	0	9	1	20	0	0	3	0	1	8	0	0	1	92	0	0	0	2	6	0	0	0	2	0	0	2	0	0	0	3	0	7	3	0	0	11	12	0	0	0	24	45	13	0	15	0	0	8	0	9	3	8	0	0	0	111	0	3	0	0	0	0	0	0	0	0	11	0	0	0	303	22	2	4	0	1	0	0	3	0	0	7	0	13	0	0	0	0	0	0	5	12	0	0	12	0	0	0	0	0	6	40	5	20	11	5	1	0	6	42	0	2	0	0	7	0	39	25	0	0	1	1	9	0	0	7	7	34	0	0	0	0	0	0	10	0	1	0	0	0	5	9	0	7	0	0	0	4	0	202	17	0	0	0	2	0	0	7	0	3	0	0	0	1	0	0	0	4	0	52	2	5	0	10	0	2	115	5	0	0	0	6	3	95	0	0	0	0	0	0	2	5	0	0	5	1	0	0	0	0	45	9	8	0	20	0	26	0	0	0	8	25	0	24	13	0	27	0	0	124	35	0	0	0	4	2	0	0	0	0	0	20	0	24	0	0	0	0	0	0	23	0	1	0	0	11	8	4	23	0	6	6	0	0	1	3	8	0	8	1	0	9	2	0	0	3	0	0	0	0	0	0	0	0	0	0	0	13	0	0	0	0	0	0	0	4	0	1	0	29	0	0	18	0	0	8	0	0	14	3	7	0	7	0	0	0	0	1	0	0	1	0	0	0	0	52	0	0	0	0	0	14	0	0	7	0	0	10	0	0	0	0	0	0	0	0	9	0	0	0	0	0	0	1	95	0	2	0	0	30	2	18	0	0	26	0	30	0	4	39	0	0	0	0	0	0	0	0	0	0	0	0	0	0	0	0	0	218	0	0	0	0	20	9	1	6	0	0	0	58	0	0	0	0	0	214	7	4	5	0	2	45	0	25	0	0	0	0	0	0	0	5	4	0	0	0	0	2	1	2	1	0	6	0	0	5	1	0	0	0	0	39	6	3	13	35	1	0	0	0	3	0	15	20	0	48	0	0	0	4	6	0	6	1	0	0	16	0	41	28	123	0	0	0	15	0	2	0	2	0	3	0	11	0	8	0	0	0	0	2	1	0	0	0	2	6	0	0	24	0	0	0	0	31	0	0	10	3	0	9	2	0	0	3	0	22	0	16	12	0	81	2	21	13	25	25	7	0	0	36	16	0	73	4	3	2	14	1	0	0	0	0	22	0	0	5	2	0	22	0	0	0	0	0	0	0	1	0	6	305	66	0	9	3	0	2	5	1	0	1	0	9	2	0	0	6	0	0	0	0	0	0	0	0	27	0	0	3	0	0	0	0	8	0	5	0	0	1	0	0
np0672	0	0	0	0	0	0	22	2	0	0	0	2	0	0	5764	0	12	0	0	0	0	44	6	0	0	0	0	0	0	1	0	0	0	0	0	0	0	1566	0	0	0	0	0	0	0	0	641	2255	0	0	0	0	1	0	0	0	1	0	0	0	0	0	0	0	0	0	6	56	0	0	5	0	84	0	0	0	12	51	0	32	38	0	28	0	0	36	0	2	0	0	0	0	7	0	14	0	0	0	0	0	3	4	343	28	277	40	297	0	441	0	1820	0	0	0	45	0	0	0	0	0	0	0	0	0	2	0	0	0	0	0	0	0	0	113	0	0	2	0	0	0	0	0	0	0	0	0	0	0	0	0	0	0	3	2	0	1	0	0	0	0	0	0	0	0	4	0	0	3	3	0	323	20	43	0	27	0	0	569	0	0	0	0	0	0	1138	0	0	0	21	0	0	8	17	0	0	2	0	0	0	0	0	38	6	0	0	65	15	0	0	1	156	0	0	0	33	0	0	991	0	0	387	111	0	0	0	41	16	0	0	6	0	0	1401	0	0	2	67	24	19	0	15	3	0	61	0	0	6	13	1	147	18	0	52	580	0	0	283	379	0	493	0	2	7	0	0	0	58	0	0	0	0	0	0	0	0	0	0	0	0	0	0	0	0	0	0	0	0	0	0	0	0	0	0	0	0	0	0	0	0	0	12	0	0	0	0	201	25	0	0	0	0	0	0	0	0	0	0	0	0	0	24	0	0	0	0	0	0	0	0	0	0	0	0	0	0	0	0	0	0	0	0	0	3	0	0	0	0	0	0	0	0	0	0	0	0	0	0	0	0	0	0	0	0	0	2	0	0	0	0	0	0	0	0	0	0	0	0	0	0	0	0	0	0	0	0	29	0	0	0	0	0	0	0	0	0	0	7739	15	0	62	298	1	127	0	47	0	145	0	0	0	0	0	1954	292	0	0	0	0	0	0	2	0	2	0	0	0	0	0	0	0	0	0	0	0	0	0	0	0	0	84	0	0	0	0	5721	0	9	56	0	7	0	0	3	2376	0	0	0	0	0	3	6038	0	0	3429	0	0	0	0	0	0	0	0	0	12	6	9	0	0	0	0	6916	0	4	0	0	2666	1474	2	0	0	0	0	0	0	0	0	0	0	0	0	0	0	0	0	0	0	7	0	98	0	0	15795	0	0	0	20750	0	0	0	0	0	18434	0	3	0	0	0	7	0	0	0	0	0	5	0	0	0	130	10	0	0	3	6	0	0	0	0	0	0	0	0	0	0	29	59	360	0	0	819	401	7	15	2	0	0	0	0	0	221	0	0	0	0	0	0	16	0	41	0	0	0	0	0	0	0	0	0	0	0	0	0
np0674	0	0	3	9	6	0	3	1	2	32	64	6	5	2	1436	241	0	0	0	18	0	1	0	12	4	7	21	0	33	5	6	46	21	0	2	2	183	4	11	5	15	101	160	56	25	698	10	16	89	58	10	5	24	11	0	1	634	25	16	5	13	7	14	48	38	147	2	1546	40	0	3	23	152	7	27	3	3	0	94	8	4	5	40	19	3	42	1	158	15	20	40	0	180	6	3	7	11	13	2	15	3	9	132	12	81	34	52	38	0	38	224	10	10	2	7	5	36	316	109	132	0	25	0	0	10	15	32	26	41	0	0	0	13	4	63	136	49	2	79	11	127	9	14	5	28	34	16	6	0	32	0	115	168	83	67	9	3	4	11	12	2	6	27	12	26	8	9	0	3	6	120	27	18	26	18	33	9	625	20	5	55	14	0	7	536	7	15	1	12	0	0	7	17	0	7	4	2	3	3	4	9	63	133	0	6	53	26	46	20	2	3	40	25	8	64	5	0	266	6	7	395	95	0	6	5	30	27	0	0	0	17	9	64	3	11	10	0	0	0	0	3	96	0	9	2	0	3	15	8	72	4	0	100	45	6	2	113	182	8	18	11	0	3	6	0	9	11	41	53	51	94	58	55	41	88	18	8	7	2	49	57	51	194	8	9	0	0	72	0	0	24	15	17	287	110	0	0	348	36	14	39	3	5	6	1	13	5	0	3	15	42	67	30	302	52	12	100	4	3	33	24	4	14	2	24	0	6	12	104	16	0	8	25	2	5	74	38	23	52	16	166	1789	11	4	9	14	477	0	11	16	1	0	0	0	1	8	0	3	9	27	94	26	207	0	0	30	23	20	27	2018	132	22	27	18	1	21	0	23	193	8	17	44	41	31	25	180	34	53	7	196	0	0	95	35	18	121	466	50	6	12	5	0	51	0	159	6	16	5	206	54	19	31	240	83	16	2	0	3	11	3	8	0	0	0	9	0	26	6	2	16	0	17	0	0	0	36	28	11	0	18	8	40	0	0	481	80	34	14	12	9	29	5	53	83	0	60	145	16	69	40	693	491	511	74	0	16	9	8	10	24	2	9	14	269	166	379	19	7	11	6	1	8	25	9	14	46	76	36	28	160	2	37	94	47	9	5	0	1	19	5	0	229	79	36	204	463	185	0	1301	125	0	3086	54	70	106	653	26	0	0	0	165	3095	70	67	0	4	0	18	17	10	12	0	9	58	0	27	70	13	20	44	1	0	0	0	0	0	0	12	150	191	260	27	10	8	11	54	1	17	55	22	13	23	269	33	10	3	101	18	51	0	10	5	2	1	1	65	0	6	0	5	0	5	0	42	2	22	13	11	0	31	10
np0676	0	0	0	0	12	6	0	0	0	0	99	13	3	29	166	0	5	0	4	0	0	25	2	8	0	0	3	2	9	42	6	28	9	35	0	0	184	27	0	0	0	54	445	72	23	107	5	22	1	15	4	7	25	7	0	0	84	0	17	0	285	0	3	0	0	0	13	275	0	0	0	213	402	0	1	145	730	1400	1	122	13	21	285	0	0	4	0	2	12	0	7	10	56	2	43	0	0	5	0	0	62	23	821	51	288	44	435	96	0	106	960	25	70	63	55	0	0	80	0	0	0	81	11	52	9	26	15	31	145	35	17	2	0	0	10	0	0	0	0	0	0	0	10	0	0	0	0	0	7	22	0	3	0	0	0	0	3	0	0	0	0	0	0	0	162	47	53	7	6	0	778	0	189	0	67	0	0	912	2	76	0	0	0	12	1634	0	0	163	290	0	4	26	57	9	0	11	5	0	0	0	5	372	315	0	5	243	35	1312	2	1	0	3	65	33	1498	0	35	1114	0	0	4120	1812	0	0	0	230	31	0	3	4	0	0	130	0	21	36	274	108	57	5	0	168	0	44	10	26	23	155	59	45	0	0	12	7	0	0	14	23	7	137	31	81	10	23	0	0	52	3	0	0	0	0	0	0	0	0	0	0	0	0	0	0	0	0	0	0	0	0	0	0	21	0	0	10	0	0	2	5	0	55	59	18	0	7	0	11	2	0	0	1	0	0	0	5	0	0	5	4	0	11	88	0	65	0	0	88	49	0	53	0	72	0	0	0	0	0	0	92	0	0	0	0	0	0	0	23	0	11	0	0	0	1	0	0	0	0	0	1	0	0	3	0	0	0	0	0	0	0	0	0	0	0	0	0	4	0	88	0	24	0	0	0	0	317	0	16	8	0	5	0	31	0	0	0	0	128	88	27	26	129	54	15776	1603	100	637	26	77	11	0	0	0	3	15	20	0	0	0	0	0	48	87	0	0	2	0	0	0	0	0	0	0	0	0	4	0	113	26	2	0	5	0	30	10	68	35	20	25	8	6	0	33	39	29	41	6	0	0	6	0	173	370	52	0	9	0	0	0	13	14	0	0	5	0	84	15	48	17	0	6	0	0	0	9	0	0	57	88	4	0	0	0	0	0	0	0	0	0	75	0	0	0	0	0	0	98	134	56	0	226	13	0	563	22	263	46	183	211	102	0	0	284	173	0	26378	163	0	48	599	29	0	15	8	0	163	0	0	39	60	18	0	8	14419	42613	0	0	3	0	0	0	0	1921	0	0	9	20	37	1	4	2	0	0	0	53	14	4	0	58	0	57	4	2	2	0	9	19	18	0	96	178	0	10	0	5	51	0	25	0	0	6	4	0
np0677	0	0	0	2	0	8	0	0	0	1	7	0	0	2	2	0	1	0	0	3	0	0	0	1	0	0	1	0	0	0	0	4	4	0	0	0	17	6	0	0	0	3	9	25	0	13	0	4	5	0	20	0	5	0	0	0	78	0	1	0	0	0	0	0	0	0	0	28	0	0	0	37	0	0	0	0	4	6	0	4	0	3	6	0	9	7	0	0	0	0	0	7	3	0	0	3	0	0	0	0	0	0	22	0	25	8	9	0	0	7	26	0	0	1	0	0	0	16	0	0	0	5	4	0	0	7	19	2	6	4	8	11	0	0	0	0	7	0	0	0	0	0	0	0	21	0	0	0	0	0	16	20	0	0	0	0	0	0	0	0	0	0	0	0	4	0	2	0	8	0	122	0	7	0	0	0	0	69	1	0	0	0	3	28	59	0	0	2	11	0	3	0	0	0	0	0	0	0	0	0	0	87	0	29	0	11	5	52	0	0	0	9	12	0	0	17	0	115	0	0	80	55	0	0	0	14	0	0	0	0	0	0	11	0	10	0	0	1	0	0	0	39	7	1	0	0	6	0	0	62	0	9	8	0	0	0	0	0	0	4	6	0	0	0	0	0	0	0	0	0	0	0	0	0	0	0	0	0	2	0	0	0	0	0	0	8	15	0	7	7	5	0	0	3	0	0	0	0	0	0	1	4	0	0	2	1	0	0	0	0	0	0	0	0	0	0	208	10	0	0	0	0	11	0	0	5	0	0	10	0	0	0	0	0	0	0	0	9	0	0	0	0	0	0	0	33	0	32	0	0	0	1	0	0	0	0	0	17	0	2	13	0	0	0	0	0	0	0	0	0	0	0	0	0	0	0	0	0	197	0	0	0	0	11	0	0	0	1	0	0	0	0	0	0	0	0	80	4	6	0	0	0	47	0	49	3	3	0	0	0	0	1	1	1	0	0	0	0	0	0	0	0	0	14	0	0	0	0	0	0	0	0	49	0	9	0	0	0	0	0	0	0	0	4	0	0	6	0	0	0	0	0	0	0	0	0	0	1	0	5	0	95	0	0	0	1	0	0	0	0	0	0	0	4	0	0	0	0	0	0	0	0	0	0	0	2	2	0	0	1	0	0	0	0	16	0	0	54	0	0	1	1	0	0	6	2	12	0	44	27	0	127	5	34	0	8	0	0	0	0	0	8	0	653	4	0	12	10	0	0	0	0	0	8	0	0	2	9	0	28	0	11	0	4	37	0	0	0	0	0	177	98	0	0	0	0	0	0	0	0	0	0	2	0	0	0	0	0	0	0	0	0	0	0	0	0	0	0	0	0	0	0	0	2	0	0	0	0	0	0	0
np0682	0	0	20	0	0	12	460	11	0	0	37	31	0	18	1027	0	9	0	33	61	38	3	0	0	0	0	64	24	0	30	12	15	0	0	0	0	253	14	83	0	6	386	416	44	27	22	0	11	24	24	225	25	79	0	0	2322	1582	0	0	0	0	0	0	0	0	0	0	37	0	0	0	298	5	0	6	0	0	0	0	8	0	0	3	0	0	2	0	6	0	0	0	10	173	11	0	5	0	0	0	0	0	0	52	0	564	77	11	18	0	0	7	0	3	0	0	0	0	194	175	0	0	0	0	6	0	27	25	117	487	0	22	0	0	0	4	0	16	0	7	0	0	0	4	0	0	0	0	0	0	13	0	3	108	0	68	0	6	10	78	9	0	0	0	0	3	16	8	2	1	0	30	0	61	0	0	0	0	179	74	0	0	0	0	51	253	0	0	94	0	0	4	6	4	0	0	0	0	0	0	0	0	94	13	0	0	19	0	98	0	0	0	2	0	0	36	0	71	555	22	0	40	15	0	0	0	119	0	0	0	0	28	0	1	11	0	5	10	0	0	6	3	290	29	5	0	9	1	7	0	163	0	0	1659	0	0	0	51	1742	0	5	51	0	0	0	0	0	3	0	0	0	0	0	0	0	0	0	0	0	0	0	0	0	0	0	0	30	22	0	48	18	0	0	0	0	0	127	0	0	0	17	0	19	0	2	18	16	42	2	0	0	0	0	0	0	0	0	0	31	0	0	0	0	33	0	0	28	31	0	110	0	10	0	0	0	0	47	0	211	0	0	0	0	0	0	0	0	0	0	0	0	0	0	0	0	0	0	0	0	0	0	0	0	0	0	0	0	0	0	0	0	0	0	0	0	0	0	0	0	853	0	0	0	0	22	350	8	0	0	0	0	0	0	0	0	0	0	0	8	0	3	0	0	140	8	126	0	12	7	0	0	0	20	26	0	0	0	0	0	0	0	16	0	0	47	0	0	0	3	0	9	20	3	5147	83	2914	0	0	0	0	18	0	6	0	419	16	17	3	10	38	6	16	0	0	1498	0	0	0	0	0	165	116	2045	0	0	0	0	0	16	23	0	0	0	0	0	0	0	0	0	84	0	0	8	2	0	0	13	5	64	0	0	0	0	0	0	0	0	0	4	9	0	0	1	0	0	1032	0	3168	121	1452	64	0	3431	553	451	14	125	104	0	0	0	144	11	19	64	0	4	0	15	0	0	0	0	0	34	0	0	26	12	0	49	0	0	0	0	4	0	228	0	0	13	907	153	0	0	0	0	9	17	0	0	0	0	0	5	5	0	13	0	0	0	0	0	0	0	0	3	0	0	0	0	0	0	0	0	0	0	0	0	0	0	0
np0683	0	0	0	0	0	27	0	0	0	0	0	0	0	0	0	0	0	0	0	0	0	0	0	3	0	0	0	0	0	0	0	0	1	0	0	0	0	0	0	0	0	0	9	0	0	0	0	0	0	0	0	0	0	0	0	0	0	0	0	0	12	0	0	0	0	0	0	10	0	0	0	0	0	0	0	20	0	0	0	10	35	242	51	0	0	0	0	0	0	0	0	0	1	0	0	0	0	0	0	0	0	0	22	0	0	17	64	41	0	0	30	0	0	0	0	0	0	0	26	0	8	0	0	0	0	0	0	0	0	0	9	0	0	0	0	0	0	0	0	0	0	0	0	0	0	0	0	2	0	0	0	0	2	0	0	0	0	0	0	0	0	0	0	0	0	2	0	0	0	0	107	0	0	0	0	0	0	77	0	0	0	0	0	0	22	0	0	0	28	0	0	0	0	0	0	0	0	0	0	0	0	22	0	0	0	0	0	0	0	0	0	0	0	0	3	0	0	6	0	0	9	0	0	0	0	4	0	0	0	0	3	0	56	0	0	3	0	0	0	0	0	3	0	0	0	0	3	9	0	1	0	0	0	2	1	0	0	0	0	0	0	25	0	0	0	0	4	8	0	0	0	0	0	0	0	0	0	0	0	0	0	0	0	0	0	0	0	0	0	0	0	0	0	0	0	0	0	0	0	0	1	0	0	0	0	0	0	0	0	0	5	0	0	5	0	0	0	0	0	0	0	0	0	0	0	0	0	0	0	0	0	0	0	0	0	0	0	0	0	0	0	0	1	0	0	16	0	5	0	0	0	0	0	7	94	0	0	1	0	0	1	8	0	2	0	16	0	0	0	0	0	0	0	0	0	0	7	0	7	0	0	0	0	2	0	0	0	0	0	0	0	0	0	0	0	7	3	0	12	0	0	0	23	0	5	0	0	0	0	0	0	0	0	0	0	0	0	0	0	0	0	0	45	0	0	3	0	0	0	0	0	0	0	4	0	0	0	0	0	0	0	0	0	0	2	0	0	0	0	0	0	0	0	6	0	0	3	0	0	13	5	17	0	0	0	6	0	0	0	0	0	0	0	0	0	3	0	0	0	0	0	0	0	0	0	2	0	0	0	0	0	0	0	0	23	0	0	3	0	0	0	0	0	0	0	4	0	0	9	0	0	37	0	0	0	5	0	0	0	0	2	8	0	800	0	0	13	98	0	0	0	0	0	0	0	0	4	0	1	0	0	66	9	0	0	7	8	0	0	0	0	6	0	0	0	0	0	0	3	0	0	0	0	0	0	0	1	0	0	1	0	49	0	4	0	0	0	0	0	0	0	0	0	0	0	0	0	0	0	0	0
np0685	0	0	0	21	8	11	0	19	0	3	88	53	0	0	295	2	4	0	4	5	0	8	5	9	1	5	3	0	0	7	0	9	0	39	0	0	387	26	10	0	0	111	36	54	0	631	0	43	343	64	6	6	15	0	179	0	900	0	0	0	0	0	1	0	0	0	4	592	0	2	0	362	72	1	1	0	17	54	0	12	1	0	20	0	29	33	0	1	0	0	0	6	16	0	0	49	0	0	0	0	0	18	233	29	86	119	47	0	0	18	119	0	7	0	9	0	4	270	1	0	14	18	16	0	1	24	22	14	37	128	64	52	0	0	0	31	282	4	187	0	1	5	4	0	299	0	0	8	0	76	66	57	6	0	12	3	0	5	2	2	0	0	4	0	13	2	48	0	13	0	547	0	61	0	20	0	0	782	6	0	0	0	29	183	438	0	0	7	14	0	1	3	33	0	0	0	0	0	0	0	0	640	5	164	0	97	30	219	0	0	0	107	276	0	10	199	0	1354	55	0	1140	603	0	0	0	95	0	1	14	0	0	0	49	0	26	0	132	149	0	507	0	324	31	19	2	0	103	9	5	166	5	26	59	0	0	0	10	31	0	47	30	2	3	7	0	0	45	0	0	0	0	0	0	0	0	0	0	0	79	0	0	0	0	0	0	15	10	3	11	16	49	0	0	30	0	0	11	3	0	47	8	5	0	3	0	8	23	22	0	5	3	0	0	8	0	0	776	276	0	0	1	0	687	15	0	47	4	0	110	0	7	0	0	0	0	0	0	95	0	0	0	0	4	0	95	2079	0	1198	10	0	136	14	57	16	1	110	0	654	0	59	663	0	0	8	16	3	0	0	0	0	0	0	0	0	0	0	0	0	4949	0	0	0	0	80	38	0	2	51	0	0	0	0	0	0	0	0	1574	90	53	2	0	0	1109	107	245	17	46	10	0	0	0	32	83	21	0	0	0	0	12	1	18	0	0	3	6	0	0	0	0	2	0	4	24	6	12	26	21	0	0	5	5	20	6	43	26	0	78	2	0	0	7	19	4	10	10	0	0	46	2	100	123	528	0	0	5	16	0	7	16	0	0	6	0	55	12	52	0	0	0	7	1	5	1	0	0	12	16	6	0	3	0	0	0	0	42	0	0	102	4	0	10	31	0	0	81	16	152	0	148	272	0	561	10	194	201	616	90	54	0	0	117	238	8	2885	66	5	35	189	0	0	0	0	0	462	0	4	117	26	0	75	0	7	0	22	192	0	0	17	0	88	4440	269	0	13	11	2	5	10	7	3	7	0	25	1	7	0	30	31	30	19	1	3	0	0	0	29	0	0	2	0	0	0	8	24	0	28	0	0	30	0	0
np0687	5	0	0	13	2	2	0	131	13	143	142	7	1	224	2500	4	44	70	0	0	10	4	5	12	0	106	21	214	72	11	33	64	185	29	38	12	4050	10	66	267	1	58	455	147	123	3893	28	57	1091	1851	16	4	87	28	0	0	890	25	51	679	1551	373	0	452	0	0	3	61754	0	1	1	3	65	5	13	53	135	24	0	14	6	3	35	0	3	1	260	143	20	7	42	0	151	0	0	3	2	13	2	6	330	10	3597	1222	1942	37	1229	437	0	208	800	11	83	8	9	3	3	109	20	499	0	442	28	0	9	93	105	5	12	7	7	2	15424	26	0	13	75	194	3968	0	40	2	2	15	24	27	0	62	0	13	1	369	1	19	13	0	44	0	10	87	0	20	100	0	115	70	30	5	122	237	626	4	1273	149	11	9	3	1546	5	49	272	193	0	72	2145	36	211	1	254	0	0	91	24	8	0	0	0	97	69	48	11	14	25	0	192	450	771	698	4	0	0	0	6	0	17	0	74	1873	138	31	136	200	0	3	199	418	23	8	60	0	96	0	2458	0	14	32	4	0	0	0	0	2432	12	12	13	0	1	2	71	398	6	30	7	7	6	12	159	236	0	11	13	138	366	27	2857	1448	2	91	29	57	71	30	78	49	86	37	15	14	0	37	47	32	83	14	5	0	0	18	0	0	20	29	29	349	143	0	0	955	63	121	1309	25	9	14	4	52	248	2	0	0	9	14	0	22	3	0	5	6	5	50	87	11	27	0	307	38	58	339	1839	327	47	195	329	6	47	931	841	148	612	242	5443	7045	232	56	803	1831	9405	47	75	885	53	8	0	818	41	2556	169	2753	3165	2743	24893	5699	107	39	12	5096	2352	1195	80	1397	266	53	52	51	8	18	0	246	9365	25	312	382	297	201	24	3	5	1	0	0	30	2	142	0	8	133	524	1133	225	6	0	0	7035	34	355	37	67	31	693	60	23	19	195	59	19	8	869	12	3	16	72	0	2653	0	2632	1517	3	10	2	31	0	58	0	0	0	22	21	5	0	8	9	30	0	0	276	43	25	4	3	5	16	6	35	75	0	30	59	6	1	11	921	306	302	69	0	13	38	0	6	22	6	5	28	189	90	195	15	0	0	4	0	0	16	15	9	57	59	27	28	0	3	21	2	81	0	7	0	0	6	8	0	84	12	0	43	132	142	0	1567	89	0	3965	60	114	59	552	16	0	0	0	80	1146	46	14670	98	0	6	99	0	0	16	0	19	505	0	201	542	34	4	67	0	4	1	250	1657	0	7	95	1689	428	1789	389	2	12	6	34	2	32	38	27	22	27	232	45	5	0	82	37	108	14	134	23	90	11	6	0	0	7	0	1	0	4	53	55	2	36	49	20	19	35	15
np0688	0	0	0	0	72	0	0	0	0	42	235	36	4	12	180	1	8	8	12	52	9	10	9	7	0	1	0	4	0	0	4	23	0	0	10	0	95	12	0	0	0	53	308	63	0	443	0	15	297	26	12	0	40	0	0	0	241	0	32	12	0	0	5	0	0	0	2	1025	0	0	0	124	726	2	4	18	4	0	0	179	9	0	201	0	10	8	0	0	135	2	1	0	196	0	0	0	88	0	0	19	0	17	904	36	419	243	131	99	0	105	1447	15	0	20	0	5	0	1702	994	0	103	7	0	32	8	4	36	0	89	20	24	0	0	11	10	32	29	1	0	0	10	5	12	12	2	0	13	49	8	0	0	133	0	0	0	1	21	0	1	0	0	0	3	0	2	21	41	6	6	0	70	33	65	0	26	146	19	735	0	0	0	876	0	9	1773	0	0	0	0	0	0	16	32	0	0	18	14	0	0	42	4	297	122	16	35	305	27	182	10	1	20	78	17	0	161	0	0	556	0	0	1991	277	32	0	0	265	18	0	3	3	0	33	470	0	0	33	8	4	0	16	0	187	0	10	10	0	39	45	18	495	0	0	88	161	9	4	151	228	10	243	5	0	17	8	0	0	18	57	0	0	0	0	0	0	0	0	0	0	0	0	0	0	0	55	0	0	0	0	0	0	0	0	0	0	0	0	0	0	0	67	224	0	0	21	1	17	11	0	122	0	664	0	0	2549	0	0	0	0	46	44	128	10	0	0	0	0	0	0	3	0	0	0	0	0	0	1	0	0	0	0	0	0	41	0	0	96	0	401	0	0	0	0	0	177	19850	0	0	19	0	0	0	157	0	5	0	287	0	0	0	0	0	0	0	0	0	0	92	0	1	0	0	0	0	19	10	109	81	78	0	0	66	1	0	0	0	485	7783	55	32	67	16	0	427	39	191	7	19	12	0	0	0	88	501	70	0	5	0	0	0	0	2	2	0	0	0	0	0	7	0	129	1	4	4	0	13	44	13	6	21	68	19	121	10	0	422	140	83	4	27	2	10	0	6	178	0	0	305	0	0	0	607	426	117	41	0	47	0	25	17	0	17	0	0	439	243	804	21	0	29	0	0	0	2	0	0	18	28	26	0	135	436	6	0	4	402	0	0	0	10	0	0	38	24	34	0	70	126	0	1366	18	215	3222	648	0	53	884	0	0	0	0	157	1832	30	74	0	8	0	27	170	5	0	10	0	64	0	0	155	21	130	187	0	0	0	0	0	5	8	0	0	0	0	7	0	97	41	32	35	24	381	83	111	309	291	114	0	0	160	37	239	17	0	7483	0	0	0	211	35	11	0	0	0	0	1	4	0	0	0	0	3	0	0
np0690	30	2	75	416	63	0	0	26	0	64	262	102	0	20	2290	3	32	0	17	10	29	16	12	25	2	7	43	0	0	45	8	38	22	7	0	0	3502	938	34	0	1	776	823	142	0	3534	0	2	2368	252	166	72	768	0	657	0	6098	0	27	8	0	0	0	0	0	0	0	1765	0	8	0	3655	678	6	45	0	204	488	0	21	6	5	68	0	243	50	0	20	0	0	0	373	237	5	8	212	0	7	0	0	0	77	773	382	688	895	623	40	0	91	443	8	17	0	17	43	0	1760	65	0	54	48	79	15	3	137	123	81	214	29	8	62	0	0	0	158	161	15	161	7	0	35	126	0	2482	0	0	29	7	195	866	618	28	0	31	11	8	17	19	0	0	0	4	0	37	4	56	0	128	0	1737	9	460	50	184	3	77	4901	45	0	0	0	251	1343	2148	0	0	96	96	0	123	25	440	178	0	2	2	0	0	0	0	3814	36	923	2	69	30	377	0	0	2	746	648	0	46	550	0	5532	123	0	3022	3530	0	0	0	422	14	0	6	0	0	0	306	0	123	1	453	411	0	1589	4	1184	125	83	16	1	343	45	18	1010	18	264	704	41	10	4	69	371	13	93	49	1	39	52	0	0	164	0	0	0	0	0	0	0	0	0	0	0	808	0	0	0	0	0	0	90	103	12	92	76	497	0	0	218	0	0	177	0	0	381	94	89	3	67	4	25	90	46	30	23	9	0	0	15	0	0	4584	1209	0	1	14	0	3107	63	0	472	30	0	1069	0	32	0	0	0	0	0	22	1133	0	0	0	0	16	0	324	5842	0	4582	25	0	172	30	104	13	5	136	0	2312	0	141	1669	7	0	45	77	8	0	0	0	0	0	0	0	0	0	0	0	0	32110	0	0	0	0	187	434	36	19	299	0	0	42	0	0	0	0	0	6294	277	91	33	6	0	3827	448	1212	50	71	11	0	0	0	114	256	43	0	0	0	1	24	3	36	10	0	73	6	0	1	39	0	18	0	4	483	47	41	161	564	18	0	33	29	62	6	345	255	0	742	18	12	4	127	161	24	200	165	0	0	331	9	765	670	1873	0	3	18	103	0	65	117	12	0	100	0	287	80	260	0	0	11	23	19	27	19	0	0	197	169	99	0	29	1	8	0	0	1013	0	0	471	18	0	225	186	0	0	350	100	1054	50	760	783	0	4318	48	1586	826	2682	1292	251	0	0	1312	1069	75	3742	114	9	9	175	2	0	3	0	4	1244	0	91	344	37	15	363	4	50	0	37	409	0	2	45	0	223	13926	692	0	85	61	77	65	181	31	11	96	1	264	51	39	0	269	119	111	64	3	10	2	0	0	382	0	0	15	0	0	0	22	129	0	112	0	0	46	0	0
np0691	6	0	19	18	0	11	20	1	26	26	20	0	14	2	809	2373	6	14	1	0	0	5	0	0	9	0	14	15	67	7	17	20	37	0	16	8	514	1	15	25	7	74	266	63	37	331	0	17	61	43	53	36	154	19	0	0	112	7	37	20	7	0	34	0	0	11	3	269	0	0	0	8	34	1	8	0	6	2	0	14	2	8	67	0	9	4	333	1547	12	6	12	0	553	0	0	4	0	0	0	2	0	9	150	11	62	23	61	32	0	39	314	0	8	0	4	0	7	95	19	273	0	212	6	0	7	30	17	0	0	1	5	0	5	29	0	37	158	67	22	20	24	0	3	9	200	192	0	20	0	5	0	224	3	21	16	2	14	12	7	3	0	6	35	0	11	7	8	0	0	11	37	3	102	0	0	0	7	165	4	4	104	0	0	0	155	0	8	0	53	45	0	6	3	0	0	0	0	5	4	49	0	11	17	0	3	7	4	7	4	4	0	0	16	0	11	0	0	273	11	5	120	58	0	0	4	29	11	11	0	0	25	0	500	2	53	0	239	88	61	0	0	31	0	0	4	0	0	0	6	765	18	112	39	35	31	53	160	239	0	5	51	8	9	6	0	0	0	23	6	8	10	6	659	401	503	335	7	3	0	195	255	4	11	49	55	0	5	13	0	0	7	107	114	181	67	0	0	240	17	7	22	12	4	13	0	4	5	0	0	0	2	10	0	17	0	0	0	0	0	0	0	0	0	0	41	8	10	0	203	0	8	24	53	1	5	118	43	25	60	28	10	202	127	74	21	218	29	6	25	3	9	0	0	2	6	1593	0	526	446	1764	6281	2424	19	3	0	821	1775	1	0	252	9	5	0	0	0	0	0	45	210	17	177	58	55	22	15	43	0	24	0	68	0	0	11	10	0	11	79	71	8	5	0	0	24	0	194	8	12	7	219	13	3	0	72	28	0	0	0	4	2	5	0	0	4	0	108	0	25	8	11	86	0	30	53	6	4	0	0	6	1	5	1	25	0	9	183	22	12	7	4	18	3	4	6	36	0	23	52	0	4	12	102	140	105	24	2	11	2	0	4	4	3	2	23	38	28	69	0	0	2	5	0	0	12	20	0	195	595	42	0	372	0	17	193	45	0	2	0	0	7	0	0	67	18	11	28	74	63	0	2639	130	0	9082	150	534	21	75	0	0	0	0	22	314	580	17	0	0	5	0	2	4	5	0	15	167	0	0	80	1	33	138	0	3	0	0	0	0	0	3	20	42	32	28	0	1	4	18	1	16	18	11	10	16	145	9	2	0	19	0	12	0	187	0	109	0	0	26	0	5	0	0	2	0	0	13	0	7	6	10	3	3	0
np0697	0	0	0	0	0	12	0	3	0	0	5	0	0	0	83	1	14	0	0	2	0	48	0	11	0	0	0	0	0	0	0	142	5	13	0	0	9	0	0	0	0	0	0	0	0	9	0	11	0	0	0	0	10	0	0	0	8	0	0	1	0	0	0	0	0	0	0	192	0	0	1	0	48	0	0	0	90	180	0	261	0	0	449	0	0	6	0	1	11	8	2	0	32	0	44	0	1	10	0	0	655	0	208	0	7	26	13	0	0	53	263	0	0	0	28	0	0	0	0	0	0	0	0	0	1	0	54	0	0	0	5	13	0	0	0	0	0	0	0	0	0	0	0	0	0	0	0	0	0	0	0	0	0	0	0	0	0	0	0	0	0	0	0	0	1	5	2	0	3	0	270	4	86	0	45	1	0	388	0	0	0	0	0	45	434	0	0	9	389	0	2	1	81	0	0	13	0	0	0	0	0	1	0	0	0	298	39	246	0	1	0	0	0	0	24	0	0	322	0	0	70	19	0	0	0	13	31	0	0	0	0	0	104	7	2663	9	48	16	10	0	0	143	14	39	8	0	12	32	0	8	0	0	5	0	0	0	5	0	0	4	1	798	1	0	2	0	13	0	0	0	0	0	0	0	0	0	0	0	0	0	0	0	0	0	0	0	0	0	0	0	0	0	0	0	0	0	0	0	0	0	22	0	0	0	0	66	2	0	0	0	0	44	0	0	0	0	0	0	0	0	14	0	12	0	0	0	0	0	0	0	0	0	0	0	0	0	0	0	0	0	0	0	0	0	0	1	1421	0	0	0	0	0	0	0	0	0	0	0	0	0	9	0	0	0	0	0	0	0	0	0	0	0	0	0	0	0	0	0	0	0	0	0	0	8	0	8	0	18	0	0	89	0	0	0	0	0	4	8	0	37	61	4	72	0	177	8	2	27	0	8	0	16	33	0	0	0	0	0	0	0	0	0	0	0	0	0	0	0	0	0	0	0	0	1	0	0	0	0	0	0	0	6	6	0	38	36	16	1	0	0	23	0	5	232	0	0	0	0	0	0	153	3	0	0	113	20	0	1	0	0	0	0	0	20	12	21	0	0	0	0	0	30	38	0	0	218	245	37	0	0	0	0	0	0	0	0	0	0	0	0	0	29	0	0	136	0	74	0	108	13	0	50	2	0	2	10	111	0	0	0	522	27	0	50062	0	4	1675	12011	0	0	0	0	0	12	0	0	61	202	0	0	0	471	50085	0	0	0	0	0	0	0	0	0	0	0	14	38	0	0	0	0	0	0	0	0	0	2	20	0	50	0	0	0	0	0	0	0	0	69	0	0	0	0	242	1	0	0	0	0	32	0	0
np0700	0	0	25	0	57	3	26	0	0	0	96	64	0	12	287	0	0	0	34	37	0	5	7	12	0	4	10	0	0	0	0	15	0	9	0	0	183	13	21	0	8	88	358	220	7	591	0	11	146	43	111	10	71	0	0	1257	3737	0	5	18	0	0	0	0	0	0	1	247	0	0	0	1423	330	0	0	0	4	0	0	11	11	11	23	0	0	0	0	1	0	0	0	14	367	29	0	222	0	2	0	0	0	0	284	1	591	184	76	57	0	39	332	7	56	10	11	1	0	2107	319	0	0	0	11	200	5	29	102	231	427	0	2	0	0	0	56	22	13	0	78	0	0	13	29	0	0	0	0	0	0	37	3	6	1068	0	906	0	0	19	17	4	9	0	0	0	32	51	10	0	0	0	103	0	55	0	56	0	0	847	80	3	0	0	43	59	750	0	0	12	0	0	0	27	2	0	0	8	0	0	0	0	0	432	139	0	0	45	0	1068	0	3	0	28	0	0	129	0	14	461	13	0	615	185	0	0	0	243	2	0	0	0	161	0	41	80	24	14	0	0	0	0	0	79	6	12	16	0	6	76	20	192	0	0	163	0	0	0	13	549	0	17	17	0	10	13	0	0	18	0	0	0	0	0	0	0	0	0	0	0	0	0	0	0	0	0	0	0	7	0	0	4	2	0	0	1	0	51	89	0	0	98	4	18	4	15	0	4	23	0	0	0	0	0	0	0	0	0	0	38	0	0	0	0	65	0	0	51	59	0	149	0	0	0	0	0	0	49	0	203	0	0	0	0	0	0	0	7	0	0	0	0	3	0	0	0	0	2	0	0	0	0	0	0	0	0	0	0	0	0	0	0	0	0	0	0	0	0	0	0	382	0	0	0	0	142	34	38	25	453	0	0	586	0	0	0	0	7	0	38	0	50	7	10	590	29	253	0	83	28	0	0	0	99	191	22	0	0	0	0	0	10	54	0	0	7	0	0	0	7	0	0	1	3	21	2	4	108	3	5	0	13	9	159	6	519	146	41	26	10	7	4	128	0	5	182	0	0	0	0	0	1417	240	2749	0	0	0	10	0	102	145	0	0	0	0	0	0	0	0	0	84	0	0	16	28	0	0	8	2	34	0	0	26	0	0	0	0	0	0	32	77	0	0	15	0	0	2542	0	838	48	1638	118	0	6045	427	1197	116	909	1018	0	0	0	1178	107	27	193	8	5	0	29	170	0	0	0	0	372	0	0	120	51	30	50	0	0	0	0	0	0	147	0	0	16	942	39	0	61	27	0	20	59	0	0	0	0	28	17	83	0	208	0	0	0	0	0	0	0	0	23	0	0	28	0	2	0	1	90	3	4	0	0	0	0	0
np0703	0	0	5	9	19	0	0	4	0	4	2	0	0	0	0	0	0	0	2	3	0	0	0	2	0	0	8	0	0	11	0	0	1	2	0	0	18	48	0	0	0	14	34	21	0	12	0	0	3	0	52	4	25	0	0	0	101	0	5	0	0	0	0	0	0	0	0	18	0	0	0	245	4	0	3	0	0	0	0	6	0	0	14	0	97	8	0	0	0	0	0	10	14	0	0	12	0	0	0	0	0	2	38	3	34	20	17	0	0	16	65	4	9	0	0	4	0	47	0	0	0	9	7	5	0	11	11	10	27	0	0	0	0	0	0	15	19	2	0	0	0	1	4	0	75	0	0	0	0	2	81	24	0	0	0	0	0	1	3	1	1	0	0	0	2	0	0	0	13	0	72	0	12	0	3	0	2	151	2	0	0	0	4	14	56	0	0	7	4	0	1	1	0	0	0	0	0	0	0	0	0	117	6	18	0	15	0	17	0	0	0	10	34	0	0	23	0	72	0	0	149	82	0	0	0	2	1	0	0	0	0	0	19	0	9	0	0	0	0	0	0	31	0	0	0	0	7	1	0	65	0	12	14	2	0	0	1	11	0	0	6	0	3	0	0	0	5	0	0	0	0	0	0	0	0	0	0	0	36	0	0	0	0	0	0	7	14	0	9	12	18	0	0	3	0	0	6	0	0	10	0	7	0	0	1	1	0	0	1	0	0	0	0	0	0	0	121	7	0	0	0	0	17	0	0	8	0	0	13	0	0	0	0	0	0	0	0	5	0	0	0	0	0	0	0	6	0	2	0	0	2	0	0	0	0	3	0	0	0	0	5	0	0	0	0	0	0	0	0	0	0	0	0	0	0	0	0	0	290	0	0	0	0	14	0	0	4	3	0	0	11	0	0	0	0	0	110	12	3	3	0	0	32	0	41	0	5	0	0	0	0	0	4	0	0	0	0	0	1	1	3	0	0	101	0	0	0	0	0	2	0	0	159	6	32	2	16	0	0	1	0	1	0	17	19	0	34	2	2	0	0	0	0	0	8	0	0	11	0	33	16	218	0	0	0	8	0	0	2	0	0	6	0	5	1	9	0	0	0	4	0	0	0	0	0	6	5	6	0	9	0	0	0	0	75	0	0	37	0	0	12	5	0	0	3	0	18	4	31	27	0	155	6	52	3	20	7	6	0	0	13	3	2	288	3	1	6	16	0	0	0	0	0	4	0	0	13	2	0	54	0	0	0	0	7	0	0	1	0	0	115	106	0	1	2	0	2	0	1	1	1	0	5	0	0	0	4	0	0	0	0	0	0	0	0	18	0	0	0	0	0	0	0	0	0	5	0	0	0	0	0
np0705	1	0	4	72	11	26	0	9	0	1	28	16	0	7	311	5	14	0	2	0	13	1	5	7	0	4	15	0	0	26	0	22	4	30	0	0	413	27	0	0	0	62	55	192	2	142	0	20	85	63	66	4	27	0	0	0	2545	0	0	5	0	0	0	0	0	0	3	1626	0	0	0	471	58	0	3	0	74	198	0	118	21	52	579	0	43	598	0	2	0	0	0	13	17	0	0	18	0	0	0	0	0	7	865	92	127	275	316	10	0	72	410	3	13	0	6	0	0	472	3	0	0	663	70	0	0	91	130	40	108	487	258	6	0	0	0	26	247	27	688	0	0	1	26	0	470	0	0	0	6	125	131	98	0	0	0	14	0	3	0	0	0	0	0	0	21	2	35	0	14	0	1983	0	181	30	17	0	3	1698	12	0	0	0	158	59	1859	0	0	5	71	0	138	175	31	0	0	2	2	0	0	0	0	918	3	154	4	292	154	942	0	0	0	188	487	0	9	462	0	4863	59	0	2733	4836	0	0	0	342	14	0	6	0	0	0	252	0	962	1	41	22	0	96	0	831	118	47	4	1	62	6	9	971	71	221	47	6	0	0	28	88	2	69	21	12	32	22	0	0	65	0	0	0	0	0	0	0	0	0	0	0	32	0	0	0	0	0	0	43	23	0	35	36	122	0	0	50	0	0	28	0	0	102	20	23	0	4	0	6	0	1	0	0	0	0	0	0	0	0	826	171	0	0	2	0	442	0	0	10	0	0	34	0	0	0	0	0	0	0	0	46	0	0	0	0	5	0	841	5931	0	7053	205	0	136	29	51	13	3	132	0	2623	0	576	1734	1	0	0	0	0	0	0	0	0	0	0	0	0	0	0	0	0	4020	0	0	0	0	92	38	4	0	18	0	0	4	0	0	0	0	0	2793	160	90	31	0	4	1784	132	1110	89	110	44	0	0	0	13	26	7	0	0	0	0	0	2	21	2	0	22	0	0	2	4	0	2	0	6	143	17	26	21	20	3	0	1	0	1	0	24	36	0	45	0	1	3	6	7	3	4	5	0	0	16	0	45	45	208	0	0	0	13	0	0	4	0	0	4	0	25	8	16	0	0	2	0	0	2	0	0	0	18	9	10	0	3	0	0	0	0	47	0	0	80	0	0	10	20	0	0	23	0	71	8	113	170	0	552	7	294	11	30	38	13	0	0	29	28	5	5030	50	5	37	132	0	0	0	0	0	802	0	17	192	60	0	153	0	26	20	41	220	0	0	15	0	253	3682	595	0	9	7	4	5	6	3	1	6	0	16	3	0	0	12	0	0	0	11	0	2	0	0	30	0	2	0	0	0	0	8	13	0	10	0	0	11	0	0
np0708	0	0	0	0	7	0	0	0	0	0	251	0	0	14	381	0	9	0	14	19	0	7	4	0	2	0	4	0	0	0	0	61	30	0	0	0	372	0	18	0	0	469	463	25	6	643	10	30	63	38	0	12	79	0	0	0	46	0	28	1	0	0	0	0	0	0	2	136	0	0	1	79	409	0	0	4	46	0	0	2	0	0	32	0	56	0	0	190	0	0	0	0	647	85	0	36	67	12	0	0	7	8	510	12	373	97	118	110	19	0	107	0	0	15	30	0	0	3	75	0	0	28	3	0	16	5	29	48	68	0	0	0	0	0	0	0	0	0	0	0	0	0	1	0	9	0	0	0	0	0	0	0	0	0	0	397	0	0	19	4	1	0	0	0	20	0	13	2	3	551	530	4	93	0	698	0	411	1563	0	0	0	0	40	233	677	0	0	0	78	36	0	12	0	0	0	3	0	0	0	0	0	28	10	0	36	113	65	150	0	0	0	76	33	0	9	23	0	236	0	0	365	67	0	0	0	10	0	37	0	0	0	0	48	0	0	6	0	0	0	0	5	348	0	15	4	0	44	10	9	162	7	30	2594	266	4	3	28	18	32	132	219	665	13	8	0	1	94	0	0	0	0	0	0	0	0	0	0	5	48	0	0	0	0	272	271	0	0	0	0	0	0	0	0	0	0	0	0	0	0	33	297	0	0	6	0	8	0	0	0	0	83	0	0	565	0	0	0	30	0	11	167	2	211	0	0	0	0	0	0	0	0	0	0	0	0	0	0	0	0	0	0	8	0	0	0	8	0	0	0	0	0	0	0	0	0	0	0	0	0	0	1	0	0	0	2	0	0	0	0	0	0	0	0	0	0	0	159	0	0	0	0	0	913	31	0	2	0	0	0	0	0	66	0	0	0	0	405	49	0	5	1	2	626	0	162	0	45	5	0	0	0	0	1550	169	0	0	0	0	0	5	7	54	13	0	0	396	2	5	0	0	0	8	0	0	0	18	0	149	2	23	0	59	0	264	216	154	366	10	21	0	245	10	11	110	0	8	320	0	0	0	491	419	70	0	6	42	0	17	37	0	0	133	0	189	92	128	130	0	29	22	0	14	55	0	0	700	90	127	0	648	5	15	321	87	122	0	0	0	19	0	49	318	15	43	2945	199	2363	246	1881	262	0	9134	79	2879	217	932	140	105	0	0	450	182	211	36	0	0	0	67	0	188	465	0	0	1863	0	0	105	18	10	0	11	0	0	0	0	41	0	0	0	0	0	0	0	17	13	0	1	0	17	0	48	1	64	54	2	0	224	15	97	4	0	0	0	0	0	13	0	86	0	0	327	0	9	0	0	3	0	0	16	0	0
np0711	0	0	1	0	1	128	116	1	5	41	105	0	0	158	80	28	5	12	0	0	0	2	35	44	4	0	2	90	21	0	6	16	26	71	10	6	1530	7	19	108	1	31	454	43	38	533	13	26	182	107	9	6	16	4	97	14	132	8	17	18	290	70	0	0	0	0	69	2835	0	0	0	0	14	0	1	25	61	8	0	4	0	0	7	0	7	105	138	37	3	5	7	0	22	0	0	0	2	0	0	0	20	3	917	74	466	88	786	531	88	0	189	0	0	0	10	0	8	38	7	120	0	34	4	0	9	16	26	0	16	19	90	54	32	15	13	3	20	23	181	0	12	0	3	8	13	19	0	15	0	29	0	268	2	0	1	0	15	0	10	130	2	836	1044	5	27	16	93	2	49	131	325	0	400	114	2	1	0	5189	41	31	4855	100	0	15	4589	153	192	28	32	30	26	9	73	12	0	0	1	34	7	0	3	43	6	0	179	178	26	123	0	0	0	0	90	12	235	19	92	2039	244	17	1119	266	0	63	29	139	7	34	15	1	27	0	22	0	10	16	30	8	9	0	0	728	14	13	12	2	3	0	4	315	20	27	14	14	2	4	37	58	9	106	131	18	112	61	68	34	114	21	4	36	6	6	4	5	10	4	10	2	0	4	9	0	0	4	4	0	0	0	0	0	5	12	6	73	21	0	0	1326	9	117	440	55	0	6	16	11	2	0	0	1	28	87	4	21	0	26	6	0	0	6	5	0	4	0	363	10	9	0	508	37	18	33	359	0	6	637	44	24	111	47	20	132	821	60	4231	2211	48	145	855	8	47	9	0	98	28	699	1421	2083	2146	1646	17268	2445	11	33	50	2811	652	17	334	158	1169	339	347	258	1538	3302	0	95	687	7	31	181	88	45	0	0	0	0	0	0	0	0	12	2	0	43	119	63	11	8	3	0	219	0	1300	57	75	34	411	7	0	3	31	18	6	0	19	0	3	0	10	2	8	0	395	104	75	3	4	5	4	30	0	0	0	0	5	0	0	0	0	11	0	0	45	5	8	1	0	37	0	0	8	1	0	8	7	0	2	2	108	145	86	11	0	0	5	2	0	3	0	3	10	20	11	21	2	0	0	0	0	0	3	0	0	12	15	6	0	18	0	22	12	3	0	0	1	0	0	237	0	24	1	3	13	17	21	0	103	6	0	259	3	15	9	97	0	0	0	0	4	219	12	222	0	0	1	328	0	0	17	0	2	844	14	0	946	88	12	9	0	0	0	2	10	0	2	7	97	147	114	30	0	3	1	0	1	0	3	5	0	2	22	3	1	0	8	0	11	55	173	39	305	0	1	3	0	67	41	0	0	2	15	7	0	9	35	7	5	4908	1830
np0713	5	7	36	33	5	0	0	5	4	40	54	0	17	42	99	0	8	14	4	6	0	12	3	10	9	0	37	11	130	17	42	34	90	0	13	15	799	18	15	20	17	341	579	118	53	365	16	27	86	52	136	44	140	50	5	1	390	29	53	9	11	0	3	32	12	19	4	1050	0	3	0	26	95	2	17	0	2	3	47	0	0	3	19	10	38	0	149	1331	41	84	88	1	338	0	3	16	7	4	3	7	0	0	107	18	219	81	94	110	0	46	192	0	0	0	11	0	64	691	100	312	0	17	11	5	19	88	80	8	16	0	0	0	91	70	57	106	390	2	150	115	218	5	119	4	319	327	8	97	58	742	39	483	23	88	88	63	6	24	12	14	1	225	89	3	30	8	20	3	5	4	34	10	69	0	10	1	7	405	38	8	96	18	0	20	423	0	12	0	2	0	0	4	0	0	3	0	2	13	0	38	0	483	409	0	4	94	53	69	11	2	0	0	314	45	210	44	34	1820	62	25	5767	486	42	179	55	441	113	11	4	0	33	0	45	0	25	8	0	0	0	0	0	85	0	13	1	4	18	56	11	502	22	32	220	69	8	10	168	245	5	26	72	0	29	13	0	0	21	15	54	35	50	32	35	22	0	16	15	1	0	0	0	0	0	28	18	0	0	43	0	0	15	19	18	346	145	0	0	414	0	52	70	66	19	19	6	15	12	0	0	7	17	25	18	87	5	5	102	10	18	65	48	9	18	0	15	0	7	0	188	27	7	22	11	9	12	89	37	27	86	29	474	8632	187	28	77	155	1302	0	145	42	0	2	2	22	6	32	5	26	17	87	568	167	794	0	0	196	15	65	381	10652	1900	69	45	42	19	42	1	86	555	26	281	94	151	47	0	242	0	56	0	0	68	0	0	28	13	65	392	173	52	23	0	0	140	0	831	9	42	13	305	450	154	19	195	29	91	7	7	36	0	7	0	23	25	0	185	0	115	21	29	70	7	22	40	8	3	0	0	10	0	10	4	33	0	23	250	76	66	7	11	154	52	8	107	97	0	155	186	37	2	161	1199	833	472	282	2	19	34	9	7	0	13	22	30	214	112	321	13	3	0	5	0	48	93	8	0	135	215	92	0	179	2	89	62	328	1	10	0	2	13	374	3	175	115	67	321	462	461	6	1723	95	0	3000	83	140	90	623	55	0	0	0	110	1296	153	31	0	1	0	6	0	6	11	0	6	189	0	26	124	44	11	162	0	0	0	0	0	0	0	14	165	108	230	21	18	10	4	38	2	21	10	14	7	21	125	6	9	0	74	0	32	12	65	254	36	2	3	9	0	6	0	0	0	4	0	186	6	88	134	101	6	66	16
np0719	0	0	0	5	12	0	1	5	0	22	76	0	4	16	720	755	3	5	0	9	0	9	0	8	2	0	21	0	14	9	16	20	27	17	2	3	222	5	14	9	4	46	108	22	8	265	0	15	17	32	20	7	94	8	0	5	790	18	17	18	8	0	3	37	42	50	4	1183	20	0	5	31	272	14	32	3	18	5	94	13	15	7	80	0	7	0	2	99	9	16	28	0	129	0	3	15	7	13	6	14	3	12	403	19	119	70	63	39	0	76	427	0	0	8	12	6	30	284	181	70	0	0	9	32	5	20	46	33	114	0	0	0	10	14	60	56	81	4	73	22	226	18	47	7	25	36	15	3	12	66	0	73	203	40	29	6	3	6	0	15	6	5	7	8	23	12	10	0	0	7	54	14	67	0	33	32	14	706	5	8	59	67	0	28	888	0	29	0	0	0	0	14	13	0	45	11	5	3	8	6	23	88	186	0	0	331	86	127	22	6	13	50	125	13	146	9	0	530	17	8	1036	211	13	8	16	99	37	1	0	0	15	0	66	8	42	9	1	0	0	0	0	64	3	12	2	2	13	32	4	83	5	9	68	49	2	0	108	191	7	24	11	0	0	7	15	0	12	16	12	10	32	34	48	22	62	20	3	6	0	26	30	4	17	0	0	0	0	13	0	0	26	18	22	400	137	0	3	74	9	43	110	1	8	11	0	26	0	0	0	7	27	41	18	148	17	0	62	0	4	47	27	2	21	6	7	7	2	0	29	7	0	0	2	10	0	60	26	7	21	9	140	2323	31	8	15	35	475	0	17	16	1	0	0	6	1	40	0	23	18	43	248	42	269	3	0	50	24	11	37	2682	155	0	21	5	0	0	0	16	114	15	29	23	25	35	8	235	18	77	4	501	0	0	108	37	14	127	687	72	18	45	17	0	174	0	306	12	23	9	389	74	20	25	214	62	0	7	0	26	0	6	7	0	0	2	10	0	40	25	3	6	0	15	8	0	12	30	46	7	6	34	19	60	0	15	411	66	56	6	16	12	25	13	59	76	5	65	104	18	42	40	1201	439	378	88	0	18	11	4	9	20	5	8	16	276	153	502	37	4	0	4	0	3	19	13	12	49	59	49	29	94	2	47	31	63	2	6	3	6	13	3	0	185	61	32	197	409	142	0	850	74	0	2070	31	76	182	639	73	0	0	0	196	1744	56	57	0	2	0	19	19	7	14	0	17	48	0	49	85	11	24	41	2	0	0	0	0	0	0	12	76	163	165	6	9	29	31	24	1	23	30	17	19	13	211	26	21	4	126	7	39	2	8	15	10	5	0	173	14	22	0	12	0	8	0	42	0	41	50	33	2	0	0
np0720	0	0	4	38	2	0	0	0	0	0	7	0	0	3	90	0	1	0	3	0	0	0	0	0	0	0	5	0	0	13	0	0	0	0	0	0	94	56	4	0	0	51	44	12	0	86	0	0	49	20	3	2	65	0	74	0	217	0	0	0	0	0	0	0	0	0	0	34	0	0	0	132	16	0	0	0	1	1	0	1	2	0	10	0	14	0	0	0	0	0	0	10	4	0	0	5	0	0	0	0	0	3	22	19	54	97	16	3	0	5	29	0	0	0	0	2	0	54	0	0	4	0	13	5	1	9	9	6	22	19	9	29	0	0	0	2	3	1	0	0	0	2	3	0	85	0	0	2	0	7	29	51	2	0	2	2	0	2	4	0	0	0	1	0	1	0	3	0	11	0	37	1	16	0	5	0	4	141	2	0	0	0	3	22	63	0	0	22	8	0	2	0	5	0	0	0	0	0	0	0	0	188	4	35	0	0	2	42	0	0	0	38	59	0	5	36	0	86	0	0	246	56	0	0	0	9	0	0	0	0	0	0	6	0	5	0	25	22	0	100	0	31	2	7	0	0	11	1	2	62	0	7	83	3	0	0	0	17	2	1	6	1	2	0	0	0	9	0	0	0	0	0	0	0	0	0	0	0	23	0	0	0	0	0	0	5	4	0	5	12	28	0	0	5	0	0	11	0	0	13	9	5	0	2	1	2	0	0	0	6	0	0	0	0	0	0	222	27	0	0	0	0	63	0	0	22	0	0	34	0	0	0	0	0	0	0	0	44	0	0	0	0	0	0	22	76	0	33	0	0	12	1	3	0	0	4	0	21	0	1	16	0	0	11	9	0	0	0	0	0	0	0	0	0	0	0	0	0	1425	0	0	0	0	10	8	0	0	39	0	0	0	0	0	0	0	0	190	8	0	0	0	0	83	13	32	0	6	0	0	0	0	6	14	1	0	0	0	0	0	0	0	1	0	4	0	0	0	2	0	1	0	0	30	1	1	3	12	0	0	0	0	0	3	18	12	0	16	4	2	1	10	0	2	4	0	0	0	4	0	55	27	325	0	0	3	0	0	0	6	0	0	5	0	17	0	18	0	0	2	0	1	0	0	0	0	7	2	1	0	0	0	1	0	0	52	0	0	60	0	0	12	11	0	0	26	8	40	0	66	112	0	367	17	92	5	29	44	13	0	0	38	27	4	41	0	0	0	12	0	0	0	0	1	77	0	2	8	3	0	70	0	0	0	0	8	0	0	4	0	14	748	38	0	0	2	1	0	10	1	3	0	0	6	0	2	0	9	0	0	8	0	0	0	1	0	19	0	0	0	0	0	0	0	4	0	10	0	0	4	0	0
np0724	0	0	0	5	0	0	0	10	0	0	11	0	0	0	357	0	44	0	0	0	0	6	7	15	0	0	0	0	0	7	0	10	16	0	0	0	47	2	0	0	0	2	0	0	1	0	2	22	8	4	0	15	11	0	0	0	13	0	0	0	0	0	0	0	0	0	1107	441	0	0	0	0	198	0	0	0	17	101	0	29	58	0	44	0	0	0	0	3	55	0	0	0	187	0	154	0	0	0	0	0	100	2	53	0	33	5	140	0	63	0	263	0	0	4	18	0	0	0	0	0	0	0	0	0	20	0	4	0	0	0	0	0	0	0	0	0	0	0	0	0	0	0	0	0	0	0	0	0	0	0	0	0	0	0	0	6	0	0	0	0	0	0	0	0	0	32	3	0	17	0	3871	0	25	0	226	0	0	61	0	0	0	0	0	0	319	0	0	0	0	0	0	2	5	0	0	50	0	0	0	0	0	61	0	0	5	49	14	20	0	8	0	11	0	0	113	0	0	116	0	0	146	21	0	0	0	0	159	0	0	1	0	0	524	0	0	18	0	0	0	0	0	35	0	8	3	10	55	127	10	8	0	0	27	8	0	0	33	27	8	22	0	1307	0	0	0	0	48	0	0	0	0	0	0	0	0	0	0	0	0	0	0	0	0	0	0	0	0	0	0	0	0	0	0	0	0	0	0	0	0	0	94	0	0	5	0	7	1	0	0	0	0	0	0	0	0	0	0	0	0	0	83	0	57	0	0	0	0	0	0	0	0	0	0	0	0	0	0	0	0	0	0	0	0	0	0	0	0	0	0	0	0	0	0	0	0	0	0	0	0	0	0	0	0	0	0	0	0	0	0	0	0	0	0	0	0	0	0	0	0	0	0	0	0	21	18	20	0	0	0	0	91	0	0	0	0	16	53	15	0	16	11	15	318	0	83	0	15	0	0	0	0	0	2	0	0	0	0	0	0	8	4	0	122	0	0	0	0	0	0	0	0	0	0	0	0	6	0	9	0	7	0	17	0	0	95	0	79	9	0	2	0	0	57	35	0	0	0	0	0	0	436	0	0	11	0	0	0	0	3	0	0	0	0	111	62	140	0	0	0	0	4	0	0	0	0	13	120	2	0	0	0	0	0	0	0	0	0	0	0	0	0	0	0	0	2	0	62	0	474	0	0	73	0	0	2	52	0	0	0	0	0	29	0	617	0	3	27	15386	0	0	0	0	0	63	0	0	4	487	42	0	0	941	1119	0	1	0	0	0	0	0	0	0	0	0	55	54	0	0	0	0	0	0	0	11	0	5	0	0	8	0	0	0	0	0	0	9	0	387	0	0	0	0	0	0	0	0	0	0	4	0	0
np0725	0	0	0	0	15	0	0	3	0	0	47	0	1	10	365	0	3	0	14	68	0	6	2	11	5	0	0	0	0	0	0	33	38	0	0	0	286	8	8	0	0	140	325	8	0	502	4	9	34	22	42	52	88	7	0	0	74	0	18	0	0	0	0	0	0	0	0	187	0	0	0	913	579	5	0	0	0	0	233	12	0	0	37	0	439	0	0	141	16	0	0	0	361	28	46	69	70	25	0	0	136	15	202	4	143	69	51	39	0	64	352	16	0	6	18	0	0	6	736	0	0	8	0	0	10	9	35	47	77	0	0	0	0	0	4	2	0	0	0	0	0	0	22	0	54	0	0	0	0	13	0	0	0	0	0	5	0	0	25	16	8	0	0	0	35	10	4	4	9	17	49	8	33	0	186	0	79	533	2	0	0	0	80	51	802	0	0	0	85	44	0	10	57	0	0	18	1	0	0	0	0	291	229	0	2	4	6	46	0	0	0	26	181	0	117	133	0	180	0	6	2280	146	0	0	0	46	51	6	0	44	0	0	32	0	0	18	0	0	1	0	35	107	0	13	5	249	37	54	0	97	4	12	343	38	4	0	76	95	10	34	17	0	8	5	0	0	30	0	0	0	0	0	0	0	0	0	0	29	149	0	0	0	0	109	120	0	0	0	0	0	0	0	0	0	0	0	0	0	0	41	89	0	1	17	0	10	11	0	0	0	96	0	0	548	2	0	0	11	0	9	43	4	55	0	0	0	0	0	0	0	0	0	0	0	0	0	0	0	0	0	0	14	0	0	0	1	0	0	0	0	0	0	0	0	0	0	0	0	0	0	1	0	0	1	0	0	0	0	0	0	0	0	0	0	0	0	9	0	0	0	0	0	304	37	0	79	2	26	0	0	450	0	0	0	0	0	2170	36	5	14	0	6	284	7	111	0	30	0	0	4	0	19	618	107	0	2	0	8	0	9	12	11	1	0	0	0	19	4	0	0	3	12	0	0	0	53	0	249	3	68	6	93	11	664	428	194	835	7	28	0	223	0	20	166	0	6	151	0	0	5	3328	107	158	9	19	105	0	21	2105	0	0	125	0	242	118	247	132	0	54	30	1	31	65	0	0	545	71	107	0	191	1	6	63	168	511	0	0	0	27	0	142	564	42	123	1254	355	1578	282	1531	212	0	4095	24	1205	391	1320	1844	46	0	0	2224	279	102	35	0	0	0	46	0	27	169	0	0	186	0	0	39	11	8	0	9	0	0	0	0	120	0	0	0	0	0	0	0	45	38	8	3	0	9	0	46	0	81	53	8	4	213	50	297	0	0	0	0	0	0	44	4	133	0	9	19	0	0	524	379	222	0	0	15	0	0
np0726	0	0	40	4	5	207	799	1	3	0	13	0	0	3	2507	0	36	0	2	8	81	2	6	0	0	18	146	0	0	3	3	33	0	21	0	0	1695	30	294	0	2	136	430	99	34	45	0	34	48	126	393	32	0	0	0	587	4544	0	1	0	0	0	0	0	0	0	0	238	0	0	0	115	41	0	3	0	0	0	0	16	13	8	33	0	0	11	0	0	0	0	0	49	112	13	6	40	0	0	0	0	0	0	48	4	934	398	49	42	0	0	33	0	5	0	14	0	0	696	272	0	0	0	11	52	6	42	148	337	1392	55	258	174	0	0	0	0	296	6	178	0	0	0	2	0	0	0	0	0	0	26	0	8	28	0	45	0	9	30	30	0	0	0	0	0	44	74	15	0	4	0	235	0	65	0	42	3	0	372	38	1	0	0	267	138	1788	0	0	246	35	0	30	5	70	0	0	0	0	0	0	0	0	345	15	0	0	66	5	218	1	0	32	43	0	0	107	0	96	1195	36	0	105	44	0	0	0	234	0	0	4	0	52	0	6	36	24	20	7	4	0	4	0	323	44	11	0	9	0	20	7	132	5	0	2199	0	10	0	337	15406	0	1	46	0	5	0	0	0	12	0	0	0	0	0	0	0	0	0	0	0	0	0	0	0	0	0	0	14	19	0	24	34	32	0	0	4	0	129	32	0	0	386	0	136	0	0	14	18	27	0	0	0	0	0	0	12	0	0	3	54	0	0	0	0	104	0	0	20	87	0	111	0	0	0	0	0	0	34	0	189	0	0	0	0	0	0	0	77	0	0	0	0	16	0	8	7	0	11	0	11	0	0	28	9	0	0	0	0	0	0	0	0	0	0	0	0	0	0	0	0	264	0	0	0	0	107	777	11	1	0	0	0	16	0	0	0	0	37	0	15	0	16	2	0	1697	191	1198	58	64	55	0	0	0	29	102	44	0	0	5	0	0	10	38	0	0	0	0	0	0	0	0	0	0	13	1330	31	1107	41	3	14	5	10	2	37	0	118	49	15	12	0	7	4	8	0	19	434	27	9	0	0	0	67	587	806	0	0	0	0	0	18	11	0	0	0	0	3	0	0	0	0	43	0	0	5	12	0	0	4	5	14	0	0	0	1	0	7	0	0	17	6	9	0	0	9	0	0	787	0	761	60	3506	143	0	7135	509	1253	4	291	176	0	0	0	222	72	9	1445	12	6	1	46	8	0	0	0	0	58	0	0	95	43	17	74	3	0	0	1861	14290	0	1272	0	0	0	1318	4809	0	9	9	0	0	7	5	12	0	0	33	5	3	0	31	0	0	0	1	0	0	0	0	22	0	0	16	0	0	0	19	20	0	0	0	0	0	0	0
np0727	0	0	7	28	0	8	0	3	0	0	8	5	0	0	293	2	1	0	0	0	0	1	2	0	1	0	0	0	0	9	0	9	0	7	0	0	211	64	0	0	0	24	27	25	0	127	0	6	102	13	4	0	29	0	12	0	376	0	1	1	0	0	0	0	0	0	0	105	0	0	0	76	10	0	0	0	4	0	0	8	0	4	39	0	13	16	0	2	0	0	0	6	16	0	0	4	0	0	0	0	0	1	107	5	26	40	27	2	1	0	34	0	0	1	0	0	0	65	1	0	1	24	7	0	0	13	7	17	55	133	49	3	0	0	0	2	17	8	87	0	0	5	5	0	120	0	0	0	0	13	26	39	0	0	0	0	0	0	1	2	0	0	1	0	0	0	7	0	8	0	101	0	8	0	3	0	0	179	4	0	0	0	6	25	111	0	0	1	0	0	1	12	5	0	0	0	0	0	0	0	0	145	0	40	0	8	9	23	0	0	0	95	58	0	2	35	0	229	8	0	237	148	0	0	0	24	1	0	3	0	0	0	13	0	35	0	4	5	0	22	0	94	6	9	0	0	13	3	0	122	0	24	45	1	1	0	6	16	0	7	12	0	2	0	0	0	11	0	0	0	0	0	0	0	0	0	0	0	7	0	0	0	0	0	0	20	13	0	20	14	21	0	0	9	0	0	5	1	0	13	4	2	0	0	0	1	0	1	0	0	1	0	0	1	0	0	460	39	0	0	0	0	57	1	0	21	0	0	16	0	0	0	0	0	0	0	0	32	0	0	0	0	0	0	97	843	0	798	24	0	35	6	8	3	1	21	0	408	0	63	205	0	0	0	1	0	0	0	0	0	0	0	0	0	0	0	0	0	1559	0	0	0	0	8	83	0	0	25	0	0	0	0	0	0	0	0	426	9	0	2	0	0	91	11	84	6	9	0	0	0	0	9	19	4	0	0	0	0	4	0	0	0	0	0	0	0	0	1	0	0	0	9	23	1	12	8	2	0	0	0	0	0	1	12	12	0	22	0	0	0	0	6	0	0	0	0	0	9	0	15	19	318	0	0	3	4	0	0	0	0	0	0	0	9	2	3	0	0	0	0	0	0	0	0	0	2	1	2	0	0	0	0	0	0	24	0	0	36	5	0	8	14	0	0	24	0	30	0	72	84	0	529	14	95	19	55	10	8	0	0	6	17	2	148	1	1	1	8	1	0	4	0	0	347	1	0	26	7	0	69	0	0	0	0	6	0	0	0	0	26	582	238	0	0	0	0	0	3	0	0	1	0	11	0	0	0	2	4	5	0	0	1	0	0	0	3	0	0	1	0	0	0	0	6	0	10	0	0	3	0	0
np0729	0	0	0	0	0	0	0	0	0	3	16	0	0	13	0	0	2	4	0	0	0	0	0	0	0	0	0	8	7	0	0	0	18	0	6	0	213	0	9	16	0	19	32	12	26	100	0	4	39	15	3	0	0	1	0	0	49	4	5	0	0	0	0	0	0	0	5	97	0	0	0	0	0	0	1	3	4	0	0	0	0	0	0	0	0	0	0	16	4	0	6	0	10	0	0	0	0	0	0	0	0	0	13	2	13	5	28	46	0	0	6	0	0	0	0	0	0	11	1	9	0	0	0	0	0	7	10	0	0	0	0	0	8	0	0	0	30	0	12	0	2	0	11	0	32	32	0	6	0	34	6	31	0	0	0	1	3	0	0	0	0	12	2	0	0	1	0	0	0	0	4	0	35	0	0	0	0	152	12	0	26	6	0	1	100	0	0	0	0	0	0	0	0	0	0	0	0	10	0	0	0	85	35	0	26	44	19	14	0	0	0	0	0	0	0	0	49	1108	93	15	156	86	0	9	28	119	5	2	0	0	0	0	0	1	4	0	0	0	0	0	0	115	0	0	0	0	25	70	0	162	7	0	0	0	0	0	13	12	0	0	0	0	5	0	0	0	3	0	0	0	0	0	2	0	0	1	0	0	0	0	0	0	0	0	0	0	0	0	0	0	0	0	0	9	4	0	0	44	0	4	14	2	1	0	0	2	0	0	0	0	4	0	0	0	0	0	0	0	7	0	8	0	0	0	2	0	0	0	48	0	0	0	2	0	0	6	10	3	9	3	24	1072	19	0	379	30	62	0	8	11	1	0	0	11	10	25	77	34	24	0	786	189	115	4	0	106	3	19	35	1631	145	11	4	0	0	0	0	2	39	0	11	6	18	3	0	0	0	0	0	0	0	0	0	0	1	10	39	38	10	0	0	0	21	0	307	0	14	0	18	12	4	0	27	4	0	0	26	2	0	0	0	2	0	0	103	0	0	0	3	6	2	5	0	0	0	0	0	0	0	0	0	0	0	0	6	0	1	1	0	0	0	0	5	4	0	7	6	0	0	5	69	21	9	6	0	3	2	2	0	0	3	0	0	8	12	12	0	0	0	0	0	0	3	0	0	2	9	0	0	0	2	9	3	11	0	0	0	0	0	235	1	0	0	0	11	8	13	0	95	3	0	141	3	0	2	57	0	0	0	0	3	63	2	4	0	0	0	0	0	0	0	0	0	15	0	0	29	5	0	0	0	12	0	0	0	0	0	0	50	15	42	0	0	0	0	0	0	0	1	1	0	1	0	0	1	0	2	0	0	13	170	38	2	0	2	0	0	0	0	0	0	0	3	3	0	5	7	4	0	0	0
np0731	1	2	8	28	62	0	7	1	3	160	540	62	32	23	7288	1507	11	25	29	29	8	22	17	52	11	22	77	14	97	37	45	153	121	0	10	9	529	17	31	15	29	441	968	171	76	2763	24	76	309	293	51	17	149	69	0	4	4042	76	71	29	55	34	51	263	251	693	8	8846	259	9	20	108	939	59	176	10	22	10	331	38	27	16	149	69	27	162	17	1011	94	107	257	10	1353	7	12	32	26	54	9	67	23	55	931	79	451	215	180	142	0	278	1581	62	48	12	70	28	112	1079	510	506	0	187	8	49	27	60	96	108	275	0	0	0	34	29	380	236	325	6	285	45	903	35	100	24	55	48	63	19	34	148	1	468	849	272	249	51	16	26	26	44	19	7	45	26	82	48	27	2	48	99	577	62	137	69	86	137	46	2915	39	15	366	191	0	43	2910	38	123	5	29	0	0	64	90	14	97	40	35	28	22	13	48	305	801	20	9	287	72	99	95	42	24	678	278	64	406	23	22	1895	48	24	3308	748	33	51	49	404	98	0	6	4	49	11	315	18	70	40	7	7	0	1	12	371	17	24	18	10	31	93	42	295	22	23	259	163	11	3	283	408	51	170	59	4	19	16	29	9	68	188	228	134	600	389	537	305	702	257	54	80	12	331	362	432	1297	53	49	0	7	206	0	2	238	148	161	2685	1089	33	9	1076	155	161	314	7	16	52	9	49	23	12	8	148	415	486	156	2645	358	51	859	27	24	347	120	54	62	13	36	19	13	78	275	40	19	42	36	49	23	248	156	37	180	45	660	6780	161	47	46	132	2037	2	157	78	3	0	0	19	8	84	2	50	78	143	669	152	777	0	0	224	79	101	95	7794	325	57	69	41	32	87	0	144	831	80	254	348	132	142	154	772	108	290	29	1625	0	9	999	148	59	504	2898	249	26	95	28	4	444	9	764	17	50	22	2071	208	85	209	1507	550	45	16	18	37	64	21	27	2	0	0	14	0	186	39	12	65	4	31	12	1	2	213	271	72	2	112	44	275	12	86	2883	475	217	38	80	24	202	51	272	964	29	678	1192	112	300	353	6497	2769	2428	787	15	134	73	37	49	131	52	74	195	1726	1104	2728	199	23	25	28	3	63	179	145	96	359	646	317	260	327	9	219	170	677	23	82	7	7	64	51	0	1091	323	135	901	2126	1804	0	7539	732	63	19212	308	424	740	4381	247	24	8	44	1064	14337	581	254	7	23	0	78	63	29	48	17	53	260	0	126	313	60	90	109	12	0	0	0	0	1	0	51	942	1087	1477	97	36	71	63	257	6	126	209	145	127	118	1492	212	65	3	544	104	372	19	87	35	46	10	7	283	16	56	14	29	0	21	10	272	12	204	142	65	14	126	33
np0732	0	3	0	6	73	0	3977	0	0	165	547	105	3	39	209	1	92	0	26	121	37	35	13	6	0	0	57	194	45	0	13	209	12	0	215	26	2147	306	0	0	9	777	3648	510	53	804	23	105	646	79	77	39	329	0	0	0	284	0	369	15	25	0	4	0	0	0	5	3656	0	0	0	100	803	0	10	21	8	0	0	2270	0	12	2223	0	163	15	0	14	710	14	4	0	843	0	0	0	266	0	18	14	7	33	5720	236	7431	938	1345	877	0	326	4818	0	0	286	66	4	0	3572	1734	0	7048	249	28	142	92	85	358	10	421	0	0	0	0	633	9	82	94	3	0	0	13	4	106	355	20	0	16	3728	80	0	0	1922	0	0	0	0	161	0	6	0	0	0	100	0	7	32	200	28	18	0	471	51	973	0	39	168	28	2378	0	0	0	2997	0	86	2881	0	0	0	37	21	11	44	166	0	2	8	3	0	0	270	7	88	36	4	34	870	199	679	3	1	44	10	0	0	1509	0	0	13673	0	0	19218	6187	997	0	0	2184	247	35	24	7	0	48	3254	0	0	80	256	103	59	11	20	1371	0	33	5	0	23	19	78	14099	23	0	163	417	58	31	325	609	28	383	126	0	89	303	0	0	12	374	0	0	0	0	0	0	0	0	0	0	0	0	0	0	0	234	0	0	0	0	0	0	0	0	0	0	0	0	0	0	0	272	1864	0	0	49	11	40	17	8	226	0	914	0	0	4222	0	0	0	0	195	153	447	53	0	0	0	0	0	0	14	0	0	0	0	0	0	16	3	0	0	0	0	0	1087	0	3	1495	0	9678	0	0	76	174	0	4153	133912	0	0	550	0	0	0	0	0	129	0	5316	0	0	0	0	0	0	0	0	0	0	1578	0	0	0	0	0	0	33	7	163	27	241	0	0	28	0	0	0	0	368	4789	239	420	77	35	4	708	26	1054	279	137	668	0	0	0	276	1656	304	0	0	2	0	0	3	1	3	0	0	0	10	0	20	0	488	4	151	3	0	117	25	0	2	46	89	30	326	0	0	710	143	121	19	26	4	11	0	15	597	0	0	1425	0	0	0	1315	686	235	62	0	122	0	54	31	0	43	0	0	680	239	1073	18	0	113	0	0	0	15	0	0	90	197	153	0	86	316	0	0	5	1234	0	0	0	54	0	0	208	17	36	0	219	273	0	2765	32	104	6906	179	0	42	1438	0	0	0	0	125	1432	27	168	0	13	0	65	61	17	0	22	0	971	0	0	955	62	375	205	4	0	0	0	0	6	21	0	0	0	0	38	0	134	26	40	71	31	638	160	199	371	358	140	0	0	364	110	392	262	4	48088	0	0	0	59	2	0	0	0	0	0	0	11	0	9	0	0	93	0	0
np0738	0	0	0	0	7	0	193	0	0	10	86	30	0	8	584	0	2	0	0	14	10	5	0	0	0	3	3	11	0	0	0	3	0	0	0	0	71	11	0	0	1	64	134	23	0	85	0	3	21	14	1	6	20	0	0	0	129	0	12	0	7	0	1	0	0	0	0	1118	0	0	0	3	63	0	0	11	5	0	0	4	0	0	8	0	1	3	0	0	83	5	0	0	81	0	0	0	6	0	0	0	0	0	78	13	311	190	79	40	12	0	204	0	0	0	0	0	0	981	287	0	14	0	0	37	2	3	16	0	48	0	0	0	0	38	0	11	19	0	0	0	1	0	3	0	66	0	0	191	0	0	0	38	0	0	0	0	0	0	0	0	0	0	7	0	0	4	5	0	0	0	45	2	32	0	0	6	7	234	0	0	0	478	0	8	324	0	0	0	9	0	2	0	59	0	0	0	0	0	0	0	0	11	5	0	0	54	11	32	0	0	16	3	0	0	22	0	0	356	0	0	803	100	88	0	0	127	1	0	3	0	0	8	37	0	0	3	6	1	0	1	0	258	0	6	2	0	4	0	4	274	0	0	39	201	7	5	69	138	4	154	0	0	11	5	0	0	1	52	0	0	0	0	0	0	0	0	0	0	0	0	0	0	0	25	0	0	0	0	0	0	0	0	0	0	0	0	0	0	0	13	116	0	0	0	0	1	1	0	23	0	269	0	0	1223	0	0	0	0	16	8	54	0	0	0	0	0	0	0	0	0	0	0	0	0	0	0	0	0	0	0	0	0	47	0	3	90	0	352	0	0	6	0	0	116	35544	0	0	27	0	0	0	0	0	4	0	265	0	0	0	0	0	0	0	0	0	0	534	0	0	0	0	0	0	0	88	42	0	172	0	0	0	0	0	0	0	130	2942	9	0	5	0	0	28	0	44	7	13	5	0	0	0	15	108	11	0	0	0	0	0	0	0	0	0	0	0	19	0	6	0	67	0	4	0	0	20	0	0	0	7	0	1	26	0	0	54	8	4	0	1	0	0	0	0	141	0	0	307	0	0	0	256	197	67	2	0	8	0	4	2	0	3	0	0	58	16	101	0	0	9	0	1	0	2	0	0	9	14	11	0	5	23	0	0	5	208	0	0	0	0	0	0	5	0	0	0	31	33	0	336	3	0	845	11	0	0	126	0	0	0	0	8	75	0	14	0	0	0	10	2	0	0	0	0	25	0	0	95	0	21	12	0	0	0	0	0	14	4	0	0	0	0	0	0	11	2	3	4	0	35	5	11	19	19	12	0	0	29	6	18	14	2	15170	0	0	0	22	0	0	1	0	0	0	0	0	0	0	0	0	3	0	0
np0741	0	0	0	0	0	45	5	5	0	276	565	0	0	0	77	0	0	0	0	0	0	0	0	1	0	0	0	0	0	3	0	3	6	1	0	0	9	0	0	0	0	1	0	0	0	1266	0	8	1940	14	0	428	159	0	0	0	12773	0	0	3	0	0	0	0	0	0	0	103	0	0	0	0	25	0	385	0	0	0	1	25	0	0	205	0	0	27	0	1	5	7	8822	0	144	0	39	0	325	0	283	0	0	52	1447	1	1317	0	2	0	0	0	6	0	0	2	4	65	0	0	0	0	0	0	0	0	2	0	1	2	0	0	50	73	0	0	0	0	0	0	0	0	0	0	0	0	0	0	0	0	0	0	0	0	0	0	0	0	0	0	1	1	0	0	0	0	0	7	0	0	6	0	25	87	0	0	59	0	0	12	0	0	0	0	0	0	65	0	0	0	28	0	16	7	83	27	0	10	0	0	0	0	0	12	0	0	0	61	0	68	0	1	0	530	0	0	27	0	0	4	0	0	34	5	0	0	0	1	30	0	0	1063	0	0	17	0	1	1	128	54	26	0	201	1211	0	1	62	117	11	30	0	0	0	0	8	0	0	0	7	0	0	0	0	0	0	0	0	0	66	0	0	0	0	0	0	0	0	0	0	0	0	0	0	0	0	0	0	0	0	0	0	0	0	0	0	0	0	0	0	0	0	0	420	0	0	0	0	1458	30	5	0	0	9	0	0	42	0	0	0	0	0	0	18	0	14	0	0	0	0	0	0	0	0	0	0	0	0	0	0	0	0	0	0	0	0	0	0	0	12	0	0	0	0	0	0	0	0	0	0	0	0	0	0	0	0	0	0	0	0	0	0	0	0	0	0	0	0	0	0	0	0	0	0	0	0	38	0	3	0	5176	0	0	108	0	0	0	0	0	0	0	0	0	2	3	66	0	17	0	0	0	0	0	0	0	0	0	0	0	0	0	0	0	0	0	0	0	0	0	0	0	0	0	0	0	0	0	18725	26	0	0	0	125	21	0	537	0	24537	0	8	107	0	0	0	0	5	9936	0	0	0	0	0	0	66396	0	0	15074	0	0	0	403	589	0	0	1	0	18	4	16	0	0	0	0	0	0	0	0	0	4	22	1	0	0	0	0	0	0	0	0	0	0	0	0	0	5	0	0	0	0	9	0	56	0	0	34150	0	0	0	0	0	0	0	0	0	0	22	16	0	8	0	3	0	0	0	0	0	8859	0	0	0	12	6	0	4	9	712	0	2	0	0	0	0	0	0	0	0	107	60	0	0	0	0	0	0	0	324	0	31	0	815	0	5	0	0	0	0	0	0	1078	0	73	0	0	0	0	0	0	0	0	0	0	0	0	0
np0742	0	0	0	30	98	0	0	0	1286	0	599	112	0	17	1304	1	112	774	78	182	20	14	23	32	23	6	9	35	57	5	14	178	9	0	22	15	1686	125	0	0	0	129	581	92	19	1579	11	131	211	104	11	37	267	0	0	0	566	0	103	0	264	0	0	0	0	0	0	2403	0	0	0	0	73	0	12	46	0	31	5	100	34	22	387	0	11	0	0	7	166	7	0	0	836	0	0	15	2	32	0	25	0	14	118	16	97	93	75	66	0	33	292	0	0	15	95	0	0	7	13	0	135	11	0	0	20	10	40	42	40	0	0	0	0	0	77	1	0	3	0	97	1	0	5	0	202	0	1	129	29	55	0	19	4	0	8	39	0	0	13	6	0	0	0	0	10	18	71	42	0	0	428	2	706	14	59	115	8	969	0	119	0	0	0	105	616	0	0	0	65	28	1	16	7	0	153	6	5	0	0	0	21	55	56	0	0	356	102	598	1071	7	0	20	2760	0	251	0	145	2598	35	14	5530	2009	118	0	0	953	76	14	9	9	103	168	56	0	26	6	1	2	0	0	149	519	0	28	9	3	36	18	5	80	7	0	59	180	6	16	37	342	34	112	24	15	15	8	0	0	195	296	0	0	0	0	0	0	0	658	0	0	0	0	0	0	0	0	0	0	0	380	0	0	0	0	0	0	0	0	0	0	113	121	1898	0	0	0	20	61	49	172	0	1	466	402	0	984	0	0	0	0	8	38	205	50	121	8	0	0	0	0	8	0	0	221	0	7	0	171	8	0	0	0	0	735	16	0	487	329	0	0	0	0	0	3	0	2	73	0	0	4	0	0	944	1503	0	361	0	35	0	0	0	0	2	0	0	0	0	0	0	0	0	0	0	0	0	32	39	76	0	40	0	0	17	41	0	77	0	166	48	31	0	0	4	5	119	0	105	4	13	0	0	11	5	50	587	34	0	15	360	1	0	0	3	0	2	0	0	0	0	0	0	11	0	25	0	0	0	0	0	31	1	44	0	282	45	0	944	99	442	55	26	0	25	20	17	241	0	1365	443	0	108	0	1024	694	36	62	28	17	0	42	61	0	15	0	204	136	0	215	11	43	9	9	1	107	256	0	0	252	37	109	0	0	0	0	0	0	0	10	155	0	49	0	0	210	0	0	608	2269	1751	0	3026	3619	0	6503	120	0	253	5124	65	0	347	49	685	2135	57	238	0	0	0	9	15	0	7	0	0	91	0	0	758	74	43	0	5	0	0	0	0	52	0	0	0	3250	0	36	0	19	0	119	18	19	13	150	3	47	349	185	9	0	175	0	154	9	276	427	1	249	0	3	0	72	0	10	32	139	11	39	0	6	0	0	42	0	0
np0744	10	0	25	51	19	6	0	14	0	4	41	4	0	7	109	1	3	0	10	8	0	0	4	5	0	0	54	6	0	29	3	11	7	13	0	0	274	13	0	0	3	73	138	109	0	32	0	0	25	9	282	15	91	0	0	0	616	0	12	0	0	0	0	0	0	0	0	272	0	0	0	545	17	0	2	0	0	4	0	5	0	0	19	0	1180	5	0	4	0	0	0	49	35	1	0	10	0	0	0	0	0	6	342	41	232	189	150	38	0	26	137	6	13	0	5	6	0	156	6	0	0	13	28	0	0	24	67	55	151	25	19	0	0	0	0	35	109	3	0	0	0	5	10	0	579	0	0	0	0	9	163	196	0	0	0	5	0	2	9	9	0	0	22	0	13	2	2	0	48	0	363	0	59	0	6	0	0	489	14	0	0	0	15	144	302	0	0	0	1	0	9	7	11	3	0	0	1	0	0	0	0	517	20	77	0	17	6	47	0	0	0	67	132	0	14	86	0	375	6	0	635	386	0	0	0	24	7	0	1	0	0	0	142	0	27	0	0	0	0	0	0	75	8	3	0	0	10	3	9	525	12	152	316	9	0	3	16	54	0	12	49	1	24	8	0	0	8	0	0	0	0	0	0	0	0	0	0	0	150	0	0	0	0	0	0	71	75	0	78	73	131	0	0	53	0	0	25	0	0	29	5	32	0	3	3	1	2	0	3	0	0	0	0	0	0	0	609	22	0	0	0	0	52	0	0	9	0	0	10	0	0	0	0	0	0	0	0	19	0	0	0	0	0	0	1	32	0	15	0	0	7	0	0	0	0	4	0	11	0	1	13	0	0	0	0	0	0	0	0	0	0	0	0	0	0	0	0	0	1262	0	0	0	0	54	31	12	7	18	0	0	11	0	0	0	0	0	800	61	35	0	0	0	143	18	495	44	32	5	0	0	0	5	14	0	0	0	0	0	0	3	11	0	0	79	0	0	0	7	0	0	0	2	900	49	268	4	22	0	0	0	0	2	0	31	47	0	95	0	0	2	3	3	0	21	21	0	0	27	1	100	32	851	0	0	9	26	0	4	5	2	0	5	0	26	9	26	0	0	0	9	4	5	2	0	0	48	26	14	0	19	0	0	0	0	266	0	0	271	2	0	38	22	0	0	29	20	132	14	148	157	0	793	22	100	9	23	11	10	0	0	24	23	10	1290	12	6	9	43	1	0	0	0	0	187	0	4	41	20	1	507	0	1	0	5	5	0	0	0	0	21	993	371	0	0	0	3	5	6	6	2	5	0	18	5	0	0	4	0	0	0	0	0	0	0	0	29	0	0	0	0	0	0	2	12	0	0	0	0	1	0	0
np0746	7	9	55	13	0	147	2	57	1	53	43	3	0	13	88	10	3	11	12	4	0	0	6	0	0	3	2	70	14	33	12	58	33	0	10	0	587	0	8	8	6	432	222	37	53	365	3	3	143	13	43	14	29	8	0	0	320	15	35	89	25	6	3	223	0	0	3	2300	0	0	0	0	29	2	8	4	7	2	0	17	7	0	59	8	32	4	364	563	49	42	12	0	321	0	1	7	37	13	4	39	2	0	92	25	45	8	74	53	41	0	211	0	0	0	2	0	0	69	25	367	0	422	14	0	10	27	19	1	0	0	78	39	4	20	5	5	9	7	15	5	14	0	0	4	60	88	2	52	3	7	1	337	0	8	6	0	32	32	52	10	0	79	47	6	11	4	10	1	19	3	43	20	85	10	0	5	0	102	0	0	15	11	0	28	64	0	0	3	75	6	0	70	29	8	1	0	0	12	0	24	1	13	48	0	0	25	12	8	29	2	0	2	0	0	1	0	0	163	0	6	23	7	0	0	0	12	0	20	2	0	13	3	108	1	7	5	118	41	17	0	2	162	0	0	0	0	0	2	1	48	0	0	13	36	6	17	56	91	0	4	68	7	9	0	20	12	4	127	11	153	334	157	41	37	63	37	13	0	0	33	38	2	0	6	4	0	0	18	0	0	0	4	3	37	17	0	0	7362	27	6	20	12	8	6	53	5	11	7	7	0	2	9	0	39	0	0	8	0	4	19	7	1	6	3	86	8	4	15	184	23	8	17	80	0	0	229	90	19	88	18	175	410	13	0	21	9	383	0	3	2	0	0	0	0	0	5	0	2	0	8	24	12	33	0	0	4	11	3	11	410	25	16	0	0	3	2	0	53	718	0	60	66	36	11	0	9	2	2	0	0	0	8	17	1	0	27	184	29	4	0	0	0	18	0	58	3	3	0	39	16	6	18	154	41	5	0	9	6	6	2	0	0	39	0	380	50	5	3	52	76	15	21	21	0	10	0	1	10	0	17	0	13	0	15	558	28	15	4	12	23	10	5	13	386	20	183	310	28	3	30	177	251	265	256	0	8	226	7	2	11	7	51	73	58	13	42	6	0	14	32	0	12	42	150	127	231	160	102	218	6	1	24	0	134	3	9	0	0	59	6	0	331	0	0	280	140	925	0	2823	145	32	7383	109	265	6	151	6	0	0	0	12	662	88	47	0	0	0	9	0	5	97	32	9	44	0	12	49	13	6	12	2	0	0	0	0	4	0	10	115	407	165	9	0	0	4	144	7	53	70	92	70	81	579	184	37	0	1578	0	18	0	11	0	3	0	0	0	0	2	0	0	0	1	0	24	0	18	29	12	1	4	0
np0748	2	0	0	9	3	0	1	19	3	36	21	0	0	69	469	0	6	17	0	0	0	0	0	2	0	6	5	72	15	10	20	22	55	10	1	5	649	8	24	23	4	56	184	36	35	624	6	16	167	140	9	7	35	11	1	0	457	13	12	82	55	18	0	151	117	22	1	8268	88	6	1	2	40	2	2	0	13	4	0	11	0	0	0	0	7	0	133	107	10	14	18	0	78	0	3	3	4	3	0	7	24	10	631	65	313	9	173	88	0	48	164	0	12	0	2	3	8	97	13	213	0	72	6	1	7	22	27	0	8	0	0	2	68	20	0	16	70	24	994	0	22	0	3	6	19	8	4	20	0	10	0	120	0	22	15	0	37	2	4	19	2	4	45	1	24	10	13	3	27	27	121	1	161	11	5	5	4	256	6	8	53	37	0	6	302	0	21	0	55	0	0	14	12	4	0	0	0	13	13	42	4	8	18	0	15	52	45	44	3	0	0	0	0	0	11	0	14	306	8	2	101	40	0	0	19	46	6	0	14	0	20	0	302	0	5	6	2	0	2	0	3	199	0	4	0	0	0	0	17	147	4	9	6	15	2	2	43	82	0	3	10	20	50	2	64	17	2	19	14	21	34	25	27	26	32	23	8	8	0	17	16	14	40	4	5	1	0	12	0	0	12	12	11	164	66	0	0	259	17	29	131	10	12	5	1	7	36	0	0	3	5	8	0	27	0	4	10	8	3	25	28	6	5	0	34	22	0	48	314	63	10	28	35	4	10	112	103	21	92	32	890	1439	93	18	132	191	2017	2	33	194	8	0	0	35	1	234	15	492	588	290	2931	343	40	5	0	595	222	259	18	520	74	7	11	10	2	4	0	94	1994	17	167	189	97	41	6	6	0	3	0	0	8	0	59	3	8	71	296	130	19	2	0	0	830	0	106	6	12	2	323	22	7	13	131	45	9	6	27	0	10	4	7	0	110	0	531	178	4	6	3	20	0	31	0	0	0	9	11	1	0	4	1	23	0	4	163	21	16	2	1	4	10	2	15	60	0	20	79	0	0	12	513	177	174	48	0	5	23	4	0	9	8	4	18	91	59	130	11	0	4	0	0	5	9	0	8	32	68	24	13	6	0	16	0	39	1	6	0	0	5	5	0	61	16	0	33	102	95	0	657	43	15	1742	24	28	26	240	9	0	0	0	59	634	31	863	9	0	0	11	0	0	6	0	6	103	0	39	82	13	3	30	0	0	0	23	190	0	0	15	281	154	328	85	1	9	3	26	2	11	20	6	14	13	122	15	12	0	32	0	44	5	63	8	39	3	1	2	0	1	0	1	0	0	14	23	0	21	21	12	7	0	5
np0749	0	1	0	16	11	0	1	0	6	36	121	11	11	7	1650	306	1	0	5	12	0	4	3	12	12	5	13	1	27	6	5	25	15	9	0	0	168	7	8	5	10	90	138	33	15	635	6	24	72	47	14	10	50	14	0	3	866	40	9	6	16	5	9	75	55	196	0	2281	78	0	6	21	194	11	29	3	9	3	132	16	12	8	54	14	6	75	0	191	19	19	34	1	195	4	6	14	4	14	3	15	8	14	250	13	81	42	53	55	0	44	382	13	12	1	16	8	37	344	151	153	0	36	0	10	12	13	50	27	63	0	0	0	0	5	101	171	106	1	168	18	208	6	26	7	62	67	11	8	12	47	0	131	286	77	51	37	3	11	6	12	3	4	17	5	21	18	8	3	4	19	177	33	39	19	15	32	12	667	11	6	104	44	0	4	659	0	30	2	22	0	0	11	14	4	13	7	0	4	9	3	16	72	144	3	3	92	38	37	23	4	11	35	33	11	100	7	9	409	17	7	704	224	8	12	11	54	33	0	1	2	36	12	97	2	33	15	1	2	0	0	0	106	5	8	4	1	8	25	5	93	0	8	48	26	2	2	145	253	11	43	9	0	10	3	11	9	12	37	80	55	151	76	82	46	57	48	26	10	0	42	34	62	199	17	16	0	3	82	0	0	32	26	26	533	190	8	2	373	40	29	49	0	3	6	0	9	12	0	0	30	72	83	47	372	48	13	200	0	5	45	24	14	19	4	27	6	14	23	163	29	14	25	32	4	8	132	66	27	78	32	279	2760	8	6	13	6	752	0	9	27	0	0	0	2	1	21	0	8	18	32	131	36	327	0	0	31	19	31	34	3308	161	17	11	19	5	15	0	16	182	8	32	66	55	48	42	217	6	77	0	318	0	3	150	39	23	121	659	81	9	23	7	0	76	0	272	12	32	5	264	66	16	61	371	139	9	6	3	9	28	4	20	0	0	0	4	0	40	2	3	16	2	13	0	0	0	24	34	11	0	18	7	19	0	11	462	73	32	9	16	8	40	18	61	82	0	98	195	20	108	47	1070	563	586	129	0	20	18	16	12	36	0	9	28	392	239	595	56	5	4	7	0	10	21	27	27	46	89	68	40	231	9	88	108	59	2	9	0	0	16	3	0	300	91	40	304	486	194	0	1715	171	0	4070	59	92	129	983	46	0	0	0	207	3930	90	90	3	3	0	18	43	6	10	0	9	107	0	38	77	26	13	50	3	0	0	0	0	0	0	15	160	324	337	58	5	36	11	60	6	29	50	39	31	41	426	45	15	1	135	14	97	2	8	18	5	4	2	69	0	13	0	0	0	4	4	53	3	37	39	19	2	16	6
np0751	8	9	0	1	9	419	0	1	0	0	191	25	4	115	523	1	13	0	13	8	0	21	9	7	0	45	21	0	45	52	3	22	0	72	27	0	3802	20	18	0	0	750	873	68	65	442	0	31	36	119	15	11	166	29	0	0	2696	0	8	6	4113	0	0	0	0	0	6	2524	0	0	0	216	67	0	5	82	405	835	0	305	10	7	287	0	10	110	0	1	4	0	13	11	17	4	0	13	0	10	0	0	0	6	1409	176	862	138	2498	748	0	363	3363	19	96	51	119	0	0	68	0	0	0	30	35	32	13	60	111	41	194	0	317	69	0	2	1147	28	0	2	607	0	1175	0	33	0	0	0	5	0	109	1007	0	98	164	0	0	0	12	11	10	3	0	0	1	0	33	6	114	7	0	0	1331	0	295	0	14	0	0	3098	11	29	0	0	0	124	1051	0	0	1	59	13	2	17	23	0	0	0	2	0	0	0	7	87	7	12	14	161	8	109	0	0	0	46	98	61	1282	0	75	2522	0	0	6828	3839	0	0	0	277	0	0	27	0	0	0	246	0	12	0	109	44	17	0	2	820	0	45	9	2	4	56	69	269	14	0	230	605	2	0	1150	1880	8	165	6	17	44	244	0	0	46	24	0	0	0	0	0	0	0	0	0	0	0	0	0	0	0	0	0	2	3	0	5	4	145	0	0	53	0	0	127	36	29	9	179	12	3	3	0	47	23	0	0	37	33	0	0	77	0	0	788	36	0	10	380	0	146	0	0	139	151	0	129	0	157	0	0	0	0	0	0	127	0	0	0	0	95	0	17	302	0	23	0	0	14	0	30	0	0	13	0	43	0	0	34	0	0	0	0	0	0	0	0	0	0	0	0	0	470	1184	523	0	712	0	0	0	0	58	0	126	0	0	75	0	13	0	0	0	0	2902	2021	131	36	154	7	0	1918	58	2000	86	691	69	0	0	0	4	248	272	0	0	0	0	0	6	23	0	0	0	0	0	0	3	0	18	0	10	13	17	4	31	10	0	0	7	0	37	6	116	47	32	9	1	0	0	53	19	0	29	0	0	0	139	0	1352	1001	391	0	9	0	1	0	2	8	0	0	3	6	124	5	19	70	0	3	0	4	6	11	0	0	132	267	10	0	0	0	0	0	0	0	0	0	471	7	0	0	7	0	0	539	321	52	0	470	31	0	2470	41	1389	52	274	260	294	0	0	296	412	5	9138	8	1	8	262	43	0	13	14	0	258	1	0	643	72	83	0	8	0	8	0	0	0	0	0	0	0	881	17	0	10	1	20	0	0	0	0	0	0	33	6	0	0	46	0	35	45	71	0	0	2471	5278	15	0	0	7	0	0	0	17	328	0	62	0	0	10	1817	636
np0754	0	0	0	5	3	0	4	0	1	7	51	6	7	11	957	490	0	1	0	1	0	3	5	10	0	7	4	0	11	3	3	14	12	0	0	0	116	4	0	0	2	22	74	41	12	296	6	16	35	46	4	0	24	5	0	2	654	45	9	6	13	6	0	35	49	68	0	1247	29	0	0	3	81	7	20	5	6	2	86	12	0	7	63	0	5	11	0	70	11	11	21	0	90	3	1	7	2	10	2	9	6	2	251	15	86	25	58	50	0	53	267	0	9	0	7	4	30	302	77	61	0	40	0	9	3	6	9	19	38	0	0	0	6	1	43	113	37	5	129	10	136	6	16	2	19	27	6	5	7	31	0	41	255	47	50	14	0	1	2	6	0	0	5	4	13	8	5	2	3	19	126	11	21	12	10	19	6	442	11	3	47	23	0	6	406	14	15	0	4	0	0	14	19	0	8	0	8	7	10	1	9	35	66	0	0	84	18	26	8	4	8	13	34	0	64	0	0	247	7	7	401	146	0	0	10	28	18	0	0	2	17	4	235	2	13	6	0	0	0	2	1	61	3	13	2	2	4	17	7	92	9	7	37	20	0	1	50	110	3	40	3	0	6	0	4	0	4	10	10	13	30	16	15	4	14	4	6	0	0	6	2	4	13	3	3	0	0	12	0	0	10	1	4	150	64	0	1	72	12	17	49	0	1	0	3	2	6	0	0	17	35	42	26	218	29	0	123	0	0	41	8	11	8	4	5	5	0	9	47	0	0	9	5	0	7	63	25	9	35	11	130	1151	90	49	34	84	335	2	70	18	0	0	0	2	3	51	5	61	70	95	529	151	136	3	0	176	48	32	112	1343	480	62	60	47	23	42	0	11	110	5	6	36	30	35	16	119	5	33	0	145	0	2	128	32	22	94	638	77	15	17	0	0	83	0	141	3	4	7	210	60	9	32	190	84	8	4	0	7	12	0	3	1	0	0	3	0	5	5	0	4	0	7	2	1	0	15	10	4	0	4	4	19	0	0	190	50	13	0	3	3	31	6	41	26	0	63	69	18	32	33	478	227	217	47	0	9	2	2	9	18	2	4	9	173	92	241	17	3	0	0	0	3	11	10	3	16	35	21	26	142	1	55	65	18	4	4	0	0	6	3	0	123	59	24	94	142	72	0	470	71	0	1461	20	38	47	391	12	0	0	0	72	1488	42	69	0	3	0	13	0	5	5	0	1	33	0	27	45	17	5	8	0	0	0	0	0	0	0	4	67	148	153	5	8	6	7	19	2	10	21	14	7	8	142	18	5	0	68	7	17	13	88	58	41	0	0	34	0	5	5	6	0	0	0	35	5	24	51	33	0	79	35
np0755	6	1	50	13	171	0	0	19	0	12	73	6	1	6	1465	6	9	0	20	27	8	2	9	14	1	0	35	2	0	51	10	21	40	9	0	0	157	131	5	0	0	190	423	255	0	146	0	8	40	14	223	16	114	0	484	0	1792	0	25	23	0	0	2	0	0	0	1	280	0	3	0	3079	211	6	17	0	3	7	0	30	6	5	79	0	144	10	0	16	0	0	0	93	60	1	1	132	0	0	0	0	0	33	300	37	234	83	150	29	0	135	701	14	59	0	13	35	0	627	194	0	19	27	45	145	5	85	138	135	423	7	5	0	0	0	0	314	44	6	19	5	0	18	83	0	70	0	0	10	11	64	1626	107	10	0	6	6	3	6	17	2	25	0	4	0	34	9	9	1	46	0	721	11	81	0	80	5	41	1350	23	0	0	0	97	31	1255	0	0	0	6	0	0	30	48	0	0	22	15	0	0	0	0	543	197	124	0	275	42	359	1	0	0	90	188	0	283	157	0	311	0	0	1247	465	0	0	0	63	22	1	3	0	0	2	257	0	183	3	1	0	0	1	0	137	6	15	8	9	85	50	37	422	22	73	176	30	4	5	37	100	0	56	7	0	23	33	0	0	19	0	0	0	0	0	0	0	0	0	0	0	146	0	0	0	0	0	0	13	21	6	9	15	235	0	0	92	0	0	42	4	0	129	46	34	0	58	0	5	16	23	10	18	7	62	0	7	0	0	387	73	0	0	1	0	235	31	0	45	14	0	98	0	11	0	0	0	0	0	0	98	0	0	0	0	12	0	93	1460	0	86	1	0	411	27	213	17	5	357	0	465	0	12	580	5	0	28	54	2	0	0	0	0	0	0	0	0	0	0	0	0	1534	0	0	0	0	179	133	46	98	77	0	0	560	0	0	1	0	0	3390	34	26	44	0	30	510	39	322	23	49	0	0	0	0	46	86	13	0	0	0	0	7	6	42	9	0	76	3	0	30	48	0	23	0	7	328	45	24	95	200	8	0	14	23	56	8	202	131	0	362	10	3	1	54	36	8	57	46	0	0	73	2	387	285	900	0	0	26	74	1	22	23	14	0	36	0	92	22	82	0	0	8	4	3	5	3	0	0	45	55	31	0	144	3	6	0	0	288	0	0	194	15	0	97	26	0	0	74	19	304	18	207	150	0	1044	7	247	504	1619	442	57	0	0	609	467	8	668	31	10	8	121	21	4	0	0	0	239	0	38	74	21	24	281	1	0	0	0	7	0	2	0	0	32	2032	250	0	58	71	18	22	37	14	10	24	1	92	17	11	0	102	59	64	49	13	11	3	0	0	246	0	4	28	0	6	0	6	68	0	65	0	0	3	0	0
np0756	0	0	0	0	0	7	3	0	3	4	52	0	0	14	0	15	3	0	0	0	0	0	0	0	0	0	5	0	0	5	0	0	8	7	0	0	160	0	6	8	0	0	30	11	5	64	0	1	24	37	3	0	9	0	0	0	29	6	0	3	358	77	1	0	0	11	24	3019	0	0	0	0	10	1	0	28	43	8	0	0	0	1	6	0	1	12	0	7	0	0	0	0	9	0	0	0	0	0	0	0	3	0	117	65	137	9	161	104	25	0	75	0	0	0	0	0	0	13	1	15	1	24	0	0	0	4	10	1	1	5	9	17	7	6	0	6	80	21	139	0	8	0	4	1	6	6	0	1	0	16	2	26	0	2	3	0	0	0	0	0	0	7	35	0	4	5	0	0	0	70	178	0	89	84	8	0	0	2071	2	32	400	644	0	7	1453	52	51	0	80	63	5	0	316	143	0	1	3	0	7	2	3	32	0	0	129	53	24	35	0	0	0	0	29	6	69	24	33	841	93	9	408	109	0	24	26	173	8	2	0	0	4	0	16	5	7	0	95	42	15	0	0	182	5	0	4	1	1	4	2	65	0	6	5	6	0	0	14	31	3	37	2	0	8	11	76	40	8	0	0	4	0	0	1	1	0	0	0	0	0	0	0	0	0	0	0	0	0	0	0	0	0	5	0	19	6	0	0	144	2	16	103	0	4	2	0	2	0	0	0	2	4	0	0	29	1	0	8	0	0	0	0	0	0	0	56	0	0	0	110	0	7	48	50	0	0	136	12	4	132	59	2	51	990	32	6289	2169	11	205	1316	48	17	22	1	96	12	52	1544	476	464	1224	6145	284	12	14	52	1822	48	44	135	101	467	173	126	110	608	1194	0	0	29	3	0	9	0	11	0	1	0	0	0	0	0	0	3	0	0	11	39	29	8	2	0	0	183	0	443	54	50	17	55	3	1	0	7	0	0	0	9	0	0	0	1	0	1	0	52	11	5	0	0	3	0	8	0	0	0	0	0	0	0	0	0	2	0	0	6	4	0	0	0	0	0	0	3	0	0	0	4	0	0	0	18	12	15	0	0	2	4	0	14	0	0	0	0	5	0	2	0	0	0	0	0	0	3	0	0	4	1	3	0	0	5	0	0	0	0	0	0	0	3	0	0	10	0	0	3	8	10	0	32	4	0	45	2	0	0	13	0	0	0	0	8	53	0	57	2	0	0	170	0	0	0	0	0	484	23	0	170	27	3	0	0	3	0	0	2	3	0	0	5	45	16	18	0	0	0	0	0	0	0	0	0	0	7	0	0	0	2	0	6	39	149	7	454	0	2	0	0	13	5	0	0	0	1	0	0	2	0	3	0	1827	678
np0757	4	0	1	9	1	8	0	8	0	4	65	32	0	6	5	0	4	0	35	8	0	5	0	5	0	3	6	0	0	22	0	15	11	30	0	0	256	38	20	0	0	29	106	265	0	104	0	7	63	20	20	1	7	0	0	0	338	0	6	0	0	0	0	0	0	0	2	164	0	0	0	44	4	0	0	0	39	89	0	26	0	0	90	0	2	36	0	5	0	0	0	1	23	0	0	11	0	0	0	0	0	0	259	11	90	69	31	32	0	17	89	0	6	0	4	2	0	37	0	0	0	14	24	0	0	34	27	14	49	137	59	413	0	0	0	0	19	0	8	0	0	0	2	0	42	0	0	0	0	2	49	97	0	0	0	0	4	1	0	4	0	0	12	0	18	3	25	0	21	0	562	0	86	4	1	0	0	766	8	0	0	0	25	549	331	0	0	7	159	0	21	0	20	0	0	0	0	0	0	0	0	334	0	72	7	90	50	497	0	0	0	132	20	0	0	6	0	3136	72	0	252	1711	0	0	0	121	0	0	7	0	0	0	47	0	36	0	10	26	0	50	0	501	70	24	7	0	36	2	0	109	0	22	15	0	0	0	0	17	3	37	52	8	8	1	0	0	31	0	0	0	0	0	0	0	0	0	0	0	15	0	0	0	0	0	0	26	32	1	39	43	22	0	0	15	0	0	6	0	0	49	9	8	0	0	2	0	3	0	4	0	0	0	0	0	0	0	2252	44	0	0	0	0	107	0	0	19	0	0	80	0	0	0	0	0	0	0	2	77	0	0	0	0	1	0	54	1191	0	1089	9	0	83	4	22	10	1	49	0	573	0	45	450	0	0	0	0	1	0	0	0	0	0	0	0	0	0	0	0	0	1192	0	0	0	0	79	0	0	0	0	0	0	0	0	0	0	0	0	454	41	7	8	0	0	152	4	163	15	25	5	0	0	0	32	43	16	0	0	0	0	7	1	7	0	0	3	0	0	0	3	0	1	0	1	164	9	29	6	12	0	0	0	0	0	0	6	6	0	34	0	0	8	3	2	0	1	0	0	0	6	0	14	32	295	0	0	0	15	0	0	9	0	0	0	0	20	6	17	0	0	0	0	0	0	5	0	0	12	15	15	0	1	0	0	0	0	42	0	0	50	0	0	1	48	0	0	48	20	136	5	254	441	0	485	45	91	8	25	8	10	0	0	14	37	0	6341	45	2	30	49	0	0	0	0	0	216	0	7	41	36	0	179	0	45	0	15	131	0	0	7	0	101	2647	290	0	0	0	1	0	4	0	1	0	0	7	2	0	0	18	0	0	0	1	1	0	0	0	1	0	0	0	0	0	0	1	19	0	12	0	0	7	0	0
np0758	0	0	0	0	8	0	0	0	0	0	106	0	2	5	198	0	11	0	33	53	0	4	5	8	0	2	4	0	0	0	0	24	43	0	0	0	566	0	25	0	0	152	614	6	0	1041	7	17	85	39	5	51	57	2	0	0	18	0	22	3	0	0	0	0	0	0	0	115	0	0	0	106	389	5	0	6	20	1	6	1	5	4	24	0	164	29	0	118	8	0	0	0	837	60	19	16	26	19	0	0	42	11	408	3	300	59	121	97	41	0	195	5	8	5	20	0	0	0	119	0	0	16	0	0	11	0	21	38	51	0	0	0	0	0	0	0	0	0	0	0	0	0	1	0	37	0	0	0	0	5	0	0	0	0	0	54	0	0	3	1	0	0	0	0	27	0	23	4	13	61	96	11	30	0	1101	0	825	406	0	1	0	0	57	74	561	0	0	0	92	50	0	13	23	0	0	10	0	0	0	0	0	60	35	0	59	49	65	117	0	10	0	222	38	0	35	28	0	221	0	0	429	61	0	0	0	25	31	21	0	16	0	0	33	0	0	10	0	0	0	0	26	311	0	9	4	111	56	22	5	148	4	19	1003	149	10	0	41	25	24	69	181	102	6	6	0	0	36	0	0	0	0	0	0	0	0	0	0	16	39	0	0	0	0	331	279	0	0	0	0	0	0	0	0	0	0	0	0	0	0	60	94	0	2	16	0	6	0	0	0	0	161	0	0	843	0	0	0	21	0	22	118	5	108	0	0	0	0	0	0	0	0	2	0	0	0	3	1	0	0	0	0	32	1	0	0	0	0	0	0	0	0	0	0	0	0	0	0	0	0	1	0	2	0	0	0	1	0	0	0	0	0	0	0	0	0	0	145	0	0	0	0	0	854	34	0	2	0	6	0	0	19	60	0	0	0	0	472	43	4	5	0	0	200	0	75	0	34	0	0	0	0	0	647	85	0	0	0	1	0	4	5	4	4	0	0	267	1	3	0	0	2	6	0	0	0	4	0	187	1	28	3	48	0	347	267	121	319	7	27	0	107	8	13	116	0	0	257	0	0	0	2473	398	205	2	7	51	0	35	848	0	0	53	0	135	54	114	64	0	23	34	0	52	84	9	0	577	93	126	0	330	4	13	177	303	280	0	0	0	16	0	106	445	0	35	1713	265	2191	349	2167	530	0	8034	66	1824	417	985	403	25	0	0	793	258	235	40	0	0	0	43	0	148	862	0	0	522	0	0	47	20	12	0	8	0	0	0	0	112	0	0	0	3	0	0	0	5	16	4	0	0	21	1	58	1	79	87	3	0	143	25	106	0	0	0	0	0	0	0	0	139	0	0	520	0	0	199	142	83	0	0	21	0	0
np0759	0	0	0	0	0	4	45	0	3480	0	25	0	0	0	9	0	1	0	0	0	0	0	5	0	0	0	0	0	0	0	0	0	0	3	0	0	23	0	0	0	0	1	2	0	0	181	6	22	27	83	0	0	2	0	0	6	32	0	0	0	1016	291	0	0	0	0	0	26	0	0	0	0	10	0	0	10	23	10	0	26	1	0	533	0	0	0	0	0	0	0	0	0	0	0	0	0	0	0	3	0	0	0	1315	0	28	17	239	13	2	0	25	0	0	6	32	0	0	0	1	0	0	984	0	0	0	0	0	0	0	0	2	0	0	0	0	0	0	0	0	0	0	0	1	0	0	0	0	0	0	0	0	0	0	0	0	0	10	0	0	0	0	0	3	0	9	9	0	0	0	0	241	0	11	0	0	0	0	18	0	4	290	37	0	26	189	14	6	0	0	0	0	0	6	4	0	0	0	0	0	0	0	0	0	0	65	51	90	106	1	0	0	5	44	0	2	0	0	486	8	0	85	7211	0	0	15	117	2	0	1	0	0	0	22	0	14	3	64	22	19	0	0	53	0	11	5	0	0	0	12	0	0	0	0	0	0	0	5	0	0	10	0	0	0	0	493	284	0	0	0	8	0	0	0	0	0	0	0	0	0	0	0	0	0	0	0	1	0	0	0	0	0	0	0	0	0	0	0	23	0	11	72	0	0	0	0	0	0	0	0	0	0	0	0	0	0	0	0	0	0	1	8	1	4	0	0	4	4	0	18	6	0	0	0	0	2	10	4	3	9	5	19	76	40	0	256	5245	39	3899	69	0	16	5	0	1401	39	16	1	2280	0	156	2004	93	9	1	12	1396	26	1	0	71	40	0	0	0	17	28	0	4	6	0	0	9	0	16	0	0	0	0	0	0	0	0	0	3	5	10	10	192	425	0	0	0	71	0	151	4	28	0	10	7	0	0	2	0	0	0	292	0	0	0	0	0	4	0	452	0	0	0	0	0	0	1	0	0	0	0	0	0	0	3	0	3	0	0	0	0	4	0	0	0	0	0	0	0	0	0	0	0	0	0	0	0	0	0	0	0	0	4	0	0	0	0	0	0	1	2	0	0	0	0	0	0	0	0	0	5	0	0	0	0	0	4	0	0	3	0	0	0	0	0	0	6	0	0	5	0	0	0	5	1	0	7	2	0	3	11	0	0	0	0	4	8	0	346	7	0	3	0	0	0	0	0	0	88	0	44	189	7	0	0	0	0	29	12	110	0	0	7	62	38	70	197	0	0	0	0	0	0	0	1	0	0	2	0	0	0	3	0	0	30	4	67	6	0	0	0	0	0	0	0	0	0	0	0	0	12	0	0	0	47	22
np0761	0	0	3	9	8	1	0	2	0	0	4	0	0	0	23	1	3	0	0	0	0	0	1	3	0	0	3	0	0	4	0	0	0	0	0	0	57	55	0	0	0	27	29	39	0	16	0	2	5	7	36	3	23	0	0	0	185	0	3	0	0	0	0	0	0	0	0	83	0	0	0	215	8	0	0	0	0	0	0	0	0	1	17	0	201	0	0	0	0	0	0	4	4	0	0	2	0	0	0	0	0	2	98	15	40	32	57	3	0	18	65	0	1	0	0	0	0	106	2	0	0	0	3	7	0	0	24	12	47	35	7	5	0	0	0	31	45	4	0	0	0	3	1	0	195	0	0	0	0	11	68	20	0	0	0	1	0	0	0	5	1	0	2	0	0	0	4	0	19	0	110	0	14	0	3	0	3	150	0	0	0	0	4	20	93	0	0	0	1	0	4	3	0	0	0	1	0	0	0	0	0	103	7	24	0	12	0	23	0	0	0	64	65	0	15	40	0	150	0	0	320	165	0	0	0	12	5	0	0	0	0	0	52	0	20	0	3	0	0	5	0	21	0	1	1	0	4	0	4	140	6	16	25	0	0	0	4	29	0	0	2	0	10	3	0	0	5	0	0	0	0	0	0	0	0	0	0	0	15	0	0	0	0	0	0	14	5	0	5	7	41	0	0	19	0	0	7	0	0	4	2	14	0	1	0	0	1	0	0	0	0	0	0	0	0	0	234	6	0	0	2	0	11	0	0	0	0	0	10	0	0	0	0	0	0	0	0	6	0	0	0	0	0	0	2	48	0	27	0	0	3	0	0	0	0	4	0	11	0	0	15	0	0	0	0	0	0	0	0	0	0	0	0	0	0	0	0	0	516	0	0	0	0	16	1	2	2	0	0	0	0	0	0	0	0	0	238	17	10	1	0	0	84	10	162	5	11	0	0	0	0	0	5	0	0	0	0	0	0	0	3	0	0	6	0	0	1	6	0	0	0	0	33	0	3	0	6	1	0	0	0	1	0	3	5	0	17	0	1	0	0	3	0	1	3	0	0	4	0	8	9	79	0	0	0	5	0	1	0	0	0	0	0	10	3	9	0	0	0	0	0	0	0	0	0	0	3	0	0	4	0	0	0	0	7	0	0	44	0	0	9	5	0	0	5	2	12	0	29	36	0	180	4	56	6	22	12	5	0	0	15	11	0	506	4	0	11	12	0	0	0	0	0	45	0	3	14	0	0	63	0	1	0	0	0	0	0	1	0	16	595	122	0	0	0	1	0	1	1	0	5	0	2	0	0	0	1	0	0	0	0	0	0	0	0	23	0	0	0	0	0	0	0	2	0	0	0	0	0	0	0
np0762	0	0	24	12	0	0	0	5	0	54	39	0	27	11	130	0	4	22	6	7	0	2	2	17	14	0	14	45	200	14	36	22	101	0	93	22	2123	11	13	82	14	584	485	96	186	270	8	32	182	167	23	30	85	21	0	0	150	11	143	1	5	0	0	0	0	11	3	349	0	0	0	0	37	1	20	6	0	3	0	0	3	0	0	2	9	0	190	681	21	41	179	0	241	0	0	6	4	4	0	4	0	7	93	0	47	19	93	79	0	42	188	0	0	0	0	2	6	338	41	218	0	0	5	0	6	35	19	0	4	0	0	0	15	25	14	25	403	1	57	31	46	0	118	0	473	539	3	69	18	163	29	541	0	18	18	39	7	10	33	14	0	155	84	0	13	2	19	2	5	3	12	6	66	8	0	0	8	244	4	1	24	4	0	10	158	0	0	0	4	0	0	0	0	0	0	0	1	9	0	87	0	491	574	0	0	32	13	16	0	0	0	0	147	16	30	29	58	2954	123	35	2438	634	0	121	130	671	18	18	1	0	8	0	26	1	0	6	0	0	0	0	0	132	0	11	4	227	215	539	9	102	0	0	214	34	10	6	205	292	7	21	30	0	0	0	0	0	6	8	9	8	22	18	22	7	0	4	0	0	0	0	0	0	0	17	32	0	0	12	0	0	14	3	9	100	57	0	0	244	0	12	13	74	25	13	0	35	3	0	0	0	2	4	0	17	0	0	2	0	13	13	16	3	0	0	25	6	0	0	93	13	0	9	28	2	0	57	23	15	21	5	277	3359	73	0	27	53	651	1	58	26	1	0	0	2	0	2	0	16	8	67	92	26	325	0	0	76	0	30	518	4578	2396	0	0	0	2	3	0	91	392	11	80	89	105	27	0	4	0	19	5	0	5	0	0	11	9	35	157	146	74	6	0	0	40	0	586	9	15	8	100	44	13	12	89	16	7	0	3	3	0	4	0	15	0	0	286	0	11	5	23	63	17	39	6	0	0	0	0	6	0	3	1	21	0	15	134	30	32	5	7	171	26	8	50	112	0	204	249	28	0	172	1317	753	295	114	0	11	81	11	6	0	17	24	39	165	83	205	26	0	4	0	0	37	63	0	0	87	111	54	0	64	2	47	31	178	0	7	0	4	4	413	4	157	86	65	277	199	586	0	922	44	18	1587	70	67	76	1220	0	0	0	0	75	1415	55	18	0	0	0	3	1	5	8	0	13	99	0	7	99	23	11	35	0	3	0	0	1	0	0	12	104	70	190	8	7	11	5	20	1	9	9	4	1	9	61	4	3	1	43	0	33	2	9	440	19	0	0	26	0	4	0	0	0	0	0	28	0	23	34	39	5	8	0
np0764	11	1	33	311	55	4	3	20	0	32	71	13	0	11	820	4	8	0	8	0	0	0	3	15	0	1	25	0	0	55	4	20	19	17	0	0	1029	1021	0	0	0	90	191	214	0	186	0	0	121	14	128	20	157	0	0	0	1951	0	5	4	0	0	0	0	0	0	0	506	0	0	0	564	143	1	7	0	15	29	0	5	3	0	20	0	174	48	0	5	0	0	0	73	25	0	0	43	0	0	0	0	0	18	493	110	338	483	334	35	0	46	186	0	10	0	15	0	0	672	22	0	3	16	51	10	4	61	132	72	142	82	32	44	0	0	0	62	97	42	60	0	0	3	25	0	1216	0	0	0	8	49	357	210	0	0	0	15	5	6	2	0	3	0	0	0	24	0	8	0	126	0	942	4	153	0	29	2	16	856	9	0	0	0	52	179	961	0	0	36	28	0	37	12	19	0	0	0	0	0	0	0	0	775	18	145	0	32	23	61	0	0	1	152	688	0	57	563	0	1103	22	0	2971	1604	0	0	0	146	19	0	4	0	0	0	225	0	30	0	31	26	0	123	0	350	62	44	3	0	56	17	3	612	12	206	288	18	2	4	63	271	0	19	30	0	14	18	0	0	47	0	0	0	0	0	0	0	0	0	0	0	271	0	0	0	0	0	0	49	35	0	32	29	147	0	0	84	0	0	53	0	0	102	13	29	0	14	0	3	0	0	8	0	0	35	0	0	0	0	1494	91	0	0	0	0	219	0	0	63	0	0	122	0	0	0	0	0	0	0	0	152	0	0	0	0	3	0	40	796	0	387	0	0	68	4	35	4	0	84	0	195	0	13	298	0	0	1	0	3	0	0	0	0	0	0	0	0	0	0	0	0	5646	0	0	0	0	122	258	5	2	56	0	0	20	0	0	0	0	0	1347	69	32	15	5	5	521	26	605	46	61	17	0	0	0	20	58	16	0	0	0	0	6	2	26	2	0	14	0	0	0	26	0	0	0	1	368	16	19	43	120	1	0	4	0	3	0	77	50	0	164	0	0	2	12	24	4	18	17	0	0	88	2	100	54	1785	0	0	5	17	0	7	8	7	0	20	0	66	16	60	0	0	2	2	2	2	3	0	0	31	28	12	0	16	0	0	0	0	58	0	0	243	2	0	37	32	0	0	40	11	65	9	140	105	0	1495	9	554	17	78	17	29	0	0	39	76	16	1547	13	4	24	122	2	4	0	0	0	480	0	37	87	10	0	413	0	35	2	51	355	0	0	19	0	87	6998	815	0	23	17	11	4	22	5	1	15	2	38	17	6	0	25	0	0	1	0	0	0	0	0	103	0	0	1	0	0	0	11	24	0	26	0	0	7	0	0
np0766	9	0	36	120	27	24	9	4	0	36	141	50	0	7	2122	7	24	0	10	0	15	31	4	14	0	5	33	0	0	24	4	20	5	18	0	0	2527	1928	9	0	0	56	189	168	0	3039	0	28	2180	166	25	16	641	0	6	0	5511	0	8	0	0	0	0	0	0	0	0	2634	0	0	0	1281	202	2	33	0	130	278	0	4	0	1	21	0	15	95	0	24	0	0	0	99	123	1	0	75	0	0	0	0	0	12	447	388	735	241	624	19	18	0	131	0	4	0	15	10	0	1210	4	0	0	11	80	0	2	67	75	46	122	299	164	1635	0	0	0	42	522	177	869	0	0	10	29	0	3037	0	0	0	0	285	587	528	0	0	2	14	1	8	0	5	0	0	13	0	20	0	44	0	27	0	1410	0	277	0	63	0	22	2126	4	0	0	0	151	1139	1769	0	0	149	175	0	69	6	48	18	0	0	0	0	0	0	0	771	10	154	0	46	23	129	0	0	0	233	939	0	9	822	0	2181	55	0	3673	2810	0	0	0	382	7	0	10	0	0	0	251	0	49	3	577	534	0	2121	0	1534	178	104	9	0	415	51	17	971	0	311	410	28	3	8	43	170	4	35	54	0	21	18	0	0	188	0	0	0	0	0	0	0	0	0	0	0	305	0	0	0	0	0	0	125	115	0	125	129	225	0	0	105	0	0	121	0	0	114	44	74	2	20	4	36	17	2	9	0	0	0	0	0	0	0	945	764	0	1	9	0	1827	0	0	321	0	0	703	0	0	0	0	0	0	0	11	793	0	0	0	0	5	0	321	7719	0	5858	55	0	226	35	99	19	3	220	0	2887	0	292	2167	0	0	0	2	0	0	0	0	0	0	0	0	0	0	0	0	0	35035	0	0	0	0	145	605	4	4	22	0	0	0	0	0	0	0	0	5494	141	141	22	0	0	3279	208	605	80	97	25	0	0	0	35	105	24	0	0	0	0	13	0	15	10	0	30	0	0	0	16	0	5	0	3	157	19	17	41	137	11	0	9	0	23	0	106	166	0	360	8	1	0	32	53	9	39	35	0	0	85	0	164	200	1090	0	0	23	66	0	19	49	2	0	42	0	197	74	216	0	0	9	15	13	12	10	0	0	92	81	82	0	6	0	0	0	0	498	0	0	382	3	0	163	188	0	0	202	77	623	26	566	677	0	3763	73	1047	44	218	119	182	0	0	108	254	36	1507	242	3	12	249	1	4	0	0	0	1881	7	80	147	28	3	444	0	11	20	83	600	0	0	85	0	468	17123	999	0	14	12	24	28	98	17	1	55	1	111	36	14	0	81	0	0	1	0	0	0	0	0	60	0	0	0	0	0	0	18	54	0	36	0	0	75	0	0
np0768	0	0	0	9	6	7	0	0	0	0	0	0	0	0	23	0	0	0	0	0	0	0	0	0	0	0	9	2	0	4	0	5	2	0	0	0	38	23	0	0	0	9	22	9	0	6	0	0	0	0	37	0	10	0	0	0	145	0	0	0	0	0	0	0	0	0	0	44	0	0	0	114	5	0	1	0	0	0	0	4	0	0	5	0	181	2	0	0	0	0	0	6	13	0	0	0	0	0	0	0	0	4	35	11	26	19	19	5	0	10	35	0	0	1	0	0	0	33	1	0	0	2	9	0	0	6	8	12	20	16	3	0	0	0	0	11	21	3	0	0	0	0	2	0	101	0	0	0	0	3	30	22	0	0	0	0	0	0	3	10	0	0	4	0	0	0	0	0	7	0	64	0	10	0	0	2	2	89	2	0	0	0	0	10	56	0	0	0	0	0	0	0	6	0	0	0	0	0	0	0	0	85	5	18	0	6	0	16	0	0	0	13	18	0	9	12	0	61	0	0	102	66	0	0	0	5	0	0	0	0	0	0	33	0	4	0	3	0	0	4	0	21	0	0	0	0	0	0	0	96	0	17	59	0	0	2	0	12	0	4	7	0	1	0	0	0	2	0	0	0	0	0	0	0	0	0	0	0	21	0	0	0	0	0	0	14	9	0	14	9	17	0	0	5	0	0	4	0	0	5	2	0	2	6	0	0	4	8	1	0	0	0	0	0	0	0	58	0	0	0	0	0	19	6	0	1	0	0	7	0	0	0	0	0	0	0	0	2	0	0	0	0	0	0	0	21	0	6	0	0	5	0	0	0	0	2	0	3	0	0	7	0	0	0	0	0	0	0	0	0	0	0	0	0	0	0	0	0	193	0	0	0	0	13	6	0	2	0	0	0	0	0	0	0	0	0	167	9	6	0	0	0	24	0	41	0	0	0	0	0	0	0	4	1	0	0	0	0	0	0	0	0	0	26	0	0	0	0	0	1	0	1	144	2	30	4	9	0	0	0	5	0	0	8	13	0	33	0	0	0	0	0	0	5	3	0	0	2	0	21	8	205	0	0	2	2	0	0	5	0	0	1	0	5	0	6	0	0	0	3	1	0	0	0	0	8	21	5	0	3	0	0	0	0	59	0	0	59	0	0	3	2	0	0	0	2	54	0	37	28	0	156	5	22	90	394	0	0	0	0	15	126	0	161	1	0	1	10	2	0	0	0	0	34	0	0	10	0	0	107	0	0	0	0	2	0	0	0	0	0	115	122	0	0	3	0	0	0	0	1	1	0	5	0	0	0	1	7	15	0	0	0	0	0	0	4	0	0	0	0	0	0	0	3	0	0	0	0	0	0	0
np0771	0	0	65	0	0	4	330	0	0	0	31	14	0	11	555	0	2	0	20	27	11	0	0	0	0	1	79	12	0	10	7	13	0	0	0	0	125	1	55	0	9	190	426	50	9	38	0	10	20	14	368	12	82	0	0	1169	640	0	7	0	0	0	0	0	0	0	0	81	0	0	0	401	10	0	5	0	0	0	0	11	0	3	16	0	0	6	0	0	0	0	0	20	121	18	0	12	0	0	0	0	0	4	42	6	520	87	34	8	0	4	42	0	0	0	0	1	0	218	210	0	0	0	0	19	0	14	12	85	333	0	4	9	0	0	0	14	21	0	16	0	0	0	6	0	0	0	0	0	0	14	0	0	252	0	246	0	12	6	19	14	0	0	0	0	8	7	14	2	0	0	0	0	30	0	7	0	0	131	63	3	0	0	6	18	209	0	0	49	0	0	0	0	11	0	0	0	0	0	0	0	0	182	15	0	0	30	0	78	0	0	0	7	0	0	39	0	24	325	19	0	111	13	0	0	0	79	0	0	7	0	21	0	13	9	9	2	8	3	0	3	0	160	11	7	4	8	0	6	0	112	0	0	1179	11	2	6	40	2694	0	4	21	0	7	0	0	0	7	0	0	0	0	0	0	0	0	0	0	0	0	0	0	0	0	0	0	53	38	0	50	25	0	0	0	0	0	72	0	0	0	13	5	22	3	0	0	6	28	0	0	0	0	0	0	3	0	0	0	8	0	0	4	0	22	0	0	58	69	0	137	0	10	0	0	0	0	54	0	202	0	0	0	0	0	0	0	8	0	0	0	0	3	0	0	0	0	0	0	0	0	0	8	1	0	0	0	0	0	0	0	0	0	0	0	0	0	0	0	0	466	0	0	0	0	14	196	18	3	11	0	0	7	0	0	0	0	25	0	0	0	4	0	0	152	12	138	0	14	5	0	0	0	11	39	15	0	0	0	0	0	0	0	0	0	7	0	0	0	0	0	0	0	3	1916	19	908	0	0	0	0	22	0	0	0	282	17	13	0	4	15	2	10	0	0	587	13	0	0	0	0	190	179	1659	0	0	0	2	0	23	35	0	0	0	0	0	0	0	0	0	47	0	0	6	5	0	0	8	8	43	0	0	0	0	0	0	0	0	0	8	20	0	0	3	0	0	1114	0	1735	102	2432	70	0	4278	450	471	23	199	227	0	0	0	251	21	26	59	0	0	4	0	6	0	2	0	0	37	0	0	30	10	0	53	3	0	0	0	3	0	59	0	0	5	324	65	0	3	1	0	3	10	0	1	0	0	2	2	13	0	18	0	0	0	0	0	0	0	0	0	0	0	3	0	0	0	0	4	0	0	0	0	0	0	0
np0772	0	0	0	0	0	105	7	0	0	0	3	0	0	0	0	0	7	0	0	0	0	0	0	4	0	0	0	0	0	0	0	2	0	0	0	0	2	0	0	0	0	0	0	11	0	0	0	0	0	0	0	0	0	0	0	0	0	0	0	1	46	0	0	0	0	0	0	72	0	0	0	0	5	0	0	151	0	0	0	152	103	162	187	0	0	0	0	0	4	3	0	0	5	0	0	0	0	0	0	0	0	0	380	0	6	513	193	163	0	30	275	0	0	0	0	0	0	6	125	0	10	0	0	0	0	0	0	0	0	0	59	5	0	0	0	0	0	0	1	0	0	0	0	1	0	0	0	2	2	0	0	4	0	0	0	0	0	0	0	0	0	0	0	0	6	51	0	0	0	0	557	0	0	0	0	0	0	298	0	0	0	327	0	0	50	0	0	0	0	1	538	6	83	0	0	0	1	0	0	0	0	13	0	0	0	18	0	12	0	0	0	0	0	0	7	0	0	88	0	0	44	36	2	0	0	11	0	0	0	0	0	0	11	0	0	147	42	7	7	0	0	25	0	3	3	0	4	7	0	29	0	0	0	14	0	0	3	0	0	0	0	0	0	4	0	0	21	0	0	0	0	0	0	0	0	0	0	0	0	0	0	0	0	0	0	0	0	0	0	0	0	0	0	0	0	0	0	0	0	0	3	0	0	0	0	1	0	0	0	0	0	0	0	6	0	0	0	0	0	0	0	0	0	0	0	0	0	0	0	0	0	0	0	0	0	0	0	0	0	0	0	0	10	0	0	1523	0	1485	0	0	8	0	0	1285	263	0	0	14	0	1	1	133	0	0	0	1750	0	0	0	0	0	0	0	0	0	0	0	0	0	0	0	0	0	28	0	4	0	0	0	0	5	0	0	0	0	0	7	0	0	7	0	0	10	0	23	0	8	0	0	0	0	0	0	0	0	0	0	0	0	4	4	23	264	0	0	2	0	0	0	0	0	0	0	0	0	0	0	0	0	0	0	0	0	0	0	0	0	0	1	0	0	0	0	0	0	0	0	0	0	0	3	0	0	0	0	0	0	0	0	0	0	0	0	3	0	0	0	0	0	0	0	0	0	0	0	0	0	0	0	0	0	0	0	0	0	0	0	0	1	0	0	3	0	0	0	0	0	0	8	0	0	13	3	0	1	0	0	0	0	0	0	8	0	11589	0	0	144	1842	0	0	0	0	0	0	0	0	57	0	2	0	0	1845	139	0	821	0	13	0	0	0	0	21	0	0	1	0	0	0	0	0	0	0	0	0	0	0	1	0	0	6	0	98	0	0	0	0	0	0	0	0	0	0	4	0	0	0	0	0	0	1	0
np0773	0	0	6	2	41	1	0	3	0	0	2	0	0	0	26	0	0	0	4	0	3	0	0	0	0	0	5	0	0	9	0	0	0	0	0	0	19	7	0	0	0	13	30	9	0	10	0	0	2	1	7	4	8	0	0	0	78	0	2	1	0	0	0	0	0	0	0	9	0	0	0	390	21	0	2	0	0	0	0	0	0	1	10	0	23	2	0	3	0	0	0	7	8	0	0	12	0	0	0	0	0	0	37	4	25	4	13	6	0	9	49	0	3	0	0	5	0	18	20	0	0	0	6	17	0	0	12	30	44	0	1	0	0	0	0	8	0	2	0	0	0	6	10	0	6	0	0	0	0	4	74	13	0	0	0	0	0	2	0	0	2	0	0	0	3	0	0	0	4	0	61	2	9	0	7	0	6	123	6	0	0	0	11	0	126	0	0	0	4	0	0	4	2	0	0	1	0	0	0	0	0	30	8	9	0	51	5	39	0	0	0	3	43	0	24	23	0	29	1	0	160	58	0	0	0	3	3	0	0	0	0	0	28	0	18	0	0	0	0	0	0	13	0	1	1	1	3	5	2	35	0	4	11	3	0	0	0	8	0	0	3	0	0	2	0	0	5	0	0	0	0	0	0	0	0	0	0	0	24	0	0	0	0	0	0	0	1	0	0	2	19	0	0	5	0	0	8	0	0	15	5	2	0	10	0	0	0	0	2	0	0	7	0	0	0	0	30	3	0	0	0	0	12	0	0	1	0	0	6	0	0	0	0	0	0	0	0	7	0	0	0	0	0	0	0	139	0	7	0	0	30	4	25	4	0	23	0	36	0	1	57	0	0	0	0	0	0	0	0	0	0	0	0	0	0	0	0	0	162	0	0	0	0	15	0	4	6	0	0	0	38	0	0	0	0	0	160	2	0	4	0	3	47	4	39	0	3	0	0	0	0	4	0	0	0	0	0	0	0	0	4	5	0	14	0	0	5	1	0	0	0	0	80	13	3	25	65	0	0	0	0	1	0	21	12	0	41	0	0	0	0	5	1	3	0	0	0	20	0	35	41	86	0	0	0	2	0	0	4	0	0	0	0	6	4	6	0	0	0	1	4	0	1	0	0	3	6	0	0	5	0	0	0	0	45	0	0	7	0	0	6	1	0	0	1	0	21	0	13	11	0	84	2	15	9	37	46	0	0	0	46	8	0	73	4	1	2	17	0	0	0	0	0	22	0	8	5	1	5	34	0	0	0	0	0	0	0	0	0	0	39	47	0	7	13	2	3	4	0	0	2	0	7	0	0	0	9	0	0	0	0	0	0	0	0	30	0	0	8	0	0	0	0	8	0	7	0	0	0	0	0
np0774	0	4	157	8	31	3	818	28	0	0	137	153	0	10	2503	0	10	0	36	51	29	10	0	7	0	3	123	16	0	8	10	30	0	20	0	0	657	12	79	0	2	398	1524	146	20	863	0	19	212	90	1330	38	355	0	0	3348	5277	0	55	11	0	0	0	0	0	0	0	325	0	0	0	2573	125	0	4	0	0	0	0	43	4	31	58	0	0	6	0	3	0	0	0	113	433	40	3	137	0	0	0	0	0	5	342	14	1560	326	66	59	0	30	228	0	50	7	10	0	0	1905	810	0	0	0	15	205	7	46	70	248	940	0	16	9	0	0	21	106	134	5	59	0	1	4	20	0	0	0	0	0	0	58	5	7	1239	0	1363	0	20	94	104	31	0	1	2	0	30	40	17	1	13	0	111	0	57	0	73	0	0	575	126	3	0	0	37	10	726	0	0	167	2	0	0	11	18	0	0	5	0	0	0	0	0	699	87	0	0	68	3	422	3	0	43	214	0	0	154	0	77	906	41	0	593	128	0	0	0	232	0	0	3	0	106	0	58	76	26	0	0	1	0	5	2	290	35	40	11	0	8	22	15	290	4	0	1284	14	0	0	87	2999	0	19	158	0	9	9	0	0	48	0	0	0	0	0	0	0	0	0	0	0	0	0	0	0	0	0	0	117	143	0	138	120	3	0	0	0	0	143	21	0	0	151	7	35	6	12	0	12	53	0	0	0	4	0	0	0	0	0	0	49	0	0	1	0	117	0	0	159	181	0	481	0	15	0	0	0	0	176	0	730	0	0	0	0	0	0	0	17	0	0	0	0	0	0	3	0	0	2	0	3	0	0	4	0	0	0	0	0	0	0	0	0	0	0	0	0	0	0	0	0	2041	0	0	0	0	103	536	34	14	239	0	0	236	0	0	0	0	51	0	48	0	51	3	16	819	82	418	21	51	27	0	0	0	148	292	34	0	0	0	0	0	6	0	0	0	31	0	0	0	7	0	0	2	24	597	35	195	45	0	0	0	15	0	62	0	925	73	20	10	10	41	15	98	0	0	1004	36	3	0	0	0	807	416	3953	0	0	0	6	0	74	119	0	0	0	0	0	0	1	0	0	135	0	0	14	41	0	0	28	3	102	0	0	0	0	0	0	0	0	6	42	51	0	0	6	0	0	3172	0	4417	350	3865	194	0	8626	686	1251	137	1198	1669	0	0	0	1710	99	77	231	0	14	0	28	92	0	0	0	0	97	0	0	133	33	56	55	0	0	0	0	3	0	62	0	0	13	1070	131	0	25	17	0	15	76	0	3	0	0	21	19	55	0	121	0	0	0	0	0	0	0	0	16	0	0	16	0	0	0	0	20	0	0	0	0	8	0	0
np0775	0	0	11	0	7	6	214	0	0	0	38	12	0	5	83	0	0	0	58	79	13	0	6	0	0	0	21	15	0	0	0	0	0	10	0	0	401	0	51	0	15	856	410	36	12	42	0	3	33	14	20	9	35	0	0	116	466	0	0	0	0	0	0	0	0	0	0	148	0	0	0	79	22	0	0	0	0	0	0	0	0	0	0	0	0	0	0	0	0	0	0	30	173	27	0	33	0	0	0	0	0	0	187	0	344	12	12	1	0	1	30	0	0	0	0	0	0	176	10	0	0	0	7	34	0	17	6	30	100	0	9	0	0	0	0	0	12	0	36	0	0	0	6	0	0	0	0	0	0	3	0	0	0	0	7	0	17	8	36	0	0	0	0	0	0	9	11	0	0	0	0	0	56	0	19	0	0	149	0	0	0	0	6	80	118	0	0	73	0	0	0	4	4	0	0	2	0	0	0	0	0	59	0	0	0	7	0	30	0	0	0	7	0	0	6	0	0	62	0	0	16	0	0	0	0	25	0	0	0	0	26	0	23	11	9	0	0	0	0	0	0	222	10	0	2	0	0	2	0	70	0	0	17	0	0	0	0	96	0	14	40	0	0	0	0	0	3	0	0	0	0	0	0	0	0	0	0	0	0	0	0	0	0	0	0	28	15	0	25	27	0	0	0	1	0	30	8	0	0	16	4	5	0	4	2	4	25	0	0	0	0	0	0	3	0	0	0	13	0	0	0	0	20	0	0	38	74	0	159	0	0	0	0	0	0	30	0	239	0	0	0	0	0	0	0	8	0	0	0	0	0	0	0	0	0	0	0	0	0	0	3	0	0	0	0	0	0	0	0	0	0	0	0	0	0	0	0	0	198	0	0	0	0	18	0	2	0	0	0	0	0	0	0	0	0	0	0	5	0	0	0	5	474	64	18	0	10	7	0	0	0	30	105	0	0	0	0	0	0	0	0	0	0	0	0	0	0	0	0	0	35	12	11	0	3	3	0	0	2	11	0	18	0	49	11	1	0	6	17	0	19	0	0	398	25	0	0	0	0	237	58	2548	0	0	0	0	0	26	31	0	0	0	0	0	0	0	0	0	13	0	0	6	5	0	0	6	0	56	0	0	3	0	0	0	0	0	0	6	3	0	0	0	0	0	1657	0	180	8	764	42	0	1893	89	258	10	209	298	0	0	0	336	14	6	114	0	0	0	0	0	0	0	0	0	22	0	0	19	0	11	17	6	0	0	0	0	0	643	0	0	11	477	31	0	0	0	0	12	36	0	4	0	0	3	0	13	0	19	0	0	0	0	0	0	0	0	3	0	0	7	0	0	0	1	3	0	0	0	0	0	0	0
np0776	0	0	0	0	23	0	0	0	0	20	40	5	0	4	575	0	2	0	4	13	0	8	3	0	0	0	0	0	0	0	0	3	0	0	0	0	22	0	0	0	0	28	53	24	0	82	4	13	73	8	1	1	12	0	0	0	39	0	1	0	5	0	0	0	0	0	0	226	0	0	0	39	215	0	0	7	4	0	0	18	1	0	24	0	3	0	0	0	24	1	0	0	33	0	4	0	43	0	0	0	0	6	80	3	41	57	11	11	0	7	123	0	0	11	4	4	0	48	203	0	8	0	0	13	3	0	14	0	21	0	0	0	0	7	0	10	5	0	0	0	4	0	9	1	0	0	4	2	0	0	0	21	0	0	0	0	0	0	0	0	0	0	0	0	0	0	7	2	7	0	62	19	13	0	3	21	4	206	0	0	0	50	0	2	340	0	0	0	0	0	0	0	11	0	0	6	3	0	0	6	3	111	34	0	5	55	5	35	0	0	6	8	0	0	33	0	0	141	0	0	373	66	0	0	0	58	4	1	0	0	0	8	10	0	0	9	0	3	0	16	4	39	0	1	7	0	17	24	0	61	0	0	18	59	4	0	22	43	0	27	5	0	0	0	0	0	10	71	0	0	0	0	0	0	0	0	0	0	0	0	0	0	0	11	0	0	0	0	0	0	0	0	0	0	0	0	0	0	0	22	37	0	0	2	0	4	7	0	36	0	161	0	0	618	0	0	0	0	42	30	88	10	0	0	0	0	0	0	0	0	0	0	0	0	0	4	0	0	0	0	0	0	20	0	0	77	1	45	0	0	0	0	0	27	1774	0	0	12	0	1	3	155	0	2	0	133	0	0	0	0	0	0	0	0	0	0	172	0	4	0	0	0	0	2	60	41	50	24	0	0	57	0	0	0	0	106	1102	9	4	13	4	1	97	0	44	3	10	3	0	0	0	17	123	15	0	0	0	0	0	0	0	0	0	0	0	0	0	7	0	14	0	0	0	0	4	33	0	0	3	11	0	18	0	0	85	36	9	0	11	0	0	4	1	39	0	0	50	0	0	7	184	75	22	7	0	8	0	0	10	0	0	0	0	82	52	161	8	0	4	0	0	0	0	0	0	1	5	3	0	38	88	0	0	1	41	0	0	0	3	0	0	15	0	0	0	21	21	0	195	10	19	388	161	0	9	287	0	0	0	0	19	401	0	18	0	5	0	7	35	0	0	4	0	25	0	0	18	6	22	24	0	0	0	0	0	11	0	0	0	0	0	0	0	16	9	13	10	4	165	24	49	65	42	29	0	0	43	13	73	6	0	728	0	0	0	94	4	0	0	0	0	0	0	0	0	0	0	0	3	0	0
np0783	3	0	12	103	18	3	0	5	0	21	102	16	0	14	598	3	19	0	10	0	0	3	3	7	0	6	14	0	0	15	0	18	9	7	0	0	1268	539	14	0	0	47	105	622	0	340	0	17	153	40	60	4	163	0	318	0	3305	0	0	0	0	0	0	0	0	0	0	2224	0	2	0	522	120	0	3	0	116	202	0	8	0	0	16	0	9	50	0	4	0	0	0	27	16	0	0	41	0	6	0	0	0	16	885	331	465	557	244	24	39	0	186	7	8	7	13	6	0	171	3	0	14	21	67	0	0	53	159	44	78	128	51	84	0	0	0	32	54	22	329	0	0	2	18	0	599	0	0	12	0	50	259	212	3	0	13	9	0	0	4	5	0	0	0	0	30	3	13	0	42	0	1599	0	212	0	19	0	8	1457	4	0	0	0	121	496	1571	0	0	29	44	0	101	4	33	0	0	0	0	0	0	0	0	648	6	171	0	92	45	222	0	0	0	149	831	0	21	745	0	1775	22	0	3602	2440	0	0	0	265	8	0	2	0	0	1	309	0	47	2	38	36	0	133	0	746	86	68	6	0	118	25	27	653	8	185	279	12	3	4	67	321	5	21	6	0	15	18	0	0	110	0	0	0	0	0	0	0	0	0	0	0	134	0	0	0	0	0	0	16	13	5	11	19	125	0	0	46	0	0	28	2	0	51	24	18	0	2	0	0	10	8	4	17	5	19	0	13	0	0	360	334	0	0	3	0	771	17	0	69	2	0	160	0	14	0	0	0	0	0	0	196	0	0	0	0	11	0	277	3442	0	2518	14	0	254	51	169	11	4	223	0	1278	0	128	1112	0	0	21	41	6	0	0	0	0	0	0	0	0	0	0	0	0	5447	0	0	0	0	124	155	0	0	91	0	0	0	0	0	0	0	0	1784	191	88	34	0	2	1749	98	697	116	138	33	0	0	0	24	68	15	0	0	0	0	4	1	24	1	0	11	3	0	0	2	0	2	0	0	77	10	17	37	54	0	0	10	16	14	2	76	39	0	96	1	2	0	15	12	4	18	14	0	0	42	0	178	58	561	0	0	0	15	0	14	19	6	0	14	0	50	17	52	0	0	4	10	1	0	6	0	0	18	48	21	0	6	0	0	0	2	60	0	0	133	3	0	23	28	0	0	103	21	223	0	98	108	0	1165	7	412	374	1341	138	15	0	0	188	427	6	2760	55	2	40	330	0	0	0	0	4	927	0	68	95	18	0	124	0	56	12	120	924	0	0	23	0	167	7439	632	0	21	30	8	7	19	4	3	15	4	48	7	7	0	45	50	58	32	3	4	1	0	0	8	0	0	0	0	0	0	25	18	0	14	0	0	15	0	0
np0784	0	0	0	0	0	26	0	0	10	36	285	30	0	19	4	4	0	1	13	19	7	25	33	70	0	17	0	0	0	0	0	13	3	0	0	0	63	0	5	0	0	3	19	0	0	602	14	36	118	354	0	0	0	10	0	2	40	0	6	3	2841	1269	0	0	0	0	7	56	0	0	0	9	48	14	45	37	42	16	8	81	27	15	351	38	0	0	2	335	22	23	22	0	590	8	4	4	3	11	6	6	42	5	212	3	40	16	44	33	0	10	69	0	3	25	43	0	0	3	6	8	0	414	0	0	2	0	6	7	10	0	32	3	0	0	0	0	0	0	0	0	1	1	0	0	0	0	0	2	0	3	0	8	0	3	0	0	0	0	0	1	0	3	2	0	17	15	19	0	0	4	304	7	69	15	0	0	1	412	0	10	11	28	0	102	373	9	12	3	0	0	0	17	8	0	0	0	0	3	0	0	0	14	34	0	0	125	28	52	0	103	13	17	8	0	49	0	0	494	16	21	154	111	0	0	25	91	33	0	11	0	30	11	26	10	4	6	27	12	7	0	6	358	0	55	38	0	0	0	30	49	4	6	10	5	0	0	9	14	39	89	0	0	0	23	738	386	0	11	9	16	10	0	64	28	11	21	82	34	0	0	9	27	81	14	9	5	0	9	0	0	14	8	11	115	46	0	8	44	8	21	65	0	0	2	2	10	12	0	0	30	25	25	6	281	30	0	20	0	14	380	122	72	66	0	0	0	2	0	12	0	0	0	3	0	0	10	11	0	7	0	764	2339	367	236	123	325	2465	10	208	37	14	1	0	158	8	128	1	31	21	276	355	169	168	7	0	287	124	51	32	1667	138	32	29	18	16	39	0	19	30	7	4	25	3	33	0	22	0	48	0	0	0	3	0	3	0	8	22	102	15	8	0	3	102	0	132	3	6	0	29	364	149	3	34	6	68	0	515	152	0	2	0	1	2	0	35	0	0	0	0	10	0	2	4	0	0	14	11	5	1	21	1	62	0	13	105	145	57	10	23	5	16	0	17	20	0	7	22	0	14	8	531	123	206	936	0	115	0	3	0	6	0	9	11	43	28	64	9	0	7	6	9	10	52	34	33	54	152	106	67	0	5	15	0	187	92	10	3	0	28	1	0	142	95	14	137	211	801	0	371	67	0	1468	19	0	100	592	14	0	0	0	184	987	248	850	0	0	5	50	3	0	3	0	2	13	0	232	77	47	0	1	0	3	0	16	159	0	0	0	7	100	51	4	2	4	2	106	10	38	124	68	62	35	359	75	8	0	1684	0	13	21	397	20	180	13	1	4	0	0	0	2	0	0	19	409	16	600	15	9	3	68	28
np0789	0	0	0	2	18	0	60	0	0	7	170	37	5	0	16	0	6	0	14	57	6	4	0	0	0	7	2	12	7	0	0	43	0	0	12	3	161	9	0	0	0	45	320	143	0	82	0	13	34	0	18	8	69	0	0	0	91	0	10	12	3	0	1	0	0	0	0	420	0	3	0	19	389	0	0	7	4	0	0	72	0	0	69	0	13	3	0	5	21	8	0	0	51	0	0	0	140	0	8	3	8	9	826	21	150	300	172	144	0	72	808	0	0	9	3	2	0	1538	5877	0	56	0	10	43	5	41	156	8	143	0	0	0	0	8	0	16	19	2	0	0	3	0	11	4	4	0	1	19	3	0	0	34	0	0	0	0	11	0	0	0	0	0	0	0	0	6	8	0	2	0	48	42	15	0	6	10	6	317	0	0	0	44	0	1	892	0	0	0	0	0	0	11	19	0	0	11	2	0	0	6	3	54	12	0	0	115	10	59	0	1	188	12	0	0	109	0	0	519	0	0	2301	414	57	0	0	310	11	1	0	4	12	40	411	0	0	12	2	0	0	5	12	183	0	5	2	4	15	13	21	318	0	0	44	73	9	3	131	66	22	100	0	0	12	10	0	0	46	259	0	0	0	0	0	0	0	0	0	0	0	0	0	0	0	60	0	0	0	0	0	0	0	0	0	0	0	0	0	0	0	64	257	0	0	6	4	6	2	0	0	0	918	0	0	4201	0	0	0	0	14	26	59	0	0	0	0	0	0	0	0	0	0	0	0	0	0	1	0	0	0	0	0	0	25	0	0	63	0	164	0	0	0	0	0	82	15671	0	0	7	0	0	0	0	0	3	0	132	0	0	0	0	0	0	0	0	0	0	230	0	0	0	0	0	0	14	0	12	18	23	0	0	46	0	0	0	0	276	3347	46	43	25	9	0	411	0	225	12	47	27	0	0	0	15	84	17	0	0	0	0	0	0	0	20	0	0	0	22	0	3	0	93	0	3	0	0	14	20	0	0	10	16	5	68	0	0	192	52	22	3	16	1	6	0	4	116	0	0	442	0	0	0	286	298	100	23	0	91	0	25	14	0	39	0	0	98	66	227	4	0	76	0	0	0	3	0	0	30	28	20	0	85	347	0	0	13	926	0	0	0	13	0	0	44	10	24	0	84	130	0	661	7	31	1601	126	0	20	564	0	0	0	0	34	449	9	33	0	5	0	19	18	2	0	11	0	37	0	0	72	9	53	50	0	1	0	0	0	0	4	0	0	0	0	6	0	17	3	15	9	0	100	32	28	108	123	26	0	0	104	32	83	6	1	6269	0	0	0	79	6	6	0	0	0	0	0	2	0	0	0	0	6	0	0
np0790	0	0	0	0	7	0	226	0	0	18	16	8	0	3	9	0	21	0	4	12	0	12	0	0	0	1	7	30	0	1	0	22	0	0	23	4	406	61	0	0	2	60	388	74	6	67	0	20	79	7	6	5	31	0	0	0	9	0	56	1	0	0	0	0	0	0	1	251	0	0	0	5	26	0	1	9	0	0	0	47	0	0	293	0	29	3	0	0	31	0	0	0	37	0	0	0	24	0	0	0	0	0	595	21	1339	68	170	121	0	20	180	0	0	49	10	0	0	196	56	0	2994	269	6	7	17	12	38	0	22	0	0	0	0	19	0	4	9	0	0	0	2	0	26	134	1	0	0	457	463	0	0	204	0	0	0	1	10	0	2	0	0	0	32	0	0	2	14	2	9	0	51	0	205	0	0	2	7	288	0	0	0	256	0	33	182	0	0	0	34	43	10	4	63	0	0	0	1	0	0	9	0	0	5	0	7	272	63	222	1	0	0	0	0	0	150	0	0	5687	0	0	307	1075	25	0	0	306	62	13	6	0	0	0	313	0	0	10	269	94	55	0	1	225	0	2	0	0	2	0	5	3432	0	0	7	6	2	0	36	39	0	9	37	0	8	45	0	0	0	37	0	0	0	0	0	0	0	0	0	0	0	0	0	0	0	7	0	0	0	0	0	0	0	0	0	0	0	0	0	0	0	36	138	0	0	0	1	7	1	2	11	0	41	0	0	187	0	0	0	0	35	13	53	2	0	0	0	0	0	0	2	0	0	0	0	0	0	2	0	0	0	0	0	1	122	0	1	162	0	1844	0	0	14	17	0	719	17730	0	0	80	0	0	0	0	0	19	0	970	0	0	0	0	0	0	0	0	0	0	107	0	0	0	0	0	0	6	0	0	0	4	0	0	0	0	0	0	0	34	342	53	61	0	3	0	54	0	161	44	15	193	0	0	0	50	247	35	0	0	4	0	0	0	0	0	0	0	0	39	0	2	0	8	3	14	0	0	9	0	0	1	1	0	0	54	0	0	40	13	9	0	1	0	0	0	0	29	0	0	58	0	0	0	61	40	19	5	0	11	0	0	0	0	3	0	0	41	13	78	0	0	8	0	0	0	0	0	0	5	17	7	0	0	7	0	0	1	71	0	0	0	4	0	0	73	0	5	0	78	13	0	176	1	4	433	7	0	6	82	0	0	0	0	6	59	0	38	0	3	2	0	12	0	0	0	0	71	0	0	138	2	26	4	0	9	0	0	0	10	7	0	0	0	0	11	0	17	1	5	2	0	41	4	6	17	23	0	0	0	15	6	16	33	0	6607	0	0	0	0	0	0	0	0	0	0	0	0	0	0	0	0	20	0	0
np0798	2	1	4	37	10	7	1	4	0	16	39	9	0	1	328	5	3	0	5	0	0	6	0	13	0	3	8	0	0	16	0	16	10	0	0	0	370	311	6	0	0	39	101	208	0	154	1	1	96	26	18	0	79	0	114	0	1531	0	0	0	0	0	0	0	0	0	0	1295	0	0	0	225	68	0	3	0	101	177	0	5	0	2	4	0	8	1	0	5	0	0	1	9	18	1	0	23	0	0	0	0	0	5	449	82	229	45	162	9	23	0	91	0	2	0	7	3	0	77	6	0	3	15	32	2	1	18	53	13	28	28	14	117	0	0	0	31	205	35	624	0	0	0	19	0	626	0	0	5	0	57	249	90	0	0	9	10	0	1	3	2	0	0	0	0	7	0	10	0	33	0	605	0	114	0	17	0	3	610	1	0	0	0	51	164	540	0	0	1	8	0	38	0	10	0	0	0	0	0	0	0	0	344	3	98	0	26	15	82	0	0	0	14	142	0	8	105	0	1144	26	0	819	1390	0	0	0	205	0	0	0	0	0	0	153	0	21	0	4	19	0	32	0	261	47	28	2	3	103	17	5	341	6	99	71	4	0	0	56	165	1	11	10	0	10	6	0	0	35	0	0	0	0	0	0	0	0	0	0	0	31	0	0	0	0	0	0	5	4	0	6	2	24	0	0	13	0	0	21	0	0	66	16	4	0	5	0	0	11	7	0	2	3	43	0	1	0	0	196	111	0	0	2	0	373	0	0	24	0	0	83	0	7	0	0	0	0	0	0	62	0	0	0	0	8	0	134	2348	0	1732	11	0	132	20	65	10	5	123	0	1006	0	84	666	1	0	3	9	2	0	0	0	0	0	0	0	0	0	0	0	0	3250	0	0	0	0	50	85	0	0	22	0	0	0	0	0	0	0	0	971	108	80	10	0	2	860	41	308	31	48	19	0	0	0	8	30	11	0	0	0	0	0	0	17	0	0	6	0	0	0	0	0	1	0	0	22	2	3	28	86	3	0	0	7	6	0	62	23	0	40	0	1	0	14	8	2	6	2	0	0	8	1	82	15	223	0	0	0	10	0	15	9	0	0	1	0	11	5	16	0	0	1	0	0	1	0	0	0	11	11	7	0	0	0	4	0	0	20	0	0	39	0	0	6	30	0	0	58	14	74	0	45	38	0	426	2	121	144	480	47	14	0	0	73	158	2	1138	22	6	22	86	0	0	0	0	0	344	0	31	59	6	0	32	0	10	10	62	467	0	0	10	0	110	3893	349	0	19	10	0	3	13	3	2	8	1	10	4	3	0	28	14	15	6	2	2	0	0	0	8	0	0	0	0	0	0	11	13	0	10	0	0	15	0	0
np0799	3	0	9	11	6	0	4	22	0	9	53	0	15	14	120	0	2	7	2	7	0	4	3	16	6	0	41	0	20	15	5	30	35	10	7	11	327	11	7	12	6	121	195	45	20	416	5	13	52	28	31	13	42	13	0	0	476	22	30	10	5	0	2	30	22	28	0	824	27	0	0	34	155	5	30	0	7	0	112	0	0	2	19	12	7	14	5	458	22	34	88	0	286	0	4	16	14	12	0	21	8	13	156	19	109	45	43	26	0	49	216	0	0	6	12	5	22	293	105	73	0	10	0	6	10	28	24	19	56	0	0	0	13	33	29	24	60	2	20	10	90	0	24	6	91	113	14	9	17	32	11	149	126	24	26	10	4	27	0	15	0	15	16	13	8	5	11	0	5	0	0	11	42	0	11	23	4	551	61	7	46	8	0	6	581	0	15	0	0	0	0	10	4	3	8	0	0	22	0	9	6	192	404	0	0	55	0	14	12	1	6	85	55	8	86	0	0	432	8	10	700	132	0	15	0	62	28	5	2	0	21	10	60	2	9	3	3	0	0	0	0	97	3	11	5	0	16	23	6	94	5	8	153	19	6	0	171	289	5	28	25	0	6	11	0	0	8	11	26	23	23	28	15	10	0	0	0	0	0	0	0	0	0	15	8	0	2	24	0	0	17	10	8	218	96	0	3	115	0	33	60	0	12	15	3	11	8	0	0	22	58	69	23	450	57	0	179	5	3	38	12	4	12	0	8	5	3	0	60	10	0	9	8	7	7	40	17	6	22	3	79	705	40	12	7	27	201	1	23	10	1	0	0	9	4	1	0	2	0	14	32	13	64	0	0	32	0	7	70	799	220	20	24	18	0	7	0	14	171	8	61	20	52	24	0	217	5	38	0	0	96	0	0	10	8	63	541	77	18	14	8	3	101	0	174	0	8	0	80	85	25	20	185	38	27	2	3	7	0	0	0	1	0	0	7	0	58	11	4	14	0	9	19	0	0	15	5	10	0	12	14	29	0	30	271	55	58	7	14	15	38	12	107	124	7	109	132	25	0	39	1332	499	365	270	4	32	11	14	4	0	7	16	13	396	229	501	27	0	0	9	0	28	68	0	0	111	133	63	0	198	1	65	112	275	1	15	0	6	8	20	0	141	111	36	331	771	412	0	1289	105	0	3124	73	142	161	689	69	4	0	0	113	822	159	35	0	2	0	10	5	4	16	0	3	37	0	32	55	14	19	50	2	0	0	0	0	0	0	14	183	110	271	4	3	23	18	57	2	16	21	14	11	16	176	12	18	1	83	0	45	5	25	34	11	3	1	69	0	13	5	0	0	3	0	48	1	32	59	45	0	9	3
np0801	0	0	0	333	26	4	38	0	374	358	307	0	1	13	632	0	0	53	60	746	41	4	9	31	29	19	128	408	152	41	0	658	17	0	21	63	2022	28	0	0	0	5772	3976	20	0	2935	26	57	520	248	42	104	476	0	0	0	2716	0	229	6	88	0	0	0	0	0	0	3707	0	2	0	2065	310	32	20	0	0	36	11	16	2	0	65	0	9	0	0	230	97	1	0	0	758	307	29	668	0	676	0	0	11	65	231	21	1770	332	245	115	53	0	587	0	0	5	15	5	0	255	127	0	0	6	21	104	40	179	67	182	197	0	5	0	0	0	0	0	220	0	26	0	0	0	22	0	0	0	49	105	39	44	0	19	0	0	0	0	0	0	81	32	0	0	0	0	28	41	106	16	10	0	778	49	159	0	71	47	0	892	58	0	0	0	0	237	1872	0	0	0	3	0	12	17	82	0	1	0	2	4	0	0	0	573	13	45	10	50	13	33	4	0	0	1743	268	0	36	0	0	1872	0	0	818	279	0	0	0	128	23	117	12	5	0	0	132	0	12	21	79	35	14	0	6	1425	0	76	6	0	9	15	15	82	6	0	172	1877	8	85	72	9831	21	65	634	5	21	5	0	0	20	0	0	0	0	0	0	0	0	0	0	0	0	0	0	0	0	0	0	0	0	0	0	0	0	0	0	325	0	0	0	0	0	2	100	101	5	0	424	95	56	130	0	0	36	105	0	0	0	63	0	0	0	0	22	0	9	18	0	0	0	0	0	0	0	0	0	0	0	673	259	0	323	0	0	0	7	0	252	361	0	0	0	0	0	5	0	3	0	0	0	9	0	0	159	581	0	389	5	44	0	0	0	0	0	0	0	0	0	0	529	0	0	0	0	0	0	73	0	110	2	122	0	0	9	0	0	0	0	4531	2426	259	0	16	6	3	225	0	334	7	17	23	0	11	53	81	1832	211	0	59	0	21	0	8	15	11	21	0	0	0	0	0	0	85	0	83	0	27	5	0	11	25	0	122	37	245	102	0	1204	650	965	36	317	970	56	202	105	1727	0	0	1866	0	0	0	2849	4541	1801	47	0	4	0	0	3	0	0	0	0	1116	582	1203	0	199	19	65	3	22	361	0	0	323	443	121	0	0	0	0	0	0	0	0	19	0	265	0	0	242	0	0	0	581	1960	0	17409	22	0	7582	187	0	683	3888	297	0	228	11	559	1880	1073	530	0	6	0	27	0	0	0	241	49	1745	4	9	171	31	10	0	28	0	0	0	0	0	0	5	0	108	7173	167	0	36	16	282	5	0	0	0	17	82	129	40	11	8	701	0	5	341	12	1	2	0	0	107	8	77	0	0	0	0	5	437	0	115	57	56	21	0	0
np0802	3	0	1	18	6	0	1	4	9	63	51	0	12	11	2336	279	1	6	1	0	0	2	9	16	8	3	23	1	17	5	10	31	27	0	8	3	389	4	17	26	9	140	216	39	15	395	3	19	84	37	37	7	51	35	0	0	2863	32	24	10	17	8	11	160	98	137	0	4142	104	0	0	4	70	4	13	5	11	1	9	18	0	5	55	5	19	160	16	147	11	17	28	0	139	0	0	7	6	7	0	6	3	11	310	30	173	84	131	100	0	44	307	0	5	5	5	4	19	254	85	233	0	39	0	2	12	20	54	16	22	1	3	0	14	167	73	125	248	8	1440	97	171	1	19	20	1205	1259	1	10	9	71	2	265	39	100	96	14	37	7	5	6	1	2	75	1	29	14	23	1	12	27	218	4	91	30	15	3	2	1018	14	3	72	43	0	3	653	25	27	0	313	0	0	13	50	21	8	0	0	6	10	10	4	69	135	6	6	36	30	22	5	0	5	26	37	12	110	11	25	790	28	18	735	243	0	15	20	85	32	1	0	0	31	10	175	0	16	6	58	22	13	0	0	79	0	11	2	2	4	12	4	185	6	14	59	40	5	3	136	245	5	6	24	0	13	7	17	8	9	50	65	45	32	35	46	19	92	24	18	5	0	64	32	21	75	6	10	0	0	60	0	0	21	7	10	273	101	11	2	359	33	25	79	4	4	5	5	8	0	0	0	38	131	372	34	405	43	74	111	4	4	23	17	8	13	0	55	11	12	20	188	23	8	17	49	7	16	177	59	29	87	38	209	6670	42	12	23	31	548	0	21	27	1	0	0	1	1	56	2	22	26	93	293	90	841	3	0	58	53	51	91	8518	411	54	30	33	0	4	0	50	316	8	71	82	57	48	105	128	2	90	9	92	0	0	584	45	29	170	1118	98	19	15	6	0	48	0	323	32	46	20	1312	34	6	27	278	78	5	3	4	4	6	6	8	2	1	1	61	5	20	7	0	8	0	13	0	0	0	12	17	8	0	12	4	25	0	10	288	35	19	5	3	14	12	3	35	61	0	58	134	11	13	37	512	322	387	72	0	8	13	0	4	27	9	2	9	160	112	219	27	0	11	0	0	7	15	15	14	29	48	45	27	94	12	108	41	46	1	4	0	0	8	2	0	178	34	22	130	194	172	0	1026	86	0	2411	43	83	52	350	7	0	0	16	50	1509	90	64	0	0	0	15	5	0	6	1	3	129	0	35	207	13	9	90	1	0	0	0	1	0	1	23	279	445	382	41	3	6	4	19	1	21	29	15	13	17	211	30	3	0	71	11	69	2	25	49	10	5	1	32	0	6	0	1	0	6	1	31	0	23	34	13	2	5	0
np0803	3	0	0	25	0	24	0	11	2203	15	23	0	0	4	105	37	26	5	0	0	0	2	5	1	0	0	10	9	54	8	8	23	23	15	6	5	701	4	31	44	0	23	379	29	38	457	12	34	117	106	27	12	52	12	0	0	408	22	12	5	47	10	3	43	58	0	3	2732	45	0	0	2	27	0	0	8	21	2	0	95	16	6	435	0	58	16	11	34	5	5	14	0	35	0	3	1	5	0	0	7	7	2	961	160	310	54	934	432	0	75	425	0	0	14	10	0	10	111	5	216	0	4874	7	0	12	11	29	2	3	0	11	55	5	41	11	8	32	0	281	0	15	0	154	25	30	28	1	11	83	1182	0	472	5	11	6	0	79	1	5	6	0	12	168	1	7	11	35	3	5	1021	574	0	548	28	11	0	2	875	0	6	199	23	0	4	833	16	36	0	127	105	6	103	330	190	6	0	1	10	13	10	2	13	14	0	232	132	56	117	1	1	0	0	389	0	97	0	31	1682	83	22	3013	796	0	0	9	99	59	4	3	0	26	4	332	34	633	6	268	117	50	4	0	124	0	1	0	0	2	8	12	617	8	121	15	15	7	4	47	105	0	10	9	0	15	102	31	13	7	14	7	24	6	3	40	21	38	17	5	0	0	21	9	0	5	5	8	0	0	13	0	0	0	1	3	90	28	0	2	360	6	26	71	2	0	2	5	0	1	0	0	0	11	4	0	24	0	0	9	4	2	4	5	1	0	0	1	3	0	0	62	15	0	20	2	0	2	18	10	6	33	19	1	64	551	64	634	1818	6	366	366	529	55	14	0	36	17	775	56	1083	256	933	3978	1052	4	19	9	1157	624	3	35	83	83	29	15	17	1824	4127	0	61	372	20	43	100	35	11	0	0	0	19	0	5	0	0	64	15	15	64	373	198	77	17	0	0	31	0	288	19	28	25	714	26	9	0	65	34	7	0	3	11	5	0	0	0	0	0	356	36	4	17	0	8	0	48	3	0	0	0	0	2	0	0	1	20	0	5	84	10	14	0	0	6	6	0	22	11	0	17	17	11	3	12	40	146	140	21	0	0	0	0	4	3	0	0	0	39	20	45	0	1	2	3	0	0	7	0	11	10	14	11	14	10	1	61	0	15	0	1	0	0	3	2	0	85	17	16	55	69	32	0	334	26	0	951	23	38	6	84	7	0	0	0	7	260	5	536	19	3	5	0	0	9	3	0	0	367	6	14	258	15	5	13	0	0	1	0	3	0	1	8	104	363	238	67	0	8	0	12	0	4	7	5	1	2	28	6	1	0	20	0	5	48	248	39	151	7	12	5	0	7	0	4	0	0	6	24	0	19	33	25	22	6353	2092
np0807	0	0	0	8	0	0	0	0	2258	0	21	0	0	0	10	0	3	9	6	0	0	0	0	5	0	0	2	55	0	0	0	64	0	0	0	0	231	33	0	0	0	0	42	34	0	332	0	6	16	56	2	4	79	0	0	0	175	0	0	0	9	0	0	0	0	0	0	219	0	0	0	0	2	0	0	3	0	0	0	24	5	2	70	0	0	0	0	2	7	0	0	0	7	0	0	0	0	1	0	0	0	0	409	12	157	23	113	157	0	13	82	0	0	4	18	0	0	10	0	0	41	20	0	0	6	10	21	0	0	0	0	0	0	0	45	0	0	0	0	13	0	0	3	8	82	0	0	8	0	3	0	1	3	0	0	2	0	0	0	2	0	0	0	0	0	11	16	0	0	0	107	0	42	0	0	2	0	162	0	40	0	0	0	32	140	0	0	0	115	62	1	7	0	0	0	0	0	0	0	0	0	0	0	2	0	40	8	45	0	0	0	0	98	0	3	0	0	1151	0	0	555	461	0	0	0	284	0	6	0	1	6	0	71	0	47	5	20	5	3	2	16	216	0	6	2	0	1	0	0	1948	0	0	0	1	0	0	4	21	0	15	17	5	11	80	0	0	0	43	0	0	0	0	0	0	0	215	0	0	0	0	0	0	0	0	0	0	0	300	0	0	0	0	0	0	0	0	0	0	86	4	23	0	0	0	0	3	3	2	0	0	3	3	0	12	0	0	0	0	4	10	9	8	4	0	0	0	0	0	11	0	0	109	0	0	0	85	2	0	0	0	0	12088	5	0	10	48	0	0	0	0	0	0	0	0	30	0	0	0	0	0	7	31	0	13	0	2	0	0	0	0	0	0	0	0	0	0	0	0	0	0	0	0	0	30	0	0	0	0	0	0	0	0	0	9	0	40	13	66	0	1	0	0	19	0	9	0	10	0	0	2	0	13	114	3	0	0	62	0	0	0	0	0	6	0	0	0	0	0	0	0	0	1	0	0	0	0	0	2	0	2	0	6	11	0	46	0	8	0	0	0	8	0	0	6	0	23	0	0	9	0	13	21	0	5	5	0	0	0	1	0	0	0	8	7	0	11	0	1	0	0	0	0	6	0	0	3	1	0	0	0	0	0	0	0	0	4	3	0	0	0	0	0	0	0	62	143	71	0	541	291	0	877	5	0	0	84	0	0	6	1	13	22	0	594	0	0	5	0	1	0	0	0	0	11	0	0	45	6	2	0	0	0	0	0	3	15	281	0	0	89	0	8	0	0	0	7	0	2	1	5	8	1	11	8	0	0	12	0	3	2	0	211	0	109	26	0	0	1	0	0	3	0	0	7	0	0	0	0	0	0	0
np0811	0	0	0	0	9	0	0	0	0	0	665	0	0	5	3356	0	23	0	30	24	0	12	16	6	46	0	3	0	0	0	0	53	23	0	0	0	576	0	17	0	0	899	919	9	0	2440	0	26	191	57	4	8	70	3	0	0	24	0	46	1	0	0	0	0	0	0	1	211	0	0	0	172	350	19	0	0	32	0	14	0	20	14	55	0	6	0	0	177	0	0	0	0	673	75	0	76	89	19	0	0	10	12	267	9	192	82	121	46	0	14	145	0	0	11	20	0	0	0	283	0	0	87	0	0	9	4	30	43	98	0	0	0	0	1	0	0	0	0	17	38	0	0	9	0	67	0	0	0	0	18	0	0	0	0	0	347	0	0	59	9	0	0	0	0	19	0	13	1	0	607	798	14	59	0	606	0	314	1496	5	0	0	0	45	134	940	0	0	0	56	30	0	56	2	0	0	3	0	0	0	0	0	122	73	0	66	93	75	347	0	7	0	19	48	0	159	23	0	853	0	15	2570	369	0	0	0	215	2	3	0	4	0	0	61	0	0	5	0	0	0	0	4	405	11	13	3	21	43	3	6	98	0	20	449	92	1	0	82	79	64	1073	22	82	4	5	0	0	49	0	0	0	0	0	0	0	0	0	0	3	40	0	0	0	0	527	511	0	0	0	0	0	0	0	0	0	0	0	0	0	0	30	108	0	0	9	0	0	5	0	0	0	206	0	0	1045	0	0	0	25	0	13	111	4	124	0	0	0	0	0	0	0	0	0	0	0	0	0	0	0	0	0	0	0	0	0	0	0	0	0	0	0	0	0	0	0	0	0	0	0	0	0	0	2	0	0	0	0	0	0	0	0	0	0	0	0	0	0	21	0	0	0	0	0	538	23	0	134	1	0	0	0	125	50	0	0	0	0	843	19	3	39	4	3	292	0	244	8	59	13	0	13	0	19	3081	390	0	3	0	17	0	1	3	8	109	0	0	303	6	13	0	0	4	36	0	0	0	14	0	297	2	48	0	71	6	505	240	250	537	14	34	0	191	5	7	70	0	5	289	0	0	0	1052	435	72	0	12	46	0	21	175	0	0	128	0	469	246	329	208	0	54	30	0	24	60	0	0	864	84	121	0	526	14	22	228	132	158	0	0	0	21	0	58	435	22	55	3328	322	1345	235	1990	120	0	4241	37	1470	194	787	181	124	0	0	376	222	158	51	0	0	0	42	0	62	138	0	0	651	0	0	186	14	1	0	45	0	0	0	0	154	0	0	0	0	0	0	0	13	8	0	0	1	25	0	81	0	107	95	7	0	339	7	70	0	0	0	0	0	0	11	0	25	0	13	159	0	5	39	22	28	0	0	46	0	0
np0817	48	53	0	3	82	0	0	0	0	0	63	0	32	13	1297	3	39	0	2	0	16	68	39	25	0	6	1	21	0	5	0	0	0	0	0	0	122	9	0	0	0	166	170	7	9	354	0	38	16	20	9	18	43	13	0	0	400	0	22	12	346	0	4	0	0	0	51	909	0	15	0	591	361	0	7	7	38	79	19	516	158	154	1183	0	0	4	0	0	4	0	15	14	54	3	0	127	0	44	0	0	4	11	669	79	573	34	145	35	0	30	222	0	7	41	34	7	0	396	0	0	0	46	3	14	1	17	12	23	106	0	0	0	0	0	104	0	2	0	40	0	41	0	293	6	0	0	7	0	92	124	0	78	0	0	0	0	70	18	14	2	2	0	2	14	53	12	17	6	4	0	424	0	91	0	627	43	4	353	1	131	0	0	52	43	1048	0	0	46	4	0	0	270	70	10	2	12	128	0	0	4	33	188	181	26	0	643	28	328	266	24	0	56	0	17	539	0	28	761	0	0	1059	1837	0	0	0	77	3	1	1	4	0	0	242	0	126	18	2	0	0	0	0	172	0	106	19	30	7	140	24	86	12	0	244	357	11	29	46	77	0	178	45	1	6	11	0	0	61	11	0	0	0	0	0	0	0	0	0	0	0	0	0	0	0	0	0	0	6	0	0	1	113	0	0	48	0	0	94	7	7	49	44	2	1	5	0	26	21	0	0	7	13	0	0	36	0	0	94	4	0	10	41	0	44	0	0	7	11	0	11	0	17	0	0	0	0	0	0	16	0	0	0	0	11	0	0	22	0	4	0	0	0	0	0	0	0	1	0	4	0	0	9	0	0	0	0	0	0	0	0	0	0	0	0	0	8	6	93	0	171	0	0	0	0	134	0	250	74	666	31	0	105	0	0	0	0	507	706	15	12	220	16	40	570	47	440	4	33	0	0	0	0	7	63	32	0	0	0	0	0	12	60	3	0	8	0	0	64	6	79	32	3	2	87	68	6	152	24	10	0	31	0	34	12	77	63	31	34	10	0	0	163	56	21	53	10	0	0	13	0	193	487	87	0	9	0	4	0	5	44	13	0	4	4	68	0	7	20	0	5	0	7	6	2	0	0	42	62	20	0	0	0	0	0	0	0	0	0	61	25	0	0	0	0	0	200	74	95	5	97	13	0	667	31	278	93	230	205	63	0	0	185	93	10	2582	4	16	7	219	447	143	0	2	0	222	0	0	132	39	95	0	3	0	0	0	0	0	6	0	0	0	101	21	0	64	40	15	4	10	1	0	0	0	58	7	4	0	267	0	41	3	4	25	0	4	7	64	0	151	851	0	319	0	7	608	0	279	0	0	2	12	4
np0818	0	0	0	0	3	0	0	0	0	0	423	25	0	0	915	0	1	0	0	0	0	6	8	27	27	38	0	2	13	0	0	308	42	141	0	0	1515	0	0	0	5	23	124	22	0	903	58	154	67	111	1	0	79	0	0	0	13	0	15	0	73	0	0	0	0	0	6	157	0	40	10	0	31	0	2	39	42	0	0	17	6	3	97	0	5	7	0	2	43	0	0	0	40	0	0	3	8	11	35	0	10	7	748	11	157	53	138	73	0	98	490	0	0	9	17	1	0	6	0	0	56	47	4	0	0	0	16	0	8	0	0	0	13	0	2	0	5	0	0	0	0	1	3	14	0	0	0	0	0	0	0	7	0	0	4	1	0	0	0	6	0	0	5	0	27	74	170	104	2	0	422	0	237	0	6	0	0	465	14	286	0	0	0	45	804	0	0	0	17	24	0	2	0	0	0	2	0	0	0	0	0	163	157	0	8	87	18	37	0	3	100	7	47	0	82	0	0	1950	0	0	558	1044	0	0	0	105	2	0	50	2	9	11	24	0	20	39	0	0	0	0	11	496	18	22	14	0	0	4	4	24	0	0	47	30	0	8	1022	1649	38	147	3	0	15	4	0	0	1	0	0	0	0	0	0	0	0	0	0	0	0	0	0	0	0	0	0	0	0	0	0	0	0	0	0	0	0	0	0	247	0	39	111	0	1	0	2	13	1	7	0	0	425	0	0	976	0	0	0	0	0	15	6	12	6	0	0	0	0	0	13	0	0	0	0	0	0	728	533	0	304	0	0	15	7834	0	2886	1182	0	0	21	40	0	2685	11	10	387	0	0	36	0	0	19	3990	0	27	8	1400	0	0	0	0	0	0	0	0	0	0	0	0	0	0	0	0	0	37	0	19	1	20	0	0	14	0	0	0	0	915	0	84	0	10	0	3	52	0	114	6	34	0	35972	0	0	123	250	43	0	0	14	0	0	6	10	1	17	0	0	0	0	0	0	0	0	0	0	0	0	16	0	0	0	6	0	69	0	0	550	23	27	7	0	0	17	16	0	0	30	0	11	0	3	0	217	12	20	7	5	6	3	0	0	0	0	0	0	27	8	46	0	0	2	0	0	0	1	0	0	9	8	0	0	21	19	139	0	0	0	3	0	0	13	0	0	23	0	0	13	51	33	0	1162	259	46	215	0	0	191	63	19	0	0	0	85	122	3	68	0	0	0	14	0	0	0	0	0	6272	85	78	138	5	2	0	3	0	0	2	5	0	2	0	0	0	0	39	154	5	2	82	0	16	6	0	0	34	36	0	0	0	112	0	2	521	19	4562	3	0	0	5	0	0	0	0	0	0	6	0	0	53	61	12	9	0	0
np0819	0	0	0	0	163	0	2	0	494	2	420	79	0	36	49	0	9	5	85	156	37	16	14	30	0	0	2	556	0	8	7	228	0	0	65	38	301	330	0	0	0	0	117	45	0	1299	16	173	5	119	0	32	101	0	0	18	14	0	0	12	1247	0	0	0	0	0	38	36	0	0	1	0	47	0	6	338	0	188	0	12	17	0	158	0	11	273	0	5	33	1	0	0	246	0	0	3	0	15	0	0	0	19	925	58	603	13	147	202	0	28	115	0	4	16	51	0	0	0	0	0	97	18	6	0	25	42	49	50	44	0	2	5	0	0	10	0	0	0	0	3	0	0	0	7	0	0	2	31	0	4	0	0	0	0	0	58	0	0	0	0	0	0	0	0	11	21	168	3	112	0	275	0	45	47	4	57	0	1343	0	593	0	0	0	271	712	0	0	3	536	374	0	0	11	3	10	11	370	0	0	0	218	25	125	1	0	506	115	570	2374	0	0	273	57	0	82	0	96	1030	0	0	143	194	0	0	0	90	28	22	22	0	25	23	68	0	0	22	0	1	0	0	365	1622	0	108	15	0	292	92	4	278	7	0	84	570	2	48	0	23	9	269	195	1767	82	18	0	0	531	599	0	0	0	0	0	0	0	25	0	0	0	0	0	0	0	0	0	0	0	1371	0	0	0	0	0	0	0	0	0	0	423	3	278	0	3	0	65	26	0	0	0	0	336	240	0	668	0	0	0	0	5	56	580	47	307	0	0	0	0	0	18	0	0	322	0	0	0	241	2	0	0	0	0	891	25	0	794	587	0	0	0	0	0	0	0	15	149	0	0	19	0	0	1471	2380	0	630	2	63	0	0	0	0	0	0	0	0	0	0	0	0	0	0	0	0	0	61	0	0	0	0	0	0	0	1856	0	2	0	8	3	104	0	2	0	6	161	0	88	0	14	0	11	10	2	126	1049	27	0	1	823	0	0	2	6	52	31	0	0	0	0	0	0	42	0	3	0	0	12	0	1	8	0	16	0	570	117	0	380	93	306	28	3	0	18	10	7	28	0	97	20	0	0	0	335	1641	15	26	39	20	0	6	10	0	21	0	73	24	0	88	4	4	3	0	0	133	326	0	0	297	68	142	0	0	0	0	0	0	0	0	157	0	79	0	0	15	0	0	105	364	739	13	1247	704	0	1951	35	0	180	9776	83	0	1158	62	1681	2418	175	673	0	0	4	0	0	0	43	0	0	195	0	0	214	95	8	0	0	1	1	0	0	218	15	10	0	6335	0	34	0	0	1	120	15	10	9	34	7	15	160	118	0	0	239	0	31	22	373	1031	9	0	5	0	0	601	0	413	0	3	52	87	0	6	0	0	0	0	0
np0822	0	0	0	3	142	0	0	0	175	1	217	35	0	76	143	0	6	49	25	48	27	15	11	7	2	1	7	120	67	0	16	179	6	0	33	23	2242	286	0	0	0	20	420	78	16	1426	0	115	160	130	1	70	429	0	0	0	500	0	15	6	259	0	0	0	0	0	6	524	0	0	6	0	519	0	17	193	0	117	8	13	25	0	296	0	46	240	0	31	309	13	0	0	1949	0	0	33	0	56	0	57	0	29	982	58	576	199	242	328	0	70	511	7	0	36	120	0	1	2	7	0	177	13	0	0	43	24	118	87	64	0	0	0	0	0	54	0	0	0	0	39	0	0	0	0	4	0	1	38	9	3	0	1	0	0	5	643	0	0	1	4	0	0	0	0	23	49	70	25	10	0	381	7	199	32	258	602	41	1149	0	318	0	0	0	509	894	0	0	0	531	346	3	6	11	7	167	55	31	0	0	0	145	213	320	6	0	352	118	684	10139	0	2	1895	123	0	24	0	54	544	0	0	239	184	0	0	0	52	43	23	3	1	164	199	145	0	18	19	0	0	0	0	338	649	0	52	14	8	148	147	11	324	9	0	202	877	19	66	57	564	7	168	123	1228	81	51	0	0	1260	3464	0	0	0	0	0	0	0	1265	0	0	0	0	0	0	0	0	0	0	0	2739	0	0	0	0	0	0	0	0	0	0	904	140	1508	0	1	0	23	114	2	21	0	12	1649	1411	0	3101	0	0	0	0	26	115	690	112	386	8	0	0	0	1	18	0	0	307	0	4	0	223	8	0	0	0	0	921	15	0	867	601	0	0	0	0	0	0	0	6	137	0	0	6	0	0	1512	2959	0	815	0	62	0	0	0	0	0	0	0	0	0	0	0	0	0	0	0	0	0	167	0	7	6	13	0	0	0	1163	0	63	0	137	47	105	0	5	15	10	222	0	138	4	17	8	35	20	5	678	5080	29	0	3	315	0	0	17	5	52	139	0	0	0	0	0	0	0	0	3	0	0	5	10	22	89	0	165	2	590	110	0	2071	314	1088	122	42	0	73	40	44	477	0	3000	959	0	185	0	3053	2033	67	220	135	71	0	95	127	0	23	0	486	178	3	411	35	31	16	17	3	380	775	0	0	760	147	369	0	0	0	0	0	0	0	44	351	0	163	0	0	491	0	0	979	5361	3719	119	5079	5200	0	11965	264	0	522	9959	108	0	743	66	1257	3370	174	897	0	0	0	20	0	0	24	0	0	393	0	0	429	111	63	0	2	0	0	0	0	501	84	3	0	5219	0	22	0	51	15	357	44	54	22	291	15	94	867	395	11	0	462	0	109	10	392	886	2	0	2	0	0	467	0	287	151	810	37	67	0	0	0	0	10	0	0
np0827	0	0	0	4	3	30	0	0	216	10	80	9	5	41	1952	9	3	0	0	4	9	10	0	26	0	18	35	0	13	11	9	27	21	19	7	4	583	6	15	19	5	55	123	56	35	309	11	25	42	74	13	16	120	17	2	12	2688	89	11	6	476	177	7	141	160	223	6	10706	88	0	0	4	70	1	8	68	116	18	1	24	8	12	125	12	2	103	0	46	3	8	6	0	61	1	0	16	0	0	0	3	45	4	507	190	568	199	608	524	0	281	1424	20	41	15	36	4	12	311	223	87	0	85	0	13	3	30	40	29	69	0	128	0	54	140	33	232	282	11	749	35	133	5	21	1	95	107	16	12	21	59	0	68	37	34	35	19	31	2	2	2	0	0	0	0	114	78	15	4	2	62	882	8	234	70	6	3	3	1957	4	30	149	203	0	63	1764	48	50	47	189	0	66	4	77	23	0	0	13	53	48	0	29	50	64	0	0	78	36	41	7	3	0	2	183	37	517	22	40	2115	118	26	3163	1020	91	58	42	321	295	5	6	0	18	0	276	11	39	54	157	51	34	0	5	361	20	69	6	2	3	12	18	95	4	0	72	73	4	3	616	1061	8	27	0	39	64	40	707	419	8	11	11	21	25	12	17	6	16	3	8	0	0	4	7	9	24	4	0	0	0	10	0	0	9	5	6	105	49	0	0	101	6	108	363	5	4	25	0	13	0	0	0	16	32	38	29	253	37	0	207	9	13	91	35	20	20	5	6	8	0	19	56	0	4	0	8	8	0	70	39	18	51	14	190	2486	225	38	187	284	447	6	200	176	25	7	0	9	9	440	4	282	251	804	2759	726	276	2	2	576	457	166	1357	3253	4618	526	451	331	13	22	0	9	96	7	10	11	15	215	28	134	0	131	0	0	51	3	611	137	137	489	1904	240	60	66	18	3	523	9	707	16	50	16	4909	39	9	11	58	18	0	0	54	3	0	20	47	9	22	0	20	5	0	4	0	0	0	16	2	0	2	34	34	5	0	6	0	22	0	8	87	23	10	2	0	0	17	0	10	28	0	16	37	4	22	28	274	173	114	19	0	10	10	0	7	9	0	0	0	70	56	150	8	0	0	0	0	6	5	5	3	19	29	14	6	92	3	81	35	13	0	3	0	0	9	2	0	82	46	27	98	77	37	0	267	35	0	826	12	43	50	321	0	0	0	0	58	730	22	8257	146	0	29	265	6	5	11	0	3	142	0	170	226	29	25	4	0	1337	1028	498	3259	0	99	36	330	474	624	106	2	11	7	6	0	6	12	5	3	3	44	0	2	3	41	6	22	27	114	531	58	16	5	65	0	64	12	27	0	15	59	33	0	24	48	32	19	41	19
np0830	8	0	8	30	2	27	0	6	0	6	12	6	0	7	33	0	2	0	0	15	0	1	0	1	0	0	19	3	0	25	0	0	0	0	0	0	230	110	0	0	0	59	69	29	0	23	0	0	23	11	16	2	21	0	0	0	403	0	1	0	0	0	0	0	0	0	0	127	0	0	0	13	1	0	1	0	0	2	0	5	0	0	0	0	6	0	0	0	0	0	0	1	5	0	0	7	0	0	0	0	0	0	68	47	91	144	32	0	0	7	34	0	0	1	0	0	0	18	0	0	0	0	8	0	1	5	25	5	20	2	27	75	0	0	0	9	19	0	3	0	0	2	0	0	178	0	0	0	0	4	38	187	0	0	0	2	0	0	3	9	0	0	0	0	4	0	3	0	19	0	67	0	35	0	0	0	0	372	5	0	0	0	15	245	160	0	0	0	15	0	0	0	0	0	0	0	0	0	0	0	0	255	0	49	0	4	4	8	0	0	0	8	131	0	4	99	0	208	0	0	525	276	0	0	0	17	0	0	0	0	0	0	113	0	5	0	1	0	0	5	0	126	19	5	0	0	11	2	0	191	0	64	60	0	1	0	0	16	0	4	18	0	7	0	0	0	16	0	0	0	0	0	0	0	0	0	0	0	3	0	0	0	0	0	0	10	10	0	8	5	11	0	0	5	0	0	8	0	0	6	10	21	0	0	0	0	5	0	2	0	0	0	0	0	0	0	596	9	0	0	0	0	19	0	0	24	0	0	79	0	0	0	0	0	0	0	6	73	0	0	0	0	0	0	5	93	0	62	0	0	16	2	6	0	0	9	0	35	0	2	33	0	0	0	0	0	0	0	0	0	0	0	0	0	0	0	0	0	534	0	0	0	0	18	5	0	0	0	0	0	0	0	0	0	0	0	209	11	3	3	0	0	100	0	93	11	21	0	0	0	0	0	4	4	0	0	0	0	0	0	0	0	0	1	0	0	0	3	0	1	0	0	124	4	82	2	4	0	0	0	0	0	0	0	5	0	8	0	0	27	0	3	0	4	2	0	0	9	0	9	7	534	0	0	0	3	0	0	0	0	0	1	0	6	0	4	0	0	0	0	2	0	0	0	0	3	3	0	0	0	0	0	0	0	6	0	0	88	0	0	0	9	0	0	10	3	27	4	29	87	0	157	11	31	1	3	4	3	0	0	4	7	0	129	0	0	3	33	0	0	0	0	0	19	0	2	49	1	0	183	0	9	0	13	82	0	0	1	0	14	849	80	0	0	0	0	0	0	0	0	0	0	2	0	0	0	1	0	0	0	0	0	0	0	0	1	0	0	0	0	0	0	0	2	0	0	0	0	0	0	0
np0834	2	4	8	16	0	0	1	3	0	20	37	0	6	3	47	0	0	5	7	10	0	0	0	20	8	0	18	14	55	8	12	11	41	0	10	7	322	6	4	0	18	300	276	56	33	323	8	23	110	77	28	19	61	25	0	1	246	15	6	2	3	0	0	10	12	12	3	450	0	0	0	9	68	2	9	0	5	1	10	0	0	0	27	0	48	0	98	800	24	49	39	0	210	2	2	10	3	2	1	6	0	4	88	0	59	32	34	64	0	42	131	0	0	0	3	6	24	493	76	153	0	7	0	0	3	16	20	8	18	0	0	0	6	31	16	60	194	1	93	26	62	0	22	0	194	189	1	24	10	113	15	205	14	44	41	36	8	9	0	8	0	96	28	0	7	0	15	1	4	2	13	10	40	13	13	0	7	322	26	2	24	10	0	6	232	0	10	2	0	0	0	0	6	0	1	0	2	9	0	15	5	630	2003	0	0	49	17	16	11	0	0	7	95	14	64	0	0	459	22	8	1548	154	0	36	16	149	34	4	0	1	22	0	60	1	13	0	0	0	0	0	0	64	6	3	0	0	6	17	0	115	5	11	52	39	2	3	62	135	0	14	28	0	0	2	0	0	7	11	29	11	45	23	24	14	0	18	22	0	0	0	0	0	0	5	15	0	0	24	0	0	7	14	20	203	79	0	0	207	0	21	46	32	15	7	0	12	6	0	0	6	24	22	6	80	1	3	27	0	9	42	67	1	19	0	7	0	0	0	45	7	3	0	9	0	3	35	12	8	17	6	285	1401	57	4	26	65	637	0	67	7	0	0	0	3	1	7	0	15	15	54	238	72	103	0	0	84	4	12	154	1361	604	24	17	13	1	4	0	25	230	0	104	24	71	17	0	143	0	37	8	0	46	0	0	6	12	36	217	90	25	0	6	0	38	0	268	4	7	6	136	454	104	29	263	23	71	12	3	42	0	3	0	0	0	0	144	0	23	7	15	29	8	7	11	2	2	5	0	2	0	2	3	19	0	19	151	37	32	7	6	83	34	0	82	88	7	111	126	12	0	50	596	472	294	187	0	22	14	6	13	0	21	9	18	170	98	220	11	5	0	0	0	29	50	0	0	125	128	41	0	85	1	67	42	181	0	2	0	2	10	69	3	102	55	18	211	360	344	0	1172	73	0	2443	83	141	45	316	20	0	0	0	41	448	107	8	0	0	2	0	2	4	9	0	9	45	0	9	55	9	8	42	0	0	0	0	0	0	0	10	111	58	166	2	7	1	4	27	0	13	16	10	7	14	98	3	6	0	51	0	17	3	7	118	14	2	2	28	0	5	0	0	0	0	2	132	0	86	141	90	0	13	0
np0837	0	0	0	0	0	31	0	0	0	0	17	0	0	0	1259	0	0	0	0	0	0	0	0	0	0	0	0	0	0	0	0	0	0	0	0	0	1	0	0	0	0	1	0	0	0	0	0	0	0	0	0	0	0	0	0	0	0	0	0	0	3214	0	0	0	0	0	0	2299	0	0	0	0	4	0	0	112	106	114	0	7	0	0	22	0	0	12	0	0	0	0	0	0	0	0	0	0	0	0	0	0	2	1	9	0	4	0	0	0	0	0	0	0	2	0	0	0	0	2	0	0	0	0	0	0	0	0	0	6	0	1	16	0	0	0	0	0	0	0	0	0	0	0	0	0	0	0	0	0	0	0	0	0	0	0	0	0	0	0	0	0	0	0	0	0	34	4	0	0	0	0	887	0	2	0	0	0	0	1	0	35	0	0	0	28	35	0	0	0	46	0	1	1	281	78	0	0	0	0	0	0	0	1578	1302	155	0	52	0	716	0	0	0	1	0	0	5	0	0	49	0	0	10	5	0	0	0	7	0	0	0	0	0	0	2	0	0	4	1710	635	342	10	0	15	0	11	0	28	10	0	0	0	0	0	0	7	0	0	1	0	0	12	0	10	0	0	0	0	0	0	0	0	0	0	0	0	0	0	0	0	0	0	0	0	0	0	0	0	0	0	0	0	0	0	0	0	0	0	0	0	0	0	0	0	0	0	0	0	0	0	0	0	0	0	0	0	0	0	0	0	0	0	0	0	0	0	0	26	12	0	26	0	21	0	0	0	0	0	0	26	0	0	0	0	218	0	276	8724	0	490	6	0	1527	45	787	32	7	225	0	3758	0	5	585	0	0	0	0	0	0	0	0	0	0	0	0	0	0	0	1	0	0	0	0	0	0	34	0	0	0	22	0	0	0	0	0	0	0	8	4	0	0	0	0	0	4	0	4	0	3	0	0	0	0	6	46	24	0	0	0	0	4	5	6	0	0	0	0	0	0	0	0	0	1	0	0	1	0	13	0	0	0	0	0	0	0	0	0	0	0	0	0	0	0	0	2	0	0	0	0	0	0	2	48	4	0	0	0	0	0	0	0	0	0	1	0	0	2	0	0	0	0	0	0	0	0	0	0	3	0	0	0	0	0	0	0	0	0	0	0	0	0	0	0	0	0	0	5	0	9	0	5	0	0	13	0	0	0	7	4	0	0	0	10	0	0	3378	0	0	52	2187	0	0	0	0	0	8	0	0	0	0	0	0	0	720	15099	0	0	0	17	0	0	0	3	0	0	0	0	0	0	0	0	0	0	0	0	0	0	0	0	0	0	75	201	1	3	7	12	0	0	0	0	0	1	0	9	601	0	326	0	0	2	0	0
np0843	0	0	0	20	9	0	19	0	122	173	63	9	0	6	231	0	0	0	39	378	12	1	3	4	41	7	13	139	58	17	0	156	8	0	0	0	327	30	0	0	0	646	674	23	0	1783	0	8	178	5	1	8	0	0	0	0	245	0	10	76	25	0	0	0	0	0	0	1006	0	0	0	1955	306	12	0	0	0	4	0	7	0	0	25	0	0	0	0	413	39	0	0	0	447	180	8	180	0	298	0	0	0	4	96	2	251	21	62	14	0	3	223	0	8	0	9	10	0	191	0	1	0	0	0	5	4	4	15	26	21	0	0	0	0	0	0	0	0	0	0	0	0	2	1	0	0	0	20	38	18	8	0	2	0	0	0	0	2	0	33	1	0	0	0	0	20	28	13	11	0	0	170	31	41	0	9	24	0	269	0	0	0	0	0	34	457	0	0	0	0	2	1	0	15	3	5	0	0	3	0	0	0	6	0	0	0	33	5	12	6	2	0	598	211	0	17	0	0	180	0	0	363	87	0	0	0	16	6	32	21	0	0	0	311	0	0	8	483	167	122	0	0	219	0	2	0	0	0	52	4	19	0	0	53	48	0	21	25	131	9	37	81	0	7	4	0	0	3	0	0	0	0	0	0	0	0	0	0	0	0	0	0	1	0	0	0	0	0	0	0	0	0	0	0	2	0	0	0	0	0	2	71	0	0	0	48	19	14	1	0	0	58	202	0	0	0	91	0	0	0	0	13	0	5	7	0	0	0	0	0	0	0	0	0	0	0	128	54	0	43	0	0	0	1	0	0	2	0	0	0	0	0	0	0	0	2	0	0	284	0	0	22	2	0	87	0	76	0	0	0	5	2	0	0	0	0	0	57	0	0	0	0	0	0	32	0	324	2	3	0	0	44	0	0	0	0	592	410	46	0	9	0	0	98	0	80	11	0	27	0	10	43	31	1067	113	0	15	0	9	0	0	0	2	5	0	0	0	0	0	0	12	0	12	0	0	1	0	0	4	0	41	16	54	68	0	709	107	259	15	68	0	32	65	36	131	3	0	241	0	0	0	1099	299	154	63	0	2	0	0	5	0	0	0	0	462	372	667	0	317	11	28	1	9	229	0	0	537	298	205	0	0	0	4	3	0	0	1	63	0	104	0	0	224	0	0	0	209	431	0	3282	7	0	2943	59	0	230	987	65	0	63	2	127	362	136	67	0	0	0	14	0	0	0	13	6	111	0	4	101	32	13	0	3	0	0	0	0	0	0	0	0	22	1928	4	0	7	11	1575	0	0	1	5	53	59	225	94	3	15	151	0	3	65	140	1	2	0	0	29	6	12	0	0	0	0	2	126	0	18	0	0	8	0	0
np0845	0	0	23	0	10	0	16	1	0	0	44	34	0	0	616	0	5	0	20	11	0	0	1	0	0	0	16	2	0	0	2	5	0	0	0	0	100	0	14	0	0	31	134	47	0	237	0	11	59	16	56	0	20	0	0	154	595	0	0	3	0	0	1	0	0	0	4	87	0	0	0	436	76	0	0	0	0	0	0	10	4	0	25	0	0	0	0	0	0	0	0	11	75	5	0	91	0	0	0	0	0	2	67	0	81	57	13	5	0	3	37	0	0	0	4	0	0	818	63	0	0	0	0	24	0	0	18	28	80	0	0	0	0	0	11	6	8	0	9	0	0	9	6	0	0	0	0	0	0	18	0	3	160	0	169	0	0	21	14	0	0	0	0	0	10	19	6	0	0	0	24	0	16	0	5	0	0	148	39	0	0	0	0	2	175	0	0	5	0	0	0	0	4	0	0	0	0	0	0	0	0	62	20	0	0	0	0	47	0	0	0	33	0	0	34	0	13	156	0	0	112	65	0	0	0	72	0	0	0	0	19	0	20	19	11	0	0	0	0	0	0	28	3	5	0	0	0	19	0	32	4	0	54	0	0	1	8	260	0	19	33	0	7	0	0	0	3	0	0	0	0	0	0	0	0	0	0	0	0	0	0	0	0	0	0	0	5	0	0	2	0	0	0	0	0	35	6	0	0	65	0	2	0	0	0	0	3	0	0	0	0	0	0	0	0	0	0	23	3	0	0	0	69	0	0	22	42	0	97	0	0	0	0	0	0	21	0	113	0	0	0	0	0	0	0	1	0	0	0	0	0	0	0	0	0	2	0	0	0	0	0	0	0	0	1	0	0	0	0	0	0	0	0	0	0	0	0	0	78	0	0	0	0	40	65	0	0	83	0	0	218	0	0	0	0	0	0	11	0	2	0	0	137	8	83	0	3	10	0	0	0	32	69	4	0	0	0	0	0	0	0	0	0	0	0	0	0	0	0	0	0	0	8	0	0	6	0	1	0	2	1	22	0	73	28	3	0	0	6	0	40	0	0	73	16	0	0	0	0	127	139	509	0	0	0	4	0	25	50	0	0	0	0	0	0	0	0	0	18	0	0	2	3	0	0	5	3	1	0	0	0	0	0	0	0	0	0	10	16	0	0	0	0	0	715	0	312	21	540	52	0	1770	90	335	32	528	806	0	0	0	799	60	16	38	0	1	0	0	71	0	0	0	0	39	0	0	37	5	6	0	4	0	0	0	0	0	0	0	0	0	97	41	0	17	4	0	0	10	0	0	0	0	10	1	17	0	17	0	0	0	0	0	0	0	0	0	0	0	0	0	0	0	4	11	0	0	0	0	0	0	0
np0846	0	0	0	0	0	17	22	0	0	2	89	13	7	3	1767	5	16	1	9	16	6	11	7	4	0	0	0	12	0	0	0	13	12	5	0	0	193	69	0	0	0	18	46	285	0	59	0	4	27	9	0	6	38	0	0	0	68	0	13	10	5	0	0	0	0	0	0	1543	0	0	0	2	103	0	0	21	6	0	0	32	4	6	78	0	0	11	0	0	20	0	0	0	16	2	0	0	4	12	0	0	0	23	382	16	225	244	41	29	0	14	213	0	0	0	5	0	0	73	682	0	6	0	0	9	25	30	88	0	29	3	12	0	0	81	3	9	15	0	0	0	2	0	0	1	32	0	0	198	1	0	2	18	0	0	0	0	0	0	0	0	0	0	1	0	0	14	17	4	6	0	67	14	55	0	16	99	0	326	0	0	0	129	0	49	566	0	0	0	3	0	7	84	179	0	2	0	31	0	0	2	0	25	0	0	0	279	38	153	7	3	56	0	13	0	96	0	0	661	0	0	471	238	286	0	0	283	16	0	1	6	6	64	127	0	0	10	54	15	5	3	2	270	0	41	16	6	15	9	5	312	0	0	108	229	21	9	51	142	4	58	30	0	18	5	0	0	20	12	61	0	0	0	0	0	0	0	0	0	0	0	0	0	0	4	0	0	0	0	0	0	0	0	0	0	0	3	0	4	15	21	42	2	0	0	0	12	0	0	0	0	150	7	0	816	0	0	0	0	10	8	46	1	0	0	0	0	0	0	0	0	0	0	0	0	0	0	14	5	0	0	0	0	109	0	4	619	0	854	0	0	12	0	0	530	56556	1	0	53	0	1	13	446	0	5	0	998	0	0	0	0	0	0	0	0	0	4	2850	0	1	0	0	0	0	27	233	52	38	27	0	0	25	0	0	0	0	128	424	45	12	40	39	33	192	0	159	0	32	22	3	0	0	19	160	19	0	0	0	0	0	0	0	0	6	0	0	15	0	6	0	88	0	7	3	0	26	15	0	8	0	10	6	22	4	0	26	16	6	9	5	0	22	0	2	27	0	0	69	0	0	0	188	52	19	0	8	9	0	0	6	0	0	6	0	36	9	92	0	0	0	0	0	0	0	0	0	0	11	5	0	2	0	0	0	4	20	0	0	0	0	0	0	0	0	0	49	222	26	0	523	0	37	654	0	0	19	50	8	0	8	0	3	24	1	105	0	8	0	30	2	0	4	0	5	81	0	0	81	38	17	0	1	19	2	0	9	0	0	0	0	26	0	11	0	10	14	35	0	2	10	3	5	1	6	0	0	0	63	3	10	17	0	23546	0	15	0	76	0	158	6	0	40	0	0	5	0	3	0	0	2	0	0
np0847	0	0	47	0	4	5	107	15	0	0	106	80	0	0	556	0	0	0	27	32	12	5	0	3	0	0	22	2	0	0	6	8	0	10	0	0	307	0	27	0	4	330	437	60	21	527	0	8	136	22	51	6	30	0	0	201	584	0	1	0	0	0	0	0	0	0	0	168	0	0	0	183	45	0	0	0	0	0	0	0	0	0	0	0	0	0	0	3	0	0	0	20	192	26	0	50	0	0	0	0	0	0	120	0	231	31	23	5	0	3	43	0	4	0	0	0	0	337	56	0	0	0	0	52	0	9	12	39	136	0	2	2	0	0	0	0	15	0	51	0	0	4	9	0	0	0	0	0	0	7	1	0	6	0	8	0	10	12	29	2	0	0	0	0	7	8	0	0	0	0	0	0	24	0	10	0	0	100	0	0	0	0	9	14	76	0	0	63	0	0	0	5	1	0	0	0	0	0	0	0	0	59	7	0	0	12	2	41	0	2	4	14	0	0	28	0	0	109	0	0	35	4	0	0	0	53	0	0	8	0	34	0	7	6	8	4	0	0	0	0	0	72	11	3	2	0	0	2	1	87	0	0	46	0	0	0	0	127	0	22	29	0	0	0	0	0	0	0	0	0	0	0	0	0	0	0	0	0	0	0	0	0	0	0	0	22	8	0	35	24	0	0	0	5	0	75	17	0	0	32	0	11	0	2	0	7	22	0	0	0	0	0	0	0	0	0	0	17	0	0	0	0	31	0	0	24	41	0	123	0	0	0	0	0	0	39	0	136	0	0	0	0	0	0	0	2	0	0	0	0	0	0	0	0	0	1	0	0	0	0	1	0	0	0	0	0	0	0	0	0	0	0	0	0	0	0	0	0	230	0	0	0	0	17	43	5	1	13	0	0	114	0	0	0	0	0	0	14	0	4	0	0	656	107	42	0	4	0	0	0	0	52	108	8	0	0	0	0	0	2	15	0	0	5	0	0	0	2	0	0	3	22	16	2	2	0	0	0	0	12	0	25	0	70	16	8	5	8	15	0	34	0	0	252	8	0	0	2	0	291	77	1115	0	0	0	0	0	11	57	0	0	0	0	0	0	0	0	0	22	0	0	6	6	0	0	7	1	25	0	0	0	0	0	0	0	0	0	6	9	0	0	0	0	0	1313	0	323	32	728	50	0	2009	162	320	36	341	552	0	0	0	505	44	13	73	2	0	0	0	14	0	0	0	0	18	0	0	6	4	15	19	0	0	0	0	0	0	168	0	0	6	372	47	0	11	4	0	12	37	0	3	0	0	5	6	26	0	41	0	0	0	0	0	0	0	0	0	0	0	0	0	0	0	0	5	0	0	0	0	3	0	0
np0848	8	0	7	6	12	0	0	3	0	1	5	0	0	0	65	0	0	0	3	1	0	0	1	0	0	0	5	0	0	17	0	7	3	0	0	0	45	74	0	0	0	25	40	39	0	14	0	0	13	0	34	2	29	0	0	0	241	0	0	0	0	0	0	0	0	0	0	61	0	0	0	88	9	0	0	0	2	0	0	2	0	0	4	0	153	3	0	1	0	0	0	14	8	0	0	5	0	0	0	0	0	0	33	14	44	57	22	6	0	5	39	0	1	0	0	0	0	66	4	0	0	0	11	4	0	7	12	13	20	0	0	2	0	0	0	22	18	4	0	0	0	2	3	0	205	0	0	0	0	3	40	49	0	0	0	0	0	2	0	0	0	0	0	0	3	0	0	0	20	0	82	0	11	7	3	0	4	232	2	0	0	0	6	29	101	0	0	0	1	0	0	0	0	0	0	0	0	0	0	0	0	116	4	22	0	6	0	5	0	0	0	23	37	0	14	31	0	91	0	0	224	108	0	0	0	7	3	0	0	0	0	0	46	0	12	0	0	0	0	0	0	29	5	5	0	0	10	2	0	143	0	39	41	5	0	0	8	14	0	7	8	0	7	4	0	0	5	0	0	0	0	0	0	0	0	0	0	0	29	0	0	0	0	0	0	8	7	0	2	7	24	0	0	11	0	0	5	0	0	8	2	5	0	4	0	0	0	0	0	0	0	0	0	0	0	0	316	4	0	0	0	0	20	0	0	14	0	0	25	0	0	0	0	0	0	0	0	19	0	0	0	0	0	0	0	13	0	10	0	0	9	0	0	0	0	3	0	6	0	0	9	0	0	0	0	0	0	0	0	0	0	0	0	0	0	0	0	0	377	0	0	0	0	27	16	0	3	0	0	0	6	0	0	0	0	0	171	4	3	0	0	0	80	7	82	5	11	2	0	0	0	3	11	3	0	0	0	0	0	0	1	0	0	10	0	0	0	11	0	6	0	0	211	3	14	5	30	1	0	2	0	0	0	13	9	0	32	0	0	2	2	0	0	2	3	0	0	11	0	36	14	264	0	0	0	13	0	0	0	0	0	7	0	20	0	8	0	0	0	0	3	0	4	0	0	4	5	4	0	5	0	0	0	0	13	0	0	114	0	0	5	4	0	0	4	0	19	0	25	37	0	174	2	44	10	30	11	0	0	0	26	12	0	104	2	0	1	15	0	0	0	0	0	28	0	0	19	1	0	73	0	0	0	0	5	0	0	2	0	13	675	115	0	0	0	0	0	4	0	1	0	0	5	0	0	0	2	0	0	0	0	0	0	0	0	18	0	0	0	0	0	0	0	0	0	3	0	0	1	0	0
np0849	0	0	0	0	2	1	0	0	0	3	27	0	0	0	10	0	14	0	0	1	71	13	0	6	0	2	2	0	0	0	0	0	0	0	0	0	11	0	0	0	0	1	18	7	0	0	0	1	5	0	0	0	2	0	0	0	0	0	3	0	245	0	0	0	0	0	0	40	0	0	0	2	15	0	0	102	0	0	0	220	1281	7898	1583	0	0	5	0	0	5	1	0	0	10	0	0	0	11	0	0	0	0	8	964	0	13	723	670	891	0	0	181	5	0	138	8	0	0	18	1301	0	7	0	4	1	0	15	31	0	2	50	10	13	0	0	0	0	0	0	0	0	0	0	1	0	0	0	0	3	2	0	0	5	0	0	0	0	0	0	0	0	0	0	0	0	5	39	0	0	0	0	3748	2	38	0	2	2	0	3164	0	0	0	5288	0	2	97	0	0	0	54	18	0	0	51	0	0	0	6	0	0	0	0	36	11	0	0	4	2	0	0	0	1	3	0	0	11	0	0	165	0	0	47	176	32	0	0	140	0	0	5	0	0	0	17	0	0	69	5	0	2	2	0	653	0	13	11	0	5	2	2	11	0	0	0	5	1	0	0	2	0	9	0	45	2	2	0	0	167	123	0	0	0	0	0	0	0	0	0	0	0	0	0	0	0	0	0	0	0	0	0	0	0	0	0	0	0	0	0	0	0	4	10	0	0	0	0	8	0	0	0	0	31	0	0	142	0	0	0	0	4	0	9	0	0	0	0	0	0	0	0	0	0	0	0	0	0	0	0	0	0	0	0	0	117	0	2	6793	0	6773	0	0	58	0	0	5970	912	0	0	56	0	3	6	112	0	9	0	8343	0	0	0	0	0	0	0	0	0	0	3	0	0	0	0	0	0	37	4	31	0	9	0	0	0	0	0	0	0	3	4	8	18	4	6	0	10	0	28	3	13	0	0	0	0	0	11	1	0	2	0	0	0	0	8	538	445	0	0	62	0	0	0	2	0	0	0	0	7	0	0	0	0	0	2	0	3	0	18	1	0	0	0	0	0	0	0	131	0	0	42	0	0	8	48	258	91	1	0	57	0	0	1	0	2	0	0	0	1	6	0	0	0	0	0	0	0	0	0	3	2	2	0	0	0	0	0	0	96	0	0	2	0	0	0	0	0	0	3	4	40	0	149	1	0	211	5	0	0	42	0	5	0	0	0	10	0	15217	0	0	347	4620	2	0	0	2	0	2	0	0	159	0	0	3	0	2052	137	0	0	1086	19	0	0	0	0	57	0	0	0	0	0	0	5	0	3	0	0	0	0	0	6	0	9	39	1	342	0	0	1	1	0	2	0	0	0	0	35	1	0	0	0	0	0	0	0
np0851	4	0	0	2	10	0	0	0	0	0	67	0	0	19	1387	0	8	0	12	0	0	9	0	5	0	3	8	0	38	41	0	12	6	18	0	0	2341	43	11	0	0	546	486	51	44	996	0	27	39	63	17	4	61	47	0	0	1205	0	6	2	82	0	0	0	0	0	0	142	0	0	0	157	49	0	6	0	13	11	54	21	0	2	33	0	27	14	0	0	0	0	19	6	22	0	0	19	0	7	0	0	0	5	151	22	347	108	145	40	0	24	280	0	17	5	4	0	0	385	0	0	0	10	14	23	11	30	54	35	237	0	0	0	0	0	287	6	0	0	35	0	279	0	15	0	0	0	0	0	50	368	0	54	271	0	0	0	1	4	26	15	0	0	24	1	4	0	25	1	0	0	209	0	60	0	7	1	0	734	20	7	0	0	10	30	393	0	0	3	3	0	0	9	24	0	1	2	0	0	0	0	0	262	5	20	0	31	0	239	0	0	0	725	14	5	97	0	13	470	0	0	805	283	0	0	0	59	0	0	12	2	0	0	158	0	4	2	35	0	3	4	0	187	0	19	7	0	4	39	9	158	0	0	156	298	5	30	322	588	0	67	4	0	11	16	0	0	44	21	0	0	0	0	0	0	0	0	0	0	0	0	0	0	0	0	0	2	0	0	0	0	40	0	0	26	9	0	17	28	24	26	30	16	0	2	0	7	13	0	0	21	32	0	0	47	0	0	409	16	0	1	18	0	38	0	0	85	73	0	77	0	95	0	0	0	0	0	0	88	0	0	0	0	4	0	3	79	0	0	0	0	2	0	9	2	1	5	0	14	0	0	21	0	0	0	0	0	0	0	0	0	0	0	0	0	64	141	666	0	1257	0	0	0	0	12	0	45	0	0	26	0	0	0	0	0	0	1577	1906	26	6	10	0	0	148	0	347	29	126	18	0	0	0	14	250	168	0	0	0	0	6	2	6	0	0	0	0	0	0	1	0	78	0	6	6	9	1	26	0	0	0	8	0	28	0	87	39	28	13	0	0	0	51	25	0	10	3	0	0	165	0	2356	862	962	0	5	0	0	0	11	19	0	0	6	4	158	0	12	108	0	5	0	3	3	3	0	0	40	66	0	0	0	0	0	0	0	0	0	0	254	0	0	0	0	0	0	900	568	50	0	1579	73	0	7229	70	3711	41	414	488	391	0	0	563	586	4	250	2	0	0	15	22	7	4	0	0	67	0	0	144	26	16	4	0	0	0	0	0	0	0	0	0	0	616	0	0	11	6	35	2	0	0	0	0	0	55	18	4	0	41	0	11	9	6	0	0	1671	3422	15	0	0	3	0	1	0	0	237	0	74	0	0	0	185	67
np0856	26	0	25	124	13	19	0	11	0	8	26	5	0	7	645	1	2	0	4	6	0	2	0	3	0	0	36	0	0	82	7	5	5	0	0	0	153	79	0	0	0	164	244	95	0	55	0	0	30	12	265	13	124	0	80	0	1009	0	10	0	0	0	0	0	0	0	0	301	0	0	0	159	26	0	1	0	1	2	0	3	1	2	10	0	142	14	0	4	0	0	0	24	19	0	0	15	0	0	0	0	0	9	118	48	109	133	78	16	0	24	103	0	8	0	3	0	0	124	2	0	2	6	29	4	4	37	52	13	97	4	17	16	0	0	0	21	14	3	32	0	0	0	10	0	643	0	0	1	0	12	100	380	3	0	0	0	0	0	6	23	0	0	0	0	5	3	6	0	60	0	294	6	45	0	7	0	5	516	16	0	0	0	26	88	258	0	0	4	10	0	3	0	14	0	0	0	1	0	0	0	0	535	0	113	0	9	0	27	0	0	0	81	84	0	5	57	0	413	0	0	343	801	0	0	0	27	0	0	0	0	0	0	196	0	13	0	11	12	0	48	0	81	8	3	0	0	13	4	0	468	0	123	152	5	1	0	12	50	0	6	29	0	17	10	0	0	11	0	0	0	0	0	0	0	0	0	0	0	39	0	0	0	0	0	0	30	37	0	37	29	73	0	0	36	0	0	11	0	0	11	10	41	1	6	2	2	2	2	5	4	1	0	0	1	0	0	834	32	0	0	0	0	88	2	0	26	0	0	70	0	0	0	0	0	0	0	0	76	0	0	0	0	0	0	13	77	0	58	0	0	6	3	0	0	0	7	0	35	0	4	34	0	0	6	9	0	0	0	0	0	0	0	0	0	0	0	0	0	1202	0	0	0	0	23	99	0	0	38	0	0	0	0	0	0	0	0	614	10	11	5	0	0	276	18	232	25	26	16	0	0	0	7	31	2	0	0	0	0	0	0	9	0	0	27	0	0	0	16	0	7	0	2	576	9	111	15	45	0	0	0	4	6	0	49	42	0	68	0	1	10	4	2	0	12	5	0	0	37	0	177	29	1324	0	0	5	21	0	3	8	2	0	9	0	23	10	24	0	0	0	0	4	6	3	0	0	17	16	27	0	8	0	0	0	0	88	0	0	490	5	0	16	22	0	0	41	10	120	0	110	150	0	552	7	168	87	239	24	21	0	0	78	93	4	376	2	2	3	35	0	0	0	0	0	85	0	3	52	9	3	520	0	4	0	0	56	0	0	6	0	34	2117	222	0	6	5	0	3	10	1	2	6	0	14	1	2	0	14	11	20	6	2	2	0	0	0	4	0	0	0	0	0	0	0	9	0	4	0	0	3	0	0
np0858	9	1	18	59	15	1	0	9	0	8	25	7	0	2	467	0	5	0	0	0	0	1	4	0	0	0	13	0	0	19	3	7	4	0	0	0	227	259	0	0	0	141	121	34	0	178	0	4	131	17	37	29	124	0	2	0	525	0	5	1	0	0	0	0	0	0	0	167	0	0	0	708	68	0	9	0	0	0	0	5	0	4	13	0	157	2	0	7	0	0	0	42	32	0	0	14	0	0	0	0	0	6	81	28	85	120	57	17	0	20	81	0	9	0	0	3	0	505	4	0	0	15	22	10	0	15	21	25	70	0	0	7	0	0	0	27	39	6	4	2	0	8	15	0	607	0	0	0	0	20	157	82	0	0	0	5	0	4	0	0	0	0	3	0	5	0	3	1	8	0	143	4	33	0	14	1	10	363	14	0	0	0	10	37	254	0	0	13	0	0	0	5	13	2	0	1	0	0	0	0	0	623	25	115	0	4	0	25	0	0	0	46	100	0	22	87	0	245	8	0	539	355	0	0	0	24	3	0	0	0	0	0	38	0	9	0	38	15	0	117	0	51	9	0	2	0	36	8	0	167	0	47	246	13	0	5	3	44	0	5	20	0	13	10	0	0	16	0	0	0	0	0	0	0	0	0	0	0	182	0	0	0	0	0	0	24	31	0	21	24	133	0	0	47	0	0	49	0	0	25	14	13	1	6	2	0	14	1	2	0	0	0	0	0	0	0	631	89	0	0	0	0	206	0	0	33	0	0	74	0	0	0	0	0	0	0	0	86	0	0	0	0	0	0	6	128	0	62	0	0	10	2	7	0	0	8	0	29	0	0	48	0	0	0	0	0	0	0	0	0	0	0	0	0	0	0	0	0	3374	0	0	0	0	26	159	6	6	26	0	0	14	0	0	0	0	0	992	8	0	7	0	0	144	18	104	4	12	0	0	0	0	18	50	11	0	0	0	0	3	1	0	1	0	18	0	0	2	14	0	2	0	2	190	16	27	26	75	0	0	4	0	10	0	49	50	0	131	4	2	1	13	8	0	25	25	0	0	63	0	97	130	607	0	0	0	20	0	2	3	3	0	19	0	67	19	64	0	0	0	5	0	7	9	0	0	34	20	18	0	26	0	0	0	0	174	0	0	213	0	0	68	37	0	0	16	23	128	3	167	200	0	1052	25	315	46	126	102	58	0	0	86	115	9	141	4	1	1	16	0	0	0	0	0	216	0	12	49	8	2	286	0	0	0	0	30	0	0	7	0	25	1601	116	0	6	8	4	9	10	7	1	14	0	38	14	0	0	35	0	0	0	0	0	0	0	0	63	0	0	1	0	0	0	0	17	0	24	0	0	1	0	0
np0860	0	0	0	41	31	18	2	0	249	407	245	19	9	8	696	1	0	0	60	214	19	1	11	6	77	31	20	245	73	77	0	300	0	13	4	8	867	97	0	0	0	2062	1879	32	0	3387	11	15	393	21	15	33	40	0	0	0	647	0	66	6	80	0	0	0	0	0	1	1868	0	0	0	4301	740	38	0	0	1	9	0	6	3	0	32	0	1	0	0	788	76	2	0	0	628	280	19	280	0	646	0	0	0	27	192	1	247	82	145	39	0	2	517	0	38	0	20	9	0	581	0	0	0	4	0	35	4	32	48	113	46	78	40	17	0	0	0	4	0	1	0	0	0	0	7	0	0	0	63	184	71	67	0	15	0	0	0	0	3	0	52	12	0	0	0	0	32	69	40	4	4	0	387	63	55	0	104	96	0	506	0	0	0	0	0	84	944	0	0	0	0	3	1	0	92	0	48	5	4	8	0	0	0	39	29	0	0	77	12	37	12	0	0	1490	1170	0	131	0	0	669	0	0	2387	326	0	0	0	61	22	64	92	2	0	0	41	0	2	21	1690	647	367	0	14	451	0	20	2	0	5	106	13	51	0	0	98	124	0	46	71	331	36	54	77	0	7	0	0	0	6	0	0	0	0	0	0	0	0	0	0	0	0	0	0	0	0	0	0	0	0	0	0	0	0	0	0	0	0	0	0	0	0	7	236	8	2	4	99	43	36	7	0	0	137	516	0	0	0	244	0	0	0	0	17	0	5	43	0	0	0	0	0	0	0	0	0	0	0	382	166	0	168	0	0	0	2	0	0	20	0	0	0	0	0	10	0	0	1	0	0	1122	0	0	122	17	0	425	10	350	0	0	0	0	0	0	0	0	0	0	487	0	0	0	0	0	0	54	0	783	4	16	0	0	107	0	0	0	0	2773	2098	82	0	22	0	0	204	0	227	63	8	121	1	18	105	78	2512	257	0	60	0	34	0	3	0	0	8	0	0	0	0	0	0	17	0	23	0	0	0	0	24	9	0	48	52	187	207	0	1216	202	564	44	146	8	67	81	61	258	4	0	457	0	0	0	2563	668	412	77	0	4	0	0	7	0	0	0	0	1035	930	1316	0	876	16	55	0	21	368	0	0	767	469	334	0	0	0	10	3	0	0	0	77	0	255	0	0	361	0	0	0	352	596	0	6852	9	0	7460	72	0	1023	2054	127	0	102	3	276	975	124	105	0	0	0	24	0	0	0	49	34	215	0	31	241	59	42	0	2	0	0	0	0	0	0	4	0	84	5993	24	0	31	39	629	1	0	0	1	29	42	160	48	0	40	310	0	18	373	600	13	5	0	0	148	31	49	0	0	0	0	13	171	0	60	0	0	16	0	0
np0862	0	0	0	4	9	0	0	0	1050	0	215	38	0	5	452	0	6	43	7	25	12	0	4	0	6	2	1	0	0	0	0	80	5	0	0	0	112	30	0	0	0	11	75	31	0	231	0	9	17	53	1	4	46	0	0	0	395	0	0	0	131	0	0	0	0	0	0	671	0	0	0	0	57	0	2	11	0	9	0	27	4	0	108	0	4	0	0	2	72	2	0	0	358	0	4	11	1	15	0	9	20	4	245	15	65	24	54	80	0	30	174	0	0	0	32	0	0	8	5	0	16	10	0	0	3	0	10	5	1	0	0	0	0	0	48	0	0	9	0	74	0	0	5	5	210	0	0	28	55	58	0	6	11	0	10	10	0	0	0	9	0	0	0	0	7	11	31	0	0	0	90	0	56	6	15	6	2	405	0	132	0	0	0	49	249	0	0	0	117	75	0	6	6	0	0	3	1	0	0	0	0	32	10	0	0	49	10	78	20	7	0	0	175	0	56	0	0	649	0	0	981	403	0	0	0	310	18	0	5	6	14	18	54	0	20	7	4	0	0	0	51	290	0	7	4	44	4	0	0	179	6	0	18	32	0	6	15	88	12	330	0	0	3	48	0	0	9	605	0	0	0	0	0	0	0	140	0	0	0	0	0	0	0	0	0	0	0	387	0	0	0	0	0	0	0	0	0	0	126	21	95	0	0	0	2	23	4	7	0	2	267	244	0	545	0	0	0	0	0	15	94	9	47	14	0	0	0	0	0	0	0	107	0	16	0	69	2	0	0	0	0	14581	15	0	97	151	0	0	0	0	0	0	0	0	94	0	0	1	0	0	146	311	0	76	0	9	0	0	0	0	0	0	0	0	0	0	0	0	0	0	0	0	0	14	7	34	0	116	0	0	13	0	0	26	0	113	42	68	0	0	4	4	62	0	42	0	0	0	0	10	1	60	481	0	0	5	78	0	0	3	0	0	10	0	0	0	0	0	0	0	0	2	0	0	2	0	8	16	0	19	2	148	11	0	308	36	183	16	0	0	19	6	5	208	0	185	52	0	74	0	297	168	6	11	7	12	0	25	260	0	0	0	42	123	0	127	8	37	2	0	0	41	56	0	0	43	13	15	0	0	0	0	0	0	0	2	8	0	28	0	0	61	0	0	398	793	311	0	1110	830	0	1801	28	0	81	1215	11	0	71	6	209	490	24	891	0	0	0	17	35	0	0	0	0	49	0	0	170	13	8	0	0	0	3	0	0	39	80	0	0	527	0	28	0	10	3	36	7	2	3	69	2	18	154	50	3	0	101	0	31	7	51	822	0	402	50	3	0	23	0	0	2	0	1	81	61	17	0	0	7	0	0
np0864	0	0	33	10	0	4	0	11	1	23	20	0	0	19	110	5	0	19	2	10	0	0	0	0	0	0	3	8	13	23	15	7	23	0	16	0	567	0	0	15	3	225	175	36	32	175	3	8	76	11	7	20	52	1	0	0	43	0	64	48	18	0	4	90	14	0	0	769	14	0	0	5	23	5	3	3	5	3	0	15	5	0	23	0	0	3	574	308	13	9	3	0	120	0	0	0	0	12	0	16	5	0	143	26	25	4	75	20	33	0	86	0	0	0	2	0	0	5	2	361	0	263	14	0	0	54	12	1	3	0	2	9	1	4	0	2	24	8	100	0	7	0	0	20	20	22	0	29	0	2	0	105	0	7	3	0	30	17	11	21	0	20	16	8	3	6	2	0	14	3	22	5	30	5	0	0	0	75	1	0	8	6	0	8	23	0	0	0	30	0	0	26	12	5	0	0	0	0	2	22	0	0	11	0	0	18	4	0	17	0	0	1	0	0	0	0	0	65	0	0	5	8	0	0	0	9	0	18	1	0	13	0	59	0	3	0	3	1	0	0	0	135	0	0	0	0	1	0	2	17	0	2	14	45	2	43	13	38	0	0	45	0	17	0	2	2	2	13	5	20	36	15	26	23	36	16	5	18	0	18	31	0	0	7	3	3	0	9	1	0	0	16	10	45	23	0	0	1049	0	2	6	4	9	4	27	10	12	14	2	0	0	2	0	8	0	0	4	0	0	11	7	0	6	0	62	0	3	29	163	14	0	16	48	0	11	162	66	15	63	7	124	207	9	0	11	7	321	0	1	0	0	0	0	0	0	19	0	8	8	32	83	38	10	4	0	11	19	3	10	76	27	12	7	0	0	1	0	35	265	6	27	45	10	6	0	9	0	3	0	0	0	0	0	0	0	6	45	26	0	1	0	0	16	0	14	0	2	0	11	3	1	6	60	16	0	0	5	0	4	0	2	0	0	0	195	14	27	0	28	8	4	9	19	35	86	0	1	6	0	15	0	16	0	10	235	9	6	8	4	222	5	0	8	319	10	164	346	49	0	29	96	251	238	53	0	0	102	7	2	1	7	38	271	27	11	33	0	0	18	20	0	2	17	54	50	109	56	41	69	0	0	21	0	31	0	8	0	0	60	17	5	121	14	17	92	82	121	0	1248	53	0	6186	65	144	12	150	0	0	0	0	12	387	64	48	0	0	0	5	1	0	80	7	11	47	0	7	33	0	0	20	4	0	0	0	9	2	0	6	75	111	130	21	3	3	3	94	2	22	50	41	40	37	346	84	18	14	933	4	12	0	5	4	1	0	0	1	0	1	0	0	0	2	0	10	0	6	5	3	2	0	1
np0867	0	0	0	13	0	0	0	0	4687	2	171	37	0	0	34	0	8	28	0	27	13	0	0	5	0	0	0	1	8	0	0	139	22	0	0	0	1043	116	0	0	0	8	164	74	24	601	0	19	21	194	2	5	71	0	0	0	346	0	0	0	142	0	0	0	0	0	0	525	0	0	2	0	21	0	4	9	0	3	0	21	3	0	49	0	0	0	0	1	32	1	0	0	146	0	9	3	1	7	0	4	57	7	393	23	59	13	65	138	0	15	126	0	0	15	31	0	0	7	8	0	56	15	0	0	5	8	9	0	1	0	0	0	0	0	25	1	0	0	0	19	0	0	3	33	87	0	0	59	2	3	0	8	0	0	3	1	0	0	0	9	0	0	0	0	5	9	55	0	0	0	214	0	53	5	19	0	4	338	0	533	0	0	0	119	258	0	0	0	167	128	1	3	23	0	1	7	0	0	0	0	2	20	0	0	0	98	17	130	0	2	0	0	98	0	61	0	0	806	0	0	848	352	0	0	0	1397	14	3	29	19	11	15	147	0	47	8	0	3	0	0	58	339	0	12	4	101	5	14	6	639	0	0	0	6	0	0	11	32	8	412	0	5	0	85	0	0	7	256	0	0	0	0	0	0	0	65	0	0	0	0	0	0	0	0	0	0	0	471	0	0	0	0	0	0	0	0	0	0	146	24	61	0	0	0	1	8	7	7	0	0	68	67	0	133	0	0	0	0	2	8	52	12	31	7	0	0	0	0	11	0	0	154	0	5	0	122	0	0	0	0	0	46717	9	0	43	94	0	0	0	0	0	0	0	0	86	0	0	3	0	0	34	165	0	44	0	1	0	0	0	0	0	0	0	0	0	0	0	0	0	0	0	0	0	22	0	2	1	0	0	0	11	0	0	20	0	79	24	84	5	0	3	0	86	0	24	0	9	0	0	0	0	51	307	0	0	2	158	1	0	0	0	0	19	0	0	0	0	0	0	3	0	4	1	0	0	4	6	5	0	17	1	92	9	0	229	38	131	10	0	0	6	2	7	54	0	65	26	0	42	4	185	57	3	11	3	0	0	7	625	0	0	0	7	63	1	78	8	21	0	0	0	11	21	0	0	24	7	5	0	0	0	0	0	0	0	2	5	0	19	0	0	24	0	0	232	353	133	0	747	412	0	1007	12	0	41	592	11	0	40	2	83	233	14	575	0	1	0	15	0	0	0	0	0	82	2	0	177	9	7	0	0	0	15	8	15	25	150	0	0	404	0	47	0	7	4	18	1	1	3	22	0	5	48	16	3	0	83	0	16	1	2	456	0	0	57	0	0	37	0	0	0	0	0	230	143	76	0	0	12	0	0
np0868	0	0	0	0	0	0	0	0	0	7	210	0	0	0	10	0	0	0	0	0	0	0	0	0	0	0	0	0	0	0	0	2	3	0	0	0	0	0	0	0	0	0	0	0	0	135	0	0	252	0	0	3	2	0	0	0	7845	0	0	1	0	0	0	0	0	0	0	21	0	0	0	0	5	0	87	0	0	0	0	224	0	0	1401	0	0	0	0	3	3	0	2237	0	95	0	6	0	50	0	35	0	11	4	5504	0	5304	0	0	0	0	0	0	0	0	0	0	11	0	0	0	0	0	0	0	0	1	0	0	0	0	0	0	2	0	0	0	0	0	0	0	0	0	0	0	0	0	0	0	0	0	0	0	0	0	0	0	2	0	0	0	0	0	0	0	0	0	0	0	0	0	0	26	18	0	0	57	0	0	3	0	0	0	0	0	0	2	0	0	0	2	0	0	47	13	4	0	4	0	0	0	0	0	2	0	0	0	174	0	195	0	0	0	0	0	0	5	0	0	5	0	0	4	2	0	0	0	0	9	0	0	103	0	0	27	0	0	0	4	1	0	0	50	686	0	0	197	595	4	4	0	0	0	0	2	0	0	0	0	0	0	0	0	0	0	0	0	0	215	0	0	0	0	0	0	0	0	0	0	0	0	0	0	0	0	0	0	0	0	0	0	0	0	0	0	0	0	0	0	0	0	0	17	0	0	0	0	194	3	0	0	0	0	0	0	0	0	0	0	0	0	1	1	0	0	0	0	0	0	0	0	0	0	0	0	0	0	0	0	0	0	0	0	0	0	0	0	0	16	0	0	0	0	0	0	0	0	0	0	0	0	0	0	0	0	0	0	2	0	0	0	0	0	0	0	0	0	0	0	0	0	0	0	0	0	27	0	0	2	983	0	0	845	0	0	0	0	0	0	0	0	0	0	0	14	0	4	0	0	0	0	0	0	0	0	0	0	0	0	0	0	0	2	0	0	0	0	0	0	0	0	0	0	0	0	1	0	46	0	0	0	61	29	0	60	0	601	0	3	7	0	0	0	0	2	718	0	0	0	0	0	0	5380	0	0	1241	0	0	0	132	193	0	0	0	0	0	0	15	0	0	0	0	0	2	0	0	0	0	13	3	0	0	0	0	0	0	0	0	0	0	0	0	0	0	0	0	13	0	8	0	36	0	0	3362	0	0	0	0	4	0	0	0	36	15	13	0	0	383	0	9	0	0	0	0	0	734	0	0	0	0	9	0	2	15	6139	0	0	0	0	0	0	0	0	0	0	9	5	0	0	0	0	0	0	0	99	0	0	0	143	0	0	1	0	0	0	0	0	4115	0	14	0	0	0	0	0	2	0	0	0	0	0	0	0
np0869	0	0	0	0	61	0	4	0	0	40	110	13	0	9	104	0	10	4	11	32	0	8	12	0	0	3	2	9	5	0	0	21	0	0	11	1	78	4	0	0	0	47	217	65	0	257	0	13	184	11	14	6	32	0	0	0	97	0	19	2	0	0	4	0	0	0	2	588	0	0	0	100	366	0	1	11	0	0	0	50	2	0	76	0	8	0	0	1	116	2	0	0	170	0	0	0	75	0	0	12	0	9	291	13	198	109	49	42	0	44	521	0	0	9	5	1	0	834	571	0	43	4	0	20	2	7	20	0	71	14	10	0	0	13	4	10	4	1	0	0	1	2	4	3	1	0	6	38	7	0	0	101	0	0	0	0	5	0	1	0	0	0	1	0	0	7	15	7	3	0	87	18	31	0	13	90	6	416	0	0	0	535	0	7	616	0	0	0	0	0	0	12	17	0	0	6	6	0	0	16	5	238	114	16	5	93	12	56	8	0	23	33	0	0	76	0	0	295	0	0	1031	160	22	0	0	77	7	0	0	3	0	27	207	0	0	17	0	4	0	9	0	147	0	8	5	3	32	24	9	382	0	0	61	178	8	3	86	112	5	62	8	0	9	0	0	0	12	59	0	0	0	0	0	0	0	0	0	0	0	0	0	0	0	59	0	0	0	0	0	0	0	0	0	0	0	0	0	0	0	61	138	0	0	6	2	3	11	0	112	0	448	0	0	1747	0	0	0	0	41	38	124	11	0	0	0	0	0	0	0	0	0	0	0	0	0	0	0	0	0	0	0	0	24	0	2	69	0	195	0	0	0	0	0	80	9874	0	0	10	0	0	0	75	0	3	0	149	0	0	0	0	0	0	0	0	0	0	95	0	0	0	0	0	0	12	7	69	49	76	0	0	54	4	0	0	0	234	3357	32	14	28	9	0	220	18	107	6	17	16	0	0	0	89	433	65	0	0	0	0	0	0	0	4	0	0	0	0	0	0	0	114	0	11	0	0	17	28	4	1	16	46	10	115	6	0	342	113	55	0	8	1	6	0	3	167	0	0	365	0	0	0	508	395	107	31	0	57	0	16	8	0	21	0	0	224	117	397	14	0	55	0	0	0	3	0	0	16	24	29	0	68	215	0	0	0	492	0	0	0	14	0	0	32	4	20	0	70	126	0	1268	8	168	3025	265	0	24	617	0	0	0	0	72	1022	7	27	0	8	0	23	130	2	0	3	0	50	0	0	102	7	95	184	1	0	0	0	0	20	16	0	0	0	0	0	0	48	7	18	24	21	310	60	75	177	183	60	0	0	93	43	182	9	1	3800	0	0	0	92	3	0	0	0	1	0	0	4	0	0	0	0	3	0	0
np0870	1	0	4	20	3	0	0	0	3	12	44	0	8	82	14	0	6	5	0	3	4	0	11	11	7	3	15	48	59	21	12	8	107	0	29	9	904	6	19	32	9	177	302	107	125	370	7	22	194	125	20	8	55	15	0	1	205	9	24	2	16	0	0	0	0	21	22	485	0	0	0	8	34	1	4	10	12	1	0	0	0	0	6	0	4	1	17	190	13	17	46	2	78	0	0	7	2	0	0	5	0	4	118	22	160	33	177	142	26	0	85	0	0	3	0	0	10	227	36	126	0	0	7	0	5	50	67	0	5	0	0	0	21	10	0	14	338	0	57	19	29	0	55	0	141	179	0	29	11	107	19	149	3	11	9	11	3	5	5	5	1	83	32	0	11	3	8	0	10	13	85	1	133	18	3	0	4	760	27	7	185	21	0	9	614	10	14	0	2	0	0	0	0	0	0	0	0	2	0	39	2	447	221	0	104	117	108	94	0	0	0	0	33	17	21	23	50	2725	115	43	1215	347	0	52	114	517	62	4	21	0	80	0	28	0	17	0	0	3	0	0	0	295	0	7	1	2	90	251	0	748	24	34	26	27	1	2	55	88	0	0	26	0	62	18	0	0	7	9	8	0	16	6	11	7	0	6	12	0	0	0	0	0	0	14	12	0	0	8	2	0	6	0	5	92	31	0	0	306	0	10	22	19	10	14	2	5	5	0	0	0	14	21	3	28	0	0	15	0	4	15	19	5	9	1	17	9	10	0	311	62	7	32	16	0	3	88	90	23	50	26	96	4065	303	0	1168	517	225	2	86	25	3	1	2	30	15	160	236	189	198	119	4054	1012	446	12	0	657	77	43	160	5645	678	38	28	29	12	39	0	46	286	8	101	67	93	19	0	7	0	6	0	0	0	0	0	14	19	51	171	156	56	8	0	0	91	0	537	18	46	21	137	92	29	0	141	28	18	4	15	8	0	0	0	7	0	0	317	8	11	10	12	48	8	13	2	0	0	0	0	3	0	4	2	6	0	6	70	10	6	0	3	55	10	0	16	33	0	39	49	4	0	44	566	128	76	76	0	12	20	0	4	0	7	14	17	77	36	92	8	0	2	0	0	0	10	0	0	18	39	13	0	127	1	41	44	58	1	2	0	0	0	793	0	32	25	12	104	88	135	0	424	38	0	1018	25	59	48	455	27	0	0	0	38	466	18	21	2	0	0	11	0	0	4	0	2	137	3	18	429	35	4	10	0	30	0	0	4	0	0	8	116	39	149	12	12	1	6	14	0	3	4	5	4	5	46	2	3	0	34	0	13	134	391	102	31	0	2	13	0	4	0	0	0	0	15	47	0	31	72	47	6	56	32
np0872	1	4	7	11	30	3	0	13	12	66	90	0	90	16	3060	1611	4	0	10	16	0	9	13	8	14	15	12	0	118	19	36	55	82	48	10	6	542	14	24	20	4	159	433	105	35	1108	12	30	102	86	29	20	78	17	0	3	1129	72	41	20	29	7	20	44	52	30	2	1525	66	0	8	27	323	20	98	8	9	1	466	19	5	5	61	23	25	2	6	454	39	57	100	2	468	4	2	19	22	17	11	34	10	12	221	39	193	107	56	60	0	100	472	13	8	7	37	12	94	797	249	230	1	60	14	20	8	80	101	109	208	0	8	4	44	53	95	118	50	3	42	8	127	12	34	7	52	41	19	20	6	42	0	303	380	70	76	29	2	13	16	34	22	5	57	27	32	19	21	6	6	8	240	34	56	20	47	60	16	717	21	13	187	70	0	41	798	0	16	3	0	0	0	20	15	0	46	11	18	14	21	20	16	146	283	0	0	161	30	34	46	8	31	210	49	14	159	0	9	608	19	10	785	285	14	9	7	62	45	6	4	5	160	17	95	7	29	15	18	5	9	0	2	130	11	10	0	5	25	71	10	194	6	14	566	272	38	14	142	190	19	29	99	0	16	2	6	0	31	62	84	51	104	69	188	108	257	111	18	20	3	162	126	28	100	37	38	0	0	57	0	0	85	73	65	1470	572	8	3	366	56	34	86	3	4	16	0	13	16	5	3	56	98	216	74	752	78	17	383	0	8	91	51	16	18	9	34	7	0	23	188	36	9	21	40	27	9	161	68	31	104	27	297	1585	295	143	83	206	756	3	126	35	14	0	0	3	5	96	1	31	39	224	428	186	170	2	4	182	113	49	269	1624	927	160	198	122	68	175	0	63	461	42	56	197	102	39	40	796	30	298	6	885	0	3	87	65	46	332	1592	78	23	59	15	0	310	0	452	20	21	8	6363	92	30	53	292	88	14	19	1	36	9	4	10	3	0	0	6	0	339	16	10	42	7	25	22	2	17	41	36	33	4	59	14	174	0	42	1079	179	139	20	27	22	58	30	113	399	10	304	408	53	103	188	1424	2319	1718	376	4	63	84	26	29	53	32	34	138	547	296	858	32	16	12	13	1	18	80	44	51	154	271	112	117	296	2	173	142	188	20	24	0	9	35	15	2	670	321	151	589	1205	703	0	3442	303	34	8157	123	225	245	1734	42	17	3	39	285	5867	178	157	0	12	0	35	48	20	27	4	23	119	0	84	54	26	40	110	3	0	0	0	0	0	0	16	260	607	556	32	13	40	27	90	2	44	85	47	45	63	609	58	33	0	187	25	74	38	307	75	119	15	1	319	17	17	0	14	4	5	4	114	7	83	165	88	8	242	84
np0873	0	0	0	0	0	6	50	0	3299	1	70	5	0	0	15	0	3	0	0	0	0	0	0	0	0	0	0	0	0	0	0	0	0	0	0	0	4	0	0	0	0	0	4	0	0	61	4	11	11	9	0	0	0	0	0	5	40	0	0	0	1168	370	0	0	0	0	0	52	0	0	0	0	5	0	0	7	26	6	0	44	5	0	684	0	0	3	0	0	0	0	0	0	0	0	0	0	0	0	0	0	3	0	1156	3	5	7	206	22	3	0	33	0	0	6	40	0	0	3	2	0	0	922	0	0	0	0	0	2	0	0	7	0	5	0	0	0	0	0	0	0	0	0	0	0	0	0	0	0	0	0	0	2	0	0	0	0	8	0	0	0	0	0	0	0	3	5	0	0	0	14	211	0	5	0	0	0	0	28	0	6	320	67	0	30	223	12	18	0	0	0	0	0	5	4	0	0	0	0	0	0	0	0	0	0	29	35	53	84	0	0	0	2	126	0	2	0	0	340	0	0	92	2413	0	0	18	119	7	0	5	0	1	0	15	0	26	3	209	91	46	0	0	34	0	15	1	0	0	0	10	0	0	0	0	0	0	0	0	0	0	19	0	0	4	0	433	229	0	0	1	1	0	0	0	0	0	0	0	0	0	0	0	0	0	0	0	0	0	1	0	0	0	0	0	0	0	0	0	22	0	8	39	0	0	0	0	0	0	0	0	0	0	0	0	0	0	0	0	4	0	12	6	2	18	0	0	5	0	0	15	0	2	5	1	0	0	7	8	0	14	5	86	358	219	0	380	3943	189	1796	246	8	28	10	0	2359	193	111	6	1498	203	205	2520	283	49	8	20	2376	145	2	15	392	105	0	0	7	24	59	0	0	0	0	0	0	0	20	0	0	0	0	0	0	0	0	0	9	0	18	42	246	211	0	0	0	46	0	195	0	16	0	14	0	6	1	0	0	0	0	159	2	0	1	0	0	6	0	352	0	0	0	0	0	0	0	0	0	0	3	0	0	1	0	0	0	0	0	3	0	0	0	0	0	0	0	2	1	0	0	0	0	0	0	0	3	1	0	0	0	0	2	0	0	0	0	0	0	0	5	0	0	0	0	0	0	0	0	0	0	0	0	0	0	0	0	0	0	0	0	0	0	0	0	0	0	0	0	8	0	0	0	0	0	0	13	2	0	0	1	0	0	0	0	0	0	0	517	0	0	4	0	0	0	0	0	0	46	0	31	174	15	0	0	0	0	4	5	38	0	0	0	59	96	73	17	0	0	0	0	0	0	0	0	0	0	0	0	0	0	0	0	3	149	9	256	17	0	3	0	0	0	0	0	0	0	6	9	0	7	11	3	0	68	30
np0875	0	0	4	0	38	0	0	0	0	2	14	0	0	0	346	0	3	0	3	6	0	0	0	4	0	0	5	0	0	12	0	4	8	7	0	0	18	50	0	0	0	18	78	41	0	27	0	3	10	0	31	4	28	0	51	0	344	0	5	3	0	0	0	0	0	0	0	62	0	0	0	559	24	0	1	0	0	0	0	6	3	0	13	0	56	1	0	4	0	0	0	24	16	0	0	21	0	0	0	0	0	6	50	8	48	27	18	5	0	20	74	0	15	0	2	5	0	138	26	0	0	0	15	22	2	9	30	17	84	0	1	0	0	0	0	31	14	6	0	0	0	2	11	0	18	0	0	1	0	6	258	13	0	0	0	3	0	2	0	0	2	0	0	0	2	1	1	0	10	0	157	4	15	0	17	0	0	269	5	0	0	0	20	9	242	0	0	0	0	0	0	6	16	0	0	2	2	0	0	0	0	54	15	22	0	37	3	56	0	0	0	21	35	0	57	39	0	73	0	0	265	118	0	0	0	9	3	0	0	0	1	0	53	0	45	0	0	0	0	0	0	11	3	3	0	0	15	26	6	102	5	18	40	5	0	0	7	31	0	11	2	0	7	4	0	0	6	0	0	0	0	0	0	0	0	0	0	0	32	0	0	0	0	0	0	4	3	1	4	4	44	0	0	13	0	0	15	0	0	20	17	7	0	4	0	1	0	2	1	0	0	17	0	5	0	0	90	18	0	0	1	0	38	6	0	8	0	0	23	0	0	0	0	0	0	0	0	30	0	0	0	0	0	0	16	225	0	17	0	0	54	5	36	0	0	53	0	81	0	1	90	1	0	5	2	1	0	0	0	0	0	0	0	0	0	0	0	0	311	1	0	0	0	40	45	12	21	0	0	0	156	0	0	0	0	0	639	6	5	7	0	3	105	7	80	3	10	0	0	0	0	0	14	2	0	0	0	0	0	3	8	3	0	14	0	0	4	10	0	1	0	5	84	15	6	29	70	4	0	1	3	10	3	24	23	0	76	0	0	0	8	6	0	15	13	0	0	13	1	42	66	162	0	0	0	21	0	2	3	6	0	6	0	12	9	18	0	0	0	2	0	3	0	0	0	9	13	8	0	45	0	0	0	0	45	0	0	41	0	0	28	5	0	0	7	1	48	0	42	30	0	233	3	38	74	224	74	14	0	0	96	60	4	139	5	0	3	25	5	0	0	0	0	50	0	11	30	2	1	44	0	0	0	0	0	0	0	2	0	9	511	88	0	13	13	4	9	9	3	3	9	1	12	3	2	0	19	3	6	4	0	0	1	0	0	67	0	0	0	0	0	0	1	9	0	8	0	0	0	0	0
np0879	24	2	0	12	24	0	0	2	0	0	277	26	24	90	4818	0	7	0	10	6	19	29	16	13	0	22	15	0	98	90	0	39	0	69	0	0	4415	194	31	0	0	1203	893	106	60	2777	0	67	108	199	32	13	237	42	0	0	4839	0	20	0	541	0	3	0	0	0	9	938	0	0	0	376	165	0	27	3	27	81	159	52	0	0	68	0	31	26	0	0	12	0	33	10	81	7	0	46	0	34	0	5	0	16	574	121	1111	710	797	256	0	144	1283	54	117	23	30	1	0	384	0	0	0	15	43	53	21	85	140	80	388	0	0	0	0	0	537	5	0	0	161	0	568	0	49	0	0	0	1	0	182	1171	0	77	465	0	0	0	5	3	27	34	0	0	82	8	20	3	59	0	0	0	623	0	209	0	58	0	0	1835	31	23	0	0	45	116	723	0	0	0	31	0	2	25	366	0	0	4	3	0	0	0	3	590	13	60	0	105	14	764	0	0	0	2383	52	60	427	0	38	1474	0	0	5231	1166	0	0	0	197	0	0	49	0	0	0	580	0	14	6	95	32	20	0	0	538	0	69	13	4	41	227	57	543	15	0	588	1187	13	53	460	794	14	491	5	0	43	52	0	0	104	32	0	0	0	0	0	0	0	0	0	0	0	0	0	0	0	0	0	2	3	0	3	0	196	0	0	92	0	0	70	75	39	168	109	22	7	5	0	19	27	0	0	90	52	0	0	164	0	0	615	23	0	8	78	0	95	0	0	265	265	0	302	0	349	0	0	0	0	0	0	308	0	0	0	0	342	0	51	1163	0	83	3	0	76	1	120	10	0	53	0	125	0	0	123	0	0	0	0	0	0	0	0	0	0	0	0	0	345	817	569	0	2616	0	0	0	0	19	0	86	0	0	411	0	0	0	0	0	0	5822	6121	91	33	51	11	0	805	25	1257	105	435	31	0	0	0	64	914	693	0	0	0	2	0	5	5	0	0	3	0	0	0	4	2	187	0	33	15	20	0	48	21	2	0	10	0	71	4	223	81	71	56	14	0	0	171	108	16	57	6	0	0	352	0	6261	3141	1570	0	20	0	3	0	24	75	2	0	23	19	355	0	39	191	0	18	0	10	5	14	0	0	133	174	11	0	0	0	0	0	0	0	0	0	1094	21	0	0	13	0	0	2473	1467	171	5	3987	213	0	14466	308	7864	123	1350	1474	1298	0	0	1439	1824	6	894	0	0	0	37	106	8	6	6	0	199	0	0	354	82	45	16	6	2	0	0	0	6	0	0	0	6	1517	10	0	27	19	78	6	8	0	2	0	0	135	40	7	0	157	0	54	215	359	4	1	3637	7720	45	0	0	5	0	0	0	2	754	0	244	0	0	14	1277	410
np0881	0	0	0	0	0	0	0	2	0	0	0	0	0	0	785	0	13	0	0	0	0	22	0	0	0	0	0	0	0	0	0	0	0	0	0	0	0	154	0	0	0	0	0	0	0	0	100	465	0	0	1	0	0	0	0	0	0	0	0	0	0	0	0	0	0	0	384	25	0	0	2	0	16	0	0	0	5	7	0	32	68	0	45	0	0	0	0	0	0	0	0	0	0	0	5	0	0	0	0	0	0	2	590	13	292	22	870	0	662	0	3044	0	17	0	7	0	0	0	0	0	0	0	0	0	0	0	0	0	0	0	0	0	0	0	0	0	0	0	0	0	0	0	0	0	0	0	0	0	0	0	0	0	0	0	0	0	0	0	0	0	0	0	0	0	0	0	0	0	0	0	110	0	95	0	9	0	0	72	0	0	0	0	0	0	519	0	0	0	0	0	0	0	0	0	0	4	0	0	0	0	0	14	0	0	14	60	14	10	1	0	58	0	0	0	33	0	0	2294	0	0	374	134	0	0	0	130	5	0	0	0	0	0	1001	0	0	0	1	0	0	0	0	1	0	8	5	3	1	7	2	60	8	0	37	327	0	0	78	70	0	349	0	0	3	3	0	0	96	0	0	0	0	0	0	0	0	0	0	0	0	0	0	0	0	0	0	0	0	0	0	0	0	0	0	0	0	0	0	0	0	0	6	0	0	0	0	20	3	0	0	0	0	0	0	0	0	0	0	0	0	0	14	0	2	0	0	0	0	0	0	0	0	0	0	0	0	0	0	0	0	0	0	0	0	0	0	0	0	0	0	0	0	0	0	0	0	0	0	0	0	0	0	0	0	0	0	0	0	0	0	0	0	0	0	0	0	0	0	0	0	0	0	0	0	0	0	12	0	0	0	0	0	0	0	0	0	0	2844	82	0	20	98	2	99	0	19	0	68	0	0	0	0	0	380	67	0	0	0	0	0	0	0	0	11	0	0	0	0	0	0	0	0	0	0	0	0	0	0	0	0	4	0	0	0	0	440	0	2	8	0	0	0	0	2	286	0	0	0	0	0	0	2229	0	0	180	0	0	0	0	0	0	0	0	0	12	0	0	0	0	0	0	643	0	0	0	0	266	159	1	0	0	0	0	0	0	0	0	0	0	0	0	0	0	0	0	0	0	1	0	35	0	0	5038	0	0	0	9338	0	0	0	0	0	7851	0	0	0	0	0	53	0	0	0	0	0	5	0	0	0	2062	16	0	0	0	0	0	0	0	0	0	0	0	0	0	0	0	16	46	0	0	114	61	0	1	1	0	0	0	0	0	100	0	0	0	0	0	0	20	0	15	0	0	0	0	0	3	0	0	0	0	0	0	0
np0882	26	0	103	64	116	0	0	53	0	40	45	8	0	17	792	6	1	0	15	22	15	5	4	12	0	1	90	0	0	87	10	14	27	8	0	0	206	216	0	0	0	169	594	190	0	116	0	8	53	12	317	54	186	0	189	0	1354	0	36	9	0	0	1	0	0	0	0	353	0	1	0	1100	147	5	19	0	3	10	0	11	4	3	46	0	531	33	0	20	0	0	0	88	135	0	0	77	0	0	0	0	0	18	269	34	317	121	166	28	0	76	400	8	27	0	16	15	0	1085	53	0	10	20	57	25	1	77	102	89	219	4	6	0	0	0	0	191	90	5	16	0	0	17	42	0	1147	0	0	9	4	32	548	423	5	0	3	18	0	6	25	15	2	0	2	0	19	0	18	0	82	0	604	7	51	10	44	0	32	1263	38	0	0	0	93	76	940	0	0	1	6	0	0	24	22	0	0	0	3	0	0	0	0	413	47	88	0	32	6	99	0	0	4	278	333	0	132	256	0	531	6	0	1506	848	0	0	0	81	20	0	3	0	0	0	309	0	101	0	9	7	0	24	0	302	33	15	1	2	56	11	14	722	15	165	199	27	8	5	30	101	5	28	46	0	41	20	0	0	26	0	0	0	0	0	0	0	0	0	0	0	285	0	0	0	0	0	0	80	95	4	71	82	412	0	0	147	0	0	36	1	0	88	17	60	0	21	6	4	13	13	8	4	0	7	0	8	0	0	2090	86	0	0	2	0	215	6	0	57	0	0	141	0	7	0	0	0	0	0	0	143	0	0	0	0	4	0	34	118	0	73	0	0	15	0	6	0	2	16	0	32	0	3	53	0	0	12	18	0	0	0	0	0	0	0	0	0	0	0	0	0	2116	0	0	0	0	105	166	24	27	67	0	0	50	0	0	0	0	0	1157	29	32	23	0	0	545	46	570	23	41	10	0	0	0	32	109	22	0	0	0	0	9	0	12	3	0	110	0	0	1	46	0	25	4	3	1458	30	127	60	283	2	0	10	5	30	0	177	197	0	331	9	4	9	21	22	4	39	28	0	0	301	0	772	137	2940	0	0	31	121	0	12	25	4	0	37	0	82	22	75	0	0	3	23	12	23	22	0	0	136	217	80	0	68	1	1	0	0	292	0	0	693	9	0	37	43	0	0	66	22	440	16	271	298	0	1459	20	423	193	624	195	25	0	0	257	214	31	719	11	9	4	91	12	0	0	0	0	367	0	6	75	5	8	580	0	4	0	0	32	0	0	9	0	52	3489	473	0	25	25	17	14	39	7	1	19	2	51	8	6	0	49	22	24	16	0	3	0	0	0	146	0	0	4	0	0	0	0	29	0	27	0	0	5	0	0
np0885	8	0	0	31	11	151	24	11	17	56	85	0	10	6	2136	171	7	9	4	5	6	3	5	8	9	5	38	16	66	17	19	56	91	0	30	18	1939	16	75	66	13	96	670	96	45	1207	14	51	185	141	95	48	179	41	0	1	698	66	35	137	30	8	11	88	123	17	3	1539	160	1	8	15	160	12	20	23	20	6	5	48	25	16	135	20	98	36	7	278	11	31	37	1	191	0	4	9	9	23	6	14	8	19	798	18	410	131	129	161	0	70	477	12	10	0	14	0	36	381	85	477	0	1032	3	5	24	28	63	10	31	0	100	174	12	182	25	226	324	2	222	33	101	6	11	116	274	270	13	50	6	58	0	705	22	145	93	7	177	8	15	15	0	11	84	16	16	20	32	4	1	71	205	9	259	40	24	24	8	1604	8	33	173	78	0	24	540	0	21	0	5	0	0	141	18	12	13	0	3	11	9	5	12	22	38	0	24	53	30	25	9	3	0	7	157	24	120	10	31	1327	81	16	1233	267	11	18	23	173	20	6	6	0	92	5	1426	2	47	21	1364	488	248	0	0	229	13	18	9	2	3	11	9	151	0	11	198	133	14	13	296	482	8	30	25	0	68	24	28	15	9	64	50	54	154	81	92	65	175	58	21	1	0	93	86	19	35	44	43	0	0	33	1	0	33	18	12	546	201	7	0	525	51	85	178	13	14	22	4	12	9	0	0	34	91	128	20	536	55	20	189	0	4	27	27	12	11	0	20	13	5	13	197	32	17	35	17	11	3	113	58	28	91	38	248	2616	216	70	116	234	596	21	128	220	13	5	0	18	2	555	0	40	24	910	1054	501	226	4	7	242	563	311	59	2708	174	28	30	21	6	15	0	192	1723	68	143	310	170	34	0	259	5	55	7	70	0	0	91	56	36	129	822	2257	367	20	6	0	68	0	355	31	44	23	5314	132	57	36	212	99	24	13	2	31	10	6	10	0	0	0	218	17	71	46	2	32	1	39	14	0	6	36	35	12	2	23	10	100	0	20	626	73	69	2	12	15	23	0	46	111	0	138	262	40	13	77	666	963	871	197	0	17	41	9	17	46	11	5	23	213	112	352	29	0	12	4	1	11	28	37	25	67	135	78	51	71	4	99	27	133	12	10	0	0	18	6	0	824	191	104	497	662	260	0	1986	178	0	4604	62	180	81	531	20	0	3	13	113	2442	75	89	0	4	0	19	7	11	16	0	8	533	1	86	268	20	38	88	0	0	0	0	1	8	2	24	500	1928	1144	123	10	8	16	43	0	27	31	25	27	32	269	24	3	3	62	7	36	1	166	12	103	31	9	55	0	8	0	13	0	7	6	78	0	48	261	152	26	24	6
np0888	0	2	0	0	0	0	0	0	0	0	116	7	1	4	45	0	20	0	10	3	0	7	5	16	0	10	27	10	110	16	0	94	0	5	0	0	2068	0	21	0	0	367	282	197	492	283	0	91	41	73	6	3	19	18	0	0	1672	0	8	0	538	0	0	0	0	0	21	156	0	0	0	75	16	0	15	0	19	42	0	20	0	0	34	0	5	0	0	1	9	0	42	6	36	0	0	4	0	9	0	0	0	3	482	63	887	94	679	175	75	0	427	17	33	6	4	0	0	4	0	0	0	16	48	0	20	96	65	11	26	0	0	0	0	0	540	0	0	0	4	0	585	0	4	0	0	0	0	0	18	644	0	11	217	0	0	0	52	2	0	6	0	0	14	0	4	0	58	3	1	0	456	0	153	0	5	0	0	1216	4	2	0	0	10	83	874	0	0	0	8	0	2	4	1	0	0	0	0	0	0	0	0	661	0	64	5	88	17	338	0	0	0	4	5	0	3	0	97	2143	0	0	70	275	0	0	0	68	0	0	8	0	0	0	68	0	0	0	1	0	0	0	0	288	0	29	1	0	3	77	10	109	0	0	17	61	4	22	237	220	0	47	106	2	10	9	0	0	33	72	0	0	0	0	0	0	0	0	0	0	0	0	0	0	0	0	0	0	0	0	0	3	8	0	0	0	0	0	10	133	80	5	23	27	0	1	0	5	4	0	0	773	644	0	0	1566	0	0	893	9	0	5	12	0	22	0	0	50	44	0	38	0	67	0	0	0	0	0	0	61	0	0	0	0	3	0	0	113	0	4	0	0	16	0	19	0	0	13	0	21	0	1	16	0	0	0	0	0	0	0	0	0	0	0	0	0	68	183	2751	0	994	0	0	0	0	0	0	12	0	0	11	0	0	0	0	0	0	1151	385	62	17	37	0	200	1255	30	534	12	75	12	0	0	0	33	209	209	0	0	0	0	11	0	0	0	0	0	0	0	0	2	0	15	0	29	27	332	9	0	0	0	0	0	0	7	0	91	87	14	15	3	4	35	22	6	0	30	0	0	0	19	0	1363	667	456	0	59	0	0	0	9	27	0	0	37	30	205	0	0	159	0	3	0	0	19	24	0	0	175	268	42	0	0	0	0	0	0	0	1	0	66	13	0	0	0	0	0	593	290	377	18	3420	54	0	7325	25	3412	61	489	412	333	0	0	530	563	7	486	0	0	1	26	24	0	14	26	0	455	64	0	375	180	6	0	1	0	0	0	0	0	1	0	0	0	1400	0	0	3	0	55	3	7	0	0	0	0	32	36	0	0	40	0	33	1	2	0	0	6	31	0	0	0	1	0	0	0	7	271	0	131	0	0	0	275	88
np0891	8	3	20	14	1	1	0	5	0	35	21	0	2	8	23	2	3	24	0	2	0	0	13	8	4	7	0	85	32	21	21	35	29	0	8	7	475	4	9	0	34	537	201	56	117	691	9	8	187	88	20	12	49	16	0	3	272	14	39	12	63	29	0	12	4	0	0	308	0	0	0	2	74	4	12	2	3	0	0	9	0	0	51	29	11	0	145	234	13	24	46	0	192	0	0	3	3	3	0	11	0	5	107	16	28	12	37	64	0	16	109	0	0	0	0	5	27	106	80	356	0	17	8	0	7	15	18	6	19	0	7	0	8	20	5	4	93	1	27	0	21	0	3	0	56	49	0	34	7	32	0	396	6	19	21	0	7	9	13	6	0	116	31	5	5	5	47	1	8	8	26	7	78	0	5	0	2	331	0	0	8	5	0	5	172	0	7	0	0	0	0	68	0	0	4	1	0	9	8	38	2	12	43	0	0	45	19	10	0	62	0	0	0	0	27	0	0	524	15	15	43	55	3	3	6	55	4	32	4	0	94	9	73	0	4	3	0	0	0	0	8	449	0	5	0	1	0	3	12	34	2	0	7	0	11	9	129	193	5	11	78	11	7	2	0	0	0	12	12	19	27	24	21	13	41	10	124	6	0	19	28	25	54	12	7	5	0	7	0	0	19	28	26	284	91	0	0	230	21	14	42	2	29	9	50	27	63	17	3	16	20	27	11	241	39	0	59	0	18	61	35	8	0	1	16	4	5	13	73	17	0	0	23	0	0	67	32	6	48	12	214	654	19	8	12	17	504	3	11	65	1	0	0	0	0	23	0	7	0	35	75	31	52	0	0	30	32	74	27	545	68	23	15	14	4	0	0	128	435	0	78	171	51	7	0	5	0	9	0	0	0	1	25	7	14	56	219	126	27	2	0	0	32	0	142	8	30	7	1370	73	26	69	404	189	12	15	35	18	32	0	4	0	46	10	469	124	8	23	17	75	43	27	0	1	2	0	5	9	0	6	2	28	0	4	228	50	22	8	13	5	16	0	20	94	5	63	161	11	3	36	556	534	338	74	0	10	37	10	8	11	12	14	60	174	108	231	19	0	0	2	1	10	17	31	32	60	121	44	50	3	0	22	0	152	2	13	0	3	16	13	0	146	37	25	71	152	213	0	977	66	0	3150	42	68	50	660	0	0	0	0	70	1362	59	31	0	0	2	0	2	4	68	29	62	21	0	8	39	10	10	17	0	11	0	0	0	0	0	8	86	496	213	11	2	5	8	141	6	66	41	54	25	23	410	66	8	0	206	4	15	0	14	8	5	1	1	0	0	6	0	0	0	1	3	44	4	66	89	41	9	9	0
np0892	0	0	0	6	3	0	0	0	2	21	34	0	12	5	541	1235	0	0	3	0	0	2	4	6	4	2	11	0	23	6	3	27	25	0	4	7	184	1	11	0	1	39	146	37	11	246	5	8	40	14	7	12	37	3	0	0	203	5	9	6	11	0	4	20	11	54	0	768	0	0	0	19	113	0	15	0	0	0	29	5	4	0	19	2	6	0	1	142	10	14	29	0	190	5	0	6	1	7	3	2	2	5	128	0	45	18	33	26	0	32	132	0	0	0	10	5	7	113	71	64	0	9	0	2	7	10	14	7	26	0	0	0	7	16	27	39	45	0	37	6	44	6	5	5	16	16	0	5	0	9	0	55	54	20	25	3	0	5	3	0	0	0	15	1	12	7	7	1	0	0	15	9	11	0	0	13	24	157	15	6	30	16	0	2	167	0	7	0	0	0	0	5	0	4	5	0	0	6	0	2	4	22	66	0	4	17	10	7	10	0	4	133	20	0	26	0	0	238	9	0	326	94	0	4	0	48	12	0	0	0	9	7	41	5	3	5	2	0	0	0	0	59	0	4	0	0	4	14	3	57	4	0	96	70	9	2	105	211	0	12	15	0	6	0	0	0	5	17	16	10	17	22	31	13	66	14	10	4	0	39	60	0	26	9	19	0	0	25	0	0	32	18	29	323	130	0	2	95	15	13	30	0	0	2	0	5	6	0	0	13	25	27	9	195	17	7	42	6	3	19	13	3	8	0	12	5	2	0	64	11	0	0	11	4	6	75	18	9	33	5	71	765	8	0	6	11	240	0	2	5	0	0	0	2	1	7	0	5	7	10	49	20	78	0	0	11	7	8	11	953	72	0	0	5	2	5	0	17	91	12	35	32	24	22	8	103	4	78	6	480	0	0	24	11	4	30	188	60	0	14	0	0	48	0	124	0	3	0	469	29	5	17	127	46	3	2	0	7	5	6	9	0	0	0	11	0	53	2	0	9	0	8	0	0	0	3	5	8	0	10	4	24	0	10	247	57	32	2	6	4	21	3	36	98	3	78	157	5	34	31	683	593	419	111	0	13	11	4	10	24	8	13	39	248	195	376	28	0	3	0	0	4	17	18	11	51	83	62	23	89	2	42	50	122	2	15	0	3	5	0	0	204	74	31	199	390	250	0	1108	98	0	2424	45	78	85	552	0	0	0	0	102	2002	70	18	0	0	0	7	12	8	5	0	8	39	0	0	38	6	14	19	0	0	0	0	0	0	0	2	85	104	122	10	5	16	9	32	1	5	23	11	16	13	104	14	6	0	48	6	27	0	4	12	1	3	1	95	0	0	0	2	0	3	0	25	0	12	10	10	3	4	2
np0894	0	0	39	0	6	24	161	12	0	0	24	19	0	3	1987	0	7	0	10	29	9	0	7	15	0	0	47	0	0	5	5	26	0	0	0	0	338	0	60	0	9	190	716	150	0	328	0	7	88	42	558	21	105	0	0	701	1971	0	7	0	0	0	0	0	0	0	0	75	0	0	0	508	19	0	0	0	0	0	0	5	0	0	8	0	0	0	0	0	0	0	0	96	198	32	0	63	0	0	0	0	0	0	32	0	309	106	15	20	0	6	35	0	0	0	3	0	0	880	395	0	0	0	0	80	0	19	34	89	312	7	21	7	0	0	0	0	116	0	36	0	4	0	4	0	0	0	0	0	0	2	0	0	71	0	67	0	0	38	63	11	0	0	0	0	0	9	2	0	2	0	43	0	24	0	4	0	0	236	91	3	0	0	5	16	174	0	0	70	0	3	0	0	6	0	0	0	0	0	0	0	0	240	17	0	0	19	0	93	3	0	91	65	0	0	33	0	22	265	0	0	76	17	0	0	0	87	0	0	3	0	35	0	18	38	4	3	0	0	0	0	0	77	12	11	3	2	0	10	3	84	0	0	672	11	0	0	51	3784	0	3	56	0	9	0	0	0	13	0	0	0	0	0	0	0	0	0	0	0	0	0	0	0	0	0	0	40	21	0	25	25	3	0	0	0	0	93	23	0	0	43	0	26	0	0	2	7	12	0	0	0	0	0	0	0	0	0	0	8	0	0	1	0	73	0	0	46	70	0	186	0	0	0	0	0	0	30	3	225	0	0	0	0	0	0	0	9	0	0	0	0	0	0	2	0	0	0	0	0	0	0	3	0	0	0	0	0	0	0	0	0	0	0	0	0	0	0	0	0	401	0	0	0	0	49	525	5	1	18	0	0	51	0	0	0	0	13	0	9	0	0	0	7	196	10	211	0	7	23	0	0	0	43	88	0	0	0	0	0	0	0	14	0	0	3	0	0	0	0	0	3	0	26	658	26	158	3	0	0	0	19	3	17	0	353	26	11	0	6	16	3	17	0	0	407	42	0	0	0	0	236	181	1884	0	0	0	3	0	36	46	0	0	0	0	0	0	0	0	0	59	0	0	12	20	0	0	16	3	59	0	0	0	0	0	0	0	0	2	4	14	0	0	1	0	0	1319	0	1489	142	1866	85	0	4550	383	904	29	233	305	0	0	0	334	116	19	37	0	0	0	0	16	0	0	0	0	15	0	0	63	4	17	27	3	0	0	0	2	0	6	0	0	11	596	56	0	0	0	0	4	20	0	0	0	0	3	10	26	0	18	0	0	0	0	0	0	0	0	0	0	0	3	0	0	0	2	13	0	0	0	0	0	0	0
np0895	4	5	1	13	42	0	9	27	2	96	130	13	102	22	3469	1282	4	1	16	21	0	13	13	4	12	10	21	1	83	21	54	63	56	49	12	6	778	23	24	17	17	204	399	66	24	1168	23	49	107	98	26	23	134	25	0	13	1169	87	67	44	46	10	15	77	88	92	6	2207	73	5	15	48	644	17	77	8	6	2	646	35	13	10	100	92	37	0	4	484	31	55	125	5	533	10	8	25	17	19	18	40	53	42	310	37	202	141	89	55	0	140	721	19	25	17	58	21	103	821	312	340	0	88	13	35	14	62	122	159	395	0	9	0	15	30	128	225	68	3	62	12	270	27	61	16	106	101	41	27	32	95	0	350	686	102	91	26	2	13	27	52	36	13	80	28	38	32	20	9	8	8	153	50	133	29	69	76	30	996	15	32	246	143	0	21	1368	14	48	3	0	0	0	42	15	2	94	18	17	28	20	25	33	156	356	0	15	502	121	158	81	7	32	109	106	19	289	10	19	793	18	8	1480	347	14	16	17	84	38	4	3	7	125	27	132	14	59	30	7	1	0	0	4	187	5	15	5	4	38	123	20	182	4	13	406	213	26	17	215	246	17	61	41	0	12	14	8	4	40	105	114	79	200	131	187	95	235	109	30	27	2	92	99	31	82	42	46	0	0	105	0	0	88	68	54	1448	530	12	5	510	96	54	132	4	10	33	4	36	14	6	4	58	152	223	94	702	108	24	430	0	9	119	79	19	38	14	21	12	16	48	307	44	22	40	37	43	18	208	129	66	134	36	391	2415	227	107	77	148	1012	5	129	68	10	0	0	3	9	93	0	26	20	184	328	150	255	4	0	175	87	75	256	2595	920	179	163	98	59	105	0	75	623	58	98	207	121	86	69	959	56	296	14	858	0	4	108	72	45	347	1554	91	27	88	15	5	299	0	574	15	43	12	6535	154	44	45	283	95	25	28	3	41	20	4	22	17	0	0	14	0	286	35	16	39	9	47	35	3	38	121	119	42	8	71	36	160	7	50	1232	203	163	21	42	42	89	28	146	319	10	398	538	75	209	224	2218	2438	1731	290	0	51	135	39	39	58	15	31	64	727	490	1202	54	17	9	11	3	18	73	44	36	170	278	150	96	434	5	213	193	180	17	12	7	11	47	18	0	768	340	199	644	1301	431	0	3849	327	39	9342	148	256	303	1906	83	13	0	33	409	6451	174	170	0	16	1	86	64	23	45	7	28	194	0	149	48	30	60	96	2	0	0	0	0	0	3	47	738	1638	1304	55	33	71	59	120	10	43	105	78	42	76	784	118	43	6	294	32	117	10	256	84	89	15	5	496	24	43	5	11	5	15	0	123	9	99	222	150	12	146	60
np0902	0	0	0	14	15	0	11	0	486	12	165	7	4	21	853	0	0	1	8	4	0	2	8	7	4	26	3	1	16	10	0	123	5	11	0	0	172	7	0	0	0	58	265	27	0	697	8	18	75	0	1	0	90	0	0	0	1355	0	11	3	63	0	0	0	0	0	0	3954	0	0	0	1253	441	3	4	0	0	29	16	32	7	5	122	0	0	0	0	126	41	0	0	0	702	269	23	243	0	233	0	0	18	15	237	11	445	99	144	74	33	0	362	0	0	14	31	4	0	183	55	0	0	0	9	5	4	21	32	30	35	0	0	0	0	0	0	0	3	0	2	0	0	7	15	0	0	0	49	6	26	12	0	8	0	0	0	2	9	0	0	0	1	0	0	0	38	66	10	1	1	0	567	60	75	0	19	0	0	475	8	0	0	0	0	27	728	0	0	0	0	0	0	24	35	5	9	12	3	0	0	0	3	125	15	17	18	345	36	167	3	5	0	253	258	0	100	0	0	746	0	0	953	339	0	0	0	94	14	0	36	0	0	0	132	0	0	21	1	2	0	0	4	90	0	29	4	2	8	71	7	70	3	0	77	338	1	15	28	333	8	234	159	0	11	6	0	0	35	0	0	0	0	0	0	0	0	0	0	0	0	0	0	0	0	0	0	0	0	0	0	0	0	0	0	614	0	0	0	0	0	0	64	1	1	0	0	27	24	58	0	0	67	206	0	15	0	81	0	0	2	0	15	0	0	30	0	0	0	0	0	0	0	0	0	0	0	603	279	0	305	0	0	0	7	0	273	560	0	0	0	0	0	2	0	1	0	0	0	85	0	0	121	686	0	312	6	44	0	0	0	0	0	0	0	0	0	0	36	0	0	0	0	0	0	74	0	201	4	22	0	0	106	0	0	1	0	1124	1017	147	0	23	6	2	435	0	193	5	3	15	0	6	38	44	1025	109	0	11	0	5	0	12	14	8	0	0	0	0	0	0	0	3	0	5	0	0	0	0	29	7	0	40	57	146	17	0	215	143	243	15	10	0	73	180	105	736	0	0	198	0	0	0	2702	332	356	48	0	9	0	0	0	0	0	0	0	954	502	1126	0	138	4	12	3	15	259	0	0	144	122	41	0	0	0	4	6	0	0	0	13	0	174	0	0	195	0	0	0	409	396	0	10972	20	0	5331	141	0	502	1780	134	0	103	4	342	912	134	579	0	9	2	58	0	0	0	4	0	439	0	11	75	13	3	0	0	0	0	0	0	0	0	2	0	25	2350	17	0	15	17	261	14	1	0	4	14	76	112	23	2	0	384	0	6	279	81	0	2	0	0	427	85	4	0	0	0	0	0	97	0	12	11	16	15	0	0
np0903	0	0	0	6	2	67	113	0	0	23	56	0	0	76	209	33	5	10	0	0	0	0	8	15	0	5	3	10	11	0	11	10	27	24	4	0	305	0	0	11	0	15	119	32	0	356	0	13	58	62	2	7	29	7	48	0	93	10	8	8	44	12	0	13	0	0	30	1331	0	0	0	0	12	1	6	10	25	9	0	0	0	2	7	0	10	14	82	45	1	4	9	0	46	0	0	0	0	2	0	0	12	4	330	35	182	46	427	234	32	0	111	0	0	0	6	0	10	64	9	140	0	20	3	0	3	10	21	2	4	3	59	29	10	18	0	0	54	78	90	0	18	1	4	2	4	8	2	7	0	0	0	67	0	4	0	1	15	0	4	16	0	115	275	0	25	9	14	0	8	19	97	0	169	48	5	3	2	1225	15	16	2403	64	0	7	2077	47	64	44	10	5	12	3	29	6	2	0	1	5	2	6	0	40	0	0	133	139	47	169	2	0	0	0	43	16	104	8	19	707	40	5	743	102	0	42	8	54	10	10	0	0	18	4	14	0	5	8	27	8	4	0	0	285	7	5	0	0	2	4	7	326	11	27	18	8	7	0	46	50	0	38	27	12	35	16	13	6	0	24	0	25	10	3	11	8	14	7	3	0	0	8	13	6	16	7	2	0	0	5	0	0	0	8	9	64	24	0	0	792	9	11	31	8	0	2	7	2	1	0	0	1	13	15	0	30	4	5	7	0	0	8	5	2	0	0	116	6	5	0	271	15	0	28	110	1	3	222	25	17	59	24	51	256	836	72	2372	1679	72	93	930	2	39	14	2	82	36	703	699	1439	1666	1424	12129	2449	15	24	22	2600	727	22	636	295	2430	710	672	443	1398	3321	0	40	235	3	24	50	40	32	4	2	0	0	0	0	0	1	12	9	6	21	77	52	0	8	0	0	74	0	379	31	56	18	580	8	4	0	27	6	4	0	3	0	0	0	5	0	3	0	116	22	30	4	3	7	0	10	0	0	0	1	0	0	0	3	0	7	0	0	37	6	3	0	0	7	3	0	5	6	0	11	19	0	0	3	113	207	108	17	0	4	4	3	0	2	0	0	3	24	8	27	0	1	2	0	0	1	6	7	1	7	24	11	8	38	1	59	19	4	0	0	0	0	1	102	0	62	5	0	33	47	18	0	151	16	0	371	4	17	8	111	0	0	0	0	15	306	10	104	0	0	1	124	1	0	4	0	1	386	0	0	144	43	4	10	0	0	0	0	2	0	0	0	11	56	29	31	1	0	1	8	0	3	2	1	0	4	19	2	1	0	18	0	5	68	180	94	245	2	0	0	0	6	6	0	0	2	9	9	0	0	17	8	0	5325	1788
np0905	0	0	0	4	0	0	0	0	5	16	24	0	0	0	66	17	6	0	0	2	0	0	9	6	0	16	0	12	85	16	25	8	25	0	8	6	727	6	8	11	7	183	335	31	42	467	4	9	85	101	21	23	100	10	0	4	183	7	26	5	9	5	0	0	0	26	4	345	0	0	1	0	31	1	2	2	6	0	0	5	0	7	27	0	3	7	32	65	15	5	3	0	225	0	0	0	2	5	3	8	4	0	126	17	124	34	46	85	0	24	115	0	5	5	6	0	6	73	16	104	0	25	5	0	12	13	34	3	5	0	0	0	20	23	5	35	91	0	68	27	13	0	2	6	118	122	1	33	0	21	1	198	0	16	16	0	32	6	8	4	0	55	102	0	4	3	8	4	1	8	54	0	76	23	0	0	4	811	0	11	166	59	0	8	300	10	16	0	6	3	0	4	23	7	1	0	0	6	0	24	5	11	14	0	0	45	16	14	0	0	0	0	12	0	12	5	23	1672	56	27	74	202	0	3	24	145	0	15	4	0	41	0	21	0	7	2	12	1	0	0	0	138	0	32	2	0	0	3	6	150	7	23	12	8	0	3	109	162	0	6	26	2	11	4	16	6	0	7	7	9	0	0	7	4	8	0	4	0	0	4	3	0	0	0	6	1	0	11	0	0	7	3	6	79	30	0	0	110	10	26	51	17	7	3	2	14	31	0	0	49	1709	4508	0	1501	9	1266	247	0	2	20	11	2	6	0	11	0	5	17	120	15	9	0	9	0	0	62	37	10	45	8	23	614	20	0	25	36	83	0	7	1	0	0	0	2	4	8	0	17	28	22	219	37	74	1	0	40	4	2	541	832	2550	0	23	20	1	3	0	20	147	0	79	34	34	9	0	7	0	6	0	0	0	0	15	5	5	31	134	58	39	5	3	0	34	0	222	35	41	17	389	12	0	0	72	21	8	0	7	3	3	1	0	0	81	0	151	6	0	4	5	56	0	16	18	0	1	4	6	4	0	4	4	11	0	0	80	8	5	2	0	10	6	3	13	34	0	21	42	0	2	7	248	97	84	46	0	5	5	5	0	2	0	7	12	70	30	75	10	0	0	0	0	2	12	11	6	40	21	11	11	15	1	94	7	33	1	0	0	0	8	5	0	32	10	5	30	73	175	0	1235	64	0	2835	108	156	27	163	8	0	0	0	34	563	285	27	0	0	0	18	0	6	27	0	11	150	3	23	216	47	1	15	0	0	0	0	20	0	0	10	72	212	138	4	0	9	3	11	0	5	5	6	11	3	46	5	2	0	25	3	8	24	6	415	8	0	0	8	0	0	0	0	0	0	0	22	0	15	17	9	0	9	4
np0906	0	0	0	21	54	0	0	18	100	8	296	60	0	81	1881	0	7	100	34	293	9	27	8	35	39	10	12	39	30	4	5	557	18	0	3	12	1203	206	0	0	0	76	479	132	24	1767	0	79	172	165	45	69	603	0	0	1	9702	0	6	6	112	0	3	0	0	0	4	2469	0	0	2	0	281	0	6	41	0	21	23	15	4	0	111	0	166	0	0	10	276	20	0	0	1861	0	171	22	4	63	0	48	326	25	895	58	548	722	335	502	0	232	2309	0	0	11	52	0	0	82	41	0	76	16	10	0	28	37	130	44	53	0	0	0	0	4	230	13	0	2	0	232	1	0	15	14	1593	0	0	264	119	95	0	57	258	0	253	60	0	0	1	23	0	0	0	0	12	56	100	42	29	0	443	7	221	31	290	131	14	2449	0	182	0	0	0	210	4228	0	0	0	468	249	2	14	163	0	6	73	5	0	0	0	7	261	92	0	0	141	43	257	161	3	1	660	2022	0	127	0	62	2104	23	8	2213	1310	0	0	0	304	212	16	2	142	184	204	137	0	32	48	0	0	0	0	202	639	0	35	11	749	50	195	23	466	23	0	129	137	4	13	68	195	25	118	10	5	60	79	0	0	112	3074	0	0	0	0	0	0	0	451	0	0	0	0	0	0	0	0	0	0	0	615	0	0	0	0	0	0	0	0	0	0	218	163	362	0	3	11	13	54	87	47	0	43	5193	3424	0	10284	7	0	0	0	6	42	269	44	152	13	0	0	0	0	33	0	0	730	0	16	0	421	1	0	0	0	0	11369	13	0	419	306	0	0	0	0	0	0	0	0	139	0	0	4	0	0	712	1473	0	356	0	20	0	0	0	0	0	0	0	0	0	0	0	0	0	0	0	0	0	107	56	243	35	710	0	0	212	2	0	509	0	2056	342	162	19	10	11	25	997	0	792	7	73	11	102	28	10	397	2714	16	0	38	133	0	0	20	8	3	20	0	0	0	0	4	0	5	0	40	0	0	319	20	14	41	0	80	11	286	44	0	1893	189	726	58	10	0	31	26	73	645	0	1832	509	0	431	3	2984	1793	90	98	84	38	0	59	5964	8	21	0	418	372	37	637	53	92	10	20	1	346	805	0	0	680	138	350	0	0	2	0	0	0	0	108	147	0	113	0	1	651	0	0	1831	4820	5103	0	5519	8827	0	10903	153	0	513	11894	129	0	837	80	1927	3394	89	1419	0	2	2	27	15	0	9	0	0	152	0	0	1007	78	49	0	2	0	0	0	0	695	0	2	0	5926	0	10	0	38	74	253	40	45	23	279	15	74	686	328	10	0	409	0	160	11	152	867	0	48	1	75	0	427	0	0	54	14	1	1495	1043	566	0	0	16	0	0
np0908	5	0	2	12	0	0	0	0	3	36	96	0	0	22	92	24	5	0	0	0	0	4	0	5	6	2	8	8	73	6	5	29	79	13	24	4	1879	11	20	80	10	133	504	79	126	1041	0	3	260	123	14	11	36	4	0	0	139	9	28	0	80	25	0	46	11	13	5	1714	0	0	0	0	16	2	9	0	0	0	0	0	0	0	1	0	5	0	17	209	5	5	13	0	57	0	1	0	4	5	0	0	0	2	32	5	76	2	105	61	7	0	24	0	0	5	5	0	0	36	3	93	0	10	10	0	6	24	18	5	1	0	0	0	26	3	0	0	10	0	158	0	6	0	25	0	3	0	0	96	0	174	0	520	0	0	0	21	5	0	8	8	0	28	27	0	10	10	27	1	9	19	80	0	76	18	3	0	0	409	7	7	766	38	0	9	133	0	4	0	5	0	0	3	24	0	0	0	0	4	2	29	3	10180	123	0	83	103	76	72	0	0	0	0	164	0	34	121	330	9268	632	307	3095	1483	0	123	155	1438	45	8	14	0	7	0	91	0	9	11	3	0	0	0	0	237	0	10	0	0	66	54	0	112	4	0	52	23	0	0	15	21	8	40	43	11	7	2	9	9	0	20	4	16	7	2	6	9	18	6	5	1	0	10	7	0	5	5	4	0	0	4	0	0	5	3	2	42	5	0	0	700	5	29	66	184	11	0	3	9	8	0	0	1	6	0	0	12	1	0	7	0	5	11	18	4	4	0	5	0	5	0	95	20	0	0	3	0	0	42	39	10	17	8	100	8897	37	0	23	34	355	0	15	89	1	1	0	0	0	97	0	16	29	91	784	303	1201	2	0	109	54	140	548	12190	2274	262	222	151	161	386	0	167	717	3	35	227	150	25	0	0	0	0	2	66	0	0	15	0	1	36	118	150	25	0	0	0	14	0	1538	17	38	6	23	552	171	35	362	208	104	1	4	18	30	7	0	53	0	0	373	10	2	1	1	18	9	82	0	0	0	9	0	0	0	7	0	5	0	0	52	25	8	3	4	2	18	0	27	61	0	55	94	9	0	26	183	151	130	92	0	6	24	8	0	8	11	7	30	38	10	46	0	0	2	0	0	5	9	8	16	24	50	23	22	22	0	6	6	51	4	7	0	0	2	261	1	71	6	7	44	40	97	0	371	41	10	652	10	18	9	150	0	0	0	0	0	748	10	37	0	0	0	5	1	0	6	0	5	193	5	7	75	53	5	2	0	85	2	0	1	0	13	19	229	93	424	26	0	6	2	10	2	3	4	3	1	4	34	16	2	1	19	0	16	6	19	325	10	1	2	0	0	0	0	0	0	0	9	34	0	32	15	5	4	554	193
np0910	0	0	0	14	9	0	0	0	182	12	88	0	0	7	651	0	0	0	3	4	0	0	8	4	2	6	2	0	0	7	0	70	6	6	0	0	128	0	0	0	0	22	148	8	0	407	2	11	33	7	5	0	58	0	0	0	729	0	5	0	23	0	0	0	0	0	0	3043	0	0	1	658	248	0	6	0	0	14	7	15	3	2	48	0	1	0	0	60	18	0	0	0	385	155	13	135	1	116	0	0	0	6	73	7	168	37	48	46	38	0	203	0	0	0	10	7	0	124	35	0	0	0	4	0	0	5	15	30	23	0	0	0	0	0	0	3	0	1	0	0	4	0	16	0	0	0	21	0	7	11	0	11	0	0	0	0	5	0	0	0	1	0	0	0	19	36	15	0	1	0	318	19	33	0	17	4	0	221	4	0	0	0	0	14	366	0	0	0	0	0	2	10	17	0	6	6	3	0	0	0	2	85	10	8	0	162	20	73	0	3	0	173	171	0	59	0	0	338	0	0	745	191	0	0	0	82	10	0	18	0	0	0	69	0	0	19	6	0	0	0	2	46	0	18	4	0	1	26	2	31	6	0	31	177	0	10	5	126	0	137	72	0	3	2	0	0	21	0	0	0	0	0	0	0	0	0	0	0	0	0	0	0	0	0	0	0	0	0	0	0	0	0	0	425	0	0	0	0	0	0	57	0	0	2	0	17	22	36	0	0	40	166	0	20	0	65	0	0	0	0	16	0	3	10	0	0	0	0	0	0	0	0	0	0	0	368	157	0	239	0	0	2	2	0	198	382	0	0	0	0	0	2	0	0	1	0	0	77	0	0	92	511	0	197	2	40	0	0	0	0	0	0	0	0	0	0	22	0	0	0	0	0	0	45	0	151	3	15	0	0	33	0	0	0	0	847	699	51	0	16	5	2	210	0	97	9	0	3	0	3	28	19	649	91	0	8	0	14	0	5	5	5	3	0	0	0	0	0	0	2	0	8	0	0	4	14	13	2	0	27	35	104	20	0	127	57	116	9	14	1	73	110	47	470	0	0	114	0	0	0	1725	203	194	29	0	5	0	0	3	0	0	0	0	661	282	765	0	78	0	11	0	5	139	0	0	93	66	25	0	0	3	0	10	0	0	0	8	0	108	0	0	177	0	0	0	238	185	0	6201	14	0	3121	87	0	439	1123	79	0	54	3	247	602	76	314	0	0	0	20	0	0	0	0	0	299	0	7	38	11	0	0	0	0	0	0	0	0	0	1	0	15	1800	14	0	12	12	131	1	0	0	0	13	37	79	19	2	0	201	0	2	187	55	1	3	0	0	231	44	6	0	0	0	0	0	60	0	11	12	11	14	0	0
np0912	0	0	0	0	80	0	0	0	0	125	81	10	7	10	357	0	3	4	17	37	9	22	7	6	0	10	1	18	9	0	0	18	0	0	12	2	104	15	0	0	3	205	348	41	0	285	7	72	241	24	7	6	19	0	0	0	30	0	28	6	8	0	2	0	0	0	0	534	0	0	0	87	714	0	5	13	3	0	0	17	0	0	34	0	8	1	0	0	198	9	3	0	226	0	6	0	131	0	0	12	0	18	207	15	91	193	46	34	0	62	564	0	0	12	0	2	0	1882	1476	0	49	2	0	42	12	8	60	6	118	0	0	0	0	24	1	8	13	0	0	0	1	2	13	1	7	0	14	35	17	0	0	178	0	0	0	3	7	0	1	0	0	0	0	0	0	16	16	7	15	0	71	53	29	0	8	67	11	561	0	0	0	463	0	4	1324	0	0	0	0	2	0	15	68	0	0	11	28	0	0	33	20	379	120	31	14	41	5	27	14	0	10	131	11	0	44	0	0	466	0	0	1128	222	16	0	0	136	7	0	1	0	0	20	23	0	0	21	15	13	0	25	5	85	0	14	23	5	39	46	8	136	7	0	91	237	12	2	98	181	4	24	10	0	11	5	0	0	22	369	0	0	0	0	0	0	0	0	0	0	0	0	0	0	0	141	0	0	0	0	0	0	0	0	0	0	0	0	0	0	0	68	101	0	1	13	0	26	18	4	205	0	796	0	0	3538	0	0	0	0	170	155	394	40	0	0	0	0	0	0	11	0	0	0	0	0	0	1	0	3	0	0	0	0	6	0	1	73	0	45	0	0	0	0	0	13	3168	0	0	5	0	0	1	118	0	1	0	99	0	0	0	0	0	0	0	0	0	0	226	0	0	0	0	0	0	9	41	69	74	45	0	0	93	0	0	0	0	206	837	8	5	34	11	0	322	15	115	0	20	9	0	0	0	75	426	94	0	0	0	0	0	0	0	0	0	0	0	0	0	34	0	57	1	5	14	0	38	175	58	0	24	68	19	96	8	0	440	128	75	8	40	4	7	0	7	557	0	0	471	0	0	5	764	857	268	65	0	239	0	19	26	0	52	0	0	240	125	453	15	0	41	0	0	0	1	0	0	18	64	62	0	65	227	0	0	6	591	0	0	0	20	0	0	23	9	19	0	120	172	0	1383	27	69	2921	114	0	16	1142	0	0	0	0	69	2294	8	33	0	7	0	24	89	0	0	15	0	72	0	0	74	16	152	231	0	0	0	0	0	0	4	0	0	0	0	14	0	80	29	40	29	19	504	68	163	254	142	146	0	0	168	33	207	0	1	1244	0	0	0	217	7	10	4	0	0	0	0	6	0	0	0	0	2	0	0
np0914	16	3	229	19	102	0	0	16	0	46	110	15	1	4	1334	0	4	0	33	52	38	6	9	27	0	0	24	2	0	78	10	24	33	0	5	1	400	424	0	0	0	818	895	261	5	561	0	39	272	47	131	60	230	0	3	0	2704	0	94	14	0	0	2	0	0	0	0	84	0	0	0	5671	697	7	65	0	0	8	0	40	7	9	84	0	104	0	0	16	0	0	0	295	143	2	0	225	1	0	0	0	0	61	244	19	135	32	71	26	0	64	337	10	18	0	22	38	0	208	239	0	0	14	57	101	4	70	58	140	347	0	0	0	0	0	0	135	0	5	0	0	0	55	76	0	6	0	0	0	6	51	311	283	0	0	0	6	5	27	21	1	23	0	2	0	27	4	43	0	7	0	390	18	47	0	64	6	28	1277	64	0	0	0	90	65	931	0	0	2	6	0	2	17	188	15	0	15	13	0	0	0	0	229	115	61	0	335	54	1108	0	8	0	29	321	0	216	181	0	952	16	0	1579	617	0	0	0	87	52	0	0	2	0	0	117	0	138	0	29	13	0	55	0	277	17	24	16	5	113	55	27	164	21	31	143	29	6	0	31	123	9	66	24	0	15	12	0	0	28	0	0	0	0	0	0	0	0	0	0	0	386	0	0	0	0	0	0	48	25	0	50	56	500	0	0	211	0	0	341	0	0	121	33	29	0	77	0	23	34	7	42	0	0	51	0	1	0	0	2274	171	0	2	5	0	446	0	0	106	13	0	268	0	7	0	0	0	0	0	7	250	0	0	0	2	0	0	0	355	0	28	0	0	87	3	43	5	0	83	0	163	0	1	137	0	0	0	0	1	0	0	0	0	0	0	0	0	0	0	0	0	5729	0	0	0	0	177	33	51	28	0	0	0	358	0	0	0	0	0	2847	34	19	48	5	23	339	46	232	11	25	0	0	0	0	101	240	45	0	0	0	0	41	8	20	10	0	108	0	0	12	38	0	34	9	23	348	51	29	190	463	21	0	42	0	111	7	274	169	0	715	18	14	1	149	167	23	133	116	0	0	255	0	310	842	863	0	0	25	71	0	29	56	15	0	94	0	178	49	161	0	0	4	19	27	14	24	0	0	122	60	61	0	180	0	0	0	0	561	0	0	309	32	0	266	52	0	0	108	52	655	25	510	348	0	2930	57	936	270	1181	1742	199	0	0	1646	402	37	470	32	13	1	116	35	7	0	0	0	684	0	87	56	11	34	102	7	0	0	0	0	0	2	8	0	29	1587	260	0	87	76	42	39	73	25	7	55	0	160	42	24	0	364	0	0	0	1	0	0	0	0	486	0	4	46	0	4	0	4	139	0	149	0	0	6	0	0
np0915	0	0	0	0	9	22	0	0	195	521	114	17	0	0	227	0	0	0	87	74	170	0	6	0	12	5	24	187	60	9	0	193	0	0	0	0	469	31	4	0	0	4387	1036	17	0	1879	4	16	24	6	4	12	10	0	0	0	248	0	72	0	35	0	0	0	0	0	2	498	0	0	0	1152	228	14	2	0	0	8	0	0	0	0	8	0	0	0	0	326	47	0	0	0	135	58	10	137	0	325	0	0	0	17	65	1	67	23	79	8	5	0	127	0	16	0	7	13	0	159	0	0	0	0	0	5	2	12	3	31	21	3	29	0	0	0	0	0	0	0	13	0	3	0	0	0	0	6	4	20	6	11	0	6	0	0	0	0	0	0	21	0	0	0	0	0	14	26	12	3	0	0	191	15	41	0	11	2	0	185	0	0	0	0	0	87	245	0	0	0	7	0	0	0	9	0	0	0	0	0	0	0	0	5	4	0	0	9	0	3	1	0	0	0	27	0	5	0	0	183	0	0	76	47	0	0	0	9	1	78	14	0	0	0	11	0	0	9	9	0	0	0	7	887	0	3	3	0	0	0	0	13	0	0	5	11	0	12	34	276	8	132	55	0	0	0	0	0	2	0	0	0	0	0	0	0	0	0	0	0	0	0	0	0	0	0	0	0	0	0	0	0	0	0	0	0	0	0	0	2	0	3	31	2	2	0	216	16	6	0	0	0	17	65	0	0	0	34	0	0	0	0	9	0	2	8	0	0	0	0	0	0	0	0	0	0	0	69	30	0	27	0	0	41	0	0	0	0	0	0	0	0	0	2	0	0	0	0	0	0	0	0	0	1	9	5	0	5	0	0	0	60	0	0	0	2	0	1	97	0	0	0	1	0	0	27	0	3	0	0	0	0	0	0	0	0	0	353	213	21	0	3	0	0	50	0	63	14	0	34	8	2	30	75	1243	147	0	59	0	7	0	0	5	0	0	0	0	0	0	0	0	14	0	9	0	0	0	0	8	5	0	66	30	59	145	0	752	173	426	0	134	2	42	35	15	141	5	0	157	0	0	0	827	391	135	35	0	2	0	0	5	0	0	0	0	614	547	752	0	471	16	27	0	9	62	0	0	357	202	194	0	0	0	0	0	0	0	0	50	0	95	0	0	191	0	0	0	164	296	0	3844	3	0	3289	35	0	180	2033	92	0	86	1	199	485	29	38	0	0	0	12	0	0	0	91	56	142	0	3	81	39	8	0	21	0	0	0	0	0	0	0	0	14	1469	0	0	19	15	226	2	0	0	0	4	21	43	23	0	13	214	0	3	7	1	0	3	0	0	8	0	16	0	0	0	0	5	312	0	61	0	0	11	0	0
np0916	0	0	0	0	75	28	0	0	0	16	77	13	7	5	552	0	4	18	8	33	7	3	10	12	0	2	1	6	0	0	0	8	0	0	0	0	40	6	0	0	2	47	182	67	0	24	0	4	48	0	7	8	38	0	0	0	71	0	13	8	0	0	3	0	0	0	1	630	0	0	0	32	107	0	0	15	2	0	0	67	1	0	98	0	3	0	0	0	13	1	0	0	20	0	2	0	25	0	0	0	0	8	332	15	128	206	57	41	0	45	725	0	0	6	3	4	0	774	618	0	37	1	0	15	5	7	38	0	37	0	15	0	0	16	0	16	5	0	0	0	3	3	4	5	0	0	1	7	0	0	0	61	0	0	0	0	5	0	0	0	0	0	1	0	0	13	9	3	7	0	59	5	49	0	31	51	14	647	0	0	0	37	0	6	836	0	0	0	0	0	0	22	10	0	2	7	12	0	0	21	8	362	114	23	37	397	36	218	4	0	15	8	0	0	109	0	0	189	0	0	821	145	17	0	0	69	5	0	2	0	4	32	87	0	2	26	0	0	0	0	5	80	0	4	5	5	49	60	8	163	5	0	135	314	7	2	58	62	0	45	8	0	10	8	0	0	7	0	0	0	0	0	0	0	0	0	0	0	0	0	0	0	0	6	0	0	0	0	0	0	0	0	0	0	0	0	0	0	0	65	141	0	0	7	0	7	1	3	7	0	75	0	0	220	0	0	0	0	15	15	44	1	0	0	0	0	0	0	0	0	0	0	0	0	0	2	0	0	0	0	0	0	14	0	0	175	0	331	0	0	0	0	0	175	12596	0	0	1	0	0	0	112	0	2	0	344	0	0	0	0	0	0	0	0	0	0	60	0	0	0	0	0	0	17	62	91	78	107	0	0	125	1	0	0	0	304	1173	15	10	65	16	0	475	24	167	6	18	11	0	0	0	10	56	10	0	0	0	0	0	0	0	0	36	0	0	0	0	25	0	16	0	1	0	0	9	32	6	0	3	7	2	20	3	0	68	28	12	0	2	0	2	0	0	60	0	0	76	0	0	0	132	102	34	5	0	5	0	7	6	0	0	0	0	91	35	129	0	0	0	0	0	0	0	0	0	6	4	3	0	50	152	0	0	1	38	0	0	0	3	0	0	11	4	6	0	26	13	0	264	1	53	520	76	0	6	193	0	0	0	0	17	274	5	49	0	5	12	0	57	7	0	0	0	27	0	0	52	15	32	74	0	0	0	0	0	0	2	0	0	0	0	4	0	36	16	9	7	0	36	6	5	19	24	19	0	0	23	10	42	5	0	5217	0	0	0	417	22	15	6	0	2	0	0	7	0	3	0	1	1	0	0
np0917	0	0	0	0	9	0	6	1	16	10	105	15	9	8	371	69	0	0	0	0	0	7	2	5	0	2	4	8	0	0	7	3	0	0	0	0	66	4	0	0	1	20	42	5	5	65	0	6	4	7	0	4	33	0	0	1	1140	59	9	17	17	10	0	34	28	121	6	1710	33	2	2	9	157	0	3	10	20	7	28	29	13	8	126	7	0	0	0	47	8	3	2	1	52	0	0	8	4	8	0	8	11	7	263	28	85	10	82	46	21	0	177	0	0	13	42	0	7	96	154	24	0	60	0	26	0	5	4	18	43	0	0	0	9	0	5	0	0	0	7	0	18	22	15	1	0	0	24	0	14	14	0	65	7	0	3	2	4	3	2	0	0	1	2	0	35	19	4	2	0	4	154	9	73	0	37	9	17	140	0	6	120	47	0	10	254	0	10	2	0	0	0	31	15	0	0	0	0	0	0	0	20	32	121	0	0	232	23	66	8	3	0	0	53	15	194	0	0	446	18	12	673	319	11	7	19	84	46	0	3	7	3	0	82	13	28	29	0	0	0	0	2	70	3	21	6	13	21	106	11	44	6	0	40	24	1	0	12	20	14	64	10	0	6	6	7	9	12	9	9	6	7	4	7	6	7	0	0	0	0	4	4	4	0	2	2	0	0	11	0	0	0	0	4	86	25	0	0	18	3	23	53	0	5	8	0	18	3	0	0	0	4	0	4	54	2	0	16	0	4	55	45	8	21	4	1	0	0	0	15	0	2	0	0	3	2	25	17	0	14	3	99	1208	167	47	42	202	268	7	163	7	7	2	0	16	10	39	1	43	43	99	416	84	139	1	0	172	61	8	60	1283	331	28	28	26	0	8	0	6	22	1	0	0	2	49	8	32	0	19	0	0	32	8	47	30	16	444	745	41	12	62	14	3	274	0	304	0	11	0	84	88	32	15	78	30	17	7	23	35	0	5	0	7	0	0	0	0	0	2	3	2	0	2	28	3	8	38	60	12	0	20	18	20	0	0	137	27	16	6	4	18	21	10	26	23	2	5	10	0	7	0	397	69	64	28	0	7	0	0	3	14	0	2	2	110	84	144	13	4	0	3	1	2	4	5	6	10	13	10	8	9	0	21	0	13	7	0	0	0	9	0	0	39	19	10	54	36	49	0	111	21	0	311	9	6	69	161	24	0	0	0	65	292	14	278	0	5	0	35	5	15	5	0	8	38	0	74	18	17	31	0	2	0	0	0	0	0	1	6	31	147	78	6	8	21	20	14	1	8	8	5	7	6	98	11	6	1	88	6	25	6	87	46	45	0	0	19	0	42	14	22	0	5	0	53	0	61	46	29	0	10	5
np0918	0	0	0	4	24	0	0	0	29	4	93	18	0	14	3224	3	4	46	0	31	13	5	0	7	0	1	7	34	14	0	0	48	0	0	0	0	817	27	0	0	0	0	181	39	19	372	0	37	14	12	15	7	183	0	0	0	4382	0	3	0	29	0	1	0	0	0	0	1331	0	0	0	0	63	0	0	4	0	5	16	7	4	2	40	0	0	0	0	0	47	2	0	0	169	0	0	7	0	23	0	17	0	0	223	40	154	152	83	133	0	47	289	0	0	6	7	1	0	13	7	0	20	0	0	0	3	28	63	19	20	0	0	0	0	0	113	34	36	0	0	73	1	0	7	5	293	0	0	25	26	33	0	23	53	0	58	26	0	0	0	8	0	0	0	0	3	8	17	7	0	0	37	0	57	13	12	12	0	683	0	119	0	0	0	60	589	0	0	0	100	54	0	5	7	0	0	3	0	0	0	0	6	135	115	0	0	40	8	59	21	0	2	308	387	0	107	0	16	460	0	0	674	257	0	0	0	53	14	15	0	0	18	20	68	0	19	7	98	38	16	0	15	222	0	20	8	0	0	19	3	357	0	0	37	75	3	28	48	227	0	52	0	7	27	13	0	0	22	555	0	0	0	0	0	0	0	65	0	0	0	0	0	0	0	0	0	0	0	193	0	0	0	0	0	0	0	0	0	0	59	14	92	0	2	0	3	9	11	2	0	12	626	357	0	1104	0	0	0	0	0	15	26	10	12	8	0	0	0	0	4	0	0	123	0	0	0	93	0	0	0	0	0	5998	9	0	171	178	0	0	0	0	0	0	0	2	60	0	0	1	0	0	524	519	0	118	0	10	0	0	0	0	0	0	0	0	0	0	0	0	0	0	0	0	0	41	38	107	7	40	0	0	18	0	0	231	0	837	167	65	0	0	9	0	431	0	160	15	64	0	0	18	8	27	288	3	0	20	39	3	0	2	0	6	40	0	0	0	0	0	0	0	0	0	0	0	424	0	0	18	0	36	3	85	17	0	299	35	123	9	0	0	17	12	12	272	0	296	82	0	92	0	207	325	14	8	8	9	0	19	19	0	8	0	64	134	0	166	15	30	4	0	0	20	65	0	0	42	7	19	0	0	1	0	0	0	0	0	21	0	12	0	0	62	0	0	270	638	291	0	779	983	0	1839	28	0	76	2129	20	0	149	19	290	524	4	121	0	0	0	13	41	0	0	0	0	26	0	0	133	9	0	0	0	0	1	3	0	26	13	0	0	1376	0	11	0	25	7	34	7	7	1	39	4	12	105	45	0	0	75	0	45	4	114	333	0	22	2	15	0	6	0	0	11	0	0	15	0	0	0	0	0	0	0
np0919	0	0	0	0	4	0	1	0	134	1	74	8	0	15	320	0	1	0	0	0	16	1	5	1	0	0	0	0	0	0	0	40	0	0	0	0	461	53	0	0	0	0	0	3	0	78	7	48	13	4	0	0	55	0	0	0	83	0	0	0	110	0	0	0	0	0	0	468	0	0	1	0	82	0	1	259	0	206	0	4	6	0	71	0	0	0	0	8	99	8	0	0	336	0	0	8	0	9	0	9	0	9	400	17	279	22	71	112	0	16	91	0	0	7	50	0	0	0	2	0	64	7	0	0	1	2	28	1	0	0	0	0	0	0	1	0	0	0	0	4	0	0	0	0	0	0	0	1	1	0	0	0	0	0	0	82	0	0	0	0	0	0	0	0	7	24	44	0	0	0	337	1	7	14	307	1030	88	690	0	619	0	0	0	88	465	0	0	0	4	0	0	0	663	270	3	0	0	0	0	0	63	58	59	0	0	58	15	116	1472	0	30	208	31	0	4	0	27	310	0	0	54	96	0	0	0	25	39	4	61	0	71	69	63	0	0	6	0	0	0	0	60	187	0	42	19	24	98	197	16	57	0	0	23	76	0	0	0	10	6	209	5	652	14	8	0	0	499	424	0	0	0	0	0	0	0	57	0	0	0	0	0	0	0	0	0	0	0	860	0	0	0	0	0	0	0	0	0	0	310	12	312	0	0	0	0	1	0	0	0	10	316	280	0	585	0	0	0	0	8	75	358	58	174	6	0	0	0	8	19	0	0	146	0	12	0	138	1	0	0	0	0	103	38	0	711	690	0	0	0	0	0	0	0	5	369	0	0	34	0	0	817	2254	0	613	9	47	0	0	0	0	0	0	0	0	0	0	0	0	0	0	0	0	0	68	12	0	0	3	0	0	0	143	0	46	0	47	7	23	0	0	5	7	336	0	174	0	8	0	0	17	2	207	1511	3	0	2	354	0	0	5	0	5	50	0	0	0	0	0	0	0	0	0	0	0	2	0	6	3	0	21	0	230	63	0	303	70	184	23	1	0	25	6	0	315	0	480	162	0	4	0	536	414	39	47	22	6	0	27	24	0	0	0	6	14	0	47	0	0	4	0	0	101	203	0	0	171	42	108	0	0	0	0	0	0	0	2	83	0	20	0	0	23	0	0	62	289	414	11	940	486	0	1385	5	0	26	2101	16	0	134	12	323	639	41	591	0	0	0	9	0	0	0	0	0	245	0	0	133	65	0	0	0	0	0	0	0	0	0	2	0	3141	0	0	0	6	4	57	6	3	9	75	6	2	242	64	0	0	35	0	23	52	227	2434	1	0	0	10	0	235	0	66	706	252	17	25	0	0	0	0	0	0	0
np0920	0	0	0	14	7	0	0	3	4	26	51	5	40	9	3611	2732	4	4	3	4	0	7	6	9	9	8	18	0	55	9	26	71	31	21	4	7	459	12	17	12	4	65	201	77	35	528	9	33	73	73	29	13	62	18	0	0	989	79	29	7	25	11	26	38	93	25	5	1403	71	1	6	9	162	11	22	5	11	7	325	11	6	7	40	19	22	1	1	189	14	32	69	0	210	3	0	7	6	8	10	17	17	13	245	26	153	64	66	68	0	81	481	9	16	0	23	12	129	825	259	165	0	48	5	21	12	34	54	50	95	0	0	0	15	21	37	280	90	6	101	16	99	6	17	12	31	48	5	11	7	29	0	202	130	61	44	24	2	4	3	22	2	0	34	9	12	16	15	2	0	13	181	6	54	21	43	47	16	753	21	11	108	40	0	17	647	0	23	1	0	0	0	10	9	2	10	0	4	17	20	4	13	158	231	0	12	49	25	39	30	3	17	65	61	13	103	0	0	642	23	12	865	263	0	7	16	50	48	0	8	4	68	11	90	8	30	10	53	33	10	0	0	78	0	4	0	5	7	71	10	113	4	4	307	323	15	9	176	279	3	10	18	0	7	4	0	3	12	35	44	37	52	44	117	49	208	60	20	6	0	98	93	11	53	19	10	0	0	42	0	0	59	61	37	1075	393	0	0	190	22	38	81	0	2	17	0	8	9	0	0	36	66	83	45	435	47	0	239	0	2	25	27	3	9	0	12	5	6	14	79	7	5	11	12	15	6	100	33	8	45	12	155	1212	183	54	56	144	407	6	86	113	19	0	0	2	0	134	0	50	55	213	707	246	123	4	0	203	139	107	124	1323	609	101	94	79	15	43	0	41	241	15	16	92	36	41	42	512	10	317	22	661	0	0	128	63	42	223	1356	78	16	39	9	3	122	0	346	12	29	15	5428	68	22	34	275	131	16	8	3	29	16	4	5	6	0	0	7	0	58	21	4	15	0	25	12	2	8	33	21	17	1	30	6	94	0	26	511	102	54	10	11	10	32	10	75	120	0	168	256	48	73	116	738	1043	918	211	0	27	32	17	15	43	7	9	27	324	176	543	28	4	5	4	1	6	41	41	20	89	136	58	49	101	3	137	35	71	13	7	0	2	12	4	0	526	143	80	396	503	228	0	2006	177	21	4612	85	114	121	1006	0	0	2	20	197	5171	74	97	0	6	0	36	25	16	15	0	7	116	0	82	118	23	40	57	0	0	0	0	0	0	0	7	162	523	418	22	3	18	9	47	1	17	36	32	24	28	364	42	10	0	77	6	34	10	126	46	53	18	4	222	9	13	0	3	0	8	3	42	3	30	110	57	5	57	20
np0922	0	0	0	0	82	0	0	0	0	83	173	14	6	4	14	0	13	0	7	34	0	15	6	5	0	0	42	33	14	0	0	31	0	0	0	0	138	16	0	0	1	65	691	142	10	58	0	23	45	5	3	16	76	0	0	0	6	0	50	3	3	0	0	0	0	0	0	31	0	0	0	58	662	0	0	8	0	0	1	430	135	17	403	0	71	0	0	0	105	36	1	0	198	0	6	0	185	0	0	5	0	27	2275	2	30	977	517	410	0	38	912	17	0	12	4	8	0	89	12327	0	40	0	63	85	3	288	533	9	220	0	0	0	0	10	2	0	0	0	0	0	0	0	2	2	0	0	12	33	9	0	0	76	0	0	0	2	3	0	0	0	0	0	0	0	4	25	4	6	38	0	155	110	43	0	17	94	10	1567	0	0	0	200	0	1	1363	0	0	0	2	2	0	14	33	4	0	26	29	0	0	37	15	1352	125	119	7	34	11	21	3	0	121	14	11	0	55	0	0	858	0	0	1086	772	88	0	0	1664	3	3	0	5	0	18	65	0	0	42	6	5	0	13	43	118	0	5	16	0	113	36	31	168	0	0	83	52	6	4	41	19	0	57	29	0	10	9	0	0	281	2829	0	0	0	0	0	0	0	0	0	0	0	0	0	0	0	114	0	0	0	0	0	0	0	0	0	0	0	0	0	0	0	167	245	0	1	3	10	41	7	0	29	0	1083	0	0	5294	0	0	0	0	68	36	175	7	0	0	0	0	1	0	3	0	0	0	0	0	0	9	1	0	0	0	0	0	18	0	0	571	0	704	0	0	10	0	0	510	803	0	0	5	0	0	0	41	0	0	0	566	0	0	0	0	0	0	0	0	0	0	541	0	0	0	0	0	0	24	0	6	92	4	0	0	50	1	0	0	0	37	150	23	63	20	8	4	171	13	190	0	8	5	0	0	0	7	38	6	0	9	0	0	0	0	0	54	8	0	0	85	0	20	0	111	1	3	7	0	220	69	13	4	6	27	24	68	7	0	391	83	47	9	35	2	9	0	11	2347	0	0	4699	0	0	10	1273	7355	2489	68	0	1290	0	4	13	0	222	0	0	47	41	131	0	0	321	0	0	4	1	0	0	46	145	103	0	28	110	14	0	45	3361	0	0	0	19	0	0	65	36	39	0	213	861	0	5110	23	31	6956	157	0	10	2200	0	0	0	0	45	1074	26	49	0	15	0	60	21	0	0	213	0	31	0	0	18	33	200	584	1	17	0	0	0	3	2	0	0	0	0	74	0	42	14	34	23	6	57	43	37	105	83	43	1	0	174	54	197	6	1	235	0	0	0	127	0	16	4	0	0	0	0	1	0	0	0	0	5	0	0
np0923	9	16	0	3	67	0	0	0	0	0	113	9	6	9	852	0	16	0	8	3	13	23	10	5	0	3	3	1	6	2	0	6	0	0	0	0	84	4	0	0	1	135	139	8	0	514	0	12	5	18	7	7	48	7	0	0	277	0	22	3	433	0	2	0	0	0	17	257	0	0	0	914	231	0	13	0	43	93	18	147	52	57	346	0	0	0	0	0	4	0	10	26	28	3	0	63	5	24	0	3	3	16	390	29	290	14	101	26	0	27	298	6	18	26	13	17	0	380	0	0	0	18	0	23	0	13	19	29	103	0	0	0	0	1	56	0	0	0	15	0	19	0	136	3	0	0	5	0	60	90	0	26	1	0	0	0	25	21	7	3	0	0	2	1	14	0	15	0	5	0	231	0	135	0	108	5	1	584	10	72	0	0	96	30	1727	0	0	17	4	0	0	109	26	0	19	33	27	0	0	0	6	123	128	6	0	177	15	398	109	10	0	16	16	9	343	0	0	436	0	0	1133	685	0	0	0	68	1	0	0	0	0	0	187	0	37	6	13	1	3	0	0	164	0	91	9	19	8	142	18	85	0	0	85	142	7	16	27	37	8	251	28	0	12	15	0	0	33	12	0	0	0	0	0	0	0	0	0	0	0	0	0	0	0	0	0	2	0	0	4	0	186	0	0	79	0	0	109	37	19	80	37	5	0	7	0	19	15	2	0	23	10	0	0	41	0	0	124	16	0	17	68	0	54	0	0	39	37	0	37	0	44	0	0	0	0	0	0	45	0	0	0	0	0	0	0	11	0	6	0	0	0	1	0	0	0	0	0	3	0	0	13	0	0	0	0	0	0	0	0	0	0	0	0	0	2	3	157	0	316	0	0	0	0	46	0	154	31	0	10	0	29	0	0	0	0	556	921	27	18	76	9	7	413	24	351	8	33	0	0	0	0	27	188	131	0	0	0	0	5	2	23	4	0	6	0	0	5	0	18	14	0	0	41	20	3	112	20	8	0	20	0	82	17	150	100	43	43	4	3	0	163	93	24	74	24	0	0	62	0	1167	1515	691	0	20	0	0	0	6	22	4	0	15	22	263	0	14	105	0	6	2	7	6	10	0	0	107	99	11	0	0	0	0	0	0	0	0	0	136	22	0	0	16	0	0	218	227	144	0	721	70	0	2469	72	1080	125	587	711	367	0	0	594	533	4	499	0	2	0	63	111	23	21	6	0	88	0	0	49	21	25	0	6	0	0	0	0	0	1	0	0	0	171	9	0	64	52	61	5	5	4	0	0	0	155	39	10	0	160	0	71	2	2	8	0	15	21	34	0	49	306	0	15	0	18	457	0	219	0	0	4	0	3
np0924	6	0	0	6	0	233	152	3	77	45	46	0	0	0	267	793	10	23	4	4	0	0	0	1	5	0	13	105	109	11	17	17	58	0	21	17	1087	5	15	79	18	106	638	55	50	700	0	32	372	199	35	42	213	30	0	0	81	4	35	64	32	7	112	6	0	4	2	125	0	0	0	9	41	1	2	6	17	4	0	12	5	8	119	7	14	12	607	1105	5	8	8	0	155	0	0	3	8	0	0	12	0	1	395	6	49	16	125	59	0	63	2362	0	0	11	0	0	0	43	10	197	0	2866	10	0	24	49	28	3	5	7	172	98	0	8	0	4	30	145	12	0	8	0	0	871	35	45	0	44	0	9	4	242	1	6	8	1	59	6	10	0	0	77	141	5	29	11	23	0	31	26	56	0	264	0	0	0	1	345	0	15	2092	18	0	28	229	0	5	0	72	83	3	19	8	0	0	0	0	2	0	46	2	11	10	0	28	34	36	19	2	0	0	3	20	0	15	0	83	811	153	0	155	83	0	0	5	63	7	10	3	0	20	0	1399	0	81	12	943	375	206	0	0	438	14	6	6	0	8	6	15	368	0	82	22	15	36	54	107	148	0	7	95	0	29	19	8	3	2	26	4	39	13	9	203	121	87	122	7	0	0	51	44	0	5	32	28	0	0	6	0	0	12	37	39	109	29	0	2	1240	18	13	32	10	10	24	17	26	6	3	0	0	3	2	0	0	0	0	0	0	0	8	4	1	7	0	549	20	19	0	1340	102	35	141	668	4	9	1114	135	54	319	121	6	303	110	0	33	779	17	31	57	0	34	0	0	6	40	5781	0	2778	2978	7561	39574	14806	37	14	0	5067	8092	0	0	405	3	0	0	0	0	0	0	142	990	28	168	190	128	50	0	0	2	0	0	0	0	1	0	4	4	16	68	196	16	0	0	5	37	0	358	27	20	9	369	11	3	0	97	28	2	0	3	7	0	6	0	0	3	0	302	8	5	19	15	100	5	37	4	0	7	0	0	7	4	3	0	28	0	8	127	19	11	0	6	5	16	0	10	21	0	26	36	0	1	19	108	171	78	32	0	6	5	10	0	4	6	0	21	70	21	72	11	0	2	0	0	5	10	11	5	118	384	33	5	62	0	18	33	71	0	7	0	0	6	4	0	49	9	18	38	48	63	0	1130	57	0	5799	73	475	7	134	0	0	0	0	16	275	161	32	3	0	0	12	0	0	8	0	14	523	7	0	218	21	13	53	0	0	0	0	10	11	3	8	144	116	223	102	0	5	0	0	1	11	9	9	3	4	89	3	0	0	33	3	16	0	15	0	15	0	1	11	0	7	3	0	0	0	2	16	0	4	10	0	8	2	0
np0932	6	0	21	17	7	5	16	28	10	63	26	0	2	7	744	403	5	5	5	0	0	0	7	0	17	1	19	0	153	26	33	24	45	13	21	12	834	5	18	27	16	274	574	63	81	638	15	21	167	48	91	59	100	49	0	1	274	29	57	195	15	15	7	25	36	0	3	661	45	0	1	9	56	1	7	0	5	2	16	30	6	0	70	1	21	18	15	197	16	30	20	0	216	3	1	5	7	7	0	5	9	10	600	15	381	61	41	46	0	32	186	6	4	0	12	0	29	198	36	311	0	599	6	0	16	67	74	9	23	0	5	3	14	47	10	25	39	0	21	12	27	5	8	52	1426	1440	0	72	0	12	0	861	14	26	27	9	51	14	28	19	0	16	79	9	14	15	34	0	15	11	146	10	128	7	8	5	4	460	3	6	196	15	0	7	211	11	8	392	0	0	2	232	8	3	7	0	0	7	9	167	0	23	16	0	0	30	12	10	4	2	1	13	7	0	42	5	7	463	21	13	176	56	0	11	6	50	6	30	1	2	50	6	1023	3	36	7	21	4	0	0	0	48	4	0	0	1	0	23	1	128	0	8	113	59	21	20	210	266	0	20	162	0	39	39	0	0	0	36	24	27	37	27	95	47	135	35	16	4	0	50	68	10	49	19	21	0	2	25	2	0	22	26	25	317	100	3	0	377	16	25	61	5	6	16	8	11	6	0	3	13	23	32	18	144	9	0	88	0	3	19	16	5	0	2	13	9	10	0	129	12	13	13	20	0	11	66	28	21	57	12	101	582	59	21	43	49	249	2	23	16	2	0	0	0	0	532	0	8	0	641	644	415	55	0	0	44	572	28	19	658	88	18	12	10	9	24	0	132	915	35	153	196	124	23	11	109	2	78	9	77	0	0	18	28	23	89	306	633	57	13	5	0	119	0	233	13	26	14	1563	41	11	15	72	39	7	6	3	12	0	4	8	0	1	0	236	14	47	28	15	104	11	38	12	0	9	13	9	14	2	21	0	32	0	42	934	57	64	2	15	22	8	3	22	107	0	65	99	7	9	57	212	505	345	106	0	5	19	11	7	12	14	6	41	84	72	141	8	6	9	10	0	9	33	14	7	80	158	80	8	36	1	57	13	83	0	15	0	0	24	2	0	266	79	30	153	319	220	0	1555	149	0	5559	50	190	29	273	0	0	0	0	22	859	59	54	0	0	0	23	1	7	15	0	0	280	0	16	109	7	16	85	1	0	0	0	0	0	0	10	116	388	244	45	0	7	3	299	15	133	190	183	135	230	1729	266	9	0	102	6	33	7	69	7	30	5	3	17	0	6	0	3	0	3	0	30	0	39	61	29	8	37	22
np0933	14	0	26	178	11	148	2	25	0	8	119	7	0	13	166	0	14	0	50	51	0	14	10	2	0	0	105	64	0	111	4	85	23	47	0	0	711	160	20	0	0	105	297	221	7	144	0	8	102	31	845	12	79	0	8	0	1565	0	27	0	0	0	0	0	0	0	8	1048	0	0	0	358	23	0	11	0	33	51	0	15	1	0	65	0	1266	34	0	8	0	0	0	39	50	0	0	10	0	0	0	0	0	6	585	61	286	85	258	40	0	67	290	7	20	0	6	0	0	215	6	0	0	25	116	0	7	119	251	189	581	303	244	6	0	0	0	57	725	8	84	0	0	4	24	0	2031	0	0	0	0	28	296	697	0	0	0	3	2	2	24	144	0	0	65	0	39	4	20	2	135	0	1075	0	123	0	8	0	3	1171	22	0	0	0	45	507	593	0	0	7	117	0	53	2	15	0	0	0	0	0	0	0	0	516	20	123	0	150	55	478	0	0	0	65	136	0	11	85	0	2594	52	0	841	4335	0	0	0	80	0	0	8	0	0	0	262	0	90	2	26	27	0	108	0	361	30	21	2	0	50	1	5	1474	0	464	637	20	9	20	16	63	0	48	156	13	50	10	0	0	24	0	0	0	0	0	0	0	0	0	0	0	174	0	0	0	0	0	0	324	303	0	273	327	198	0	0	75	0	0	40	0	0	71	11	121	7	29	8	9	9	3	4	0	0	0	0	0	0	0	1083	70	0	1	0	0	125	0	0	9	0	0	37	0	0	0	0	0	0	0	0	35	0	0	0	0	0	0	4	326	0	177	0	0	47	3	25	0	0	34	0	109	0	2	103	0	0	1	0	0	0	0	0	0	0	0	0	0	0	0	0	0	3313	0	0	0	0	133	45	10	9	28	0	0	0	0	0	0	0	0	1545	182	62	10	0	0	653	45	1150	107	64	29	0	0	0	13	26	8	0	0	0	0	0	3	25	0	0	84	0	0	2	8	0	1	0	13	1471	151	1338	12	38	0	0	2	0	5	0	84	126	0	229	0	1	44	8	6	0	19	15	0	0	63	0	140	32	2827	0	0	13	28	0	0	5	7	0	17	0	25	9	28	0	0	3	2	4	6	5	0	0	53	69	21	0	23	0	0	2	0	1761	0	0	731	11	0	21	42	0	0	81	24	160	13	514	655	0	2287	92	516	15	56	18	20	0	0	37	37	9	8946	60	0	73	135	2	0	0	0	0	453	0	6	102	87	3	2583	0	54	1	16	98	0	0	13	0	81	4567	1887	0	3	7	6	2	7	1	0	11	0	24	10	0	0	12	0	0	0	0	0	0	0	0	33	0	0	0	0	0	0	11	16	0	6	0	0	13	0	0
np0936	1	3	0	16	0	0	0	4	9	19	23	0	13	1	1087	1031	1	1	2	0	0	0	0	3	0	0	7	0	77	5	9	40	32	10	5	0	211	0	9	0	8	60	285	22	65	448	0	5	76	41	37	7	44	41	0	0	239	15	13	19	6	6	137	0	6	10	0	304	0	0	0	0	23	1	5	0	0	0	2	21	17	13	123	0	17	17	17	216	3	4	8	0	56	0	0	2	7	4	0	4	0	0	93	7	64	28	45	30	0	48	487	0	8	0	0	0	15	113	34	79	0	169	0	0	11	9	25	4	9	0	7	0	0	39	7	42	135	4	54	0	31	1	3	15	202	168	1	12	0	14	0	228	5	13	9	3	11	3	6	7	0	0	25	5	13	3	3	0	13	9	33	2	85	0	13	3	0	279	4	0	46	19	0	0	96	4	5	159	2	0	0	5	17	0	2	0	3	5	4	5	4	14	36	0	3	10	10	20	0	7	0	2	18	5	8	0	12	233	16	6	167	36	5	0	7	17	0	12	1	0	35	0	460	2	19	4	282	109	58	0	0	45	3	6	0	0	2	4	22	238	8	24	44	52	15	19	92	154	0	0	41	0	10	12	4	1	2	8	7	10	14	11	56	21	43	28	2	2	0	27	24	10	16	3	2	0	0	5	0	0	0	3	4	51	15	0	0	105	11	12	25	5	6	8	0	3	4	0	0	7	17	0	0	67	8	0	16	0	0	19	0	0	3	1	25	8	6	0	109	14	8	22	26	0	3	57	26	14	43	25	9	94	87	63	18	146	29	11	0	7	8	0	0	1	3	946	0	386	433	1399	4707	1698	17	1	0	662	1132	7	5	115	22	0	0	0	0	2	0	16	138	13	24	50	24	16	0	45	2	21	0	31	0	0	35	16	15	37	190	73	9	0	7	0	14	0	358	17	17	7	348	17	0	0	64	23	0	0	0	0	1	0	0	0	0	0	6	0	15	8	0	46	0	13	2	0	0	3	0	3	0	4	0	31	0	0	101	20	10	0	2	0	7	3	4	23	0	27	58	9	8	14	154	108	90	23	0	2	3	0	2	0	4	6	4	38	29	71	9	0	5	0	0	3	4	10	0	48	120	22	12	16	0	12	4	36	1	2	0	0	4	0	0	62	24	11	60	51	76	0	1044	65	0	2890	49	63	13	148	0	0	0	0	16	530	40	18	0	1	3	0	1	0	0	0	6	102	0	7	62	7	30	35	0	0	0	0	0	0	0	0	9	41	30	23	0	0	1	16	0	13	14	7	2	11	71	0	0	0	27	0	21	0	112	0	59	2	0	30	0	5	0	0	0	2	0	12	0	0	8	3	0	5	0
np0942	0	0	0	0	0	5	1	2	38	0	18	0	4	9	711	2	0	0	0	2	0	5	6	8	0	14	6	0	10	0	3	10	10	4	0	0	124	4	4	8	0	14	49	24	13	87	0	8	11	31	4	0	25	3	0	0	860	34	0	0	95	28	2	67	34	47	2	3487	0	0	0	6	23	0	0	26	54	13	0	14	6	5	49	16	0	11	0	9	1	2	5	0	13	0	3	0	0	0	1	0	8	0	177	40	100	49	123	94	0	123	562	13	12	3	0	0	10	94	92	64	0	21	0	2	0	7	11	8	20	0	15	0	16	65	22	79	103	6	443	14	72	0	7	0	20	18	6	3	3	13	1	24	39	17	13	7	11	0	0	1	0	0	0	0	36	12	6	5	0	23	404	5	54	26	0	0	5	752	0	10	31	54	0	40	500	5	9	13	3	0	2	12	35	9	1	0	2	16	9	0	7	8	21	0	0	33	17	14	1	0	4	0	60	10	200	12	0	581	24	0	1172	331	42	24	19	98	80	0	0	0	6	0	46	3	24	13	34	15	5	0	0	88	0	8	0	0	0	7	3	38	0	0	35	49	0	0	94	199	0	6	5	8	18	10	122	56	4	5	0	4	0	0	5	5	21	0	0	0	0	8	4	11	19	0	2	0	0	0	0	1	5	0	4	115	47	2	0	9	5	25	79	0	0	2	0	11	6	0	0	10	39	29	19	205	25	0	127	0	0	78	42	10	27	9	22	4	2	0	59	0	8	0	7	0	4	50	14	7	39	10	54	685	72	12	69	90	113	4	46	46	3	0	0	8	4	160	1	108	81	224	869	259	99	0	0	142	166	38	383	933	1304	141	112	98	0	9	2	2	22	0	5	5	5	56	15	87	0	37	5	0	39	2	142	136	163	109	517	48	14	25	8	0	221	0	277	13	22	12	951	22	12	5	45	25	6	2	18	6	0	6	0	4	18	0	10	0	2	3	0	1	0	7	6	0	0	27	13	3	0	9	5	4	0	4	37	15	4	0	0	0	8	0	7	7	0	8	11	0	8	2	137	41	26	11	0	6	0	3	0	0	0	0	0	35	14	65	0	0	0	0	0	3	2	6	0	11	9	5	0	22	0	10	14	7	3	0	0	0	0	2	0	37	11	3	30	33	16	0	104	4	0	249	5	9	17	153	0	0	0	0	30	310	2	1415	0	0	4	74	0	4	7	0	0	75	0	71	97	8	4	0	0	78	5	68	521	0	4	8	113	200	202	122	0	3	6	0	0	2	6	3	1	1	22	3	0	0	18	0	9	17	38	150	26	1	2	35	0	20	3	19	0	17	16	35	0	27	52	21	8	10	6
np0943	0	20	10	46	39	18	2	8	7	76	220	24	38	26	3984	2821	4	9	18	34	7	12	17	25	25	9	55	0	156	13	24	115	93	9	11	10	720	17	30	23	16	376	612	119	50	2290	10	65	237	193	54	16	76	47	2	6	2547	80	47	22	48	18	38	112	174	277	10	5220	158	2	10	30	646	17	83	10	13	4	381	29	18	12	125	53	23	159	0	656	64	86	152	0	689	10	10	29	20	30	10	79	25	29	525	45	248	131	163	130	43	68	762	27	20	6	37	18	132	658	299	275	0	111	6	17	25	70	107	84	170	0	11	2	36	10	271	520	264	9	167	87	756	34	107	17	203	211	27	18	27	142	0	444	815	226	209	130	6	25	29	23	20	11	31	16	48	23	18	7	13	25	382	58	143	59	43	144	29	1246	61	13	154	50	0	11	1425	45	75	11	194	0	0	24	120	22	72	12	30	15	25	9	31	312	742	0	6	204	73	64	34	14	10	93	116	22	249	0	24	1347	36	26	1809	537	0	14	14	141	83	0	3	3	64	12	263	13	52	23	7	3	0	0	3	290	0	30	7	4	31	85	27	265	10	16	215	134	9	8	552	1000	27	75	46	0	19	12	34	8	43	78	161	89	223	160	200	113	63	129	31	9	0	42	29	15	31	25	19	2	0	162	0	0	62	26	16	854	312	10	7	619	54	104	249	0	10	11	8	24	17	5	5	54	180	159	55	816	94	28	361	11	8	157	60	30	37	16	69	9	13	22	306	42	12	30	78	18	16	278	107	33	190	49	486	5260	73	16	33	49	1352	3	66	11	1	0	0	2	1	16	3	0	0	47	83	23	676	3	0	50	21	13	92	6062	342	86	70	70	38	83	0	45	540	5	25	124	114	102	72	746	79	163	10	987	0	6	254	110	86	303	2371	139	30	64	26	6	286	5	853	20	47	31	433	231	65	118	870	251	47	10	12	49	22	8	39	9	0	0	5	0	150	12	10	56	1	65	12	0	0	78	101	43	0	50	28	124	0	54	1354	158	96	27	37	32	124	62	183	321	28	373	489	106	135	234	3830	1490	1352	645	6	57	144	26	44	149	35	33	92	1069	641	1436	146	15	22	13	1	29	79	63	45	223	300	172	78	541	5	168	260	278	29	18	4	5	46	17	2	749	346	151	797	1109	850	0	5545	481	60	12528	218	340	504	2793	160	0	1	52	529	11295	283	212	0	10	0	46	43	39	31	0	21	180	0	83	203	50	40	125	14	0	0	0	0	0	4	27	226	405	508	76	29	53	44	207	8	93	134	166	75	128	1320	157	38	9	356	46	198	8	38	29	20	10	3	144	0	36	0	16	0	2	5	201	13	170	118	72	4	144	42
np0944	0	0	0	3	0	0	0	10	0	15	26	0	0	4	108	0	3	4	6	0	0	0	2	0	0	0	7	35	29	8	12	12	30	0	0	0	494	0	9	8	4	179	209	34	45	424	3	3	121	33	24	8	28	2	0	0	78	0	41	138	34	11	9	447	0	0	1	3697	0	0	1	0	10	1	0	2	0	0	0	0	0	0	16	0	0	0	260	169	9	10	8	0	114	0	0	8	4	9	0	16	2	0	96	64	54	7	80	56	57	0	175	0	0	0	0	0	0	11	0	102	0	324	9	0	0	31	24	1	2	2	0	0	2	5	0	0	5	0	95	0	7	0	0	0	14	25	0	6	0	1	0	72	0	0	3	0	6	12	17	4	0	16	12	1	5	7	5	0	12	3	25	5	69	3	2	0	2	85	0	0	17	5	0	21	31	0	0	0	6	0	0	42	10	0	0	0	0	4	0	15	0	3	8	0	0	9	6	7	7	3	0	0	0	0	0	0	0	88	7	3	7	14	0	0	0	15	1	6	1	0	10	4	126	0	0	2	4	2	0	0	1	103	0	0	0	3	0	1	1	12	0	0	14	11	3	7	26	49	0	0	40	0	13	2	25	20	0	118	0	133	199	82	14	5	84	7	0	0	0	43	45	3	10	0	0	2	0	0	0	0	0	4	3	17	5	0	0	6010	0	8	13	8	5	6	20	5	15	5	0	0	6	5	0	3	0	0	0	0	0	5	7	1	0	0	113	9	9	15	311	37	15	23	108	0	6	290	86	28	77	28	1556	2122	33	0	53	25	3977	1	10	117	1	0	0	1	0	87	6	38	42	135	367	142	33	0	0	81	120	143	8	358	28	4	0	0	0	0	4	7	159	0	51	17	10	15	0	16	0	3	0	0	0	0	9	0	0	9	52	47	3	3	0	0	6	0	26	2	0	4	13	3	0	9	72	27	0	0	0	1	4	0	0	0	8	0	432	26	1	4	1	38	2	9	0	0	0	0	3	4	0	0	1	0	0	0	104	0	0	2	1	2	8	0	13	75	0	53	97	4	3	9	78	151	161	48	0	0	72	5	3	5	4	7	21	16	10	20	0	0	0	3	0	5	10	55	53	47	48	46	120	0	2	6	0	30	4	0	0	0	4	4	0	215	11	0	158	110	176	0	2396	99	0	6357	131	80	7	97	8	0	0	0	17	375	38	29	0	0	0	0	0	0	12	0	2	35	0	4	58	6	5	0	0	0	0	0	0	0	0	22	292	171	348	26	2	0	0	54	0	26	42	34	17	19	358	64	3	0	323	0	27	0	14	0	17	5	1	6	0	0	0	0	0	0	1	3	0	5	2	7	0	5	2
np0945	0	0	0	2	5	0	2	0	0	0	4	4	0	3	15	0	0	0	0	0	4	0	1	3	0	0	1	0	0	6	0	6	0	1	0	0	73	2	0	0	0	16	6	47	0	42	0	3	19	6	13	0	6	0	0	0	287	0	0	1	0	0	0	0	0	0	0	337	0	0	0	113	8	0	0	0	9	24	0	3	0	1	18	0	4	1	0	0	0	0	0	2	0	0	0	1	0	0	0	0	0	0	74	13	44	40	33	3	7	0	42	0	0	0	0	0	0	52	0	0	0	16	10	1	0	9	20	5	8	40	12	15	0	0	0	5	148	1	85	0	0	0	5	0	125	0	0	0	0	23	32	15	0	0	0	0	0	0	0	1	0	0	0	0	5	0	3	0	6	0	242	0	36	0	12	0	0	181	1	0	0	0	8	29	164	0	0	1	51	0	10	3	11	0	0	0	0	0	0	0	0	191	0	39	0	36	14	78	0	0	0	8	87	0	2	69	0	425	0	0	417	436	0	0	0	21	3	0	0	0	0	0	43	0	17	0	8	10	0	65	0	71	12	4	2	0	17	0	1	88	0	24	22	0	0	0	10	16	1	13	2	0	0	0	0	0	3	0	0	0	0	0	0	0	0	0	0	0	9	0	0	0	0	0	0	0	4	0	4	7	12	0	0	6	0	0	5	0	0	12	7	1	0	0	0	0	1	0	0	0	0	6	0	0	0	0	123	31	0	0	0	0	71	0	0	2	0	0	7	0	0	0	0	0	0	0	0	10	0	0	0	0	0	0	19	324	0	283	0	0	13	8	0	0	0	3	0	146	0	18	93	0	0	0	0	0	0	0	0	0	0	0	0	0	0	0	0	0	572	0	0	0	0	22	4	0	0	0	0	0	0	0	0	0	0	0	474	52	15	5	0	0	252	20	150	11	5	3	0	0	0	0	6	3	0	0	0	0	0	0	3	0	0	2	0	0	0	2	0	0	0	0	18	2	2	5	20	0	0	0	0	0	0	8	4	0	15	0	0	0	3	0	0	0	0	0	0	3	0	4	10	63	0	0	0	0	0	0	0	1	0	0	0	6	7	6	0	0	0	2	0	0	0	0	0	1	4	3	0	0	0	0	0	0	7	0	0	9	0	0	1	4	0	0	3	5	21	0	17	24	0	97	1	34	1	5	8	6	0	0	10	8	0	1435	13	0	21	56	0	0	0	0	0	53	0	0	19	5	0	29	0	0	0	5	51	0	0	2	0	27	865	140	0	1	0	0	0	4	0	0	0	0	3	0	1	0	1	0	0	0	0	0	0	0	0	2	0	0	0	0	0	0	0	3	0	0	0	0	0	0	0
np0947	0	0	0	0	0	0	5	0	339	0	139	14	0	28	540	0	2	0	0	2	37	5	9	4	0	0	0	0	0	0	0	78	0	3	0	0	710	168	0	0	0	0	7	18	0	432	16	63	20	19	0	0	62	0	0	7	31	0	0	3	359	0	0	0	0	0	8	505	0	0	0	0	60	0	1	218	0	179	0	11	6	1	50	0	10	0	0	4	52	2	0	0	132	0	0	4	0	8	0	9	0	5	359	16	258	23	80	151	0	5	62	0	0	9	49	0	0	0	0	0	234	15	0	0	5	0	23	0	0	0	0	0	0	0	2	0	0	0	0	1	0	0	0	0	0	0	0	10	0	0	0	0	0	0	0	155	0	0	0	0	0	0	0	0	9	16	74	0	0	0	323	0	5	16	37	758	9	1078	0	898	0	0	0	160	489	0	0	0	4	0	0	0	274	107	168	3	29	0	0	0	199	24	40	0	0	178	30	156	2664	0	0	730	20	0	4	0	31	396	0	2	35	79	0	0	0	52	36	5	133	0	52	51	30	0	0	8	0	0	0	0	55	590	0	77	16	55	157	729	12	99	0	0	33	129	0	0	0	3	4	729	30	1639	26	5	0	0	667	198	0	0	0	0	0	0	0	22	0	0	0	0	0	0	0	0	0	0	0	660	0	0	0	0	0	0	0	0	0	0	238	22	999	0	0	0	0	3	0	0	0	1	84	53	0	162	0	0	0	0	8	51	222	36	120	0	0	0	0	7	20	0	0	92	0	3	0	95	0	0	0	0	0	90	42	0	498	702	0	0	0	0	0	0	0	10	418	0	0	14	0	0	718	1366	0	335	7	17	0	0	0	0	0	0	0	0	0	0	0	0	0	0	0	0	0	66	0	0	0	0	0	0	0	246	0	10	0	16	6	9	0	0	0	4	393	0	146	0	0	0	0	2	0	137	1038	4	0	0	469	0	0	3	0	14	95	0	0	0	0	0	0	0	0	1	0	0	0	7	0	0	0	12	0	319	70	0	182	70	91	35	7	0	0	15	0	35	0	102	27	0	0	0	275	184	17	25	10	0	0	17	0	0	0	0	11	9	0	30	0	0	0	0	0	35	91	0	0	99	23	49	0	0	0	0	0	0	0	1	52	0	12	0	0	10	0	0	42	146	249	0	515	209	0	633	3	0	41	2143	18	0	222	18	357	679	47	607	0	0	0	15	0	0	0	0	0	162	0	0	143	63	2	0	0	0	0	0	0	3	0	3	0	4127	0	7	0	1	0	47	2	3	6	63	5	2	126	52	0	0	23	0	0	42	190	2613	1	0	0	3	0	664	0	50	9	538	86	20	0	0	0	0	0	0	0
np0952	0	0	0	0	0	0	0	3	0	0	38	0	0	8	678	0	10	0	0	0	0	5	6	10	0	5	2	31	0	0	0	27	0	0	0	0	696	0	9	0	0	89	0	37	282	98	0	7	19	44	0	0	17	0	0	0	398	0	0	0	955	0	0	0	0	0	8	33	0	0	0	18	6	0	0	5	34	91	0	0	0	1	9	0	4	0	0	0	0	0	4	0	15	0	6	0	0	1	0	0	0	1	64	0	14	5	2	4	0	1	4	0	0	0	6	0	0	3	0	0	0	0	17	3	5	35	9	0	5	0	0	0	0	23	47	0	0	0	0	0	45	0	2	0	0	0	0	0	7	283	0	7	142	0	0	0	0	0	0	2	0	0	0	0	0	0	8	1	0	0	257	0	76	0	9	0	0	380	0	2	0	0	0	32	247	0	0	0	3	0	0	0	0	0	0	1	0	0	0	0	0	131	0	0	0	32	0	20	0	0	0	49	0	0	5	0	0	918	0	0	140	153	0	0	0	51	3	4	2	0	0	0	15	0	0	0	0	2	0	0	0	142	0	10	4	0	3	32	0	14	0	0	8	36	0	0	7	19	0	12	14	0	27	0	0	0	6	8	0	0	0	0	0	0	0	0	0	0	0	0	0	0	0	0	0	0	0	0	0	0	5	0	0	1	0	0	0	9	4	0	4	3	0	0	0	0	1	0	0	37	29	0	0	75	0	0	190	6	0	6	16	0	21	0	0	51	36	0	47	0	44	0	0	0	0	0	0	56	0	0	0	0	89	0	0	609	0	38	2	0	39	3	111	0	0	37	0	56	0	1	52	0	0	0	0	0	0	0	0	0	0	0	0	0	30	62	153	0	800	0	0	0	0	0	0	0	0	0	81	0	0	0	0	0	0	313	165	368	309	11	0	106	1436	0	168	10	61	0	0	0	0	3	29	27	0	0	0	0	0	0	0	1	2	0	0	0	0	0	0	3	0	5	2	19	1	0	0	0	0	0	0	3	0	5	7	0	10	0	0	2	11	9	0	10	0	0	0	84	0	336	230	947	0	12	0	0	0	0	4	0	0	6	3	40	0	9	13	0	0	0	0	9	8	0	0	28	26	14	0	0	0	0	0	0	0	0	0	101	0	0	0	0	0	0	209	69	80	6	396	34	0	1562	18	700	15	136	158	136	0	0	135	167	0	219	0	0	0	29	0	0	12	10	0	20	0	0	280	21	0	1	1	0	4	0	0	0	0	0	0	0	860	0	0	0	1	10	0	3	0	0	0	0	16	0	1	0	33	0	7	69	78	0	0	162	297	0	0	8	0	0	0	0	4	225	0	110	0	0	5	118	29
np0953	0	0	0	0	0	9	19	4	0	0	0	0	1	0	69	0	0	0	0	0	0	3	1	0	0	0	0	0	0	2	0	0	5	0	0	0	12	0	0	0	0	0	0	0	0	0	0	1	0	0	0	3	5	0	0	0	5	0	0	0	0	0	0	0	0	0	0	2717	0	0	0	0	104	0	0	0	0	0	0	4	0	0	0	0	0	65	0	27	0	0	0	0	7	0	29	0	0	0	0	0	3	0	937	2	564	234	619	140	1	0	6	0	0	60	126	0	0	0	0	0	0	0	0	0	2	0	3	0	0	0	11	0	0	0	0	0	0	0	0	0	0	0	0	0	0	0	0	0	0	0	0	0	0	0	0	1	0	0	0	0	0	0	0	0	0	0	2	0	3	0	3	0	2	0	47	0	0	6	0	0	0	0	0	609	0	0	0	4	60	0	10	1	93	41	0	10	0	0	0	0	0	15	5	0	0	1255	252	0	0	1	0	2	0	0	29	0	0	3	0	0	44	3	0	0	0	0	25	0	0	0	0	0	18	0	0	0	391	132	83	0	681	9	0	3	0	6	9	27	2	2	0	0	7	19	0	0	4	0	0	6	0	5	0	0	0	0	12	0	0	0	0	0	0	0	0	0	0	0	0	0	0	0	0	0	0	0	0	0	0	0	0	0	0	0	0	0	0	0	0	0	35	0	0	0	0	94	0	0	0	0	0	0	0	0	0	0	0	0	0	0	13	0	14	0	0	1	0	0	0	0	0	0	0	0	0	1	0	0	0	0	0	0	0	0	0	0	0	0	0	0	0	0	0	0	0	0	0	0	0	0	4	0	0	0	0	0	0	0	0	0	0	0	0	0	0	0	0	0	0	0	0	0	0	3	0	62	0	0	0	0	15	0	0	0	0	0	3	0	0	0	4	12	62	0	12	0	0	0	0	0	0	0	3	0	0	0	0	0	0	0	0	0	13	0	0	0	0	0	0	0	0	0	0	0	0	0	0	0	0	0	0	1	0	0	596	0	6	20	0	0	0	0	2190	6	0	0	0	0	0	0	29	1	0	4	0	0	0	0	0	0	0	0	0	13	4	12	0	0	0	0	0	2004	2627	0	0	4671	64	2207	0	0	0	0	0	0	0	0	0	0	0	0	0	0	0	0	0	0	7139	0	72160	0	0	0	0	0	0	867	0	0	0	0	0	59	0	14	0	0	1	742	0	0	0	0	0	49	0	0	0	0	3	0	0	0	11	0	0	0	3	0	0	0	0	0	0	0	8	7	0	0	0	0	528	0	0	869	0	0	0	0	0	0	0	0	0	0	0	0	0	77	0	0	0	0	0	0	0	0	0	0	2	0	0
np0956	0	0	0	81	4	3	37	0	173	175	118	0	0	3	521	1	8	27	14	214	19	2	0	16	14	7	68	143	37	13	1	268	13	0	7	17	1103	9	0	0	0	1808	1567	4	0	1005	20	61	224	194	17	62	244	0	0	0	904	0	108	7	24	0	0	0	0	0	0	1364	0	0	0	672	113	11	4	0	0	0	0	12	1	0	18	0	62	0	0	101	33	0	0	0	317	121	15	239	0	201	0	0	10	21	61	12	800	124	87	72	0	14	204	0	0	0	3	6	0	54	20	0	0	0	16	12	30	88	38	29	20	0	0	0	0	0	0	0	240	0	21	0	0	0	9	0	0	0	11	71	33	30	0	13	0	0	0	0	4	0	36	6	0	0	0	0	10	16	35	4	6	0	417	12	89	0	20	9	0	626	10	0	0	0	0	164	452	0	0	0	0	4	10	12	25	0	0	0	0	4	0	0	0	371	0	23	13	33	7	31	1	0	0	728	67	0	18	0	0	1164	0	0	240	94	0	0	0	86	10	50	0	0	0	0	55	0	2	9	39	18	7	0	5	586	0	56	1	0	0	1	6	45	0	0	59	1137	0	28	0	6368	0	40	198	8	13	3	0	0	4	0	0	0	0	0	0	0	0	0	0	0	0	0	0	0	0	0	0	0	0	0	0	0	0	0	0	103	0	0	0	0	0	0	51	86	5	2	127	30	23	47	0	0	0	33	0	0	0	19	0	0	0	0	10	0	2	5	0	0	0	0	0	0	0	0	0	0	0	206	100	0	145	0	0	0	1	0	129	205	0	0	0	0	0	0	0	1	0	0	0	12	0	0	102	357	0	162	2	36	0	0	0	0	0	0	0	0	0	0	914	0	0	0	0	0	0	39	0	36	0	37	0	0	0	0	0	0	0	3796	1940	146	0	5	0	0	62	0	141	4	4	4	0	3	17	28	616	80	0	12	0	4	0	0	1	2	34	0	0	0	0	0	0	42	0	33	0	47	3	0	7	8	0	38	15	60	68	0	438	207	287	8	116	1752	25	71	34	633	0	0	857	0	0	0	1010	1712	951	19	0	0	0	0	0	0	0	0	0	435	201	486	0	75	9	20	0	5	123	0	0	98	178	42	0	0	0	0	4	0	0	0	12	0	82	0	0	97	0	0	0	204	731	0	8200	12	0	3630	68	0	311	1642	107	0	91	3	138	745	343	218	0	1	0	12	0	0	0	71	18	937	14	3	67	9	5	0	7	0	0	0	0	0	1	3	0	69	4265	175	0	7	8	103	0	0	0	0	8	22	31	14	5	0	272	0	5	149	20	1	0	0	0	25	0	26	0	0	0	0	3	196	0	40	11	16	7	0	0
np0957	5	12	16	47	7	141	10	2	17	107	47	0	0	21	1132	1343	13	20	0	7	3	3	5	4	17	1	14	24	117	50	51	33	104	0	14	4	1485	8	24	43	31	1072	662	127	118	568	3	34	434	113	243	80	209	192	9	3	3153	41	78	2	50	22	21	297	26	153	0	4411	29	0	3	5	62	5	19	0	5	0	0	28	15	3	44	10	52	71	1366	1428	28	50	42	0	1553	0	3	2	1	6	3	13	0	14	569	81	206	46	300	322	0	55	245	6	4	0	4	2	4	281	148	1646	1	61	15	3	17	62	71	0	0	0	79	40	56	288	29	25	67	24	1088	99	98	2	17	9	1923	1848	2	202	8	72	6	2103	3	59	48	0	167	26	53	10	1	394	30	5	25	22	33	2	41	83	271	0	277	81	7	0	0	2092	42	8	55	13	0	15	939	33	28	7	694	0	0	0	52	19	0	0	0	10	8	76	6	170	232	20	6	28	21	14	0	0	0	41	53	11	57	9	38	1881	81	24	691	241	0	8	10	116	21	14	4	1	37	12	384	1	8	4	56	12	10	0	0	102	0	8	3	0	6	9	15	653	0	43	251	157	60	79	590	889	4	9	137	29	37	24	7	7	8	159	102	65	105	81	221	159	527	173	65	4	0	265	228	6	19	38	36	2	5	104	5	5	47	60	51	542	216	3	3	2946	151	21	51	114	93	14	25	22	17	0	0	6	31	40	16	114	3	5	119	0	0	24	12	3	10	0	108	24	23	14	398	45	16	58	124	5	7	277	82	44	169	74	140	12584	33	0	41	18	493	0	18	12	0	0	0	0	0	27	0	1	0	56	108	41	1264	0	0	30	31	12	61	16653	275	59	50	33	0	5	0	158	1148	30	398	249	135	41	71	59	3	300	32	36	0	0	425	21	41	261	1526	142	12	16	0	0	74	3	533	47	35	20	23279	50	12	40	204	62	12	1	6	7	0	3	10	0	0	3	469	25	31	14	38	128	13	20	136	46	173	6	5	14	0	8	4	64	0	31	707	92	65	16	18	281	23	0	28	411	15	381	954	247	35	223	1310	1713	1699	327	5	17	183	7	14	21	22	77	151	267	137	415	90	0	8	10	0	23	47	45	34	328	598	181	71	43	12	156	21	2224	1	159	0	0	12	154	0	746	108	59	317	389	457	0	5258	283	59	13858	261	679	67	492	15	0	0	0	57	2004	1642	95	4	0	0	22	3	0	51	0	26	506	1	25	312	17	7	848	7	1	0	0	15	0	0	35	431	1553	727	57	10	5	7	72	0	16	36	31	18	33	276	56	8	0	65	15	59	2	16	35	12	18	6	15	0	2	0	0	0	0	10	30	2	26	57	20	5	4	3
np0961	0	0	0	0	1	0	0	0	0	0	0	0	0	0	6	0	2	0	0	0	0	0	0	0	0	0	0	0	0	0	0	0	0	0	0	0	5	0	0	0	0	6	5	0	0	5	0	2	2	2	2	0	0	0	9	0	175	0	0	0	0	0	0	0	0	0	0	183	0	0	0	33	3	0	0	0	12	15	0	0	0	0	24	0	0	30	0	0	0	0	0	0	0	0	1	0	1	0	0	0	0	0	40	0	8	12	20	0	0	5	33	0	0	0	0	0	0	16	0	0	2	18	0	0	0	0	3	4	3	26	16	2	0	0	0	0	14	0	363	0	0	0	4	0	24	0	0	0	0	9	9	2	0	0	2	0	1	0	0	0	0	0	0	0	2	0	0	0	0	0	96	0	2	0	0	0	0	156	0	0	0	0	11	11	144	0	0	0	2	0	14	9	0	0	0	0	0	0	0	0	0	46	0	10	0	2	8	40	0	0	0	0	13	0	0	28	0	277	0	0	106	248	0	0	0	14	0	0	0	0	0	0	16	0	52	0	4	7	0	20	0	81	8	0	0	0	3	0	0	37	0	10	1	0	0	0	0	3	0	7	0	0	2	0	0	0	3	0	0	0	0	0	0	0	0	0	0	0	2	0	0	0	0	0	0	0	0	0	2	0	0	0	0	0	0	0	2	0	0	3	0	0	0	0	0	0	0	0	0	0	0	0	0	0	0	0	10	12	0	0	0	0	24	0	0	0	1	0	3	0	0	0	0	0	0	0	0	0	0	0	0	0	0	0	89	624	0	884	12	0	4	4	0	0	0	2	0	317	0	36	177	0	0	0	2	0	0	0	0	0	0	0	0	0	0	0	0	0	254	0	0	0	0	3	4	0	2	0	0	0	5	0	0	0	0	0	180	14	12	1	0	0	66	5	65	5	6	0	0	0	0	0	6	0	0	0	0	0	0	0	0	0	0	0	0	0	0	0	0	0	0	0	4	2	0	8	0	0	0	0	0	0	0	7	0	0	0	0	0	0	0	2	0	0	3	0	0	0	0	9	0	5	0	0	0	0	0	0	0	0	0	0	0	0	0	0	0	0	0	0	0	2	0	0	0	0	2	2	0	0	0	0	0	0	6	0	0	5	0	0	0	0	0	0	4	0	12	0	6	1	0	29	0	13	14	63	9	0	0	0	6	13	0	238	3	2	2	8	0	4	0	0	0	98	0	0	8	2	0	0	0	1	6	0	15	0	0	4	0	6	144	10	0	1	2	0	2	0	0	0	3	0	0	0	1	0	4	0	6	0	0	0	0	0	0	0	0	0	1	0	0	0	1	1	0	0	0	0	0	0	0
np0962	2	0	0	10	0	19	3	11	16449	22	24	0	0	1	0	0	46	5	0	0	0	0	5	0	4	0	7	33	34	10	3	28	23	22	12	0	1556	0	40	78	1	19	316	39	25	596	16	48	122	153	12	7	59	4	6	0	433	20	13	2	162	27	0	25	16	0	0	4102	0	0	0	1	24	1	6	11	60	16	0	229	18	12	1286	0	42	9	12	17	1	5	12	0	39	0	2	2	1	0	0	6	64	0	2157	382	655	14	1684	595	0	52	489	0	0	21	17	0	3	57	0	125	2	9667	6	0	12	8	27	0	0	0	21	38	23	11	0	0	6	0	253	0	3	0	1158	31	18	13	0	11	46	867	0	425	0	2	0	0	72	1	4	1	0	46	112	0	22	5	27	1	22	1979	1084	1	736	62	7	0	1	2083	0	21	393	28	0	19	1357	53	71	1	509	491	9	141	1105	601	0	2	0	20	9	14	2	7	10	0	458	174	116	221	0	2	2	0	718	0	70	0	71	2849	119	45	5644	837	0	0	13	150	67	7	14	0	22	0	636	39	1272	13	239	84	44	5	0	331	5	18	3	0	0	2	11	86	0	13	4	3	2	0	34	49	4	10	22	1	15	147	162	84	0	24	9	25	11	0	36	26	20	24	8	0	0	6	7	0	4	3	5	0	0	8	0	0	6	5	2	78	35	0	0	477	10	55	130	10	7	3	2	1	0	0	0	0	4	8	0	8	0	0	3	0	0	5	17	1	11	0	6	5	2	0	64	14	0	39	4	0	0	17	13	11	71	38	4	72	250	0	459	1951	12	327	173	1054	24	11	1	32	21	126	71	1085	0	262	1012	196	7	3	1	340	81	6	40	133	81	19	21	21	4169	8857	0	108	421	18	31	193	48	32	0	2	0	7	2	0	0	0	95	5	16	55	309	295	124	15	0	6	110	0	305	29	31	17	463	14	3	5	39	17	0	0	9	3	0	1	5	0	0	0	1474	48	5	13	0	3	0	24	2	0	0	6	3	1	0	0	2	20	0	0	60	15	7	2	0	3	11	0	3	5	0	8	21	3	0	3	60	129	112	22	0	2	3	0	10	0	4	3	0	30	19	45	8	0	0	0	0	1	4	0	0	5	15	3	6	0	2	37	7	16	5	0	0	0	6	0	0	64	16	4	35	42	55	0	442	34	10	1141	43	39	13	66	0	0	0	0	0	263	6	2065	184	0	0	15	0	0	2	0	0	436	48	16	337	9	5	4	0	3	19	0	10	4	1	10	109	596	320	360	0	4	2	3	2	7	13	7	2	4	27	5	0	0	14	0	13	86	105	60	50	0	22	0	0	1	0	0	0	1	2	5	1	11	27	9	33	13227	4465
np0963	0	0	0	0	4	8	65	0	2	0	232	151	0	44	260	0	24	0	0	0	24	2	24	3	0	20	6	0	0	0	6	0	0	155	0	0	666	9	276	0	2	55	251	208	49	273	0	47	89	54	19	0	40	0	0	180	663	0	0	1	0	0	0	0	0	0	0	163	0	0	0	63	30	0	0	0	0	0	0	0	0	0	6	0	0	0	0	0	0	0	0	0	55	0	0	41	0	0	0	0	99	0	686	7	1251	19	115	32	0	5	111	0	7	0	29	0	0	15	3	0	0	0	9	4	0	11	20	31	50	14	23	4	0	0	0	0	41	0	46	0	0	0	0	0	0	0	0	0	0	8	8	2	1	0	0	0	13	0	0	1	0	0	0	0	43	43	42	0	0	0	81	0	218	0	16	0	0	181	3	5	0	0	9	281	434	0	0	389	19	0	0	22	45	0	0	0	0	0	0	0	0	26	0	0	0	64	9	225	3	0	4	0	0	0	29	0	43	910	21	0	87	16	0	0	0	893	0	0	80	2	55	0	292	12	7	12	0	0	0	0	0	490	94	14	5	0	0	0	20	491	0	0	6	14	0	2	0	98	0	65	3	0	58	0	0	0	0	0	0	0	0	0	0	0	0	0	0	0	0	0	0	0	0	0	0	2	2	0	0	0	0	0	0	7	0	86	2	0	0	73	11	17	0	0	0	2	2	0	0	0	0	1	0	0	0	0	0	76	0	0	1	0	215	0	0	142	152	0	299	0	21	0	0	0	0	108	0	397	0	0	0	0	26	0	0	8758	0	590	0	0	2642	155	1125	128	8	2630	0	2100	0	144	3981	0	0	0	0	0	0	0	0	0	0	0	0	0	0	0	0	0	826	0	0	0	0	73	0	0	0	0	0	0	9	0	0	0	0	22	0	35	0	2	0	10	4584	1095	39	0	19	0	0	0	0	116	201	9	0	0	0	0	0	10	33	0	0	1	0	0	0	0	0	0	0	0	0	0	0	42	0	3	0	2	0	30	0	42	21	4	0	0	0	0	27	0	6	20	0	0	0	0	0	110	121	724	0	0	0	0	0	6	10	0	0	0	0	0	0	0	0	0	0	0	0	0	0	0	0	2	0	4	0	0	3	0	0	0	0	0	3	3	0	0	0	0	0	0	485	0	53	0	252	31	0	1041	51	209	16	149	199	0	0	0	165	20	0	934	0	0	0	26	0	0	0	0	0	209	37	0	83	55	0	40	0	0	0	16	164	0	1838	0	0	18	1325	144	0	8	11	0	0	13	0	2	0	0	15	4	10	0	18	0	0	0	5	0	1	0	0	7	0	0	12	0	2	0	0	20	0	0	0	0	18	0	0
np0964	0	0	0	2	123	0	0	0	0	132	81	18	9	4	1058	0	2	16	25	66	5	8	9	17	0	8	3	6	16	0	1	36	0	15	22	2	109	12	0	0	3	398	649	129	14	395	20	60	349	20	38	10	52	0	0	0	48	0	69	6	0	0	14	0	0	0	1	683	0	0	0	126	871	0	0	13	10	0	0	17	0	0	36	0	14	1	0	1	270	4	7	0	253	0	0	1	172	0	0	10	0	29	238	10	150	235	66	44	0	51	733	0	0	8	0	7	0	630	2748	0	53	6	8	79	25	21	77	5	209	0	0	0	0	30	8	20	34	0	0	0	5	2	31	4	14	0	8	66	18	0	0	230	1	0	0	1	4	0	4	0	0	0	8	0	0	13	33	10	26	0	147	90	44	0	14	94	6	712	0	0	0	503	0	4	1263	0	0	0	0	2	0	13	54	3	0	14	18	0	0	66	16	444	187	31	9	79	17	45	9	1	25	111	24	0	84	0	0	827	0	0	1769	328	16	0	0	277	3	2	3	0	5	62	40	0	0	16	0	4	0	19	5	124	0	12	4	3	50	51	0	187	0	0	236	554	11	15	227	397	0	27	19	0	11	6	0	0	32	875	0	0	0	0	0	0	0	0	0	0	0	0	0	0	0	209	0	0	0	0	0	0	0	0	0	1	0	0	0	0	0	108	216	0	0	16	8	21	38	4	193	0	1170	0	0	5656	2	0	0	0	160	133	436	30	0	0	0	0	0	0	5	0	0	0	0	0	0	8	5	0	0	0	0	1	20	0	6	133	0	56	0	0	0	0	0	38	3334	0	0	12	0	2	2	282	0	4	0	225	0	0	0	0	0	0	0	0	0	0	871	0	3	0	0	0	0	16	102	164	223	106	0	0	204	2	0	0	0	186	1141	17	15	33	16	3	310	10	143	4	25	11	0	0	0	68	462	74	0	2	0	0	0	1	1	1	0	0	0	0	0	32	0	215	7	19	12	0	43	175	40	0	40	91	23	139	21	0	566	174	97	9	46	2	9	0	5	872	0	0	774	0	0	13	817	1563	546	79	0	232	0	36	41	0	43	0	0	287	153	566	27	0	82	0	0	0	0	0	0	33	99	82	0	55	241	5	0	15	825	0	0	0	17	0	0	44	17	25	0	155	279	0	2277	33	84	3895	381	0	28	1644	0	0	0	0	56	2939	11	49	0	11	0	43	162	4	0	40	0	85	0	0	71	16	241	389	4	0	0	0	0	1	0	0	0	0	0	13	0	80	29	58	51	16	585	78	207	237	196	170	2	0	148	102	562	8	0	1336	0	0	0	691	24	12	0	0	0	0	0	4	0	0	0	0	4	0	0
np0965	0	0	0	0	0	1	1	0	0	0	6	0	0	0	10	0	1	0	0	0	0	0	2	0	0	1	0	0	0	0	0	2	0	2	0	0	10	0	0	0	0	0	0	11	0	18	0	0	16	9	0	0	0	0	0	0	98	0	0	0	0	0	0	0	0	0	0	155	0	0	0	5	2	0	0	0	9	18	0	2	0	0	7	0	0	1	0	0	0	0	0	0	0	0	0	0	0	0	0	0	0	0	19	6	16	15	7	0	0	0	11	0	0	0	0	0	0	7	0	0	0	5	7	0	0	0	3	1	0	17	6	10	0	0	0	0	11	0	155	0	0	0	0	0	15	0	0	0	0	2	0	4	0	0	1	0	0	0	0	0	0	0	0	0	1	0	2	0	2	0	58	0	6	0	0	0	0	70	0	0	0	0	7	32	72	0	0	0	24	0	7	0	2	0	0	0	0	0	0	0	0	36	0	15	0	13	9	56	0	0	0	1	15	0	0	21	0	314	10	0	107	200	0	0	0	11	0	0	0	0	0	0	16	0	4	0	8	2	0	35	0	52	14	2	0	0	10	0	0	34	0	10	0	0	0	0	0	6	0	6	2	0	0	0	0	0	9	0	0	0	0	0	0	0	0	0	0	0	0	0	0	0	0	0	0	0	0	0	0	0	2	0	0	0	0	0	1	0	0	3	1	0	0	0	0	0	0	0	0	0	0	0	0	0	0	0	7	14	0	0	0	0	36	0	0	3	0	0	1	0	0	0	0	0	0	0	0	3	0	0	0	0	3	0	16	211	0	247	4	0	3	0	0	1	0	1	0	129	0	16	74	0	0	0	0	0	0	0	0	0	0	0	0	0	0	0	0	0	168	0	0	0	0	5	0	0	0	0	0	0	0	0	0	0	0	0	113	25	8	1	0	0	36	0	34	3	4	3	0	0	0	0	1	0	0	0	0	0	0	0	4	0	0	0	0	0	0	0	0	0	0	0	0	0	0	0	3	0	0	0	0	0	0	0	0	0	3	0	0	0	0	2	0	0	0	0	0	0	0	0	2	7	0	0	0	0	0	0	0	0	0	0	0	1	0	0	0	0	0	0	0	0	0	0	0	0	2	0	0	0	0	0	0	0	0	0	0	0	0	0	0	0	0	0	0	0	6	0	2	0	0	12	0	0	0	3	4	1	0	0	0	4	3	809	3	0	8	12	0	0	0	0	0	21	0	0	8	1	0	4	0	4	1	5	45	0	0	2	0	11	363	70	0	0	0	0	0	0	0	0	0	0	0	0	0	0	0	0	0	0	0	0	0	0	0	0	0	0	0	0	0	0	0	0	0	0	0	0	2	0	0
np0966	2	0	5	50	8	15	0	0	0	2	25	9	0	0	138	0	8	0	1	2	0	4	0	8	0	0	8	0	0	16	0	0	0	5	0	0	443	317	0	0	0	14	27	94	0	355	0	4	149	28	19	4	88	0	0	0	1916	0	1	0	0	0	0	0	0	0	0	448	0	0	0	135	40	0	2	0	15	52	0	5	0	0	11	0	0	116	0	3	0	0	0	3	21	0	0	5	0	0	0	0	0	1	270	70	128	76	111	0	2	0	50	0	0	0	5	0	0	81	1	0	0	0	20	0	0	7	29	36	101	95	46	26	0	0	0	13	109	12	166	0	0	0	3	0	340	0	0	0	0	57	48	82	0	0	0	3	0	1	0	0	0	0	0	0	5	0	9	0	3	0	340	0	72	0	3	0	0	692	4	0	0	0	37	144	377	0	0	0	6	0	18	3	14	0	0	0	0	0	0	0	0	286	0	56	0	11	7	24	0	0	0	50	188	0	0	123	0	460	6	0	734	325	0	0	0	92	0	0	3	0	0	0	63	0	12	0	22	25	0	64	0	314	26	26	0	0	13	2	2	288	0	52	60	12	0	0	39	73	0	10	21	0	0	11	0	0	18	0	0	0	0	0	0	0	0	0	0	0	48	0	0	0	0	0	0	37	15	0	28	25	88	0	0	41	0	0	47	0	0	19	10	16	0	2	0	4	0	0	2	0	0	0	0	0	0	0	581	51	0	0	0	0	142	0	0	11	0	0	17	0	0	0	0	0	0	0	0	24	0	0	0	0	6	0	29	1202	0	408	3	0	244	33	162	14	1	234	0	311	0	36	490	0	0	0	0	1	0	0	0	0	0	0	0	0	0	0	0	0	6106	0	0	0	0	30	22	0	0	20	0	0	0	0	0	0	0	0	1189	54	57	6	0	0	1305	63	221	25	25	6	0	0	0	10	24	8	0	0	0	0	0	0	5	0	0	3	0	0	0	1	0	0	0	2	42	5	3	5	0	1	0	0	0	4	0	14	27	0	52	0	0	0	5	12	0	2	3	0	0	17	0	53	21	377	0	0	7	30	0	0	7	2	0	4	0	32	6	29	0	0	0	1	0	0	4	0	0	19	20	20	0	3	0	0	0	0	41	0	0	114	0	0	13	9	0	0	26	0	81	3	87	96	0	664	16	272	8	21	15	7	0	0	11	9	6	397	13	0	4	94	0	0	0	0	0	268	4	6	51	10	0	148	0	1	0	9	109	0	0	21	0	121	6519	143	0	3	2	7	2	13	2	0	10	0	12	5	3	0	16	0	0	0	1	0	0	0	0	2	0	0	0	0	0	0	8	6	0	6	0	0	8	0	0
np0967	0	0	0	0	0	12	0	0	0	0	265	27	0	20	2852	0	0	5	9	14	0	5	0	32	5	44	0	0	181	0	0	252	63	109	0	0	1691	0	0	0	2	22	1292	10	30	3675	27	67	196	187	0	2	29	0	0	0	0	0	30	1	1834	0	0	0	0	0	2	558	0	23	4	0	14	0	0	7	33	0	0	6	0	0	27	0	16	0	0	6	60	0	0	0	40	0	0	10	6	0	23	0	4	0	197	5	46	15	39	17	0	15	117	0	0	8	16	0	0	5	0	0	37	22	0	0	0	9	43	0	3	0	8	9	12	132	0	0	7	12	0	0	0	0	2	0	0	0	0	0	0	0	0	8	0	0	5	1	0	0	0	9	0	0	3	0	25	57	358	125	0	0	424	1	578	0	0	0	0	556	2	301	0	0	0	222	398	0	0	8	143	120	0	0	0	0	0	0	0	0	0	0	1	105	40	0	27	93	68	61	0	0	129	4	0	0	4	0	0	518	0	0	197	303	0	0	0	93	2	24	59	1	4	3	6	0	0	29	4	0	0	2	29	711	34	29	14	0	0	0	0	38	4	0	47	8	2	9	690	1059	22	75	62	2	46	4	0	0	0	0	0	0	0	0	0	0	0	0	0	0	0	0	0	0	0	0	0	0	0	0	0	0	0	0	0	0	0	0	0	515	0	89	591	0	0	0	2	10	0	10	0	0	695	0	0	955	0	0	0	0	0	7	2	6	1	0	0	0	0	0	16	0	0	0	0	0	0	1146	727	0	548	0	0	3	5240	0	2494	460	1	0	13	19	0	2654	1	0	70	0	0	0	0	0	1	1500	0	4	7	536	0	0	0	0	0	0	0	0	0	0	0	0	0	0	0	0	0	50	0	0	0	42	0	0	0	0	0	0	0	584	0	37	0	4	0	0	33	0	156	5	23	0	85285	0	0	114	370	69	0	0	4	0	0	12	17	3	21	0	0	0	0	0	0	0	0	1	0	0	0	0	0	0	0	2	0	86	0	0	312	13	7	3	0	0	16	10	0	0	15	0	7	0	3	0	127	11	39	6	36	0	0	0	0	0	0	0	0	35	4	39	0	0	0	2	0	0	1	0	0	9	5	0	0	3	2	4	0	0	0	9	0	0	12	0	0	8	0	0	7	60	62	0	2085	881	51	214	2	0	101	65	30	0	0	0	90	106	3	27	0	0	0	15	0	0	0	0	0	11230	1354	23	113	21	0	0	0	1	0	20	16	0	0	0	0	0	0	82	104	1	3	21	0	8	2	1	0	14	27	0	4	0	83	0	0	415	20	535	0	0	0	0	0	0	0	0	0	0	21	0	0	93	11	3	7	0	0
np0968	60	45	127	160	13	0	1	139	13	399	190	0	30	123	6507	270	23	87	42	66	0	4	37	27	32	8	135	303	760	66	66	231	457	24	57	15	4093	19	74	163	130	2397	2662	413	642	4742	21	69	1039	187	173	94	409	187	6	5	1977	82	556	629	220	86	63	1335	616	54	10	16528	508	0	6	88	387	35	70	9	22	12	21	96	44	14	331	72	205	29	768	1675	109	112	124	0	1510	8	17	61	43	83	14	134	12	66	1722	140	580	96	749	362	0	306	1314	16	23	0	24	13	72	775	254	1782	0	1354	102	0	43	219	265	10	17	3	2	0	37	136	31	199	430	269	1361	31	162	3	7	15	831	825	21	117	15	54	0	2159	22	269	239	9	194	244	314	109	6	57	315	61	97	59	83	15	122	63	452	104	380	86	25	74	12	2285	16	14	224	89	0	38	969	25	45	0	225	0	1	317	49	17	10	2	7	53	53	1020	13	109	206	14	14	114	86	68	527	3	15	109	29	12	41	10	29	1789	62	30	499	220	0	0	20	155	13	101	15	0	249	22	1147	7	42	51	48	12	11	0	1	540	14	10	10	1	7	19	31	499	17	60	707	763	63	152	918	1431	11	36	419	0	116	27	72	37	9	685	310	330	771	443	605	341	1473	354	96	61	2	718	747	184	595	67	50	5	3	246	4	1	96	195	191	1036	370	8	13	8062	533	59	127	14	60	68	80	64	131	53	23	41	57	136	38	426	42	12	173	17	37	156	101	37	41	7	707	73	74	149	2301	322	102	288	774	18	94	2033	701	201	732	271	4191	8532	128	70	110	89	11106	3	27	72	5	0	0	2	5	392	0	191	293	523	2128	599	369	6	0	432	462	86	75	4815	315	62	58	47	19	53	0	305	2982	70	475	495	390	174	193	982	61	99	5	169	0	0	303	112	81	297	1315	437	63	38	0	0	247	7	738	56	59	34	689	183	66	194	1691	546	41	15	22	31	76	18	53	1	6	0	730	76	367	69	13	611	36	220	15	3	0	31	46	59	3	65	11	324	9	90	3285	284	182	34	121	32	52	17	99	1303	96	621	1995	181	39	278	2396	2954	2947	554	0	43	362	32	37	82	121	231	435	388	286	564	55	6	64	53	3	83	145	341	307	468	834	404	629	118	24	344	80	749	6	137	0	0	77	87	0	2617	166	64	2192	1527	1846	18	17367	1130	218	42854	735	1000	150	1690	30	0	1	43	222	11080	846	309	10	1	0	43	7	17	116	16	76	762	2	100	430	112	85	471	24	3	0	4	6	2	1	38	575	793	898	437	8	24	12	839	35	304	573	305	404	305	3517	752	62	10	2014	127	484	10	153	23	89	8	2	120	7	10	0	9	0	11	12	181	4	109	144	61	6	83	18
np0975	0	0	0	0	55	0	0	0	14	1	274	61	0	12	5353	0	5	28	119	193	21	11	0	69	31	11	0	0	6	0	0	169	0	0	0	0	99	5	0	0	0	27	163	49	0	564	0	101	123	53	9	11	172	0	0	0	3460	0	0	4	60	0	5	0	0	0	0	1137	0	0	1	0	264	1	17	38	0	21	37	14	18	0	78	0	7	0	0	14	211	9	0	0	2109	0	0	41	0	74	0	68	0	22	222	11	112	196	81	77	0	77	673	0	0	12	22	0	0	17	26	0	44	9	0	0	4	11	61	20	14	0	0	0	0	0	344	0	0	0	0	157	0	0	25	0	435	0	4	18	47	64	0	9	141	0	159	64	3	0	2	2	0	0	0	0	10	34	24	20	0	0	152	10	83	23	70	90	19	855	0	253	0	0	0	20	1816	0	0	0	156	92	2	5	16	0	15	6	6	0	0	0	22	456	661	18	0	21	7	64	284	8	5	296	1230	0	350	0	25	641	7	0	2889	653	122	0	0	86	33	0	2	5	72	72	51	0	34	14	0	2	3	0	146	345	6	26	9	4	13	62	2	101	11	0	130	162	3	1	77	1020	27	96	0	0	15	13	0	0	55	1531	0	0	0	0	0	0	0	849	0	0	0	0	0	0	0	0	0	0	0	745	0	0	0	0	0	0	0	0	0	0	250	38	184	0	0	0	8	51	53	70	10	55	1258	1191	0	2167	0	0	0	0	8	63	150	42	81	39	0	0	0	0	0	0	0	539	0	38	0	332	8	0	0	0	0	419	5	0	138	104	0	0	0	0	0	4	0	0	37	0	0	1	0	0	258	454	0	123	0	10	0	0	0	0	0	0	0	0	0	0	0	0	0	0	0	0	0	119	92	293	27	371	0	0	178	5	0	103	0	1203	235	47	9	8	13	11	81	0	363	0	17	5	0	54	10	208	1564	20	0	37	107	0	0	5	4	4	8	0	0	0	0	0	0	0	0	6	1	0	12	20	21	94	0	140	1	222	27	0	1711	150	905	35	24	1	85	32	33	2417	0	2361	607	0	486	0	1282	901	59	97	63	62	0	87	114	0	16	0	326	390	4	733	41	116	5	19	1	122	281	0	0	257	61	117	0	0	0	0	0	0	0	6	62	0	78	0	0	476	0	6	1658	3893	1701	55	5182	7302	0	10605	275	0	325	7910	150	0	414	55	1176	2582	54	344	0	0	0	24	751	0	3	0	0	112	0	0	214	57	56	0	4	0	0	0	0	274	0	0	0	1481	0	7	0	51	22	292	41	52	37	387	13	103	853	317	11	0	341	0	178	1	48	287	0	51	2	107	0	33	0	0	44	12	0	19	0	5	0	0	10	0	0
np0976	0	0	0	0	0	90	0	2	0	0	74	29	0	6	79	0	46	0	0	71	0	29	11	125	204	0	0	0	0	2	0	1723	0	93	0	0	31	106	0	0	0	0	0	0	16	614	0	1439	0	0	0	2	7	0	0	0	4	0	0	5	0	0	0	0	0	0	0	1253	0	0	0	0	84	0	0	0	14	37	0	48	0	0	74	0	0	34	0	33	6	14	0	0	15	0	17	0	1	258	0	0	0	0	246	0	26	8	8	4	0	62	376	0	0	11	58	0	0	2	0	0	0	0	0	0	4	0	140	0	0	0	64	59	0	0	0	0	0	0	0	0	0	0	0	0	0	0	0	0	0	0	0	0	0	0	0	0	0	0	0	0	0	0	0	0	1	0	228	21	0	0	1482	214	160	0	72	0	0	1812	0	0	0	0	0	120	392	0	0	4	12	0	2	1	439	0	0	14	0	0	0	0	0	16	0	0	0	71	10	46	0	0	0	6	0	0	27	0	0	807	0	0	198	82	0	0	0	28	38	5	0	18	0	0	16	0	105	1	71	22	19	0	0	885	143	47	11	6	13	54	0	19	0	0	111	196	0	0	2	4	0	4	0	0	2	4	0	0	10	0	0	0	0	0	0	0	0	0	0	0	0	0	0	0	0	0	0	0	0	0	0	0	0	0	0	0	0	0	0	0	0	0	17	0	0	0	0	107	10	0	0	0	0	1962	0	0	0	0	0	0	0	0	24	0	12	0	0	0	0	0	0	0	0	0	0	0	0	0	0	0	0	0	0	0	0	0	0	0	43257	0	0	0	0	0	0	0	0	0	0	0	0	0	0	0	0	0	0	0	0	0	0	0	0	0	0	0	0	0	0	0	0	0	0	0	0	3	0	610	0	3786	0	0	41	0	0	0	0	0	3	27	0	8	177	0	69	0	364	39	44	193	0	45	37	509	1460	0	0	0	0	0	0	0	2	0	0	0	0	0	0	0	0	0	0	0	0	158	2	0	5	0	0	0	0	0	14	0	1479	290	0	50	9	15	70	0	0	35592	0	0	0	0	0	0	259	0	0	6	2489	618	0	0	0	0	0	0	0	9	6	236	0	0	0	0	0	2211	2359	0	0	5516	1191	2189	0	0	0	0	0	0	0	0	0	0	0	0	0	2785	0	0	9538	0	3320	0	85	190	0	763	5	0	43	133	4298	0	0	0	23954	87	1	223	0	2	3	84	0	0	0	0	0	14	0	2	180	216	6	0	0	0	25	0	0	0	0	0	0	0	0	0	0	0	10	263	0	0	0	0	1	0	0	87	0	0	119	0	896	0	0	0	0	0	7	0	0	87	0	0	0	0	51	1	0	0	0	0	22	0	0
np0977	0	0	0	0	0	75	14	2	0	0	0	0	0	0	90	0	0	0	0	0	0	2	1	0	0	0	0	0	0	1	0	0	3	0	0	0	9	0	0	0	0	0	0	0	0	0	0	2	0	0	0	5	9	0	0	0	6	0	0	0	0	0	0	0	0	0	0	4430	0	0	0	0	42	0	0	0	0	0	0	1	0	0	0	0	0	0	0	38	0	0	0	0	6	0	25	0	0	0	0	0	0	2	479	0	9	56	891	441	0	0	5	0	0	26	51	0	0	0	0	0	0	0	0	0	0	0	2	0	0	8	49	50	0	0	0	0	0	0	0	0	0	0	0	0	0	0	0	0	0	0	0	0	0	0	0	6	0	0	0	0	0	0	0	0	0	10	0	0	5	0	10	0	3	0	63	0	0	4	0	0	0	0	0	388	2	0	0	4	169	0	12	0	139	38	0	16	0	0	0	0	2	120	102	0	0	0	0	0	0	4	0	5	0	0	25	0	0	7	0	0	32	2	0	0	0	0	44	0	0	0	0	0	15	0	0	5	93	22	10	0	89	9	0	0	0	6	7	37	1	0	0	0	10	0	0	0	0	7	0	1	0	23	0	0	0	0	9	0	0	0	0	0	0	0	0	0	0	0	0	0	0	0	0	0	0	0	0	0	0	0	0	0	0	0	0	0	0	0	0	0	22	0	0	0	0	9	0	0	0	0	0	0	0	0	0	0	0	0	0	0	18	0	10	0	0	0	0	0	0	0	0	0	0	0	0	0	0	0	0	0	0	0	0	0	0	0	0	0	0	0	0	0	0	0	0	0	0	0	0	0	0	0	0	0	0	0	0	0	0	0	0	0	0	0	0	0	0	0	0	0	0	0	0	5	4	2	0	0	0	0	23	0	0	0	0	0	5	0	0	0	0	6	63	0	12	0	4	0	0	0	0	0	1	0	0	0	0	0	0	0	0	0	32	0	0	0	0	0	0	0	0	0	0	0	0	2	0	0	0	0	0	2	0	0	117	0	14	0	0	0	0	0	1243	6	0	0	0	0	0	0	27	0	0	0	0	0	0	0	0	0	0	0	0	0	0	15	0	0	0	0	0	1735	2037	0	0	3803	89	1860	0	0	0	0	0	0	0	0	0	0	0	0	0	0	0	0	0	0	4266	0	64463	0	0	0	0	0	0	388	0	0	0	0	0	26	0	0	0	0	0	399	0	0	0	0	0	117	5	0	1	0	5	0	0	0	0	0	1	0	10	0	0	0	0	0	0	0	7	7	0	0	0	0	120	0	0	191	0	2	0	0	2	0	0	1	0	0	0	0	0	94	0	0	0	0	0	0	0	0	0	0	0	0	0
np0978	9	2	72	38	5	10	0	3	4	97	61	0	0	7	58	38	0	11	3	0	0	7	0	12	13	0	18	139	34	22	19	42	92	26	48	17	1292	6	11	28	27	1167	446	102	253	851	4	23	283	131	30	31	65	10	120	2	195	11	23	0	63	21	0	18	0	11	0	410	13	0	0	5	70	7	6	0	3	1	10	0	0	0	6	0	115	0	610	1640	37	26	60	0	281	4	0	9	5	4	0	6	0	9	112	4	129	8	72	72	0	19	91	0	0	2	2	4	4	108	28	279	0	0	30	0	2	51	42	5	5	0	5	0	10	11	0	0	11	0	18	0	8	0	37	0	9	17	5	206	0	271	0	980	3	5	7	386	6	23	43	46	0	222	49	2	10	8	25	1	11	3	51	12	57	9	5	0	0	234	1350	2	84	17	0	22	167	17	5	0	8	0	0	6	34	3	0	0	1	8	10	39	4	507	995	0	15	25	22	41	0	0	0	0	176	79	55	50	52	2620	97	56	2232	619	0	72	38	470	14	26	4	0	13	0	105	0	4	3	36	12	0	7	1	113	0	0	2	3	25	61	7	118	5	0	387	1246	3	2	52	100	0	15	80	0	13	0	9	2	4	17	8	10	7	10	15	3	697	7	50	11	0	305	320	48	190	33	50	0	1	9	0	3	15	66	36	381	126	0	5	406	6	21	41	131	2	6	34	32	26	6	0	4	31	27	0	87	3	7	34	0	33	94	49	23	19	0	43	20	17	11	161	24	12	25	40	2	6	133	50	20	71	30	132	1060	64	0	22	92	315	0	87	15	2	0	0	1	0	33	4	26	47	76	522	159	145	3	0	178	7	22	96	1359	430	60	58	31	24	44	1	15	742	18	167	38	287	25	0	0	0	3	0	24	0	0	26	3	6	35	194	200	45	4	0	1	18	0	330	8	5	0	175	880	255	189	1718	742	198	28	5	162	111	4	6	9	0	0	445	38	50	0	6	73	54	38	14	1	7	5	2	10	0	12	1	11	0	6	224	21	24	13	25	104	167	10	134	421	7	372	842	95	8	89	945	411	352	132	0	119	44	57	22	8	0	24	256	89	40	97	28	0	6	7	0	16	67	164	133	341	907	175	276	282	7	110	149	223	1	9	0	0	21	3933	0	251	74	45	133	105	1689	15	1436	135	18	2951	59	86	85	662	11	0	0	0	44	2192	51	40	3	0	0	3	2	0	31	7	19	212	0	10	72	35	21	32	2	7	0	0	0	0	0	41	1091	386	1723	21	9	12	9	29	4	19	29	11	20	21	152	31	21	0	97	9	93	0	4	62	36	7	2	0	0	2	0	0	2	0	0	246	0	765	218	80	3	68	17
np0979	0	1	0	0	9	0	1316	7	37	27	65	13	13	19	7779	97	0	2	11	12	8	12	3	17	4	4	25	0	14	6	5	13	24	13	11	6	483	9	12	10	1	60	141	22	15	319	12	10	25	31	12	33	152	7	0	5	2789	52	15	27	34	9	34	42	39	198	0	3891	33	0	7	13	254	10	20	12	32	5	6	29	43	51	261	0	2	211	4	133	8	14	10	0	119	0	2	10	11	9	4	7	0	13	400	30	281	245	206	88	0	152	1157	13	35	6	19	8	56	894	190	201	0	85	7	12	5	43	62	44	139	0	0	0	21	315	108	245	541	235	388	78	238	6	66	20	34	37	12	0	18	51	1	55	176	226	189	33	23	11	0	1	1	2	8	3	28	18	5	3	0	11	179	16	186	15	151	19	47	500	23	6	91	68	0	33	1022	17	40	2	193	207	0	15	76	17	4	0	5	5	8	0	34	22	35	0	0	79	32	60	14	0	25	27	224	31	183	0	11	836	19	30	1863	300	21	15	35	133	50	3	12	0	14	0	529	15	41	14	488	163	103	0	0	323	13	37	5	0	5	20	24	252	8	28	208	107	0	2	168	263	0	35	7	0	17	15	19	10	7	40	62	42	47	39	38	18	47	20	15	11	0	26	32	6	19	12	9	0	0	58	0	0	23	27	30	479	180	0	1	365	26	70	230	3	8	19	6	14	8	0	0	19	31	79	25	321	56	8	131	0	0	81	69	8	25	5	13	5	6	19	94	9	5	21	3	16	7	66	44	13	52	19	310	4298	989	578	272	963	786	36	502	34	17	6	0	66	23	1395	15	872	763	1771	10187	3486	544	17	10	1883	1513	38	53	5476	283	19	21	18	5	2	0	30	187	11	48	57	53	69	148	917	5	285	48	0	287	3	715	205	40	263	2222	136	41	55	20	1	187	3	770	20	30	25	645	86	33	16	142	45	13	12	15	24	7	6	13	5	3	0	89	17	29	39	0	12	1	6	9	0	8	29	35	10	0	24	9	45	0	7	422	58	38	7	12	18	18	13	42	51	4	73	149	6	78	13	741	401	320	50	0	7	16	17	6	20	2	5	23	198	107	279	32	0	0	5	2	9	15	15	10	33	76	43	18	58	1	23	29	47	1	4	0	0	12	1	0	104	34	17	111	177	117	0	966	75	0	2232	40	82	60	348	22	0	0	0	82	827	44	67	0	8	10	0	17	118	20	0	15	116	0	126	144	16	29	39	0	0	0	0	6	0	1	20	230	304	409	29	18	19	16	26	4	20	49	24	17	18	281	26	8	0	59	12	74	24	1084	61	636	16	5	169	8	22	7	14	0	21	5	59	7	35	111	85	9	8	0
np0980	0	0	0	0	116	0	0	0	0	79	33	5	3	2	22	0	13	11	10	36	7	15	2	10	0	2	16	4	0	0	3	12	3	0	10	0	50	6	0	0	2	275	410	55	0	151	7	19	176	16	48	5	31	0	0	0	0	0	62	7	0	0	0	0	0	0	1	96	0	0	0	200	819	0	1	6	3	0	0	27	1	0	25	0	13	3	0	0	155	5	2	0	194	0	8	0	135	0	0	12	0	17	114	9	47	19	33	15	0	21	184	0	0	21	6	2	0	114	281	0	68	0	3	37	8	14	45	0	109	0	0	0	0	6	0	16	0	2	0	0	3	7	12	10	4	0	15	11	16	0	0	172	0	0	0	0	5	0	3	0	0	0	4	0	3	14	6	3	9	0	54	43	35	0	6	76	4	241	0	0	0	107	0	0	340	0	0	0	0	0	2	46	51	4	0	4	27	0	0	112	20	207	87	14	3	27	0	24	8	0	3	50	7	0	93	0	0	276	0	0	696	190	0	0	0	45	6	3	1	0	0	13	35	0	0	13	6	6	0	29	12	135	0	17	15	0	57	43	1	99	0	0	34	49	5	3	19	35	0	12	28	0	7	4	0	0	18	193	0	0	0	0	0	0	0	0	0	0	0	0	0	0	0	151	0	0	0	0	0	0	0	0	0	0	0	0	0	0	0	121	107	0	1	16	2	18	6	0	146	0	397	0	0	2030	0	0	0	0	76	54	173	6	0	0	0	0	0	0	0	0	0	0	0	0	0	0	0	0	0	0	0	0	4	0	0	5	0	4	0	0	0	0	0	0	587	0	0	3	0	1	0	8	0	0	0	11	0	0	0	0	0	0	0	0	0	0	349	0	0	0	0	0	0	11	0	25	207	6	0	0	55	0	0	0	0	21	187	8	2	84	42	3	199	10	81	0	14	3	0	0	0	18	128	23	0	1	0	0	0	0	2	2	0	1	0	1	0	12	0	91	8	7	18	0	59	152	59	0	25	44	21	107	17	0	390	173	76	9	56	2	13	0	5	732	0	0	281	0	0	3	604	765	255	52	0	213	0	9	16	0	49	0	0	138	104	254	15	0	26	0	0	0	0	0	0	23	77	56	0	27	163	6	0	8	440	0	0	0	35	0	0	27	12	20	0	77	173	0	921	26	84	1608	467	0	11	687	0	0	0	0	127	1401	8	27	0	23	0	32	113	7	0	78	0	44	0	0	16	15	298	268	4	0	0	0	0	0	2	0	0	0	0	4	0	102	35	40	30	15	370	45	133	165	103	91	0	0	173	66	220	0	0	202	0	0	0	98	3	45	3	0	0	0	0	4	0	0	0	0	1	0	0
np0984	2	0	2	3	2	0	0	6	0	23	20	0	4	1	338	15	2	4	0	6	0	8	3	6	0	0	5	8	26	16	12	17	18	11	5	3	172	3	5	7	18	287	150	32	21	383	0	13	93	56	14	8	28	25	0	0	196	5	26	2	23	16	0	0	0	0	1	252	0	0	3	4	64	1	10	0	1	0	0	6	0	2	24	0	0	0	24	117	8	24	23	0	134	0	0	6	2	5	0	7	0	6	63	6	28	26	23	62	0	24	109	0	0	0	6	0	13	92	43	101	0	16	0	0	2	11	17	12	12	0	3	0	0	71	9	49	99	2	26	0	25	0	4	1	43	54	5	12	0	20	3	133	15	22	33	7	5	12	0	3	0	19	24	5	0	0	20	0	6	0	0	6	25	0	5	3	6	201	0	0	0	0	0	5	128	0	0	0	0	0	0	14	5	0	6	0	1	4	0	65	4	13	29	0	0	11	7	3	6	0	0	6	0	0	34	0	0	300	0	7	148	83	0	0	9	54	10	23	0	0	31	7	47	1	3	3	0	0	0	0	0	146	4	3	6	3	0	17	3	21	2	0	47	31	6	2	59	63	0	0	42	0	4	2	0	0	5	7	4	11	18	10	11	8	41	0	34	0	0	23	25	19	62	3	3	0	0	5	0	0	13	13	20	177	63	0	0	49	8	8	28	4	8	7	15	5	47	0	0	11	32	42	0	283	31	0	63	0	3	45	15	6	6	0	13	3	5	0	78	10	0	12	11	5	8	69	25	11	28	11	35	462	12	8	10	18	143	0	11	20	2	0	0	0	1	25	0	11	0	42	161	66	48	0	0	38	33	28	31	588	108	15	15	7	1	9	0	12	74	11	52	35	12	16	0	26	0	38	0	15	0	1	22	7	10	37	180	70	10	11	0	0	28	0	200	3	10	6	1071	37	7	41	189	92	8	7	10	11	0	1	0	0	7	1	91	0	17	7	8	71	15	18	4	0	0	8	10	6	0	5	0	23	0	0	190	52	16	0	0	1	12	4	20	65	0	69	97	10	3	20	447	309	235	54	0	12	5	5	0	11	13	6	21	120	86	184	8	6	0	6	2	7	8	20	15	36	74	29	34	24	2	49	12	79	1	9	0	0	6	2	0	110	39	24	72	160	142	0	572	47	0	1838	21	51	53	369	0	0	0	0	49	910	57	19	1	0	0	4	6	7	8	0	14	7	0	11	11	12	10	8	0	1	0	0	0	0	0	10	100	188	142	8	3	5	0	33	2	17	12	17	14	15	141	23	7	0	84	12	27	0	15	9	4	4	0	10	0	0	2	3	0	0	0	45	0	34	40	21	2	9	6
np0985	0	0	0	0	0	13	2	0	0	0	140	0	0	7	632	0	0	0	6	5	0	4	0	13	2	11	0	30	42	0	0	41	18	51	0	0	165	0	0	0	0	0	276	3	21	850	3	1	33	49	0	0	0	0	0	0	0	0	0	0	2306	0	0	0	0	0	34	2778	0	0	0	0	1	0	1	3	6	0	0	0	0	0	0	0	3	2	0	0	17	0	0	0	3	0	0	0	0	0	2	0	1	1	14	43	146	5	10	4	0	0	4	0	0	4	0	0	0	0	0	0	5	0	0	0	3	2	14	0	0	0	9	18	1	75	0	0	0	0	0	0	0	0	0	0	0	0	0	0	0	0	0	1	0	0	0	0	0	0	0	10	0	0	7	0	15	26	114	7	0	0	115	0	152	0	0	0	0	0	0	44	0	0	0	72	7	0	0	0	13	8	0	0	0	0	0	0	0	0	0	0	0	27	3	0	27	59	16	30	0	0	12	0	0	0	0	0	0	217	0	0	10	120	0	0	0	31	0	3	45	0	0	1	0	0	0	14	61	25	13	0	22	129	0	9	14	0	0	0	3	10	0	0	5	2	0	0	8	23	11	52	7	0	25	2	0	0	0	0	0	0	0	0	0	0	0	0	0	0	0	0	0	0	0	0	0	0	0	0	0	0	0	0	0	0	0	0	0	238	0	53	346	0	0	0	0	5	0	0	0	0	146	0	0	171	0	0	0	0	0	7	0	2	0	0	0	0	0	0	4	0	0	0	0	0	0	99	55	0	38	0	0	21	2724	0	2003	117	0	2	0	37	0	1959	2	0	64	0	0	0	0	0	1	457	0	3	0	141	0	0	0	0	0	0	0	0	0	0	0	0	0	0	0	0	0	21	0	0	0	790	0	0	0	0	0	0	0	20	0	6	0	3	0	0	8	0	141	0	5	0	36020	0	0	40	166	20	0	0	12	0	0	2	3	0	0	0	0	54	0	0	0	0	0	1	0	0	2	2	0	0	0	0	0	32	0	0	9	4	0	2	0	0	5	0	0	0	4	0	1	0	0	0	31	0	0	0	2	0	0	0	0	0	0	0	0	6	2	2	0	0	0	0	0	0	0	0	0	0	0	0	0	0	0	3	0	0	3	0	0	0	0	0	0	4	0	0	0	3	6	0	420	304	11	44	0	0	70	11	6	0	0	0	13	9	0	0	0	0	0	4	0	0	0	0	0	3684	574	2	3	92	0	0	0	0	0	2	4	0	0	0	0	0	0	9	10	0	0	0	0	0	3	0	3	4	2	2	0	0	0	0	2	362	0	91	0	0	0	0	0	0	0	0	0	0	6	0	0	63	2	0	5	0	0
np0987	0	0	0	0	14	3	0	0	0	2	36	7	3	0	123	0	18	1	7	14	7	2	3	7	0	3	0	0	0	0	1	7	0	0	0	0	26	6	0	0	0	21	90	172	0	27	2	9	20	5	5	7	40	0	0	0	38	0	10	5	0	0	0	0	0	0	2	610	0	0	0	7	28	0	0	5	1	0	0	5812	102	24	2321	0	2	0	0	0	15	1	0	0	19	0	0	0	16	0	0	0	0	0	3077	12	90	3022	630	513	0	196	2374	0	0	0	2	0	0	1733	10273	0	29	0	15	22	3	70	502	5	91	0	4	0	0	12	0	14	4	0	0	0	6	0	8	0	0	0	1	31	5	0	0	22	0	0	0	0	0	0	0	0	1	0	0	0	5	26	3	1	3	0	506	0	20	0	9	6	3	1899	0	0	0	13	0	1	789	0	0	0	32	22	8	20	128	0	3	3	3	0	0	0	0	234	17	15	14	114	11	25	0	0	148	0	0	0	198	0	0	358	0	0	805	1692	60	0	0	636	7	0	0	2	42	244	119	0	0	27	0	0	0	0	0	95	0	29	27	0	44	27	26	209	0	0	89	195	7	1	54	16	7	50	4	0	19	28	0	0	262	30	0	0	0	0	0	0	0	0	0	0	0	0	0	0	0	5	0	0	0	0	0	0	0	0	0	0	0	0	0	0	0	13	54	0	0	5	2	8	0	0	0	0	149	0	0	637	0	0	0	0	12	4	25	3	0	0	0	0	0	0	1	0	0	0	0	0	0	0	0	0	0	0	0	0	2	0	0	243	0	236	0	0	4	0	0	202	1652	0	0	1	0	0	2	34	0	0	0	344	0	0	0	0	2	0	0	0	0	0	126	0	0	0	0	0	0	16	8	12	4	23	0	0	57	0	0	0	0	189	1632	24	7	20	7	5	438	6	665	26	139	40	0	0	0	7	25	1	0	0	0	0	0	0	0	516	319	0	0	7	0	6	0	8	0	6	0	0	6	11	0	0	2	4	2	12	0	0	34	2	3	0	0	0	6	0	0	46	0	0	32	0	0	0	112	32	20	3	0	0	0	5	6	0	0	1	0	46	20	70	7	0	0	0	0	0	0	0	0	6	6	8	0	6	29	0	0	1	49	0	0	0	2	0	0	16	0	0	0	12	15	0	226	3	0	583	9	0	0	129	0	0	0	0	0	164	0	373	0	5	1	19	7	0	0	0	0	9	0	0	40	13	9	16	0	18	2	0	0	0	14	0	0	0	0	53	0	10	1	0	2	0	17	4	11	9	14	7	0	0	8	0	23	3	0	691	0	0	0	101	5	3	0	0	0	0	0	0	0	0	0	0	4	0	0
np0988	0	0	49	4	28	21	821	24	0	0	145	124	6	13	3208	0	3	0	92	136	0	14	4	28	0	5	71	0	0	17	13	23	0	0	0	0	1422	23	167	0	3	542	2002	163	0	872	0	62	236	93	605	244	1260	0	0	4206	5425	0	23	7	0	0	0	0	0	0	0	166	0	0	0	1243	242	0	8	0	0	0	0	4	4	0	9	2	0	3	0	19	0	0	0	215	796	74	0	248	0	0	0	0	1	15	119	5	426	234	67	47	0	37	295	14	59	0	17	4	0	1951	511	0	0	0	15	294	5	28	96	317	1015	28	22	0	0	0	0	18	46	1	33	0	0	9	20	0	0	0	0	0	0	28	0	0	100	0	123	0	8	127	98	20	5	1	3	0	35	43	30	5	1	0	251	0	123	0	67	0	0	564	205	0	0	0	70	43	798	0	0	11	141	0	0	16	23	0	0	11	2	0	0	0	0	697	26	0	0	13	5	234	5	0	26	170	0	0	108	0	63	1515	33	0	659	82	0	0	0	386	0	0	6	1	269	0	40	41	17	14	0	0	0	0	0	669	145	34	14	6	11	60	13	205	0	0	2278	34	0	0	34	2129	0	45	144	0	31	15	0	0	99	0	0	0	0	0	0	0	0	0	0	0	0	0	0	0	0	0	0	124	121	0	127	94	0	0	0	3	0	393	126	0	0	182	5	27	2	15	2	64	61	0	0	0	0	3	0	7	0	0	0	120	8	28	1	26	246	0	0	118	227	0	376	0	28	0	0	0	0	163	0	649	0	0	0	0	0	0	2	18	0	0	0	0	9	0	0	0	0	2	0	1	0	0	3	0	0	0	0	0	0	0	0	0	0	0	0	0	0	0	0	0	365	0	0	0	0	124	630	36	0	5043	0	0	743	0	0	0	0	0	0	30	0	35	0	5	425	20	292	13	60	34	0	0	0	149	353	2	0	0	0	0	0	7	23	0	0	20	0	0	0	11	0	2	11	19	178	6	21	90	31	16	2	24	12	100	0	627	182	47	23	24	55	13	93	0	9	3267	72	0	4	0	0	3354	717	10834	0	0	0	16	0	137	231	0	0	0	0	3	0	0	0	0	235	0	0	28	69	0	0	50	9	78	0	0	111	0	0	0	3	0	0	152	67	0	0	20	0	0	6063	0	7414	652	5112	316	0	13641	961	2578	466	3008	4321	0	0	0	4492	314	107	93	3	0	0	22	261	0	0	0	0	238	0	0	142	75	116	2	10	0	0	5	35	0	0	0	0	14	4118	37	0	39	16	0	23	83	1	1	4	0	17	24	131	0	165	0	37	3	0	0	0	0	0	29	0	0	13	0	0	0	0	40	0	0	0	0	10	0	0
np0990	2	8	48	20	6	0	0	8	0	26	29	0	36	14	82	2	1	8	2	12	0	1	0	8	13	0	26	12	101	10	19	36	74	0	14	6	406	4	16	10	13	312	468	66	80	296	11	14	143	154	47	22	54	22	0	0	145	15	34	3	7	0	0	0	0	0	0	587	0	2	1	11	63	2	19	0	0	0	17	6	0	0	9	2	10	2	254	522	21	29	105	1	277	7	0	10	6	4	0	8	3	4	75	8	100	49	42	41	0	28	148	0	7	0	0	7	13	255	115	254	0	0	0	0	14	21	28	0	10	0	0	0	12	26	13	82	316	0	69	18	51	0	38	0	345	361	3	38	16	427	25	274	9	53	34	14	4	19	23	2	0	71	49	4	17	2	18	0	4	5	30	6	43	0	6	1	4	277	12	2	24	5	0	5	189	5	3	0	0	0	0	5	5	0	2	0	2	10	0	13	1	515	415	0	3	25	16	24	7	0	0	7	165	21	109	24	26	1426	59	18	4078	364	33	207	66	338	71	5	0	0	19	0	41	0	13	2	0	0	0	0	1	52	0	10	0	48	107	221	8	194	4	11	234	36	9	5	114	185	0	9	29	0	6	5	0	0	13	15	55	28	45	40	42	25	0	34	12	0	0	0	0	0	0	26	27	0	0	35	3	0	12	48	42	277	95	4	0	492	0	16	32	75	23	6	9	14	9	0	0	9	6	16	9	39	4	0	34	0	5	37	16	3	7	0	21	8	0	0	74	13	9	0	19	0	0	79	23	14	39	5	434	5024	49	6	24	61	1058	0	36	34	0	0	0	2	0	4	0	9	0	58	74	18	393	0	0	61	5	53	180	6235	876	0	0	9	3	3	0	73	328	19	117	73	100	23	0	123	2	40	0	0	41	0	0	7	8	24	183	113	24	3	0	0	31	0	482	7	11	10	249	81	31	24	203	23	23	5	0	4	0	0	0	14	0	0	117	4	25	11	15	126	6	23	15	0	2	0	0	11	0	2	2	28	0	8	190	57	45	2	9	117	37	11	64	58	12	251	257	38	0	179	904	826	371	154	2	22	21	0	6	0	26	19	30	165	113	217	22	0	7	0	0	31	66	0	0	110	123	68	0	150	0	72	93	280	1	12	0	2	10	299	0	175	112	68	336	299	471	6	987	84	0	1995	48	93	48	780	27	0	0	0	57	1158	74	17	0	0	0	0	0	3	2	0	13	71	0	12	80	13	7	50	0	0	0	0	0	0	0	17	152	97	250	10	7	9	4	35	3	8	11	16	11	20	83	13	10	0	40	0	45	4	18	174	12	2	2	60	0	4	0	0	0	0	0	69	0	22	88	42	7	6	0
np0994	3	0	2	29	4	1	0	8	0	3	10	0	0	0	101	0	1	0	1	0	0	0	0	1	0	0	2	0	0	8	0	5	0	0	0	0	188	109	0	0	0	11	43	17	0	197	0	3	132	20	6	0	57	0	0	0	492	0	0	0	0	0	0	0	0	0	0	90	0	0	0	95	22	0	2	0	3	9	0	1	0	0	0	0	5	3	0	4	0	0	0	9	7	0	0	2	0	0	0	0	0	3	34	22	70	59	26	2	0	5	12	0	0	0	0	0	0	54	0	0	0	0	5	0	0	9	10	4	14	54	17	47	0	0	0	4	18	5	1	0	0	3	0	0	235	0	0	0	0	7	50	105	0	0	0	3	0	0	1	0	0	0	3	0	1	0	7	0	20	0	110	0	15	0	3	0	3	242	2	0	0	0	4	73	98	0	0	49	11	0	10	0	3	0	0	0	0	0	0	0	0	247	0	55	0	0	0	9	0	0	0	10	80	0	0	82	0	122	0	0	330	97	0	0	0	10	0	0	1	0	0	0	16	0	3	0	67	69	2	249	0	91	5	4	0	1	26	6	0	54	0	22	88	0	0	0	0	6	0	2	3	18	1	2	0	0	10	0	0	0	0	0	0	0	0	0	0	0	17	0	0	0	0	0	0	4	1	0	4	4	6	0	0	6	0	0	5	0	0	8	0	7	0	4	0	0	0	0	0	0	0	0	0	0	0	0	182	42	0	0	1	0	139	0	0	53	0	0	87	0	0	0	0	0	0	0	0	80	0	0	0	0	0	0	7	261	0	127	0	0	23	0	13	3	0	18	0	71	0	1	87	0	0	0	0	0	0	0	0	0	0	0	0	0	0	0	0	0	2714	0	0	0	0	10	16	0	0	5	0	0	0	0	0	0	0	0	339	18	4	3	0	0	114	15	71	4	9	0	0	0	0	3	6	0	0	0	0	0	0	0	0	0	0	3	0	0	0	0	0	0	0	0	12	0	0	7	21	0	0	2	0	0	0	12	8	0	21	0	0	0	3	0	3	0	6	0	0	5	0	16	12	464	0	0	3	0	0	2	0	0	0	4	0	29	4	29	0	0	0	3	0	0	0	0	0	9	3	6	0	1	0	0	0	0	33	0	0	86	0	0	6	17	0	0	26	3	26	0	150	202	0	540	53	84	2	19	5	9	0	0	4	28	0	91	18	0	1	20	1	0	0	0	0	157	0	8	19	2	1	113	0	0	0	5	20	0	0	0	0	31	1139	158	0	2	3	3	2	5	1	0	1	0	5	0	0	0	5	2	0	0	0	0	0	0	0	6	0	0	0	0	0	0	0	2	0	8	0	0	5	0	0
np0995	0	0	0	0	0	8	0	0	0	0	5	0	0	0	1760	0	0	2	10	15	0	1	0	0	16	0	0	20	27	0	1	64	48	22	0	0	339	0	0	0	24	143	312	13	14	344	12	36	24	30	3	6	23	0	0	0	0	0	49	0	7	0	0	0	0	0	3	30	0	6	3	0	3	0	0	0	0	0	0	0	0	0	7	0	6	0	0	9	41	1	0	0	24	0	0	4	3	0	5	0	0	0	15	7	61	2	9	3	0	2	12	0	0	0	0	2	0	1	0	0	0	7	0	0	4	2	6	0	0	0	7	7	0	11	0	0	0	1	0	0	0	0	0	0	0	0	0	0	0	0	0	5	0	0	1	0	0	0	0	2	0	0	6	0	6	16	31	7	0	0	43	0	48	0	3	0	0	84	12	12	0	0	0	20	53	0	0	0	2	0	0	0	0	1	0	0	0	0	0	0	0	13	7	0	16	7	6	3	0	0	37	3	11	0	2	0	0	118	0	0	58	102	0	0	0	21	0	14	16	1	1	0	5	0	0	9	8	2	0	0	3	89	6	0	0	0	0	0	0	10	0	0	22	21	0	4	71	106	0	0	36	0	3	2	0	0	0	0	0	0	0	0	0	0	0	0	0	0	0	0	0	0	0	0	0	0	0	0	0	0	0	0	0	0	0	0	0	110	0	14	32	0	0	0	3	4	3	5	0	0	272	0	0	765	0	0	0	0	0	0	0	1	0	0	0	0	0	0	6	0	0	0	0	0	0	127	122	0	71	0	0	0	631	0	263	93	0	0	0	2	0	249	0	0	17	0	0	0	0	0	0	355	0	2	0	123	0	0	0	0	0	0	0	0	0	0	0	0	0	0	0	0	0	13	0	2	0	590	0	0	58	0	0	0	0	54	0	5	0	0	0	0	1	0	25	0	1	0	13912	0	0	8	37	0	0	0	0	0	0	5	0	0	0	0	0	0	0	0	0	0	0	3	0	0	0	0	0	0	0	7	0	85	0	0	897	35	9	8	0	0	9	10	0	6	27	0	14	0	125	0	9	12	17	11	61	12	0	0	2	0	0	0	0	11	1	13	0	0	3	0	0	0	23	0	0	16	41	0	0	8	12	46	0	0	4	10	0	0	12	0	0	114	0	0	90	537	171	0	798	124	6	235	1	0	64	23	0	0	0	0	39	46	3	2	0	0	2	0	0	0	0	0	0	843	22	0	8	10	0	0	4	0	0	0	0	0	1	0	0	0	0	17	46	0	4	46	0	8	0	0	3	10	10	0	0	0	37	0	3	46	0	177	0	0	0	0	0	0	0	0	0	0	2	0	0	2	3	0	0	0	0
np1006	1	0	0	2	0	0	3	0	0	4	3	0	3	0	317	434	0	0	0	0	0	0	0	0	0	0	1	0	9	0	0	0	7	0	0	0	58	0	0	0	2	18	49	4	5	42	2	0	13	0	13	5	22	2	0	0	11	0	0	5	2	0	7	0	0	0	0	33	0	0	0	0	4	0	0	0	0	0	0	0	0	1	14	0	0	0	42	110	0	0	2	0	38	0	0	0	0	0	0	0	0	0	20	0	9	4	9	8	0	8	75	0	0	0	0	0	0	20	5	17	0	35	0	0	0	0	2	0	0	0	0	0	0	4	0	5	16	23	4	0	9	0	0	5	18	19	0	4	0	7	0	27	3	0	3	0	0	0	0	0	0	0	7	0	2	1	3	0	0	0	5	0	7	0	4	0	0	29	0	1	32	0	0	0	11	0	0	0	0	0	0	1	0	2	0	0	0	0	0	7	0	0	4	0	0	4	4	3	0	2	0	0	6	0	6	0	0	88	0	0	58	5	0	0	0	3	1	0	1	0	3	0	51	0	5	2	97	27	17	0	0	5	0	1	0	0	0	0	0	158	0	15	16	4	6	12	28	25	0	0	0	0	0	1	0	0	0	4	2	3	0	3	33	17	15	13	0	0	0	9	5	0	0	3	1	0	0	0	0	0	0	4	3	23	16	0	0	24	5	0	3	0	0	3	0	1	0	0	0	0	0	0	0	9	0	0	0	0	0	0	0	0	0	0	5	0	0	0	27	0	0	0	10	0	0	23	7	0	7	3	2	66	20	7	3	27	4	3	0	0	1	0	0	0	0	277	0	86	98	401	1146	508	6	0	0	134	332	0	0	44	2	0	0	0	0	0	0	5	44	0	22	5	0	3	3	6	0	15	0	9	0	0	0	2	0	0	20	11	0	0	0	0	1	0	33	5	0	0	91	5	2	0	2	2	0	0	0	0	1	0	0	0	0	0	18	0	0	0	0	14	0	2	0	0	0	0	0	4	0	0	0	2	0	0	19	7	0	0	0	2	0	0	2	16	0	8	10	1	0	8	17	25	11	7	0	2	0	0	0	0	2	2	8	15	5	12	0	0	0	0	0	0	2	3	0	17	54	5	0	18	0	3	13	10	0	0	0	0	0	0	0	6	5	5	8	16	9	0	267	12	0	894	17	62	1	11	0	0	0	0	0	43	41	0	0	0	0	0	0	0	0	0	0	18	0	0	8	0	5	13	0	0	0	0	2	0	0	0	3	11	7	4	0	0	0	0	0	3	0	2	0	0	17	0	1	0	2	0	0	0	25	0	10	0	0	12	0	3	0	0	0	1	0	0	0	0	1	0	0	0	0
np1007	3	0	0	0	0	0	0	0	3	13	13	0	0	2	5	2	1	0	0	0	0	6	1	0	2	7	0	11	30	2	9	8	16	0	0	0	622	6	12	0	0	41	205	26	38	258	0	5	69	61	13	9	37	4	0	2	64	0	6	4	13	7	0	0	0	17	2	151	0	0	0	0	11	0	0	3	13	2	0	0	0	0	6	0	0	0	13	18	2	2	0	0	49	0	0	0	0	0	0	0	0	0	54	9	54	7	33	34	0	3	46	0	0	0	7	0	0	14	1	66	0	15	5	0	2	0	18	0	0	0	0	0	13	10	0	0	7	0	29	0	4	0	0	0	45	45	0	7	0	62	0	115	0	0	4	0	18	0	0	0	0	67	28	0	0	0	11	0	3	10	33	2	70	15	1	0	0	656	0	16	102	31	0	0	154	6	6	0	4	0	0	0	22	5	1	0	0	0	3	6	0	0	0	0	0	10	0	6	0	0	0	0	0	0	5	0	0	1269	26	33	13	150	0	0	13	87	0	3	2	0	18	0	10	0	0	2	9	4	0	0	1	94	0	41	0	0	0	0	2	42	0	7	2	3	0	0	42	66	0	9	7	2	15	0	16	8	0	0	1	4	0	0	0	3	7	0	1	0	0	2	2	0	0	0	0	1	0	0	0	0	0	0	1	15	0	0	0	85	0	21	75	6	4	4	0	8	5	0	0	0	878	2770	0	521	0	690	108	0	4	10	4	2	0	0	3	0	0	0	38	7	0	0	0	0	0	33	20	7	18	6	17	219	8	0	133	213	23	0	4	0	0	0	0	9	2	2	0	12	15	10	146	21	37	3	0	35	0	0	455	348	2348	0	0	0	2	5	0	16	145	0	31	32	33	8	0	0	0	0	0	0	0	0	14	2	0	15	50	39	42	0	0	0	33	0	108	29	38	20	119	6	5	0	40	5	0	0	17	0	0	0	0	0	99	0	140	0	0	5	0	27	3	10	6	0	4	0	0	0	0	0	0	2	0	0	30	0	0	0	0	0	0	2	3	8	0	0	8	0	0	0	73	29	30	18	0	1	4	2	0	0	0	2	0	26	11	37	0	0	0	0	0	4	4	0	0	18	3	3	8	0	0	65	0	13	0	0	0	0	3	6	0	10	2	0	5	18	49	0	382	20	0	1065	56	43	11	64	4	0	0	0	0	181	45	24	5	0	0	48	0	0	8	0	6	109	0	19	138	37	0	0	0	8	2	5	50	0	0	4	31	158	96	9	0	0	0	0	0	3	0	1	0	1	25	0	0	0	8	0	7	21	3	413	0	0	0	5	0	2	0	0	0	0	2	0	0	10	0	2	1	2	0
np1008	2	0	6	51	40	10	0	69	0	12	117	67	0	11	377	4	23	0	4	3	7	16	4	27	0	5	16	0	0	54	0	82	48	56	0	0	1312	59	12	0	1	195	129	1612	0	445	2	44	326	102	121	5	38	0	4	0	4216	0	7	4	0	0	0	0	0	0	0	2272	0	0	0	717	77	0	7	0	52	117	0	47	0	7	204	0	127	17	0	2	0	0	0	23	22	0	0	39	0	0	0	0	0	10	997	198	396	527	438	14	0	87	414	0	16	6	0	7	0	790	4	0	0	45	79	6	5	79	211	59	129	265	136	114	0	0	0	125	651	11	463	0	0	5	30	0	1549	0	0	0	0	303	272	163	0	0	0	22	0	0	0	8	0	0	6	0	59	5	23	1	91	0	1862	3	289	14	22	0	26	2391	6	0	0	0	152	670	1620	0	0	15	186	0	26	23	64	8	0	0	3	0	0	0	0	2546	25	466	8	204	113	944	2	0	3	196	1250	0	10	957	0	3851	45	0	5558	4051	0	0	0	343	43	0	19	0	0	0	526	0	118	2	132	102	0	429	0	594	70	47	5	0	254	21	26	1080	74	201	149	17	3	0	106	285	4	116	35	30	31	22	0	0	159	0	0	0	0	0	0	0	0	0	0	0	108	0	0	0	0	0	0	24	24	0	34	31	179	0	0	77	0	0	27	0	0	131	50	34	0	11	1	2	21	0	3	0	0	68	0	0	0	0	664	213	0	0	1	0	553	0	0	42	0	0	107	0	0	0	0	0	0	0	0	146	0	0	0	0	8	0	345	5841	0	5213	66	0	113	13	33	9	0	81	0	2484	0	203	1680	0	0	0	0	5	0	0	0	0	0	0	0	0	0	0	0	0	7504	0	0	0	0	259	28	8	6	22	0	0	10	0	0	0	0	0	4709	478	255	35	5	4	2470	209	1811	148	138	48	0	0	0	13	36	15	0	0	0	0	3	4	49	11	0	14	0	0	2	3	0	1	0	10	134	17	22	64	167	0	0	2	0	7	0	49	36	0	111	0	0	0	15	11	4	12	4	0	0	22	2	35	82	428	0	0	0	23	0	0	17	3	0	6	0	34	11	30	0	0	0	5	0	0	3	0	0	17	6	10	0	9	0	0	0	0	41	0	0	94	0	0	23	31	0	0	58	19	64	0	110	185	0	634	7	185	23	77	50	42	0	0	61	76	7	15262	74	15	180	416	0	0	0	0	0	686	0	33	204	75	4	233	0	22	0	25	240	0	0	42	0	330	10975	1339	0	11	10	7	5	10	4	0	5	0	23	6	5	0	26	0	1	0	1	0	1	0	0	81	0	0	0	0	0	0	15	13	0	19	0	0	29	0	0
np1009	0	0	0	3	3	11	0	4	0	54	57	0	0	0	551	151	1	2	7	0	2	3	8	4	0	0	24	6	78	18	25	19	30	0	19	21	787	8	18	32	12	326	404	65	19	511	10	35	208	165	78	56	329	29	0	0	147	11	37	4	21	8	3	0	0	35	5	522	0	0	1	7	96	0	9	3	0	0	1	0	0	0	15	4	0	6	35	116	39	12	21	0	539	0	0	8	5	0	0	10	0	2	125	9	112	50	40	24	0	26	176	0	0	0	7	0	20	124	36	177	0	0	0	0	11	35	27	5	21	12	16	0	11	54	12	45	76	4	47	39	48	0	6	6	77	82	0	31	4	7	4	292	5	30	27	3	23	14	10	7	0	57	96	6	12	9	18	0	10	11	42	9	43	14	18	4	9	450	7	0	85	20	0	4	231	12	10	0	0	11	0	5	5	1	3	0	1	6	2	59	1	24	33	0	0	23	6	7	3	2	0	1	29	5	43	0	0	1200	35	6	321	141	6	10	20	102	11	24	2	0	44	10	20	0	9	2	392	143	88	0	0	112	0	9	2	0	5	15	3	219	10	18	153	61	12	20	107	175	0	7	43	0	14	0	4	0	4	25	21	23	27	27	27	16	69	12	9	9	0	40	36	0	12	10	9	2	0	15	2	0	13	18	17	217	98	4	0	220	20	30	35	13	0	12	5	17	39	7	0	89	789	1959	17	1186	41	616	118	0	4	30	22	4	5	0	32	10	11	24	233	38	13	21	41	8	0	170	81	30	66	26	65	1113	17	0	14	14	163	0	6	2	0	0	0	1	2	16	0	19	15	11	128	29	132	0	0	30	13	2	272	1551	1134	45	35	35	4	13	0	10	123	28	198	28	26	18	12	116	0	113	11	30	0	0	3	24	19	34	168	68	31	6	0	0	59	0	226	16	21	0	1953	27	6	23	262	88	9	5	3	10	7	0	0	0	6	1	135	11	40	4	21	136	12	23	75	0	9	13	15	7	0	8	3	36	0	0	243	39	25	8	6	15	28	0	51	101	15	83	99	11	9	31	406	252	235	144	2	19	14	2	5	6	14	8	30	113	70	181	15	2	0	4	0	17	39	0	6	81	113	37	24	108	5	102	58	287	0	59	0	1	11	16	0	71	52	29	87	203	452	0	2339	96	0	7168	200	378	49	321	0	0	0	0	33	1146	597	29	0	0	9	0	4	3	26	0	14	135	0	14	115	53	11	20	1	0	0	0	0	0	0	5	119	258	175	34	5	4	8	12	1	3	9	6	8	10	52	13	3	0	46	7	36	1	17	166	1	3	1	61	5	11	0	4	0	0	1	31	0	20	30	20	9	23	4
np1012	0	0	0	0	0	0	3	0	0	0	0	0	3	0	0	0	15	0	0	1	0	1	0	13	0	0	0	2	0	0	0	4	0	0	0	0	2	0	0	0	0	2	6	12	0	0	0	0	2	0	0	0	3	0	0	0	0	0	0	3	9	0	0	0	0	0	5	9240	0	0	0	1	1	0	0	33	0	0	0	93	72	413	144	0	0	0	0	1	2	0	0	0	3	0	0	0	0	0	0	0	0	0	375	0	3	961	286	122	0	81	760	0	0	0	0	0	0	13	415	0	39	0	0	0	0	4	5	3	0	0	0	0	0	0	0	0	0	0	0	0	0	0	0	0	0	0	0	8	0	0	0	4	0	0	0	0	0	0	0	0	0	0	0	0	2	19	0	1	0	0	100	0	6	0	11	2	0	1911	0	0	0	7	0	0	788	0	0	0	0	2	10	3	4	0	0	0	0	0	0	0	0	353	37	20	6	74	18	46	0	0	0	0	0	0	9	0	0	61	0	0	22	128	0	0	0	64	0	0	0	0	3	15	3032	0	0	16	1	0	0	0	0	35	0	1	0	11	31	22	0	19	0	0	23	23	0	0	10	3	0	5	0	0	0	0	0	0	11	3	0	0	0	0	0	0	0	0	0	0	0	0	0	0	0	0	0	0	0	1	0	0	0	0	0	0	0	0	0	0	0	0	4	0	0	0	0	0	0	0	0	0	5	0	0	0	0	0	0	0	0	0	0	0	0	0	0	0	0	0	8	0	0	0	0	0	0	8	4	0	0	0	0	0	6	0	0	3269	0	3206	0	0	22	0	0	2717	274	1	0	6	0	3	0	340	0	0	0	3662	0	0	0	0	0	0	0	0	0	0	0	0	0	0	0	0	0	16	0	4	0	0	0	0	0	0	0	0	0	4	26	24	0	0	4	0	236	0	819	6	43	18	0	0	0	0	0	0	0	0	0	0	0	0	0	33	111	0	0	2	0	0	0	0	0	0	0	0	0	0	0	0	0	1	0	0	0	0	0	0	0	0	0	0	0	0	0	1	0	0	1	0	0	0	3	6	0	0	0	1	0	0	0	0	0	0	0	3	0	0	0	0	0	0	0	0	0	0	0	0	2	0	0	0	1	0	0	0	13	0	0	0	0	0	0	3	0	0	0	0	0	0	13	0	0	28	0	0	0	14	0	0	0	0	0	10	0	67	0	0	0	46	0	0	0	0	0	0	0	0	23	35	0	0	0	14	0	29	344	0	0	0	0	0	0	29	0	0	0	6	0	0	0	0	0	0	0	0	0	0	1	0	0	4	0	92	0	0	0	0	0	0	0	0	1	0	0	0	0	0	0	0	0	0	0
np1013	3	2	3	5	2	8	0	34	3	41	114	0	0	25	238	0	9	34	10	0	0	0	28	4	2	5	13	100	121	32	34	33	135	0	39	6	2661	19	43	77	17	472	1030	128	198	1324	3	5	540	147	24	23	91	4	0	3	119	2	147	2023	205	29	228	885	0	0	0	10779	0	0	0	2	18	3	4	0	4	1	0	9	3	0	44	0	0	0	1716	287	10	20	6	0	192	3	5	7	13	13	0	24	4	0	237	299	193	34	242	163	0	218	741	0	10	0	3	0	2	15	3	191	0	3669	37	0	12	107	51	0	8	1	5	11	1	2	0	4	13	14	1609	0	9	0	0	2	34	31	0	52	0	2	0	437	1	0	0	0	41	27	64	17	0	91	9	1	24	18	23	3	55	16	79	0	315	20	0	0	0	324	0	11	127	38	0	16	95	0	2	0	22	0	0	612	44	14	0	0	0	5	3	34	0	5	6	0	29	41	85	84	8	3	0	0	0	0	2	0	7	240	13	0	14	12	0	0	0	36	1	19	21	0	18	6	457	1	11	3	20	17	7	2	7	534	0	2	0	0	1	0	27	29	0	0	11	21	1	16	66	115	6	9	133	4	53	17	105	38	0	96	0	100	176	92	17	4	72	9	0	0	0	49	57	0	4	0	0	0	0	0	0	0	0	5	4	44	8	0	0	24210	0	38	28	17	56	16	81	9	54	27	0	0	0	4	0	2	0	0	0	8	13	30	44	0	15	0	277	23	13	50	810	85	32	48	327	2	29	606	189	38	161	57	2718	3101	65	5	107	49	5816	2	19	154	5	0	0	2	1	573	15	108	106	684	1462	590	0	1	0	204	651	258	6	190	24	8	6	9	0	0	0	81	1593	0	98	117	141	40	6	6	0	0	0	0	0	0	20	0	0	10	60	95	27	2	0	0	31	0	51	10	11	8	48	18	3	33	246	71	0	2	22	0	0	3	5	0	54	0	923	84	0	3	4	152	9	25	3	0	0	13	3	0	0	8	1	12	0	0	270	23	6	0	5	7	0	2	22	91	4	31	138	0	0	10	127	212	272	81	0	10	98	8	8	3	0	20	33	29	24	38	0	0	2	6	0	8	21	102	90	67	93	61	178	0	0	12	0	26	6	0	0	0	18	13	0	363	0	0	185	146	288	0	4462	190	57	11702	237	101	7	135	0	0	0	0	15	544	27	43	0	0	0	4	0	1	36	0	4	179	0	17	220	28	1	1	0	4	0	6	10	0	9	50	678	145	872	333	1	1	0	189	1	105	122	134	83	58	1098	137	6	0	1316	8	28	4	44	2	30	4	0	11	0	2	0	0	0	3	8	12	0	7	3	6	7	0	0
np1015	0	0	0	0	13	28	112	0	0	5	36	0	4	0	95	0	21	0	0	35	7	2	1	10	0	2	8	0	0	0	0	8	0	0	0	0	25	0	0	0	0	18	283	262	0	5	0	0	10	0	0	4	19	0	0	0	29	0	7	3	0	0	0	0	0	0	0	36	0	0	0	14	115	0	0	11	0	0	0	38	3	2	46	0	19	88	0	0	58	5	0	0	93	0	0	0	28	0	0	1	0	6	494	6	28	2137	117	171	0	41	475	0	0	0	0	0	0	400	7114	0	12	1	20	93	1	112	264	0	338	0	26	0	0	8	0	4	15	0	0	0	0	0	8	1	0	0	0	148	2	0	0	33	0	0	0	0	3	0	0	0	0	0	0	0	1	3	1	0	8	0	75	13	5	0	5	3	2	201	0	0	0	14	0	5	259	0	0	0	2	3	29	0	39	0	0	0	2	0	0	2	0	153	13	0	0	36	3	9	0	0	68	7	0	0	50	0	18	1180	0	0	1648	1210	69	0	0	840	4	0	1	0	22	78	19	0	0	9	96	32	16	6	6	134	0	11	7	2	15	0	15	94	0	0	73	76	4	4	122	18	0	17	6	0	8	19	0	0	76	752	0	0	0	0	0	0	0	0	0	0	0	0	0	0	0	10	0	0	0	0	0	0	0	0	0	0	0	0	0	0	0	12	36	0	0	9	6	41	0	2	4	0	144	0	0	675	0	0	0	0	16	4	33	0	0	0	0	0	0	0	0	0	0	0	0	0	0	6	0	0	0	0	0	0	41	0	0	1061	0	982	0	0	8	0	0	944	446	0	0	22	0	1	0	48	0	0	0	1172	0	0	0	0	0	0	0	0	0	0	55	0	0	0	0	0	0	5	0	7	0	0	0	0	0	0	0	0	0	110	365	15	11	2	3	0	516	0	414	37	161	78	0	0	0	5	27	2	0	12	0	0	0	0	0	16	5	0	0	35	0	15	0	127	0	0	0	0	41	7	2	0	6	17	1	62	7	0	143	25	19	0	0	0	6	0	0	99	0	0	532	0	0	0	73	433	152	17	0	299	0	5	4	0	6	0	0	26	21	113	3	0	29	0	0	0	0	0	0	10	45	34	0	16	32	0	0	11	838	0	0	0	0	0	0	38	0	4	0	141	149	0	1132	1	0	1733	18	0	0	218	0	0	0	0	0	258	9	32	0	2	11	0	2	0	0	6	0	7	0	0	19	17	15	88	0	0	0	0	0	0	0	0	0	0	0	37	0	17	0	22	4	5	22	9	16	51	46	21	1	3	27	6	38	8	0	207	0	0	0	51	0	0	0	0	0	0	0	0	0	0	0	0	1	0	0
np1018	20	0	73	230	82	9	0	29	0	1	99	17	0	12	850	4	4	0	26	24	6	4	11	6	0	0	48	0	0	59	3	39	4	31	0	0	304	689	0	0	1	239	289	180	0	108	0	14	84	36	173	17	242	0	210	0	2211	0	12	7	0	0	0	0	0	0	0	466	0	1	0	1004	148	0	7	0	0	3	0	21	0	5	34	0	330	17	0	9	0	0	0	103	71	0	0	39	0	0	0	0	0	9	530	64	326	457	212	21	0	82	277	6	11	0	5	8	0	799	23	0	8	26	65	45	4	61	102	136	372	237	98	23	0	0	0	122	157	15	16	0	0	14	56	0	2746	0	0	3	6	85	495	333	4	0	9	8	4	8	13	4	2	0	10	0	17	2	10	0	72	0	668	0	100	19	36	1	12	1208	42	0	0	0	62	198	660	0	0	1	5	0	1	14	28	0	0	2	0	0	0	0	0	1963	35	486	0	32	6	99	1	0	3	142	402	0	42	326	0	698	13	0	1788	740	0	0	0	51	13	0	9	0	0	0	150	0	104	0	1	6	0	14	0	190	20	27	3	4	95	41	17	745	23	187	326	14	0	3	34	131	0	20	68	2	22	24	0	0	45	0	0	0	0	0	0	0	0	0	0	0	167	0	0	0	0	0	0	42	48	4	43	48	255	0	0	120	0	0	67	0	0	95	12	48	3	17	0	5	3	11	2	6	2	0	0	7	0	0	2727	57	0	0	0	0	172	11	0	26	0	0	62	0	3	0	0	0	0	0	5	76	0	0	0	0	0	0	47	256	0	96	0	0	21	2	19	0	0	33	0	33	0	3	103	0	0	8	32	0	0	0	0	0	0	0	0	0	0	0	0	0	3288	0	0	0	0	80	229	7	20	62	0	0	48	0	0	0	0	0	2160	62	22	17	0	5	493	35	570	21	73	9	0	0	0	35	62	13	0	0	0	1	7	5	22	0	0	36	5	0	7	59	0	17	1	12	929	55	90	140	105	4	0	8	10	24	4	131	109	0	189	0	0	5	12	18	6	57	37	0	0	130	0	314	150	2415	0	0	9	62	0	11	33	10	0	15	0	81	35	83	0	0	3	7	1	18	15	0	0	58	41	51	0	34	0	0	0	0	281	0	0	573	3	0	67	27	0	0	90	23	238	8	220	199	0	1757	28	622	219	734	156	47	0	0	220	237	11	651	16	5	3	96	7	0	0	0	0	833	0	6	116	13	4	889	0	0	0	3	60	0	0	13	0	44	4059	418	0	15	25	4	8	37	10	1	10	0	53	17	4	0	62	21	22	25	2	3	0	0	0	164	0	2	0	0	0	0	3	21	0	27	0	0	2	0	0
np1021	0	0	0	7	0	27	3	3	2	16	10	0	1	6	3707	606	0	0	0	0	0	0	0	1	0	0	4	0	24	4	9	19	11	6	5	0	391	0	7	27	3	61	153	17	49	228	0	15	70	42	42	18	61	26	0	4	218	10	8	0	5	5	101	55	0	31	0	1424	0	0	0	0	18	0	0	0	0	0	0	0	0	0	6	0	16	0	9	76	3	11	7	0	32	0	0	0	1	2	0	4	0	0	79	12	29	12	36	35	0	8	38	0	0	0	0	0	3	46	40	45	0	4	0	0	6	6	8	5	5	1	24	2	13	66	0	14	104	14	824	0	18	1	0	6	358	348	0	15	0	23	3	274	0	5	0	1	19	0	0	0	0	0	18	0	7	1	16	0	5	14	40	0	47	0	0	0	0	317	0	3	90	8	0	5	173	6	9	0	0	0	0	1	3	0	0	0	0	2	0	11	0	31	24	0	8	11	0	7	0	0	0	3	0	0	6	0	20	468	24	0	72	49	0	0	13	56	3	5	0	0	13	0	37	0	3	0	181	68	36	0	0	77	0	6	0	1	0	3	2	84	0	6	55	53	18	19	85	114	0	0	8	0	12	4	0	0	0	13	7	18	6	2	4	2	12	2	0	0	0	6	0	0	0	3	2	0	0	11	0	0	2	0	0	33	10	2	0	167	9	30	24	7	6	5	3	3	4	0	0	0	60	97	6	58	0	0	59	0	0	0	6	0	2	0	2	0	0	0	40	11	5	12	3	0	0	17	26	7	21	20	53	7454	33	0	34	48	229	2	32	9	2	0	0	2	2	199	0	56	64	330	720	208	856	2	0	115	243	11	81	9947	360	20	15	13	0	0	0	31	229	5	39	29	36	7	67	29	0	207	0	0	0	0	22	4	7	21	176	33	10	2	0	0	8	0	102	20	8	0	20171	5	0	0	29	10	3	0	0	2	0	0	0	1	0	0	86	15	5	0	1	18	0	12	7	0	0	0	0	1	1	1	2	5	0	0	25	6	0	0	2	1	4	3	6	9	0	25	42	5	1	6	75	154	132	13	0	0	4	0	2	1	0	0	5	50	27	78	14	0	0	0	0	0	6	0	0	14	11	14	0	7	1	17	3	9	0	1	0	0	0	8	0	66	16	10	43	95	33	0	351	17	0	932	30	49	5	67	0	0	0	0	13	229	20	10	1	0	0	0	2	0	0	0	3	113	3	0	31	2	0	40	0	2	0	0	2	0	0	4	31	297	93	10	0	0	0	0	0	0	3	3	6	0	21	0	0	0	10	0	2	0	32	46	18	14	2	33	0	0	0	0	0	0	0	0	0	0	12	6	0	4	0
np1023	34	20	22	64	5	0	0	35	3	143	79	0	9	23	1561	56	3	22	17	10	0	0	10	8	10	0	33	15	150	27	20	118	171	17	9	8	1297	6	34	39	40	871	845	153	159	1833	14	51	323	86	73	35	91	99	0	2	742	32	146	179	54	17	65	799	75	42	2	6838	75	0	5	5	96	14	24	4	6	2	5	14	3	5	82	73	32	9	163	582	54	67	37	0	552	0	8	19	12	21	7	56	4	13	348	86	221	36	173	145	0	66	459	7	7	6	4	2	17	239	97	649	0	421	16	0	9	39	81	11	15	0	0	3	14	87	6	50	111	9	191	8	54	3	7	5	353	351	4	51	8	24	3	876	9	90	78	11	37	66	92	48	1	18	326	26	35	22	24	4	34	22	146	45	106	18	10	17	4	748	9	12	95	46	0	35	305	0	10	0	43	0	0	122	25	4	7	6	2	26	16	286	7	54	96	0	0	19	28	37	240	117	2	51	26	0	31	10	0	689	26	16	351	124	0	0	11	103	14	26	4	0	52	0	526	1	13	14	7	3	4	0	0	223	0	6	2	0	2	6	12	112	0	10	122	124	7	49	206	355	8	11	143	0	37	11	37	17	2	406	97	339	521	243	100	43	387	59	19	30	0	175	221	65	216	22	17	1	0	83	0	0	16	43	45	242	71	12	2	4946	199	31	53	6	12	9	15	19	45	9	5	9	31	71	19	206	10	0	94	9	4	63	29	12	20	3	230	38	29	49	695	107	40	86	199	18	34	548	209	80	216	77	3454	5416	82	34	69	49	9425	2	17	299	4	1	0	0	0	63	9	47	49	132	412	105	141	2	0	115	87	377	19	1628	68	13	16	9	12	31	0	214	1791	33	222	349	174	73	53	252	13	40	0	34	0	0	114	37	24	110	529	193	30	12	4	0	59	0	277	16	27	10	308	82	23	71	615	196	15	10	5	6	27	8	11	0	19	0	385	27	29	26	4	310	11	53	4	0	0	17	13	15	0	13	8	58	0	20	994	88	33	13	15	1	24	5	64	379	15	173	467	40	31	77	610	747	914	213	0	16	188	15	9	30	23	46	82	232	119	265	30	0	7	9	0	28	73	134	151	171	233	144	263	78	5	104	32	126	6	12	0	0	28	14	1	751	44	14	544	523	789	0	7168	350	58	17900	327	399	47	641	0	0	0	0	112	3104	207	71	0	0	7	0	5	5	32	6	5	148	0	39	136	28	34	74	5	0	0	0	0	0	1	25	185	228	331	119	4	14	8	232	12	124	146	127	83	100	1304	219	20	4	738	29	109	5	70	2	29	31	7	31	5	9	0	4	0	5	5	58	3	42	62	19	0	29	9
np1026	0	2	0	6	43	0	0	2	0	0	2096	159	2	40	984	0	21	0	12	4	21	44	47	165	0	175	3	14	0	12	0	29	8	7	0	0	1822	61	17	0	0	413	25	78	506	2610	0	176	92	225	9	8	35	9	0	0	1715	0	18	0	10717	0	1	0	0	0	28	164	0	0	0	1139	331	0	143	38	446	1055	14	75	5	9	359	0	3	0	0	7	18	0	128	107	102	3	22	134	0	60	0	9	2	18	98	1	20	1	11	1	0	3	34	0	0	42	50	10	0	3002	0	0	0	75	30	24	9	83	62	56	165	0	0	0	0	0	26	2	0	0	0	0	26	0	35	0	0	0	3	0	14	252	0	82	36	0	0	2	2	13	0	1	0	0	3	4	10	0	130	7	0	0	2032	0	135	0	83	0	1	3949	4	47	0	0	0	106	809	0	0	5	22	0	0	5	23	2	0	3	0	0	0	0	4	269	22	0	0	406	37	743	1	3	0	2445	65	0	55	0	0	8208	0	0	8474	1561	0	0	0	471	18	0	2	0	0	0	179	0	24	4	9	3	3	0	11	810	0	318	70	8	24	181	3	183	0	0	141	246	0	55	58	111	125	2592	30	0	19	0	0	0	11	69	0	0	0	0	0	0	0	0	0	0	0	0	0	0	0	0	0	7	7	0	6	5	275	0	0	102	0	0	33	141	82	19	27	3	0	3	0	18	16	0	0	220	256	0	0	535	0	0	1486	51	0	47	524	0	284	0	0	342	320	0	340	0	378	0	0	0	0	0	0	429	0	0	0	0	39	0	22	353	0	39	0	0	17	0	32	0	0	14	0	52	0	0	63	0	0	0	0	0	0	0	0	0	0	0	0	0	20	48	2043	0	1743	0	0	0	0	12	0	89	5	0	534	0	37	0	0	0	0	2092	2858	203	97	29	0	394	1880	69	923	36	162	35	0	0	0	35	814	511	0	0	0	0	10	1	7	0	0	3	0	0	0	3	0	68	0	33	13	32	0	69	15	7	0	33	0	201	41	383	244	258	135	27	4	0	351	210	27	199	46	0	0	948	0	3764	5520	7396	0	87	0	0	0	57	124	6	0	78	120	933	21	81	363	0	18	0	11	59	78	0	0	725	797	68	0	0	0	0	0	0	0	0	0	1431	55	0	0	10	0	0	2530	1472	578	24	3480	362	0	18437	580	8500	377	2782	3172	1837	0	0	3677	2975	22	3553	0	0	1	156	28	12	124	105	0	269	0	0	364	489	18	18	48	0	7	0	0	1	0	1	0	18	5227	1	0	29	29	264	10	31	0	3	0	0	391	88	27	0	717	0	120	32	45	0	0	162	252	468	0	63	18	0	0	0	31	2460	0	1394	0	0	19	61	21
np1027	0	0	0	0	66	0	39	0	0	27	139	19	11	2	574	0	5	8	6	17	9	8	3	0	0	0	2	2	0	0	0	21	0	0	7	1	97	11	0	0	0	68	242	41	8	82	3	7	86	13	7	8	33	0	0	0	66	0	22	0	0	0	3	0	0	0	1	352	0	0	0	88	351	0	5	5	2	0	0	18	0	0	44	0	7	0	0	3	170	16	2	0	190	0	0	0	63	0	0	7	2	9	78	4	48	102	19	14	21	0	186	0	0	0	0	7	0	610	1155	0	11	0	0	15	4	0	12	3	43	7	11	0	0	41	0	15	7	2	0	0	3	2	7	3	7	0	7	50	0	0	0	123	0	0	0	1	2	0	0	0	0	0	0	0	0	0	18	10	5	0	0	21	44	0	9	61	5	304	0	0	0	288	0	1	422	0	0	0	0	0	0	11	5	0	0	5	10	0	0	15	4	203	76	10	3	47	7	38	6	2	6	47	0	0	53	0	0	177	0	0	479	74	15	0	0	63	7	0	2	3	0	40	25	0	0	11	2	0	0	0	0	87	0	10	8	2	19	33	7	58	0	0	257	602	8	13	59	54	7	36	27	0	6	3	0	0	22	114	0	0	0	0	0	0	0	0	0	0	0	0	0	0	0	102	0	0	0	0	0	0	0	0	0	0	0	0	0	0	0	42	126	0	0	11	0	0	11	2	72	0	306	0	0	1352	0	0	0	0	22	18	54	2	0	0	0	0	0	0	0	0	0	0	0	0	0	0	0	0	0	0	0	0	9	0	0	178	0	173	0	0	4	0	0	102	4077	0	0	5	0	0	0	158	0	1	0	240	0	0	0	0	0	0	0	0	0	0	250	0	0	0	0	0	0	4	59	83	57	163	0	0	91	0	0	0	0	144	848	7	0	27	0	4	154	0	54	0	11	3	0	0	0	16	107	25	0	0	0	0	0	0	0	2	0	0	0	0	0	10	0	129	2	10	3	0	28	19	4	0	19	52	9	118	14	0	391	90	52	4	14	1	13	0	2	232	0	0	638	0	0	0	419	955	297	26	0	105	0	28	19	0	10	0	0	179	104	343	13	0	52	0	0	0	5	0	0	28	50	46	0	52	185	0	0	12	850	0	0	0	8	0	0	44	10	17	0	117	225	0	1266	6	126	2818	212	0	5	498	0	0	0	0	32	939	18	0	0	10	0	6	110	5	0	7	0	16	0	0	107	6	64	261	0	0	0	0	0	5	5	0	0	0	0	2	0	41	22	14	25	13	264	61	78	159	159	73	0	0	78	10	107	1	0	1699	0	0	0	131	12	15	0	0	0	0	0	2	0	2	0	0	0	0	0
np1028	10	134	0	8	94	0	0	0	0	0	999	57	23	34	786	0	7	0	224	219	18	29	42	73	0	46	59	0	144	77	3	32	6	0	8	0	1024	120	7	0	1	1745	3034	78	39	2762	0	127	100	111	74	41	162	50	0	0	1165	0	47	16	1554	0	5	0	0	0	21	163	0	0	0	5155	833	0	92	0	19	39	58	73	0	7	137	0	33	0	0	6	24	0	121	285	187	2	9	137	3	74	0	8	3	35	868	50	822	206	261	99	0	90	964	55	115	18	26	16	0	559	0	0	0	21	52	151	14	143	124	203	838	0	0	0	0	0	58	0	0	0	11	0	54	0	110	0	0	0	4	0	110	550	0	240	67	0	0	1	3	52	24	20	0	0	7	12	18	15	62	14	16	0	338	0	94	0	53	6	0	1602	96	88	0	0	129	171	13185	0	0	10	6	0	0	83	24	0	109	95	22	0	0	8	18	640	592	0	5	204	20	612	20	7	0	786	20	20	496	0	33	1589	0	0	2247	968	0	0	0	252	10	0	3	5	0	0	169	0	38	2	0	0	0	0	0	499	0	140	43	5	39	228	50	252	0	0	360	565	35	160	269	433	39	1761	49	0	33	42	0	0	55	89	0	0	0	0	0	0	0	0	0	0	0	0	0	0	0	0	0	14	25	0	11	13	1261	0	0	505	0	0	181	155	80	754	168	81	48	13	0	43	59	0	0	92	124	0	0	241	0	0	768	28	0	19	114	0	122	0	0	551	468	0	504	0	573	0	0	0	0	0	0	636	0	0	0	0	3	0	0	33	0	5	0	0	2	0	2	0	0	0	0	4	0	0	2	1	0	0	0	0	0	0	0	0	0	0	0	0	4	16	1131	0	1597	0	0	0	0	26	0	207	84	0	8	0	134	0	0	0	0	1438	2345	59	7	49	8	7	745	34	637	22	78	0	0	0	0	44	347	200	0	0	0	0	5	4	22	0	1	9	0	0	6	20	12	93	1	4	24	80	8	119	25	7	2	62	0	168	43	907	464	224	153	22	17	0	415	229	57	649	128	0	0	601	0	7058	6641	4498	0	157	0	9	0	67	159	7	0	134	161	842	9	65	374	0	66	0	48	48	74	0	0	794	787	74	0	0	0	0	0	0	0	0	0	988	49	0	0	0	0	0	1550	2140	1140	89	6750	512	0	24762	520	12261	433	2870	2657	2157	0	0	3078	3273	42	287	3	0	0	61	283	15	76	55	0	377	0	0	316	47	51	14	44	0	8	0	0	0	3	0	0	10	1806	8	0	66	55	269	24	42	0	0	0	0	507	150	64	0	545	0	606	1	1	2	0	48	94	120	0	26	104	0	6	0	11	779	0	426	0	0	7	11	0
np1030	0	0	0	58	10	316	100	0	555	3153	356	37	3	18	551	0	9	0	420	322	453	5	17	5	303	24	188	1109	394	100	9	696	78	0	21	40	2719	543	27	0	0	35606	10090	162	0	12846	15	27	720	41	20	114	49	0	0	0	744	0	330	356	120	0	0	0	0	0	3	198	0	0	0	4232	1243	305	0	0	0	65	0	1	3	0	47	0	0	0	0	1799	241	1	0	0	964	423	34	761	0	1627	0	0	0	166	383	0	732	63	229	85	0	21	895	0	51	0	27	274	0	385	0	0	0	0	19	35	17	182	47	98	61	736	502	76	0	0	0	0	0	0	0	0	0	0	0	0	0	0	39	2529	8	20	0	15	0	0	0	0	0	0	17	0	0	0	0	0	62	156	79	15	10	0	1034	30	1090	0	12	0	0	1966	0	0	0	0	0	238	1085	0	0	0	33	43	35	10	605	92	0	0	1	7	0	0	0	0	0	0	2	15	7	26	1	0	0	0	117	0	8	0	0	571	0	0	204	162	0	0	0	42	9	882	236	2	0	0	5145	0	5	51	3666	1469	807	0	52	2706	0	12	8	0	2	15	22	92	0	0	0	4	5	69	124	632	0	698	482	7	16	0	0	0	14	0	0	0	0	0	0	0	0	0	0	0	0	0	0	0	0	0	0	0	0	0	0	0	0	0	0	0	0	0	0	15	0	25	138	27	3	0	2372	82	58	14	0	0	75	231	0	0	0	131	0	0	3	0	61	0	25	17	0	0	0	0	0	0	0	0	0	0	0	427	206	0	225	0	4	10	0	0	0	0	8	0	0	1	0	0	0	0	0	0	0	0	0	0	0	0	0	0	0	0	0	0	0	0	0	0	0	0	0	0	649	0	0	0	0	0	0	149	0	0	3	1	0	0	0	0	0	0	0	1121	687	139	0	21	7	4	234	0	227	29	9	36	2	18	98	362	5178	806	0	151	0	21	0	7	9	4	37	205	0	0	0	0	0	112	0	85	0	0	0	0	19	71	0	695	209	217	506	0	6324	1061	2134	5	698	6	290	258	181	484	9	0	707	0	0	0	986	1305	767	259	0	0	0	0	35	0	0	0	0	1831	1485	2160	0	1309	125	363	4	24	460	0	0	1975	1371	875	0	0	0	8	0	0	0	0	385	0	322	0	0	1041	0	0	0	969	1750	0	19260	0	0	11275	0	0	198	6610	333	0	291	3	587	1147	174	370	0	3	0	66	0	0	0	483	242	866	0	21	814	106	51	0	121	1	0	0	0	0	243	0	2	12	1615	24	0	103	46	6816	9	4	11	8	333	323	1049	640	12	72	696	0	21	4	0	0	0	0	0	0	0	17	0	0	0	0	27	1133	0	284	0	0	61	0	0
np1032	0	3	36	4	0	18	1	9	24	51	46	0	0	15	87	0	4	89	18	10	0	0	0	0	4	0	1	194	23	80	99	12	60	0	10	5	1793	8	10	19	4	501	595	139	127	690	3	13	266	34	21	26	169	1	0	0	48	0	227	254	38	8	11	136	17	0	0	1678	30	0	0	7	23	3	4	6	8	1	0	24	5	0	67	0	1	0	4817	342	8	16	15	7	141	0	0	10	5	7	0	47	27	8	409	91	20	21	306	90	85	0	382	0	0	0	2	0	0	3	3	813	0	1149	80	0	3	281	42	20	31	0	16	21	3	5	0	0	28	17	556	0	16	1	1	32	20	23	1	261	0	0	0	238	2	0	0	0	100	49	47	18	0	39	19	3	17	9	10	2	17	8	57	5	186	13	0	0	2	294	0	0	11	6	0	33	70	0	0	0	63	0	0	86	29	8	0	0	0	4	0	34	0	2	6	0	0	39	6	7	12	0	0	0	0	0	0	0	0	97	4	6	0	6	0	0	0	14	0	19	2	0	13	0	117	0	8	3	20	5	4	0	0	535	6	0	0	0	0	0	4	58	0	5	12	45	2	84	19	32	0	6	86	3	23	4	20	5	0	40	0	52	76	40	27	15	137	12	6	21	0	73	54	0	0	2	7	12	5	0	4	5	7	17	19	47	25	0	2	5228	0	4	36	5	37	9	90	11	57	45	8	0	0	1	0	3	0	1	0	0	6	14	20	2	0	0	191	14	18	48	537	53	20	72	202	1	48	578	151	49	155	46	477	587	16	0	25	12	852	1	4	0	2	0	0	0	0	91	0	25	38	140	320	90	0	0	0	41	123	2	9	73	37	11	12	9	0	0	0	43	758	0	94	53	30	33	0	4	0	0	4	0	0	0	4	0	0	9	36	59	19	0	0	0	47	0	17	0	0	2	0	15	5	19	132	49	0	0	8	0	0	3	3	0	3	5	621	18	140	3	150	13	12	34	48	233	711	0	0	26	0	32	0	15	0	18	602	28	15	19	15	784	6	2	20	464	18	213	960	96	0	49	189	331	289	130	0	5	190	8	8	3	8	63	768	34	15	36	5	0	55	48	1	6	31	150	108	289	83	94	170	0	3	27	0	27	0	3	0	0	212	74	5	233	45	18	72	237	287	0	3967	129	0	22764	142	280	21	235	0	0	0	0	18	1077	48	163	0	0	0	10	0	0	266	47	21	131	0	10	83	11	3	7	5	11	0	0	22	0	8	13	251	230	314	108	0	0	0	139	3	33	86	133	76	74	876	168	36	42	3039	8	27	0	13	0	6	0	0	0	0	0	0	0	0	0	3	7	0	5	16	3	3	0	0
np1034	0	0	0	0	4	0	0	1	0	0	77	0	0	58	915	0	26	0	2	0	0	5	5	21	0	8	0	70	0	0	0	43	0	0	0	0	785	0	20	0	0	305	0	68	568	186	0	6	22	97	0	0	17	2	0	0	764	0	6	0	1737	0	0	0	0	0	11	33	0	0	0	53	28	0	12	0	63	160	0	24	0	0	53	0	12	0	0	1	3	0	37	15	23	0	4	20	1	7	0	0	0	0	79	0	18	1	0	3	0	0	8	3	2	0	8	0	0	20	0	0	0	13	14	0	16	60	33	9	20	0	0	0	0	2	16	0	0	0	0	0	14	0	2	0	0	0	0	0	0	148	0	19	251	0	0	0	0	4	0	9	0	0	6	16	2	0	30	0	0	0	450	0	112	0	5	0	0	807	0	4	0	0	0	22	475	0	0	0	3	0	0	0	0	0	0	0	0	0	0	0	2	208	0	0	4	58	9	45	0	0	0	364	6	0	6	0	0	2367	0	0	365	489	0	0	0	82	0	0	2	0	0	0	58	0	0	0	1	0	0	0	5	223	0	47	3	0	5	37	0	29	0	0	57	133	0	81	17	31	5	34	31	1	56	0	0	0	7	32	0	0	0	0	0	0	0	0	0	0	0	0	0	0	0	0	0	0	0	0	0	0	24	0	0	10	0	0	1	54	20	0	9	0	0	1	0	0	4	0	0	202	228	0	0	560	0	0	841	10	0	7	64	0	55	0	0	189	189	0	179	0	191	0	0	0	0	0	0	220	0	0	0	0	125	0	12	596	0	44	1	0	41	0	67	0	0	42	0	74	0	1	71	0	0	0	0	0	0	0	0	0	0	0	0	0	19	47	830	0	1403	0	0	0	0	0	0	3	0	0	168	0	0	0	0	0	0	676	670	554	245	18	0	169	1828	41	430	33	112	13	0	0	0	7	123	78	0	0	0	0	0	2	0	1	0	0	0	0	0	4	0	11	0	16	6	59	5	0	0	0	0	2	0	9	6	65	48	33	16	9	0	5	51	47	0	42	0	0	0	458	0	1725	1283	4299	0	50	0	1	0	0	23	1	0	36	43	209	0	14	136	0	2	0	0	28	45	0	0	173	197	71	0	0	0	0	0	0	0	0	0	417	4	0	0	0	0	0	923	515	461	23	1723	124	0	9013	107	4142	58	710	788	542	0	0	802	828	8	1005	0	0	0	84	0	0	47	45	0	302	0	0	181	85	0	0	0	0	8	0	0	1	0	1	0	14	2403	0	0	3	1	57	0	2	4	1	0	0	47	17	0	0	77	0	7	99	142	0	0	209	452	0	0	11	0	0	0	0	5	621	0	338	0	0	5	67	17
np1038	0	0	34	0	9	50	245	5	0	0	47	32	0	7	2738	0	7	0	23	41	0	6	16	8	0	8	32	3	0	9	0	31	0	11	0	0	1068	0	127	0	1	199	1009	132	0	593	0	27	182	37	285	97	475	0	0	2265	1786	0	8	3	0	0	0	0	0	0	0	127	0	0	1	202	104	0	7	0	0	0	0	6	0	2	8	1	0	3	0	7	0	0	0	111	293	36	0	126	0	0	0	0	0	2	46	2	330	96	28	35	0	14	124	0	23	2	7	4	0	1151	186	0	0	3	11	110	2	26	57	142	456	0	35	0	0	0	0	0	47	0	19	0	0	5	5	0	0	0	0	0	0	4	0	0	82	0	62	0	0	26	58	10	3	0	0	0	20	23	24	4	2	0	175	0	62	0	34	0	0	343	67	0	0	0	29	66	375	0	0	2	66	0	0	0	33	0	0	0	0	0	0	0	0	288	0	10	0	8	0	223	3	2	3	116	0	0	32	0	28	531	10	0	161	35	0	0	0	196	0	0	9	1	99	0	23	8	3	9	0	0	0	0	0	228	64	13	13	5	8	19	8	141	0	0	2461	35	3	9	52	2248	0	12	114	0	17	6	0	0	21	0	0	0	0	0	0	0	0	0	0	0	0	0	0	0	0	0	0	22	29	0	20	26	0	0	0	0	0	361	53	0	0	47	0	6	0	4	0	9	30	1	0	0	2	7	0	0	0	0	0	33	0	18	1	11	72	0	0	45	68	0	120	0	17	0	0	0	0	26	0	181	0	0	0	0	0	0	0	5	0	0	0	0	2	0	0	0	0	2	0	1	0	0	4	0	0	0	0	0	0	0	0	0	0	0	0	0	0	0	0	0	151	0	0	0	0	47	184	0	5	6208	0	0	50	0	0	0	0	0	3	19	0	16	0	0	107	4	497	6	27	17	0	0	0	64	183	0	0	2	0	0	0	0	18	0	0	8	0	0	0	2	0	0	4	7	139	3	32	27	20	4	1	17	0	27	0	305	63	25	4	4	13	12	41	0	0	555	40	0	0	0	0	1213	323	6980	0	0	0	0	0	45	102	0	0	0	0	0	0	0	0	0	75	0	0	17	30	0	0	22	4	33	0	0	45	0	0	0	0	0	0	63	24	0	0	2	0	0	4709	0	3153	134	4079	169	0	9049	715	1382	167	1154	1829	0	0	0	1896	159	52	52	1	1	0	7	83	0	0	0	0	62	0	0	145	122	48	0	6	0	0	0	16	0	0	0	0	0	1092	24	0	4	8	0	12	38	4	0	2	0	10	6	33	0	63	0	13	0	0	0	0	0	0	0	0	0	4	0	0	0	3	14	0	0	0	1	8	0	0
np1039	8	0	0	24	14	0	0	1	0	0	209	15	0	72	3390	0	18	0	12	4	0	19	4	11	0	22	28	0	158	101	0	30	0	20	0	0	3457	0	65	0	0	1084	2109	208	191	825	0	47	131	249	25	24	275	229	0	0	2971	0	12	3	751	0	2	0	0	0	5	930	0	2	0	81	82	0	14	0	31	59	0	18	2	0	23	0	40	48	0	0	8	0	17	6	50	2	12	29	0	15	0	4	0	0	392	143	1325	186	701	152	0	62	664	0	14	14	21	3	0	68	0	0	0	27	28	13	32	71	69	45	251	0	0	0	0	0	1565	26	0	2	417	0	1618	0	34	0	3	0	1	0	91	999	0	206	1051	0	0	0	4	5	58	9	0	0	13	1	13	4	52	12	5	0	1166	0	241	0	111	0	0	1882	15	15	0	0	0	123	740	0	0	14	17	0	2	9	390	9	0	9	0	0	0	0	0	1108	0	0	14	43	13	69	0	0	0	1453	51	0	96	0	37	2044	0	0	1650	688	0	0	0	237	28	0	61	0	0	0	393	0	7	0	171	50	25	23	1	767	0	63	12	5	11	198	19	741	7	0	421	968	9	56	2461	5652	11	191	7	0	62	62	0	0	118	37	0	0	0	0	0	0	0	0	0	0	0	0	0	0	0	0	0	0	0	0	0	0	33	0	0	15	0	0	20	83	30	6	289	29	0	0	0	21	32	0	0	46	22	0	0	95	0	0	762	22	0	14	135	0	134	0	0	225	203	0	251	0	240	0	0	0	0	0	0	244	0	0	0	0	95	0	12	538	1	42	1	0	34	3	85	9	0	35	0	80	0	0	79	0	0	0	0	0	0	0	0	0	0	0	0	0	406	1087	1705	0	5812	0	0	0	0	13	0	34	0	199	9	0	0	0	0	0	0	3780	3924	8	25	43	0	6	673	14	1320	48	326	37	0	0	0	19	494	459	0	0	0	0	3	3	7	0	0	1	0	0	0	2	1	103	0	24	17	28	4	10	0	2	0	5	0	52	0	114	58	26	28	9	0	0	68	33	9	21	0	0	0	133	0	5404	1772	1923	0	11	0	0	0	19	25	0	0	18	10	387	0	32	272	0	5	0	4	0	2	0	0	42	124	4	0	0	0	0	0	0	0	0	0	528	6	0	0	0	0	0	2048	1366	93	11	5002	152	0	18615	160	9228	105	837	733	1035	0	0	887	1284	7	551	0	0	0	27	11	13	11	3	0	869	0	0	336	52	29	0	3	0	0	0	0	0	0	0	0	0	1861	6	0	7	7	58	2	5	0	0	0	0	84	20	0	0	73	0	27	90	103	0	0	8947	20876	6	0	60	0	0	0	0	10	796	0	198	0	0	11	1490	499
np1041	0	0	0	44	0	0	5	0	33	11	22	0	0	9	69	0	0	3	0	9	0	0	4	5	5	0	4	6	7	5	0	109	0	0	0	0	160	9	0	0	0	68	256	6	0	230	0	5	23	5	9	14	72	0	0	0	538	0	7	0	17	0	0	0	0	0	0	1040	0	0	0	414	30	1	2	0	0	7	11	0	4	0	13	0	0	0	0	23	17	0	0	0	168	77	0	38	0	49	0	0	0	0	58	12	306	59	34	20	4	0	52	0	0	0	7	0	0	72	21	0	0	0	3	16	8	14	12	29	20	0	0	0	0	0	0	0	7	0	2	0	0	0	6	0	0	0	5	3	10	0	0	3	0	0	0	0	2	0	0	1	0	0	0	0	4	7	9	4	2	0	127	2	19	0	16	8	0	120	19	0	0	0	0	15	182	0	0	0	0	0	0	5	7	0	1	1	0	0	0	0	0	99	8	6	6	16	0	16	1	0	0	292	57	0	14	0	0	196	0	0	162	68	0	0	0	13	1	0	0	0	0	0	36	0	0	5	7	0	0	0	2	59	0	9	0	0	3	15	1	20	0	0	30	195	0	17	24	674	5	16	58	0	0	7	0	0	10	0	0	0	0	0	0	0	0	0	0	0	0	0	0	0	0	0	0	0	0	0	0	0	0	0	0	138	0	0	0	0	0	0	33	4	0	2	3	9	7	7	0	0	10	21	0	1	0	10	0	0	2	0	0	0	0	4	0	0	0	0	0	0	0	0	0	0	0	127	58	0	66	0	0	0	6	0	73	93	0	0	0	0	0	5	0	1	0	0	0	15	0	0	36	156	0	133	1	21	0	0	0	1	0	0	0	0	0	0	29	0	0	0	0	0	0	10	0	36	0	15	0	0	22	0	0	0	0	595	361	47	0	4	0	0	82	0	67	5	4	9	0	0	7	9	217	19	0	4	0	1	0	0	0	4	2	0	0	0	0	0	0	5	0	9	0	0	0	0	0	0	0	8	0	27	14	0	86	55	74	7	1	8	9	34	20	283	0	0	240	0	0	0	442	412	228	5	0	3	0	0	0	0	0	0	0	81	39	74	0	24	2	2	1	4	69	0	0	32	74	13	0	0	0	0	1	0	0	0	2	0	61	0	0	43	0	0	0	85	408	0	2558	9	0	1084	22	0	129	608	46	0	49	0	71	261	166	106	0	0	3	0	0	0	0	0	0	182	0	0	25	0	0	0	0	0	0	0	0	0	0	0	0	19	903	7	0	2	0	32	1	0	0	0	2	8	13	0	0	0	44	0	0	138	9	0	1	0	0	23	7	2	0	0	0	0	0	40	0	5	9	0	1	0	0
np1042	2	1	7	11	0	188	18	0	10	107	40	5	0	18	1078	1326	18	25	0	4	0	6	0	7	18	2	9	55	141	60	74	26	89	0	33	10	2149	9	35	37	18	876	899	140	178	858	12	54	1041	292	176	53	158	337	5	0	2956	18	113	3	72	31	36	233	17	74	3	4272	0	0	1	0	30	0	9	8	17	5	0	12	0	0	39	0	2	150	999	1225	31	29	23	0	1768	0	0	0	0	0	0	3	6	9	389	76	92	55	149	308	0	19	145	0	0	3	5	0	0	160	136	1477	0	79	19	0	22	77	96	0	3	0	109	64	173	199	13	4	13	16	1715	28	49	1	12	5	1116	1077	1	324	0	394	8	2470	0	0	7	0	171	31	45	7	1	743	71	10	25	12	37	3	39	120	389	3	409	87	0	4	0	2369	22	7	56	8	0	21	732	46	25	10	1136	0	1	3	72	40	0	0	0	4	3	43	3	122	105	11	19	54	35	30	4	0	8	0	16	0	30	0	45	2836	109	43	351	333	0	6	16	153	8	27	16	0	22	0	457	0	6	5	81	39	15	0	0	312	0	16	4	0	0	10	5	203	0	20	224	141	47	166	1099	1279	4	19	218	156	52	9	21	6	0	101	43	39	37	32	124	65	496	72	69	0	0	208	220	3	5	46	51	9	13	29	9	15	17	66	45	214	82	0	3	3014	80	12	37	146	169	17	24	15	41	0	0	3	21	29	3	35	0	0	36	0	0	13	5	0	5	0	77	48	37	24	508	110	42	124	80	0	10	211	159	76	278	123	35	10709	58	0	39	56	194	0	39	5	0	3	0	3	2	34	0	3	0	97	144	58	1232	3	0	54	31	8	46	15292	181	49	43	36	0	3	0	231	1080	25	434	267	127	48	49	15	0	270	16	0	0	0	551	15	26	173	859	132	21	4	0	0	158	0	537	41	48	14	50937	25	8	13	106	24	8	6	0	2	4	6	12	0	0	1	771	24	11	3	49	99	44	27	83	29	939	3	6	11	0	11	2	83	0	12	546	71	42	12	8	873	12	4	20	424	4	245	917	194	5	148	586	2490	3157	188	0	6	100	13	5	13	9	67	130	154	68	199	62	0	8	12	2	14	47	40	21	274	643	126	35	12	2	151	0	2534	0	196	0	1	6	221	0	591	76	30	115	338	287	6	3759	229	89	10746	260	403	31	330	8	0	2	7	19	1594	1924	129	5	0	0	41	0	3	31	0	23	770	18	23	345	13	6	391	4	6	0	0	9	0	0	18	382	2661	874	59	3	0	0	42	0	18	21	20	11	29	166	14	7	0	46	5	31	5	27	23	16	1	1	7	0	3	0	0	0	0	0	24	0	24	44	18	7	4	0
np1046	9	0	28	148	43	0	1	78	0	3	34	13	0	11	1368	5	7	0	3	15	0	3	7	0	0	0	55	0	0	80	12	39	3	23	0	0	509	296	7	0	0	234	228	290	0	118	0	10	81	24	216	22	107	0	94	0	1479	0	14	6	0	0	0	0	0	0	0	348	0	0	0	1034	110	0	7	0	2	4	1	58	12	44	370	0	486	8	0	8	0	0	0	26	68	0	0	34	0	0	0	0	0	11	808	57	217	315	212	32	0	103	435	15	25	0	12	12	0	764	43	0	3	164	47	48	3	60	100	176	413	246	88	5	0	0	0	176	219	12	20	4	0	10	41	0	1649	0	0	3	4	74	640	304	0	0	0	18	12	0	9	10	4	0	24	0	19	0	14	0	30	0	855	1	77	15	34	1	9	1240	25	0	0	0	69	79	895	0	0	0	7	0	1	109	13	3	0	6	2	0	0	0	0	1186	24	300	0	94	47	156	0	0	3	682	397	0	83	343	0	821	25	0	1976	1205	0	0	0	120	27	0	4	0	0	0	106	0	301	2	0	2	0	6	0	145	13	21	2	0	109	32	14	873	40	219	124	8	0	0	33	131	4	10	40	0	22	15	0	0	41	0	0	0	0	0	0	0	0	0	0	0	147	0	0	0	0	0	0	67	61	1	46	66	341	0	0	129	0	0	28	2	0	83	9	58	3	16	0	3	12	4	4	2	0	7	0	8	0	0	1735	81	0	0	2	0	179	8	0	32	5	0	56	0	0	0	0	0	0	0	0	64	0	0	0	0	3	0	112	1884	0	1656	7	0	134	21	69	20	2	115	0	763	0	88	616	0	0	5	10	0	0	0	0	0	0	0	0	0	0	0	0	0	3160	0	0	0	0	91	369	6	17	32	0	0	45	0	0	0	0	0	1707	54	41	20	0	4	335	37	681	21	59	11	0	0	0	21	59	12	0	0	0	0	3	0	19	5	0	36	2	0	8	18	0	6	2	5	664	34	112	108	111	4	0	4	12	29	0	99	155	0	241	2	5	3	25	17	3	20	17	0	0	97	0	270	114	3539	0	0	12	33	0	5	18	0	0	16	0	80	19	69	0	0	0	13	2	28	16	0	0	50	43	56	0	22	0	0	0	0	341	0	0	327	7	0	40	65	0	0	111	16	192	7	243	213	0	2579	32	698	106	360	95	29	0	0	135	112	24	999	31	8	6	87	3	0	0	0	0	999	0	0	97	26	5	921	0	2	0	2	9	0	0	6	0	112	3142	782	0	23	29	10	4	15	5	1	8	0	30	3	8	0	29	17	11	14	4	3	0	0	0	175	0	0	4	0	0	0	0	25	0	34	0	0	8	0	0
np1050	3	0	0	18	0	0	0	2	6	17	123	0	3	128	166	71	0	0	0	0	0	3	4	25	3	7	20	1	21	5	8	23	84	59	14	0	1966	0	39	77	2	41	290	90	174	898	5	19	194	181	5	8	13	5	0	0	397	24	12	6	82	35	0	8	0	14	6	728	0	0	1	0	16	0	7	2	11	1	1	0	0	1	3	2	41	0	0	18	0	0	6	0	16	0	0	0	0	5	0	4	0	3	111	36	160	17	162	130	0	19	53	0	0	0	3	3	0	47	4	87	0	14	0	0	6	31	38	2	10	0	0	0	17	19	0	5	34	2	40	0	7	0	11	0	10	16	0	109	20	717	0	217	2	5	4	23	4	0	3	8	0	9	49	0	18	16	15	0	13	25	107	0	104	18	4	3	0	717	18	22	347	119	0	18	455	14	14	0	3	0	0	2	46	0	0	0	0	17	3	28	0	497	136	0	155	220	77	124	0	0	0	0	194	26	39	150	145	5237	326	157	2326	872	0	119	55	452	97	2	29	0	12	0	61	0	13	4	2	1	0	1	1	192	0	11	10	0	237	947	3	478	24	50	51	50	2	0	31	38	13	29	21	0	28	10	110	64	2	18	13	52	5	0	5	5	7	2	4	0	0	5	1	0	0	2	1	0	0	10	0	0	1	4	0	55	10	0	2	280	0	23	58	15	3	2	1	9	9	2	0	1	5	22	3	49	4	0	16	0	5	22	12	2	6	4	17	7	11	0	319	69	13	40	23	0	4	77	117	17	73	29	373	5404	50	0	610	437	1162	2	30	101	3	0	0	35	28	310	121	953	1197	68	9113	1866	1014	29	0	1662	74	109	149	6807	692	49	21	20	67	139	0	93	732	0	26	151	91	38	12	0	1	0	0	24	0	1	53	8	13	66	309	185	47	2	0	0	31	0	660	33	29	18	45	62	24	17	98	70	14	0	7	20	9	5	0	16	0	0	460	66	6	2	1	7	1	21	0	0	0	6	3	0	1	2	2	2	0	0	39	14	9	0	0	3	1	2	8	17	0	11	20	0	2	10	101	48	58	15	0	6	3	3	0	2	4	0	6	20	10	30	0	0	0	0	0	0	4	0	5	7	9	10	5	9	0	13	2	3	1	0	0	0	7	43	0	36	13	0	26	32	21	0	140	21	0	339	18	0	6	80	0	0	0	0	9	322	9	67	0	3	0	8	0	0	0	0	0	137	4	21	115	30	1	0	0	10	0	0	2	0	0	14	259	96	295	23	1	3	6	6	1	5	7	5	0	3	27	0	0	0	32	0	10	25	350	110	23	8	3	9	0	1	0	0	0	0	32	16	0	17	17	5	2	224	64
np1052	0	0	0	0	0	2	3	0	0	0	4	0	0	2	30	0	0	0	0	0	6	0	0	0	0	0	0	0	0	2	0	4	0	0	0	0	12	0	0	0	0	1	8	3	0	4	0	0	0	0	0	0	2	0	0	0	0	0	1	0	51	0	0	0	0	0	0	50	0	0	0	4	31	0	0	191	151	75	0	4	1	0	5	0	0	0	0	0	8	0	0	2	27	0	19	0	0	0	0	0	0	2	37	2	14	2	15	3	0	4	38	0	0	0	0	0	0	4	0	0	0	0	0	0	0	0	0	0	4	8	2	0	0	0	0	0	0	0	0	0	0	0	0	0	0	0	0	0	0	3	0	0	0	0	0	2	0	0	0	0	0	0	0	0	22	8	2	0	0	0	23	0	7	0	23	0	0	34	0	8	0	0	0	2	63	0	0	0	44	0	1	0	24	5	0	3	1	0	0	0	0	11	8	0	0	13	0	37	0	0	0	3	0	0	42	0	0	28	0	0	111	50	0	0	0	6	25	0	0	0	0	0	9	0	0	6	46	9	11	0	0	0	0	2	2	0	6	7	3	3	0	0	0	5	0	0	4	2	0	5	0	15	2	2	0	0	10	0	0	0	0	0	0	0	0	0	0	0	0	0	0	0	0	0	0	0	0	0	0	0	0	0	0	0	0	0	0	0	0	2	7	0	2	0	0	0	0	0	0	0	0	0	0	0	0	0	0	0	0	0	5	0	5	0	0	7	0	0	9	0	6	0	0	0	0	0	0	5	0	0	0	0	1	0	0	21	0	2	0	0	2	0	0	0	0	2	0	2	0	0	5	0	0	0	0	0	0	0	0	0	0	0	0	0	0	0	3	0	0	0	0	0	0	41	0	2	1	32	0	0	12	0	0	0	0	9	8	0	0	12	3	3507	57	0	37	0	9	0	0	0	0	0	0	0	0	0	0	0	0	6	12	0	0	0	0	0	0	0	0	0	0	0	0	0	1	0	0	0	0	1	0	1	0	0	10	0	6	0	0	0	0	0	7	4	0	0	0	0	0	9	45	10	0	0	0	0	0	0	0	0	0	2	0	18	3	12	0	0	0	0	0	2	0	0	0	0	11	0	0	0	0	0	0	0	0	0	0	1	0	0	0	0	0	0	3	3	5	0	58	0	0	30	0	16	1	8	7	2	0	0	10	8	0	1397	12	0	1	123	2	0	0	0	0	11	0	0	5	0	2	0	0	1834	28799	0	0	3	0	0	0	0	32	0	0	0	1	10	0	0	0	0	0	0	0	0	0	0	0	0	7	6	9	1	0	0	7	3	0	42	0	0	0	0	0	0	0	3	0	0	0	0	0
np1053	3	0	21	171	18	0	0	9	0	14	41	4	0	4	186	4	8	0	9	12	0	6	4	6	0	1	14	0	0	37	2	14	4	9	0	0	393	541	0	0	0	67	130	92	0	85	0	6	45	12	42	13	112	0	1	0	1355	0	4	2	0	0	0	0	0	0	0	386	0	0	0	230	46	0	6	0	2	6	0	6	0	3	19	0	42	41	0	1	0	0	0	21	20	0	0	8	0	0	0	0	0	4	275	37	130	198	121	2	0	22	74	0	0	0	8	0	0	148	1	0	0	3	24	6	1	30	54	78	201	149	72	21	0	0	0	25	70	8	39	0	0	7	14	0	523	0	0	0	3	49	146	115	0	0	0	6	0	1	0	3	0	0	0	0	13	0	6	0	12	0	552	0	69	10	10	5	0	683	6	0	0	0	29	161	378	0	0	2	7	0	10	5	9	0	0	0	0	0	0	0	0	503	0	109	0	23	15	45	0	0	0	41	285	0	7	213	0	581	17	0	1147	491	0	0	0	67	6	0	3	0	0	0	90	0	27	0	13	11	0	50	0	174	18	32	0	1	25	8	3	468	7	110	121	7	0	0	27	83	2	10	53	0	14	12	0	0	12	0	0	0	0	0	0	0	0	0	0	0	39	0	0	0	0	0	0	44	33	0	40	56	101	0	0	44	0	0	31	0	0	31	5	35	1	4	0	0	0	0	1	0	0	0	0	0	0	0	1028	38	0	0	0	0	61	0	0	14	0	0	35	0	0	0	0	0	0	0	0	24	0	0	0	0	0	0	3	219	0	60	0	0	30	1	31	0	0	47	0	38	0	6	107	0	0	0	0	0	0	0	0	0	0	0	0	0	0	0	0	0	2538	0	0	0	0	35	50	5	5	21	0	0	3	0	0	0	0	0	902	53	13	10	0	1	429	29	302	24	43	7	0	0	0	6	14	4	0	0	0	0	1	0	8	2	0	14	0	0	0	8	0	1	0	3	249	11	40	33	29	2	0	4	0	4	0	37	38	0	89	0	0	1	0	10	0	15	9	0	0	50	0	63	26	897	0	0	0	27	0	5	3	0	0	3	0	28	14	29	0	0	0	1	0	3	8	0	0	20	17	16	0	3	0	0	0	0	63	0	0	156	0	0	13	9	0	0	15	13	77	0	112	141	0	829	22	336	10	36	25	6	0	0	25	25	3	526	13	0	3	67	1	0	0	0	0	304	0	6	58	8	0	495	0	5	0	23	103	0	0	12	0	40	3950	313	0	6	4	3	0	5	0	0	7	0	14	2	2	0	12	0	0	0	1	0	0	0	0	36	0	0	0	0	0	0	3	4	0	3	0	0	6	0	0
np1055	0	0	12	0	11	47	1217	6	0	0	240	209	0	76	1213	0	57	0	8	12	61	6	23	0	0	12	31	0	0	6	6	13	2	109	0	0	2431	17	375	0	0	411	1058	181	54	2468	0	77	426	252	181	50	370	0	0	1511	9919	0	0	33	0	0	0	0	0	0	0	1212	0	0	0	496	238	0	0	0	5	2	0	15	5	0	19	0	0	0	0	0	0	0	0	59	409	25	12	204	0	3	0	0	172	5	1257	44	3789	302	235	144	0	67	449	29	86	17	35	7	0	698	88	0	0	0	10	200	5	29	76	237	786	112	67	32	0	0	0	13	420	1	759	0	0	4	45	0	0	0	0	0	0	44	15	16	6	0	14	0	264	23	3	3	4	0	0	0	56	93	84	8	8	0	163	0	593	0	246	0	0	417	0	23	0	0	95	554	1261	0	0	1538	33	0	0	33	15	0	0	0	0	0	0	0	0	146	28	0	0	158	22	467	0	0	2	54	0	0	150	0	46	988	25	0	372	76	0	0	0	438	0	0	24	3	279	0	362	85	54	31	0	0	0	3	0	823	100	34	4	0	0	10	24	1341	0	0	349	11	1	0	14	262	0	59	48	0	82	6	0	0	22	0	0	0	0	0	0	0	0	0	0	0	0	0	0	0	0	0	0	4	5	0	8	4	3	0	0	4	0	506	34	0	0	402	30	29	0	7	0	27	13	3	0	0	6	1	0	12	0	0	0	289	21	0	0	0	838	0	0	217	309	0	630	0	18	0	0	0	0	261	16	928	0	0	0	0	13	0	0	11962	0	751	0	0	2939	48	1285	77	7	3377	0	1767	0	82	5621	0	0	0	0	0	0	0	0	0	0	0	0	0	0	0	0	0	3425	0	0	0	0	227	0	11	0	117	0	0	243	0	0	0	0	112	0	62	0	51	7	12	10965	2354	170	0	31	17	0	0	0	281	770	69	0	0	0	0	0	10	38	4	0	0	0	0	0	0	0	0	0	3	5	0	5	94	0	0	0	4	3	133	0	281	129	35	16	8	13	0	101	0	32	402	15	13	0	0	0	943	860	2824	0	0	0	16	0	67	105	0	0	0	0	0	0	0	0	0	33	0	0	9	26	0	0	19	7	22	0	0	50	0	0	15	0	0	11	97	49	0	0	22	0	0	4860	0	722	29	1581	212	0	7079	309	1813	180	1174	2361	0	1	0	2189	291	29	1276	0	12	2	44	148	0	0	0	0	228	8	0	299	77	22	147	0	0	0	15	90	0	2452	5	0	45	3632	225	0	79	14	0	9	31	0	4	0	0	33	11	152	0	144	0	0	0	1	0	1	0	0	28	3	0	204	0	0	0	11	58	0	0	0	0	33	0	0
np1057	2	0	2	62	3	119	0	10	0	17	23	19	0	3	0	1	19	0	4	1	0	7	4	10	0	1	8	0	0	33	0	8	10	21	0	0	319	40	10	0	1	34	62	326	5	175	0	17	114	51	11	1	26	0	0	0	1010	0	6	2	0	0	0	0	0	0	2	616	0	0	0	33	4	0	2	0	51	108	0	13	3	0	59	0	31	88	0	1	0	0	0	7	13	0	0	10	0	0	0	0	0	6	371	64	188	179	181	18	0	8	80	0	3	0	6	0	0	83	2	0	0	13	21	0	4	31	61	25	76	23	86	267	0	0	0	8	62	3	101	0	0	2	6	0	294	0	0	0	0	12	73	128	0	0	0	3	0	0	0	7	0	0	2	0	19	0	20	0	47	0	638	0	111	0	6	0	0	1020	7	0	0	0	38	560	434	0	0	56	131	0	41	4	17	0	0	0	0	0	0	0	0	553	0	117	0	59	36	462	0	0	0	102	322	0	3	269	0	2253	50	0	1538	1461	0	0	0	114	7	0	9	0	0	0	119	0	65	0	19	24	0	77	0	407	55	14	0	0	40	4	6	479	8	112	38	4	0	0	10	32	0	12	25	0	3	1	0	0	48	0	0	0	0	0	0	0	0	0	0	0	25	0	0	0	0	0	0	51	47	0	50	47	48	0	0	18	0	0	11	0	0	31	48	29	3	1	0	0	9	0	4	0	0	0	0	2	0	0	1106	87	0	0	0	0	208	0	0	193	6	0	360	0	0	0	0	0	0	0	11	354	0	0	0	0	0	0	29	741	0	826	0	0	6	4	0	8	0	2	0	400	0	17	229	0	0	0	0	0	0	0	0	0	0	0	0	0	0	0	0	0	2334	0	0	0	0	75	2	0	0	13	0	0	0	0	0	0	0	0	599	109	62	9	0	2	633	47	316	39	71	17	0	0	0	3	8	11	0	0	0	0	0	0	10	0	0	2	0	0	0	2	0	3	0	0	70	2	9	4	25	0	0	0	0	1	0	10	11	0	31	0	0	0	4	3	0	0	6	0	0	11	0	15	11	318	0	0	0	6	0	6	8	3	0	0	0	17	6	10	0	0	0	1	1	0	1	0	0	4	4	2	0	0	0	0	0	0	27	0	0	138	0	0	3	26	0	0	17	4	43	0	100	121	0	494	9	120	8	28	0	16	0	0	6	27	0	7753	20	1	59	76	0	0	0	0	0	83	0	5	71	24	0	93	0	31	0	30	167	0	0	16	0	77	5266	626	0	0	3	1	2	2	0	1	2	0	12	3	0	0	7	0	0	0	1	0	0	0	0	8	0	0	0	0	0	0	0	6	0	0	0	0	5	0	0
np1060	0	0	0	3	39	0	0	0	83	0	678	111	0	27	7934	5	15	31	149	366	26	30	5	66	22	18	8	0	0	0	0	206	0	9	2	4	220	20	0	0	0	36	139	54	0	658	4	229	83	42	6	7	63	0	0	0	4482	0	3	6	228	0	5	0	0	0	5	2453	0	0	5	0	266	0	10	49	0	32	21	13	15	5	149	0	17	0	0	5	252	17	0	0	1297	0	0	41	0	86	0	76	0	35	363	30	159	165	128	138	0	67	527	0	0	12	38	3	0	24	21	0	52	10	5	0	4	20	99	30	22	0	0	0	0	0	444	12	0	0	0	668	0	0	26	3	1912	0	0	27	84	121	0	11	275	0	263	179	0	0	0	0	0	0	0	0	19	44	43	22	2	0	404	7	103	18	35	87	5	1138	0	206	0	0	0	76	1682	0	0	0	0	0	2	15	781	360	9	5	12	0	0	0	14	412	694	0	0	99	22	144	247	17	17	287	1290	0	379	0	35	1004	14	3	2352	1115	145	0	0	134	83	2	0	8	85	116	111	0	55	24	3	1	0	0	117	442	0	54	23	3	22	73	12	233	27	0	138	134	0	3	131	1780	46	316	0	3	16	18	0	0	40	867	0	0	0	0	0	0	0	277	0	0	0	0	0	0	0	0	0	0	0	344	0	0	0	0	0	0	0	0	0	0	110	67	283	0	0	0	9	42	52	102	10	94	632	858	0	1008	0	0	0	0	14	99	237	86	110	28	0	0	0	0	0	0	0	356	0	51	0	234	5	0	0	0	0	477	13	0	547	295	0	0	0	0	0	0	0	3	89	0	0	6	0	0	749	1859	0	452	0	28	0	0	0	0	0	0	0	0	0	0	0	0	0	0	0	0	0	128	330	504	93	341	0	0	209	3	0	183	0	1423	254	74	16	8	19	12	404	0	629	0	50	12	0	96	18	203	1602	18	0	64	174	0	0	16	6	0	0	0	0	0	0	0	0	0	0	3	0	0	15	23	35	77	0	120	0	277	42	0	1384	97	498	26	25	0	74	31	31	1728	0	1209	316	0	331	0	1155	933	52	79	54	40	0	96	128	0	0	0	302	457	0	578	80	79	2	9	0	81	200	0	0	145	34	86	0	0	4	0	0	0	0	1	35	0	93	0	0	451	0	0	1296	4009	831	14	4646	3238	0	8407	161	0	446	7490	156	0	422	78	1061	2329	33	546	0	1	1	44	381	0	1	0	0	147	0	0	347	70	51	0	5	0	0	0	0	0	0	0	0	868	0	5	0	66	17	334	50	52	28	411	17	104	1015	286	11	0	383	0	182	5	187	596	0	65	0	50	0	35	0	0	46	4	3	32	0	11	0	0	2	0	0
np1066	0	0	0	0	8	7	0	0	2	9	22	0	10	13	1096	8	0	4	0	1	5	9	0	0	0	0	5	0	0	0	5	6	6	8	0	0	140	0	7	0	3	30	38	13	8	147	0	10	20	35	4	5	19	3	0	0	877	23	0	2	13	8	7	42	38	24	0	1769	0	0	0	3	79	4	10	2	16	3	0	5	0	0	25	7	0	9	0	55	8	5	21	0	81	0	0	4	7	3	0	6	0	7	166	30	136	76	72	58	0	86	379	14	18	0	12	6	15	248	51	67	0	16	0	9	4	12	19	18	44	0	0	0	16	244	13	85	149	6	305	27	83	2	9	2	14	23	4	0	10	22	0	24	97	47	33	22	11	0	0	0	0	0	5	1	15	9	6	0	0	10	91	5	45	0	49	15	19	251	4	9	21	21	0	16	336	9	8	3	0	0	0	11	38	0	3	0	0	0	3	0	7	8	23	0	3	19	9	11	14	2	6	15	30	6	98	0	10	235	15	0	649	163	10	12	12	54	38	0	1	0	5	0	73	3	13	0	9	2	4	0	0	121	4	23	4	0	0	12	4	77	0	0	105	51	0	1	72	97	0	12	0	0	14	7	0	3	4	8	7	10	23	10	14	10	10	12	9	0	0	0	8	8	25	0	0	0	0	3	0	0	7	0	0	120	61	2	0	40	11	38	77	0	2	4	0	0	0	0	0	16	26	41	31	205	33	0	135	4	4	29	20	9	15	5	9	2	6	0	37	0	7	0	7	5	0	56	25	9	33	0	100	2243	157	19	61	180	250	8	93	87	14	2	0	4	5	437	2	236	212	601	2143	538	261	5	0	423	415	115	76	2788	282	43	38	23	2	4	0	11	108	6	12	29	17	16	27	201	0	194	12	0	138	0	179	32	31	119	675	86	13	7	4	0	97	0	245	9	17	7	3205	37	13	17	99	39	12	11	0	11	0	0	6	1	0	0	11	0	7	3	0	5	0	3	2	0	0	13	21	0	0	8	10	19	0	0	107	35	13	4	0	2	13	0	13	10	0	18	39	0	34	22	298	176	129	22	0	5	0	0	4	16	0	4	0	124	73	150	19	8	0	0	0	3	4	6	0	17	37	20	17	20	0	72	9	17	2	3	0	0	2	1	0	55	22	8	42	43	35	0	312	25	0	858	12	16	26	304	0	6	0	0	50	764	19	42	0	0	0	9	7	38	6	0	0	47	0	31	108	11	5	0	0	0	0	0	0	0	0	6	84	132	116	6	6	11	8	8	3	13	11	5	6	4	87	11	5	0	48	0	26	19	82	35	51	7	3	54	0	8	2	5	0	7	0	43	1	27	56	42	3	12	0
np1067	0	0	0	13	160	0	0	0	4807	8	436	85	0	8	249	0	6	338	50	99	17	7	18	14	1	3	8	129	53	0	7	197	16	24	14	8	2366	41	0	0	1	83	855	74	66	1406	4	61	141	89	0	15	149	0	0	4	578	0	49	1	288	0	0	0	0	0	3	2208	0	0	4	0	68	0	15	46	0	28	3	36	8	8	173	0	8	0	0	4	91	5	0	0	485	0	0	13	1	44	0	17	0	5	178	16	133	44	133	152	0	33	241	0	0	15	59	0	0	10	0	0	237	172	0	0	19	23	46	61	43	0	0	0	0	0	57	1	0	0	0	31	0	0	2	2	75	0	1	91	39	31	0	15	2	0	3	168	0	0	36	6	0	0	0	0	7	19	55	10	0	0	762	2	243	11	26	142	8	971	0	241	0	0	0	99	579	0	0	0	0	0	2	99	6	0	178	5	0	0	0	0	9	86	105	7	0	176	32	281	852	1	0	32	1061	0	83	0	46	1232	22	3	1229	485	10	0	0	258	50	3	23	2	84	109	110	0	103	10	0	0	0	0	115	658	0	20	15	5	38	29	8	97	3	0	69	207	15	9	15	245	9	310	128	117	15	7	0	0	245	726	0	0	0	0	0	0	0	530	0	0	0	0	0	0	0	0	0	0	0	815	0	0	0	0	0	0	0	0	0	0	282	36	436	0	0	2	13	31	20	14	0	8	638	457	0	1170	0	0	0	0	17	56	247	65	103	12	0	0	0	0	20	0	0	216	0	11	0	149	2	0	0	0	0	1242	19	0	1032	350	4	0	0	0	0	0	0	16	84	0	0	7	0	0	880	3120	0	740	9	58	0	0	0	0	5	0	0	0	0	0	0	0	0	0	0	4	0	45	5	4	1	0	0	0	0	161	0	30	0	168	49	36	0	7	6	0	142	0	113	0	34	0	0	61	17	242	1609	6	0	33	1023	5	0	3	0	0	485	0	0	0	0	0	0	37	0	12	0	0	0	6	10	30	0	41	0	331	49	0	422	115	472	66	18	0	44	10	13	223	0	1039	308	0	97	0	684	681	57	66	17	16	0	34	28	0	8	0	138	148	0	239	20	45	16	6	0	75	169	0	0	147	47	92	0	0	0	1	0	0	0	4	82	0	118	0	0	58	0	4	353	980	701	0	1940	1107	0	2409	38	0	163	4005	56	0	327	35	550	1427	75	382	0	1	0	16	4	0	3	0	0	159	0	0	427	38	244	0	1	2	2	0	0	86	19	0	0	3461	0	23	0	14	6	130	13	15	6	115	8	34	287	124	3	0	206	0	97	9	193	518	6	220	6	0	0	114	0	11	15	140	21	78	0	12	0	0	34	0	0
np1068	0	0	0	13	1	0	0	0	42	0	36	7	0	9	4724	6	1	19	12	19	17	0	1	11	1	2	5	44	17	3	5	79	0	0	7	5	688	41	0	0	0	11	349	26	17	393	0	16	14	30	27	11	166	0	0	0	1933	0	0	0	34	0	0	0	0	0	3	2311	0	0	0	0	13	0	3	8	0	8	0	2	1	0	8	0	0	2	0	5	32	0	0	0	126	0	0	3	0	12	0	5	0	5	92	16	67	71	31	59	0	18	117	0	0	0	2	0	0	10	3	0	8	4	4	0	6	23	49	18	12	0	0	0	0	0	76	35	12	4	0	34	1	0	0	2	181	0	0	78	7	17	0	14	6	0	0	11	0	0	0	0	0	0	0	0	0	8	33	0	0	0	162	1	29	8	7	1	0	428	6	353	0	0	0	26	158	0	0	0	57	53	2	1	7	0	2	0	0	0	0	0	0	64	3	0	0	28	11	48	0	0	0	95	423	0	19	0	16	705	15	0	410	327	0	0	0	97	0	10	0	0	11	19	57	0	5	2	218	79	55	0	20	252	0	9	8	0	6	4	6	255	0	0	30	87	4	21	30	72	0	23	7	1	13	4	0	0	36	1419	0	0	0	0	0	0	0	225	0	0	0	0	0	0	0	0	0	0	0	878	0	0	0	0	0	0	0	0	0	0	302	8	54	1	0	0	0	10	19	4	0	7	1050	653	0	2206	0	13	0	0	0	16	33	16	23	7	0	0	0	4	21	0	0	238	0	4	0	136	2	0	0	0	0	3167	12	0	74	178	0	0	0	0	0	0	0	0	69	0	0	1	0	0	383	277	0	64	0	6	0	0	0	0	0	0	0	0	0	0	0	0	0	0	0	0	0	25	87	112	0	6	0	0	15	0	0	120	0	429	83	31	0	0	3	0	136	0	55	4	34	0	0	6	3	28	187	3	0	9	31	0	0	0	0	1	40	0	0	0	0	1	0	11	0	5	0	0	16	1	0	3	0	10	0	195	15	0	230	18	115	15	2	0	16	0	0	51	0	337	109	0	45	0	165	762	56	8	1	0	0	15	17	0	17	0	96	62	3	92	0	13	0	3	0	53	111	0	0	89	7	53	0	0	0	0	0	0	0	9	27	0	17	15	0	59	0	0	153	495	435	0	1156	1800	0	3417	85	0	37	2672	15	0	252	12	451	529	11	124	0	1	1	6	4	0	0	0	0	28	0	0	63	5	3	0	0	0	7	0	0	6	30	3	0	2226	0	26	0	5	3	59	4	8	3	25	2	6	107	40	2	0	32	0	39	5	102	425	2	16	2	0	0	0	0	0	0	0	2	8	0	2	0	0	0	0	0
np1069	0	0	0	4	1	5	0	0	0	1	42	25	0	0	220	1	11	0	0	0	0	4	0	6	0	10	3	0	0	5	0	9	0	19	0	0	172	21	6	0	0	5	21	84	0	129	0	9	97	54	7	0	8	0	0	0	1660	0	1	2	0	0	0	0	0	0	0	1411	0	0	0	29	4	0	1	0	45	134	0	14	0	3	86	0	13	4	0	0	0	0	0	0	8	0	0	0	0	0	0	0	0	2	412	106	200	36	80	0	2	8	81	0	3	0	9	0	0	45	0	0	0	11	18	0	0	24	43	4	14	82	25	46	0	0	0	3	36	39	2979	0	0	0	1	0	188	0	0	0	0	16	24	38	0	0	0	0	0	0	0	12	0	0	0	0	9	0	17	0	39	0	395	0	78	15	2	0	0	580	0	0	0	0	39	358	499	0	0	8	77	0	97	3	13	2	0	0	1	0	0	0	0	367	0	80	5	27	11	381	0	0	0	39	129	0	1	114	0	3217	64	0	763	1649	0	0	0	148	0	0	5	0	0	0	188	0	40	0	70	44	0	194	0	313	39	14	4	0	169	1	6	478	9	110	37	0	0	0	20	35	0	59	13	9	21	5	0	0	17	0	0	0	0	0	0	0	0	0	0	0	7	0	0	0	0	0	0	7	5	0	5	0	16	0	0	8	0	0	0	0	0	6	9	2	0	0	0	0	8	0	0	0	0	6	0	0	0	0	65	53	0	0	0	0	110	0	0	1	0	0	10	0	0	0	0	0	0	0	0	6	0	0	0	0	0	0	229	2933	0	2768	54	0	27	7	0	0	0	8	0	1432	0	150	710	0	0	0	0	1	0	0	0	0	0	0	0	0	0	0	0	0	1658	0	0	0	0	67	22	0	0	4	0	0	0	0	0	0	0	0	1087	251	136	4	0	0	442	15	429	70	45	20	0	0	0	0	2	0	0	0	0	0	0	0	16	0	0	0	0	0	0	2	0	0	0	4	7	2	0	0	5	0	0	0	0	0	0	0	4	0	3	0	0	0	6	0	0	0	0	0	0	1	0	5	6	50	0	0	0	4	0	3	3	0	0	1	0	0	0	7	0	0	0	0	0	0	0	0	0	6	0	1	0	0	0	0	0	0	2	0	0	4	0	0	1	1	0	0	7	0	18	0	19	18	0	93	0	42	0	0	7	0	0	0	5	2	0	6613	35	0	57	104	0	0	0	0	0	192	3	8	74	7	0	39	0	26	30	33	201	0	0	12	0	142	2441	576	0	0	0	0	0	2	0	0	0	0	2	0	0	0	1	0	0	0	0	0	0	0	0	3	0	0	0	0	0	0	4	3	0	0	0	0	18	0	0
np1072	0	0	0	141	0	0	0	0	0	0	416	40	0	15	100	0	2	0	46	0	0	3	12	17	0	20	16	1	215	0	7	261	0	0	31	52	2089	13	0	0	0	567	2465	95	0	3762	0	82	38	0	0	83	51	0	0	0	2521	0	95	16	0	0	0	0	0	0	0	576	0	0	0	4043	127	0	0	0	0	86	0	45	4	0	168	0	0	0	0	3	248	3	0	0	1591	794	49	1222	0	0	0	0	0	17	192	4	545	30	88	90	0	0	429	0	0	25	111	0	0	0	0	0	0	0	10	0	8	37	32	0	0	0	0	0	0	0	0	0	0	0	0	0	0	0	3	0	0	0	0	0	10	5	0	0	0	0	0	0	0	0	0	4	0	0	0	0	27	114	2	53	2	0	435	167	255	0	44	0	0	717	0	0	0	0	0	101	1304	0	0	0	169	78	2	0	458	225	0	0	0	0	0	0	0	41	8	0	0	55	4	26	0	2	0	5	0	0	33	0	0	833	0	0	193	385	0	0	0	173	0	0	0	7	0	0	1210	0	7	44	419	141	62	0	24	1553	0	55	30	0	0	52	4	23	0	5	122	276	4	5	0	286	99	305	268	0	28	2	0	0	6	0	0	0	0	0	0	0	0	0	0	0	0	0	0	0	0	0	0	0	0	0	0	0	0	0	0	0	0	0	0	0	0	0	316	5	0	0	0	83	8	0	0	0	0	1640	0	319	0	3	0	0	12	0	93	0	9	0	0	0	0	0	0	0	0	0	0	0	0	1196	593	0	549	0	0	0	0	0	0	0	0	0	0	0	0	0	0	0	0	0	0	0	0	0	0	0	0	0	0	0	0	0	0	0	0	0	0	0	0	0	0	0	0	0	0	0	0	83	0	94	2	2	0	0	0	0	0	0	0	251	131	268	0	8	0	7	978	0	99	0	0	0	0	123	647	0	313	1419	0	12	0	153	0	9	22	3	9	0	0	0	0	0	0	0	0	11	0	0	0	0	70	0	0	40	80	560	0	0	19	0	748	211	26	0	0	0	59	499	0	0	583	0	0	0	2599	517	1550	0	0	0	0	0	0	0	0	0	0	1648	778	1828	0	0	0	0	19	1	829	0	0	8	0	3	0	0	0	0	0	0	0	0	0	0	1000	0	0	0	0	0	0	1	1266	0	18563	0	0	9869	0	0	13	324	0	0	0	0	0	574	89	116	0	3	0	49	0	0	0	248	0	2805	2	0	129	17	5	0	17	0	0	0	0	224	6	4	0	140	9005	0	0	42	2	316	0	0	0	0	11	624	1006	0	0	9	772	0	0	0	0	0	0	0	0	120	34	7	0	0	0	0	2	0	0	90	0	0	86	0	0
np1073	15	25	64	20	11	37	0	4	0	74	27	3	5	6	393	631	3	13	3	12	0	0	0	6	11	4	21	0	104	11	20	31	67	0	8	11	498	2	13	22	28	525	444	72	37	384	12	16	174	60	122	24	80	50	0	0	1019	14	53	6	16	7	3	42	14	47	0	1146	0	0	2	7	86	0	18	4	3	3	7	9	5	0	26	12	42	47	179	715	25	34	36	0	631	0	2	11	3	6	6	20	3	5	216	15	191	46	61	68	0	21	152	0	0	0	0	0	23	196	155	510	0	17	4	0	10	31	29	7	8	0	38	15	13	106	29	33	97	7	162	37	97	4	12	3	1653	1595	8	77	12	40	4	1031	24	125	119	2	41	40	31	15	0	77	50	8	14	10	14	0	17	18	104	5	73	25	4	8	3	651	38	2	24	14	0	4	335	15	15	10	229	0	0	8	47	10	4	1	5	4	8	77	0	77	138	4	0	14	12	11	24	0	8	47	29	0	63	0	12	833	26	12	459	172	0	4	6	53	25	6	3	2	25	0	95	0	4	5	15	10	3	0	0	78	0	8	0	0	5	3	2	234	12	22	149	65	31	22	200	338	0	6	94	12	21	5	6	5	7	78	89	37	105	71	152	96	342	87	34	4	0	121	137	9	31	43	57	0	3	70	0	3	59	41	58	538	229	4	0	620	87	18	27	11	20	12	6	10	9	2	0	39	66	50	33	334	32	0	140	0	4	33	9	8	0	5	64	11	16	19	165	15	6	21	62	3	7	178	63	26	82	33	95	2246	12	4	13	5	302	0	3	0	0	0	0	0	0	8	0	0	0	11	17	13	267	2	0	9	6	2	24	2851	108	22	16	10	2	2	0	106	617	34	170	159	101	23	16	90	3	89	8	66	0	7	104	34	25	105	708	61	7	8	0	0	47	0	322	13	16	2	2221	42	16	17	226	64	8	2	0	5	0	1	5	0	0	0	180	10	90	5	23	153	6	20	42	9	12	9	6	27	0	19	2	50	0	30	819	110	72	13	26	75	14	4	25	367	11	311	516	132	40	169	975	968	1000	273	0	11	32	4	8	23	44	32	138	219	131	309	56	0	17	11	0	27	71	37	25	169	425	115	38	84	7	88	36	1043	4	144	0	1	19	51	0	334	89	38	285	351	421	0	2368	142	0	5342	95	193	64	429	20	0	3	10	69	2043	600	59	0	0	0	9	12	3	25	0	22	98	0	32	129	9	18	285	2	0	0	0	0	0	0	14	119	418	178	28	5	8	7	58	1	23	42	36	22	37	225	44	15	0	94	18	81	0	6	15	2	4	1	12	0	2	0	0	0	3	0	46	0	29	45	21	1	2	0
np1076	0	0	0	9	222	0	1	0	206	0	188	27	0	66	44	0	11	51	48	80	0	8	6	6	0	0	6	21	47	5	13	143	8	0	109	60	2350	89	0	0	0	12	442	158	12	1133	7	48	77	31	7	54	360	0	0	0	119	0	180	6	300	0	0	0	0	0	21	278	0	0	1	0	313	0	16	219	0	132	3	18	29	0	169	0	107	228	0	13	262	11	0	0	1470	0	0	15	0	29	0	20	0	20	666	30	498	91	159	289	0	50	498	0	0	9	62	0	0	3	1	0	201	11	8	0	70	25	100	142	104	0	0	0	0	0	45	0	0	0	0	4	0	0	1	7	7	0	6	59	3	4	0	7	0	0	0	648	0	0	0	9	0	0	0	0	9	34	36	7	57	0	255	2	180	59	15	253	0	1282	0	235	0	0	0	393	484	0	0	2	661	486	3	0	17	0	103	42	165	0	0	0	361	19	60	0	0	371	87	552	3960	0	0	767	65	0	29	0	72	569	0	0	148	82	0	0	0	36	25	30	0	0	64	76	104	0	7	11	0	0	0	0	312	891	0	40	10	8	224	109	0	260	6	0	165	796	43	132	24	91	0	80	299	1962	85	34	0	0	565	571	0	0	0	0	0	0	0	620	0	0	0	0	0	0	0	0	0	0	0	2142	0	0	0	0	0	0	0	0	0	0	670	164	1301	0	3	0	76	69	0	4	0	3	586	487	0	1183	0	0	0	0	17	79	323	61	176	0	0	0	0	11	23	0	0	200	0	0	0	170	0	0	0	0	0	1139	8	0	338	380	0	0	0	0	0	0	0	10	79	0	0	4	0	0	1028	1094	0	282	0	20	0	0	0	0	0	0	0	0	0	0	0	0	0	0	0	0	0	80	0	0	1	0	0	0	3	1315	0	8	0	47	18	98	0	0	4	8	83	0	103	0	21	4	17	4	0	92	980	13	0	2	189	0	0	9	2	33	35	0	0	0	0	0	0	20	0	4	0	0	20	0	0	25	1	29	0	366	106	0	873	172	449	68	24	0	25	28	20	134	0	1325	365	0	22	0	2017	1811	47	101	46	50	0	22	40	0	57	0	240	38	2	152	6	10	13	6	0	317	731	0	0	614	115	349	0	0	0	0	0	0	0	19	428	0	115	0	0	234	0	0	449	1898	2867	82	2462	3212	0	5253	150	0	123	7165	62	0	783	36	1027	2478	204	621	0	0	0	13	0	0	56	0	0	110	0	0	246	141	144	0	2	0	0	0	0	601	53	6	0	5727	0	60	0	16	4	185	15	14	19	119	7	40	308	176	11	0	291	0	78	3	248	456	1	12	1	0	0	456	0	407	0	332	49	54	0	0	0	0	4	0	0
np1077	0	0	0	3	0	135	0	1	0	0	32	1	0	7	0	0	18	0	4	5	0	4	2	7	0	11	3	0	0	7	0	21	3	19	0	0	35	17	0	0	0	9	37	83	0	119	0	3	83	15	10	0	7	0	0	0	272	0	0	0	0	0	0	0	0	0	8	418	0	0	0	24	0	0	0	0	17	48	0	25	3	3	66	0	3	27	0	0	0	0	0	0	5	0	0	5	0	0	0	0	0	0	33	1	87	75	16	13	0	12	45	0	6	7	8	0	0	6	0	0	0	8	18	0	0	26	28	4	11	31	93	72	0	0	0	0	7	0	3	0	0	0	0	0	14	0	0	0	0	1	13	23	0	0	0	0	0	0	0	0	0	0	0	0	8	0	27	0	27	0	268	0	117	9	0	0	0	524	0	0	0	0	31	248	310	0	0	91	296	0	77	3	2	0	0	0	2	0	0	0	0	329	0	72	0	36	10	270	0	0	0	126	150	0	0	173	0	208	0	0	833	27	0	0	0	77	0	0	0	0	0	0	14	0	12	0	19	12	0	75	0	258	33	5	5	0	26	0	2	120	0	30	24	0	0	0	0	0	0	16	38	3	0	0	0	0	19	0	0	0	0	0	0	0	0	0	0	0	0	0	0	0	0	0	0	23	22	0	18	20	9	0	0	3	0	0	1	0	0	0	2	4	0	1	16	4	0	2	0	0	0	0	0	0	0	0	334	45	0	0	0	0	99	0	0	35	0	0	83	0	0	0	0	0	0	0	0	94	0	0	0	0	0	0	64	890	0	1124	17	0	11	3	0	4	0	4	0	547	0	66	375	0	0	0	0	0	0	0	0	0	0	0	0	0	0	0	0	0	555	0	0	0	0	43	0	0	0	0	0	0	0	0	0	0	0	0	266	33	24	3	0	0	54	0	433	31	16	0	0	0	0	3	20	5	0	0	0	0	0	1	2	0	0	15	0	0	0	0	0	0	0	0	39	4	26	0	5	0	0	0	0	0	0	0	12	0	15	0	0	1	1	0	0	0	0	0	0	3	0	6	6	189	0	0	0	6	0	0	5	1	0	0	0	6	1	4	0	0	0	0	0	0	0	0	0	7	0	1	0	3	0	0	0	0	44	0	0	217	0	0	1	17	0	0	30	7	30	0	114	163	0	484	25	137	3	12	2	7	0	0	3	6	0	4359	16	0	25	23	0	0	0	0	0	12	0	0	61	52	0	23	0	103	1	23	205	0	0	2	0	33	1143	228	0	0	0	3	0	1	2	0	1	0	0	0	0	0	6	0	0	0	0	0	0	0	0	0	0	0	0	0	0	0	10	3	0	5	0	0	7	0	0
np1080	0	0	0	5	2	28	16	0	0	4	16	0	0	9	1574	32	2	0	0	0	0	0	0	3	5	0	0	0	12	0	6	5	6	7	0	0	383	0	0	28	3	20	113	10	26	176	0	5	64	37	10	8	27	12	0	0	103	4	3	1	11	2	88	53	0	11	0	1273	0	0	0	0	9	0	0	0	0	0	0	0	0	0	4	3	0	1	2	29	1	4	3	0	20	0	0	0	0	0	0	0	0	0	61	14	6	0	17	62	5	0	20	0	0	0	0	0	3	18	7	26	0	0	0	0	6	2	8	2	11	0	25	3	14	23	0	0	52	0	542	0	4	0	0	2	81	82	1	3	0	38	0	235	0	0	0	0	9	0	2	0	0	11	8	0	0	3	4	0	8	19	46	0	62	0	1	0	0	350	0	2	76	0	0	0	136	0	4	0	0	0	0	0	0	0	0	0	0	0	0	12	0	17	13	0	12	0	2	0	0	0	4	0	0	0	6	0	10	318	27	4	15	48	0	0	0	48	3	10	3	0	3	0	45	0	2	0	125	58	29	0	0	78	0	5	1	1	0	0	0	43	0	4	21	30	11	7	61	92	2	21	17	0	17	0	11	0	0	10	0	9	0	0	0	0	0	0	3	2	0	1	0	0	0	0	0	0	0	4	0	0	0	0	0	5	0	0	0	210	5	32	48	14	1	0	0	0	0	0	0	0	47	78	6	74	0	5	30	0	0	2	2	0	0	0	2	0	2	0	35	9	5	22	0	0	0	21	12	10	37	17	13	6696	22	0	24	23	123	0	14	12	0	0	0	1	4	127	5	20	15	190	329	138	738	1	0	37	134	14	172	8819	831	44	25	27	0	0	0	13	162	0	17	16	28	10	16	4	0	13	0	0	0	0	14	6	0	12	82	19	9	2	0	0	41	0	127	15	8	2	25438	0	3	0	14	2	0	0	4	2	0	0	3	0	4	0	138	0	0	0	0	6	0	8	3	0	1	5	0	0	0	0	0	2	0	0	12	0	0	0	0	0	0	0	3	0	2	6	14	0	0	3	27	116	92	13	0	0	2	0	5	0	0	0	2	17	12	26	11	0	0	0	0	0	1	0	0	5	3	5	0	0	2	10	0	4	1	0	0	0	0	0	0	18	8	3	17	46	19	0	154	18	0	524	11	23	0	39	0	0	0	0	0	97	6	11	0	0	3	0	1	0	0	0	0	194	4	0	20	5	0	5	2	13	6	0	31	0	7	0	7	482	35	13	0	0	0	0	0	0	3	3	1	1	7	0	0	0	9	0	0	1	6	130	7	6	3	4	0	2	0	0	0	0	2	8	0	4	10	0	2	0	0
np1082	0	0	0	0	0	0	0	0	0	0	70	0	0	0	1020	0	6	0	6	5	6	0	0	6	7	0	0	0	0	0	0	21	15	0	0	0	103	0	0	0	0	176	157	4	0	415	0	11	39	21	0	0	21	1	0	0	26	0	3	0	0	0	0	0	0	0	0	139	0	0	1	229	346	7	0	0	8	0	13	2	0	0	21	0	19	0	0	75	0	0	0	0	186	21	0	64	38	8	0	0	3	5	88	6	70	23	23	10	0	9	39	0	0	6	0	0	0	3	342	0	0	2	0	0	4	0	8	13	24	0	0	0	0	0	0	0	0	0	0	5	0	2	7	0	35	0	0	0	0	5	0	1	0	0	0	0	0	0	9	0	0	0	0	0	7	0	0	0	0	71	45	5	13	0	67	0	41	470	0	0	0	0	13	46	185	0	0	1	25	4	0	2	0	0	0	4	0	0	0	0	0	66	45	0	4	4	5	16	0	0	0	30	980	0	132	643	0	195	0	5	6651	125	0	0	0	112	8	0	0	0	0	0	8	0	0	0	0	0	0	0	0	74	0	10	2	0	6	9	2	31	0	3	178	26	0	0	46	62	26	54	1	0	0	0	0	0	6	0	0	0	0	0	0	0	0	0	0	4	66	0	0	0	0	95	108	0	0	0	0	0	0	0	0	0	0	0	0	0	0	3	15	0	0	5	0	5	3	1	0	0	103	0	0	594	0	0	0	13	0	7	47	0	48	0	0	0	0	0	0	0	0	0	0	0	0	0	0	0	0	0	0	6	0	0	0	4	0	0	0	0	0	0	0	0	0	0	0	0	0	0	0	0	0	0	0	0	0	0	0	0	0	0	0	0	0	0	8	0	0	0	0	0	180	16	0	73	0	0	0	0	474	0	0	0	0	0	566	6	0	17	0	0	122	7	55	0	8	0	0	4	0	0	420	59	0	0	0	9	0	1	0	15	1	0	0	17	0	4	0	0	0	6	0	0	0	22	0	110	5	31	0	63	0	309	194	79	303	8	8	0	169	0	6	90	0	0	96	0	0	6	1109	78	21	0	5	31	0	13	20	0	0	39	0	194	82	140	112	0	9	12	0	9	7	5	0	280	12	74	0	326	0	0	96	6	90	0	0	0	14	0	32	229	15	50	1276	156	366	56	1023	82	0	3194	15	1171	193	980	716	97	0	0	967	214	55	10	0	0	0	14	0	15	10	0	0	219	0	0	41	6	0	0	3	0	0	0	0	51	0	0	0	0	0	0	0	15	19	0	0	0	9	0	24	0	46	38	5	0	149	12	91	0	0	0	0	0	0	35	0	6	0	0	5	0	0	6	0	22	0	0	23	0	0
np1084	0	0	0	0	7	2	0	3	0	0	127	8	0	2	554	2	3	11	0	19	9	7	10	0	7	12	1	1	0	0	1	58	44	17	0	0	69	5	0	0	10	47	60	24	0	293	28	79	37	16	1	6	58	0	0	0	15	0	15	2	15	0	1	0	0	0	3	658	0	101	46	0	153	0	12	34	73	0	0	25	4	0	114	0	4	4	0	5	124	4	0	0	76	0	6	16	21	17	55	8	22	3	1027	22	131	29	162	82	0	191	812	0	0	7	17	5	0	14	0	0	64	43	0	0	2	8	19	0	16	0	0	0	7	0	2	0	3	10	0	0	0	0	3	4	0	0	0	0	0	0	0	0	0	0	3	4	0	0	0	0	0	0	3	0	67	113	109	36	1	0	458	4	134	0	12	2	1	601	8	172	0	0	0	17	1567	0	0	0	18	11	0	9	10	0	0	3	1	0	0	0	0	44	33	0	44	410	76	216	0	10	172	0	144	0	396	0	0	732	0	0	1562	644	0	0	0	90	42	0	28	0	5	4	67	0	22	81	0	0	0	0	25	252	15	27	13	0	1	5	15	70	7	0	105	43	2	4	227	382	25	48	0	0	5	5	0	0	10	0	0	0	0	0	0	0	0	0	0	0	0	0	0	0	0	0	0	0	0	0	0	0	0	0	0	0	0	0	0	94	0	65	136	0	0	0	1	12	2	16	0	0	245	0	0	674	0	0	0	0	4	29	6	25	0	0	0	0	0	0	5	0	0	0	0	0	0	493	366	0	159	0	0	9	4691	0	1440	1031	0	0	0	29	0	1331	8	0	229	0	0	21	0	0	32	3995	0	21	10	1355	0	0	0	0	0	0	0	0	0	0	0	0	0	0	0	0	0	89	0	82	18	117	0	0	210	0	0	0	0	973	0	96	0	18	9	7	73	0	101	4	14	0	24169	0	0	136	185	28	0	0	20	0	0	53	38	1	12	0	0	0	0	0	0	0	0	1	1	0	1	40	0	0	0	34	2	76	0	0	3007	68	42	12	4	0	60	71	0	20	117	0	20	0	423	0	422	35	43	17	20	6	8	0	11	0	0	0	0	43	25	67	0	0	0	3	0	0	1	0	0	21	13	0	0	95	104	658	0	0	0	8	0	0	28	0	0	171	0	0	119	1353	103	0	1818	161	209	398	0	0	339	235	57	0	0	0	191	400	13	158	0	2	0	61	0	0	0	0	0	1959	0	78	126	3	10	0	0	0	0	0	1	0	4	0	0	0	0	60	185	22	19	226	0	29	13	0	5	70	105	1	14	0	309	0	7	353	6	4270	1	0	0	95	0	3	0	0	0	0	11	0	0	48	30	11	4	0	0
np1085	3	0	2	7	0	0	0	0	0	14	40	0	2	3	38	13	1	0	0	0	0	4	0	3	3	1	10	3	81	0	8	16	40	14	25	11	1109	9	14	40	3	121	276	45	63	507	4	8	133	44	5	4	18	3	8	0	85	6	23	0	28	9	0	18	0	11	0	337	8	0	0	0	16	0	5	0	0	0	0	0	0	0	0	0	6	0	14	138	3	2	5	0	59	0	0	0	0	2	0	0	0	3	21	0	34	5	32	24	0	2	21	0	0	7	0	0	0	36	3	86	0	2	0	0	6	17	6	0	0	0	0	0	19	7	0	0	2	0	15	0	3	0	22	0	0	2	0	42	6	110	0	166	0	3	0	5	0	1	9	9	0	13	35	0	6	3	19	1	5	3	31	2	24	0	5	0	0	80	17	3	283	14	0	3	67	0	5	0	3	0	0	0	21	2	0	0	0	6	0	44	1	1068	42	0	6	44	26	34	0	0	0	0	93	25	21	48	96	2763	244	57	2038	359	0	126	41	249	11	4	5	0	3	0	36	1	2	0	1	1	0	1	0	97	0	0	2	1	19	28	5	58	3	6	101	41	1	0	13	21	0	15	43	0	4	0	0	3	0	17	0	17	2	2	6	3	14	8	4	1	0	6	10	0	4	2	7	0	0	5	0	0	3	2	0	43	12	0	0	283	0	4	21	46	3	5	3	3	4	1	0	0	2	0	0	11	0	0	6	0	3	16	20	4	10	0	1	9	11	0	111	28	0	12	4	3	0	57	39	9	19	7	128	3970	47	7	31	33	338	0	35	25	1	1	0	0	0	48	0	23	32	70	465	151	507	2	0	98	57	55	219	5058	1094	59	60	51	21	58	0	51	271	3	21	85	49	11	0	0	0	0	0	47	0	0	8	0	6	18	91	49	14	3	0	0	9	0	358	11	11	8	13	151	51	25	274	100	34	0	0	13	16	1	4	14	0	0	103	3	4	1	1	9	3	50	0	0	1	5	0	0	0	0	2	2	0	0	30	17	5	3	0	1	12	0	17	28	0	26	57	2	3	22	117	138	128	58	0	8	12	0	3	1	0	5	30	26	11	19	0	1	3	0	0	3	9	6	9	17	25	16	13	25	1	7	7	43	3	0	0	0	0	131	0	74	8	0	43	38	82	0	188	16	0	371	6	17	6	100	0	0	0	0	0	496	20	21	0	0	0	0	0	0	4	0	4	161	0	10	47	37	1	5	1	32	0	0	0	0	3	4	68	51	111	8	0	0	2	5	0	0	6	1	0	0	39	4	2	0	19	2	8	6	18	192	12	6	2	3	0	0	0	0	0	0	0	27	0	21	4	5	0	104	32
np1088	1	2	0	8	16	4	0	5	4	35	133	6	64	20	4629	5726	2	5	4	6	8	5	11	11	4	6	28	0	55	19	16	46	37	46	10	9	539	7	27	9	6	113	285	58	29	731	6	25	79	84	25	20	92	22	0	4	1471	145	36	20	24	13	30	56	150	45	3	2148	148	2	8	21	283	10	34	20	9	3	462	8	5	3	44	44	14	14	3	331	20	51	123	0	405	0	3	15	16	17	2	30	13	23	393	38	235	140	85	77	0	123	476	21	11	5	32	7	161	953	302	133	0	60	0	26	18	32	88	78	161	0	0	0	22	58	107	390	131	12	129	48	263	10	39	5	174	165	20	18	25	87	0	335	288	72	68	39	12	20	13	26	10	10	55	6	21	14	18	6	4	24	290	16	159	17	49	82	24	994	22	19	112	85	0	31	1030	19	39	1	0	0	0	13	12	6	22	5	8	12	7	3	19	229	423	0	4	190	59	62	34	8	6	74	78	11	180	0	17	888	22	9	1160	404	14	20	9	93	53	4	16	0	62	5	104	10	15	11	141	50	29	0	0	142	7	9	5	3	14	48	15	116	6	6	324	293	15	3	245	364	15	42	26	0	9	7	7	3	31	41	55	31	73	74	132	68	150	57	21	11	0	75	68	10	27	21	15	0	0	40	0	0	68	22	19	1049	479	5	0	172	39	51	105	6	6	9	7	15	6	0	0	44	101	95	43	545	82	0	308	0	3	83	46	19	20	11	20	6	7	25	144	20	0	23	14	8	9	92	56	27	63	17	193	2226	239	74	118	223	657	13	148	95	18	0	0	10	10	178	12	58	77	329	948	330	269	4	2	273	180	116	179	2312	714	125	104	82	6	45	0	51	310	24	42	91	50	38	68	817	33	427	17	1081	0	4	161	124	92	329	1879	111	24	72	22	3	209	0	505	23	34	14	6162	121	40	55	376	123	22	15	7	32	13	4	12	7	0	0	7	2	189	32	7	25	0	20	20	0	8	51	34	25	0	40	12	76	0	18	828	123	76	6	25	29	55	29	118	240	0	220	399	59	73	139	1356	1420	1297	355	0	48	59	17	20	81	22	21	50	534	294	829	46	16	9	6	0	23	44	50	50	114	233	116	104	285	3	193	113	153	13	12	0	5	15	16	0	725	214	114	569	803	423	0	2695	265	26	6786	101	135	197	1417	36	0	2	34	290	6480	174	105	0	4	0	20	75	24	17	3	9	137	0	130	148	21	44	114	0	0	0	0	0	0	3	18	270	914	661	19	14	34	15	72	5	35	83	50	25	51	508	101	21	0	129	29	91	12	173	57	82	36	2	222	14	30	0	3	0	8	4	76	3	70	117	69	10	65	24
np1089	1	0	0	0	0	0	0	0	3	37	19	0	0	4	86	17	0	0	0	0	0	2	0	4	0	0	26	0	10	0	2	0	18	0	0	0	155	0	4	0	3	56	83	18	16	216	0	7	65	49	0	4	0	0	0	0	79	0	5	0	10	3	0	6	4	0	0	130	0	0	0	4	16	0	7	0	0	0	4	0	0	0	4	0	0	0	8	40	2	5	10	1	35	0	0	0	0	0	0	0	0	0	51	1	33	14	18	16	0	8	41	0	0	0	0	0	12	113	10	51	0	0	0	0	0	0	0	4	3	0	0	0	9	10	0	4	23	1	9	0	6	0	57	0	2	11	2	26	20	189	0	69	8	10	17	216	3	3	1	0	0	0	15	0	6	5	12	0	2	0	4	0	17	0	7	0	0	56	0	0	14	6	0	2	70	0	3	1	5	0	0	0	18	0	1	0	0	0	6	7	2	703	889	0	0	14	7	0	0	0	0	0	168	33	287	0	32	1279	58	24	1993	372	55	52	41	361	94	0	0	0	0	0	54	0	0	0	0	0	0	0	0	29	0	0	0	17	39	99	0	38	0	0	19	13	0	1	0	32	0	11	13	0	8	0	1	0	4	9	4	9	4	4	5	1	21	3	2	2	0	4	8	10	20	6	6	0	0	4	0	0	0	4	3	39	18	0	0	46	4	7	24	5	2	5	0	0	0	0	0	4	7	9	0	46	2	0	15	0	0	9	6	0	2	0	10	0	0	0	28	0	0	0	0	0	0	34	21	0	18	3	145	1526	65	0	26	49	401	1	30	49	3	0	0	2	1	29	0	13	30	53	306	66	184	0	0	67	25	65	129	1937	521	21	27	20	5	8	0	18	108	0	18	30	18	0	0	0	0	0	0	60	0	0	14	5	3	13	73	35	5	0	3	0	11	0	141	7	5	0	85	22	2	8	68	29	0	5	1	4	0	0	0	6	0	0	60	0	5	0	0	8	0	9	0	0	0	3	2	2	0	2	0	3	0	0	55	19	6	1	3	2	6	0	7	23	0	48	64	10	2	24	207	214	192	14	0	5	2	0	5	0	5	0	12	40	23	76	6	0	0	3	0	1	4	10	4	5	21	15	8	25	0	15	20	12	0	3	0	0	3	17	0	61	14	0	42	51	42	0	173	20	0	535	13	18	19	127	0	0	0	0	18	547	16	3	1	0	2	0	0	0	0	0	5	9	0	0	37	8	0	9	0	0	0	0	0	0	0	0	27	35	37	2	0	0	0	3	0	0	6	0	2	3	20	0	1	0	7	0	5	2	13	85	16	0	3	0	0	2	0	2	0	0	0	15	0	11	17	14	2	11	6
np1090	0	0	0	0	0	0	1	8	0	0	0	0	0	0	79	0	0	0	0	0	2	5	0	2	0	0	0	0	0	5	0	2	4	2	0	0	15	0	0	0	0	0	0	0	0	0	0	1	3	0	0	2	3	0	0	0	2	0	0	0	0	0	0	0	0	0	0	8494	0	0	0	0	74	0	0	0	0	0	0	0	0	0	4	0	0	1	0	5	0	0	0	0	40	0	40	0	0	0	0	0	0	0	10177	0	69	383	9869	531	0	6	33	0	0	75	159	0	0	0	0	0	0	0	0	0	7	0	0	0	0	0	0	0	0	0	0	0	0	0	0	0	0	0	0	0	0	0	0	0	0	0	0	0	0	0	0	6	0	0	0	0	0	0	0	0	0	7	0	0	8	0	0	0	0	0	67	0	0	1	0	0	0	0	0	737	1	0	0	0	18	0	8	0	3	2	0	18	0	0	0	0	0	454	0	0	0	4113	830	30	0	0	0	2	0	0	30	0	0	7	0	0	46	12	0	0	0	0	48	0	0	0	0	0	308	0	0	2	27	10	8	0	1075	8	0	2	1	5	3	23	0	0	1	0	0	825	0	0	5	6	0	6	0	7	0	0	0	0	20	0	0	0	0	0	0	0	0	0	0	0	0	0	0	0	0	0	0	0	0	0	0	0	0	0	0	0	0	0	0	0	0	0	28	0	0	0	0	97	0	0	0	0	0	0	0	0	0	0	0	0	0	2	24	0	18	0	0	0	0	0	0	0	0	0	0	0	0	0	0	0	0	0	0	0	0	0	0	0	0	0	0	0	0	0	0	0	0	0	0	0	0	0	0	0	0	0	0	0	0	0	0	0	0	0	0	0	0	0	0	0	0	0	0	0	0	4	0	111	0	0	0	0	21	0	0	0	0	4	6	0	0	0	0	26	88	0	15	0	3	0	0	0	0	0	2	0	0	0	0	0	0	0	0	0	40	0	0	0	0	0	0	0	0	0	0	0	0	2	0	0	0	2	0	6	0	0	349	0	12	4	0	0	0	0	921	10	0	0	0	0	0	0	90	0	0	0	0	0	0	0	2	0	0	0	0	17	13	20	0	0	0	0	0	531	621	0	0	1101	46	503	0	0	0	0	0	0	0	0	0	0	0	0	0	0	0	0	0	0	2901	0	44548	0	0	0	0	0	0	1304	0	0	0	0	0	65	0	21	0	0	0	1147	0	0	0	0	0	30	0	1	3	2	13	0	0	0	10	0	1	0	5	0	0	0	0	0	0	0	19	15	0	0	0	0	303	0	0	467	0	0	0	0	1	0	0	0	0	0	0	3	0	100	0	0	0	0	0	0	0	0	0	0	2	0	0
np1093	0	0	0	1	2	0	0	0	1133	0	327	45	0	9	353	0	3	0	0	0	54	6	2	6	0	1	0	41	0	0	2	51	0	0	0	0	209	209	0	0	0	0	8	32	4	681	13	199	3	77	0	2	0	0	0	5	8	0	0	7	571	0	0	0	0	0	5	621	0	0	0	0	6	0	0	420	0	306	0	21	0	0	81	0	4	0	0	1	26	0	0	0	60	0	0	0	0	0	0	4	0	7	386	29	425	15	48	101	0	13	84	0	0	7	32	0	0	0	0	0	373	67	5	0	9	28	48	4	3	0	0	0	0	0	5	0	0	0	0	0	0	0	0	1	3	0	3	4	1	0	0	0	0	0	0	80	0	0	0	0	0	0	0	0	9	34	77	0	0	0	303	0	28	23	0	387	0	977	0	1184	0	0	0	300	467	0	0	0	16	0	0	0	291	124	60	0	30	0	0	0	195	394	558	0	0	406	132	593	37	0	0	55	140	0	69	0	114	1629	0	1	150	239	0	0	0	114	61	2	71	0	39	33	105	0	12	5	0	0	5	0	56	1560	25	107	7	0	203	245	8	107	0	0	14	72	0	0	0	1	10	234	0	2620	15	14	0	0	504	106	0	0	0	0	0	0	0	67	0	0	0	0	0	0	0	0	0	0	0	260	0	0	0	0	0	0	0	0	0	0	93	0	228	0	0	0	8	7	0	0	0	0	25	29	0	44	0	0	0	0	0	35	52	26	18	0	0	0	0	0	21	0	0	198	0	1	0	166	0	0	0	0	0	415	93	0	537	1571	0	0	0	0	0	0	0	14	997	0	0	149	0	0	1686	1638	0	509	13	33	0	0	0	0	0	0	0	0	0	0	0	0	0	0	0	0	0	54	0	0	0	0	0	0	0	99	0	0	0	7	0	30	0	0	0	6	527	0	68	0	30	4	0	0	0	0	26	0	0	0	2191	0	0	6	0	60	126	0	0	0	0	0	0	0	0	0	0	0	0	0	2	0	0	3	0	117	29	0	41	6	37	0	1	0	29	0	6	0	0	4	0	0	1	0	37	43	2	8	5	0	0	5	3	0	5	0	14	8	0	43	7	3	0	0	0	11	36	0	0	29	4	11	0	0	0	0	0	0	0	0	1	0	12	0	0	0	0	0	12	18	130	0	293	40	0	752	2	0	35	1504	12	0	151	0	214	523	4	657	0	0	0	14	0	0	2	0	0	134	10	0	153	31	10	0	0	0	3	0	5	11	4	5	0	5942	0	22	0	0	0	23	3	7	2	15	1	8	66	26	0	0	71	0	4	131	508	6556	12	0	0	0	0	1107	0	921	0	157	55	9	0	0	0	0	0	0	0
np1096	0	0	0	0	35	32	0	0	0	10	73	10	3	4	121	3	4	0	7	18	0	7	8	5	0	1	2	0	3	0	0	8	2	0	0	0	21	4	0	0	0	34	87	152	0	35	5	8	30	0	4	6	53	0	0	0	16	0	0	1	0	0	0	0	0	0	0	401	0	0	0	24	39	0	0	12	4	0	0	804	8	0	402	0	3	0	0	0	19	0	0	0	26	0	0	0	27	0	0	0	0	0	1184	9	82	813	158	231	0	85	796	0	0	2	0	0	0	820	19119	0	179	9	19	25	6	88	396	0	83	0	33	0	0	3	0	13	5	0	0	0	3	2	4	0	0	0	2	26	0	0	0	25	0	0	0	0	0	0	0	0	0	0	0	0	5	21	5	0	2	0	219	8	7	0	11	17	11	721	0	0	0	30	0	2	986	0	0	0	5	2	9	41	7	0	0	3	2	0	0	4	0	109	38	7	18	119	31	108	0	0	107	2	0	0	126	0	0	328	0	0	976	914	72	0	0	410	9	0	0	2	32	287	91	0	0	26	9	0	0	2	2	107	0	25	44	9	35	44	35	318	0	0	37	109	6	1	67	34	0	53	5	0	16	29	0	0	297	100	0	0	0	0	0	0	0	0	0	0	0	0	0	0	0	8	0	0	0	0	0	0	0	0	0	0	0	0	0	0	0	35	183	0	0	0	3	8	0	0	0	0	209	0	0	1027	0	0	0	0	21	18	76	3	0	0	0	0	0	0	1	0	0	0	0	0	0	2	0	0	0	0	0	0	10	0	0	107	0	149	0	0	4	0	0	93	2210	0	0	5	0	0	1	58	0	3	0	199	0	0	0	0	0	0	0	0	0	0	311	0	0	0	0	0	0	16	4	8	4	15	0	0	25	0	0	0	0	106	696	11	10	26	16	5	721	0	696	57	221	85	0	0	0	7	63	16	0	0	0	0	0	0	0	490	124	0	0	25	0	10	0	22	0	0	0	0	12	11	3	0	7	6	0	34	5	0	90	15	8	0	3	0	4	0	0	63	0	0	59	0	0	0	205	144	59	8	0	4	0	8	9	0	4	0	0	52	23	103	6	0	2	0	0	0	0	0	0	5	12	18	0	21	91	8	0	2	81	0	0	0	6	0	0	33	5	0	0	57	25	0	710	10	0	1046	182	0	10	304	0	0	0	0	9	355	0	110	0	10	1	41	8	6	0	5	0	7	0	0	32	21	36	42	0	5	0	0	0	2	7	0	0	0	0	53	0	29	7	0	6	0	52	8	10	20	24	7	0	0	21	5	25	6	0	975	0	0	0	53	6	2	0	0	0	0	0	0	0	1	0	0	0	0	0
np1098	0	0	0	0	1	0	0	0	0	0	143	7	0	3	1094	0	0	0	3	4	0	10	0	12	10	23	0	3	8	0	0	198	25	21	0	0	358	6	0	0	1	24	109	15	7	397	31	95	12	64	0	3	43	0	0	0	4	0	18	0	83	0	0	0	0	0	22	83	0	11	2	0	12	0	0	20	22	0	0	0	2	0	12	0	6	4	0	1	50	1	0	0	19	0	1	0	6	0	8	0	2	4	81	7	110	13	34	9	8	0	98	0	0	4	2	1	0	1	0	0	17	6	0	0	0	0	14	0	8	0	0	0	3	0	0	0	3	6	0	0	0	0	2	0	0	0	0	0	0	0	0	1	3	0	0	0	0	0	0	0	0	0	0	0	15	18	96	55	0	0	107	0	141	0	8	0	6	125	2	67	0	0	0	18	136	0	0	0	0	3	0	0	4	0	0	0	0	0	0	0	1	36	14	0	10	16	3	9	0	0	39	53	18	0	21	0	0	521	0	0	122	235	0	0	0	36	0	2	16	1	10	0	9	0	3	7	13	5	6	0	3	224	4	11	3	0	1	0	1	10	2	0	33	13	1	1	92	169	11	34	0	0	1	2	0	0	0	0	0	0	0	0	0	0	0	0	0	0	0	0	0	0	0	0	0	0	0	0	0	0	0	0	0	0	0	0	0	84	0	5	50	0	0	0	4	6	0	0	0	0	231	0	0	454	0	0	0	0	1	4	2	8	0	0	0	0	0	0	10	0	0	0	0	0	0	284	223	0	78	0	0	5	3370	0	1644	291	0	0	13	10	0	1732	0	0	93	0	0	5	0	0	3	1066	0	5	1	395	0	0	0	0	0	0	0	0	0	0	0	0	0	0	0	0	0	19	0	7	0	91	0	0	15	0	0	0	0	297	0	30	0	6	0	0	20	0	74	0	17	2	25000	0	0	39	77	17	0	0	0	0	0	5	3	0	0	0	0	0	0	0	0	0	0	1	0	0	0	4	0	0	0	7	1	34	0	0	511	5	6	0	0	0	12	8	0	0	39	0	12	0	0	0	228	13	6	2	10	9	0	0	0	0	0	0	0	21	0	15	0	0	0	2	0	0	1	0	0	5	6	0	0	7	10	42	0	0	0	7	0	0	3	0	0	30	0	0	20	221	43	0	513	72	15	116	1	0	105	39	8	0	0	0	33	62	0	20	0	0	0	5	0	0	0	0	0	1196	17	20	40	14	0	0	1	0	0	0	0	0	0	0	0	0	0	30	49	2	3	33	0	0	0	0	0	13	17	2	3	0	32	0	2	271	5	1332	0	0	0	0	0	0	0	0	0	0	3	0	0	17	27	3	3	0	0
np1101	0	0	27	0	5	13	450	12	0	0	62	76	0	8	605	0	0	0	17	19	5	2	8	2	0	8	22	0	0	3	0	12	0	17	0	0	292	11	53	0	0	195	485	52	12	390	0	14	131	39	110	21	71	0	0	486	1011	0	2	2	0	0	0	0	0	0	1	550	0	0	0	227	76	0	0	0	0	0	0	1	2	0	6	0	0	0	0	0	0	0	0	26	253	21	0	56	0	0	0	0	3	0	255	2	631	45	31	26	0	12	148	8	21	0	0	0	0	633	73	0	0	0	3	99	0	9	37	79	223	0	9	0	0	0	0	0	145	0	472	0	0	0	10	0	0	0	0	0	0	7	4	2	12	0	15	0	29	27	16	0	0	0	0	0	3	20	19	0	0	0	32	0	49	0	30	0	0	204	0	0	0	0	0	34	121	0	0	54	0	0	1	7	10	0	0	0	0	0	0	0	0	93	16	0	0	34	0	132	0	0	2	36	0	0	55	0	0	169	10	0	115	22	0	0	0	90	0	0	8	0	41	0	24	3	17	0	0	0	0	0	0	78	17	1	0	0	0	3	6	176	0	0	140	9	0	0	0	130	0	28	19	0	14	0	0	0	0	0	0	0	0	0	0	0	0	0	0	0	0	0	0	0	0	0	0	26	17	0	25	21	2	0	0	0	0	114	44	0	0	53	5	13	0	2	3	6	21	0	0	0	0	0	0	0	0	0	0	16	0	0	0	0	62	0	0	63	86	0	164	0	12	0	0	0	0	63	7	231	0	0	0	0	0	0	0	87	0	11	0	0	18	0	14	0	0	24	0	11	0	3	40	0	0	0	0	0	0	0	0	0	0	0	0	0	0	0	0	0	388	0	0	0	0	29	79	6	0	121	0	0	144	0	0	0	0	37	0	9	0	11	0	3	843	90	51	0	14	0	0	0	0	82	231	9	0	0	0	0	0	2	12	0	0	0	0	0	0	3	0	0	4	0	18	0	8	26	0	0	0	2	0	27	0	92	32	7	3	9	7	0	45	0	6	183	4	2	0	3	0	378	181	2204	0	0	0	0	0	28	40	0	0	0	0	0	0	0	0	0	18	0	0	5	6	0	0	0	4	26	0	0	5	0	0	0	0	0	6	9	12	0	0	0	0	0	1622	0	403	34	1007	84	0	3441	127	695	42	467	753	0	0	0	729	53	16	194	9	1	2	0	28	0	0	0	0	56	0	0	26	9	13	83	0	0	0	0	0	0	230	0	0	0	361	24	0	18	0	0	13	32	0	0	0	0	8	3	28	0	72	0	0	0	0	0	0	0	0	15	0	0	16	0	0	0	0	9	0	4	0	0	5	0	0
np1103	0	0	4	0	68	0	0	5	0	0	101	89	0	7	239	0	12	0	6	27	3	2	0	6	0	0	8	0	0	0	0	22	0	18	0	0	125	0	24	0	2	55	223	127	0	324	0	27	48	21	86	12	60	0	0	523	4891	0	20	0	0	0	0	0	0	0	0	263	0	0	0	1995	464	0	0	0	0	0	0	26	9	8	35	0	0	0	0	3	0	0	0	27	293	23	2	451	0	0	0	0	0	0	254	8	300	87	131	57	0	64	444	18	88	0	7	8	0	2948	389	0	0	0	12	119	1	26	126	237	485	0	0	0	0	0	124	65	15	8	84	0	2	15	43	0	0	0	0	0	0	45	0	3	616	0	660	0	12	14	16	3	4	19	4	0	39	67	13	0	1	0	282	0	53	0	42	0	0	535	18	4	0	0	37	29	894	0	0	0	0	0	2	53	10	0	0	17	0	0	0	0	0	367	74	0	0	132	25	2512	0	4	0	21	0	0	181	0	34	431	11	0	968	250	0	0	0	235	0	0	3	0	95	0	39	150	66	20	0	0	0	0	0	45	7	24	9	0	0	26	25	163	0	0	96	7	0	0	12	215	0	17	0	0	12	9	0	0	19	0	0	0	0	0	0	0	0	0	0	0	0	0	0	0	0	0	0	2	2	0	0	8	2	0	0	3	0	88	55	0	0	182	6	2	0	6	0	3	4	0	0	0	0	1	0	2	0	0	0	37	0	0	5	0	132	0	0	110	125	0	313	0	6	0	0	0	0	96	0	412	0	0	0	0	0	0	0	14	0	6	0	0	11	0	0	0	0	2	0	0	0	0	10	0	0	0	0	0	0	0	0	0	0	0	0	0	0	0	0	0	272	0	0	0	0	148	29	28	6	277	0	0	392	0	0	0	0	32	0	48	0	63	6	13	350	19	188	18	62	19	0	0	0	134	326	22	0	0	0	0	0	13	42	0	0	1	0	0	0	7	0	0	0	0	8	2	3	156	6	7	0	13	9	225	0	512	173	41	11	0	1	0	133	0	5	179	7	0	0	7	1	750	322	1915	0	0	0	7	0	18	25	0	0	0	0	6	0	0	0	0	8	0	0	22	24	0	0	20	2	30	0	0	31	0	0	0	0	1	3	28	76	0	0	12	0	0	1219	0	369	16	493	83	0	1763	142	401	148	1220	1611	0	0	0	1675	90	15	192	8	5	1	27	168	0	0	0	0	664	0	0	122	41	19	43	0	0	0	0	0	0	0	0	0	16	1147	43	0	154	44	0	14	41	0	0	0	0	31	9	74	0	209	0	0	0	0	0	0	0	0	28	0	0	39	0	0	0	5	64	0	0	0	0	0	0	0
np1105	3	12	16	29	53	0	4	6	20	149	227	21	35	12	2480	1925	4	15	37	44	17	17	14	63	13	12	76	2	194	35	30	166	133	12	20	14	964	28	41	31	35	518	835	232	72	2388	33	61	328	272	44	35	113	47	0	0	2070	105	85	28	53	27	10	127	106	316	7	4380	90	0	19	42	666	44	110	0	21	11	414	59	25	19	181	58	46	65	11	1178	94	133	187	2	1171	14	5	30	19	29	15	69	10	50	923	43	266	180	214	177	0	204	1061	41	43	14	23	16	192	642	475	546	0	143	12	29	25	56	122	100	230	0	0	0	18	13	113	195	149	2	141	52	292	25	63	8	184	218	34	21	23	89	0	554	511	253	224	26	9	43	19	43	16	12	64	23	91	37	35	8	28	30	435	64	117	61	67	136	24	2156	60	10	183	67	0	52	2521	47	83	2	74	0	0	46	46	9	42	8	18	21	16	9	27	246	477	18	5	251	86	85	39	5	24	151	135	27	291	13	21	1722	66	22	2071	631	19	22	16	204	113	0	12	4	122	11	320	11	62	30	1	0	0	0	11	417	13	51	14	6	21	74	35	331	9	27	461	221	15	2	506	886	29	72	70	1	26	21	40	13	25	141	249	149	417	274	411	269	305	306	96	26	0	142	151	24	79	55	58	0	1	270	0	1	158	143	143	2469	1044	27	7	1086	102	82	160	7	18	36	10	41	26	11	5	120	279	427	95	1737	205	45	589	10	9	167	51	24	40	18	122	31	22	58	537	91	30	65	137	31	27	531	211	79	228	83	439	4759	65	22	18	57	1236	2	56	34	5	0	0	6	2	35	0	6	4	62	122	45	593	0	0	60	31	28	161	5809	564	92	86	68	6	19	0	69	675	32	93	215	119	156	38	750	92	204	24	918	0	5	223	117	78	379	2057	214	36	64	23	5	268	10	841	35	46	30	822	188	60	126	950	279	41	21	12	49	44	8	29	5	2	0	22	0	236	22	9	87	8	31	16	3	2	71	87	56	0	67	32	250	7	95	2264	275	228	26	73	25	131	66	272	616	21	766	1040	220	199	500	5051	2957	2485	1023	12	87	190	44	74	156	70	71	204	1537	813	2082	168	15	46	24	5	47	139	104	69	379	608	269	142	568	19	293	281	750	27	73	10	13	61	28	0	1269	593	280	1279	2328	1710	13	8621	716	85	20380	334	639	620	3524	169	10	8	57	653	13982	505	264	3	10	0	73	91	21	49	10	43	187	0	85	326	49	95	120	12	0	0	0	0	0	5	31	509	1159	1272	23	39	65	39	244	15	106	228	156	86	163	1479	195	70	7	402	78	345	5	36	41	21	19	2	236	12	31	7	16	0	16	15	224	7	124	139	71	10	32	6
np1107	0	0	0	0	1	226	0	0	0	3	37	0	4	0	20	0	29	0	0	8	3	5	2	8	0	0	3	2	3	0	0	24	0	0	0	0	21	0	0	0	0	7	111	26	0	2	1	1	0	0	3	2	6	0	0	0	4	0	1	1	36	0	0	0	0	0	5	511	0	0	0	0	31	0	0	196	11	0	0	1410	386	1161	1728	0	7	0	0	0	7	2	0	0	29	0	0	0	13	0	0	2	0	1	1773	0	19	2581	6301	2109	71	117	1385	38	0	0	1	0	0	7	8446	0	23	0	53	6	1	182	260	0	21	2	125	3	0	6	0	0	3	0	0	0	0	0	2	0	1	0	3	10	2	0	0	19	0	0	0	0	0	0	0	0	0	0	0	0	5	64	1	1	3	0	1229	0	11	0	11	1	4	2281	0	0	0	110	0	0	1124	0	0	0	121	0	0	17	3	0	0	0	10	0	0	0	0	1380	93	128	9	30	15	54	0	0	18	16	0	0	22	0	0	265	0	0	220	358	17	0	0	512	0	0	0	2	8	45	2289	0	0	79	12	0	3	0	5	56	0	9	61	0	36	259	14	49	0	0	31	45	0	1	98	29	5	21	0	99	0	17	0	0	227	257	0	0	0	0	0	0	0	0	0	0	0	0	0	0	0	6	0	0	0	1	0	0	0	0	0	0	0	0	0	0	0	9	14	0	1	3	0	28	2	0	3	0	37	0	0	160	0	0	3	0	4	0	18	0	0	0	0	0	0	0	9	0	0	0	0	0	0	6	7	0	0	0	0	1	343	0	9	9631	0	7936	0	0	87	22	0	6335	2114	2	0	211	0	54	74	3807	0	32	0	11870	0	0	0	0	0	0	0	0	0	0	12	0	7	0	0	0	0	30	2	24	3	4	0	0	44	0	0	0	0	27	253	96	162	7	0	0	384	0	290	15	100	28	0	0	0	0	6	3	0	8	0	0	0	1	5	127	182	0	0	85	0	6	0	0	0	0	1	2	7	4	0	0	0	0	1	10	0	0	12	6	0	0	1	0	0	0	0	66	0	0	44	0	0	21	104	92	33	19	0	60	0	5	0	0	3	0	0	14	6	13	0	0	14	0	0	0	0	0	0	4	8	12	0	0	3	0	0	0	175	0	0	0	0	0	0	2	0	3	0	14	29	0	167	0	6	368	0	0	2	128	0	0	0	0	0	97	0	5236	0	2	7	163	1	3	0	0	0	8	0	0	102	37	0	3	0	416	3	0	0	14	56	0	0	0	1	74	0	2	0	0	0	0	15	4	2	20	15	25	0	0	7	0	28	110	2	864	0	0	0	6	0	0	1	0	0	0	5	1	0	0	0	0	0	0	0
np1108	0	0	0	0	23	0	53	0	0	65	141	25	0	18	605	0	12	0	0	43	6	8	3	0	0	4	6	56	0	0	2	16	4	0	18	1	303	41	0	0	1	251	498	97	8	419	6	7	135	53	0	3	69	0	0	0	163	0	35	5	0	0	1	0	0	0	1	1065	0	0	0	42	239	0	10	3	0	0	0	14	0	0	32	0	23	5	0	1	348	5	4	0	396	0	0	0	39	0	0	5	0	6	178	13	350	213	86	65	0	49	509	0	0	0	4	3	0	2337	764	0	26	0	5	44	6	13	38	0	86	6	0	0	0	264	6	38	48	0	0	0	5	0	8	0	175	0	0	719	5	0	0	368	0	0	0	0	0	0	6	0	0	0	23	0	0	0	18	1	4	0	32	13	105	0	21	41	14	491	0	0	0	376	0	10	697	0	0	0	0	0	0	3	17	0	0	6	6	0	0	29	0	76	34	0	13	124	9	42	0	0	78	5	0	0	87	0	0	419	0	0	1593	152	29	0	0	92	1	0	7	0	0	11	120	0	0	15	0	0	0	2	3	276	0	11	1	0	13	9	12	524	0	0	115	431	20	12	131	197	7	36	7	0	16	17	0	0	4	196	0	0	0	0	0	0	0	0	0	0	0	0	0	0	0	107	0	0	0	0	0	0	0	0	0	0	0	0	0	0	0	40	219	0	0	6	4	5	8	0	56	0	697	0	0	3204	0	0	0	0	34	37	103	10	0	0	0	0	0	0	1	0	0	0	0	0	0	5	0	0	0	0	0	0	32	0	0	78	0	322	0	0	0	0	0	126	24573	0	0	17	0	0	0	0	0	1	0	221	0	0	0	0	0	0	0	0	0	0	1036	0	0	0	0	0	0	4	78	96	26	137	0	0	34	0	0	0	0	241	3874	20	12	10	6	0	92	0	68	6	15	5	0	0	0	70	313	56	0	0	0	0	0	0	0	0	0	0	0	14	0	7	0	390	0	11	3	0	88	19	0	2	6	36	4	122	12	0	231	35	41	4	13	4	4	0	0	423	0	0	1191	0	0	0	507	537	174	18	0	57	0	11	14	0	28	0	0	285	69	461	0	0	29	0	0	0	1	0	0	24	83	66	0	38	125	0	0	9	762	0	0	0	11	0	0	32	8	16	0	111	108	0	935	14	39	3014	26	0	18	353	0	0	0	0	43	502	6	13	0	4	0	4	14	6	0	14	0	177	0	0	117	5	66	94	0	0	0	0	0	0	0	0	0	0	0	3	0	22	3	9	15	13	179	45	42	116	101	47	0	0	78	42	104	11	0	9739	0	0	0	82	0	1	0	0	0	0	0	3	0	0	0	0	4	0	0
np1112	0	0	0	13	0	0	1	38	0	1	28	26	0	3	98	1	15	0	0	0	0	5	0	2	0	2	0	0	0	10	0	13	6	28	0	0	271	7	9	0	0	9	11	350	0	120	0	4	81	16	8	0	5	0	3	0	1211	0	0	0	0	0	0	0	0	0	2	741	0	0	0	42	9	0	0	0	38	62	0	10	2	3	37	0	21	7	0	0	0	0	0	0	6	0	0	2	0	0	0	0	0	2	220	60	101	84	35	2	0	12	44	0	0	4	0	0	0	74	0	0	0	20	24	0	0	20	21	2	15	145	58	58	0	0	0	3	51	4	750	0	0	1	2	0	122	0	0	0	0	35	30	29	0	0	0	0	0	0	0	4	0	0	2	0	15	5	4	0	42	0	342	0	60	0	0	0	0	391	1	0	0	0	65	269	435	0	0	4	65	0	45	0	20	0	0	0	0	0	0	0	0	310	0	63	3	54	41	321	0	0	0	76	262	0	0	221	0	1109	31	0	1253	656	0	0	0	111	4	0	3	0	0	0	112	0	28	0	35	40	0	135	0	187	22	24	3	0	70	2	8	206	6	34	18	0	0	0	12	35	0	14	4	31	10	4	0	0	33	0	0	0	0	0	0	0	0	0	0	0	0	0	0	0	0	0	0	2	1	0	0	0	11	0	0	6	0	0	2	0	0	29	16	2	0	1	0	0	6	1	0	0	0	21	0	0	0	0	108	84	0	0	0	0	221	0	0	16	0	0	36	0	0	0	0	0	0	0	0	32	0	0	0	0	0	0	133	2082	0	2150	32	0	18	8	0	1	0	9	0	916	0	94	619	0	0	0	0	0	0	0	0	0	0	0	0	0	0	0	0	0	1463	0	0	0	0	54	0	0	0	1	0	0	0	0	0	0	0	0	910	205	80	6	0	0	524	46	321	41	40	14	0	0	0	0	6	0	0	0	0	0	0	1	6	1	0	1	0	0	0	1	0	0	0	4	4	1	2	0	22	1	0	2	0	1	0	11	0	0	7	0	0	0	4	0	0	2	0	0	0	3	0	2	20	42	0	0	0	0	0	0	4	8	0	3	0	3	0	3	0	0	1	0	2	0	0	0	0	0	3	5	0	0	0	0	0	0	3	0	0	8	0	0	0	12	0	0	7	5	11	0	21	21	0	56	0	13	7	11	0	3	0	0	7	8	0	4899	17	2	49	77	0	0	0	0	0	208	0	20	62	7	0	50	0	14	1	19	135	0	0	8	0	107	2493	312	0	0	0	0	0	0	0	0	0	0	0	0	0	0	2	0	0	0	1	0	0	0	0	0	0	0	0	0	0	0	10	2	0	6	0	0	10	0	0
np1113	0	0	3	4	3	0	0	0	0	10	49	0	0	20	12	0	9	6	0	0	0	25	2	0	15	0	10	48	71	16	21	0	74	0	39	13	2045	7	24	91	8	153	210	82	126	280	7	30	313	110	18	11	31	8	3	0	83	11	40	4	27	0	0	0	0	11	9	825	0	0	0	4	79	0	4	0	0	0	2	0	3	0	6	0	43	0	27	292	16	11	23	0	60	0	9	0	0	0	0	0	1	4	39	7	110	11	117	88	0	8	36	0	0	4	0	0	0	138	4	48	0	2	0	0	8	32	34	3	4	0	0	0	52	6	8	6	121	1	117	21	30	0	156	0	76	78	0	68	5	303	13	331	0	6	0	48	0	5	0	5	0	118	82	0	3	3	20	1	17	4	16	0	138	0	4	0	2	239	5	0	93	12	0	14	208	8	0	0	0	0	0	4	0	0	0	0	1	4	0	17	0	2095	363	0	49	85	71	52	1	3	0	2	167	0	111	63	187	4900	294	63	3353	428	0	150	277	815	22	8	3	3	12	0	29	0	11	1	0	1	0	0	0	220	0	11	11	0	30	129	10	176	9	0	50	82	0	0	18	36	7	25	8	0	22	1	0	0	0	0	2	2	5	0	8	5	0	0	4	0	0	0	0	0	0	7	1	0	0	3	0	0	3	0	0	34	13	0	0	186	0	14	18	240	11	0	9	35	7	0	0	1	17	0	0	10	0	6	0	0	5	3	14	1	5	0	1	4	5	0	69	26	0	0	3	0	2	34	22	9	19	8	44	1713	40	6	17	55	163	6	33	27	1	0	0	7	1	21	0	11	0	25	406	120	248	2	0	65	13	29	481	2220	2195	67	58	46	96	216	161	79	309	0	39	75	118	16	0	2	0	0	0	0	0	0	0	0	5	8	78	144	70	0	0	0	95	0	2120	6	28	0	16	826	182	0	71	9	167	0	0	8	0	2	4	35	13	0	254	0	0	2	0	24	13	15	6	0	0	162	0	2	1	2	5	10	0	0	32	9	5	0	0	31	11	6	21	15	0	30	33	0	359	38	262	190	78	56	0	10	28	0	5	0	15	5	2	50	21	60	0	0	0	0	0	9	14	0	0	31	32	19	0	91	667	121	16	42	0	3	0	0	0	1197	0	23	28	11	42	149	79	0	337	28	0	560	22	28	21	184	16	0	16	0	49	210	15	5	0	0	0	18	0	0	0	0	2	133	0	8	160	71	24	0	0	21	0	0	0	0	54	12	135	129	216	9	0	0	4	12	1	5	4	8	1	2	18	0	1	0	63	7	121	9	17	475	1	0	0	0	0	3	0	0	0	0	0	13	0	19	10	10	0	307	111
np1115	0	0	0	24	0	338	12	24	258	55	160	0	2	0	27	0	19	5	0	0	0	5	15	14	25	1	5	330	45	16	11	43	84	6	67	25	3914	15	93	274	7	8	920	46	206	3173	39	183	426	402	60	21	191	23	0	0	307	27	3	4767	129	49	0	1102	39	0	3	6341	46	0	0	0	82	3	2	30	81	8	0	73	13	12	254	7	15	96	9	289	2	18	11	0	127	0	2	4	25	13	12	11	71	5	3346	19	1254	69	244	338	0	45	823	0	0	3	9	3	0	54	9	250	0	10532	14	0	36	61	111	5	9	3	214	252	8	16	0	0	40	0	257	273	11	0	0	1693	5173	5185	4	20	3	72	0	852	0	5	0	0	61	0	0	10	0	7	28	0	40	21	132	3	21	367	777	0	1150	32	18	0	1	1480	0	59	157	96	0	42	706	11	27	0	352	334	12	548	2917	1593	15	0	6	4	0	0	3	14	11	0	211	88	82	104	0	8	0	1	0	0	66	0	122	5391	293	81	37	437	0	0	63	425	0	11	34	5	34	0	7408	1	51	39	799	337	166	0	0	981	14	10	21	0	5	18	9	40	0	0	16	6	5	2	1439	2355	20	169	126	5	233	188	540	272	7	47	7	39	22	23	48	28	3	25	27	0	0	7	6	2	7	3	3	0	0	4	0	0	5	11	11	212	78	0	2	5293	15	86	374	10	3	5	0	16	2	0	0	0	6	10	4	43	1	0	10	5	6	23	20	4	24	2	11	33	19	0	180	24	26	114	7	0	8	98	69	59	259	106	33	4817	264	0	274	1574	149	131	65	1518	632	18	402	45	11	6314	0	43	0	6349	8044	4705	563	2	0	130	4891	2363	7	4247	19	11	3	3	0	3	0	389	3802	17	64	507	237	62	0	13	2	61	0	0	29	0	25	0	0	59	256	1671	344	19	2	5	124	0	283	59	73	39	1191	1034	357	77	468	352	235	3	24	150	47	4	18	3	0	0	5684	85	0	9	0	10	0	20	0	0	32	33	8	6	2	10	3	35	0	6	175	28	17	4	5	3	6	0	16	17	0	22	40	5	10	6	118	299	281	27	0	6	28	50	11	14	0	2	7	74	32	94	14	2	0	7	0	9	35	7	4	87	73	20	12	0	0	14	0	18	4	0	0	0	11	0	0	444	32	17	138	147	65	0	1409	124	0	3390	59	117	24	259	12	0	0	0	8	555	18	208	5	9	1	44	5	2	14	0	1	2958	367	27	783	77	9	6	4	0	9	0	30	7	15	22	256	4612	933	316	0	7	7	47	0	26	18	29	19	69	263	50	9	0	33	5	14	2	37	8	23	77	18	7	0	6	0	0	9	0	46	102	0	180	230	135	39	5	6
np1116	0	0	0	0	8	0	4	0	0	0	114	99	0	2	828	1	6	0	10	8	0	0	7	4	0	2	0	0	0	0	0	0	0	0	0	0	257	0	23	0	0	38	118	31	0	307	0	14	103	60	29	7	69	0	0	1730	3719	0	0	0	0	0	0	0	0	0	0	601	0	0	0	171	81	0	0	2	0	0	0	4	6	0	5	0	0	0	0	0	0	0	0	0	79	3	0	79	0	0	0	0	0	3	96	0	220	55	36	16	0	3	43	0	8	0	0	0	0	1869	363	0	0	0	0	15	0	0	14	41	110	0	4	3	0	0	0	0	117	0	351	0	6	5	3	0	0	0	0	0	0	7	5	0	31	0	36	0	10	4	0	0	0	0	0	0	4	9	7	0	0	0	371	0	42	0	40	0	0	312	11	3	0	0	22	32	249	0	0	42	0	0	0	4	20	0	0	0	0	0	0	0	0	144	0	0	0	11	0	248	0	0	3	213	0	0	58	0	17	285	0	0	312	65	0	0	0	477	0	0	8	0	46	0	27	38	4	6	0	0	0	0	0	129	21	25	5	0	0	8	10	137	0	0	88	11	0	0	16	684	0	26	0	0	0	0	0	0	18	0	0	0	0	0	0	0	0	0	0	0	0	0	0	0	0	0	0	0	0	0	0	2	0	0	0	3	0	115	13	0	0	28	0	0	0	0	0	5	1	0	0	0	0	1	0	0	0	0	0	23	0	0	0	0	59	0	0	12	30	0	65	0	0	0	0	0	0	7	0	100	0	0	0	0	0	0	0	82	0	0	0	0	16	9	17	0	0	25	0	11	0	0	56	1	0	0	0	0	0	0	0	0	0	0	0	0	0	0	0	0	412	0	0	0	0	33	36	2	0	938	0	0	205	0	0	0	0	14	0	15	0	15	0	0	137	19	226	14	21	28	0	0	0	58	100	18	0	0	0	0	0	5	23	1	0	0	0	0	0	0	0	0	0	0	0	4	0	51	0	2	0	0	3	18	0	61	17	12	0	4	0	0	60	0	0	32	0	0	0	0	0	267	192	464	0	0	0	1	0	11	8	0	0	0	0	0	0	0	0	0	3	0	0	0	7	0	0	4	0	5	0	0	3	0	0	0	0	0	0	44	4	0	0	0	0	0	819	0	146	0	435	104	0	1731	101	463	69	485	591	0	0	0	622	136	14	54	0	6	0	3	35	0	0	0	0	98	0	0	226	16	7	27	0	0	0	0	0	0	0	0	0	0	2288	60	0	29	11	0	0	9	0	0	0	0	12	0	32	0	50	0	0	0	0	0	0	1	0	0	0	0	5	0	0	0	3	11	0	0	0	0	0	0	0
np1119	7	0	30	181	73	5	1	22	1	23	92	29	0	7	862	7	15	0	16	3	0	9	6	26	1	0	25	0	0	132	19	37	9	13	0	0	688	1196	0	0	0	129	231	344	10	226	0	5	193	48	58	5	199	0	297	0	2427	0	6	0	0	0	0	0	0	0	0	1033	0	20	0	764	115	0	3	0	22	47	0	9	4	0	15	21	91	29	0	5	0	0	0	49	44	3	0	47	0	0	0	0	0	17	656	199	437	278	466	7	0	50	187	0	0	2	10	6	0	347	19	0	11	20	78	6	0	83	168	37	89	35	24	172	0	0	0	104	431	73	201	0	0	7	28	0	1981	0	0	2	0	96	689	206	2	0	5	13	2	2	9	6	3	0	5	0	19	7	11	0	80	0	1202	2	148	0	41	2	18	1495	8	0	0	0	91	354	1008	0	0	2	13	0	45	18	36	0	0	1	0	0	0	0	0	1425	13	383	0	43	19	105	0	0	4	88	412	0	30	315	0	1626	32	0	1705	2164	0	0	0	204	17	0	0	0	0	0	299	0	79	0	23	21	0	67	2	347	50	39	7	3	112	37	11	817	6	177	233	9	11	2	107	284	0	26	23	0	19	21	0	0	75	0	0	0	0	0	0	0	0	0	0	0	124	0	0	0	0	0	0	21	22	4	20	21	73	0	0	32	0	0	61	2	0	74	46	36	0	5	0	5	13	6	2	15	4	58	0	10	0	0	709	124	0	0	3	0	317	9	0	58	0	0	132	0	5	0	0	0	0	0	0	131	0	0	0	0	19	0	168	1334	0	845	10	0	97	6	41	8	6	87	0	412	0	26	419	8	0	26	48	7	0	0	0	0	0	0	0	0	0	0	0	0	4314	0	0	0	0	98	198	3	3	83	0	0	12	0	0	0	0	0	1706	162	84	20	0	3	1154	67	754	92	89	38	0	0	0	27	70	23	0	0	0	0	2	4	20	2	0	27	2	0	0	17	0	4	0	5	214	19	21	80	140	2	0	8	20	25	6	103	61	0	164	5	0	2	18	17	6	22	13	0	0	56	0	170	98	633	0	1	3	17	0	14	12	5	0	11	1	62	16	49	0	0	5	5	3	4	4	3	0	27	21	31	0	26	2	8	0	0	67	0	0	161	0	0	30	35	0	0	79	19	187	0	104	93	0	1261	10	347	323	1116	127	35	0	0	184	399	13	1536	33	7	17	147	0	0	0	0	1	476	0	33	165	18	4	235	0	22	0	72	397	0	0	9	0	52	6290	718	0	36	25	12	9	32	3	6	9	1	54	10	12	0	42	34	35	40	4	1	2	0	0	53	0	0	5	0	0	0	15	36	0	22	0	0	10	0	0
np1121	7	0	0	15	0	0	0	4	0	35	25	0	3	1	299	135	0	3	5	0	0	5	0	9	0	0	15	0	55	10	20	27	27	15	6	10	476	2	12	17	9	201	261	25	12	482	7	25	96	91	25	21	101	22	0	2	233	14	33	4	0	0	2	0	9	19	5	707	0	0	0	4	70	2	10	4	1	1	2	0	5	2	38	0	7	2	22	118	18	6	18	0	225	0	1	2	0	0	0	6	0	1	178	13	76	25	46	34	0	24	125	5	0	3	0	0	33	236	65	94	0	12	4	2	7	19	28	9	22	0	0	0	12	115	11	114	154	1	83	44	62	0	15	3	150	153	0	7	0	40	1	161	6	71	52	6	19	10	8	9	0	9	62	8	10	10	11	3	2	0	15	7	57	10	14	5	2	353	4	2	38	11	0	5	229	7	8	1	5	0	0	0	15	5	2	0	3	3	9	88	0	19	39	0	4	23	13	8	9	0	0	4	30	0	38	10	0	659	23	13	315	152	0	10	10	55	10	8	0	0	29	0	43	2	8	6	2	1	0	0	5	123	8	15	0	0	0	11	6	135	5	14	49	22	10	5	78	119	0	13	51	2	0	0	4	0	2	20	20	6	24	16	15	10	14	6	8	0	0	8	8	2	13	5	10	0	0	23	0	0	5	9	5	135	34	0	0	176	14	22	55	9	0	6	3	5	11	0	0	27	260	517	10	375	18	190	68	0	3	37	35	8	9	0	8	0	0	0	51	8	0	0	5	6	6	50	26	8	20	6	90	1431	34	11	17	32	246	0	22	12	1	0	0	3	8	18	0	43	31	44	302	52	150	0	0	69	17	4	474	1894	2016	57	56	57	2	8	0	32	226	4	69	50	57	14	5	97	0	52	0	74	0	0	34	23	7	44	207	67	26	17	0	0	42	0	156	9	11	10	794	29	14	17	130	39	5	8	0	15	0	2	3	0	0	0	107	9	34	6	6	34	2	7	14	0	2	4	9	11	0	6	9	19	0	6	132	45	19	5	6	6	16	4	27	64	4	54	105	12	11	21	517	310	246	89	0	9	17	0	4	19	3	6	23	133	78	172	19	4	4	0	0	7	19	14	9	39	52	40	28	52	1	124	21	64	0	8	0	1	10	6	0	113	42	27	120	218	211	0	1555	83	0	3723	107	153	67	350	23	0	0	7	55	1095	150	26	0	0	0	9	0	7	14	0	14	67	0	18	97	46	9	29	0	0	0	0	11	0	0	6	56	159	127	11	7	7	3	16	0	0	15	11	5	7	76	10	0	0	54	0	13	15	20	319	10	2	1	31	1	1	0	0	0	5	0	43	2	39	56	34	4	17	0
np1122	99	0	145	731	115	209	1	54	0	44	149	11	0	24	544	3	12	0	102	89	18	7	3	17	0	0	181	14	0	262	20	49	23	23	0	0	756	870	16	0	4	713	798	424	0	261	1	9	140	41	481	19	497	0	569	0	4326	0	24	5	0	0	0	0	0	0	2	1197	0	2	0	925	113	0	11	0	8	28	0	16	6	0	54	0	733	85	0	9	0	0	3	129	112	0	5	80	4	0	0	0	0	27	483	166	511	766	246	25	0	60	299	6	9	0	15	14	0	533	22	0	20	20	124	4	7	170	180	149	475	56	273	426	0	0	0	161	412	7	47	0	0	14	63	0	3020	0	0	8	9	48	506	1662	12	0	15	15	5	4	40	65	1	0	6	0	40	5	20	5	253	0	1668	10	197	0	31	0	10	2103	46	0	0	0	132	1044	1301	0	0	7	135	0	4	9	92	0	0	0	1	0	0	0	0	2208	20	535	0	62	26	182	2	0	0	153	1059	0	43	702	0	1723	21	0	4219	2593	0	0	0	159	8	0	11	0	0	0	919	0	96	2	38	39	0	126	0	819	135	38	10	4	79	35	14	2624	19	886	552	30	0	7	46	177	8	58	194	1	59	21	0	0	79	0	0	0	0	0	0	0	0	0	0	0	310	0	0	0	0	0	0	205	189	8	175	206	354	0	0	175	0	0	78	2	0	116	73	220	4	21	12	3	19	20	11	15	3	0	0	20	0	0	7290	163	0	0	2	0	420	31	0	199	7	0	517	0	12	0	0	0	0	0	5	521	0	0	0	0	10	0	128	383	0	279	0	0	37	1	18	5	1	32	0	128	0	4	119	2	0	41	80	1	0	0	0	0	0	0	0	0	0	0	0	0	5784	0	0	0	0	197	102	11	7	109	0	0	11	0	0	0	0	0	2466	81	53	24	6	4	1212	74	1424	79	112	24	0	0	0	78	135	32	0	0	0	1	7	2	48	3	0	52	0	0	0	50	0	25	0	10	2647	58	554	114	266	8	0	10	16	35	0	205	178	0	282	6	2	55	41	27	0	73	46	0	0	141	4	623	181	6409	0	0	14	60	0	18	47	0	0	32	0	138	48	110	0	0	5	7	3	12	15	0	0	75	120	50	0	54	1	6	6	0	201	0	0	2052	14	0	54	69	0	0	194	47	623	30	527	687	0	2925	62	892	503	1532	218	42	0	0	294	616	14	1940	15	4	21	214	1	0	4	0	4	602	0	17	246	22	10	1246	0	58	7	86	804	0	0	28	0	145	8965	1176	0	37	29	8	15	39	8	4	22	1	75	8	15	0	69	64	51	53	5	3	0	0	0	55	0	0	2	0	0	0	5	33	0	17	0	0	19	0	0
np1123	0	0	52	0	0	28	914	35	0	0	78	33	0	33	434	0	4	0	29	50	13	0	3	4	0	6	56	3	0	4	0	0	0	40	0	0	807	0	105	0	4	534	825	43	0	88	0	16	76	60	67	14	51	0	0	438	1112	0	0	10	0	0	0	0	0	0	0	396	0	0	0	93	39	0	0	0	0	0	0	4	0	0	10	0	0	0	0	3	0	0	0	33	230	29	0	48	0	0	0	0	14	0	582	0	816	39	65	26	0	6	72	0	10	4	0	0	0	440	22	0	0	0	4	50	0	13	31	53	193	0	19	0	0	0	0	0	177	0	507	0	0	0	0	0	0	0	0	0	0	15	1	0	6	0	0	0	87	18	85	7	0	0	0	0	25	22	21	0	0	0	19	0	98	0	17	0	0	160	0	0	0	0	17	166	200	0	0	113	0	0	0	4	14	0	0	0	0	0	0	0	0	49	6	0	0	8	6	106	0	0	0	0	0	0	7	0	12	183	0	0	17	7	0	0	0	32	0	0	0	0	43	0	70	28	9	3	0	0	0	0	0	253	35	6	2	0	0	0	0	307	0	0	99	3	0	0	0	115	0	27	40	0	21	0	0	0	3	0	0	0	0	0	0	0	0	0	0	0	0	0	0	0	0	0	0	43	30	0	35	22	0	0	0	0	0	84	15	0	0	50	4	17	0	6	0	8	31	3	0	0	1	0	0	0	0	0	0	24	4	0	3	0	70	0	0	92	111	0	228	0	18	0	0	0	0	71	3	406	0	0	0	0	0	0	0	821	0	79	0	0	258	3	158	0	0	285	0	134	0	16	367	0	0	0	0	0	0	0	0	0	0	0	0	0	0	0	0	0	922	0	0	0	0	67	0	3	0	1	0	0	8	0	0	0	0	21	0	7	0	4	8	0	1095	162	60	0	5	9	0	0	0	89	225	11	0	0	0	0	0	1	24	0	0	0	0	0	0	0	0	0	34	7	73	0	34	24	0	0	0	12	0	14	0	63	16	6	3	29	0	0	34	0	0	180	0	0	0	0	0	490	91	4654	0	0	0	0	0	17	25	0	0	0	0	0	0	0	0	0	13	0	0	4	10	0	0	8	1	39	0	0	11	0	0	0	0	0	0	11	9	0	0	0	0	0	2252	0	258	0	1746	96	0	4502	126	560	26	324	506	0	0	0	556	31	10	316	0	3	5	0	12	0	0	0	0	28	0	0	40	18	0	146	8	0	0	0	9	0	544	0	0	22	422	88	0	4	0	5	13	41	0	0	0	0	3	5	1	0	114	0	0	0	1	0	0	0	0	0	0	0	8	0	0	0	0	10	0	0	0	0	20	0	0
np1125	94	9	458	108	1560	2	0	170	0	70	291	30	1	47	3341	12	35	0	51	69	26	14	53	49	0	3	188	36	0	418	56	140	228	81	43	1	1291	1100	9	0	1	845	2232	1059	12	637	0	18	194	65	1669	211	780	0	5	0	6718	0	253	95	0	0	6	0	0	0	5	1187	0	3	0	32501	831	17	126	0	6	11	0	227	33	60	456	0	4129	182	0	72	0	0	0	757	624	4	0	698	3	0	0	0	0	197	2819	212	1724	735	1068	209	0	945	4328	131	303	22	51	264	0	3098	943	0	0	85	303	1006	29	416	879	1140	3069	2	0	3	0	0	0	1508	373	37	11	21	0	152	504	0	1118	0	0	0	60	200	14253	1177	0	0	0	29	26	80	157	30	136	0	51	0	214	24	45	0	231	0	3942	96	514	211	411	28	167	12663	315	0	0	0	600	151	9140	0	0	2	4	0	0	166	143	0	0	95	95	0	0	0	0	2501	782	485	0	1824	251	1981	7	12	4	276	1483	0	1783	1010	0	2115	60	0	9848	3899	0	0	0	384	208	0	5	0	0	0	1608	0	911	10	2	2	0	5	3	371	36	63	38	28	351	222	201	2508	107	611	795	164	28	18	242	746	13	170	49	0	190	141	0	0	163	0	0	0	0	0	0	0	0	0	0	0	1036	0	0	0	0	0	0	157	140	0	143	205	1987	0	0	866	0	0	341	0	0	976	265	339	9	544	6	39	27	9	78	0	0	381	0	0	0	0	2165	329	0	0	13	0	813	0	0	189	8	0	330	0	16	0	0	0	0	0	0	364	0	0	0	0	42	0	19	12724	0	381	7	0	3827	293	1936	229	6	3398	0	3583	0	126	5190	0	0	2	0	3	0	0	0	0	0	0	0	0	0	0	0	0	13809	0	0	0	0	1049	390	341	858	74	0	0	3738	0	0	0	0	0	16129	318	191	244	30	114	3409	197	2506	97	213	29	0	0	0	127	279	49	0	0	0	0	22	35	148	56	0	1817	0	0	290	235	0	89	17	115	6833	908	690	746	1944	32	0	69	0	288	9	1384	1148	15	3691	20	15	19	177	267	56	327	305	0	0	740	11	1908	2555	7155	0	0	108	495	0	47	120	32	0	247	0	567	182	553	0	0	29	97	149	61	67	0	0	430	288	288	0	1109	0	0	8	0	3314	0	0	813	89	0	856	174	0	0	177	92	2121	128	1394	1067	0	8261	113	1434	732	2474	2663	295	0	0	2979	690	118	4872	189	114	66	1003	99	30	0	0	0	1669	0	184	439	110	84	4101	10	0	0	5	9	0	5	15	0	70	3612	3642	0	279	318	99	102	276	52	13	201	2	560	110	41	0	359	0	2	0	32	0	9	0	0	2067	0	9	166	5	62	0	26	375	0	311	0	0	18	0	0
np1126	32	40	0	16	216	0	0	0	0	0	665	49	51	161	1972	3	28	0	35	27	66	200	37	64	0	57	24	13	28	42	0	13	0	27	0	0	884	56	0	0	1	494	979	87	22	2611	8	205	66	116	34	35	222	41	0	0	2736	0	97	24	717	0	6	0	0	0	115	2336	0	0	0	2732	858	0	59	89	189	331	35	1216	171	206	2800	0	2	28	0	0	10	2	35	109	95	0	0	221	0	72	0	5	22	33	3396	516	3957	694	3063	751	0	774	7933	281	591	268	205	47	0	1231	0	0	0	1046	23	134	4	92	47	147	617	0	0	0	0	2	146	15	0	1	53	0	89	0	377	2	0	0	33	0	327	541	0	161	16	0	0	0	89	42	18	5	0	0	0	16	150	38	80	20	21	0	2108	0	1010	0	722	21	7	2675	13	347	0	0	0	238	39891	0	0	46	79	0	0	299	61	0	9	21	108	0	0	1	102	639	610	77	49	3414	349	15223	72	23	0	26	165	273	8757	0	111	4559	0	16	23586	6783	9	0	0	659	4	0	7	15	0	0	496	0	255	40	98	38	13	5	12	1407	0	417	69	65	27	439	148	299	9	0	178	429	20	16	247	294	40	1377	109	8	70	215	0	0	171	83	0	0	0	0	0	0	0	0	0	0	0	0	0	0	0	0	0	3	2	0	0	6	289	0	0	108	0	0	195	149	80	604	200	44	37	31	0	82	38	0	0	48	56	12	0	131	0	0	459	25	0	5	388	0	178	0	0	159	148	0	168	0	188	0	0	0	0	0	0	183	0	0	0	0	11	0	5	66	0	17	0	0	2	0	7	0	0	0	0	18	0	0	20	0	0	0	0	0	0	0	0	0	0	0	0	0	6	11	879	0	1241	0	0	0	0	330	0	266	86	0	139	0	175	0	0	0	0	4144	3896	238	144	566	80	6838	6005	310	2287	41	217	18	0	0	0	48	325	199	0	0	0	0	0	34	139	17	0	7	0	0	19	7	36	27	0	2	148	101	18	410	79	19	0	59	0	246	53	412	218	162	103	24	9	3	429	235	63	243	52	0	0	227	0	3933	2281	2239	0	50	0	8	0	47	106	16	0	15	40	458	10	50	185	0	35	0	38	11	21	0	0	235	264	22	0	0	0	0	0	0	0	0	0	392	84	0	0	19	0	0	859	921	370	15	1361	169	0	4986	219	2410	284	996	1126	489	0	0	1215	694	17	20725	23	14	38	842	362	121	29	36	0	737	0	0	1334	356	434	4	20	834	96	0	0	0	0	2	0	0	4273	16	0	163	137	138	19	34	1	3	0	0	323	52	29	0	732	0	181	7	6	21	0	88	152	357	0	91	1410	0	81	0	39	627	0	310	0	0	15	19	13
np1127	93	0	148	366	66	15	3	56	0	74	114	20	4	6	2605	6	3	0	8	13	6	7	18	8	1	0	61	0	0	90	7	38	19	14	8	1	891	852	13	0	4	766	851	156	0	903	0	17	503	108	404	129	1015	0	518	0	2521	0	31	7	0	0	1	0	0	0	0	521	0	5	0	3913	483	7	35	0	1	6	1	32	7	0	62	0	1417	12	0	36	0	0	0	375	223	2	0	127	0	0	0	0	0	50	272	112	584	496	159	45	0	90	412	12	26	0	17	27	0	1632	52	0	22	15	90	76	0	85	77	183	534	21	44	52	0	0	0	117	120	19	68	0	0	31	88	0	3458	0	0	24	11	75	871	522	22	0	18	18	4	23	29	6	9	0	14	0	20	0	38	0	71	0	685	7	127	0	113	2	69	1427	98	0	0	0	77	222	944	0	0	241	38	0	10	9	129	10	0	3	5	0	0	0	0	2495	91	559	0	54	18	255	2	0	4	502	369	0	107	361	0	964	18	0	1712	1127	0	0	0	89	19	0	8	0	0	13	128	0	127	2	182	189	0	730	0	380	43	36	7	5	111	23	22	674	13	231	1750	61	12	22	28	120	7	39	72	13	51	46	0	0	79	0	0	0	0	0	0	0	0	1	0	0	1186	0	0	0	0	0	0	105	115	7	115	86	508	0	0	227	0	0	158	2	0	211	66	89	2	39	4	14	21	46	37	8	1	0	0	13	0	0	5154	460	0	0	14	1	993	61	0	197	26	0	490	0	14	0	0	0	0	0	5	487	0	0	0	0	4	0	103	603	0	324	0	0	50	0	18	5	6	29	0	151	0	8	166	0	0	30	64	0	0	0	0	0	0	0	0	0	0	0	0	0	16689	0	0	0	0	124	756	54	41	204	0	0	117	0	0	0	0	0	3570	65	34	27	0	0	911	92	682	28	78	7	0	0	0	139	318	70	0	0	0	0	43	0	16	5	0	98	0	0	6	68	0	52	5	27	920	43	76	146	308	12	0	23	21	40	5	374	283	7	635	23	9	6	85	102	12	220	144	0	0	329	7	719	802	3911	0	0	36	156	0	20	58	10	0	114	0	432	148	374	0	0	5	25	13	20	25	0	0	225	118	104	0	184	0	6	0	0	792	0	0	1598	19	0	377	212	0	0	215	117	744	52	1041	1006	0	6777	171	2159	617	1812	597	220	0	0	753	843	44	800	17	9	8	131	18	0	3	0	7	1187	0	58	136	25	15	1409	5	5	0	0	63	0	2	27	0	134	6204	389	0	43	43	44	41	108	29	9	94	2	213	38	25	0	210	105	90	49	3	10	1	0	0	355	0	3	7	0	2	0	8	112	0	126	0	0	20	0	0
np1128	0	0	5	0	0	10	144	2	0	0	22	6	0	8	574	0	5	0	7	15	0	3	2	1	0	0	31	0	0	7	2	0	0	0	0	0	203	8	80	0	8	217	475	35	0	17	0	17	2	15	15	31	138	0	0	1259	551	0	5	0	0	0	0	0	0	0	0	0	0	0	0	31	17	0	1	0	0	0	0	0	0	0	0	0	0	0	0	4	0	0	0	15	71	11	0	21	0	0	0	0	0	1	19	6	306	45	15	23	0	1	29	0	6	0	4	0	0	432	103	0	0	0	0	8	0	0	17	100	402	24	19	0	0	0	0	0	23	0	1	0	0	0	1	0	0	0	0	0	0	3	0	0	20	0	25	0	0	8	37	11	0	0	0	0	3	4	7	0	1	0	50	0	44	0	6	0	0	184	14	0	0	0	14	17	176	0	0	0	108	0	0	0	8	0	0	1	0	0	0	0	0	61	0	0	0	0	0	56	0	0	0	2	0	0	12	0	11	319	5	0	29	13	0	0	0	92	0	0	2	0	23	0	6	6	0	6	0	0	0	0	0	167	41	22	0	0	4	16	0	69	0	0	661	0	0	0	14	1909	0	8	0	0	0	1	0	0	4	0	0	0	0	0	0	0	0	0	0	0	0	0	0	0	0	0	0	85	74	0	75	72	0	0	0	0	0	121	6	0	0	16	0	9	0	0	0	11	17	0	0	0	0	0	0	0	0	0	0	19	0	6	1	11	31	0	0	28	69	0	69	0	4	0	0	0	0	30	0	105	0	0	0	0	0	0	0	5	0	0	0	0	4	0	0	0	0	1	0	1	0	0	1	0	0	0	0	0	0	0	0	0	0	0	0	0	0	0	0	0	167	0	0	0	0	9	192	7	0	1554	0	0	0	0	0	0	0	0	0	10	0	5	0	0	74	0	56	6	22	7	0	0	0	12	28	0	0	0	0	0	0	1	2	0	0	2	0	0	0	2	0	2	12	3	432	3	259	3	7	1	0	5	0	7	0	33	5	5	0	5	13	0	5	0	0	72	7	0	0	0	0	326	87	3175	0	0	0	0	0	11	14	0	0	0	0	0	0	0	0	0	20	0	0	2	3	0	0	8	1	8	0	0	25	0	0	0	0	0	0	23	12	0	0	2	0	0	1582	0	1505	76	2587	62	0	4796	315	542	20	150	190	0	0	0	167	37	9	33	5	0	0	17	0	0	0	0	0	34	0	0	40	37	9	0	1	0	0	0	42	0	0	0	0	0	912	2	0	0	0	0	0	6	0	1	0	0	2	0	5	0	12	0	12	0	0	0	0	0	0	0	0	0	0	0	0	0	0	4	0	0	0	0	0	0	0
np1129	3	0	0	0	1	65	100	0	49	21	29	0	0	0	108	368	6	14	2	0	0	2	0	0	3	1	12	34	56	8	12	7	19	8	11	10	584	4	15	36	5	96	282	30	37	302	5	11	159	79	11	29	72	9	0	0	27	4	27	12	12	3	18	0	0	2	0	60	0	0	0	2	6	0	0	0	0	0	0	4	0	0	80	0	3	14	281	1173	0	0	5	0	303	0	0	0	0	0	0	5	0	0	194	6	28	4	26	41	0	27	759	0	0	4	0	0	4	27	5	136	0	735	10	0	12	18	15	0	2	6	53	0	0	4	3	4	25	19	8	0	0	0	0	229	35	33	0	15	0	0	0	74	0	2	2	0	49	4	0	3	0	30	23	1	1	0	12	0	14	7	24	0	106	0	0	3	0	130	0	3	357	9	0	2	104	0	6	0	51	51	3	0	4	0	1	0	0	1	0	22	0	0	2	0	4	10	12	13	0	3	0	2	4	0	9	0	9	280	26	0	47	30	0	0	0	20	0	13	0	0	10	6	681	3	60	5	350	158	91	0	0	148	8	2	1	0	0	2	6	34	0	3	2	5	11	26	46	62	0	0	36	21	7	8	0	0	0	8	0	0	7	4	217	139	159	109	2	2	0	76	77	0	0	20	28	0	1	0	0	0	0	27	26	33	10	0	0	529	8	4	6	11	0	19	0	11	2	2	0	0	0	0	0	0	0	0	1	0	0	0	0	0	0	0	91	12	7	0	349	46	17	56	108	0	0	246	64	27	100	47	5	43	28	0	11	228	5	7	5	0	10	0	0	5	2	1316	0	745	724	1540	9744	3613	3	8	0	1244	1684	1	0	59	0	0	0	0	0	0	0	22	237	11	119	50	36	13	0	0	0	4	0	0	0	0	7	0	0	8	32	55	6	0	0	0	19	0	89	5	10	5	68	6	1	0	57	25	0	0	0	0	0	0	0	0	11	0	113	0	3	4	4	25	3	15	30	5	3	0	0	4	0	0	3	10	0	2	60	15	0	0	0	70	5	0	0	11	0	8	18	0	0	3	38	37	43	8	0	7	3	0	0	0	0	0	5	15	12	33	0	0	0	0	0	1	11	11	0	198	656	10	0	74	1	5	38	16	0	0	0	0	6	5	0	17	0	5	7	13	14	0	955	52	0	4344	25	254	2	35	0	0	0	0	4	98	391	9	0	0	0	0	0	1	7	0	14	263	0	4	106	7	5	12	0	2	0	0	0	0	0	4	19	54	37	37	0	0	0	8	0	0	13	4	4	9	57	0	0	0	19	0	9	0	9	0	9	0	0	0	0	3	0	0	0	0	0	0	0	9	0	0	5	0	0
np1130	0	0	0	0	2	0	5	0	471	0	74	12	0	20	354	0	3	0	0	5	54	1	8	6	0	0	0	3	0	0	0	141	0	0	0	0	329	172	0	0	0	0	3	22	3	39	4	26	4	7	0	0	59	0	0	42	2	0	0	4	1062	0	0	0	0	0	13	542	0	0	0	0	18	0	0	283	0	208	0	14	2	0	60	0	10	0	0	2	19	1	0	0	24	0	0	0	0	4	0	3	0	7	553	26	551	7	61	170	0	5	37	0	0	11	34	0	0	0	0	0	234	22	0	0	13	0	14	2	2	0	0	0	0	0	0	0	0	0	0	0	0	0	0	0	0	0	2	50	3	3	0	0	0	0	0	56	0	0	0	0	0	0	0	0	4	18	12	0	12	0	278	0	5	34	11	779	4	1475	0	1132	0	0	0	206	704	0	0	0	7	0	0	1	144	59	117	0	165	0	0	0	375	10	58	0	0	362	50	192	3569	0	0	527	18	0	0	0	13	188	0	0	14	22	0	0	0	22	14	4	3	0	45	53	21	0	0	5	0	0	0	0	52	745	0	138	14	19	92	407	9	119	4	0	61	346	0	0	0	2	0	270	0	2119	41	10	0	0	979	118	0	0	0	0	0	0	0	0	0	0	0	0	0	0	0	0	0	0	0	328	0	0	0	0	0	0	0	0	0	0	135	14	698	0	0	0	2	0	0	0	0	0	13	8	0	19	0	0	0	0	0	21	44	25	33	0	0	0	0	0	28	0	0	90	0	2	0	108	1	0	0	0	0	110	55	0	839	1094	0	0	0	0	0	2	0	74	754	0	0	23	0	0	759	2463	0	768	6	43	0	0	0	0	0	0	0	0	0	0	0	0	0	0	0	0	0	50	0	0	0	0	0	0	0	399	0	6	0	5	3	42	0	0	2	2	485	0	162	0	9	0	0	0	0	15	144	0	0	0	260	0	0	2	0	11	89	0	0	0	0	0	0	1	0	2	0	0	0	0	0	0	0	0	0	318	83	0	66	20	30	21	7	0	3	0	0	0	0	12	4	0	0	0	33	22	1	5	0	2	0	1	0	0	0	0	0	3	0	11	0	0	0	0	0	16	32	0	0	32	9	14	0	0	0	0	0	0	0	0	11	0	13	0	0	0	0	0	22	88	51	0	200	35	0	205	1	0	14	1348	0	0	161	5	233	230	16	732	0	0	9	0	0	0	1	0	0	270	0	0	200	90	9	0	0	0	0	0	0	9	0	4	0	7044	0	21	0	0	0	18	1	0	2	27	1	1	52	18	0	0	29	0	2	62	221	4929	4	0	0	0	0	786	0	51	0	318	70	3	0	0	0	0	0	0	0
np1132	0	0	18	0	1	10	490	22	0	0	50	6	5	14	770	0	10	3	13	0	0	3	0	19	0	3	103	144	0	32	17	37	0	71	0	0	1507	21	229	0	29	165	1775	114	219	13	0	15	3	7	210	272	621	0	0	1251	4116	0	138	1	0	0	0	0	0	0	0	81	0	0	2	30	75	0	12	0	0	0	0	4	2	0	7	0	0	0	0	30	0	0	0	47	327	59	0	100	0	0	0	0	0	0	42	48	824	107	91	39	0	3	66	0	7	5	28	0	0	690	3	0	0	0	7	4	31	25	106	34	153	30	22	0	0	0	0	0	112	0	17	0	2	1	5	0	0	0	0	2	0	8	0	1	0	0	2	0	0	23	469	1	3	0	0	0	18	31	84	0	4	0	124	0	192	0	5	0	0	652	57	0	0	0	66	142	1079	0	0	8	248	0	4	4	35	0	0	0	0	0	0	0	3	44	0	0	0	18	0	446	3	0	0	37	0	0	22	0	112	1253	33	0	7	53	0	0	0	57	3	0	0	0	334	0	17	9	11	6	0	0	0	0	17	300	12	15	30	35	30	34	0	461	0	0	9104	0	1	0	26	861	0	5	151	1	12	5	0	0	52	0	0	0	0	0	0	0	0	0	0	0	0	0	0	0	0	0	0	28	17	0	29	19	0	0	0	0	1	723	17	0	0	89	0	46	0	8	46	44	45	21	0	0	0	12	0	10	0	0	0	101	0	26	2	41	158	0	0	22	71	0	92	0	10	0	0	0	0	52	0	159	0	0	0	0	0	0	1	44	0	0	0	0	16	3	0	0	0	6	0	16	0	0	16	0	0	0	0	0	0	0	0	0	0	0	0	0	0	0	0	0	523	0	0	0	0	56	0	0	3	17428	0	0	15	0	0	0	0	0	2	15	0	15	4	0	51	0	89	13	42	8	0	0	0	131	285	2	0	0	0	0	0	4	26	0	0	15	0	0	0	6	0	26	92	9	5209	81	4313	15	37	10	0	16	2	19	0	255	21	11	0	6	65	31	38	0	4	592	28	0	0	0	0	871	215	22600	0	0	0	6	0	40	89	0	0	0	0	3	0	0	0	0	41	0	1	5	17	0	0	111	30	122	0	0	101	0	0	0	2	0	0	58	22	0	0	0	0	0	13296	0	8351	60	11436	261	0	21065	2372	1665	105	454	532	0	0	0	544	132	36	98	0	0	0	11	9	0	0	0	0	88	64	0	130	184	15	0	44	0	0	24	146	0	0	0	0	0	780	16	2	2	5	1	5	24	5	0	3	0	9	4	14	0	35	0	53	4	0	0	0	0	0	2	0	0	0	0	0	0	8	20	0	0	0	0	0	0	0
np1133	0	0	0	0	30	0	0	0	100	0	402	64	0	15	7054	5	5	3	9	26	42	15	2	29	0	2	1	2	0	0	0	17	0	0	0	0	21	0	0	0	1	6	57	6	0	197	0	58	30	26	4	0	54	0	0	0	5186	0	5	6	218	0	5	0	0	0	5	4177	0	0	3	0	262	1	0	61	0	27	0	10	17	6	177	0	0	0	0	2	86	8	0	0	159	0	0	29	0	65	0	49	2	20	462	28	134	47	94	162	0	40	322	0	0	8	38	3	0	14	10	0	57	10	0	0	0	0	15	18	19	2	0	1	0	0	119	0	0	0	0	49	0	2	18	2	3	0	3	10	41	35	0	8	7	0	10	64	0	0	0	0	0	0	0	0	26	53	1	0	0	0	622	0	47	9	28	14	7	1219	0	255	0	0	0	33	1688	0	0	0	0	0	0	26	1206	532	21	28	4	0	0	0	13	479	468	14	0	85	20	79	19	13	0	6	1705	0	802	0	13	733	8	2	3750	1444	261	0	0	252	215	0	0	6	33	44	172	0	69	44	0	0	0	0	21	624	0	117	24	11	41	303	15	125	21	0	23	47	0	0	17	146	21	274	0	0	14	6	0	0	24	141	0	0	0	0	0	0	0	45	0	0	0	0	0	0	0	0	0	0	0	81	0	0	0	0	0	0	0	0	0	0	26	25	177	0	0	0	4	14	0	0	5	58	281	361	0	312	0	0	0	0	12	67	199	57	97	33	0	0	0	0	0	0	0	88	0	55	0	76	1	0	0	0	0	628	90	0	1265	920	0	0	0	0	0	0	0	17	494	0	0	26	0	0	1812	4057	0	948	0	91	0	0	0	0	0	0	0	0	0	0	0	0	0	0	0	0	0	125	286	131	4	171	0	0	57	0	0	374	0	1206	513	72	23	18	35	0	586	0	1040	4	23	7	6	76	23	96	757	3	0	39	325	1	0	20	7	7	0	0	0	0	0	0	0	0	0	2	0	0	10	19	42	22	0	42	6	99	11	0	371	59	151	17	9	0	89	35	50	457	0	263	76	0	109	0	490	314	10	43	28	43	0	34	50	0	0	0	76	175	1	360	41	39	0	2	0	15	44	0	0	36	12	19	0	0	0	0	0	0	0	0	14	0	17	0	0	72	0	0	490	926	147	6	1393	1055	0	1280	23	0	180	2460	50	0	56	33	470	778	0	1725	0	0	0	68	12	0	0	0	0	87	0	0	95	38	6	0	0	0	2	0	0	0	0	0	0	483	0	0	0	45	22	111	14	17	18	145	3	38	387	116	7	0	296	0	60	28	369	3084	10	62	3	43	0	70	0	0	13	0	6	33	0	0	0	0	1	0	0
np1134	0	0	52	0	85	0	8	7	0	0	148	117	0	21	478	0	2	0	36	60	6	2	8	29	0	10	29	0	0	3	4	30	0	23	0	0	243	7	33	0	8	98	506	278	7	1014	0	29	214	11	159	18	126	0	0	1839	4949	0	18	22	0	0	0	0	0	0	0	416	0	0	0	2167	505	0	3	0	0	0	0	18	2	10	37	0	0	0	0	0	0	0	0	11	486	63	0	312	0	0	0	0	8	0	285	19	645	241	155	96	0	81	569	30	106	0	29	10	0	3622	528	0	0	0	6	264	0	34	167	345	677	0	0	0	0	0	70	46	15	0	118	0	0	15	49	0	0	0	0	0	0	32	0	0	1318	0	1237	0	11	41	38	2	11	20	10	0	71	77	12	0	0	0	189	0	64	0	74	2	0	918	72	3	0	0	58	48	1162	0	0	8	0	0	0	14	12	0	0	16	0	0	0	0	0	646	171	0	0	78	14	1152	4	5	1	57	0	0	164	0	25	637	23	0	917	236	0	0	0	302	0	0	1	0	228	0	73	76	45	19	0	0	0	0	0	61	12	34	10	8	4	100	28	264	0	0	229	7	0	0	13	540	0	33	14	0	22	5	0	0	28	0	0	0	0	0	0	0	0	0	0	0	0	0	0	0	0	0	0	3	4	0	5	3	2	0	0	0	0	99	112	0	0	152	27	35	4	19	0	11	24	0	0	0	0	3	0	8	0	0	0	38	0	0	0	0	96	0	0	55	97	0	211	0	0	0	0	0	0	83	0	290	0	0	0	0	0	0	0	17	0	0	0	0	6	0	0	0	0	1	0	0	0	0	7	0	0	0	0	0	0	0	0	0	0	0	0	0	0	0	0	0	424	0	0	0	0	198	68	49	8	693	0	0	716	0	0	0	0	32	0	67	0	86	0	10	787	42	277	17	67	35	0	0	0	170	409	36	0	0	0	0	0	8	67	3	0	15	0	0	0	14	0	0	0	7	34	6	11	159	10	3	0	24	8	180	7	723	205	42	35	4	13	0	248	0	0	213	7	0	0	0	0	1672	438	3000	0	0	0	22	0	149	249	0	0	0	0	0	0	0	0	0	79	0	0	6	40	0	0	27	0	35	0	0	27	0	0	0	0	0	2	50	101	0	0	20	0	0	4313	0	1289	90	1989	294	0	7868	443	1852	270	1905	2812	0	0	0	2710	251	44	245	0	3	3	36	199	0	0	0	0	514	0	0	82	60	37	52	0	0	0	0	3	0	127	0	0	32	1365	43	0	100	61	0	30	84	0	6	0	0	31	33	124	0	277	0	0	0	0	0	0	0	0	51	0	0	75	0	10	0	0	166	0	0	0	0	1	0	0
np1135	0	0	0	0	7	0	0	0	0	0	984	12	0	0	1037	0	28	0	19	19	9	4	23	4	8	2	6	0	0	0	0	37	65	0	0	0	506	0	19	0	0	1262	857	7	0	1757	11	18	151	35	8	8	33	5	0	0	15	0	79	0	0	0	0	0	0	0	0	159	0	0	0	53	148	8	0	0	57	0	12	0	235	211	199	0	11	0	0	90	0	0	0	0	358	37	4	29	84	30	0	0	6	4	162	6	130	44	101	51	0	14	66	0	0	4	11	0	0	1	118	0	0	273	4	0	10	11	22	57	160	0	0	0	0	0	0	0	0	0	12	2	0	0	7	0	27	0	0	0	0	8	0	0	0	0	0	118	0	0	35	8	0	0	0	0	4	0	24	0	0	511	1413	17	66	0	283	0	156	1666	0	0	0	0	36	405	1012	0	0	0	27	14	0	455	4	0	0	2	0	0	0	0	0	120	46	0	119	97	127	189	1	18	0	7	35	0	158	0	0	1323	0	10	2513	571	0	0	0	313	0	3	0	1	0	0	43	0	0	0	0	0	0	0	4	427	13	26	3	4	223	16	5	102	0	19	480	114	4	0	26	28	43	1422	70	96	2	3	0	0	42	0	0	0	0	0	0	0	0	0	0	0	24	0	0	0	0	347	376	0	0	0	0	0	0	0	0	0	0	0	0	0	0	26	53	0	3	2	0	1	3	0	0	0	200	0	0	1150	0	0	0	82	0	23	232	10	374	0	0	0	0	0	0	0	0	0	0	0	0	0	0	0	0	0	0	0	0	0	0	2	0	0	0	0	0	0	0	0	0	0	0	0	0	0	0	1	0	0	0	0	0	0	0	0	0	0	0	0	0	0	60	0	0	0	0	0	462	6	0	0	1	16	0	0	0	32	0	0	0	0	406	11	0	43	0	0	251	0	148	4	66	14	0	6	0	0	820	110	0	1	0	7	0	3	2	13	133	0	0	683	5	2	0	0	0	29	0	0	0	8	0	134	0	19	0	89	5	265	110	149	252	9	21	0	106	0	0	21	0	5	279	0	0	0	405	479	73	0	0	23	0	13	98	0	0	71	0	290	115	234	109	0	25	12	0	14	21	0	0	503	42	65	0	443	2	10	224	96	71	0	0	0	14	0	35	225	0	26	3084	213	623	100	1083	71	0	2493	35	803	83	481	147	61	0	0	177	110	107	43	0	0	0	22	0	52	324	0	0	652	0	0	125	38	6	0	15	0	0	0	0	124	0	0	0	0	0	1	0	11	7	0	0	0	11	0	45	0	51	55	3	0	233	0	41	0	0	0	0	0	0	0	0	91	0	12	163	0	11	9	9	12	0	0	33	0	0
