feature	Acidaminococcus	Agathobacter	Akkermansia	Alistipes	Allisonella	Anaeroplasma	Anaerostipes	Asteroleplasma	Bacillus	Bacteroidales_RF16_group	Bacteroides	Barnesiella	Bifidobacterium	Bilophila	Blautia	Butyricicoccus	Butyricimonas	Butyrivibrio	CAG.352	CAG.873	Catenibacterium	Christensenellaceae_R.7_group	Citrobacter	Clostridia_UCG.014	Clostridia_vadinBB60_group	Clostridium_sensu_stricto_1	Colidextribacter	Collinsella	Coprobacter	Coprococcus	Defluviitaleaceae_UCG.011	Desulfovibrio	Dialister	Dorea	Enterobacter	Enterococcus	Erysipelatoclostridiaceae	Erysipelotrichaceae_UCG.003	Escherichia.Shigella	Faecalibacterium	Family_XIII_AD3011_group	Family_XIII_UCG.001	Flavonifractor	Fournierella	Fusicatenibacter	Holdemanella	Incertae_Sedis	Intestinibacter	Intestinimonas	Izemoplasmatales	Klebsiella	Lachnoclostridium	Lachnospira	Lachnospiraceae_FCS020_group	Lachnospiraceae_ND3007_group	Lachnospiraceae_NK4A136_group	Lachnospiraceae_UCG.004	Lachnospiraceae_UCG.010	Lactobacillus	Lactococcus	Marvinbryantia	Megasphaera	Methanobrevibacter	Monoglobus	Muribaculaceae	NK4A214_group	Negativibacillus	Odoribacter	Oscillibacter	Oscillospira	Parabacteroides	Paraprevotella	Parasutterella	Phascolarctobacterium	Prevotella	Prevotellaceae_NK3B31_group	RF39	Rikenellaceae_RC9_gut_group	Romboutsia	Roseburia	Ruminococcus	Slackia	Streptococcus	Subdoligranulum	Succinivibrio	Sutterella	Terrisporobacter	Turicibacter	Tyzzerella	UCG.002	UCG.003	UCG.004	UCG.005	UCG.010	Weissella	X.Eubacterium._coprostanoligenes_group	X.Eubacterium._eligens_group	X.Eubacterium._hallii_group	X.Eubacterium._ruminantium_group	X.Eubacterium._siraeum_group	X.Eubacterium._ventriosum_group	X.Eubacterium._xylanophilum_group	X.Ruminococcus._gauvreauii_group	X.Ruminococcus._torques_group	uncultured	vadinBE97
np0001	33	3687	33	2031	27	0	87	98	6	0	22945	22	95	0	3225	39	8	13	1592	123	26	107	0	402	79	27	15	502	6	502	12	15	147	2228	1	7	78	126	28	3134	0	14	6	43	36	12	11	6	17	34	33	251	8	8	51	516	27	67	3	9	9	6	389	14	1280	38	3	16	36	9	797	269	350	966	955	0	31	534	61	1096	156	3	0	1343	426	1453	2	4	0	1051	643	9	100	81	0	43	160	77	24	14	42	51	39	60	186	0
np0002	56	1013	0	5552	7	0	20	0	0	0	18724	761	145	31	892	10	32	0	225	3	0	154	131	332	138	60	51	359	19	1108	0	90	316	767	0	12	0	10	182	673	222	20	0	0	1077	0	115	21	19	0	1728	509	10	14	24	836	99	159	3	12	7	0	12	3	22	64	220	27	27	15	4004	263	40	453	1406	71	34	16	52	18	690	4	0	225	0	2310	3	9	0	8590	4417	0	60	62	7	5	4	20	0	12	0	5	32	15	1070	0
np0003	12	1290	118	682	22	98	60	63	3	0	16944	42	86	2	904	23	4	55	250	161	30	156	0	579	50	20	9	208	9	1136	11	20	185	1276	0	0	16	20	22	2653	0	4	5	26	45	31	7	7	4	12	1	149	24	8	71	418	71	23	0	0	15	3	13	14	1516	54	2	25	18	11	642	964	148	845	2570	0	9	232	17	1515	434	1	2	277	156	705	5	10	0	904	811	3	148	49	0	103	204	128	30	22	5	158	73	32	127	0
np0004	0	195	13	639	7	0	38	11	0	0	6616	18	30	8	1016	0	2	24	4999	0	0	323	8	197	2	5	13	40	5	361	0	10	57	394	0	12	234	0	10	1856	0	0	0	78	12	0	2	13	0	0	18	81	63	6	82	484	35	17	14	12	11	0	40	47	220	172	0	33	8	6	348	2179	111	82	5318	274	0	0	3	450	868	0	0	682	0	58	0	0	4	669	89	0	111	246	1	23	364	93	0	49	0	242	16	11	191	0
np0005	177	3385	28	3987	96	4	1474	37	3	0	52177	91	3487	33	8797	222	0	65	50	0	671	611	0	8532	68	85	184	699	0	2241	0	0	479	4169	0	1160	0	59	17	20120	47	0	6	287	209	304	4	32	4	0	219	1624	21	16	4611	1246	226	82	260	1247	605	0	49	6	12569	728	12	12	80	151	1483	885	841	2821	34882	0	32	0	210	493	1805	9	12	672	33	3195	13	12	2	3384	2093	0	1212	48	51	39	190	393	180	28	1	31	393	21	441	0
np0006	0	79	0	385	18	1	48	30	16	0	11019	40	102	7	707	12	0	0	10	0	40	65	0	24	2	19	20	41	0	842	0	376	254	340	0	53	0	23	27	442	10	0	36	0	28	0	3	6	1	0	0	220	248	0	88	971	35	83	80	0	7	0	0	53	184	112	0	15	5	1	146	438	189	49	27	219	0	375	9	20	402	0	0	182	0	618	4	0	7	764	401	2	33	3	0	69	16	142	16	5	4	124	25	2	461	0
np0008	0	1117	1092	13391	52	0	585	3125	84	0	43237	212	23095	100	9239	40	54	14	2747	0	175	3425	479	9662	306	152	506	5243	47	7271	114	0	2137	5821	569	418	3591	103	320	26671	0	32	1	0	1085	610	22	7	2	0	1826	2000	363	89	2845	1293	204	416	76	7	195	0	3896	265	4396	797	15	175	10	48	814	15979	1109	835	14346	0	800	13184	893	1908	7276	11	19	5700	0	663	6	109	47	11262	917	243	2798	233	0	25	7523	1050	0	38	0	1318	567	120	5368	470
np0009	1037	784	5	99	102	0	9	9	14	0	16909	16	402	3	2362	30	0	1	23	0	0	116	13	4370	27	8	50	937	0	1558	3	10	691	1172	20	18	0	4	248	3902	0	24	0	0	176	0	2	0	0	0	199	663	160	2	665	6570	64	0	7	0	71	0	10	99	62	286	0	6	1	1	56	135	134	459	21451	647	11	4625	9	123	2625	0	0	2277	0	1113	0	4	0	1800	726	0	262	25	2	2	504	133	0	2	0	486	33	34	63	0
np0011	0	141	0	127	0	0	2816	3	0	0	2731	13	43	6	4778	0	0	3	8118	0	9	457	0	81	0	4	0	203	0	968	0	2	24	493	0	0	20	3	0	685	0	0	0	40	45	0	1	9	0	0	1	30	5	6	78	250	12	0	30	0	13	0	31	129	91	54	2	5	0	0	111	461	40	49	2493	82	0	0	0	74	491	0	2	413	0	19	0	0	384	312	16	0	30	27	4	11	99	33	0	10	0	60	16	8	64	0
np0012	0	120	1016	6424	2	0	82	324	0	0	14317	158	407	46	1008	19	23	45	621	0	11	996	5	2664	104	15	46	398	9	1430	79	0	548	1087	2	0	397	15	126	3352	0	0	2	0	104	124	10	3	9	10	89	121	162	18	241	481	43	21	0	0	36	0	348	39	2444	254	0	103	22	20	731	1333	672	376	3178	0	199	4905	119	940	1295	2	22	643	0	847	4	13	14	2803	971	32	406	111	0	24	657	473	0	39	10	106	36	41	863	137
np0013	28	980	3	2012	21	3	8	40	0	0	18765	445	232	49	1124	5	36	0	57	0	0	203	204	317	13	32	41	297	10	497	5	201	816	487	0	148	0	3	80	1032	64	6	0	0	45	0	2	8	7	0	522	791	4	0	32	4770	59	297	3	0	11	0	74	9	67	106	405	36	18	83	549	30	7	266	4303	545	55	0	27	36	3517	5	0	152	0	890	3	4	4	5928	1324	0	226	33	19	0	292	32	0	4	0	445	116	5	1498	7
np0014	10	3242	81	2478	29	358	134	65	43	14	56570	119	150	21	2735	14	18	19	1417	335	65	483	0	3256	247	56	49	138	48	2177	180	70	514	2357	0	5	123	24	20	4465	0	5	6	155	200	84	27	13	4	6	1	292	116	25	619	2645	73	41	0	0	33	0	27	20	3881	384	0	122	26	17	1710	2778	245	1054	13633	0	75	1143	76	1469	1457	0	6	920	637	1957	5	12	5	2551	1475	16	405	298	1	129	1654	214	35	87	7	411	270	81	372	0
np0015	167	513	0	709	34	2	194	2	0	0	8642	18	112	0	577	32	0	2	7	0	85	213	0	777	23	6	43	42	2	655	0	0	156	563	0	3	0	78	0	2301	9	11	0	104	73	52	1	6	0	0	1	575	202	2	58	284	119	58	330	1	14	0	0	112	349	301	5	5	16	11	289	803	165	113	8667	0	7	0	20	0	540	0	0	207	0	1507	2	0	0	4160	1110	0	106	30	436	48	288	323	1443	548	0	294	0	3	274	0
np0016	10	590	42	629	11	5	38	98	3	1	7493	25	4435	10	314	3	6	6	65	105	10	108	0	224	47	9	9	1424	0	310	7	14	613	1732	6	5	30	9	18	2937	0	2	2	17	15	6	3	3	4	13	28	125	25	1	28	250	23	16	0	0	1	0	356	7	866	41	0	12	6	4	272	193	92	502	3635	0	13	393	46	1263	1869	0	0	372	244	497	0	0	6	598	383	2	57	56	0	23	100	27	7	10	7	25	27	14	71	0
np0017	0	833	0	1304	0	0	1	0	2	0	43454	20	262	0	1783	28	0	0	0	0	0	0	0	0	0	5	4	0	0	37	0	0	6	119	0	155	0	0	6	63	0	0	0	0	14	0	0	0	0	0	10	225	25	0	0	42	5	0	7	0	0	0	0	7	0	9	0	8	31	0	1141	0	6	3	0	0	0	0	2	26	43	0	31	38	0	0	0	0	0	14	1	2	5	4	0	8	4	122	0	2	0	0	0	2	0	0
np0018	99	151	157	2768	50	0	25	12	11	24	15477	83	126	15	259	18	30	4	57	478	26	86	10	785	98	45	32	74	13	568	4	1950	77	666	0	117	10	31	339	3169	26	6	14	17	36	27	0	4	41	16	86	793	23	5	21	40	346	224	0	1	1	26	94	8	817	92	71	114	47	19	1048	44	452	769	620	0	228	2151	32	75	145	13	0	127	5	1275	3	9	3	4214	3052	2	96	103	0	112	31	31	55	34	4	19	22	31	960	10
np0021	0	914	17	376	0	0	5	0	0	0	36204	70	1014	0	3851	0	0	2	338	0	0	380	170	917	231	50	57	26	0	675	2	0	95	1236	286	0	518	7	20	305	0	6	0	67	366	16	5	11	2	0	0	874	1	2	630	135	39	96	20	1464	91	0	145	3	587	176	6	17	23	82	344	4	208	2399	17082	0	35	1964	77	8	29	6	4	532	0	412	0	28	4	6351	662	59	202	150	0	0	67	353	0	9	0	3	21	4	1104	0
np0022	8	1167	39	293	6	30	25	55	0	1	6830	26	32	3	524	5	5	38	125	59	4	57	2	244	29	11	6	55	6	793	1	4	102	496	0	0	3	3	12	1357	1	4	0	27	30	0	3	4	3	5	0	55	10	4	17	257	24	0	0	0	6	0	0	6	573	13	0	9	9	4	255	279	34	205	1433	0	3	112	7	763	125	0	0	97	34	244	0	2	0	528	457	0	42	26	0	49	54	76	21	26	5	36	42	20	53	0
np0023	35	550	12	1734	26	8	73	0	0	0	30337	96	179	10	603	29	0	255	21	0	29	60	3	404	1	27	20	53	4	368	0	0	96	866	0	130	0	5	4	2298	0	0	0	43	24	11	0	2	1	0	0	254	64	1	61	647	219	0	123	0	14	0	0	21	1681	73	0	36	15	58	1405	3420	291	318	2639	0	0	0	35	413	521	0	3	168	11	1249	3	0	1	174	428	0	64	0	0	23	623	47	96	28	1	236	28	11	196	0
np0024	0	8346	125	1161	1	0	38	0	0	0	12143	432	12	31	999	3	0	0	0	0	1	171	7	198	0	15	4	146	1	491	10	0	1425	542	0	6	3	17	26	1621	0	0	0	0	8	56	13	21	7	0	27	121	4	0	12	188	11	0	1	1	2	0	7	6	0	18	5	15	4	0	735	1036	143	0	799	0	0	0	136	561	135	31	2	117	0	215	1	12	0	1193	708	0	51	0	0	23	70	194	1	1	9	27	55	136	61	0
np0025	3	32	0	468	0	0	0	19	0	0	4453	1	1	0	116	2	0	0	0	0	0	32	14	16	1	6	12	14	0	218	26	1	2322	70	2	21	0	0	7	276	8	19	0	0	0	1	2	7	4	0	42	111	0	1	6	54	22	27	5	2	3	0	7	0	300	41	0	3	0	5	40	237	0	203	1137	0	0	0	8	3670	5	0	0	35	22111	19	3	0	0	1728	586	0	23	0	0	0	8	86	0	0	0	11	0	1	115	0
np0026	7	99	1	32	0	0	2	12	0	28	4198	0	6	0	278	4	0	0	11	28	0	30	0	383	29	1	14	0	0	503	0	5	383	235	0	1	0	0	1	1619	2	3	0	5	7	2	0	0	0	0	71	83	0	1	21	122	13	0	34	0	14	0	5	0	119	69	1	0	5	15	14	7077	6	208	3583	0	1	375	0	4	27	0	0	121	91	54	1	0	0	624	406	0	140	27	24	3	1	12	0	0	0	0	65	0	102	0
np0027	643	185	9	118	25	0	11	0	5	0	12691	10	263	0	1561	9	0	5	42	0	7	153	0	1718	26	0	14	195	0	646	6	0	151	395	5	34	2	4	337	1602	0	10	0	0	187	0	0	0	1	0	451	320	135	8	147	876	84	1	8	3	49	0	2	31	98	76	0	3	2	10	100	115	56	312	14953	159	17	1779	8	165	2820	0	0	1383	0	727	2	3	0	2040	326	0	99	48	0	1	279	34	0	12	0	307	43	14	21	0
np0028	14	1015	799	4937	42	282	215	190	7	13	27508	214	429	32	1112	87	62	67	339	505	95	486	0	980	304	106	51	449	68	2542	12	211	739	2197	8	0	71	95	120	13436	1	17	5	37	217	153	37	40	11	191	37	531	230	22	239	295	363	88	0	1	15	31	143	54	2721	227	13	257	32	19	1674	2417	805	552	1702	0	63	1564	118	1005	1737	23	4	637	44	3549	16	30	19	1278	1804	16	206	172	15	357	256	327	139	104	55	125	67	241	779	0
np0029	15	335	29	1988	23	0	450	434	73	0	79317	571	246	21	19427	17	0	8	57671	0	247	3691	18	443	0	35	383	136	295	1705	0	15	141	1790	0	18	42	30	503	31885	0	4	5	129	970	0	14	58	7	0	932	3253	43	93	608	555	219	4	103	6	71	0	59	319	10322	912	5	11	138	0	1039	15200	124	363	29093	83	3	0	22	79	3755	0	0	3493	0	819	0	6	187	2340	132	0	103	237	4	7	322	96	0	78	0	2216	744	36	1115	0
np0030	12	360	15	407	13	6	11	75	0	3	5007	22	34	0	204	0	5	13	194	112	9	83	0	288	50	9	17	72	12	179	5	20	85	284	0	0	41	5	10	1411	0	12	0	34	10	9	7	1	4	28	2	65	7	0	44	409	12	25	0	0	12	0	341	0	842	31	3	15	11	5	190	213	104	711	1119	0	18	413	13	842	163	0	0	160	1143	328	3	5	0	768	451	2	75	75	0	39	91	25	19	14	0	43	26	17	83	0
np0031	1	53	0	16	3	0	0	1	0	0	513	0	20	0	111	0	0	0	0	0	0	7	0	48	1	0	6	12	0	50	0	0	6	58	0	11	0	0	0	63	0	0	0	7	2	0	0	0	0	0	0	5	0	0	19	8	0	0	12	0	1	0	1	0	50	12	0	0	0	4	2	206	4	8	632	0	0	0	0	4	43	0	0	42	0	21	0	0	0	73	35	0	13	2	0	0	3	3	1	0	0	9	0	0	8	0
np0032	79	4148	36	2791	83	13	191	11	0	0	44174	256	430	38	1020	47	2	619	46	0	47	60	3	1265	0	42	47	292	3	1188	0	0	297	1204	0	223	0	14	13	14928	0	0	13	149	62	19	5	24	1	0	0	945	103	4	142	1136	644	0	252	0	17	0	64	33	2891	249	3	119	20	79	2503	5231	595	515	4391	1	3	0	88	2080	1004	3	19	449	0	1614	10	7	1	344	423	2	117	8	0	55	314	94	573	11	39	61	45	13	414	0
np0033	69	1440	4	75	39	0	14	0	0	0	800	5	29	0	1073	0	0	0	761	0	23	96	0	250	2	6	11	105	4	235	0	1	451	527	0	0	1	0	139	1253	0	2	0	15	20	0	0	9	0	0	54	535	12	4	233	272	307	0	5	0	17	0	5	2	39	156	0	0	4	0	88	165	66	45	28091	234	0	0	3	170	2542	0	1	133	0	262	0	0	0	215	194	0	24	45	0	4	9	126	0	14	0	11	9	0	84	0
np0034	2	353	13	981	9	4	35	63	9	2	9004	4	880	34	635	4	28	4	783	50	35	77	106	295	36	14	67	128	14	406	0	14	149	482	0	0	41	7	13	1268	0	5	2	12	12	7	7	2	5	23	39	123	7	3	44	339	163	86	52	0	5	0	242	0	563	56	21	19	32	615	537	145	98	498	4428	0	8	318	22	791	107	3	0	204	205	2133	0	5	0	1318	494	0	87	42	0	20	92	100	107	9	5	31	15	25	62	0
np0035	0	875	43	4294	13	0	18	0	0	0	23853	352	255	51	580	27	0	0	0	0	0	359	4	3082	42	175	42	108	24	866	0	1415	414	585	0	1	301	15	1	3564	0	0	0	0	77	187	21	151	2	0	23	201	211	5	155	249	61	0	0	0	10	0	0	34	190	337	0	165	8	5	1107	2883	39	0	2	0	0	0	184	287	1870	5	5	399	0	213	92	40	38	1113	795	0	232	0	0	15	226	158	0	89	21	44	34	344	321	0
np0036	2	18	3	151	1	1	10	0	0	0	1945	10	71	0	76	6	0	2	3	0	0	6	0	12	0	7	2	8	0	35	0	1	8	180	0	18	0	1	23	349	0	0	19	0	0	0	0	3	0	0	0	44	100	2	8	19	13	0	18	0	0	0	0	0	16	19	4	6	0	1	50	81	15	54	59	0	0	0	5	18	98	0	0	26	0	376	1	3	1	25	21	0	11	0	0	2	24	12	24	3	0	1	2	0	37	0
np0037	36	566	19	561	14	5	10	7	0	49	7859	25	64	15	548	6	7	4	80	546	9	71	0	704	79	14	20	60	6	497	3	17	126	512	0	19	11	0	173	1401	26	15	5	31	44	9	0	6	3	4	67	55	4	4	27	365	10	125	1	0	8	25	187	0	726	52	17	11	13	1	376	127	81	599	2147	0	305	1074	16	381	159	7	0	236	771	123	1	0	0	2949	644	3	200	164	0	95	38	30	16	6	0	2	73	23	579	1
np0038	31	1666	10	2044	345	1	4088	0	0	0	3798	3	15320	82	5432	0	87	0	0	0	0	20	136	0	0	78	0	2	0	5	0	0	4	73	0	5349	0	189	3506	6867	0	0	42	1	49	0	0	28	0	0	7161	168	4	127	0	223	2578	0	133	10	66	0	0	63	0	1	0	0	121	0	0	0	6036	4	86143	0	0	0	273	159	0	0	383	3	0	1128	0	3	0	4	5	0	1	0	0	0	99	1707	0	0	28	0	0	0	2	0
np0039	0	973	326	7835	0	0	68	0	14	0	86287	818	331	12	3851	47	6	1236	24118	0	0	2990	222	2230	193	187	86	1155	0	1518	173	0	856	3365	2	39	5	22	33	4664	0	14	0	608	118	170	28	34	6	0	0	332	173	29	296	3752	84	48	2	0	46	0	19	109	646	608	2	158	29	88	994	12	494	2640	4185	0	26	117	292	10377	59	0	14	2071	0	1241	12	56	1	3132	1891	0	998	18	0	34	1959	1979	7	91	18	170	120	147	3063	18
np0040	3	401	5	91	5	1	1	6	0	2	1915	17	45	0	92	2	0	2	20	22	4	19	0	45	6	2	2	93	7	45	0	0	108	103	0	0	11	1	0	731	0	0	1	4	9	7	2	0	1	0	0	40	31	0	9	89	5	7	0	0	0	0	49	5	192	11	0	5	3	2	53	67	18	121	355	0	0	85	0	193	78	0	0	115	66	76	0	0	3	175	114	0	12	17	0	2	21	11	0	0	0	16	10	2	13	0
np0041	0	577	74	374	44	0	80	374	36	0	2795	8	5505	5	1561	0	0	0	137	0	24	382	281	1288	29	8	107	762	0	995	13	0	124	737	18	26	254	5	19	5040	0	3	0	0	117	52	0	0	3	0	71	248	88	8	610	219	21	56	179	0	30	0	498	32	456	137	5	2	4	14	71	2454	208	303	8218	0	116	3527	46	72	869	0	0	1339	0	58	1	5	0	1265	239	20	83	10	0	1	1031	276	0	0	0	200	121	0	338	7
np0042	1035	22622	391	42037	681	810	633	875	85	0	665313	1443	5182	362	30959	359	4	1185	452	1	620	4551	56	85350	659	550	953	4720	57	12405	0	45	4242	18778	0	537	0	74	837	69960	477	6	35	1694	1781	196	48	234	10	0	7938	8118	1126	135	6810	8448	748	187	25	817	1005	0	151	1001	62911	5945	199	465	710	1098	23442	130271	4571	15344	88278	0	422	1	1127	10303	27485	96	99	7243	108	19675	104	36	147	32924	10097	0	6090	768	412	160	2180	4330	1629	673	28	5991	1422	186	12721	0
np0043	0	77	14	972	0	16	12	0	19	0	10882	91	918	21	866	6	0	0	790	0	0	347	0	1941	5	25	8	110	0	1174	5	0	0	347	0	26	0	5	10	2305	0	0	0	164	23	20	5	0	0	2	13	105	12	2	179	661	32	0	7	8	14	0	28	27	0	86	3	22	5	6	331	0	253	74	2	1733	7	0	11	861	3147	0	0	944	0	0	15	25	0	541	192	0	95	0	6	12	211	260	0	4	0	14	44	7	147	0
np0045	3	1021	30	608	79	49	57	340	0	1	9846	55	106	6	523	11	7	20	347	454	22	135	0	981	74	18	44	521	17	1175	10	49	283	1013	0	0	36	24	37	3959	0	48	3	77	45	46	4	6	11	5	62	164	29	7	77	530	63	12	0	19	8	0	95	31	1602	81	2	34	13	11	729	785	327	1047	6841	0	99	1565	25	905	206	11	3	274	2081	702	1	9	1	1758	1130	8	136	97	0	87	876	118	28	22	10	109	76	22	262	0
np0047	0	14993	23	338	0	0	596	0	4	0	2166	188	7884	15	1378	3	0	0	0	0	0	69	42	324	0	35	88	796	4	1197	0	0	1571	9449	0	45	3	16	1157	8497	0	0	2	0	14	123	7	72	2	0	427	473	73	5	44	83	246	7	12	3	8	0	0	13	0	38	13	27	8	0	134	704	133	0	14365	0	0	0	236	1598	299	69	0	184	0	633	5	19	0	290	251	0	31	3	0	23	60	643	0	4	5	0	118	181	48	0
np0048	904	572	0	177	173	0	393	0	45	0	1426	10	2226	0	1724	33	0	0	33	8	1069	39	130	618	0	38	3	158	4	174	0	12	331	192	0	622	0	0	181	1913	0	0	0	21	438	85	6	14	0	0	529	107	7	12	59	146	11	0	568	1	7	1928	16	2	131	42	0	6	2	0	38	24	38	150	13378	0	3	51	53	42	176	13	0	577	117	204	3	0	0	395	126	0	42	0	40	16	11	100	2	5	0	1	104	23	59	0
np0049	30	845	47	764	42	7	40	78	0	9	14496	37	101	7	596	16	5	14	170	240	34	128	2	460	58	21	27	475	11	939	9	65	291	1102	0	0	22	5	36	3705	0	41	1	43	24	10	8	6	14	16	14	183	15	9	52	532	17	101	0	0	5	51	82	10	1918	64	7	27	18	12	604	378	188	1337	3761	0	41	691	32	1202	277	7	0	343	288	831	2	6	0	1854	677	5	280	92	0	122	148	74	26	8	8	52	64	31	236	0
np0050	0	450	123	1008	57	0	180	178	27	0	7325	39	11304	17	2211	7	3	0	325	0	49	618	582	1615	163	30	83	1605	0	1862	20	0	881	1518	59	275	1107	15	49	7521	0	9	0	0	207	133	2	1	0	0	254	826	121	16	524	239	51	96	73	0	31	0	913	58	1047	193	6	17	2	22	95	6060	275	205	8538	0	151	3646	147	46	2207	0	1	1424	0	200	2	16	0	2410	274	89	248	56	0	0	1911	704	0	4	0	307	174	23	1021	59
np0052	0	173	1024	10768	12	0	113	218	0	0	23961	191	621	89	1172	20	39	65	682	0	30	1270	41	3986	159	27	43	430	19	1762	82	2	825	1603	6	7	287	28	182	3833	0	1	2	0	119	184	28	0	13	21	85	284	224	17	267	604	71	26	17	0	43	0	319	41	3187	434	2	165	42	47	1268	2205	948	644	3503	0	386	6062	171	1283	1873	1	28	866	0	1110	6	36	21	3799	1055	26	710	170	0	46	618	765	3	51	16	90	70	56	1256	141
np0053	9	845	276	5762	35	271	168	326	0	7	31579	445	467	35	1560	72	70	51	364	2373	93	480	0	975	829	199	27	281	100	1424	22	596	508	1365	5	0	106	95	238	10401	0	5	5	75	184	129	40	48	45	83	52	311	146	26	171	444	101	87	0	5	26	0	159	65	4787	273	16	330	67	18	2899	2040	700	893	1568	0	33	2907	265	508	934	7	22	735	112	2181	35	49	8	1515	1946	25	359	470	0	377	163	320	138	237	77	41	101	113	815	2
np0054	0	6940	0	58	0	0	2	0	1	0	32408	0	5922	9	1843	125	0	0	0	0	0	0	0	2	0	195	2	1704	7	446	0	0	15	9018	0	7890	0	455	10200	1594	0	0	4	2	691	0	0	33	2	0	4687	1762	1834	10	66	3181	30	0	0	0	5	0	0	5	7	2	0	0	0	0	285	0	458	0	18	0	0	0	74	1251	2	0	8	55	0	364	0	0	110	12	81	0	0	0	0	7	0	1207	0	0	0	0	99	59	62	0
np0055	0	520	231	6052	0	0	243	0	0	0	22247	716	487	5	3129	31	13	124	3108	0	7	1753	5	3537	119	173	41	257	0	1175	33	0	577	2402	0	5	121	81	32	3974	0	3	0	187	115	524	20	63	0	0	0	133	137	24	407	478	91	18	0	0	40	0	33	11	259	323	0	368	10	9	747	19	311	994	1852	0	17	358	236	1043	120	5	27	1632	0	1737	20	111	0	1120	768	3	268	27	0	13	478	3643	5	25	6	21	104	190	1640	6
np0056	7	1205	37	762	154	52	67	177	0	4	15185	70	130	4	909	26	11	19	327	670	35	139	3	955	72	27	44	588	21	1356	16	62	348	1431	0	0	20	25	61	3587	3	64	9	98	63	25	8	4	9	4	112	369	13	11	126	929	63	75	0	27	14	0	46	23	2081	128	4	28	25	16	909	1041	325	1311	6920	0	75	1177	48	842	220	8	0	359	1957	683	2	0	2	3414	1217	5	263	100	0	116	1247	103	15	20	12	37	109	41	452	0
np0057	3	1240	0	24981	0	0	1098	0	0	0	5437	2	1490	0	2646	0	0	0	0	0	0	1	7	0	0	3	324	0	0	54	0	0	4485	1276	0	22	0	6	22	302	0	0	195	0	481	0	0	1	551	0	718	533	2629	0	97	117	446	16	420	33	0	0	0	1705	0	0	0	0	197	1236	0	0	44	0	65	0	0	0	13	394	12	0	0	1284	0	3579	0	11	1476	2	3	0	0	0	158	0	186	350	0	0	0	0	0	0	17	0
np0061	0	15	1	986	0	0	288	0	6	0	14057	167	509	11	779	6	0	0	9	0	0	791	0	256	0	0	24	133	0	416	0	0	562	246	0	25	433	0	0	349	3	0	0	0	111	0	1	2	1	0	178	145	2	0	2192	484	40	122	6	0	34	0	22	2	0	29	0	10	3	0	100	13	30	2	20	0	0	0	7	2125	472	2	0	76	0	223	0	0	0	960	786	0	6	7	23	0	60	132	0	0	0	190	15	8	14	0
np0062	81	2239	0	136	37	0	14	37	63	5	2084	0	121	6	1489	11	0	0	65	143	29	71	61	1210	345	23	13	114	1	1379	13	5	1361	2153	1	242	13	5	952	1841	7	3	0	24	39	12	2	9	0	0	352	517	11	18	780	262	84	18	3	0	79	32	24	1	1070	270	0	3	0	2	76	250	19	769	29139	0	11	241	16	97	331	0	0	816	320	90	0	4	7	1063	467	1	48	32	0	37	68	159	3	9	0	0	71	13	139	0
np0063	0	7601	533	6912	4	0	401	0	4	0	163794	1612	1197	0	17749	91	1	522	11722	0	7	5067	0	6543	481	455	194	398	0	3250	47	0	5182	4853	832	3	530	68	79	12178	0	44	3	648	523	804	46	67	8	0	0	2045	164	52	2727	1825	121	76	10	2307	156	0	98	81	1605	1427	2	470	54	173	2222	62	720	4570	9864	0	83	7729	599	5287	548	30	38	13260	0	4395	33	161	8	10391	10269	436	1221	80	0	16	720	7027	0	231	0	1128	177	177	6109	14
np0064	1048	300	3	37	29	0	868	0	14	0	146	0	1669	0	536	25	0	0	22	6	785	6	0	8	0	23	0	286	0	34	0	0	255	325	0	0	0	0	11	577	0	5	0	0	13	12	0	3	0	0	308	26	11	3	5	5	114	2	6	0	0	196	10	1	23	10	0	2	0	0	10	0	52	77	11395	0	0	0	17	0	126	9	0	170	45	126	4	0	0	10	8	0	0	1	3	2	9	99	0	0	0	0	78	5	0	0
np0065	7	370	15	755	42	3	29	53	3	0	5549	200	125	2	2764	0	3	6	68	66	7	161	88	207	20	19	146	420	0	340	6	8	84	1094	0	16	36	10	26	1541	0	7	2	10	63	30	0	8	7	16	34	220	28	3	186	278	50	35	12	0	14	4	168	11	618	88	1	27	15	3	403	126	62	731	9769	0	13	260	85	655	3431	6	0	416	190	287	0	0	0	639	713	3	51	41	1	21	64	68	14	4	0	20	31	48	71	0
np0066	4	286	18	299	12	0	13	48	0	0	3866	10	31	0	116	4	0	5	91	69	0	44	0	254	26	8	10	0	0	161	9	8	68	191	0	1	35	0	10	1029	0	7	0	10	10	6	5	3	3	24	11	44	0	4	24	273	7	25	0	0	0	2	191	0	572	34	0	0	6	0	159	146	63	487	998	0	28	272	5	654	113	0	0	98	767	232	0	0	0	585	324	0	68	48	0	23	55	23	11	0	4	26	20	7	82	0
np0067	0	427	2	196	6	0	12	0	2	0	2155	9	26	1	254	6	0	4	65	0	0	92	0	157	12	12	6	18	3	95	0	0	30	182	0	0	230	0	21	357	0	0	0	0	9	33	2	0	0	0	0	37	3	3	39	68	15	2	0	7	2	0	3	0	29	38	0	32	8	0	131	39	0	26	145	0	0	0	43	160	262	0	0	52	0	311	0	9	3	213	131	0	29	2	0	2	86	220	0	0	0	0	4	8	21	0
np0068	94	1199	0	175	112	0	24	0	0	0	3345	0	140	1	238	7	0	0	12	0	118	107	0	4	0	30	9	329	0	237	0	0	256	351	0	0	0	0	208	845	0	0	0	0	27	76	6	13	0	0	9	169	12	5	30	1241	0	0	0	0	13	0	5	0	0	316	0	15	0	0	222	0	97	0	4739	0	0	0	27	662	50	14	20	269	0	75	8	50	0	945	213	0	144	0	3	19	8	174	15	0	0	1	61	26	116	0
np0069	2	1383	102	526	17	0	79	0	23	0	8062	43	390	0	3736	15	0	1	0	0	0	5	6	0	0	11	170	1081	0	81	0	0	0	3253	0	31	0	12	99	1521	0	0	20	0	3	0	5	0	0	0	271	468	1	0	28	2	6	0	0	3	0	0	1	6	0	0	0	30	49	0	622	0	556	1573	0	0	0	0	5	14	410	0	0	291	0	490	0	0	385	0	150	0	1	0	25	13	3	41	0	0	5	0	21	0	9	0
np0070	0	11038	18	2359	0	0	118	0	1	0	38849	622	48	61	2847	6	0	0	0	0	0	931	0	419	17	38	30	364	31	4118	84	0	451	2275	0	21	232	69	89	6940	0	0	8	0	51	212	101	52	7	0	307	271	197	16	456	625	65	2	0	1	51	0	55	7	0	25	104	26	15	8	1405	1840	53	15	7963	0	0	0	271	8553	756	54	6	219	0	1127	2	29	0	4434	563	0	481	12	0	38	317	625	4	7	7	61	388	173	177	0
np0071	0	32	10	51	0	0	1086	0	0	0	506	17	29863	6	1218	2	0	0	0	0	0	1	0	0	0	0	1	1198	0	33	0	0	305	4	0	20	0	23	5	46	0	0	9	0	0	0	2	0	3	0	9	99	85	0	0	9	5	0	20629	0	1	0	0	8	0	16	0	10	37	0	19	0	11	0	2	0	0	0	88	417	37	28	0	38	0	0	0	11	0	15	23	0	3	0	0	10	6	210	0	5	0	3	1	2	2	0
np0072	4603	1220	219	2022	0	0	134	0	256	0	35474	798	5580	60	3519	103	0	0	0	0	0	37	80	0	0	130	15	901	0	376	0	0	0	2693	1	162	0	0	242	8294	0	0	2	0	539	0	19	30	9	0	1873	84	7	0	578	60	599	11	5	20	4	0	52	49	0	0	0	14	121	8	1180	2899	78	1860	1301	0	0	0	102	78	4823	0	5	616	0	2043	64	0	20	555	3922	0	3	0	2	14	66	197	1	0	1	0	0	1	119	0
np0073	11	511	48	636	20	10	14	16	0	10	11581	29	40	10	349	7	3	46	78	180	9	115	0	183	36	18	22	162	14	574	4	96	124	758	2	0	8	0	37	1753	3	10	0	56	9	8	5	1	5	4	6	115	6	3	30	543	13	29	0	3	9	40	45	3	1940	77	3	19	19	7	458	192	166	1045	1106	0	19	363	23	1563	149	3	0	226	89	243	0	8	0	1820	354	0	226	43	0	55	106	55	24	22	3	110	24	14	159	0
np0074	29	405	25	644	37	0	9	27	0	21	10165	53	83	6	607	11	4	8	134	782	47	79	0	507	68	16	36	60	10	789	3	54	152	701	0	55	27	9	359	2043	20	14	3	34	54	6	9	0	10	0	786	297	1	2	49	373	24	271	0	0	10	82	147	3	1042	81	12	5	13	15	1189	259	74	849	2381	0	143	1443	9	537	163	0	0	163	223	81	0	0	0	4134	645	1	213	113	0	117	70	46	12	4	0	1	72	17	993	0
np0076	30	72	0	68	19	0	29	125	3	0	8231	14	12	0	2899	5	0	0	4493	0	21	764	89	152	0	3	122	26	8	486	0	2	79	331	0	16	2	4	65	2977	2	23	0	17	124	0	1	9	3	0	271	383	2	13	31	1778	151	0	208	35	12	0	33	38	9113	29	0	1	35	0	41	1016	73	57	3307	2	0	0	2	30	204	0	0	701	0	200	0	0	23	893	56	0	0	24	3	0	39	9	0	3	0	176	147	0	218	0
np0077	3	298	13	290	23	5	14	27	0	0	4722	13	18	0	177	0	2	15	88	81	8	77	0	221	11	9	11	43	9	196	0	16	68	293	0	1	26	2	5	1276	0	10	0	20	16	5	6	0	0	11	0	46	10	0	26	339	8	24	2	0	0	0	162	0	614	39	2	8	4	4	161	159	79	495	608	0	14	309	16	743	136	0	0	126	199	278	0	0	0	739	371	2	84	34	0	35	82	23	16	9	2	44	23	12	86	0
np0079	10	1026	14	580	10	74	46	52	0	22	16837	37	84	4	831	12	5	14	178	195	26	155	0	544	102	16	22	120	7	724	13	4	78	951	0	1	39	11	7	1522	0	8	2	53	75	21	3	5	7	18	5	256	18	4	114	321	49	53	0	0	7	0	13	3	876	76	5	20	7	7	457	1457	84	187	1905	0	35	625	16	1297	232	3	0	245	1534	748	2	5	1	1393	890	11	162	142	2	109	93	163	28	26	0	158	96	27	198	0
np0080	0	1120	8	2201	222	0	86	0	82	0	112044	154	138	0	670	113	0	0	3	0	0	231	173	4	0	4	346	1393	91	4864	0	0	12	1478	12	87	0	0	866	1520	16	0	50	0	30	40	2	9	0	0	237	1947	62	0	22	514	22	0	70	0	20	0	0	14	0	25	0	14	175	22	515	639	39	825	42378	0	0	0	3	18955	139	69	14	644	1	3310	0	0	0	3071	3491	3	24	0	0	16	16	167	0	9	0	6	56	146	1119	0
np0081	584	277	9	2128	584	3	291	47	308	0	35724	67	883	22	3177	143	0	0	3	0	277	364	8	382	2	58	167	370	3	1517	0	42	715	1498	6	1156	0	5	13	976	18	30	0	192	152	15	16	23	0	0	2	840	432	16	444	1148	105	259	2830	53	128	0	36	973	5464	1094	37	17	44	0	1270	3017	1324	573	13672	0	0	0	125	0	3704	125	5	408	21	2886	6	0	67	1996	693	0	324	14	99	716	40	1768	5225	20	0	970	116	10	198	0
np0082	0	745	1	1077	0	0	809	0	10	0	7204	0	316	10	3652	26	24	0	0	0	0	0	1234	0	0	9	0	25	0	0	0	0	1	186	0	111	0	178	131	5108	0	0	1	0	17	0	0	10	0	0	289	514	7	15	0	276	6430	0	1	0	11	0	0	52	0	0	0	0	425	0	0	0	1288	3	58863	0	0	0	21	293	0	0	17	0	0	2473	0	0	3	3	0	0	0	0	0	0	4908	456	0	0	8	0	0	0	0	0
np0083	12	389	110	2156	119	90	68	61	0	3	15134	131	155	14	689	38	21	11	106	1355	31	211	3	316	181	73	49	162	29	979	21	436	252	1093	3	0	29	38	150	13044	1	10	9	47	69	76	22	8	10	26	37	390	183	4	108	169	182	113	0	0	4	0	139	40	2081	182	4	98	37	7	1119	827	431	1000	1110	0	20	1226	94	530	264	6	0	266	38	769	13	16	8	1128	956	10	198	203	0	211	262	131	80	58	37	76	44	46	496	1
np0084	2	346	5	1154	23	0	18	21	0	0	4603	253	107	1	2258	7	0	0	29	35	4	191	17	53	15	4	163	304	0	279	3	0	31	1049	0	27	9	5	20	1141	0	2	0	6	28	10	0	0	0	7	89	152	23	0	165	326	32	37	0	0	4	0	65	12	309	63	0	13	7	4	261	62	23	343	6399	0	2	109	44	549	3671	4	0	495	90	91	0	0	0	564	452	0	45	11	0	15	48	66	5	3	1	18	29	29	48	0
np0085	947	1934	377	1211	0	0	61	0	4	0	12772	643	684	28	1904	89	0	0	0	0	0	14	0	40	0	124	6	575	0	125	0	0	0	1186	0	0	0	0	48	7238	0	0	8	0	132	0	28	60	7	0	0	254	102	0	45	66	135	13	7	0	4	0	26	38	2	9	2	40	68	14	1989	596	17	304	351	0	0	11	96	382	6061	0	4	223	0	340	62	0	145	488	670	0	9	0	15	139	158	595	109	0	38	0	0	0	41	0
np0089	26	1728	3	301	34	0	7	27	0	0	6828	28	239	4	2287	5	0	0	24	0	5	107	0	597	13	8	54	170	0	1484	0	1	217	1152	0	502	0	0	1	2745	11	0	0	64	43	3	1	6	0	0	0	344	26	11	481	135	55	0	362	1	58	0	19	77	1671	178	0	11	3	27	111	5496	53	223	21183	0	22	0	27	69	1003	7	3	1061	0	189	0	0	0	2777	1128	10	291	36	3	9	50	162	0	0	0	310	76	0	167	0
np0090	57	1997	68	1531	145	43	54	126	0	10	35656	52	77	11	695	33	9	62	322	543	18	387	9	806	198	44	48	774	24	1121	22	44	347	2017	0	0	76	7	108	9360	0	26	7	140	44	10	18	8	13	48	110	314	37	2	75	2593	55	37	0	0	15	18	106	27	3636	123	2	42	34	26	1284	1471	427	3023	5709	0	33	936	42	3201	420	19	0	1455	1407	1822	2	16	2	3253	1541	7	269	222	0	125	1089	135	43	39	9	204	93	35	310	0
np0091	0	963	0	1693	0	0	27	0	4	0	15815	707	53	37	2448	33	0	0	0	0	0	90	18	0	0	26	5	148	40	1480	0	0	454	578	0	6	0	6	10	16086	0	0	0	0	123	0	1	11	1	0	57	456	166	24	122	251	25	5	4	0	6	0	0	3	0	307	0	46	22	55	76	2	578	4	53	0	0	7	232	657	0	0	0	154	0	41	7	0	0	639	1193	0	16	0	0	64	303	380	0	26	13	118	71	344	72	0
np0092	0	2909	4	138	0	0	159	0	3	0	22046	0	2307	25	1694	32	0	0	0	0	0	5	5	3	0	44	3	1196	0	1208	0	0	59	2352	0	962	0	65	6685	982	0	0	3	0	388	0	10	39	0	0	225	1014	7	6	175	339	127	0	0	0	2	0	0	13	326	4	0	0	0	0	159	0	375	0	12	0	0	0	51	705	0	0	0	2123	0	517	0	0	15	16	594	0	3	0	0	3	6	366	0	0	0	1	49	8	10	0
np0093	40	836	161	563	31	93	68	65	0	0	11445	27	70	9	481	23	7	30	321	66	14	170	0	382	48	24	19	87	8	521	6	11	93	676	2	1	5	28	18	1758	0	6	4	16	59	50	9	18	5	7	1	242	65	2	50	238	154	22	0	1	4	7	29	15	549	55	1	35	19	10	369	640	183	364	2339	0	3	175	29	771	311	2	3	219	296	1484	4	12	4	827	749	0	77	56	0	71	187	96	49	21	10	185	40	38	125	0
np0094	22	1456	50	510	0	75	41	10	0	1	9994	25	39	8	581	0	0	24	593	60	0	120	0	1167	8	25	14	58	7	615	12	15	245	594	0	0	5	7	10	1443	1	3	2	35	42	11	10	6	2	1	280	88	42	8	66	640	40	4	0	0	6	5	16	6	699	86	0	28	0	3	377	457	70	314	9905	0	9	181	23	1131	940	0	0	280	435	447	0	0	0	650	511	2	105	43	0	43	257	87	22	13	7	97	82	24	56	0
np0095	77	465	635	6865	102	0	128	30	0	33	22976	266	350	44	828	49	29	23	165	473	99	332	10	906	313	113	36	202	67	908	2	3100	229	1441	3	9	28	99	347	12653	5	32	14	50	154	98	27	21	41	129	51	607	89	17	91	218	383	235	1	2	14	49	383	19	2212	270	26	237	79	22	2588	255	994	908	443	0	83	2268	131	354	512	0	7	370	14	2144	17	26	0	2438	3320	3	315	276	0	374	90	150	224	96	43	32	55	131	907	23
np0096	0	2406	58	781	50	81	64	276	0	1	14450	82	113	5	639	6	6	59	327	336	37	128	0	837	52	31	25	252	13	1578	8	41	404	931	1	0	10	23	31	3431	0	12	1	63	48	35	9	4	0	9	63	184	44	6	69	626	52	3	1	18	12	0	49	12	1638	71	0	34	17	10	949	1090	245	897	5041	0	11	761	38	1579	261	6	3	223	2693	791	6	3	0	1120	1239	2	214	83	0	74	87	152	45	19	16	115	73	29	195	0
np0097	0	44	0	7	19	0	402	0	0	0	55	0	148	0	1472	0	0	0	961	0	2	6	5	1	0	9	0	99	0	1021	0	0	52	75	0	17	0	4	29	72	0	0	0	2	8	0	0	14	0	0	4	13	10	1	20	11	1	0	30	0	3	0	3	72	4	7	0	0	0	0	2	0	0	1	27603	1	0	0	5	1	31	0	0	37	1	3	0	0	180	17	0	0	1	2	30	2	25	6	3	0	1	5	3	7	7	0
np0098	60	1497	111	509	56	147	89	154	0	0	12084	47	94	8	894	13	9	21	484	100	31	298	0	974	83	16	43	167	11	745	3	19	168	1743	0	0	22	22	9	7658	0	6	11	42	77	51	18	10	6	20	0	315	80	7	113	277	247	13	0	0	13	9	27	21	694	105	2	42	30	13	447	1122	234	485	2696	0	5	344	25	923	639	5	2	550	472	2154	2	5	5	1267	881	5	156	71	0	82	280	467	37	58	9	138	66	35	122	0
np0099	45	314	35	1206	35	0	20	12	0	245	16177	37	65	13	815	13	3	3	118	782	34	108	0	1043	106	33	61	120	23	704	0	125	332	1055	0	63	48	21	206	2016	40	22	2	49	112	17	5	8	7	2	529	628	2	10	182	701	36	137	0	6	12	199	147	9	2387	87	40	19	14	3	1289	155	177	1554	3807	0	231	2120	34	696	123	15	1	460	752	520	12	7	0	7180	592	2	451	171	0	150	21	64	23	26	1	0	67	10	978	11
np0100	0	36	27	554	0	0	18	114	3	0	961	11	140	6	217	1	6	1	86	0	7	111	0	236	1	3	4	98	4	225	2	0	49	158	0	1	89	6	8	394	0	0	0	0	32	17	2	0	0	3	0	7	7	4	91	42	3	0	1	0	11	0	78	4	125	37	0	7	2	0	35	39	20	17	347	0	9	261	21	87	188	1	0	129	0	30	0	5	2	99	16	6	56	10	0	0	51	80	0	0	0	7	8	6	174	34
np0101	138	215	57	1355	29	381	203	4	2	0	17270	114	589	5	1841	24	0	103	3694	0	19	296	0	643	22	19	21	322	3	814	8	2	123	1728	6	2	7	23	11	2533	0	3	0	0	229	18	4	0	2	0	7	140	167	20	148	752	240	8	0	0	34	0	3	48	269	113	0	54	5	10	395	234	75	701	1724	219	9	613	19	1841	6888	2	1	760	0	1230	0	22	0	605	1195	0	79	43	0	25	273	2170	9	30	3	53	44	54	71	1
np0102	0	411	17	1386	90	0	341	0	15	0	106090	357	330	0	1150	102	0	1	0	0	0	133	0	5	0	4	18	1543	2021	1498	0	0	7	411	0	0	0	3	459	1462	0	0	0	0	34	125	4	4	1	0	3	637	80	1	0	23	6	0	49	0	0	0	0	13	0	19	0	31	21	0	1051	2884	35	2333	2280	0	2	0	5	939	78	21	4	334	0	3245	1	0	0	92	631	3	13	0	0	22	11	70	0	3	2	5	20	598	386	0
np0103	3	356	14	343	17	0	14	39	2	0	6213	18	29	0	186	0	10	10	93	106	11	60	0	275	48	8	12	49	7	186	6	16	78	231	0	0	34	0	12	1458	0	5	0	17	14	7	8	1	6	23	0	64	6	0	34	391	11	29	0	0	0	4	215	0	939	21	0	10	9	7	229	230	76	681	735	1	15	389	18	883	134	0	0	149	281	275	4	0	0	785	337	4	98	54	0	22	80	37	19	7	0	40	20	5	109	0
np0104	0	419	22	839	17	0	64	11	0	0	7200	68	20	8	907	7	0	77	2474	0	19	60	7	263	5	10	39	56	15	892	0	4	315	1141	0	8	238	6	8	1616	0	1	3	25	23	0	3	17	0	0	17	150	57	9	90	827	57	0	4	9	7	0	5	5	98	206	1	70	7	6	743	1604	80	71	9933	197	0	0	8	1189	2860	0	0	228	0	126	0	0	1	423	196	0	40	104	0	39	267	314	7	62	0	56	15	24	166	0
np0106	41	955	90	1114	20	89	28	318	0	160	18961	54	54	8	797	18	6	22	378	685	11	267	0	1396	820	23	53	189	12	558	21	107	105	1029	1	21	78	8	46	3538	5	9	0	39	56	19	12	13	2	13	56	454	53	10	59	384	50	96	0	1	4	18	14	4	2548	64	10	39	9	10	559	395	121	543	6861	0	271	1184	23	1311	314	10	3	363	1269	2368	1	6	0	4143	1961	8	186	436	0	98	145	55	37	50	3	46	65	27	644	11
np0107	0	23	3	1948	0	0	132	0	0	0	13537	211	57	9	586	5	0	0	0	0	0	426	0	48	0	8	7	80	0	577	2	0	646	416	0	33	8	8	6	955	0	0	0	0	64	0	4	1	1	0	16	56	22	5	179	759	11	6	8	0	25	0	3	15	0	87	0	25	0	0	338	0	20	10	9	0	0	0	14	1811	532	6	0	67	0	118	6	6	0	1116	401	0	38	10	17	0	122	104	0	6	0	391	34	27	19	0
np0108	0	199	877	11941	11	0	126	462	0	0	30052	245	638	80	1684	30	56	35	899	0	28	1404	5	3624	219	30	68	587	21	2582	166	0	901	1877	1	13	568	32	188	4177	2	3	3	1	186	222	33	4	12	16	26	272	254	20	378	729	119	35	3	2	70	0	231	53	4057	461	0	146	37	44	1402	3432	1087	734	4289	0	355	6309	225	1420	2327	7	17	1211	0	1408	3	21	29	3420	1174	52	737	152	0	39	873	751	0	75	10	110	88	83	1440	168
np0109	25	337	13	854	37	19	8	28	0	107	11366	26	38	13	287	3	7	11	82	724	7	69	32	602	163	4	22	99	7	501	1	104	74	855	0	42	55	3	118	916	20	11	0	27	7	3	0	3	5	0	47	241	0	0	20	523	16	91	0	0	5	36	67	0	1283	62	27	3	10	11	654	240	100	847	1728	0	74	896	21	186	89	5	0	166	827	363	2	0	1	5093	343	0	254	137	0	125	34	26	14	10	11	7	53	13	538	28
np0110	13	1856	288	5265	16	5	313	281	14	0	28030	2279	2709	9	2020	22	40	16	172	207	31	1559	433	1764	159	44	321	761	10	2207	7	28	273	1772	0	11	2034	15	268	3623	2	19	1	449	50	16	11	9	13	16	243	370	105	27	292	2025	97	209	0	0	14	10	733	13	1634	98	2	83	50	29	1974	356	242	2262	1365	1	29	749	126	1440	315	100	0	3482	504	8407	0	3	0	2326	6555	7	315	112	2	77	295	81	24	40	9	86	181	139	218	0
np0111	18	1022	60	1178	44	14	30	136	9	0	16169	69	104	0	581	20	5	35	282	283	31	236	0	842	126	28	45	170	17	570	17	25	198	805	0	0	132	13	26	3872	0	17	5	48	36	26	10	9	15	59	7	123	27	12	94	952	42	64	0	0	0	12	830	15	2523	73	0	31	32	16	584	587	305	1703	2168	0	45	993	54	2459	454	0	0	424	816	906	7	9	0	2080	1242	13	229	178	0	118	218	72	47	31	11	114	62	18	301	0
np0112	4	221	57	1452	132	90	38	39	0	47	18103	92	130	14	564	22	9	0	68	989	27	182	4	266	107	40	62	292	32	756	37	456	182	830	0	3	19	10	98	11677	4	86	7	50	34	39	5	11	18	13	9	505	277	10	78	237	166	252	0	0	10	0	133	37	1813	129	7	60	30	6	855	387	474	1038	2306	0	53	1297	69	334	134	23	0	235	42	679	7	4	35	1945	1440	3	193	158	0	160	1476	92	46	17	17	20	47	28	512	2
np0113	32	1340	140	811	21	234	115	176	0	10	18235	22	109	12	1134	19	8	37	496	145	49	313	0	1038	124	12	52	185	10	1252	13	26	114	3297	0	2	32	18	8	3125	0	6	0	42	97	67	21	13	3	38	0	365	62	10	144	330	182	27	0	1	9	9	27	13	1052	122	0	24	24	12	587	895	215	443	1989	0	21	401	23	1317	566	16	0	400	255	1905	3	0	3	2769	1330	15	177	176	0	243	184	572	51	66	5	435	92	70	226	1
np0114	3	96	4	115	0	0	5	7	0	0	1942	0	12	0	46	1	0	4	14	25	3	16	0	90	7	5	4	0	3	75	2	8	20	89	1	1	10	0	0	443	0	3	0	8	0	0	0	0	0	4	0	15	1	0	12	162	8	7	0	0	0	0	77	0	252	1	0	0	0	0	64	63	37	188	203	0	2	126	0	264	46	0	0	47	91	83	0	0	0	256	129	0	29	13	0	5	27	11	4	0	0	19	12	4	33	0
np0115	6	834	23	543	0	37	66	3	1	0	8512	23	28	8	498	16	0	15	290	35	7	143	1	796	25	18	7	14	4	332	8	18	141	346	1	0	20	10	7	1123	2	2	0	9	51	13	10	6	0	0	0	79	49	4	66	393	25	3	0	0	13	6	8	6	519	97	0	20	5	0	295	211	53	174	4362	0	0	154	21	686	570	0	0	257	381	334	2	3	0	487	353	5	77	46	0	52	238	196	15	12	0	82	48	25	55	0
np0116	0	2933	208	305	40	0	39	0	7	0	9128	13	866	17	6525	14	0	0	0	0	0	28	8	0	0	0	41	552	0	2851	1	7	0	82	3	0	0	17	5	5850	0	0	0	0	6	113	2	0	0	0	16	185	12	17	34	711	30	0	10	0	17	0	0	8	0	64	0	4	2	4	587	396	1	315	4	0	0	0	10	1692	4	38	0	182	0	273	0	0	0	222	147	0	13	0	0	0	99	1452	0	1	0	0	0	114	59	0
np0117	0	869	49	3180	108	0	28	0	57	0	29674	19	326	28	1769	0	2	47	834	0	49	378	8	3596	189	28	96	564	0	1074	207	283	1518	1776	0	0	338	2	11	4414	55	7	1	22	12	18	1	1	0	0	5	173	45	9	209	4420	195	58	81	7	57	0	18	3	4825	411	2	51	3	67	435	229	1807	1341	21123	0	400	2776	53	7514	0	11	0	350	0	382	0	0	0	3977	675	32	793	16	0	10	815	64	0	0	2	58	26	27	34568	23
np0118	57	1047	117	797	38	78	68	189	0	10	20427	47	102	4	861	27	9	9	320	331	36	230	0	926	83	31	32	148	14	920	9	11	247	1692	4	13	17	20	36	3493	2	8	3	35	45	44	9	5	5	16	2	291	49	8	110	587	93	22	1	0	10	30	16	6	2119	90	4	28	16	8	634	1310	176	677	8907	0	30	421	21	1434	447	7	1	404	325	1318	2	9	5	1824	1077	8	188	102	0	168	927	173	37	41	4	249	94	34	244	1
np0119	0	111	6	22	0	0	0	0	0	0	2367	12	108	0	405	0	0	0	13	0	0	22	0	58	30	5	2	0	0	64	0	0	8	105	45	0	6	1	2	28	0	0	0	10	26	3	0	0	0	0	0	59	0	0	66	8	3	3	0	227	0	0	2	0	8	26	0	0	0	5	23	0	10	80	685	0	0	192	14	0	0	0	0	45	0	29	0	0	0	289	38	0	3	0	0	0	0	20	0	3	0	0	7	1	39	0
np0120	2	1128	275	4852	174	18	476	73	0	13	22084	288	614	30	1592	52	30	21	507	2736	305	370	10	569	296	121	37	1320	41	3828	10	1967	648	13459	15	4	39	508	134	22864	0	19	4	132	135	159	31	21	8	14	68	338	72	66	133	190	90	89	1	1	23	0	302	59	3745	376	6	169	87	10	3094	484	712	2129	1359	0	35	2340	169	1995	667	24	4	723	188	605	24	20	3	2162	1308	5	571	272	0	536	110	990	157	52	109	22	75	350	1080	4
np0121	244	770	11	431	12	333	8	123	0	0	7556	162	1691	10	710	7	11	0	7677	50	3	192	0	74	6	34	6	219	6	350	0	3	101	689	0	0	18	15	11	3378	0	4	0	49	43	5	10	17	1	0	22	48	108	9	306	560	14	5	0	4	11	0	182	25	431	183	0	16	5	1	168	730	54	206	357	0	3	184	73	605	27	0	0	2712	127	451	2	18	0	424	271	1	50	14	0	12	53	94	1	16	0	23	14	14	60	0
np0122	13	216	0	82	0	0	6	7	5	69	6950	0	23	3	488	8	0	0	31	99	0	69	18	572	84	10	14	37	3	507	2	9	374	343	0	25	11	0	2	2142	1	2	0	26	25	4	5	2	0	0	161	88	3	6	69	347	4	10	8	0	23	4	17	0	221	76	4	2	18	24	53	9278	12	476	1928	0	4	538	13	58	84	0	0	304	467	88	0	6	0	1273	567	2	390	77	4	11	18	25	0	1	0	0	94	1	174	0
np0123	29	3493	0	184	211	0	10	6	14	0	1652	11	75	7	1398	0	0	4	465	0	0	146	29	597	3	2	16	289	0	261	0	2	2718	444	0	35	9	2	144	877	0	8	0	6	4	0	0	7	3	0	633	337	2	3	57	295	92	1	20	0	8	0	30	3	74	88	0	11	4	0	157	157	180	35	29308	942	0	0	0	551	1021	0	0	347	0	30	0	0	0	207	86	0	105	115	6	0	5	79	0	21	0	11	9	6	104	0
np0124	13	891	40	937	16	241	68	33	5	1	13879	53	104	9	660	13	3	27	519	67	31	266	10	741	110	26	12	113	12	498	8	21	213	375	4	1	64	13	4	1166	2	3	4	60	50	17	3	6	3	9	54	71	46	6	105	550	12	29	0	0	11	0	20	16	1738	60	0	44	8	5	534	512	71	332	4115	0	12	464	29	1225	821	2	0	423	2972	462	2	8	6	582	601	11	46	161	0	42	201	272	36	23	1	103	46	41	120	1
np0125	724	11431	11	992	12	0	230	39	0	2829	41027	146	794	15	5488	10	2	0	23	609	5859	650	281	7580	521	127	205	315	16	2328	3	74	1270	674	0	319	8	841	140	742	63	62	0	48	657	30	6773	25	3	0	533	1548	4	12	204	1108	101	407	229	0	95	40	609	2	21577	633	74	8	62	417	4741	18	285	10873	73783	0	26	3341	77	93	201	43	0	985	43	1101	10	15	0	14327	5172	99	423	397	72	111	68	308	19	7	0	0	234	3	2091	0
np0126	18	341	83	618	14	0	10071	0	82	0	4640	104	1628	27	4303	3	2	9	2826	0	47	586	9	123	2	54	32	3202	25	805	0	10	122	947	0	58	39	15	35	4562	1	0	2	372	73	0	4	70	1	0	17	130	68	16	314	262	33	2	276	5	58	0	143	66	170	177	0	31	12	0	968	1061	443	283	9390	632	0	0	38	92	3268	2	0	1111	0	106	1	6	40	463	127	0	48	40	12	55	272	110	0	53	0	47	24	33	93	0
np0127	2224	4051	1498	1883	0	0	152	0	1	0	79460	65	166	0	1154	8	0	0	11724	0	0	493	4	0	0	224	22	2277	0	3060	0	0	0	1646	0	0	0	21	15	3639	0	0	22	0	17	293	2	36	86	0	0	288	124	4	141	10903	9	40	0	0	29	0	103	35	0	126	80	95	145	17	3705	0	1200	7680	3	0	0	0	77	5953	31	0	94	1259	0	212	0	219	38	3436	3131	4	497	0	0	329	1364	373	65	105	10	42	54	116	430	0
np0128	0	3193	145	3545	0	0	99	0	0	0	51597	346	893	0	6568	34	3	247	7279	0	0	2163	86	2650	109	151	91	188	0	1459	22	0	726	1986	957	7	210	47	47	3185	0	38	0	264	221	202	33	45	5	0	0	792	32	28	1119	1339	84	71	14	1311	79	0	260	43	698	514	0	175	21	43	677	28	908	2761	6774	0	46	2718	206	4719	247	11	17	10276	0	1719	10	68	4	4519	3777	10	834	16	0	12	359	1150	0	28	0	303	50	133	3350	3
np0129	1	897	78	1550	52	0	18	0	7	0	17354	54	505	9	1103	6	1	0	53	0	0	26	311	2	0	0	169	176	0	930	0	15	0	55	0	13	0	3	19	908	0	0	0	0	2	46	1	0	0	0	246	292	5	3	11	805	109	29	14	0	0	0	0	7	0	19	0	6	4	8	488	390	0	357	3	0	0	0	3	502	702	19	0	126	0	664	0	0	0	466	1414	0	5	0	0	0	35	193	0	1	0	0	0	30	198	0
np0130	1537	1521	979	1477	0	0	80	0	0	0	52649	48	89	0	1005	4	0	0	8626	0	0	180	5	0	0	137	28	996	0	2403	0	0	0	1685	0	0	0	5	21	1746	0	0	17	0	18	143	0	11	49	0	0	256	78	4	108	8738	7	17	0	0	22	0	58	57	0	97	36	45	142	16	2007	0	733	6170	11	0	0	0	51	2428	10	0	49	636	0	191	0	77	42	2642	1427	1	436	0	0	161	279	349	36	100	0	21	30	103	242	0
np0131	6	328	7	361	18	0	14	27	0	2	5315	22	21	1	156	5	0	9	91	79	10	57	0	207	34	5	6	42	7	190	2	13	57	223	0	0	29	0	10	1169	3	9	0	15	13	7	3	0	3	11	0	38	5	4	30	356	17	27	0	0	0	0	211	0	681	19	0	8	8	1	225	187	77	606	663	0	20	293	18	760	136	0	0	115	244	254	3	1	0	669	365	7	82	51	0	25	71	33	15	7	2	40	30	0	95	0
np0132	150	8640	401	5584	308	307	242	457	15	106	126655	259	627	70	5164	127	46	307	1469	2649	117	1193	192	5385	437	131	244	2775	116	8630	56	296	1862	9323	7	3	248	60	490	30031	17	115	15	381	209	100	43	35	59	113	60	1134	103	22	393	9622	182	213	0	5	66	201	762	45	18990	561	20	115	139	87	4724	3907	1306	13906	21425	0	326	4162	157	20632	2382	76	5	3340	7742	2943	28	58	8	17772	5341	28	2448	635	0	871	1635	543	214	125	26	697	580	208	1526	0
np0133	64	947	16	3595	23	2	60	0	0	0	22392	781	257	19	642	14	8	0	268	0	0	153	0	164	53	47	40	261	38	304	0	75	323	481	0	0	0	17	33	1660	39	10	0	0	65	0	0	15	4	0	58	521	91	4	10	690	53	293	0	2	6	0	8	6	220	60	61	25	31	86	732	263	13	691	2112	25	28	0	43	723	1529	0	0	292	0	2092	3	0	0	3114	1911	0	142	185	0	7	161	157	1	20	0	605	66	22	352	0
np0134	43	727	53	985	40	13	19	58	0	98	13659	47	102	19	776	15	4	9	137	896	20	122	110	931	146	20	38	182	13	776	4	63	252	989	0	71	44	6	117	2241	41	26	3	45	29	8	3	3	10	4	21	166	5	0	62	892	15	160	0	1	24	41	85	2	1816	84	20	17	23	9	662	424	174	1396	3273	0	198	1137	36	569	208	9	0	395	1605	425	4	5	0	5390	753	3	401	205	0	101	52	57	9	2	0	6	130	22	677	5
np0135	9	342	7	376	22	5	4	41	0	1	4865	15	34	0	184	2	0	11	94	94	11	55	0	233	39	9	6	0	9	223	9	13	83	281	0	0	36	2	6	1215	1	5	0	33	19	8	8	0	0	13	2	47	2	3	29	357	15	17	0	0	0	6	236	7	744	11	0	13	5	0	182	153	73	594	940	1	10	294	10	765	139	2	0	107	980	253	0	0	0	750	422	3	70	41	0	38	76	29	20	11	0	34	18	11	92	0
np0136	15	428	2	270	0	0	4	50	0	229	10363	32	26	0	523	6	3	0	248	269	0	77	0	2240	287	10	35	55	6	430	59	9	285	290	10	0	35	0	3	4971	14	2	0	32	29	6	0	3	1	0	1	179	21	9	174	275	25	49	16	4	6	0	15	0	1135	190	6	11	18	6	202	130	207	263	13321	0	23	1236	17	23	263	17	0	394	64	2739	0	0	1	3202	1393	0	107	93	0	28	11304	102	0	0	0	0	181	10	546	0
np0137	71	4938	122	1753	32	181	239	36	35	0	31456	96	253	20	3159	47	12	16	953	234	107	368	2	3340	86	103	38	395	23	1755	37	54	614	1847	3	6	47	24	80	3661	0	11	5	100	738	57	22	20	2	6	7	212	94	21	499	828	116	23	0	2	35	11	39	27	3170	280	2	58	19	21	1232	2217	305	1115	16364	0	25	939	87	1225	2727	7	7	947	838	2203	9	23	8	1079	1301	2	150	131	0	129	346	371	31	29	7	218	293	70	197	0
np0138	17	1621	6	182	7	4	11	20	4	9	6841	15	19	0	394	0	0	28	256	82	0	45	0	3327	59	10	21	34	6	551	6	15	237	284	0	0	76	0	4	1225	0	0	0	25	45	4	2	1	0	0	604	60	2	1	132	493	5	15	1	1	11	4	21	0	500	101	2	7	7	7	131	700	16	280	12477	0	25	705	14	516	531	1	0	270	8755	205	3	0	0	995	516	3	230	87	1	15	115	27	3	3	0	25	43	0	192	0
np0139	91	6294	256	2248	107	347	249	512	8	7	62265	179	431	22	5234	76	13	192	1625	892	136	893	0	5642	239	81	98	835	50	3374	42	37	1199	4832	3	2	149	48	91	17953	3	39	8	94	262	108	36	19	14	55	19	791	96	37	455	2268	279	49	0	0	69	64	106	49	5654	361	7	90	68	24	2393	3414	640	2167	22619	0	84	2747	81	6942	2937	15	0	1807	1035	3280	10	31	3	6359	3952	33	692	355	1	446	1586	576	105	107	14	625	389	225	604	1
np0140	19	1496	58	1746	58	19	55	163	5	4	35637	151	422	11	1254	28	9	34	328	351	31	382	21	1100	152	40	95	297	39	1101	19	49	331	1324	2	16	165	17	97	8214	3	21	0	86	66	29	23	17	24	54	420	324	125	18	265	1531	124	62	0	0	10	21	1036	58	3056	125	6	57	40	34	802	713	543	2592	2690	1	76	1361	78	3133	541	7	0	1671	1035	1265	11	18	1	3014	2219	15	275	251	2	150	1245	363	46	36	15	155	69	40	375	0
np0141	25	62	18	199	35	0	39	6	0	0	1263	8	22	0	581	5	0	0	2	0	28	4	0	20	0	40	84	102	0	199	0	0	2178	337	0	13	0	0	1	1295	0	9	1	0	10	9	0	6	0	0	0	234	1	1	8	903	65	0	0	0	9	0	10	0	72	51	0	2	8	4	97	531	16	561	10524	0	0	0	17	31	297	7	0	54	16647	217	4	6	0	630	392	0	31	0	9	0	86	61	0	0	1	33	30	2	18	0
np0142	0	179	8	451	24	1	63	29	0	0	7503	226	304	13	401	4	2	0	47	38	55	81	132	148	115	26	61	231	6	326	5	7	207	173	0	7	14	0	2	832	7	13	0	65	34	21	5	4	2	8	441	111	5	3	29	264	42	67	0	0	11	0	131	0	328	53	0	5	5	4	603	97	30	262	4317	0	4	173	13	426	31	0	0	176	62	1095	0	0	0	1624	614	3	42	39	1	12	55	21	27	0	3	24	98	5	204	0
np0143	0	93	17	1591	0	0	514	0	0	0	12466	191	7442	27	2786	35	0	0	0	0	0	1995	0	175	0	16	5	2399	0	4363	5	0	517	3138	0	268	82	134	12	5143	10	0	0	0	245	1	10	10	0	0	56	121	145	13	483	1459	28	20	37	0	97	0	91	13	0	198	5	34	0	0	317	2	57	10	10	0	0	0	42	9364	3383	46	0	902	0	153	5	10	0	1702	215	0	54	9	165	0	464	856	0	1	2	66	56	126	47	0
np0144	35	495	11	825	36	12	17	5	0	62	13179	29	88	5	433	15	5	0	81	568	15	85	14	827	55	21	19	108	13	377	2	169	228	422	0	131	29	8	457	1329	68	17	0	23	65	6	23	3	12	0	316	62	2	4	51	399	12	332	0	0	20	38	341	0	1157	90	22	10	28	6	1760	132	150	964	4631	0	1318	3130	25	307	81	4	0	196	1299	176	1	6	1	4043	756	2	344	180	4	110	32	38	6	3	2	2	115	21	719	0
np0145	18	526	469	5821	21	122	125	88	4	10	24359	252	359	35	972	57	48	35	233	296	40	339	5	595	409	128	20	155	90	1141	15	406	260	936	12	1	77	74	127	8093	4	4	5	39	126	97	15	25	22	228	35	377	85	13	76	248	118	78	0	0	13	10	161	38	2608	162	13	210	60	17	2195	1084	343	578	1083	0	43	2814	172	523	721	3	11	553	20	1580	14	48	11	1643	2600	20	219	272	1	329	101	231	163	90	41	57	49	117	693	1
np0146	3	2146	153	2906	17	0	143	0	0	0	38734	168	185	4	5874	34	0	0	0	0	13	4	17	18	0	6	664	6968	0	255	0	0	5	3583	0	1	0	51	147	2174	0	0	70	0	21	0	12	0	0	0	169	1630	0	9	39	0	15	0	0	0	3	0	0	21	18	4	0	159	237	0	3606	0	2942	4020	140	1	0	2	8	24	2530	0	0	330	3	2899	0	0	319	28	306	0	0	0	3	304	0	108	0	0	8	0	35	0	43	0
np0147	0	647	6	675	8	67	34	8	4	8	13550	48	7	9	594	8	7	1	394	100	0	87	0	692	44	11	8	25	16	414	37	6	124	581	0	0	44	4	6	1234	0	5	2	31	47	11	7	0	6	0	0	84	19	8	147	559	18	8	0	0	6	0	3	6	1138	82	2	25	0	4	378	650	38	295	3893	0	27	279	14	365	303	1	0	195	157	470	0	0	0	836	449	11	80	66	0	25	289	22	16	19	0	60	75	18	89	0
np0148	384	12476	879	8839	472	169	292	177	9	5	239297	502	641	364	5354	288	89	55	1867	2391	458	2059	16	4772	415	194	705	1306	115	12122	100	3329	1917	12035	5	7	78	137	351	43934	38	357	66	2828	782	160	165	34	147	92	23	4049	276	35	1018	6189	950	6329	3	0	126	318	972	218	8526	876	35	375	754	204	11680	13341	2987	11430	14601	2	419	5647	222	3518	1976	40	3	2605	219	12201	30	53	43	27492	14365	28	3291	1169	0	2870	1204	294	559	265	111	1831	609	367	5044	0
np0149	0	467	0	7405	187	0	668	0	0	0	160933	24	100	0	9248	87	0	0	0	0	0	2	0	0	0	5	6	515	139	711	0	0	9	1881	0	0	0	51	11	3072	0	0	1	0	1474	0	0	4	0	0	0	134	46	14	184	1844	1210	0	6	0	13	0	0	24	1	27	0	224	46	20	3426	0	65	1782	1	1	0	0	9	253	1966	0	4	642	0	4506	1	2	0	199	1244	7	3	0	1	17	349	248	0	19	0	9	44	1389	11	0
np0150	0	26	43	1451	0	40	4	0	0	0	7416	93	616	28	1206	4	0	0	466	0	0	225	0	1888	6	31	8	167	0	1532	2	0	3	471	0	49	0	10	0	1592	0	0	0	148	19	19	3	3	0	5	16	68	17	3	86	239	14	2	11	0	12	0	24	12	0	99	3	47	1	2	390	0	328	81	0	2803	3	0	18	709	2766	0	0	501	0	1	15	24	0	354	161	0	62	0	9	19	149	482	0	7	0	0	54	9	129	0
np0151	9	1351	49	1325	297	8	44	139	0	13	20845	125	304	12	1802	41	7	11	354	1874	61	240	13	2314	171	62	40	520	22	1582	4	151	899	2308	0	8	42	27	517	5286	11	80	0	116	79	23	6	10	22	0	236	300	16	15	183	1595	35	268	0	11	34	0	350	10	3436	174	27	17	33	12	1318	1013	513	2435	10873	0	234	2898	80	732	328	23	0	741	2980	430	12	13	0	13856	991	3	798	261	0	426	156	175	8	9	2	8	351	32	2475	6
np0152	20	964	53	1120	41	15	40	139	0	4	21386	79	176	11	649	18	7	30	255	231	31	214	17	789	113	30	77	167	14	601	14	32	222	801	1	0	118	12	30	4395	0	20	7	52	39	13	16	9	13	62	97	244	116	8	106	1015	49	54	0	0	0	7	675	18	2181	92	3	17	26	20	543	517	319	1652	1862	0	37	900	51	2073	359	0	0	808	725	852	5	0	0	2006	1550	14	204	178	0	106	653	151	42	23	9	120	69	35	284	0
np0153	8	2177	168	1530	103	119	71	301	0	7	26576	84	220	21	977	43	15	114	576	505	34	323	0	2074	118	54	46	949	26	2857	38	93	606	2581	0	0	146	29	68	16220	0	38	4	68	69	46	20	10	10	59	27	415	114	17	131	1361	122	28	0	7	24	44	149	21	3470	183	1	62	35	13	1128	1221	344	2547	9267	0	113	2158	47	5496	715	41	0	485	2042	958	10	22	7	2401	1749	8	279	192	0	185	1145	249	88	29	25	289	82	48	324	1
np0154	309	395	249	2040	0	0	4	0	5	0	26127	384	192	32	500	13	0	0	0	0	0	7	0	0	0	39	5	116	0	76	0	0	1	538	0	0	0	0	19	1023	0	0	0	0	6	0	14	13	4	0	0	58	31	0	11	35	57	3	0	0	1	0	0	15	0	0	0	17	24	19	1618	877	12	746	285	0	0	0	34	136	1156	0	0	42	0	299	19	0	21	440	1507	0	5	0	0	47	124	134	13	0	2	0	0	0	53	0
np0155	0	1515	24	3075	62	0	53	0	0	0	28347	76	464	19	2014	11	5	114	513	0	172	585	0	1410	347	54	112	973	0	1434	124	44	4701	1644	0	1	336	6	77	4085	41	7	4	61	77	45	10	4	0	0	3	144	76	12	407	2141	149	13	50	0	65	0	30	4	2670	348	0	68	8	69	618	602	1489	647	33339	0	291	6214	113	7624	0	3	0	700	0	976	3	0	0	5958	1510	40	642	37	0	18	2157	311	0	2	0	5	67	54	19646	2
np0156	115	78	9	582	7	0	102	27	0	284	11930	18	18	0	361	4	0	0	122	654	55	111	10	920	158	12	78	37	8	554	0	290	40	352	0	0	5	62	3	775	32	5	0	69	50	0	23	4	3	0	0	213	0	16	24	138	5	129	17	0	4	11	10	2	894	153	112	10	26	246	1741	195	159	396	845	0	27	1380	13	15	215	0	0	215	1147	1710	1	1	0	2356	1836	2	127	199	19	35	88	28	1	3	172	0	159	5	991	30
np0157	36	545	53	666	24	30	35	24	0	0	12588	40	29	10	442	14	5	2	106	156	26	130	0	309	28	22	44	84	18	461	10	80	82	637	0	0	7	14	18	1994	0	9	4	74	51	12	9	4	6	7	0	257	18	7	89	126	84	116	1	0	14	10	42	16	617	43	0	42	34	16	417	933	193	368	752	0	19	292	27	188	156	4	1	140	11	895	0	2	2	895	831	4	119	62	0	121	54	46	36	15	2	140	30	21	197	0
np0158	0	177	9	1484	0	0	9	0	8	0	11303	9	55	16	225	1	0	6	186	0	23	69	0	145	27	9	10	91	0	187	74	306	78	226	0	0	33	0	7	811	12	0	1	4	1	15	0	0	3	0	5	49	11	1	55	244	30	22	11	1	13	0	9	0	1368	75	1	14	7	12	237	44	340	330	1826	0	73	1003	13	866	0	2	0	85	0	184	0	0	0	999	230	11	210	21	0	4	71	33	0	0	0	57	6	8	4526	28
np0159	0	2	5	71	0	0	2	8	0	0	376	1	11	0	43	0	0	0	32	0	0	15	6	53	1	0	1	2	0	25	0	0	14	34	0	0	21	0	1	63	0	0	0	0	0	0	0	0	0	0	9	6	1	0	8	21	0	3	1	0	0	0	6	3	52	2	0	3	0	1	4	44	11	7	64	0	1	180	2	16	37	0	0	20	0	15	0	0	0	48	32	0	15	0	0	0	43	1	0	0	0	0	1	0	6	0
np0160	0	34	5	1093	0	0	634	0	0	0	15073	146	2589	15	1303	18	0	0	0	0	0	1458	0	181	0	10	12	496	0	1820	5	0	436	1222	0	60	60	35	10	2479	13	0	0	0	148	0	6	5	1	0	45	111	12	4	597	2261	34	13	12	0	43	0	23	16	0	133	4	18	3	0	258	0	46	6	2	0	0	0	11	17248	4374	20	0	325	0	167	4	7	0	1648	331	0	52	3	52	0	175	510	0	4	0	84	38	41	31	0
np0161	5	322	27	1434	4	1	32	21	5	0	16702	45	219	22	607	9	29	4	42	33	0	281	0	202	17	17	30	220	1	486	0	0	1108	860	0	0	21	14	3	1696	0	4	3	0	58	0	0	9	2	0	0	139	29	12	35	313	34	14	0	0	8	1	101	15	324	139	7	32	14	45	226	65	48	218	4672	0	14	133	49	953	678	2	0	220	111	845	0	0	1	378	1147	2	60	29	2	26	386	66	10	73	7	40	48	9	34	0
np0162	0	660	49	724	0	0	23	0	0	0	26132	114	430	0	1798	6	0	72	577	0	0	445	122	513	153	40	15	63	0	464	0	0	84	578	194	0	40	7	4	598	0	19	0	68	85	37	6	10	0	0	0	1122	14	4	278	348	130	69	22	1072	35	0	96	9	306	127	2	14	19	27	311	3	259	1536	1993	0	68	1192	54	87	35	0	0	1675	0	698	2	14	0	3741	467	13	199	53	0	0	193	157	0	27	0	3	26	10	1206	0
np0163	0	10321	0	144	124	96	342	759	7	0	13014	0	3094	0	1585	2	1	0	1	0	0	1084	0	348	0	140	57	3405	1	415	45	0	1104	1634	0	0	0	25	1	7677	3	0	0	32	5	0	35	117	0	0	15	474	6	5	118	968	47	0	22	3	49	0	4	49	0	64	0	14	3	0	203	195	3	0	7022	0	0	0	117	1304	3831	137	0	332	0	748	79	75	0	289	445	0	154	10	0	5	453	250	7	22	0	38	153	60	3	0
np0164	0	66	19	890	0	0	5	0	0	0	17861	77	37	0	290	0	1	11	1323	0	0	658	9	482	43	17	9	92	0	116	22	0	16	235	10	1	2	1	11	291	0	0	2	49	14	13	0	0	2	0	0	118	15	0	43	3935	0	16	0	10	4	0	0	13	131	38	1	8	9	16	86	0	38	178	549	0	10	78	18	258	3	0	0	258	0	91	0	4	0	923	312	14	303	9	0	0	164	31	0	6	0	26	6	3	732	0
np0166	0	57	84	739	0	0	19	70	1	0	1848	15	224	0	585	0	2	2	184	0	8	194	0	576	18	8	7	199	0	433	8	0	61	312	0	0	118	6	3	827	0	0	0	0	37	29	4	0	1	0	0	31	24	11	97	125	15	3	0	2	12	0	257	7	156	63	0	24	2	0	72	116	26	42	1384	0	9	377	68	308	801	2	13	253	0	34	0	10	1	285	46	6	62	7	0	5	192	105	0	5	1	17	21	10	125	14
np0167	301	180	25	740	36	61	73	41	42	0	25856	39	253	0	1767	14	0	31	158	0	11	443	13	1616	66	9	33	295	0	761	19	15	89	437	0	5	0	19	13	3002	0	14	0	0	177	14	2	0	3	0	4	273	106	16	138	1650	178	0	1	0	39	0	3	52	281	72	0	17	3	19	268	692	97	591	6266	380	19	1153	10	139	5535	2	1	852	0	922	1	4	0	2566	757	0	142	77	0	2	357	264	3	33	0	806	68	25	71	0
np0168	103	981	14	1144	11	33	16	117	0	145	30083	35	80	15	838	11	10	1	641	726	18	142	6	2078	449	44	40	132	21	413	999	71	354	425	0	7	69	7	57	7307	12	4	0	25	259	10	3	5	8	4	17	89	143	4	240	968	67	149	1	0	13	8	23	8	5714	150	14	30	41	23	583	708	383	865	24824	3	176	2427	37	200	718	3	0	706	484	5302	5	6	6	3469	1531	6	171	463	0	312	7494	127	19	26	0	6	241	18	865	0
np0169	9	671	1	533	5	0	1010	11	0	0	9276	45	59	8	4045	5	0	19	32145	0	46	1549	0	202	8	16	16	133	7	1979	0	10	48	2618	0	7	148	24	9	2041	0	0	2	61	218	0	7	27	0	0	7	76	48	22	224	692	29	22	773	11	24	0	50	411	444	178	6	18	10	2	373	1124	72	95	8761	403	0	0	9	214	860	0	3	3675	0	45	0	0	787	825	45	0	123	159	20	20	247	79	1	43	0	112	24	19	244	0
np0170	11260	558	143	1623	224	5	807	205	0	0	86071	102	1488	26	2419	105	11	3	79	1714	1989	515	33	810	607	60	399	595	29	5348	2	802	720	2123	2	5	20	126	37	3598	398	56	10	614	217	66	207	13	36	0	30	2708	99	159	193	283	257	68	713	2	171	3135	33	19	900	450	39	60	224	688	30428	1039	1820	573	4621	4	107	5718	89	202	194	14	0	521	51	6898	12	10	11	8865	11755	3	300	471	12	279	114	532	104	46	604	4	380	44	5799	196
np0171	98	8491	4	2061	43	0	204	49	2	3142	49501	197	180	8	1385	4	1	0	50	581	2407	228	483	1040	311	28	56	93	14	694	0	346	205	319	2	166	1	189	108	243	48	4	1	82	177	14	232	6	15	0	448	581	0	21	32	205	11	111	68	0	20	33	60	0	28169	131	188	8	22	92	9288	23	36	2188	2545	0	64	1390	34	14	126	6	0	91	30	484	3	4	0	5021	2259	90	191	405	158	58	30	44	6	3	3	0	59	1	1486	1
np0172	5	1458	54	1199	42	10	50	0	0	0	18877	69	65	1	2908	23	0	0	0	0	0	11	23	0	0	1	158	4021	0	71	0	0	0	1837	0	1	0	12	70	1201	0	0	29	0	11	0	2	0	0	0	118	602	0	6	19	2	15	0	0	0	0	0	0	19	0	9	0	61	78	0	1696	13	1480	1440	65	0	0	8	5	20	900	0	0	181	0	1225	0	1	296	9	72	0	2	0	0	121	0	37	0	4	3	0	25	0	16	0
np0173	65	532	29	890	35	9	21	28	0	161	12927	39	78	13	615	18	6	12	71	563	10	87	3	901	101	17	26	99	26	663	4	59	241	972	26	12	38	2	83	2411	20	22	2	17	23	8	6	7	17	4	84	107	4	6	50	785	25	146	0	0	12	59	145	3	1443	62	36	24	19	15	580	322	122	713	3423	0	378	1434	48	498	81	11	0	364	1178	401	2	9	2	4507	926	1	237	225	0	154	170	61	12	7	0	11	119	13	734	2
np0174	35	629	67	1999	29	24	44	77	0	6	20781	104	125	17	1122	22	6	42	226	371	26	193	0	422	145	40	16	170	26	1268	10	107	182	2097	2	0	69	20	67	3568	0	5	0	165	22	14	14	22	14	96	13	189	3	4	51	701	0	12	0	0	7	51	266	14	3531	127	6	78	17	16	1102	397	236	1807	2311	0	67	1404	54	2168	344	0	2	366	25	588	4	14	0	2410	967	9	360	150	0	219	64	193	52	33	20	60	52	39	289	2
np0175	2	566	272	4980	50	19	321	127	0	5	15944	250	360	27	1291	36	52	14	285	2094	225	353	6	457	399	129	24	371	48	1878	9	1183	547	6693	5	3	43	221	103	19396	2	6	7	74	121	160	35	30	6	68	29	245	77	45	100	190	133	30	0	0	27	0	363	38	3239	247	3	192	59	5	2335	510	463	1375	857	0	25	1560	174	995	850	9	4	529	82	816	23	30	6	1451	1136	4	479	334	0	381	86	487	129	74	84	24	52	190	678	0
np0176	0	4161	0	175	0	0	0	2	0	0	4569	68	6309	0	17703	21	0	0	0	2	0	4	4	0	0	5	8	446	0	73	0	0	18	17	0	43	0	0	6	181	0	0	0	0	1214	0	0	0	0	0	30	36	53	0	3	28	4	0	2222	23	0	0	0	17	0	31	0	21	9	0	96	0	42	4	0	3	7	0	7	26	120	0	21	109	0	0	0	0	0	28	5	7	6	0	425	22	203	14	0	10	0	3	0	0	1	0
np0177	27	70	20	295	45	0	26	5	0	0	1097	11	22	2	395	10	1	0	0	0	26	10	0	19	0	23	73	154	0	222	2	0	1333	310	0	15	0	0	0	835	0	18	0	5	8	0	1	10	0	0	3	266	0	0	9	1214	41	0	21	0	4	0	23	0	47	22	0	2	5	0	76	358	12	356	8280	0	0	0	12	4	363	17	0	31	14253	151	1	3	0	496	383	0	34	0	10	0	56	52	0	0	0	37	27	2	21	0
np0178	38	1064	166	1641	73	44	74	39	0	0	33203	96	212	44	916	44	11	16	328	254	36	164	4	508	50	49	95	395	48	1424	10	203	212	1487	1	0	15	33	59	4699	1	39	14	316	69	19	2	15	26	8	4	523	74	11	136	342	275	368	0	0	15	16	149	17	1329	85	6	70	61	29	1374	2760	612	1059	1935	0	23	913	60	562	414	10	2	372	30	2187	15	18	6	2426	1969	4	225	138	0	205	247	92	63	34	23	294	44	29	419	0
np0179	12	1407	27	526	5	107	40	0	1	0	14515	27	48	5	764	7	4	25	542	48	13	136	0	1325	30	9	11	68	10	539	18	13	116	365	5	0	22	7	11	1298	1	2	0	49	70	12	6	4	1	0	4	96	21	9	102	755	12	5	0	0	9	11	12	5	898	128	0	20	9	4	466	750	63	280	5611	0	0	155	19	1071	986	2	0	266	939	301	0	5	0	887	547	5	109	81	0	56	306	113	8	23	3	87	57	35	60	0
np0180	55	2995	112	2803	27	287	108	273	6	477	31394	112	347	36	2203	42	25	43	798	769	52	642	0	2998	455	80	82	493	70	2054	39	88	307	1723	2	8	475	35	92	5008	3	29	7	108	126	84	22	13	40	129	54	528	58	12	291	1064	85	315	0	0	68	16	298	30	2646	140	33	92	16	29	1424	1624	227	585	6638	0	492	3665	71	3979	572	20	4	786	8944	2169	7	27	0	3619	2754	32	407	923	0	601	303	228	51	85	2	406	196	65	772	0
np0181	0	261	9	798	128	0	268	7	0	0	12763	138	116	10	623	39	0	0	68	0	625	368	0	128	11	6	20	3572	10	2217	0	608	388	2087	0	28	0	1157	15	4502	2	0	8	0	43	0	1	4	5	0	0	665	400	6	158	1030	1667	143	372	0	0	0	0	59	435	119	0	11	2	5	271	1541	1426	45	14	107	0	669	9	12	507	24	0	554	0	331	0	0	9	2759	1315	0	55	20	147	45	166	688	9	9	8	6	11	79	1122	0
np0182	13	297	0	214	9	0	8	18	0	0	5122	15	78	0	299	3	0	21	6	0	3	21	0	478	2	7	10	18	0	115	0	0	18	180	0	33	0	0	6	489	5	0	8	21	8	0	0	3	0	0	0	55	82	0	30	73	7	0	45	0	7	0	1	11	465	55	0	4	7	2	116	1367	32	94	1656	0	0	0	10	93	214	0	5	107	118	419	1	0	0	125	101	0	68	3	0	7	27	14	9	7	2	54	6	0	44	0
np0183	0	4273	0	370	233	149	615	12	12	0	29049	0	2257	0	695	0	0	0	0	0	0	472	782	388	1	297	309	1227	4	152	56	0	4504	1164	3	3	0	8	117	11065	3	52	0	57	18	0	17	195	0	0	411	2089	257	13	374	498	495	0	92	0	9	0	12	986	0	85	0	16	0	0	209	256	9	0	22285	0	0	0	234	842	1587	98	5	1146	0	4296	104	124	0	1339	3876	0	43	11	0	0	10502	693	3	9	1	7	75	14	20	0
np0184	0	1143	20	1892	7	0	9	0	0	0	29746	135	2413	13	1396	5	0	0	0	0	0	265	624	2414	82	109	242	470	4	2169	0	709	291	2654	0	109	1470	8	44	3305	0	0	0	0	14	81	7	85	0	0	1316	477	55	10	1315	80	929	0	3	0	6	0	0	3	130	392	0	25	17	0	830	998	47	0	14	0	0	0	146	135	592	29	0	462	0	192	57	32	6	4228	3486	0	143	0	4	7	17	130	0	16	2	9	103	47	264	0
np0185	16	896	45	1020	49	7	37	104	4	5	15230	61	88	4	512	14	6	27	267	286	30	179	0	658	112	26	32	126	33	550	18	28	222	762	0	0	95	12	21	3387	0	24	0	45	47	21	12	9	11	38	2	139	13	11	76	994	30	60	0	0	5	10	643	14	2256	85	2	30	36	8	495	511	221	1514	2187	0	34	895	30	2169	358	0	0	348	1536	772	0	9	0	1873	1118	14	208	139	0	83	210	64	50	21	14	91	82	32	256	0
np0187	549	6645	2	51	81	0	18	0	0	0	944	0	3044	0	272	7	0	0	0	0	694	127	1	3	0	26	13	1452	0	341	0	0	191	1489	0	3	0	0	83	2725	0	0	0	0	26	69	9	8	0	0	60	55	13	8	54	568	0	0	2	0	14	0	0	0	0	136	0	3	2	0	55	0	25	0	7285	0	0	0	22	1841	140	93	9	591	0	54	0	35	0	498	95	0	56	0	0	2	28	122	4	0	0	0	42	48	53	0
np0188	562	1006	47	2096	29	2151	19	455	5	0	31261	828	210	26	960	28	50	18	11272	116	21	1004	5	319	73	68	23	364	11	713	6	28	358	1053	0	2	58	20	38	3938	0	15	2	96	70	16	12	33	10	19	4	144	48	37	188	1025	28	18	1	0	21	7	474	64	1192	408	4	97	14	12	622	2611	204	853	902	0	26	497	135	1498	149	3	0	1857	402	1556	12	19	0	1415	1374	5	179	81	0	96	956	241	18	159	3	223	52	56	206	0
np0189	258	1236	74	373	35	14	54	53	0	21	12959	29	51	0	1093	12	5	14	421	581	12	265	22	1275	112	19	57	97	7	873	14	34	113	1696	3	18	16	17	7	5325	6	18	7	60	50	26	9	4	13	6	0	756	84	6	108	338	172	92	0	0	11	136	28	13	685	90	27	31	12	17	292	438	137	478	7596	0	103	769	21	279	311	8	0	354	94	1508	1	7	1	2882	1693	8	211	265	0	245	169	83	15	35	7	56	69	28	403	4
np0190	0	1289	857	3038	98	0	32	0	0	0	72514	108	220	66	3596	59	0	0	0	0	0	80	17	3	0	1	280	109	0	3266	6	25	1	143	17	0	0	27	31	7084	0	0	4	0	21	297	1	0	0	0	67	789	174	7	78	1254	113	18	11	0	20	0	0	35	0	229	0	74	11	40	4613	4570	1	1071	6	0	0	0	11	2009	80	20	0	205	1	3632	0	0	0	1224	1793	0	83	0	0	0	941	666	0	5	8	0	0	265	296	0
np0191	0	84	32	489	0	0	6	0	0	0	32032	46	47	3	436	4	0	17	719	0	0	465	65	88	127	24	7	68	0	215	44	0	26	316	4	72	1	1	12	697	0	17	0	53	12	7	2	2	3	0	0	358	24	4	64	2000	28	6	35	0	12	0	7	6	785	47	1	10	23	25	110	8	96	430	1432	0	29	231	22	3826	3	0	0	221	0	138	0	6	0	1513	293	15	564	39	0	2	148	33	0	11	0	41	3	8	2767	2
np0192	0	99	316	3578	0	0	34	125	4	0	5235	89	407	24	757	5	35	10	355	0	11	441	0	1752	47	23	15	286	10	910	35	0	120	757	7	0	194	10	15	1393	0	2	0	0	105	88	7	0	0	0	0	147	69	13	229	177	31	12	0	1	37	0	304	10	483	192	2	77	5	4	214	268	102	106	2464	0	100	1296	105	891	2221	0	10	476	0	132	8	15	0	737	129	8	199	49	0	17	510	201	1	17	0	54	21	33	722	165
np0193	0	1216	0	26039	0	0	582	0	3	0	3964	0	2524	0	3748	0	0	0	0	0	0	5	303	2	0	3	516	0	0	305	0	0	2518	1055	0	100	0	16	41	1048	0	0	40	0	483	0	0	1	560	0	2148	158	43	2	80	199	608	56	475	0	0	0	0	33	0	1	0	0	145	1137	8	0	28	0	4	0	0	0	20	3777	8	0	3	385	0	3095	0	0	4	0	3	0	0	0	0	1	34	334	0	2	0	0	0	0	16	0
np0194	11	4346	344	4644	153	0	223	0	0	0	68400	282	262	8	8881	62	0	0	0	0	0	18	30	5	0	14	989	13893	0	333	0	0	0	6574	0	5	0	68	162	5489	0	0	81	0	27	0	12	0	0	0	135	3369	6	23	63	7	71	0	2	0	7	0	0	69	0	1	0	273	275	0	5842	1	5994	7582	59	0	0	0	29	71	2516	0	0	891	5	4545	0	2	629	0	218	0	0	0	0	478	0	201	0	0	17	0	117	5	92	0
np0195	10	980	48	1063	21	7	69	147	4	0	20855	148	124	9	847	20	8	23	199	180	15	235	0	587	54	23	51	156	14	579	9	43	174	1088	1	1	76	19	19	3332	0	16	6	37	71	15	6	9	0	25	0	115	68	15	66	780	34	37	0	0	15	1	779	9	1379	69	0	35	27	27	858	281	180	1128	2952	0	20	820	42	1850	492	0	0	395	538	1055	1	0	0	1750	1301	10	162	113	0	90	1004	123	31	27	9	129	78	43	182	0
np0196	57	708	12	8939	29	0	21	0	0	0	44630	1461	125	85	1024	24	86	0	293	0	0	339	4961	1650	18	114	32	471	43	1010	0	393	1273	1578	0	523	0	0	229	481	667	97	2	0	33	0	4	17	71	0	5489	1875	11	0	37	725	185	434	5	1	5	0	64	0	2	183	1430	135	67	58	1526	282	38	819	4887	872	60	9	93	0	1296	18	0	265	0	3396	0	13	2	28827	6994	0	162	111	11	8	16	20	0	27	0	0	165	9	3129	65
np0197	0	238	156	1155	2	0	81	905	27	0	7323	29	2548	24	1691	4	14	2	417	0	23	563	44	2391	33	18	75	645	5	996	20	0	160	739	5	1	287	19	19	3467	0	4	0	0	165	69	5	0	0	0	34	177	64	13	730	229	15	53	93	0	38	0	460	31	722	148	2	21	1	3	109	2683	165	175	3449	0	105	2507	100	291	1225	4	4	947	0	104	3	8	6	1309	179	21	246	30	0	0	956	126	0	3	0	181	80	15	778	49
np0198	17	289	213	5114	145	10	111	7	0	139	23839	103	179	23	599	31	28	9	92	1588	36	226	13	746	106	68	51	119	27	1224	14	1559	197	1023	5	95	24	41	289	4174	69	37	6	77	56	37	10	11	63	0	177	1064	34	18	65	74	88	441	0	2	11	39	122	10	2196	152	99	199	59	47	2514	592	566	650	1366	0	608	5790	81	161	166	16	2	296	12	2683	8	22	0	4418	3242	1	204	259	0	173	47	103	70	44	202	30	61	54	1997	17
np0199	0	178	8	191	0	0	535	0	0	0	11827	15	4464	9	1254	35	0	0	0	0	0	327	0	37	0	24	8	941	0	1173	0	0	156	1560	0	2792	4	52	476	2320	0	0	0	0	80	0	7	7	0	0	6965	387	884	1	307	480	92	33	29	0	14	0	15	8	0	21	0	6	0	0	126	0	39	0	21	0	0	0	36	8050	382	23	0	378	0	448	10	10	0	235	159	0	2	0	69	0	3610	429	0	1	1	12	52	46	69	0
np0200	18	666	30	682	20	4	30	82	6	3	9584	44	54	0	365	10	0	18	197	162	18	130	9	421	88	29	24	93	14	375	13	21	158	520	0	0	49	11	17	2123	0	13	0	39	27	7	12	7	10	34	9	85	15	9	47	670	26	54	5	0	5	10	419	7	1298	62	0	17	18	10	380	331	137	1111	2125	0	21	598	30	1469	237	0	0	231	1571	479	0	9	0	1336	856	7	110	104	0	69	124	59	24	17	5	86	40	8	175	0
np0202	84	1268	142	487	38	209	104	138	0	3	8859	22	89	6	1096	23	9	25	542	97	44	223	0	1084	56	23	35	158	11	1022	8	17	137	1904	2	0	20	20	11	7474	1	7	2	67	86	60	22	8	6	8	1	306	107	11	105	240	203	5	0	1	11	17	20	11	527	106	3	30	16	7	334	695	130	449	3140	0	4	203	33	608	535	10	0	423	81	1562	6	7	5	1159	802	4	152	48	0	129	317	356	28	45	2	131	98	49	88	0
np0203	489	314	0	287	24	0	4	0	0	0	4636	0	64	2	162	3	0	0	0	0	169	61	0	7	4	11	24	71	0	145	0	0	142	230	0	0	24	0	84	662	0	0	0	0	21	29	7	8	0	0	3	137	18	8	14	745	13	0	0	0	3	0	2	0	0	148	0	30	3	0	223	0	110	0	6868	0	0	0	16	347	32	5	5	149	0	168	2	21	0	720	298	0	55	0	0	17	31	169	17	0	0	0	36	32	102	0
np0204	20	444	15	318	20	0	11	28	0	0	3037	17	25	8	601	2	0	13	3320	0	16	158	1	1333	6	0	32	175	3	550	0	8	201	473	0	3	70	3	27	1079	0	3	0	39	16	0	1	3	1	0	33	200	18	0	174	853	36	4	8	2	8	0	10	6	127	22	2	23	9	6	256	1349	120	35	12360	800	0	0	0	684	865	1	0	191	0	229	0	1	0	810	340	0	105	426	2	15	72	127	0	18	0	45	8	10	228	0
np0205	10	1258	43	1102	31	11	139	78	7	5	14897	136	275	9	554	18	10	28	213	217	27	153	0	634	117	37	34	199	18	608	14	25	186	711	0	4	81	48	24	3484	3	16	5	43	66	17	8	50	0	23	1	159	40	0	74	841	64	49	0	0	8	11	670	44	2005	99	4	30	27	4	544	446	462	1417	1783	0	26	839	43	1847	657	13	0	675	689	688	12	9	7	1705	1066	5	203	138	0	109	172	138	38	24	45	96	64	40	235	0
np0206	9	508	12	460	21	10	29	46	1	0	6046	42	125	0	302	12	0	8	121	84	11	95	0	343	49	7	16	43	10	283	3	13	102	541	0	0	51	6	10	1751	0	3	0	19	20	6	9	0	6	18	5	52	1	6	39	460	13	25	0	0	3	5	332	5	877	46	0	14	14	2	236	235	114	700	954	0	30	411	24	906	291	0	0	221	318	417	0	0	0	922	521	4	83	66	0	50	124	52	17	8	8	54	21	8	123	0
np0207	1297	3639	2429	2207	0	0	127	0	0	0	83449	113	148	0	1704	0	0	0	9616	0	0	334	0	1	0	309	14	2571	0	9877	0	0	1	1575	1	0	0	32	21	6927	0	0	28	0	69	529	3	38	73	0	16	632	72	2	81	11156	16	26	0	0	35	0	138	88	0	178	89	150	252	14	4121	0	1162	6965	14	0	0	0	85	3830	142	0	146	1158	0	419	0	277	130	3071	3060	5	552	0	0	423	244	819	149	209	24	15	61	165	606	0
np0208	0	30	26	307	0	0	3	85	0	0	1798	14	32	4	225	1	0	0	145	0	3	96	3	367	5	2	9	36	0	120	5	0	66	111	3	2	114	0	9	392	0	0	0	0	13	0	0	0	0	0	37	36	9	0	75	199	0	4	4	0	7	0	47	5	154	21	1	4	0	0	38	312	54	76	497	0	33	1178	13	92	212	0	0	116	0	31	0	0	1	294	128	5	111	5	0	0	298	8	0	1	0	25	10	0	98	0
np0209	0	32	70	5216	0	0	253	0	1	0	31730	559	124	88	1269	27	0	0	4	0	0	901	0	96	0	29	18	290	0	5583	0	0	2390	1709	0	126	5	27	75	4201	4	0	0	0	168	0	10	17	3	0	111	233	110	14	216	2059	33	9	36	0	87	0	16	59	0	153	0	148	8	0	1015	7	105	41	24	0	0	0	71	8771	2534	22	0	240	1	147	12	10	0	2531	970	0	140	12	79	0	198	309	0	5	3	495	81	62	29	0
np0210	16	810	42	437	5	19	18	52	18	126	5896	25	137	9	1019	9	4	0	268	148	15	185	14	748	391	30	29	98	0	822	17	32	460	982	30	9	124	6	15	1733	26	3	3	18	25	8	6	13	3	3	2	112	21	7	444	260	23	52	1	2	59	6	32	12	803	200	0	13	18	5	257	266	50	494	12995	0	7	748	37	306	442	5	0	381	1695	210	5	6	7	1105	333	2	190	216	0	86	74	203	9	23	2	8	60	13	267	1
np0211	19	112	0	89	12	0	0	13	0	8	4499	2	12	0	373	0	0	0	52	71	0	47	0	724	107	7	12	45	0	294	0	9	109	217	0	0	4	0	0	9146	0	6	0	0	6	4	0	0	0	0	0	170	1318	0	18	70	17	5	18	0	0	0	5	0	309	83	0	6	14	3	78	10	32	140	8743	0	0	1434	14	7	36	0	0	740	41	585	0	0	53	1519	800	0	34	32	0	3	1492	171	0	0	0	0	99	0	387	0
np0212	0	2893	39	504	0	0	144	0	0	0	4185	304	82	46	1727	0	0	0	0	0	0	203	0	363	0	29	18	360	9	580	15	0	1436	1023	0	16	0	25	30	4295	0	0	5	0	36	123	53	47	0	0	105	407	189	11	258	89	178	0	0	0	38	0	10	13	0	11	0	47	11	0	395	1737	60	0	7827	0	0	0	272	971	341	43	4	279	0	611	0	19	0	545	426	0	71	0	0	7	372	975	1	0	12	3	208	118	61	0
np0213	0	7	35	337	0	0	10	29	0	0	827	11	30	1	75	2	0	4	50	0	0	39	0	142	0	0	0	32	1	138	1	0	42	91	0	0	16	1	9	193	0	0	0	0	8	13	0	0	0	0	8	11	7	1	12	29	5	0	0	0	2	0	14	2	64	15	0	3	0	3	66	46	35	17	271	0	6	367	12	51	138	0	3	45	0	50	0	0	0	100	47	0	26	4	0	0	39	42	0	0	0	1	3	2	19	2
np0214	6	423	54	886	29	17	20	28	0	48	14889	47	46	10	582	9	4	7	123	314	37	118	0	679	42	20	32	132	14	923	5	80	189	1045	0	0	38	23	34	2357	6	18	5	46	65	4	14	1	8	0	13	266	11	3	109	714	22	37	0	1	21	39	96	13	2382	77	2	20	18	7	848	175	148	1483	1417	0	67	894	25	2882	163	19	0	256	673	218	0	0	0	2166	644	0	286	125	0	112	15	62	29	47	6	42	37	18	286	0
np0215	25	2754	25	1741	757	0	1508	0	49	0	67603	81	3636	0	4996	50	0	0	0	0	3	39	175	1	0	4	893	6319	0	396	0	0	0	3763	0	1702	0	68	985	2039	0	0	238	0	14	0	4	0	0	0	8787	7949	0	0	382	19	837	0	1	0	5	0	0	71	1	0	0	45	173	0	1546	0	2249	3297	125	0	0	0	4	427	970	0	0	460	0	6331	0	0	8722	31	420	0	11	0	4	0	40	1298	0	0	4	0	36	11	33	0
np0216	10	1828	29	971	36	42	36	86	5	0	4790	25	484	9	470	25	1	317	491	97	73	202	6	1339	57	14	30	379	0	744	0	31	727	834	0	7	54	18	38	4509	1	11	0	23	16	25	4	0	3	14	7	48	14	4	68	607	258	18	1	0	9	6	357	14	944	225	0	17	12	8	324	176	118	643	11004	0	19	406	16	875	166	16	0	282	305	683	0	0	0	750	368	5	160	62	0	37	150	50	11	9	4	39	59	46	77	0
np0217	0	530	30	1351	18	0	15	85	1	2	12669	135	47	8	555	12	0	10	85	101	26	132	0	263	38	17	31	161	0	533	5	9	204	268	0	0	55	12	12	1665	0	13	5	17	12	10	9	4	10	24	1	55	12	6	233	722	23	21	0	0	4	4	272	9	707	34	0	11	22	40	225	2373	84	687	577	0	15	318	20	950	113	6	5	290	333	661	2	3	0	939	618	3	82	67	0	42	105	121	8	14	5	88	29	14	140	0
np0218	82	1776	121	716	15	191	106	141	6	23	19733	40	69	10	1002	13	3	26	448	272	44	333	0	1348	131	21	44	117	4	1049	23	32	109	4394	0	0	58	20	10	3186	2	4	0	28	86	74	24	11	14	30	1	493	64	16	99	331	174	79	0	0	11	19	26	19	1328	111	14	40	28	28	628	777	175	550	3017	0	51	471	31	1469	453	13	0	464	312	1876	4	6	2	3000	1470	15	180	269	0	303	125	273	51	88	55	529	62	58	362	4
np0219	14	1039	25	983	34	11	50	110	0	3	17948	68	84	3	567	15	9	40	233	251	27	179	4	675	90	24	63	143	26	558	21	39	221	724	0	0	103	18	26	3617	4	20	2	42	54	13	20	4	12	50	28	202	17	8	74	1005	42	49	2	0	8	12	603	11	2224	70	6	41	30	8	622	558	201	1656	1939	53	32	961	43	2360	363	0	0	390	645	803	4	5	7	2042	1250	11	201	139	0	100	213	99	42	22	12	103	73	22	260	0
np0220	20	797	77	435	18	79	57	49	0	2	10189	13	50	0	615	15	6	35	239	79	19	170	0	485	57	19	23	80	0	681	12	8	74	1108	0	0	18	16	3	2254	0	2	7	29	56	51	7	8	7	19	0	224	44	3	63	178	145	8	0	0	10	3	10	20	535	70	0	28	12	11	256	559	86	435	854	0	4	159	18	921	283	4	0	165	199	972	0	10	0	907	668	3	96	60	0	102	172	290	32	24	5	139	43	35	115	2
np0222	0	777	13	2563	5	0	7	37	0	0	12414	290	31	24	482	10	0	6	46	50	6	97	0	95	13	26	48	195	0	882	0	0	1967	314	0	0	23	22	2	1662	0	2	0	6	27	11	4	2	35	15	0	46	24	9	145	733	13	6	0	0	8	0	150	7	371	39	0	56	27	100	551	1328	50	304	319	0	10	182	20	1544	56	6	16	304	145	578	0	0	0	427	622	1	43	28	0	14	190	340	8	24	1	191	24	2	298	0
np0223	0	137	34	500	3	0	204	115	4	0	2054	12	399	8	699	4	4	3	307	0	56	129	90	632	3	9	16	300	3	347	4	2	158	336	0	21	134	30	24	1548	0	3	0	0	56	111	2	0	0	0	9	95	48	4	321	77	14	32	27	0	16	0	105	10	157	48	0	26	0	4	34	381	81	70	1990	0	21	880	47	150	466	2	4	475	0	46	0	8	1	311	61	9	107	9	0	1	511	124	0	0	0	190	32	8	243	8
np0224	757	13409	1659	15597	547	77	481	109	5	17	262252	804	879	291	9949	262	130	45	2365	4670	271	1843	65	5300	426	293	845	1311	257	18137	67	2254	2442	20247	20	7	78	239	377	46569	134	317	125	4189	349	191	60	72	160	55	40	7404	245	50	827	4168	1519	4284	16	1	135	451	927	145	12580	1487	75	557	787	254	10948	20991	4937	13203	16149	0	714	6784	350	3190	2129	70	20	2483	208	20101	44	94	36	40947	20132	14	2999	1123	0	1919	790	971	379	235	122	2050	336	253	7867	3
np0225	31	3129	6	2016	39	7	55	3	0	0	32320	101	137	12	594	17	0	266	23	0	15	65	0	931	3	23	45	118	4	673	0	0	227	866	0	81	0	3	16	15550	0	0	0	117	45	16	1	17	0	0	2	258	14	9	119	1024	145	0	85	0	24	0	23	27	1222	291	3	42	32	75	1318	2134	187	537	3418	0	5	2	36	1362	592	0	0	201	15	1024	6	0	0	381	307	1	151	6	5	24	93	62	369	14	12	83	49	10	146	0
np0226	28	903	40	1022	61	16	43	15	14	22	19440	48	87	8	697	7	5	24	143	321	15	129	0	409	56	12	35	136	9	1094	5	40	198	894	0	0	21	7	81	1815	3	33	2	44	35	18	6	3	8	4	0	261	2	1	62	735	44	72	1	0	15	26	143	4	1404	69	0	26	21	21	864	564	193	1248	1738	0	72	1204	21	1942	251	3	0	203	1665	632	2	5	0	2734	1204	3	206	221	0	136	125	65	33	23	6	143	60	23	250	0
np0227	128	235	14	256	34	0	84	36	0	2	3733	13	770	0	173	17	0	3	59	61	0	55	164	154	17	15	11	76	4	197	0	9	47	191	0	4	27	0	0	1258	0	6	0	9	13	8	0	15	0	10	46	70	0	3	53	193	38	9	1	0	7	414	189	3	542	7	0	0	0	0	139	116	209	298	423	0	7	226	41	481	72	0	0	180	147	158	0	0	0	502	226	4	44	35	0	22	50	138	11	5	0	21	20	9	51	0
np0228	30	1859	12	3449	6	68	33	3	0	0	14811	322	110	6	712	24	0	0	210	0	0	113	0	101	0	57	30	209	32	277	0	12	41	562	0	0	0	5	15	1483	0	13	7	0	31	0	4	14	1	0	8	119	143	5	59	229	43	12	0	0	8	0	8	24	0	88	2	25	15	19	710	440	10	627	2394	58	9	0	30	791	2295	2	0	407	0	1291	0	4	2	411	738	0	20	6	0	59	76	128	0	3	4	40	18	44	121	0
np0229	115	2611	463	3272	95	80	93	172	0	12	52064	122	361	39	2461	89	24	96	691	597	84	536	6	1220	217	58	85	1923	49	2332	15	218	1016	4087	5	0	10	59	149	11618	10	59	8	200	63	42	19	29	26	105	19	718	51	27	159	1860	36	111	3	1	23	188	157	41	6048	435	7	91	78	18	2448	2092	867	5312	10639	0	105	1338	116	3435	735	23	10	941	185	2807	9	30	2	6857	2636	11	1059	221	0	445	490	369	80	42	31	138	164	86	666	0
np0230	0	138	54	1155	0	0	0	0	6	0	25374	131	46	0	708	3	0	104	4354	0	0	1082	15	474	86	27	17	218	0	282	102	0	54	492	19	27	0	5	27	1303	0	3	0	56	9	10	2	5	5	0	0	312	36	7	87	3204	14	14	0	0	17	0	12	44	278	88	0	18	23	27	147	5	102	498	1635	0	18	222	36	4598	5	4	8	439	0	200	0	0	0	1863	552	18	897	21	0	2	468	88	0	30	0	131	23	16	2299	11
np0231	23	1723	35	447	24	44	36	41	2	2	10701	22	77	0	674	21	0	46	336	186	37	121	0	999	29	17	26	130	11	1203	4	15	325	1326	1	2	20	17	17	4605	0	10	0	61	120	18	15	4	9	10	5	147	40	10	91	575	60	14	0	0	9	30	408	24	761	85	0	35	13	4	388	594	96	878	2474	0	15	428	17	1948	698	4	0	267	486	374	1	0	4	818	628	0	130	54	0	77	404	157	48	12	13	128	65	37	112	0
np0232	225	4102	195	13977	185	64	231	9	0	0	186558	545	1325	103	4185	121	7	1913	188	0	157	500	8	4707	4	189	193	499	24	2803	0	10	741	5709	0	970	0	22	69	23562	4	2	29	366	181	61	12	53	19	0	8	2139	458	20	644	3879	596	22	1190	0	130	0	23	106	13003	981	13	196	178	595	8128	13230	2947	3443	11963	0	4	0	397	2739	6319	6	33	1556	34	8505	46	20	14	1566	2952	0	615	26	28	116	4535	218	865	181	13	1806	173	77	2089	0
np0233	0	283	23	155	6	0	5	21	2	0	8895	5	197	3	582	0	0	5	93	0	0	177	229	1398	93	5	30	106	0	477	27	0	378	567	9	94	1431	0	35	1271	0	4	0	0	41	4	0	0	0	0	351	319	73	3	238	411	8	32	58	0	24	0	168	26	580	81	7	0	9	12	27	775	216	596	3867	0	137	7649	22	269	595	0	0	428	0	96	0	0	0	1060	454	18	287	8	0	0	101	17	0	0	0	29	40	2	504	1
np0234	5	1034	0	1064	8	0	4	39	0	0	8742	51	55	0	693	4	0	0	45	0	2	88	3	285	4	9	17	219	10	367	0	12	458	513	0	2	0	1	7	1565	13	8	0	0	20	0	4	5	0	0	43	135	38	0	33	2079	48	13	0	1	6	0	126	27	9	38	2	0	9	15	109	20	3	237	1636	1301	59	6	15	183	6706	5	0	155	0	215	0	4	0	997	243	0	65	14	62	0	38	22	0	0	0	4	44	12	225	0
np0235	17	925	33	1005	30	9	63	104	0	0	19844	103	286	0	585	17	5	24	194	218	13	157	15	633	97	49	74	157	17	546	18	26	173	858	0	14	94	12	33	3220	0	18	4	46	66	22	15	7	11	50	2	186	26	11	79	889	95	66	0	0	5	8	575	96	1715	69	0	20	24	8	598	452	165	1395	2136	0	31	880	54	1917	358	0	0	526	579	777	4	8	0	1840	1504	4	203	138	0	97	443	113	40	17	7	80	57	18	223	0
np0236	58	861	11	457	8	30	16	16	0	13	9230	26	72	0	578	5	5	4	589	184	10	79	0	1049	127	30	18	102	14	268	14	6	346	278	0	9	27	4	43	6696	3	3	0	23	156	17	4	5	1	0	3	63	76	7	242	373	33	66	6	0	17	10	16	5	1166	92	0	16	7	9	269	249	101	648	23268	0	33	724	31	156	692	5	2	842	167	1597	0	9	14	1238	786	2	73	180	0	46	1433	190	5	10	0	4	125	6	227	0
np0237	636	180	0	1368	281	0	38	31	114	0	27582	27	375	16	1320	54	0	0	1	0	92	320	3	277	1	19	187	158	0	1025	0	62	465	447	2	822	0	4	12	985	53	26	0	39	43	5	0	11	0	0	1	2739	377	3	193	957	152	367	2542	15	60	0	31	351	1747	652	135	0	27	0	866	1078	444	500	9015	0	2	0	46	0	1712	31	4	153	0	1398	2	0	36	2261	864	0	167	26	17	597	130	528	2768	41	0	486	41	1	858	0
np0238	0	9909	1	402	218	0	3368	0	0	0	10469	89	5743	0	9134	22	0	0	0	1	0	5	0	4	0	0	7	7680	0	1196	0	0	18	1587	0	5	0	0	12	1220	0	0	0	0	4096	0	0	2	0	0	0	73	88	7	157	447	78	0	5850	0	0	0	0	41	0	52	0	33	54	0	159	0	63	167	2	0	4	0	6	55	2105	0	7	1365	0	4	0	0	0	265	985	4	4	0	625	17	23	539	0	31	0	13	80	152	145	0
np0239	22	815	20	981	36	12	18	109	0	2	13255	153	80	10	436	14	7	39	196	190	22	188	0	596	92	28	41	121	13	531	17	31	204	645	0	0	79	17	40	2795	0	10	4	30	36	11	6	25	6	35	0	117	16	9	65	809	41	45	0	0	0	21	559	13	1641	76	4	28	13	11	647	401	201	1265	1452	0	35	742	37	1687	441	0	0	333	540	670	6	9	0	1582	1040	9	200	110	0	77	273	57	30	22	8	112	51	16	196	1
np0240	0	750	127	537	24	0	11	272	15	0	6681	32	544	3	1296	0	4	0	316	0	16	190	159	2079	11	14	55	390	2	701	14	0	439	564	73	43	137	2	38	4439	0	0	0	0	83	23	0	0	0	0	1168	290	36	10	369	677	17	0	106	0	21	0	397	48	577	132	0	18	8	0	237	792	730	885	11726	0	172	12324	43	488	1447	0	0	906	0	155	2	5	1	2219	1199	15	583	16	0	3	818	25	0	4	0	91	75	15	156	5
np0241	957	17902	714	14204	861	392	492	1141	7	183	311550	612	1389	163	9080	447	87	352	2593	6106	212	3191	48	9242	2331	429	497	7456	298	10724	253	511	2863	17334	11	7	631	112	922	87002	34	246	80	1247	553	251	108	102	232	519	1028	3205	276	67	1074	23445	631	513	8	38	191	225	1095	219	41170	1319	82	344	327	286	11503	11028	3732	27681	67602	0	537	9173	522	31554	3627	177	7	12077	11426	19453	58	148	12	38569	16362	110	2938	2771	19	1544	7691	1719	380	335	77	536	1050	320	3383	1
np0242	0	1085	69	420	0	0	11	0	0	0	16488	132	302	2	1831	9	1	30	408	0	0	249	0	898	195	41	9	60	0	273	0	0	76	506	182	0	36	5	7	709	0	5	0	103	114	64	3	4	0	0	0	611	17	0	300	182	21	25	0	937	26	0	40	3	168	126	0	25	7	40	243	8	108	698	3987	0	29	1545	48	20	31	2	6	1007	0	398	3	18	0	1778	1173	72	76	32	0	1	73	203	3	19	0	7	18	4	338	0
np0243	60	373	180	2406	20	10	129	26	0	103	18288	67	95	17	601	11	15	5	208	1403	64	251	178	1222	180	20	29	103	35	1181	6	401	147	1270	0	43	24	63	158	3752	103	37	3	51	64	49	8	4	25	7	92	747	32	7	43	91	130	196	1	0	10	593	36	8	1924	142	46	82	29	15	945	153	398	628	3073	0	238	1425	20	186	180	6	0	262	5	1275	4	5	0	4881	2087	5	272	275	4	216	53	120	39	57	2	35	54	17	1892	68
np0244	0	81	0	14	4	0	12	0	0	0	315	0	44	0	459	0	0	0	330	0	0	0	0	95	0	1	7	0	0	61	0	0	21	94	0	0	0	0	0	367	0	0	0	64	10	12	0	3	0	0	0	18	0	2	228	440	0	0	0	34	7	0	0	4	16	15	0	0	0	2	5	0	8	29	1786	0	0	113	19	28	0	0	0	603	0	13	0	0	0	123	53	0	5	0	0	0	15	32	0	0	0	0	5	2	88	0
np0245	723	1449	11	1559	911	0	269	53	1	0	30869	65	1493	33	2584	132	0	0	1	0	456	344	0	558	0	74	402	938	0	3210	0	3	1529	1447	0	33	0	14	1562	4850	22	238	1	343	298	71	8	33	0	0	23	2380	928	17	485	726	525	344	5787	5	89	0	41	1170	2885	595	35	11	59	2	1360	883	667	691	21204	0	13	0	161	27	4797	105	10	1102	0	2185	12	7	89	4075	2518	0	100	4	234	747	1985	2388	1918	39	0	493	74	18	148	0
np0246	9	194	54	1300	70	103	30	30	0	2	12241	86	115	10	373	25	12	11	65	946	22	158	0	207	93	42	42	146	40	680	12	317	155	518	1	0	12	14	88	11691	0	28	2	27	42	50	3	6	7	12	12	281	276	10	63	212	147	121	0	0	3	0	171	37	1351	131	0	61	19	15	793	453	326	826	1574	0	30	1031	37	364	138	10	0	169	23	569	9	8	17	861	795	0	133	133	0	145	1082	92	48	28	23	36	27	28	350	2
np0247	0	12	910	10172	0	0	226	0	0	0	7911	117	393	60	6017	49	61	0	0	0	0	0	3	0	0	0	0	697	0	1305	0	1	1528	463	0	12	0	0	28	2806	0	0	59	0	218	0	0	0	10	0	869	138	6	0	0	1775	55	0	0	16	0	0	87	3	0	0	4	25	69	5	935	0	718	0	10	0	0	0	0	1298	1	0	47	287	0	0	0	0	5	2	0	0	0	0	0	0	0	2272	0	10	0	0	0	0	37	0
np0248	10	1617	22	2163	19	2	12	64	0	0	17907	283	80	23	1070	13	5	6	70	115	20	207	0	250	49	26	64	359	7	2462	3	17	2056	440	1	8	44	29	12	5688	0	9	0	15	20	9	2	0	13	19	2	111	16	25	466	1821	14	19	0	0	11	4	286	10	984	101	0	37	23	78	581	978	116	629	785	0	19	433	29	1407	98	16	13	755	319	1051	0	0	0	1178	841	7	82	70	0	28	254	378	13	19	2	117	38	6	150	0
np0249	62	2790	123	1649	98	112	126	183	0	0	33822	177	290	35	1756	74	14	101	365	499	36	230	0	1687	85	60	36	731	43	1444	14	64	587	1825	0	0	25	31	58	6403	1	13	0	132	181	32	14	23	10	17	3	430	24	16	144	1784	32	20	0	0	21	100	607	38	3397	199	4	71	48	14	1686	1769	377	3405	6647	0	38	1281	90	2735	647	23	6	845	155	639	8	21	2	4592	1659	6	548	79	0	208	491	474	50	41	29	134	168	106	283	0
np0250	77	48	0	162	66	0	166	24	40	0	4593	17	24	0	3069	3	0	0	6270	0	0	1047	55	304	0	6	78	61	0	1019	0	0	202	292	0	161	67	5	86	5353	0	21	0	124	11	7	0	11	0	0	302	702	13	11	39	1173	61	8	1	6	8	0	83	67	858	49	0	5	97	1	117	226	27	72	12771	11	0	0	3	128	233	0	0	2119	0	228	0	0	55	945	23	0	18	55	3	6	332	22	0	9	0	680	39	4	240	0
np0251	0	499	263	2633	23	175	141	77	2	4	15016	105	228	14	577	33	27	25	138	198	31	194	0	444	124	46	19	156	33	904	6	57	369	1171	1	0	24	45	29	9878	0	5	1	15	127	72	10	18	2	56	26	274	104	12	106	136	181	31	0	0	2	1	44	26	1428	136	3	143	13	8	801	1108	335	258	954	0	13	687	39	360	575	5	5	376	16	1516	6	10	4	619	675	5	81	77	6	105	117	175	39	56	12	51	47	134	308	0
np0252	1	547	130	2747	118	5	366	48	0	12	13034	119	322	14	978	16	18	4	246	2247	161	195	8	225	224	65	29	426	21	1170	2	1364	199	4615	11	0	32	454	44	10305	5	75	3	119	76	80	15	12	14	16	57	317	26	37	74	105	90	147	0	3	15	0	238	20	2462	169	8	94	37	1	1458	182	589	710	494	0	38	1769	84	920	233	23	0	317	58	748	11	12	0	2201	1834	4	289	258	0	209	50	481	46	51	31	11	55	135	863	1
np0253	0	27	0	4807	0	0	38	0	2	0	15659	113	6	10	518	0	5	0	0	0	0	0	14	0	0	0	2	13	12	8	0	0	1976	97	0	16	0	1	5	32	0	1	95	0	5	0	0	0	0	0	18	356	59	0	0	3	0	0	186	0	0	0	0	23	0	68	0	48	224	21	171	71	12	0	0	0	0	0	7	1869	28	0	0	19	0	0	0	0	0	24	493	2	322	0	0	5	0	32	0	0	0	144	0	0	5866	0
np0254	13	682	32	653	27	1	22	36	4	4	13100	28	55	4	393	13	4	41	138	165	18	102	0	455	57	5	14	166	11	589	13	25	158	672	0	0	43	11	13	2587	2	5	3	40	35	0	8	3	9	27	2	112	8	3	31	788	17	36	0	0	8	16	104	4	2208	57	0	17	22	10	408	234	89	829	913	0	26	417	21	2104	221	6	0	240	259	318	1	4	0	1235	652	3	216	88	0	96	149	59	26	14	10	95	36	19	157	0
np0255	0	489	28	231	68	0	3	3	11	0	1466	10	163	5	576	0	0	0	81	0	0	44	255	790	5	0	13	127	1	345	0	0	218	402	16	26	90	0	8	1669	0	2	1	0	39	8	2	0	0	0	323	230	74	2	126	129	6	6	84	0	7	0	182	27	170	36	2	5	5	0	45	97	265	270	5569	0	20	4474	14	76	623	2	0	432	0	28	0	3	5	526	680	0	85	4	0	0	111	12	0	0	0	25	38	0	19	3
np0256	44	941	46	845	42	36	44	82	0	12	18442	56	74	3	697	32	0	30	175	307	16	138	0	703	59	23	44	275	12	1236	11	45	215	1387	0	1	45	9	35	3556	6	42	2	55	46	8	4	5	0	16	33	319	21	6	72	909	42	58	0	3	13	55	179	16	1954	127	9	26	27	10	691	671	221	1254	4590	0	67	949	20	1341	198	10	3	324	634	821	3	6	0	3361	1096	11	259	71	0	88	1075	113	31	20	7	19	105	23	300	0
np0257	7	2640	162	929	15	4	179	269	0	2	14559	279	1435	4	1588	12	7	14	167	153	20	2187	64	1170	74	41	77	513	15	1580	6	25	256	998	1	7	740	11	59	3144	3	9	0	413	50	10	13	6	6	26	31	59	60	30	326	1916	17	33	0	0	13	10	509	13	1452	109	5	27	10	6	774	312	147	1150	1191	0	21	674	72	1022	415	49	0	2664	452	1831	2	4	0	1274	839	8	175	84	0	48	207	54	20	39	8	53	86	173	156	0
np0258	23	1404	81	1512	50	14	40	183	2	4	19575	83	118	3	738	12	15	24	504	362	53	289	0	979	132	39	56	197	39	861	30	39	321	1072	0	0	155	17	17	5040	3	26	8	88	55	19	20	11	8	60	5	207	21	9	92	1434	32	93	0	0	22	20	987	14	3087	94	0	43	45	12	735	683	319	2299	4419	0	62	1265	60	2686	600	4	0	551	4967	1125	4	12	0	3007	1710	13	279	234	0	142	291	107	52	26	15	154	108	36	375	0
np0259	24	183	24	262	134	0	8623	16	27	0	10890	33	1042	31	21144	283	0	0	37051	0	17	812	148	84	0	73	15	291	11	9811	0	14	9050	1087	0	83	19	7	169	4346	0	31	4	4	96	0	5	130	1	0	18	2324	32	27	69	54	99	3	1472	48	37	0	198	622	959	61	0	14	64	0	99	1261	60	69	66929	63	0	5	78	179	35	0	0	153	0	178	4	3	852	209	7	0	11	24	1375	32	479	17	0	17	0	73	137	14	282	0
np0260	0	48	122	1324	1	0	35	65	9	0	2611	51	282	9	561	0	10	0	157	0	7	322	4	1356	35	10	8	166	5	515	10	0	113	390	0	0	155	10	12	966	0	0	1	0	24	41	4	0	0	0	0	43	57	3	112	60	22	4	3	0	10	0	123	8	252	100	0	50	0	1	118	200	75	56	1285	0	36	554	55	269	889	0	5	342	0	79	2	0	5	383	60	8	110	24	0	11	158	140	0	4	0	11	22	15	364	51
np0261	0	3958	0	67	43	145	90	30	0	0	4291	0	1024	0	298	0	2	0	0	0	0	211	0	323	0	100	14	1561	1	184	3	0	417	848	0	1	0	3	7	4150	0	0	0	16	5	0	10	53	0	0	0	228	45	4	45	246	22	0	38	1	9	0	2	22	0	24	0	15	0	0	67	112	1	0	3963	0	0	0	68	496	1910	83	0	282	0	434	33	57	0	67	173	0	14	0	0	3	1743	67	4	5	1	9	38	35	1	0
np0262	6	1283	21	4519	9	2	20	47	1	0	21637	444	51	45	1234	21	9	5	47	61	12	167	0	135	29	57	68	336	4	1722	4	10	2915	481	1	0	26	37	8	3158	0	8	4	9	48	6	8	3	50	17	4	68	42	36	434	1593	5	15	0	0	10	0	187	12	539	84	2	86	32	125	777	1827	65	384	477	0	14	241	62	1742	72	9	30	584	217	551	0	0	0	683	894	0	59	39	0	18	227	909	10	27	7	376	48	6	334	0
np0263	16	214	214	3446	65	25	149	18	0	145	19702	114	264	24	717	23	29	7	119	624	39	234	0	346	182	70	25	126	30	922	7	897	167	873	4	5	68	31	56	4252	11	25	0	59	75	61	10	16	35	25	41	722	50	19	84	99	82	303	0	0	13	42	150	13	1951	154	45	137	73	26	2209	607	456	588	963	0	223	3256	82	344	297	9	0	352	22	1911	7	24	3	1906	2590	3	221	201	0	212	50	168	116	46	262	69	63	55	1092	17
np0264	20	1470	12	1627	4	0	69	45	12	59	11236	13	135	8	1833	0	3	3	117	282	2557	336	44	5167	230	30	75	212	5	1133	1	21	1010	458	490	207	85	498	38	528	27	0	0	70	1927	40	2143	12	2	0	114	197	5	2	75	831	27	92	1	0	137	0	252	0	1476	156	13	4	11	3	6184	67	57	429	12377	0	47	2071	26	43	305	6	0	398	741	752	2	9	0	2334	768	26	312	149	11	33	12	146	1	3	0	0	439	12	1691	0
np0265	0	6520	3	131	0	0	147	0	0	0	2870	103	1502	6	1680	25	0	0	0	0	0	105	8	58	0	8	35	339	0	706	4	0	272	1549	0	5	0	18	10	2929	0	0	0	0	4	20	10	10	4	0	67	12	3	1	61	44	2	0	0	0	23	0	0	0	0	0	0	3	4	0	235	459	18	0	12474	0	0	0	52	1887	299	81	1	86	0	281	1	0	0	108	417	0	13	3	0	7	24	63	0	0	50	17	31	109	10	0
np0266	58	890	44	208	20	72	62	68	0	0	9557	9	24	0	590	8	6	13	159	65	18	115	2	591	40	14	24	51	6	445	5	9	75	1985	0	0	18	6	2	4962	0	7	0	20	50	21	8	7	0	13	1	355	92	3	143	171	109	12	0	0	10	11	8	16	268	80	3	14	13	7	182	328	91	257	7380	0	10	173	15	701	178	5	0	291	200	1100	2	0	3	934	570	4	73	48	0	51	535	199	22	32	0	209	78	24	89	0
np0267	620	3624	91	131	0	0	138	0	0	0	12787	6	461	0	393	1	0	0	10536	0	0	85	8	0	0	38	4	1805	0	1126	0	0	0	751	0	1	0	2	5	1880	0	0	0	0	0	26	2	4	8	0	1	274	141	0	66	1152	8	0	0	0	0	0	20	9	0	8	12	4	15	2	349	0	287	246	9	0	0	0	7	1207	0	0	5	262	0	171	0	14	39	296	300	0	32	0	0	15	896	173	3	14	1	4	11	22	10	0
np0268	0	244	4	3370	0	0	1036	0	0	0	18347	0	91	73	2810	0	145	0	2	0	0	3	13	0	0	9	0	0	0	2	0	0	0	105	0	3	0	63	76	7041	0	0	36	0	14	0	0	3	0	0	18	2225	12	19	0	306	3154	0	0	0	29	0	0	11	0	0	0	0	210	0	0	0	1083	0	44072	0	0	0	21	3047	6	0	26	2	8	1267	0	0	0	5	0	0	2	0	0	0	1878	231	0	0	157	0	0	0	2	0
np0269	219	2173	77	2641	103	45	57	157	6	393	34287	126	294	51	1837	44	13	14	364	2444	38	282	41	3963	436	74	99	362	32	2213	7	353	911	2554	1	113	130	12	574	6606	67	56	6	121	120	23	9	16	47	13	293	258	24	7	174	2098	52	706	2	0	30	156	444	9	4354	167	75	44	92	21	1799	934	339	3461	16206	0	1370	6437	80	2157	842	25	0	1144	3972	1030	9	19	1	13009	3432	9	945	765	0	413	240	166	31	24	7	28	381	51	2514	0
np0270	53	249	0	129	6	0	1	8	0	21	3939	6	38	0	230	0	0	0	37	175	3	34	0	1179	71	19	21	41	8	224	1	13	201	285	0	0	8	1	12	13755	0	5	0	9	41	0	1	4	0	0	0	94	1758	1	96	86	39	27	0	0	10	4	11	0	545	134	0	3	8	6	106	59	60	393	11046	0	10	1728	23	193	153	0	1	244	39	518	1	0	35	1303	807	0	36	51	0	36	1072	92	0	0	0	0	124	2	413	0
np0271	26	983	39	588	67	41	28	83	0	3	12895	43	84	11	521	12	0	35	281	205	7	139	0	756	36	21	26	220	12	824	4	23	265	798	0	0	25	9	31	2907	0	30	0	82	37	12	4	6	3	16	49	160	26	4	55	845	24	15	1	14	11	24	95	13	1823	82	0	16	13	4	512	559	157	1470	2930	0	54	561	28	2149	320	9	0	349	731	422	0	10	0	1660	633	5	157	72	0	71	296	82	32	26	8	105	62	18	164	0
np0272	20	648	4	141	0	3	0	9	0	59	6087	10	14	0	494	5	0	0	293	135	6	103	0	1751	322	9	21	65	4	262	15	11	439	313	0	0	14	5	0	9278	6	5	0	16	25	8	0	5	0	0	0	172	98	11	448	212	22	28	0	9	28	0	8	0	661	163	11	11	7	1	104	49	37	635	24087	0	19	1609	23	10	155	5	0	936	49	1322	1	0	18	1835	501	0	130	115	17	34	1416	161	0	0	0	0	206	8	370	0
np0273	32	0	0	0	0	0	0	0	0	0	13	0	0	0	0	0	0	0	0	0	0	0	0	3	0	2	3	0	0	1	0	0	147	8	0	6	0	0	0	10	0	2	0	0	0	0	0	0	0	0	0	10	0	0	0	14	8	0	0	1	0	0	0	0	13	14	0	0	0	0	1	13	1	15	252	0	0	0	0	1	2	0	0	8	858	9	0	0	0	21	12	0	0	0	0	0	0	0	0	0	0	2	0	0	1	0
np0274	31	3706	24	5100	48	12	79	21	0	0	53274	1128	395	17	3170	39	0	0	289	0	0	798	0	547	32	110	93	745	57	1277	101	242	2359	2291	0	211	0	7	557	3062	21	0	4	0	439	1	18	25	7	0	767	1214	42	8	89	14759	178	451	71	4	35	0	169	16	262	326	18	28	71	63	1186	388	93	1063	8998	521	505	0	59	342	7887	5	1	578	0	1612	4	0	14	7962	1935	0	724	89	19	2	799	93	0	4	0	2327	299	14	1747	0
np0275	1171	1326	822	600	0	0	64	0	0	0	49184	25	40	0	567	4	0	0	4649	0	0	108	0	0	0	72	9	1140	0	1185	0	0	0	1248	0	0	0	9	2	1196	0	0	7	0	9	121	0	9	42	0	0	347	53	2	57	7954	7	0	0	1	13	0	24	52	0	30	17	53	95	9	1497	1	627	4173	14	0	0	0	31	2160	27	0	40	463	0	192	0	55	39	1096	1244	1	210	0	0	117	281	292	14	95	1	5	25	72	195	0
np0276	0	543	114	751	0	1	39	0	69	0	11831	139	20446	33	1657	36	0	0	738	0	0	40	0	3292	0	209	79	3606	0	2341	0	0	1	3667	0	524	0	63	8	13502	0	2	0	236	86	50	11	6	0	0	22	215	293	5	264	78	154	0	197	51	9	0	65	17	0	38	0	68	0	0	288	0	1436	139	8	6190	0	0	98	60	7641	0	0	2984	0	0	121	129	0	125	258	0	28	0	153	22	545	1565	0	0	0	0	198	40	168	0
np0277	60	5570	146	2308	42	212	188	65	135	1	42283	108	191	30	1917	44	9	36	1203	271	78	357	0	2900	107	79	47	295	43	2168	39	34	516	1914	1	30	59	27	45	3091	0	8	0	66	193	46	14	28	5	10	7	255	105	18	187	962	94	15	0	1	20	40	60	28	4488	197	4	65	10	22	1856	1628	198	1446	20176	0	15	746	81	1672	1976	4	0	767	459	1458	8	27	0	1428	1773	4	122	129	0	81	516	295	29	31	13	71	188	63	170	0
np0278	0	18	3	212	55	0	35	11	0	0	5154	6	42	3	366	12	0	0	2	0	54	122	0	5	6	2	15	124	1	696	0	421	154	543	0	13	0	22	2	153	2	0	0	0	11	0	0	2	0	0	0	229	41	0	51	851	16	131	583	0	0	0	2	8	76	72	0	3	2	0	88	46	186	11	2	184	0	203	5	0	183	39	0	134	0	155	0	1	6	335	61	0	58	3	13	53	5	86	0	0	2	13	16	1	562	0
np0279	9	391	12	346	12	0	12	37	3	0	5308	17	35	0	163	9	3	9	73	100	11	58	0	254	30	9	8	53	10	187	5	8	86	234	0	0	27	6	9	1451	0	6	0	17	17	8	5	2	3	30	0	54	3	4	27	309	7	25	2	0	2	0	203	0	751	21	0	6	6	3	216	172	83	608	842	0	10	358	8	770	154	0	0	127	262	282	0	3	0	668	318	6	77	66	0	23	70	33	16	4	5	44	22	10	71	0
np0280	14	628	98	1224	37	45	47	84	4	3	17486	68	123	8	971	32	11	40	212	376	19	99	0	478	68	50	26	240	33	790	6	27	197	1208	1	2	11	17	57	2500	0	11	2	75	35	20	5	9	6	39	6	215	18	13	62	553	6	24	0	0	16	58	25	19	2001	100	2	70	34	7	758	937	235	1257	2084	0	21	914	64	1340	405	4	7	272	31	502	6	8	2	1192	885	1	230	84	0	132	212	286	32	13	14	86	68	43	164	0
np0281	7	626	37	854	55	15	22	24	0	22	14789	40	76	14	625	30	6	26	298	289	35	121	0	354	48	30	21	191	10	989	5	66	159	1390	0	0	23	4	37	3260	1	9	1	86	24	9	21	4	4	13	11	190	5	18	53	572	10	17	0	0	12	29	73	16	2276	68	6	34	4	7	694	236	161	1174	1630	0	34	733	23	2024	207	15	0	273	225	328	0	11	0	1263	506	1	228	90	2	77	50	105	26	19	7	91	43	21	191	0
np0282	56	1180	19	8852	42	0	28	0	0	0	44692	1392	130	58	1269	36	74	0	464	1	0	176	1390	662	73	135	64	433	53	1074	0	331	875	1593	0	280	1	3	108	1319	733	95	0	0	38	5	4	25	43	0	4297	1558	35	8	39	1771	123	179	3	0	8	0	41	9	22	135	455	76	80	37	1453	742	41	1002	5354	459	38	2	79	55	2138	15	0	435	5	3963	4	0	0	16004	7362	0	106	72	12	22	41	61	8	25	2	8	99	25	2587	0
np0283	74	19606	201	2650	53	4	82	98	31	289	49007	95	535	36	4758	33	9	8	1074	979	134	420	21	6049	347	115	87	396	23	2150	29	99	705	2228	0	307	218	32	52	4378	0	4	3	91	705	52	164	27	4	0	20	542	30	30	1009	888	60	83	28	0	161	61	217	12	7246	898	11	59	20	67	1809	1766	458	2647	31865	0	39	5070	171	793	3044	12	0	1392	1721	2056	11	41	4	4024	2462	37	451	278	23	361	192	174	34	35	5	154	419	66	1448	0
np0284	0	3494	11	870	0	0	39	0	0	0	33512	0	189	79	1564	25	0	0	0	0	0	2	0	0	0	79	8	481	39	625	11	0	1294	1639	0	2	0	104	4478	1861	0	0	4	0	157	0	37	41	10	0	63	525	96	12	47	122	93	0	0	2	5	0	0	34	1102	20	0	0	9	7	525	0	1429	0	2	0	0	0	173	465	2	0	2	2516	0	476	0	0	233	301	1727	0	15	0	0	13	0	1626	0	0	0	0	36	22	61	0
np0285	52	1350	84	600	18	50	73	178	4	3	16090	50	129	2	1382	24	7	24	383	342	36	216	2	1186	81	23	18	219	13	959	6	10	258	1359	0	5	19	8	41	3245	0	14	3	37	63	31	7	9	9	15	9	228	36	13	138	530	80	37	0	0	18	20	12	9	1528	83	8	26	11	12	628	865	132	746	5741	0	22	496	22	1217	603	0	0	411	303	954	3	7	3	2088	1058	12	182	77	0	140	276	152	20	36	4	229	166	40	297	0
np0286	0	305	9	163	3	0	0	0	0	0	18851	48	669	0	2477	3	1	3	81	0	0	216	21	499	163	27	14	49	0	271	0	0	55	626	55	0	301	12	4	211	0	6	0	37	185	24	9	2	0	0	0	579	2	1	400	38	7	32	82	1075	25	0	34	0	236	136	2	0	12	44	325	2	97	504	4654	0	70	1061	83	4	10	0	4	1419	0	140	0	18	0	1875	446	104	88	41	0	0	23	145	0	5	0	0	28	11	447	0
np0287	96	741	13	1734	453	0	175	29	0	0	29803	82	690	12	1868	88	0	0	10	0	94	309	0	306	1	47	31	609	5	2933	0	0	648	1361	0	12	0	13	1254	959	24	13	3	332	161	26	3	19	0	0	14	611	288	12	283	1105	90	64	1026	0	66	0	16	712	2428	522	14	13	54	11	1167	704	506	409	12375	0	10	0	83	53	2104	22	7	537	0	1329	8	4	22	3147	459	0	116	4	77	492	153	1352	4239	2	3	304	73	7	101	0
np0288	0	4127	9	346	0	0	66	0	4	0	16569	20	222	31	1437	28	0	0	0	0	0	44	7	1	0	61	17	475	15	536	6	0	979	2853	0	4	0	138	1553	1821	1	0	5	0	94	0	41	73	4	0	188	469	67	10	73	201	43	0	0	0	25	0	0	12	351	29	0	8	5	4	201	0	340	0	13	0	0	0	173	442	1	0	5	6828	0	106	0	0	122	477	483	0	39	0	0	21	25	719	0	4	0	0	42	14	77	0
np0289	2	583	14	380	30	16	20	28	0	4	8970	26	32	6	363	16	0	25	71	118	3	60	0	343	23	0	25	154	6	622	7	21	113	748	0	0	7	3	12	2226	0	9	3	26	22	8	0	1	4	4	12	110	18	5	39	449	12	6	0	0	15	8	104	6	784	56	0	9	9	0	302	303	107	651	1625	0	22	344	10	919	116	8	0	160	172	244	3	1	0	1066	468	5	116	21	0	56	457	74	5	2	4	39	30	19	110	0
np0290	173	1845	139	420	35	138	100	206	0	0	13711	31	66	11	1143	18	2	27	608	149	33	274	0	1500	71	18	37	138	13	894	8	27	155	3154	0	0	18	26	10	5986	0	12	4	78	76	49	12	6	3	9	0	518	106	11	153	339	207	8	0	1	10	33	8	24	769	134	3	27	24	7	401	931	192	551	8240	0	11	311	17	715	549	13	0	451	83	2038	2	8	6	1848	1205	4	173	89	0	127	567	154	45	54	6	317	72	45	196	0
np0291	0	21	184	5398	0	0	271	0	3	0	48566	447	34	17	679	0	86	0	0	0	0	0	0	0	0	2	0	0	173	44	0	0	164	0	0	0	0	6	97	22	0	0	166	0	3	0	0	0	42	0	14	532	77	0	0	4	0	0	343	0	0	0	0	31	0	18	0	100	286	31	737	0	9	0	0	0	0	0	30	1330	22	0	0	35	0	0	0	2	0	4	576	1	3	0	0	4	0	186	0	11	0	0	0	0	35	0
np0292	0	2902	2	94	0	0	5	0	0	0	1054	46	26539	0	4783	2	0	0	0	0	0	7	2	2	0	14	3	4845	0	53	0	0	17	205	0	71	0	0	0	89	0	0	2	0	326	0	0	0	0	0	12	26	22	2	0	16	3	0	3115	46	0	0	0	11	0	22	0	3	5	0	33	0	21	4	0	0	0	0	1	17	54	0	29	69	0	0	0	2	0	22	4	0	5	0	119	6	332	17	0	8	0	2	1	0	0	0
np0293	564	1205	44	1406	17	24	16	1442	12	0	20037	790	1592	23	1319	14	24	0	4807	136	24	489	19	367	55	45	34	501	18	836	8	28	247	1004	0	16	69	22	133	3274	0	22	0	83	123	23	13	27	6	22	246	245	13	27	755	825	58	30	8	9	16	8	501	14	1249	162	0	43	16	4	499	4575	155	859	1033	0	26	572	86	1130	142	6	0	2026	449	1375	8	12	0	1790	1609	10	121	65	0	43	176	244	24	39	8	133	35	28	255	0
np0294	0	357	85	2625	0	0	51	0	0	0	28063	311	194	5	1255	10	8	279	2426	0	0	1083	0	2187	125	86	13	118	0	816	115	0	284	984	36	0	57	16	20	1500	0	0	0	171	34	90	18	13	0	0	0	120	93	9	144	695	17	37	0	94	15	0	32	23	193	135	3	129	8	31	394	5	161	832	1149	0	98	364	110	873	61	5	10	1066	0	992	6	42	0	1374	959	4	281	15	0	5	602	368	0	57	2	58	27	84	1793	5
np0295	55	834	4	490	45	2	292	3	0	0	7481	24	118	8	220	40	0	0	2	0	102	105	0	248	6	14	34	150	2	642	0	3	128	389	0	30	0	14	4	2264	0	7	0	141	24	11	0	2	4	0	2	445	48	1	31	142	80	43	73	0	13	0	31	60	658	247	13	13	12	16	272	527	198	231	6204	0	8	0	5	2	171	0	4	97	0	601	2	0	2	3020	953	0	151	26	27	107	99	92	1121	68	0	0	12	3	324	0
np0296	67	594	15	974	43	28	12	41	0	342	17598	46	64	7	547	12	4	7	95	492	24	125	5	802	176	26	56	144	19	603	8	52	404	896	0	49	68	18	143	1626	17	26	3	43	57	6	10	7	19	0	236	83	7	0	134	738	28	220	3	0	19	50	114	7	1692	75	19	18	25	21	946	289	114	1133	4386	0	287	1994	24	1949	191	10	0	411	787	577	3	9	0	6374	1079	4	324	434	0	182	55	25	16	25	0	11	83	9	716	2
np0297	4	459	0	161	6	0	4	10	0	0	4118	15	70	2	346	4	0	10	4	0	0	25	0	365	3	12	9	28	0	148	0	0	42	210	0	109	0	0	2	429	4	0	1	13	19	4	0	5	0	0	0	94	45	3	55	74	15	0	92	1	11	0	5	15	550	44	0	5	3	1	74	1857	23	85	3319	0	5	0	15	29	292	0	0	112	297	244	0	0	0	300	152	0	86	5	1	1	20	27	0	2	0	60	6	1	49	0
np0298	1	1250	199	11405	32	401	167	46	0	0	68437	918	481	42	2326	38	0	0	1592	0	23	357	8	915	94	98	28	1621	26	5899	9	91	2012	2888	0	401	0	34	118	33963	3	0	87	0	143	0	14	48	35	0	0	594	542	12	281	2704	784	13	553	5	6	0	0	88	2002	275	0	250	11	33	1932	2290	570	730	7	29	0	942	134	5130	6138	0	13	1207	0	4608	18	21	35	4365	3239	8	202	140	9	60	1090	566	0	12	28	16	105	162	373	0
np0299	17	5814	72	648	155	0	124	0	36	0	16218	35	1541	0	6258	52	0	0	16	0	3	56	12	59	0	2	155	9816	0	459	0	5	13	4391	0	3	0	18	85	2662	0	0	18	0	7	0	0	0	0	0	156	583	26	6	53	41	20	0	3	2	0	0	0	31	0	0	0	33	97	0	1526	14	999	1318	34	0	0	0	7	49	1585	0	0	484	2	1300	0	0	76	17	86	0	12	0	3	34	15	107	0	0	5	0	23	2	6	0
np0300	670	303	4	150	201	0	31	6	0	0	12128	8	335	0	2585	14	0	5	3	0	9	97	0	1433	4	0	16	529	0	1180	2	8	245	1156	0	6	0	3	2	2194	2	11	0	0	42	3	0	0	0	0	0	441	63	4	93	284	24	42	10	0	7	0	0	23	123	49	0	0	3	3	77	3315	30	122	2148	1311	0	1338	1	70	990	6	207	1662	0	520	0	0	0	6474	378	0	31	13	8	0	752	341	2	4	0	3	113	9	164	0
np0301	0	225	8	920	31	4	25	25	10	0	15261	121	74	0	725	27	0	0	89	0	13	69	0	68	5	39	26	50	0	1523	0	258	513	360	0	63	0	6	0	692	9	0	0	0	32	0	3	18	0	0	0	161	161	4	98	757	58	19	104	0	16	0	0	29	275	121	0	39	4	0	251	998	146	49	3	117	7	543	25	55	866	0	9	389	0	1291	4	5	4	1366	741	7	75	10	3	36	92	177	0	15	5	186	52	7	281	0
np0302	20	560	64	354	10	93	30	71	0	3	9391	4	45	9	508	9	0	19	207	94	16	200	0	534	57	14	25	74	5	533	8	5	60	1224	0	0	12	10	4	1635	0	7	2	35	32	34	11	3	0	19	0	202	29	1	68	184	77	17	0	0	7	9	12	15	447	49	0	12	13	5	198	595	82	302	683	0	4	173	19	700	252	3	0	189	159	851	2	3	0	1293	586	5	96	82	0	100	166	160	31	34	4	189	35	38	100	0
np0303	27	2062	75	3428	84	145	165	297	0	247	34019	118	399	10	2268	54	18	40	884	717	85	665	5	2641	620	51	64	492	47	1768	30	107	274	2004	0	19	525	46	34	6054	5	59	5	127	142	80	18	12	18	187	16	502	32	21	312	693	178	494	2	14	45	17	264	18	2730	151	26	105	11	19	1390	782	216	593	3214	0	493	4781	54	2497	581	15	1	772	16001	2956	10	20	0	2991	2654	26	418	1017	4	343	325	260	64	96	6	277	276	75	869	3
np0304	66	1388	184	784	65	133	100	91	0	0	12273	39	100	12	749	35	7	48	419	80	41	167	0	828	53	23	42	147	19	1072	5	19	200	1199	0	0	10	54	26	3297	0	5	8	61	74	61	11	21	11	19	1	227	60	7	63	252	205	7	0	2	9	5	30	17	726	94	2	57	34	22	541	815	225	552	3561	0	10	235	26	777	452	6	0	264	131	1920	8	11	4	1315	1081	4	107	63	0	142	123	411	45	55	10	98	41	61	141	0
np0305	6	10	0	7	0	0	10	0	0	14	227	0	6	0	416	0	0	0	1	0	261	2	39	186	20	8	1	7	0	58	0	0	186	29	0	21	0	0	0	89	0	0	0	1	136	8	7	0	0	0	110	58	0	3	5	18	1	8	0	0	0	0	9	0	132	18	3	0	0	0	2	1	0	117	7420	0	0	128	6	0	1	0	0	43	14	6	0	0	0	148	100	0	9	7	0	4	0	11	0	0	0	1	30	0	31	0
np0306	34	747	55	803	49	6	88	6	2	4	14070	38	71	14	849	25	12	0	134	555	88	81	298	398	20	21	83	129	10	635	0	210	120	936	4	3	4	21	18	3427	21	15	2	74	33	16	0	4	11	0	2	682	17	2	83	105	75	490	0	0	20	35	79	8	506	98	14	41	38	20	587	681	185	388	2078	0	81	851	16	25	163	6	0	234	14	1131	4	3	2	3129	1336	0	103	81	0	93	25	53	6	8	0	4	38	23	644	0
np0307	1828	631	0	813	20	2	39	5	0	0	68418	11	425	7	644	25	0	0	90	0	34	551	0	2477	87	3	87	616	0	2837	5	204	1153	2200	0	12	0	11	0	4186	18	25	2	0	54	7	0	2	3	0	0	613	15	0	487	1444	108	150	15	1	212	0	3	24	1065	404	0	5	34	26	149	2661	51	732	2959	1938	47	5069	0	244	1734	14	463	3414	0	1210	2	0	0	9031	1282	0	949	72	5	0	31	442	0	2	2	40	1413	17	6127	11
np0308	108	449	89	595	69	2	1137	0	136	0	2128	37	1688	7	2167	78	0	174	113	0	23	187	0	198	0	104	13	174	0	405	0	4	245	700	2	142	2	52	444	4337	0	0	0	0	134	36	8	13	4	0	339	138	103	20	64	107	124	38	8175	45	10	0	4	53	49	102	0	37	19	10	214	39	41	150	248	31	11	38	121	194	992	8	11	1647	0	132	9	42	0	527	132	0	63	5	4	32	512	559	40	93	2	13	35	235	80	0
np0309	27	3212	52	1688	25	332	168	145	0	11	33887	105	213	13	2435	27	9	88	584	256	53	407	0	1267	153	71	50	332	34	2607	32	23	292	2320	4	0	72	37	22	4245	2	21	2	96	180	58	22	22	7	36	0	346	95	12	208	939	90	28	0	0	28	6	64	26	1996	161	5	70	23	16	1262	1795	217	710	4255	0	34	1203	95	4615	747	18	5	606	4007	1738	16	22	5	1917	2277	7	341	133	0	190	375	558	69	68	10	190	203	90	287	0
np0310	43	355	0	44	36	0	121	0	0	0	1279	0	3624	0	1615	55	0	0	3	0	56	67	0	95	0	20	28	351	0	552	0	0	162	380	0	454	0	2	0	8227	6	20	0	0	158	104	1	8	0	0	102	509	0	4	5445	16	59	29	165	873	150	0	33	0	323	25	0	0	2	0	13	6	30	277	31123	0	4	0	52	2	36	0	0	67	0	220	8	0	0	781	1022	0	56	2	28	1	0	375	0	0	0	0	101	0	17	0
np0311	0	5264	0	138	0	0	28	0	0	0	10513	8	1751	16	1042	3	0	0	0	0	0	12	9	7	0	64	0	765	4	190	0	0	352	1025	0	1142	0	190	3365	119	0	0	2	0	151	0	16	69	0	0	804	32	47	6	131	87	1	0	2	0	16	0	0	8	89	9	0	3	0	0	126	0	171	0	2	0	0	0	164	55	3	0	4	4218	0	63	0	0	76	55	18	0	7	0	0	8	30	102	0	0	0	1	20	46	1	0
np0312	6	244	0	281	6	4	9	27	1	0	4073	24	51	2	169	0	2	11	57	58	0	56	5	184	17	13	9	27	6	151	4	15	41	190	0	4	28	0	10	906	0	6	0	11	20	0	0	3	3	13	0	48	1	0	17	257	8	19	0	0	0	0	172	0	486	24	2	10	0	0	152	117	64	380	566	0	16	265	14	545	95	0	0	105	178	232	0	3	0	582	344	2	47	47	0	32	68	19	11	2	0	32	15	6	59	0
np0313	8	1277	23	1062	54	4	59	65	10	1	7889	6	668	4	538	9	0	13	332	68	11	216	140	642	49	18	84	277	6	693	2	29	309	740	0	2	45	10	81	2357	0	14	0	21	21	12	0	2	6	17	205	151	13	5	39	328	344	38	2	0	16	0	224	6	618	105	3	6	3	4	480	120	105	461	10166	0	7	321	16	718	175	0	0	222	228	1584	3	0	0	1226	904	0	153	68	0	25	97	56	14	8	6	35	70	17	88	0
np0314	1515	405	19	2281	160	9	76	6	0	0	32374	38	567	19	427	25	4	28	1714	0	39	435	0	853	45	3	87	806	0	1676	18	215	328	1336	1	10	16	29	21	5019	0	9	3	0	81	10	3	0	22	0	3	539	81	0	102	425	443	249	7	0	42	0	0	19	791	49	0	29	21	22	402	2653	123	1312	1846	979	32	1223	9	164	2049	4	128	815	0	1541	0	5	1	3855	511	0	145	59	0	18	291	278	1	27	0	454	250	10	617	21
np0316	261	44	62	3442	19	24	84	1	0	0	15045	77	102	16	501	11	3	22	77	0	6	286	0	217	29	9	16	58	0	559	37	95	93	2111	6	3	0	18	19	1338	0	0	0	0	44	13	2	0	8	0	0	169	67	9	36	114	199	57	0	0	9	0	6	16	399	154	0	55	7	12	376	744	75	522	273	192	33	345	9	101	158	4	3	243	0	592	4	5	0	1643	686	0	72	39	0	75	241	166	9	15	3	39	9	24	216	11
np0317	31	590	2	769	7	0	38	0	0	0	5721	151	119	5	239	5	0	0	59	0	0	41	2	21	10	20	8	93	8	154	1	16	69	179	0	30	0	0	4	540	8	5	0	0	22	0	0	4	0	0	77	167	15	2	9	88	11	80	0	0	7	0	4	2	83	11	14	23	12	24	173	64	5	217	1683	16	5	3	14	101	322	0	0	106	0	526	1	0	3	860	553	0	13	44	3	4	38	42	2	3	0	129	25	4	107	0
np0318	119	3511	14	6324	11	133	49	0	0	0	34850	573	244	12	1555	38	3	0	562	0	0	214	2	146	0	144	40	432	58	441	0	13	81	1437	0	0	1	8	27	3024	4	32	3	0	74	1	13	26	0	0	3	139	190	14	103	539	282	0	1	2	13	0	15	46	0	218	2	48	13	6	1356	939	11	663	8172	199	19	0	106	1206	9238	5	0	967	0	3100	8	0	6	399	1246	0	13	10	0	28	127	219	2	7	0	21	50	86	212	0
np0319	172	618	84	1675	53	2	26	105	3	0	10279	21	1603	7	463	9	3	15	2336	104	110	1091	341	541	71	66	134	338	20	816	6	11	147	534	0	31	49	8	69	2149	0	7	0	19	112	13	8	2	4	16	138	193	11	0	142	698	334	52	0	4	6	3	455	0	750	56	0	26	31	8	1353	184	300	874	7007	0	19	403	18	1456	272	34	0	229	316	981	1	7	0	1759	695	8	107	55	0	36	86	269	12	7	1	42	56	34	215	0
np0320	33	4296	157	2980	42	536	123	97	19	4	47688	98	298	50	2789	59	15	90	2880	232	124	702	0	4740	166	81	41	509	34	3330	54	74	1012	3416	1	0	178	42	27	7269	7	14	0	170	151	80	27	46	0	15	152	199	105	35	247	2005	149	6	2	8	46	19	154	41	6407	548	3	84	42	19	1587	1772	166	926	17236	0	31	1149	92	4562	4689	14	10	1135	13225	1683	11	41	0	2622	1617	4	481	520	0	228	753	370	58	87	14	188	234	110	305	0
np0321	47	17858	2	373	168	2	13	34	22	8	10701	11	238	4	1437	8	1	0	370	709	42	281	140	9052	518	30	71	1284	0	4089	4	5	4440	1543	40	133	133	2	53	2903	40	33	0	72	88	4	10	14	1	0	151	598	13	4	266	1771	344	117	82	3	111	6	333	0	2262	455	16	10	12	5	143	249	23	838	69053	0	17	1632	54	878	5890	78	0	5960	99746	174	2	7	0	4521	1052	3	565	188	9	16	62	237	0	4	0	23	251	6	570	0
np0322	0	7385	0	79	87	1	48	166	0	0	10125	0	8636	0	155	3	0	0	1	0	0	67	0	4	0	508	28	2188	3	126	25	0	407	78	0	0	0	12	0	4784	0	0	1	14	14	0	13	317	0	0	11	116	3	0	37	138	9	0	330	0	9	0	0	4	0	17	0	14	0	0	228	95	0	0	11	0	0	0	316	105	90	165	9	176	0	748	167	180	0	26	611	0	2	1	0	3	157	61	16	8	0	5	51	16	5	0
np0323	0	1998	0	276	122	97	260	11	2	0	17035	0	940	0	352	3	0	0	1	0	0	278	170	186	3	137	148	814	2	138	25	0	2028	809	5	0	0	6	88	3682	3	15	0	29	12	0	4	107	0	0	572	1073	94	2	128	284	217	0	40	4	12	0	8	372	0	55	0	13	4	0	92	133	6	0	13139	0	0	0	128	327	900	49	0	616	0	2185	51	80	0	849	1824	0	10	6	0	0	3610	42	0	9	0	0	36	26	12	0
np0324	33	723	4	55	182	0	4465	0	0	0	821	20	31182	0	4971	0	0	6	1685	0	30	98	0	45	1	53	3	1567	0	655	0	5	79	154	0	311	2	40	3	720	0	0	0	44	235	2	3	226	0	0	13	243	38	0	246	134	19	0	7114	37	5	0	101	99	28	14	0	6	6	0	39	157	26	59	5480	22	0	0	40	34	255	0	7	613	0	11	6	2	133	121	6	0	9	6	60	21	52	88	0	10	1	76	25	21	57	0
np0325	7	211	329	3048	18	18	96	13	0	5	16655	158	210	9	560	32	11	9	120	266	39	237	0	343	122	57	15	94	47	818	7	374	211	683	0	1	16	33	82	4492	0	1	0	28	93	68	16	12	15	41	42	294	62	11	71	130	73	69	0	0	5	16	99	25	1708	102	7	133	33	12	1563	995	463	562	910	0	15	1297	94	403	398	5	0	338	27	1199	8	22	1	865	1410	3	178	164	0	204	60	136	116	46	7	60	31	60	439	6
np0326	9	2566	260	6563	52	0	563	11	7	0	57841	518	329	55	9852	56	10	536	7016	0	233	470	93	990	14	72	84	182	137	3257	0	10	2205	5051	0	51	719	70	95	10656	5	3	13	77	672	0	21	110	3	0	98	458	290	55	1277	1955	489	14	23	27	78	0	23	55	653	1062	5	366	47	38	5966	13478	951	958	93423	900	0	0	53	2594	16915	0	11	1673	0	1520	2	4	8	2221	1924	0	196	464	1	210	1474	1599	47	485	13	256	123	240	890	0
np0327	0	610	42	961	0	0	32	0	0	0	24281	71	198	0	1585	8	0	89	1219	0	0	533	31	365	96	30	21	25	0	472	4	0	71	389	71	0	58	7	17	902	0	7	0	74	65	56	1	9	0	0	0	357	19	5	210	493	51	58	12	374	26	0	58	18	276	178	0	54	11	53	238	0	100	1002	955	0	47	479	100	691	59	0	13	1863	0	653	6	15	4	1856	1311	24	283	9	0	9	167	328	1	16	0	66	39	24	827	3
np0328	14	571	191	6124	108	0	221	0	4	0	16139	202	92	2	3266	11	14	0	22	0	74	84	0	54	6	148	146	325	3	816	10	0	1861	1168	0	18	0	14	13	5263	3	15	1	19	94	37	2	49	1	0	305	618	0	6	87	1554	35	1	0	1	19	0	51	8	126	191	0	64	19	23	974	1588	49	1048	19262	0	0	1	90	756	862	5	4	144	32508	739	18	14	0	522	1159	5	76	1	5	6	86	403	0	11	4	133	66	17	137	0
np0329	10	1042	0	815	3	41	21	9	0	2	13417	21	43	6	358	9	7	29	252	85	10	83	0	896	48	14	11	44	10	393	14	29	153	399	0	0	24	0	11	1251	2	4	0	30	35	0	4	7	3	0	127	86	6	0	48	853	18	8	0	0	10	6	47	6	1258	78	0	15	12	6	385	650	56	421	4216	0	19	336	24	1458	337	0	0	177	993	464	0	6	0	922	549	0	105	75	0	27	146	40	17	22	1	174	39	18	104	0
np0330	0	111	426	6682	5	0	69	223	1	0	15579	138	315	53	809	18	24	42	400	0	5	683	0	2068	70	22	28	300	13	1253	63	0	409	1112	3	0	274	13	116	3274	0	0	0	0	90	76	14	0	6	7	63	160	209	18	234	360	86	10	1	0	36	0	159	30	1872	235	0	99	20	23	757	1647	436	302	2450	0	210	4409	121	1005	4824	2	6	562	0	726	8	27	10	1691	726	20	267	85	0	23	657	429	2	42	4	41	47	25	724	121
np0331	383	1291	66	2337	54	1227	42	520	5	3	35470	703	250	28	794	25	54	22	3826	269	48	657	9	725	149	65	33	475	17	720	20	31	615	915	0	7	134	20	71	3872	4	26	2	93	78	25	19	27	13	65	148	157	40	22	174	1545	28	67	1	6	13	6	918	37	2360	188	2	75	40	8	953	2348	392	1737	1860	2	31	1128	105	2484	362	9	0	1265	756	1728	17	18	0	1953	1632	8	250	189	0	112	454	141	46	143	11	237	67	48	312	0
np0332	0	5119	0	2238	0	0	1	0	0	0	145787	27	2476	0	3291	262	0	0	0	0	0	5	0	0	0	11	3	3	0	58	0	0	17	462	1	1633	0	1	8	145	0	3	0	0	39	0	0	6	0	0	107	655	43	2	0	29	5	0	8	0	0	0	0	14	0	32	0	13	42	1	3637	0	42	4	1	0	0	0	4	64	108	0	106	97	0	2	1	0	0	22	9	2	9	0	0	19	13	960	0	7	2	5	0	2	6	0
np0333	42	2864	58	676	26	37	61	97	96	6	10906	46	254	9	2545	17	0	4	432	235	29	220	24	3025	377	68	32	323	8	2274	14	14	851	3152	3	115	92	15	825	4370	15	0	12	45	65	25	17	16	0	0	611	179	45	25	969	1026	25	61	3	0	155	20	59	8	1630	380	0	16	22	5	381	657	68	1033	65138	0	15	640	56	1007	1145	6	4	1104	2506	504	3	11	5	1812	771	9	271	200	0	101	187	428	16	35	4	51	171	40	222	0
np0334	0	21	0	297	0	0	552	0	0	0	5511	13	19	0	2906	17	5	0	31	0	1120	35	5	477	50	17	38	13	8	1938	0	20	135	1078	0	53	6	47	294	3936	2	3	0	11	89	0	4	13	0	0	36	80	18	5	105	9	20	71	1	5	65	0	3	7	36	95	0	152	6	0	62	9	88	69	17341	8	0	0	13	20	26	0	0	91	0	61	0	0	0	993	105	0	69	27	21	46	4	285	0	9	0	3	61	14	161	0
np0335	7	423	36	2109	17	5	24	71	2	0	9708	216	77	2	752	1	0	8	61	82	16	161	0	234	35	5	64	276	7	312	4	10	76	415	0	3	35	9	63	1790	1	13	4	17	18	27	5	5	4	17	1	159	202	0	27	343	18	18	0	0	2	2	200	19	670	68	3	38	19	8	610	133	88	841	5198	0	15	301	69	647	2384	8	3	294	234	326	0	7	0	656	652	5	49	52	0	36	224	55	12	10	0	22	32	30	91	0
np0336	0	98	212	1348	28	0	43	133	8	0	4470	34	530	14	620	0	6	1	679	0	0	177	0	553	14	3	38	249	2	625	13	0	225	491	3	3	144	5	89	2248	0	0	0	0	40	32	1	0	0	0	182	158	43	12	212	200	20	11	7	0	17	0	181	25	449	72	0	22	6	7	183	846	388	371	3145	0	85	4451	39	280	575	0	0	637	0	127	0	2	0	872	427	6	143	15	0	3	688	162	0	1	0	268	34	1	288	22
np0337	1	104	0	35	7	1	1	0	0	0	1238	10	10	0	113	0	0	4	17	18	0	11	1	63	1	2	0	3	0	78	0	4	25	111	0	0	0	0	5	424	0	0	0	2	12	0	0	1	0	0	0	23	0	0	0	74	0	19	0	0	0	7	24	0	73	14	0	3	3	0	64	46	4	84	183	0	1	60	2	181	22	0	0	21	49	8	0	0	0	278	124	0	21	8	0	9	20	6	0	1	0	5	14	0	20	0
np0338	56	938	17	200	8	16	28	45	0	0	2805	21	79	1	720	5	0	5	299	121	20	85	0	979	55	17	30	160	4	580	6	4	491	420	0	9	13	6	110	8037	1	19	1	34	118	15	7	0	0	0	10	105	527	4	919	289	21	25	1	0	23	25	25	7	451	117	0	7	6	0	135	191	52	1290	30139	0	25	583	35	147	902	5	0	465	125	473	4	8	17	1243	799	4	52	58	0	40	987	265	3	6	0	4	119	8	208	1
np0339	40	1147	101	3763	25	93	142	105	5	7	30325	184	425	30	1043	54	26	29	623	315	58	430	11	1168	168	123	24	174	78	1806	16	201	175	1231	2	4	161	60	94	3635	0	9	9	71	141	76	17	11	45	149	26	419	78	9	200	594	139	242	0	6	20	44	357	40	1620	165	31	124	46	35	1850	932	331	434	277	0	286	1067	132	938	732	2	6	858	30	1665	15	55	6	2857	2601	6	303	334	0	289	307	134	61	66	31	54	74	126	715	0
np0340	28	489	19	1482	20	7	49	29	0	0	26509	91	156	8	938	12	4	197	28	0	43	94	0	826	1	28	19	118	7	463	0	4	118	1249	0	116	0	3	13	1896	0	0	4	108	41	17	3	12	0	1	0	116	64	6	125	573	94	0	128	0	31	0	0	26	1421	191	5	42	15	38	1059	3089	196	705	2493	0	0	0	49	448	562	0	8	243	0	1102	9	0	2	233	348	0	131	6	0	5	397	57	122	31	0	256	57	13	110	0
np0341	0	2202	0	124	0	0	0	0	0	0	65300	22	156	0	950	8	0	0	0	0	0	4	121	0	0	6	4	123	0	55	0	0	2137	556	3	90	0	3	82	99	0	0	0	0	12	0	0	4	0	0	63	186	44	0	0	28	2	0	30	0	0	0	0	9	0	23	0	5	58	0	89	0	20	1	6	0	0	0	6	28	81	0	7	71	0	0	3	2	0	21	5	2	6	0	28	14	367	15	0	4	0	0	0	3	1	0
np0342	96	1746	30	3384	20	2	44	104	5	0	19485	32	65	7	1405	18	0	3	445	92	15	75	10	258	41	10	6	329	9	347	3	17	86	878	0	4	63	58	32	2092	0	8	14	17	21	12	12	5	38	19	616	307	9	11	41	370	61	67	0	12	2	10	304	11	811	21	0	6	45	20	503	166	249	835	627	0	15	357	34	913	120	5	0	837	271	2424	0	0	0	1104	1239	5	95	71	0	52	92	40	17	10	22	37	27	37	215	0
np0343	26	540	451	14083	95	0	523	29	0	0	23970	1169	535	101	9011	105	145	362	1009	0	225	652	103	1858	30	247	604	187	100	7807	0	103	338	10237	0	26	254	158	213	7931	4	46	23	209	404	0	58	257	12	0	177	1654	320	71	293	629	531	2754	4	27	55	0	18	65	325	3429	85	3242	52	22	2191	1026	1131	535	2707	54	14	2	159	2266	490	0	23	1325	0	1460	10	4	15	9494	2017	0	338	285	4	851	360	2645	27	789	3	40	107	431	4782	0
np0344	94	7	2	8	6	0	262	0	11	0	141	0	6859	0	571	2	0	4	20	0	1	3	20	9	0	83	2	211	0	19	0	1	102	51	0	43	0	9	2	123	0	0	0	0	3	0	0	291	0	0	82	11	6	0	153	11	0	0	1140	76	1	0	25	2	5	7	0	1	1	0	6	10	7	3	737	0	0	5	39	10	39	0	0	37	0	3	1	4	0	17	3	0	0	4	228	6	1	12	0	1	0	1	17	9	4	0
np0345	54	945	29	830	79	35	22	60	0	17	18760	43	68	7	659	22	0	13	203	387	19	168	3	945	62	18	27	300	22	1246	8	33	306	1032	1	2	30	9	45	3062	0	44	3	46	44	15	7	6	8	6	65	345	12	5	80	1344	61	54	0	14	11	62	72	9	2016	92	1	28	23	11	707	617	146	1369	3259	0	88	953	20	2114	742	13	0	336	915	587	7	5	0	3306	853	4	215	101	0	121	314	81	187	131	7	138	100	32	322	0
np0346	156	112	95	1754	27	17	189	4	0	0	9769	104	138	10	379	24	8	55	91	0	5	171	0	167	10	10	15	60	0	312	8	18	122	477	9	1	0	44	10	1423	0	0	0	0	56	16	2	0	1	0	13	135	96	7	32	94	108	20	3	1	0	0	2	21	179	71	0	83	8	0	434	155	114	249	142	59	14	205	11	91	399	5	4	262	0	606	0	0	0	314	410	1	56	32	0	70	204	310	37	7	6	8	13	37	108	4
np0347	18	439	0	2426	13	0	6	1	0	0	12359	339	46	11	306	4	4	0	115	0	0	36	1	21	21	24	23	114	14	165	0	45	41	398	0	2	0	1	4	325	37	9	1	0	14	0	0	5	13	0	2	326	7	5	9	242	72	28	0	0	1	0	0	3	0	31	75	12	10	10	433	159	10	97	1035	67	0	0	21	48	516	0	0	127	0	1149	0	0	0	2507	1342	0	14	23	0	2	5	18	10	6	0	7	17	5	418	0
np0348	342	940	28	5365	62	0	8	62	5	0	11558	0	139	35	244	2	21	4	55	52	14	103	16	228	50	9	12	251	11	233	5	1	87	199	0	2	48	3	59	1134	0	4	0	14	9	14	2	2	3	20	84	220	4	0	30	408	85	146	1	1	7	4	260	2	696	37	5	44	24	9	496	372	99	689	1001	0	8	305	16	1008	109	2	0	185	228	1986	0	0	0	1083	1230	3	108	44	0	26	58	33	13	11	2	26	26	7	252	0
np0349	14	2300	69	316	39	34	64	61	2	0	9248	30	89	2	548	8	0	22	298	166	84	67	0	851	25	22	27	227	4	1230	1	4	480	1572	1	1	14	12	10	7737	0	20	0	27	66	23	8	5	4	0	26	189	35	4	77	376	70	18	0	0	17	18	33	5	699	59	0	26	9	3	436	461	110	1280	5540	0	17	508	24	1566	468	4	0	235	882	273	0	0	0	1261	535	1	118	30	0	85	170	115	15	16	5	131	37	55	117	0
np0350	21	1421	60	1390	54	7	25	196	5	0	20918	151	187	13	742	28	15	39	286	384	39	238	3	906	148	41	57	250	28	820	24	44	714	932	0	0	127	18	46	4647	0	28	2	76	120	19	13	9	17	61	6	237	27	14	148	1226	40	92	0	2	17	22	934	17	3164	122	0	45	34	24	764	947	289	2310	3471	0	58	1340	54	2873	569	14	0	495	954	1356	10	0	2	2575	1499	18	301	239	0	120	285	130	58	30	12	116	84	27	335	0
np0351	0	545	0	9788	0	0	122	0	0	0	4351	0	228	0	2686	0	0	0	0	0	0	3	0	1	0	2	723	0	0	286	0	0	1488	292	0	0	0	5	2	3653	0	0	88	0	640	0	0	0	54	0	0	114	213	0	463	191	405	0	15	0	2	0	0	49	0	0	0	0	54	152	0	0	19	0	3	0	0	0	4	1422	7	0	0	269	0	321	0	4	46	0	0	0	0	0	18	4	702	84	0	0	0	0	0	0	28	0
np0352	0	750	412	11726	0	0	63	0	3	0	109141	1013	322	33	3147	48	5	1218	13388	1	0	3359	0	3288	263	221	69	1023	0	1403	270	0	1345	4056	11	27	2	25	65	4491	0	2	0	664	128	134	45	49	13	0	0	460	222	27	254	3651	137	34	3	1	43	0	29	88	777	623	3	203	65	74	1356	27	704	3151	5360	0	22	159	285	10680	71	0	16	4903	0	1582	19	70	0	3446	1892	2	880	23	0	43	2112	850	13	154	8	162	86	167	2725	10
np0353	11	844	16	371	25	21	24	20	0	10	8187	29	48	3	554	9	3	12	113	159	6	80	0	414	34	1	25	28	8	630	0	0	96	587	0	0	13	3	31	2133	4	23	0	26	25	11	0	10	0	10	18	101	9	0	68	549	12	40	0	0	10	8	42	14	876	38	1	4	11	6	310	275	51	611	997	0	30	359	14	1478	209	2	0	207	1053	173	0	5	0	986	364	3	88	54	0	81	161	33	17	17	7	67	46	19	115	0
np0354	97	527	53	599	28	8	11	31	0	30	15143	39	46	10	345	11	10	9	167	327	7	66	8	608	42	20	42	87	12	328	9	69	133	407	0	15	6	10	153	2792	10	12	4	29	18	6	1	6	5	0	453	208	39	1	44	167	65	665	1	1	8	30	22	11	773	51	10	22	17	9	438	327	132	432	8641	0	91	631	19	398	126	3	0	185	271	811	5	5	6	2588	1074	2	109	228	0	91	276	23	19	11	0	7	39	10	427	0
np0355	66	2951	62	3406	40	221	102	264	0	117	43469	107	316	21	2738	30	21	24	823	985	66	721	0	3457	412	88	70	513	45	1571	29	53	249	1637	0	18	425	46	23	5167	17	31	5	122	358	61	75	17	25	122	5	614	60	24	363	1100	120	779	1	1	71	10	268	21	3408	168	25	84	26	39	6197	1145	265	587	6395	0	560	6020	79	4200	630	25	0	803	13785	2276	13	23	0	3793	3026	48	440	1152	2	665	391	232	79	68	2	545	504	108	924	3
np0356	77	271	556	4124	83	53	77	60	8	121	20720	196	229	31	651	52	38	17	154	474	60	471	0	612	352	43	55	120	29	1050	15	444	242	1079	8	0	13	55	108	7270	6	14	7	71	112	73	28	16	24	53	11	856	181	9	92	250	102	165	0	0	14	62	16	29	3464	246	17	145	52	14	1704	356	678	906	529	0	47	889	76	441	1298	9	0	369	11	2679	8	12	4	2219	1952	6	285	342	0	433	631	169	376	593	2	194	35	49	989	34
np0358	22	881	1127	7246	102	93	252	72	5	7	43820	370	944	71	2354	131	58	29	477	629	103	614	0	992	135	231	52	428	151	3884	45	690	1122	3127	19	3	40	134	271	12261	3	11	5	87	310	126	44	81	12	81	111	931	188	32	312	373	251	158	0	7	47	85	345	114	4332	318	17	285	85	31	3301	4592	1101	2278	5208	0	85	3708	287	959	1135	12	18	1059	60	3872	31	58	19	2752	4470	1	332	210	25	641	294	530	215	89	62	166	118	216	918	0
np0359	0	24	79	583	0	0	26	45	0	0	883	23	100	2	216	0	2	1	79	0	0	110	0	359	7	6	8	101	3	220	6	0	38	143	4	2	67	2	3	478	0	0	0	0	32	24	3	0	0	0	16	13	12	2	45	38	6	1	0	0	5	0	84	4	80	39	0	9	0	0	35	66	21	10	613	0	9	247	28	106	260	0	3	93	0	18	0	5	3	136	19	2	44	9	0	2	69	90	0	2	0	8	9	7	139	18
np0360	113	926	12	1657	33	12	260	8	0	0	21618	60	157	0	1298	44	1	29	31	0	92	102	0	1169	13	14	76	46	1	635	0	0	111	1099	0	5	0	32	6	4652	0	0	0	212	96	54	4	8	2	0	2	417	105	8	121	516	142	24	47	12	21	0	0	69	991	246	4	34	27	66	804	1834	322	339	8547	0	5	0	43	362	930	3	3	246	0	2711	2	0	0	1441	940	0	99	40	166	17	336	262	751	332	0	466	41	13	226	0
np0361	48	3405	24	2585	14	19	120	86	1	277	61176	137	133	20	1373	4	0	5	211	1623	380	279	19	2353	1087	38	34	127	76	695	8	166	249	358	0	106	457	99	35	1007	49	4	0	41	241	8	72	7	11	6	9	295	12	11	188	1179	12	130	3	0	52	10	109	4	6100	108	28	20	31	52	5195	287	141	1884	8173	0	250	2592	35	410	607	9	0	313	234	1134	6	7	0	4460	2100	100	303	572	0	512	106	55	197	19	1	59	116	10	1095	3
np0362	198	143	36	1710	43	281	220	7	2	0	20549	98	332	11	1650	21	7	95	3145	0	13	362	0	687	36	8	31	238	0	728	22	5	131	2209	4	1	13	30	18	2105	0	4	0	0	129	23	5	2	7	0	0	153	154	21	107	674	259	5	0	0	23	0	4	38	345	164	0	50	8	12	469	243	101	675	1051	153	19	743	20	1441	6737	3	0	557	0	1192	3	5	0	1072	1429	0	101	49	0	46	251	1653	12	49	2	82	35	30	68	1
np0363	4	131	0	129	14	0	6	13	0	0	2435	11	12	0	70	2	0	0	36	51	4	27	0	111	6	4	16	17	6	84	0	7	14	108	0	1	11	0	0	592	0	3	0	10	12	0	0	0	2	0	1	41	0	0	16	155	1	0	0	0	2	0	89	0	309	6	0	6	3	0	77	71	32	259	253	0	4	137	5	319	48	0	0	40	109	100	0	0	0	348	181	0	31	15	0	15	24	16	12	4	1	13	16	0	34	0
np0364	25	823	77	1046	13	41	16	46	0	11	16962	49	82	3	442	6	15	58	141	244	10	162	5	274	101	30	19	233	11	743	6	21	167	872	3	0	60	14	47	2374	0	3	8	87	22	18	6	8	18	46	9	140	7	5	25	889	12	1	0	0	9	7	56	11	2126	51	1	40	18	15	772	459	140	1715	1810	0	19	457	28	2214	260	4	3	231	219	820	4	9	1	2502	718	1	134	75	0	97	37	79	25	17	14	101	57	15	163	0
np0365	1	68	31	3345	71	0	43	0	0	0	17865	1101	99	25	461	52	0	0	0	0	0	46	13	14	14	83	19	199	59	327	0	600	1438	609	0	417	0	0	759	601	0	0	13	0	759	0	28	36	14	0	924	1087	20	2	8	107	193	203	95	7	9	0	0	4	3	247	0	85	55	1	1337	400	156	463	1651	0	118	0	74	2	151	0	0	247	0	1134	8	20	0	3712	1584	0	64	5	8	0	22	8	0	0	0	0	64	0	335	0
np0367	0	1146	110	2884	36	0	57	0	7	0	23830	130	223	21	774	6	7	286	769	0	44	388	0	943	88	30	21	458	0	941	51	55	836	1091	0	0	365	6	29	2242	0	6	0	12	14	71	6	2	0	0	6	43	151	16	76	404	244	5	0	0	3	0	11	12	965	135	1	125	11	22	644	138	1511	946	10146	0	32	1000	63	2178	2	0	0	315	0	619	0	0	0	1225	638	13	149	3	0	52	578	486	0	5	4	7	20	37	6014	0
np0368	0	598	318	9745	3	0	237	0	0	0	37769	660	644	14	3390	56	13	93	2416	0	0	2138	0	5882	362	213	34	151	0	1310	25	0	253	3474	51	0	104	66	15	4405	0	2	0	292	173	414	54	38	0	0	0	158	257	39	296	540	76	98	2	7	56	0	92	9	270	551	2	382	14	31	1058	9	377	629	1907	0	166	779	252	1371	195	9	33	1966	0	1302	15	66	2	1627	1365	21	514	22	0	65	871	1858	12	110	14	69	94	178	1325	65
np0369	0	99	0	1232	59	0	155	0	0	0	26669	9	27	0	4194	21	0	0	0	0	0	0	0	0	0	0	3	185	37	191	0	0	5	686	0	3	0	14	2	939	0	1	2	0	445	0	0	0	0	0	5	22	9	8	41	524	167	0	3	0	0	0	0	5	0	8	0	24	14	4	758	0	20	207	11	0	0	0	0	89	472	0	1	185	0	1393	0	1	0	42	221	0	0	0	0	4	126	103	0	4	0	2	17	648	9	0
np0370	11	862	44	755	44	5	24	7	0	0	15257	39	79	4	584	18	1	19	148	176	15	97	0	290	34	17	17	156	6	935	3	38	149	1007	0	0	13	4	46	1679	0	15	5	39	31	8	5	3	6	10	0	183	6	7	59	775	22	38	0	0	6	9	58	4	1264	50	4	19	17	9	632	519	114	1066	1223	0	31	600	20	1719	289	4	0	260	784	403	0	0	0	1598	813	0	117	80	0	127	156	61	33	22	9	178	65	29	170	0
np0371	72	636	6	84	2	0	0	23	0	12	3026	8	25	0	161	2	0	1	13	145	5	36	0	812	70	15	24	70	0	363	6	7	222	249	0	5	3	0	14	26994	5	12	0	3	6	2	0	4	0	0	0	154	3132	1	49	41	131	19	15	0	9	7	14	2	612	288	0	0	13	12	101	26	102	292	11573	0	6	2443	21	161	78	0	0	320	22	744	2	2	37	2027	1769	0	31	31	0	8	1066	92	0	0	0	0	178	1	953	0
np0372	0	101	5	495	29	0	48	0	1	0	46977	91	91	0	251	26	0	0	0	0	0	31	9	0	0	2	2	489	582	284	0	0	3	78	1	0	0	0	100	496	0	0	0	0	12	43	4	1	0	0	2	172	30	0	0	8	0	0	16	0	1	0	0	7	0	7	0	10	3	0	442	835	12	448	855	0	0	0	0	277	33	3	0	91	0	1043	0	0	0	20	231	2	0	0	0	8	0	11	0	2	0	4	7	116	103	0
np0373	19	321	252	4306	58	6	88	29	1	9	15308	200	220	22	506	36	19	29	126	292	71	216	8	461	196	96	8	165	62	572	4	1596	143	1176	2	0	19	72	259	11249	0	8	2	54	60	39	23	24	22	103	40	239	60	13	51	171	109	58	2	2	12	13	231	55	1405	209	5	150	32	12	1583	195	419	523	254	0	21	1168	100	201	331	0	3	249	10	807	8	29	5	1128	1129	2	280	187	0	203	68	89	136	69	32	26	34	88	336	3
np0374	55	956	39	650	53	9	60	42	1	26	12539	60	113	12	689	19	0	13	128	854	49	106	0	968	94	24	38	143	17	749	0	49	317	1116	36	51	22	14	36	4521	41	17	5	53	73	13	10	1	2	0	67	370	1	10	55	553	32	313	0	0	15	121	186	3	1160	106	11	11	25	14	1335	510	78	1485	4704	0	128	1530	23	762	292	0	0	251	484	223	3	4	0	5606	831	13	251	111	0	166	103	50	10	7	3	14	77	22	1012	0
np0375	5	224	21	471	34	1014	28	56	3	1	9224	133	74	16	468	9	0	8	66	55	216	192	0	200	126	13	33	279	16	602	5	9	601	322	0	3	37	2	3	1366	0	15	0	60	51	38	10	6	4	35	0	47	12	4	35	650	18	18	0	0	8	3	238	11	625	82	0	20	6	2	653	1091	55	503	4557	0	10	279	21	1036	84	9	3	155	94	464	1	0	0	1044	751	8	112	70	0	32	230	60	43	6	4	31	86	10	103	0
np0376	0	2783	8	118	0	6	174	0	0	0	1311	88	1296	15	1277	4	0	0	0	0	0	79	0	92	0	6	18	960	4	641	8	0	1281	1922	0	7	0	7	27	3446	0	0	0	0	19	50	20	31	1	0	34	262	134	10	116	34	84	0	0	0	17	0	0	5	0	5	2	7	0	0	106	271	23	2	4895	0	0	0	119	368	155	26	0	162	0	172	3	15	0	152	62	0	25	0	0	2	203	540	0	0	0	0	133	72	26	0
np0377	13	789	61	4830	31	12	14	139	3	0	12653	24	133	17	434	18	10	15	140	134	29	207	15	422	90	31	25	294	13	429	12	30	190	443	0	4	71	12	28	2336	0	10	3	28	12	16	11	7	0	25	23	94	9	8	43	1000	20	51	1	0	9	11	523	7	1323	64	6	28	28	19	680	924	168	1244	1964	0	45	623	24	1551	231	6	0	265	519	860	4	4	0	1424	918	10	159	92	0	51	132	54	37	19	7	54	38	14	190	0
np0378	72	758	0	218	13	0	286	10	17	45	7553	16	40	0	2298	4	0	1	109	90	636	70	277	1331	49	26	54	17	0	768	0	3	1064	347	490	109	19	13	20	528	6	4	0	26	2054	98	87	3	0	0	1862	385	3	36	611	286	7	27	20	7	26	11	22	0	675	177	6	2	8	5	126	31	22	842	32178	0	10	416	26	24	413	1	0	791	432	179	5	0	0	1647	931	2	99	81	6	39	42	61	0	22	5	0	82	6	146	0
np0379	28	290	12	500	15	0	21	52	0	7	10437	17	38	3	356	12	4	0	74	218	0	69	0	290	38	13	15	266	4	500	8	27	155	657	0	1	22	11	16	2027	0	15	0	36	10	0	2	2	0	9	0	132	5	2	27	301	13	47	0	0	4	19	29	3	1129	53	3	9	6	3	349	168	106	643	4299	0	38	311	16	540	80	7	0	241	199	676	2	0	0	1601	544	0	172	58	0	71	165	52	3	5	1	2	38	8	198	0
np0380	12	836	36	448	27	19	21	25	1	2	11839	42	52	11	403	11	7	72	117	193	15	74	5	279	24	11	10	266	3	633	4	30	164	730	1	0	12	10	32	2203	4	7	1	54	15	0	2	2	5	15	4	118	5	5	37	916	4	7	0	0	4	20	104	6	1571	65	1	22	15	7	443	353	154	1212	1301	0	14	349	20	1725	159	10	2	172	101	208	0	7	2	1644	309	0	224	38	0	69	169	67	22	4	6	56	42	15	88	0
np0381	22	622	10	519	50	50	23	65	0	14	11170	29	52	5	385	16	6	16	173	223	11	98	0	541	42	14	20	178	3	596	4	30	149	768	13	1	33	5	21	3055	0	26	2	34	25	8	5	9	3	15	16	121	4	0	57	912	32	43	0	0	0	10	59	12	1538	53	4	9	13	11	402	349	110	815	2899	0	50	623	14	1892	139	3	0	258	933	295	0	0	2	1333	502	0	141	76	0	91	599	62	21	12	7	85	52	15	127	0
np0382	49	1667	75	1700	66	91	51	210	2	49	40041	94	198	12	1160	49	6	27	311	666	54	316	0	1675	162	60	71	569	30	1588	18	88	749	2203	1	5	113	22	81	4140	3	85	5	99	127	18	23	19	16	18	14	331	20	7	282	1780	31	230	0	0	49	86	150	31	5099	169	5	44	40	24	1671	929	348	5093	6491	0	170	2290	81	7165	588	22	2	703	1577	1382	3	24	0	5809	2441	7	539	317	0	297	181	143	71	99	22	99	122	45	556	0
np0383	72	572	68	576	33	29	32	46	0	0	16397	40	44	7	370	8	13	12	208	148	14	99	0	532	37	14	17	56	15	277	7	17	139	498	0	1	8	11	24	3285	3	30	0	23	20	14	5	3	8	5	35	264	60	8	38	150	102	101	0	0	11	40	13	11	1002	45	2	19	14	4	488	539	191	341	9121	0	20	397	18	680	131	3	2	242	378	925	1	4	4	1190	812	5	87	68	0	78	678	59	19	17	1	76	46	14	215	0
np0384	0	2547	182	1888	2	0	46	1424	15	0	36575	31	939	22	2708	7	3	5	769	0	27	952	447	5549	313	24	124	745	0	2245	114	0	1492	1887	196	160	4871	6	85	8094	0	6	1	0	164	44	4	0	0	0	1150	607	98	20	1758	2138	31	76	103	0	146	0	904	75	2220	337	25	17	13	52	260	4331	949	2610	14415	0	1125	34299	140	1720	3254	8	0	1939	0	493	0	15	0	4650	1607	74	887	89	0	1	2267	60	0	7	0	259	102	29	1792	25
np0385	44	1460	257	1775	21	213	73	315	0	17	20716	78	183	33	672	18	13	101	507	292	31	353	0	1493	182	34	35	250	55	980	18	49	232	1055	3	0	185	45	37	3034	3	11	4	52	67	54	13	6	13	115	64	232	46	9	56	738	54	33	0	1	19	12	179	24	2834	65	5	68	31	20	1057	1184	287	1036	3992	0	161	1944	38	3791	471	9	3	328	5750	2127	2	15	1	2431	2260	20	175	244	0	202	348	141	66	74	4	269	62	42	325	0
np0386	141	3791	151	1096	92	11	742	99	13	0	5538	74	3432	26	1549	97	6	8	274	28	51	166	27	305	25	212	31	396	0	433	2	34	349	227	0	0	11	23	91	4176	0	0	9	38	245	62	35	115	0	3	21	295	212	36	134	205	63	53	736	0	14	49	27	52	446	122	0	56	13	9	440	66	232	188	1663	1	0	12	238	200	514	9	17	866	15	756	21	32	18	547	173	0	96	10	0	115	195	377	22	46	7	14	70	144	189	0
np0387	0	193	1	21	105	1	8744	0	0	0	699	7	32792	6	8545	0	0	0	2341	0	35	171	3	74	0	149	7	2244	0	773	0	2	16	156	0	602	12	30	8	1152	0	0	1	111	433	0	10	225	0	0	4	129	39	2	403	147	27	0	4166	21	7	0	342	106	43	27	0	0	10	0	45	192	13	16	5480	49	0	0	71	7	404	0	5	932	0	0	7	4	169	167	15	0	11	5	175	11	65	186	0	7	0	57	37	53	50	0
np0388	0	4051	217	1800	244	0	229	1289	20	0	10568	106	14508	27	3384	28	15	2	727	0	61	880	592	5540	71	58	147	2078	0	2743	21	8	598	2526	25	607	629	12	62	12603	0	8	0	0	704	238	7	2	0	0	755	874	224	28	3031	778	156	96	452	0	88	0	1482	125	602	322	1	75	5	41	218	1070	641	477	19979	0	275	6969	235	232	4026	10	4	6042	0	202	3	39	4	1704	790	34	295	45	0	3	2065	1358	0	4	0	142	973	36	1293	30
np0389	18	1093	0	1900	24	0	13	419	0	3	17399	102	152	1	1976	9	0	0	43	0	0	117	19	805	16	75	53	825	15	1039	0	20	1443	1849	0	6	0	0	29	4407	38	18	0	0	33	0	9	14	1	0	95	657	85	0	162	6200	125	17	6	0	21	0	499	47	10	168	16	2	17	23	210	20	10	538	5108	7630	134	0	45	274	14527	17	0	511	1	511	2	0	5	3027	1100	0	158	17	171	0	212	97	0	1	0	40	95	22	637	0
np0390	19	121	289	2285	40	25	38	26	0	12	11723	98	92	12	379	18	15	5	69	200	23	198	0	249	108	49	21	62	25	311	9	184	113	676	0	3	7	24	58	4181	1	5	3	48	36	27	8	10	3	38	10	226	48	6	41	106	27	32	0	0	11	27	18	23	1575	127	6	68	25	5	964	260	317	500	285	0	11	368	48	274	289	4	1	141	0	886	0	14	4	695	851	3	133	150	0	184	107	104	81	59	0	29	11	20	300	4
np0391	112	344	0	28	23	0	102	0	10	8	1181	3	49	1	2195	3	1	0	13	10	835	15	262	614	9	9	30	65	0	273	0	0	740	130	85	49	4	3	10	272	0	0	0	6	507	61	56	2	0	0	548	264	0	20	230	33	33	9	11	10	12	21	7	0	229	101	0	2	2	0	27	5	10	427	15922	0	0	127	10	1	102	1	0	450	52	37	0	0	0	529	292	0	18	31	1	12	6	31	1	4	6	0	15	1	72	0
np0392	78	4944	29	721	25	26	915	73	20	14	17629	45	683	20	4496	105	5	6	452	401	2962	227	309	3455	368	55	81	744	7	1792	0	28	1329	1681	3	105	99	89	54	11633	17	3	0	62	564	314	14	18	0	0	2537	151	17	18	2270	1119	31	70	5	3	141	44	171	8	2437	248	5	24	16	7	492	607	108	996	57780	0	45	1641	39	715	1754	15	1	772	5364	886	5	12	0	3630	1654	10	376	241	0	98	102	794	12	35	7	5	512	38	439	0
np0393	10	355	20	441	5	5	10	53	1	0	6318	38	34	0	219	5	6	17	80	96	15	70	0	251	34	7	14	33	12	230	8	8	168	301	0	0	43	8	19	1444	0	7	0	14	21	12	6	0	0	26	0	70	9	3	40	359	9	28	0	0	0	4	255	0	763	38	0	14	15	4	180	205	67	616	709	0	13	359	13	825	154	0	0	143	292	309	0	0	0	806	473	5	96	58	0	37	75	21	20	6	9	41	25	4	111	0
np0394	37	1233	181	709	35	43	150	76	0	0	14956	53	134	10	2015	38	9	23	532	95	40	197	3	801	33	36	34	237	19	1849	6	14	260	1765	2	0	5	23	44	7927	0	13	2	59	93	41	10	14	4	14	1	320	46	8	114	240	142	3	0	0	18	58	14	13	1027	109	0	36	26	8	710	889	242	784	3950	0	14	218	49	787	763	4	3	354	116	1336	2	13	1	1635	876	1	143	71	0	117	198	431	27	20	13	78	143	33	153	0
np0395	84	1897	12	4350	50	0	64	2	0	0	27998	936	461	73	1058	32	34	0	189	0	0	156	158	270	48	69	64	317	32	412	0	260	852	832	0	147	0	14	66	1224	171	25	2	0	64	7	1	14	22	0	795	1329	7	8	22	700	154	677	1	1	10	0	35	0	181	68	544	74	77	211	1105	179	41	383	6836	52	43	0	62	46	1030	1	0	291	0	2338	4	7	7	10382	3088	0	110	97	0	8	88	49	1	10	0	16	131	13	944	0
np0396	43	1534	193	725	52	151	117	146	0	1	14528	53	88	15	1130	28	6	33	503	155	43	264	0	795	69	19	36	209	16	923	6	30	191	2229	0	0	11	30	20	4415	2	1	3	52	84	63	16	18	5	10	2	344	92	9	118	306	200	12	0	0	11	10	19	16	908	105	0	63	46	6	533	1161	261	1049	2754	0	4	231	40	892	564	13	2	436	361	1888	3	0	9	1147	1054	2	130	86	0	132	324	562	53	43	13	119	65	41	186	0
np0397	0	1026	1758	17594	15	0	360	1387	0	0	25311	398	5707	88	8113	75	98	66	3358	0	72	3692	1	8894	302	162	226	6368	36	6044	95	0	1293	5557	0	0	1657	81	81	13294	0	8	2	0	790	517	64	21	3	41	0	532	617	110	1611	1143	200	29	4	13	198	0	2309	90	2700	1209	4	409	36	34	1155	1707	719	560	23233	0	184	6525	836	3184	10617	35	185	5672	0	1021	38	148	47	5894	742	78	1048	253	0	108	3321	3347	4	94	0	128	387	288	2226	337
np0398	0	786	118	3539	11	0	88	0	0	0	39642	149	88	3	5095	28	0	0	0	0	0	33	22	1	0	5	728	2494	0	223	0	0	3	1938	0	4	0	16	126	1230	0	0	132	0	6	0	4	0	0	0	165	1269	0	5	58	5	20	0	0	0	0	0	0	17	6	0	0	114	166	0	4765	0	2408	5336	13	0	0	0	5	29	1106	0	0	607	0	2279	0	0	162	11	228	0	8	0	0	99	0	48	0	0	12	0	41	0	92	0
np0400	377	5024	323	1323	156	724	326	613	0	10	34923	97	294	30	3418	107	14	72	1653	413	138	846	3	4592	289	79	132	740	35	2819	30	80	556	6085	3	0	124	66	36	27347	2	36	12	184	282	218	57	67	17	60	4	1274	361	21	553	847	817	25	3	3	70	55	113	80	2076	497	8	105	65	32	1271	2697	549	1698	16130	0	58	1017	123	2355	1624	63	5	1455	296	6497	21	19	10	3880	2731	22	498	262	0	327	2380	936	93	170	9	541	236	185	471	0
np0401	117	17	0	11	8	0	582	0	193	0	117	5	20491	0	1076	0	0	4	90	0	19	13	63	32	0	163	1	728	0	301	0	0	680	38	0	1224	0	19	13	392	0	0	0	0	2	0	0	454	0	0	6	10	17	0	155	20	0	0	4193	19	3	0	49	8	13	6	0	0	0	0	7	14	6	5	8940	4	0	5	107	6	33	0	6	125	0	1	5	17	38	49	4	0	0	8	600	2	14	6	0	2	0	4	21	14	7	0
np0402	0	1507	1	372	0	0	2046	0	14	0	2514	2	483	16	5281	0	7	0	4	0	0	2	34	0	0	10	0	0	0	1	0	0	0	122	0	14	0	123	22	15028	0	0	0	0	13	0	0	3	0	0	40	348	41	26	0	230	366	0	0	0	18	0	0	33	0	0	0	0	41	0	0	0	330	0	58628	0	0	0	22	2399	0	0	25	0	0	699	0	0	0	2	0	0	0	0	0	0	1100	325	0	0	72	0	0	0	0	0
np0403	10	88	0	54	6	0	381	25	1	0	320	19	122	1	2037	75	0	0	51	0	4465	23	0	2855	12	8	31	151	0	325	0	0	204	230	0	135	0	3	110	6459	17	7	0	7	115	0	1	7	0	0	878	151	1	2	2601	22	0	22	9	2	90	0	32	0	55	141	0	0	17	0	26	22	40	10	26041	15	0	0	2	0	152	0	0	308	1	316	0	0	0	791	247	0	14	8	0	0	0	372	0	10	0	0	65	0	93	0
np0404	0	6762	224	1055	161	0	642	0	62	1	33056	32	1456	0	7270	29	0	0	4	0	0	9	26	5	0	3	442	7108	0	312	0	0	9	12863	0	1161	0	182	3048	2275	0	0	70	0	7	0	4	0	0	0	1411	799	2	0	71	1	31	0	1	0	4	0	0	102	3	0	0	30	102	0	2323	0	1158	5035	17	0	0	0	8	123	2626	0	0	698	0	1151	0	0	258	6	91	0	2	0	2	18	0	290	0	0	7	1	82	3	8	0
np0405	12	905	45	1578	23	90	121	116	0	58	16873	59	196	7	1481	20	6	33	359	250	42	393	1	939	183	29	15	229	16	1151	14	30	145	1330	0	1	229	23	15	3896	3	8	3	70	80	38	5	5	4	107	7	260	25	21	206	442	91	78	0	2	18	10	104	12	1250	88	9	54	16	5	706	476	108	258	1801	0	109	1718	25	1590	297	6	0	336	8447	834	2	12	3	1353	914	12	197	251	0	139	242	170	26	52	4	194	172	39	259	0
np0406	32	1649	44	741	10	128	71	7	0	0	11779	41	69	6	1111	22	6	11	655	60	38	164	0	1117	23	39	11	62	4	574	3	11	207	659	0	1	8	21	15	1632	0	2	0	18	121	28	15	10	1	4	0	128	60	9	164	368	43	6	0	0	18	0	5	3	528	117	0	38	16	11	523	772	100	220	9862	0	8	258	40	932	1080	0	0	447	1369	672	5	0	2	510	621	0	74	59	0	63	511	241	12	16	5	90	91	48	65	0
np0407	0	3493	29	786	180	0	189	0	22	0	5372	42	4263	14	1595	18	3	20	799	0	1292	463	13	1708	36	47	61	2539	0	2990	20	0	764	2154	0	4	138	12	78	7605	2	63	1	137	33	130	5	0	0	0	50	204	34	1	569	419	115	0	24	0	9	0	28	2	410	71	0	20	6	17	176	101	1276	1728	19753	0	16	754	98	2401	2	11	2	650	0	288	1	0	0	736	831	0	70	0	0	10	693	2770	0	0	2	2	41	44	5162	0
np0408	13	416	28	498	19	0	11	94	0	0	6268	22	54	0	255	16	4	13	120	116	21	91	0	319	60	13	22	107	10	271	3	10	136	320	0	0	56	5	11	1650	0	12	0	30	17	12	7	0	3	34	0	69	9	5	37	400	16	30	0	0	0	13	443	8	1062	37	0	11	10	0	274	239	108	781	888	0	28	503	25	956	175	0	0	212	394	400	0	0	0	861	519	6	91	88	0	37	92	61	20	11	4	51	30	14	105	0
np0409	46	2064	43	865	65	37	27	98	0	2	20796	62	108	8	1016	32	5	31	328	343	40	200	0	2042	70	16	49	280	12	1910	7	37	438	1839	0	0	32	11	38	6764	0	47	0	62	37	24	6	3	5	6	15	204	27	11	99	1511	63	99	0	2	20	51	123	15	2822	87	7	20	19	19	723	668	114	1565	4628	0	86	1013	42	5341	881	8	0	435	1599	389	1	12	0	2644	1053	4	290	147	0	177	525	90	50	22	12	248	119	67	305	0
np0410	7	1139	83	3751	30	0	134	22	0	0	29368	280	128	38	1360	33	4	459	5286	0	43	336	0	1266	37	26	139	106	64	1510	0	15	1191	1431	0	0	1154	22	17	3466	3	5	8	105	61	0	7	25	4	0	13	489	267	7	328	3507	342	199	5	0	22	0	23	21	546	541	7	277	19	23	2432	2932	414	486	22531	636	0	0	16	2214	6749	0	9	1252	0	628	0	1	7	2191	626	0	164	774	3	222	1098	327	13	285	6	175	28	86	808	0
np0412	0	127	0	747	27	0	21	0	0	0	17486	42	16	0	1247	13	0	0	0	0	0	5	53	34	0	6	4	304	6	1733	0	0	48	491	2	138	0	3	52	1227	0	0	0	0	1225	0	0	2	0	0	157	58	36	0	212	12105	26	4	129	6	3	0	1	9	0	19	0	14	716	0	280	0	18	27	0	0	0	0	5	31	2085	0	4	147	0	33	0	0	0	2673	555	1	3	0	3	14	25	151	0	10	0	2	2	22	26	0
np0413	63	4269	23	2359	18	29	147	0	0	0	29639	403	415	8	1448	25	4	1	258	0	6	176	0	140	0	88	23	573	54	1001	16	2	368	1075	0	0	0	12	24	3005	0	10	0	0	111	4	5	25	5	0	6	149	56	9	37	854	76	161	0	0	13	0	52	32	557	131	6	29	28	75	845	284	17	1585	4910	27	22	0	75	1289	3144	5	2	468	0	1057	3	0	7	1255	986	0	121	19	0	26	157	771	4	5	9	176	115	40	105	0
np0414	40	1375	115	2646	53	15	84	319	13	5	29130	121	379	28	998	25	38	41	264	368	64	464	4	1078	211	61	74	663	28	1670	16	55	1938	1542	15	4	172	37	57	6251	0	36	5	78	67	59	20	14	28	73	46	287	53	21	120	1270	69	84	0	0	18	8	1071	36	3131	272	4	54	47	36	1036	752	362	2164	10651	0	75	1472	108	3700	1070	17	6	597	1112	1756	5	12	2	2515	2247	15	309	208	0	134	369	174	61	53	11	145	107	37	325	0
np0415	0	23	38	601	0	0	38	75	5	0	735	15	143	6	241	3	6	3	95	0	0	113	6	212	5	3	4	81	2	238	3	0	42	197	0	0	74	0	5	405	0	0	0	0	30	22	1	0	0	0	0	17	18	4	54	35	0	0	0	0	2	0	62	4	86	42	0	12	0	0	44	73	15	14	357	0	6	242	24	110	171	0	3	136	0	20	0	2	0	122	21	4	58	9	0	0	62	112	0	1	0	3	12	4	129	15
np0416	75	720	22	587	86	0	55	62	3	22	10599	52	130	12	742	26	0	3	126	640	56	100	0	716	86	36	41	93	11	590	0	94	300	883	41	85	18	14	114	2459	15	7	0	25	101	16	1	6	5	6	141	125	8	0	71	343	4	191	0	3	14	268	43	3	784	79	18	15	15	5	819	386	200	1476	7753	0	140	1757	35	191	229	9	2	335	517	479	4	8	2	5530	607	15	249	73	0	164	36	72	9	3	0	1	107	25	868	0
np0417	431	710	52	1200	21	13	23	1231	7	0	16205	603	1006	12	981	0	18	14	7319	136	18	522	15	373	53	41	33	408	12	668	7	23	214	720	0	6	59	18	18	2670	0	22	0	75	53	19	6	16	5	34	29	145	12	15	724	703	34	28	0	3	18	9	440	13	1268	150	3	30	8	0	398	2104	201	888	1035	0	37	625	76	1005	114	7	0	1644	412	1152	0	10	0	1422	1048	0	129	87	2	37	194	255	20	28	7	158	30	27	193	0
np0418	0	184	75	3764	0	0	40	0	5	0	81855	295	135	7	2108	19	0	15	4011	0	0	1599	415	1578	417	62	146	736	0	1140	53	0	106	1844	160	12	58	5	37	2713	0	3	0	393	45	62	1	11	7	0	97	1008	70	0	344	50950	17	120	0	375	30	0	84	51	518	331	12	20	57	156	274	40	173	1080	4603	0	53	536	84	919	10	10	0	2311	0	247	2	24	1	3411	160	42	1138	24	0	1	708	367	6	22	0	97	16	31	8314	0
np0419	0	210	17	227	7	0	10	26	4	0	1494	9	66	3	309	0	2	0	66	0	3	47	19	379	0	2	16	67	1	193	4	0	79	165	9	9	95	3	5	702	0	2	0	0	10	1	0	0	0	0	191	48	5	1	87	126	5	4	11	0	5	0	81	12	163	23	1	2	0	0	39	169	139	167	1948	0	40	2192	12	74	309	3	0	203	0	19	0	4	0	363	225	0	112	4	0	0	215	9	0	0	0	17	15	0	48	4
np0420	0	4856	0	187	0	0	91	0	0	0	8363	67	541	8	1626	6	0	0	2	0	0	459	0	133	3	20	6	438	0	1054	23	0	38	952	0	5	17	9	11	3174	0	0	0	0	2	29	69	25	0	0	73	3	131	3	752	152	2	0	0	0	18	0	82	0	0	9	18	0	1	1	116	103	9	9	2678	0	0	2	89	3836	527	30	0	93	0	342	1	13	0	414	51	0	48	3	0	2	32	295	0	4	20	0	136	45	42	0
np0421	0	293	32	108	50	0	4	7	8	0	1295	0	190	2	439	0	1	0	72	0	0	46	89	685	2	1	19	126	0	358	3	0	170	322	46	16	25	0	7	1453	0	0	0	0	26	3	0	0	0	1	381	149	41	0	90	170	3	1	70	0	10	0	115	18	89	37	0	7	0	12	51	103	230	318	5391	0	19	4703	22	127	385	0	0	398	0	34	0	1	1	644	717	6	153	2	0	0	166	12	0	0	0	29	31	2	22	0
np0422	0	438	779	10946	18	0	400	498	110	0	23534	430	2145	49	5744	46	101	58	1761	0	62	3010	50	9808	184	69	108	1624	15	5690	90	2	1032	4607	0	12	1082	100	68	9663	0	7	2	0	430	520	40	3	3	6	14	517	386	92	1210	791	162	32	26	3	128	0	597	62	2173	823	1	437	18	62	962	2090	684	535	11099	0	280	4936	366	2807	9921	19	78	3295	0	873	3	103	32	2812	437	80	914	244	0	72	2208	1860	0	48	5	88	246	111	3119	273
np0423	7	1536	23	1119	18	4	8	55	0	0	9413	108	54	18	577	22	4	4	43	79	10	118	0	185	35	14	50	437	8	1956	7	13	860	354	0	4	25	29	10	6445	0	2	0	9	21	11	0	0	6	19	0	94	74	21	298	1108	14	10	0	0	2	0	205	9	753	41	0	31	9	54	373	440	58	446	560	0	8	307	15	670	76	44	4	691	241	724	1	0	0	668	448	0	55	39	0	22	929	202	5	12	7	24	24	3	66	0
np0425	35	2024	83	1970	57	14	47	275	5	0	31733	147	1081	12	1830	37	14	36	328	428	50	401	4	1410	172	55	70	494	43	1612	23	51	348	1562	0	6	150	26	30	9815	3	35	3	85	94	38	15	15	12	76	11	253	57	19	259	1852	93	95	3	0	20	32	1209	34	3969	170	0	42	49	23	1070	962	629	2813	3380	0	52	1698	95	3603	633	15	0	3265	1241	1349	14	14	1	3444	2009	17	382	218	1	163	333	241	51	37	12	160	116	35	403	0
np0426	8	95	14	166	18	4	6	3	0	53	3226	14	13	0	108	0	0	2	33	93	3	18	0	296	26	5	5	25	5	199	3	16	75	177	0	3	4	0	17	458	7	10	1	4	5	5	0	0	4	0	25	70	0	0	5	253	0	28	0	1	0	34	15	0	335	16	1	2	4	3	186	95	23	204	753	0	75	366	4	157	77	1	0	70	138	127	0	1	0	1034	207	0	54	29	0	29	24	10	98	27	0	11	8	5	158	0
np0428	2	475	58	1732	17	0	55	10	0	0	12344	93	59	17	836	9	5	133	2611	0	31	174	1	607	10	7	34	109	52	999	0	13	238	846	0	2	729	14	15	1687	2	0	2	35	33	0	8	23	0	0	2	180	86	0	90	1179	29	41	0	3	18	0	18	14	294	242	0	140	6	16	1358	1661	156	155	7536	344	0	0	8	1380	1941	0	5	489	0	228	0	2	0	750	257	0	59	194	0	106	707	193	4	127	0	69	16	45	364	0
np0429	0	627	10	616	566	0	25	8	0	0	18006	261	2048	4	1307	126	0	0	1909	0	225	382	271	203	2	110	0	1198	0	2835	2	0	5	3743	0	1173	0	22	3	1218	143	201	0	0	25	0	13	89	1	0	2024	368	0	16	49	1804	24	0	315	8	10	0	0	1	0	310	0	32	11	0	2112	0	9	0	691	0	0	0	356	20	254	16	3	800	0	1346	0	10	0	15733	957	0	530	3	65	37	18	1148	0	0	0	0	65	5	1696	0
np0430	0	1026	20	434	24	0	102	14	0	0	4724	48	87	7	2165	9	0	153	2391	0	30	209	44	243	0	27	23	67	11	1158	0	7	88	1365	0	7	114	21	11	1763	0	3	0	71	81	0	12	28	0	0	6	174	172	8	259	1649	52	11	19	11	18	0	11	26	34	355	0	69	2	5	205	606	94	115	26002	279	0	0	22	1760	3055	0	0	763	0	133	0	1	0	809	237	0	100	115	18	103	555	661	5	58	1	72	38	62	282	0
np0431	0	9	3	221	0	0	390	0	0	0	6589	11	13	3	1461	26	0	0	12	0	1462	15	0	618	89	3	31	50	8	477	0	18	111	419	0	69	2	18	5	5473	6	0	0	2	64	0	1	6	0	0	103	89	0	3	95	0	10	11	0	1	75	0	3	0	163	24	3	50	3	0	129	9	58	12	19370	2	0	0	4	0	15	0	0	106	0	66	0	0	0	664	92	0	43	22	0	0	1	544	0	8	0	0	40	6	73	0
np0432	20	1138	58	1289	39	9	46	111	5	1	24356	145	104	13	650	14	7	40	250	209	22	200	0	695	100	41	50	172	15	664	11	64	235	924	2	0	98	16	25	3781	0	25	8	32	44	13	10	5	13	46	1	164	29	9	88	1049	28	92	0	0	15	17	770	12	1927	84	4	43	40	5	919	406	235	1446	3051	0	39	953	41	2199	560	0	0	397	688	1027	3	7	0	2121	1427	16	209	155	0	79	327	88	43	25	7	111	82	32	228	0
np0433	154	351	9	1642	92	2	107	25	66	0	24413	56	314	9	1201	67	1	0	11	0	54	237	0	228	8	25	11	147	5	1012	0	2	161	689	0	429	0	3	5	426	6	0	0	174	38	0	3	9	0	0	1	215	66	8	67	581	6	25	524	10	51	0	19	524	2848	611	10	15	44	10	917	2035	306	296	3867	0	6	0	61	7	990	10	4	140	0	498	6	4	9	833	795	0	294	2	11	366	43	418	1521	26	2	301	45	4	139	0
np0434	30	1011	36	1027	99	27	28	111	0	15	16717	105	175	17	978	32	5	10	227	972	31	176	0	1220	172	38	37	527	22	961	39	120	665	1134	0	28	13	22	194	3817	13	66	0	129	65	18	9	7	14	0	582	335	20	7	134	1125	78	204	8	44	21	0	186	17	2288	132	17	21	29	11	1171	1139	299	1510	8573	0	350	2114	60	324	230	23	0	439	1967	484	8	9	4	6919	972	4	533	441	0	169	632	78	4	12	2	4	217	34	1534	0
np0435	5	3028	8	55	178	0	189	0	51	5	10617	4	8926	0	3329	85	0	0	0	1	8	0	133	0	0	2	53	1938	0	398	0	0	0	1197	0	3396	0	79	3252	1681	0	0	1	0	13	0	0	0	0	0	13949	4201	0	0	36	0	64	0	4	7	0	0	0	8	37	0	1	1	3	0	249	0	156	348	65	0	0	3	0	222	715	0	0	56	0	815	0	0	5976	17	38	0	0	0	83	1	71	145	0	0	0	0	14	2	4	0
np0436	0	76	2	19	5	0	2	0	0	0	376	0	73	0	107	0	0	0	13	0	3	17	17	116	3	1	4	45	0	144	0	0	13	86	1	5	78	0	2	338	0	0	0	0	36	3	0	0	0	0	8	21	8	0	113	29	0	8	20	0	2	0	98	0	13	14	3	0	0	0	2	67	9	25	609	0	17	355	9	9	88	0	0	111	0	5	1	0	0	131	22	0	53	1	0	0	16	9	0	0	0	6	4	1	40	0
np0438	13	1390	32	1954	19	6	12	77	1	1	17034	207	65	7	566	10	5	10	75	104	20	162	1	258	68	26	52	344	11	716	5	22	294	381	0	4	53	12	11	2379	0	7	1	25	25	13	6	1	13	24	39	184	66	14	376	863	49	28	4	0	8	5	285	23	856	48	0	43	23	183	410	510	102	633	683	0	17	387	22	868	132	19	9	562	316	1843	0	0	0	1108	1608	3	85	39	0	33	1143	239	13	14	5	35	32	6	327	0
np0439	152	91	1	14	9	0	0	0	0	0	2819	3	95	0	797	0	0	0	4	0	1	25	0	511	3	0	5	77	0	267	0	0	86	277	0	15	0	0	61	845	0	3	0	0	40	0	0	0	0	0	77	184	41	0	33	684	40	0	14	0	20	0	2	19	11	58	0	0	1	0	23	5	36	169	14820	60	3	574	1	66	440	0	1	468	0	216	0	0	0	438	72	0	51	1	0	0	41	20	0	2	0	53	26	5	1	0
np0440	16	27	0	20	4	0	36	0	6	92	3142	0	16	0	651	4	0	0	5	6	380	50	37	855	39	4	30	20	0	168	1	11	342	152	0	92	1	0	14	141	4	3	0	0	525	45	8	0	0	0	318	82	1	0	8	23	7	10	29	3	4	0	11	0	497	42	8	0	4	0	13	0	0	537	11119	0	0	298	6	0	13	3	0	68	6	59	1	0	0	975	292	0	53	34	16	9	1	9	0	1	1	0	34	2	639	0
np0441	0	1204	97	1258	33	0	17	66	17	0	7432	23	490	12	1508	2	8	0	555	0	5	173	94	2232	7	7	23	428	0	970	6	0	427	1148	159	34	322	6	25	3910	0	1	0	0	119	16	6	0	0	0	914	341	119	1	829	382	8	15	107	0	32	0	254	61	715	115	0	17	6	10	199	870	851	744	12805	0	150	12892	55	433	2386	4	0	1191	0	128	0	2	0	1598	1207	3	318	12	0	0	1281	89	0	1	0	73	128	9	182	9
np0442	12	1550	0	1080	9	53	28	71	2	35	28117	68	78	11	1354	0	10	5	1654	594	16	215	0	5303	448	57	50	149	16	1121	27	60	455	1021	0	0	179	7	15	7025	31	0	0	82	113	34	17	5	1	0	0	277	104	8	953	1100	40	84	12	0	72	0	25	23	2288	268	0	38	17	10	554	551	170	805	21621	0	140	2409	82	761	1156	6	0	1179	463	835	9	0	19	3099	607	17	425	307	0	208	854	185	22	23	0	41	275	22	889	1
np0443	3	462	13	284	9	0	31	35	0	0	5012	32	642	2	350	21	1	0	33	65	0	41	0	180	12	4	12	99	8	223	0	15	38	507	0	0	20	0	3	1335	0	5	0	9	43	0	4	7	0	8	2	47	20	8	17	251	25	6	0	0	1	4	211	5	426	28	0	12	8	5	221	102	48	346	765	0	10	223	11	393	411	0	0	609	133	209	0	1	0	403	239	2	35	20	0	11	344	60	6	7	0	27	28	22	52	0
np0444	119	40610	25	1178	25	5	65	155	10	915	33282	189	5646	25	5660	8	4	0	339	1539	234	347	27	7964	987	150	225	563	20	2733	41	147	460	1200	4	258	191	69	135	1125	103	28	1	86	1222	10	708	27	4	0	22	749	7	43	1316	769	11	436	497	0	224	955	190	4	9149	439	48	21	29	224	2472	155	315	3636	29341	0	138	3864	171	53	1320	20	0	2675	69	1378	21	37	0	9172	2904	304	306	372	645	220	182	412	3	25	2	5	413	8	2867	0
np0445	0	9184	0	1026	232	60	123	936	4	0	40494	0	1991	13	468	5	11	0	0	0	0	672	0	112	0	1189	239	790	15	382	228	0	1981	428	0	0	0	54	14	8275	7	0	4	11	20	0	62	946	0	0	2	399	62	10	74	1153	63	0	39	3	37	0	14	44	0	149	0	255	5	0	1121	485	17	0	2704	0	0	0	941	770	571	46	19	1010	0	4427	543	534	0	714	2868	0	105	46	0	41	801	49	104	84	20	66	113	153	43	0
np0446	16	1276	81	1144	19	149	44	116	2	67	16635	50	106	8	940	17	11	38	374	242	26	321	0	1115	173	26	29	195	21	793	33	29	126	893	2	0	109	18	20	2184	5	7	3	47	45	29	11	7	7	59	12	201	19	5	116	573	42	55	0	0	20	10	43	33	1239	81	7	39	11	9	643	828	118	252	2083	0	44	649	25	2197	274	7	0	275	3870	1038	5	12	1	1461	868	13	210	202	0	174	194	123	17	28	3	270	82	30	252	0
np0447	259	16359	9	307	27	1	81	7	0	441	12187	57	15002	0	5124	4	0	0	47	559	254	236	3	4496	371	165	230	429	7	2936	15	44	414	955	0	159	38	71	45	901	59	53	0	42	1766	10	1231	32	0	0	6	851	0	61	534	333	14	170	669	1	197	317	213	0	6101	640	35	15	11	224	959	19	112	2890	38775	0	25	2125	156	7	307	0	0	3496	39	726	14	22	0	8736	2905	229	98	158	1206	90	28	835	3	6	0	0	376	1	1947	0
np0448	10	556	27	4732	20	0	27	88	4	0	13966	580	74	52	485	10	0	9	63	96	20	122	0	254	53	50	100	226	8	259	6	11	395	264	0	2	46	32	17	5143	0	8	2	17	43	12	8	5	23	24	12	89	48	12	161	689	13	24	0	3	5	9	322	12	821	130	3	202	76	77	932	746	120	683	706	0	15	375	52	1004	143	10	10	355	309	809	6	6	0	855	507	5	82	45	0	19	190	265	15	21	11	50	57	6	199	0
np0450	44	1477	446	3634	152	85	130	134	0	2	43040	244	364	42	2382	86	34	15	529	474	86	395	14	877	120	80	107	1021	106	3525	8	283	701	3709	8	0	34	59	110	6857	3	64	17	712	109	51	11	25	22	56	4	583	51	13	197	568	151	325	0	3	41	80	204	58	2565	179	16	122	109	49	2435	4980	1133	2343	2942	0	56	1851	132	1286	705	16	16	796	57	3315	12	18	10	4199	3355	2	408	178	0	272	181	441	80	56	32	289	89	59	620	0
np0451	13	1439	64	1700	54	28	64	163	2	11	30732	45	166	14	1057	14	9	49	358	496	43	307	5	1133	146	39	42	438	39	1288	16	104	339	1669	2	0	105	20	42	4570	5	13	8	87	55	23	18	5	18	44	15	228	8	14	103	1440	34	112	0	3	14	26	155	11	5432	107	12	34	39	19	1304	485	245	2006	2179	0	82	1049	52	4495	494	6	0	528	1353	909	10	15	0	3064	1346	14	520	268	0	237	267	155	71	59	30	194	84	32	367	0
np0452	18	2561	114	1765	14	212	141	57	79	0	23696	67	167	27	1363	27	5	14	594	147	46	304	6	1441	98	60	28	198	24	1258	23	64	215	1564	3	105	66	16	53	2634	0	3	5	39	93	41	12	16	3	17	5	252	65	11	140	1006	65	28	0	1	13	35	23	29	1319	264	5	51	15	9	1210	567	281	533	5419	0	18	291	70	637	3237	3	4	725	176	1408	9	24	2	1268	1186	5	147	129	0	85	436	285	13	22	8	31	90	47	175	0
np0453	10	590	27	1131	7	0	147	54	6	0	15236	8	2310	2	575	28	2	3	59	63	6	101	163	157	31	10	16	1049	8	448	3	6	66	460	0	12	32	8	164	1448	0	7	2	10	32	4	4	3	2	12	158	363	6	5	27	213	55	34	0	6	10	466	181	6	600	12	0	37	13	3	691	126	137	482	424	0	0	251	76	612	98	3	0	654	186	4069	3	0	0	512	1148	7	45	53	1	27	96	48	9	6	4	24	22	27	72	0
np0454	18	1216	121	826	22	119	66	129	5	3	16825	38	109	5	852	21	11	51	312	177	33	193	0	853	67	14	25	229	18	1119	16	7	201	1304	1	0	20	13	27	4860	0	2	0	39	57	47	10	8	2	13	4	160	67	1	97	462	114	13	0	0	11	17	12	19	1514	60	4	39	19	9	592	1139	215	622	4328	0	10	327	21	1751	525	9	0	371	244	1206	4	9	2	1234	973	5	152	71	0	104	481	140	44	25	3	226	85	53	122	0
np0455	0	2889	146	2254	0	0	89	0	0	0	99388	536	2053	12	11500	34	1	28	1765	0	0	2445	232	6360	601	220	101	148	3	1479	0	0	389	2972	361	35	641	57	35	2801	0	12	0	504	500	366	38	41	0	0	0	2385	54	40	3231	500	66	202	234	4469	155	0	144	13	707	913	6	105	53	107	1390	36	419	2765	13801	0	195	6420	356	657	280	13	8	25055	0	1075	12	81	11	8782	4904	526	580	48	0	13	253	948	3	51	0	176	138	112	2376	0
np0456	0	348	20	220	9	0	16	0	0	0	4270	51	122	0	1245	0	0	20	2229	0	0	184	11	1147	3	21	6	65	0	328	5	0	54	638	55	0	19	0	0	1799	0	0	0	88	41	33	0	3	0	0	0	201	2	0	412	651	3	2	7	35	21	0	11	24	92	139	0	18	0	0	59	16	45	183	3436	0	0	558	31	280	18	0	0	1327	0	157	3	11	0	689	462	19	74	0	0	0	307	94	0	0	0	48	34	27	1328	0
np0457	45	671	82	607	23	54	28	76	0	4	13844	27	31	5	340	27	0	15	274	105	16	124	0	611	28	14	17	59	17	296	8	10	141	429	2	1	14	7	19	5977	0	31	3	12	19	18	5	5	5	7	21	183	91	1	50	189	96	29	0	0	5	14	22	17	977	52	0	35	10	3	463	703	210	307	7375	0	11	226	18	846	203	3	2	260	401	1008	2	8	5	779	641	1	79	57	0	55	518	57	33	12	2	101	37	11	170	0
np0458	71	1863	44	2718	29	72	34	164	9	1035	25007	96	273	20	1441	16	11	38	497	1265	32	309	0	2921	428	50	68	340	43	1925	12	106	201	1046	1	167	304	22	338	3096	24	22	6	68	77	44	8	11	59	12	297	443	22	13	165	877	63	578	0	1	75	16	225	15	1808	86	85	81	15	35	1237	1265	153	579	7072	0	1684	6027	45	1169	324	18	0	548	6281	1171	9	12	0	4549	3161	11	282	683	0	504	155	124	28	50	6	59	135	62	1023	79
np0459	4	3	6	94	1	0	264	0	0	0	4123	9	15	0	870	27	0	0	2	0	2478	7	1	478	35	0	8	22	2	216	0	6	84	131	0	117	0	5	5	5860	3	1	0	0	58	0	1	7	0	0	40	74	7	0	84	1	3	17	8	0	50	0	5	0	111	27	0	20	2	0	60	0	32	5	17018	1	0	0	4	0	14	0	0	109	0	40	0	0	0	432	73	0	38	4	0	0	0	440	0	0	0	0	50	0	93	0
np0461	50	1949	302	3476	43	322	85	386	0	10	40635	150	328	14	1360	43	25	88	808	561	62	604	17	1767	432	73	46	433	89	1160	32	80	372	1264	1	0	307	61	79	4523	1	22	4	68	108	77	22	7	23	170	9	395	91	12	121	1130	94	60	0	1	26	5	198	40	4848	149	0	121	57	30	1853	2442	370	987	6302	0	204	3916	78	5570	852	15	0	581	9982	3487	10	20	3	3332	3566	35	314	485	0	268	453	171	113	114	9	520	134	90	533	0
np0462	0	261	25	484	0	0	9	0	0	0	29442	47	295	0	1491	5	0	4	469	0	0	440	95	201	133	23	21	17	0	479	0	0	70	739	203	0	220	4	10	176	0	8	0	19	133	16	3	0	3	0	0	618	4	3	162	230	14	45	6	2600	15	0	54	0	550	78	4	13	7	60	385	0	170	1337	928	0	48	606	59	0	17	0	0	481	0	234	3	7	0	8140	302	34	160	164	0	0	197	62	0	46	0	0	15	12	617	0
np0463	0	10	844	19415	0	0	269	0	0	0	13509	150	38	64	2590	54	71	0	0	0	0	0	0	0	0	0	0	150	0	378	0	0	2024	216	0	7	0	0	26	1926	0	0	187	0	118	0	4	0	28	0	997	495	19	0	0	959	77	0	0	19	0	0	32	6	0	6	18	81	108	30	2296	0	1076	0	11	0	0	0	0	146	0	0	76	152	0	0	0	0	27	1	0	0	0	0	0	2	0	1658	1	113	0	0	0	0	82	0
np0464	0	1233	0	13323	0	0	1132	0	0	0	1642	0	2564	0	4398	0	0	0	5	0	0	0	30	2	0	4	100	3	0	650	0	0	1780	1699	0	0	0	20	3	6667	0	0	26	0	375	0	0	0	32	0	20	58	45	0	372	149	122	7	283	0	2	0	0	97	0	0	0	0	31	161	0	0	24	0	0	0	0	0	12	1703	7	0	5	422	2	1211	0	8	12	1	1	0	0	0	0	2	154	581	0	0	0	0	0	0	36	0
np0465	3	973	29	554	45	21	19	61	0	0	13261	42	48	0	490	24	4	47	196	105	15	84	0	582	25	10	28	117	6	1036	3	19	139	1173	0	0	16	5	11	3560	0	34	4	49	37	11	11	3	2	6	5	156	23	0	45	689	56	10	0	4	3	6	103	8	1175	65	5	23	16	11	425	494	140	997	2172	0	30	397	19	1682	248	12	0	198	320	397	1	1	1	1404	661	4	151	42	0	40	606	88	38	6	6	105	46	26	119	0
np0466	8	313	72	1804	82	19	45	14	0	143	30036	77	122	11	489	18	23	1	89	1667	26	155	0	785	75	40	98	192	38	888	22	940	294	1593	2	65	9	21	866	9455	108	139	6	60	21	29	6	9	26	7	140	1225	307	7	66	233	186	1124	1	1	16	0	142	32	2231	193	28	41	83	19	1288	347	611	2217	4534	0	248	2675	80	176	89	26	0	324	53	599	10	6	66	8422	2057	0	391	127	0	173	680	100	16	25	5	2	69	29	1591	8
np0467	0	16	8	65	0	0	1040	0	176	0	446	7	10813	3	2089	0	0	3	855	0	19	46	77	38	0	144	2	917	0	326	0	0	34	100	0	278	0	10	9	819	0	0	0	2	5	0	0	275	1	0	2	16	18	0	539	45	3	0	900	13	2	0	129	4	42	22	0	1	0	0	24	74	34	31	650	0	0	1	89	7	68	0	5	299	0	6	6	10	9	126	8	0	4	8	302	4	34	10	1	4	0	1	27	13	6	0
np0468	32	55	6	19	132	0	1991	0	0	0	227	0	9614	0	1025	3	0	0	48	0	0	10	0	7	0	17	4	1657	0	313	0	0	182	294	0	48	0	9	0	209	0	0	0	21	106	0	2	60	0	0	8	139	37	0	15	8	9	0	5777	5	0	0	64	53	36	1	0	0	12	0	17	10	4	14	13829	1	0	0	15	6	10	41	0	119	0	0	0	0	117	14	1	0	3	0	20	0	67	31	0	0	0	24	39	23	101	0
np0469	30	131	6	2082	4	0	0	54	2	0	12823	18	22	2	304	4	0	0	2	0	16	83	79	119	17	39	82	86	2	327	78	0	9092	188	0	18	1	0	18	614	58	80	9	0	0	2	0	22	26	0	86	334	0	4	19	773	21	205	3	7	12	0	34	0	888	109	8	8	11	15	267	2504	2	1587	8327	0	0	0	33	4833	121	1	2	79	49452	90	6	8	0	7038	1295	0	329	9	3	0	130	48	0	4	2	28	20	2	571	0
np0471	1347	8871	3	373	299	393	56	309	3	0	51654	15	554	0	4770	66	0	0	2347	0	927	52	9	641	310	83	140	1390	10	987	18	71	0	830	11	0	0	0	32	7616	8	38	0	0	153	129	23	107	0	0	39	238	256	57	230	578	95	0	520	4	52	0	4	100	5098	413	0	167	17	0	1564	5636	0	2951	7013	1	0	810	191	2058	42	22	0	936	0	7620	14	14	21	772	1594	0	98	32	0	45	660	859	39	38	0	5	0	101	157	0
np0472	118	298	29	124	32	0	100	0	29	0	1086	5	230	0	422	9	0	0	60	16	131	28	0	1028	0	25	0	30	0	54	1	2	186	127	0	160	3	0	16	965	1	0	0	0	227	13	0	5	0	0	129	28	12	4	36	69	4	0	60	3	4	90	26	0	114	74	0	10	0	0	39	43	30	62	3551	0	0	26	15	116	363	0	0	244	71	95	2	0	0	94	27	0	28	8	7	14	12	66	0	3	0	0	18	6	16	0
np0473	1	90	5	876	93	1	65	38	52	0	22834	57	184	10	1771	13	0	0	9	0	98	208	0	143	21	28	60	143	1	1985	3	1215	394	795	0	314	0	165	41	952	17	0	50	0	30	0	6	7	0	0	0	596	408	3	151	2057	135	185	419	0	31	0	0	106	440	426	0	35	9	0	372	1162	1099	173	70	1155	1	2101	22	19	664	14	5	331	0	987	4	9	21	2186	1663	0	88	10	0	144	27	358	738	19	0	342	44	8	1663	0
np0474	0	31	12	403	0	0	7	0	0	0	1829	55	20	0	221	0	0	6	383	0	0	129	0	218	0	9	3	28	0	113	0	0	47	176	16	0	0	2	0	232	0	0	0	13	4	18	2	5	0	0	0	16	12	0	27	31	7	0	0	3	2	0	1	4	15	22	0	28	0	3	68	0	18	83	300	0	0	26	15	102	3	0	4	84	0	100	0	5	0	65	55	0	12	0	0	0	50	343	0	0	0	0	11	5	118	0
np0475	18	1059	9	766	3	13	62	31	12	26	19342	51	39	10	462	2	0	3	168	247	84	66	32	855	148	9	16	48	12	314	7	25	96	284	1	64	41	35	58	508	10	2	1	20	91	4	17	7	6	0	91	87	10	3	60	355	9	64	4	0	8	6	9	2	2450	64	8	4	5	9	1276	294	54	614	3368	0	44	508	15	151	426	1	0	182	68	349	3	8	0	1229	460	24	77	92	12	42	89	44	38	9	4	54	57	9	181	0
np0476	0	322	4	425	77	0	18	0	22	0	15389	32	44	0	192	31	0	0	0	0	0	163	102	1	0	5	146	1095	14	1696	0	0	6	647	3	39	0	1	251	790	2	0	11	0	8	14	0	2	0	0	75	1425	16	0	19	90	8	0	41	0	4	0	0	0	7	5	0	9	92	3	137	94	16	140	13265	0	0	0	1	5938	31	28	0	97	0	500	0	0	0	618	580	1	6	0	0	6	6	173	0	0	5	3	17	35	169	0
np0477	0	432	0	1368	0	7	5	3	1	0	7304	63	14	0	365	0	0	0	86	1	0	70	1	53	2	12	7	80	8	115	0	3	60	347	0	0	0	0	0	431	15	6	0	0	8	0	1	4	0	0	4	45	28	0	19	578	13	7	3	0	4	0	4	8	0	51	0	3	4	8	161	112	1	117	803	106	18	0	16	184	4785	0	0	135	0	155	0	0	2	380	207	0	44	3	0	6	36	31	0	6	0	161	7	5	104	0
np0478	103	801	28	492	17	10	37	52	3	36	12281	42	79	11	744	6	6	15	185	627	18	154	100	905	86	25	22	104	14	465	4	26	144	595	0	91	15	9	40	1907	10	15	2	29	53	21	5	3	16	0	13	155	14	2	63	337	45	199	0	0	12	28	6	5	1038	71	4	15	25	10	506	437	96	683	5139	0	138	691	19	368	268	3	0	284	233	753	2	5	0	3136	963	1	174	158	0	153	80	50	16	18	1	29	88	25	533	2
np0479	0	263	9	400	1	0	0	0	0	0	2778	20	54	0	160	0	1	66	105	0	10	70	0	133	11	4	8	85	0	94	8	4	108	124	0	0	124	1	6	345	0	1	0	7	9	5	0	0	0	0	0	4	12	2	32	89	45	0	0	0	3	0	1	2	143	21	0	16	2	5	78	26	162	158	2119	0	9	177	13	824	2	0	0	91	0	79	0	0	0	141	120	5	35	1	0	7	122	87	0	0	0	0	0	7	1201	0
np0480	158	4665	11	599	10	0	86	12	0	921	17037	49	183	12	2011	4	1	0	56	244	1270	166	60	2360	162	41	70	132	9	607	0	40	350	298	0	103	13	246	36	419	21	3	0	31	322	8	829	8	3	0	102	286	0	24	129	530	19	174	48	0	37	27	196	0	4376	119	45	0	12	57	2109	42	74	3162	17003	0	25	1289	50	93	161	6	0	181	62	445	4	12	0	2935	1073	24	197	139	16	86	37	138	24	4	0	0	127	4	626	0
np0481	53	4024	80	2576	60	594	186	308	0	20	51290	162	337	22	3063	75	9	80	949	481	76	716	0	2235	369	88	69	633	41	1988	32	47	492	2812	4	0	149	60	31	6236	0	11	7	199	243	106	46	18	9	72	6	631	67	17	429	1092	163	28	0	0	44	16	79	31	3494	231	14	121	30	21	2158	2906	361	923	6612	0	49	2653	109	5048	1113	23	0	1074	6689	3144	11	23	1	3157	2857	21	530	378	0	276	513	604	97	79	11	364	362	119	511	0
np0482	12	508	178	405	3	30	18	7	0	1	8592	28	40	0	257	14	5	23	135	17	0	86	0	527	26	10	0	12	4	217	7	8	96	254	1	0	17	8	9	809	0	0	2	14	25	6	2	0	0	0	96	60	38	1	33	488	17	4	0	0	5	0	3	7	458	82	2	8	41	7	203	353	25	263	2524	97	0	110	12	613	243	0	0	193	570	210	3	2	1	416	246	1	42	34	0	30	153	20	11	21	2	83	28	0	52	0
np0483	0	33	99	2913	0	0	58	0	2	0	20208	237	22	13	339	3	33	0	0	0	0	1	2	2	0	0	3	0	88	18	0	0	116	0	0	0	0	4	209	37	0	0	93	0	10	0	0	0	16	0	53	236	58	0	0	7	0	0	231	0	0	0	0	18	0	23	0	63	134	6	451	0	11	1	5	0	1	0	17	541	20	0	0	39	0	0	2	0	0	2	305	2	5	0	0	7	5	35	0	9	2	0	0	0	21	0
np0484	465	1105	47	1253	18	465	55	859	33	3	15318	752	1082	11	544	4	22	7	3844	91	18	233	406	261	53	38	19	356	7	430	2	12	185	571	0	21	31	11	149	2675	0	17	3	83	36	12	6	20	0	23	617	159	98	7	248	1056	41	48	0	28	6	9	357	55	1006	77	0	26	13	7	409	482	130	617	850	0	15	450	95	811	104	7	0	1791	291	1197	2	8	3	1571	1324	2	81	68	0	34	1683	194	13	21	3	36	25	19	169	1
np0486	70	113	3	108	16	0	33	1	0	0	1011	1	632	0	640	18	0	0	3	0	40	14	0	118	0	3	19	207	0	308	0	0	270	279	0	231	0	0	0	1499	0	18	0	3	161	27	2	2	0	0	2	202	6	3	940	8	204	0	37	92	109	0	15	5	144	36	0	4	9	0	38	18	19	117	20332	0	3	0	14	5	57	0	0	51	0	339	1	2	0	1254	537	0	38	1	13	3	11	117	0	2	0	1	85	0	10	0
np0487	20	891	86	742	49	10	115	16	0	0	16302	57	105	14	969	31	6	0	241	263	95	113	32	643	35	22	41	341	16	1134	4	163	245	1707	0	0	8	31	26	6431	1	20	7	101	44	18	3	8	6	5	4	328	37	3	116	159	108	180	0	0	13	33	126	17	846	100	5	43	45	16	798	1155	267	493	3053	0	41	1000	26	129	222	5	3	202	29	1361	4	5	4	1439	1015	1	134	40	0	112	84	91	26	28	9	146	41	43	356	0
np0488	11	1100	50	511	26	23	33	27	0	6	12986	31	49	4	507	7	3	47	121	196	13	137	10	475	45	13	13	182	9	919	8	23	174	898	1	0	12	4	32	3393	0	11	2	25	20	11	4	3	5	13	4	128	7	5	42	1025	20	16	0	0	12	17	74	11	1647	60	5	17	15	10	509	367	108	1107	1493	0	36	355	18	2088	281	4	0	285	453	277	3	4	0	1632	506	0	223	52	0	40	204	60	8	19	11	114	61	22	120	0
np0489	10	461	53	419	34	19	29	21	0	0	8062	27	38	5	422	8	15	5	103	77	17	99	3	254	31	13	24	67	5	776	10	27	82	755	0	0	10	11	11	1814	0	2	4	89	19	11	4	3	3	8	4	171	23	1	46	77	86	53	0	1	2	12	34	4	412	28	2	33	15	6	381	688	140	285	550	0	14	177	11	224	132	1	0	130	0	664	0	7	1	430	498	0	76	37	0	47	48	57	23	14	10	113	22	22	118	0
np0491	315	3852	6	2457	178	1	1694	15	0	0	23875	66	449	21	693	112	1	2	17	6	507	1010	0	1402	96	19	160	1067	0	6119	0	23	604	2169	0	111	4	85	9	15788	19	31	2	282	100	33	6	10	14	2	4	1399	384	15	124	816	515	162	863	0	34	0	98	632	2367	787	86	10	50	43	997	1279	821	587	31196	0	21	35	45	68	738	26	2	407	30	3915	3	0	2	11834	4730	0	509	145	335	630	282	248	2436	417	0	8	25	17	1210	0
np0492	0	152	8	1404	205	0	72	197	0	0	37269	98	182	18	2018	57	0	0	45	0	122	456	0	132	45	35	47	1025	3	3823	0	1977	2193	2467	0	108	0	45	15	757	34	0	10	0	69	0	0	12	3	0	0	576	211	11	353	5980	30	531	2066	0	22	0	2	60	734	526	0	27	4	0	495	694	830	144	3	1157	0	2028	38	3	438	95	0	1034	0	3260	7	9	75	2198	536	0	191	23	53	324	23	415	0	13	13	25	94	13	3133	0
np0494	11	720	47	1096	15	6	27	106	1	0	32280	12	434	7	2381	98	7	9	90	98	27	167	3	301	71	16	19	948	12	467	0	17	107	1094	0	4	53	10	156	2895	0	17	4	24	47	14	5	6	6	23	46	194	33	2	41	380	10	19	0	0	2	208	376	8	764	34	1	46	12	9	463	134	482	1368	596	0	4	430	143	1030	153	7	9	990	334	1240	1	6	3	807	577	0	111	79	0	43	260	70	26	15	9	45	49	45	139	0
np0496	210	1852	220	6417	145	97	115	145	4	568	71110	113	502	94	2101	57	29	34	428	4714	80	506	83	4602	604	117	153	740	70	3661	21	919	1066	4524	4	551	169	24	774	7645	311	74	15	252	61	59	16	35	64	21	157	781	15	15	154	2208	125	477	1	28	33	429	305	10	11060	534	137	69	107	47	3356	1020	979	7326	18548	1	1017	5010	140	2443	754	53	5	1469	5691	2338	13	43	3	31555	2717	12	1662	589	7	636	168	276	32	77	14	30	265	73	4004	94
np0497	40	665	111	654	33	31	57	85	0	6	12957	41	73	8	929	10	4	7	427	137	20	135	9	761	51	8	33	125	17	783	0	22	209	1344	0	0	6	13	70	2713	0	19	4	33	53	29	5	7	3	8	2	273	27	9	62	247	96	12	0	0	8	30	4	9	1035	73	2	27	15	2	591	887	227	411	3739	0	15	338	20	454	359	3	0	235	125	1171	3	8	0	1519	1027	2	121	62	1	91	126	159	20	28	5	111	74	21	229	0
np0498	0	142	2	1988	18	0	25	0	0	0	29923	24	13	0	1028	22	0	0	0	0	0	1	5	29	0	4	7	419	0	2429	0	0	13	364	0	58	0	0	36	1279	0	0	2	0	2939	0	0	2	0	0	131	34	32	0	66	7340	8	0	52	1	22	0	0	13	2	11	0	8	335	1	492	0	28	44	5	0	0	0	2	32	2196	0	7	185	0	73	0	0	0	3879	321	4	5	0	3	8	6	58	0	8	2	4	6	44	11	0
np0499	1	55	8	2253	0	2	0	0	1	0	28381	456	919	32	1686	7	0	0	4389	0	0	521	4	2089	40	48	86	127	0	1556	6	0	0	982	0	180	0	12	128	1226	0	10	0	268	45	27	8	3	1	0	67	466	4	0	1026	563	110	455	15	106	56	0	44	4	0	372	27	18	32	5	567	0	371	88	0	4282	80	0	22	697	1389	0	0	1128	0	0	23	12	0	2951	1652	0	89	0	18	234	177	166	0	2	0	27	44	2	576	0
np0500	1373	7580	2	55	78	14	29	42	16	0	8933	3	2277	0	3261	19	0	0	5332	0	1897	41	0	335	20	24	27	1654	0	1102	11	10	0	863	11	0	0	0	3	7248	3	3	0	0	131	62	29	14	0	0	51	42	40	18	216	432	12	0	861	0	18	0	4	35	471	183	0	19	2	0	253	411	0	359	1798	0	0	140	67	941	46	25	0	1278	0	503	4	8	0	937	281	0	43	4	0	7	60	800	17	18	0	1	0	74	63	0
np0501	260	43	0	246	40	0	27	0	0	0	4924	8	60	2	386	4	1	14	33	0	5	68	0	292	2	0	9	102	0	202	0	15	76	149	0	0	0	5	0	559	0	5	0	0	21	4	0	0	0	0	3	100	19	0	32	261	163	20	0	0	6	0	0	4	77	6	0	2	5	0	73	477	14	466	345	155	8	136	2	71	491	0	13	311	0	231	0	0	0	754	74	0	24	10	0	3	19	51	0	8	0	4	13	3	40	0
np0502	13	1278	24	740	6	71	48	15	8	1	15011	25	63	5	770	4	0	6	285	133	23	118	0	1056	45	26	14	86	12	474	21	15	142	410	0	3	26	9	16	868	0	2	0	41	192	9	5	5	2	0	4	65	18	7	170	445	33	10	0	0	0	2	14	6	1540	70	0	9	5	6	415	817	66	319	4473	0	10	386	30	421	817	0	0	206	422	462	0	5	0	741	490	1	68	91	0	52	109	61	13	15	3	119	98	17	77	0
np0503	29	1149	12	4015	11	0	29	2	0	0	16895	534	81	5	376	12	9	0	350	0	0	110	0	74	14	43	26	157	36	190	0	49	75	342	0	2	0	7	9	1629	12	12	2	0	23	0	0	11	0	0	2	275	63	5	22	246	135	13	0	0	6	0	8	3	2	138	39	27	14	13	657	495	9	387	3572	183	14	0	21	670	2364	8	0	350	1	1880	0	2	0	1190	979	0	23	25	0	18	17	41	1	15	0	727	27	19	441	0
np0504	7	598	20	544	16	0	18	62	0	0	8034	38	72	0	274	12	7	18	144	123	15	93	1	375	63	14	19	115	19	318	7	17	194	418	0	0	51	8	25	1936	1	10	3	27	32	11	0	5	6	17	3	108	35	0	48	524	12	32	0	0	0	7	308	4	1058	34	0	15	15	12	248	293	125	845	1560	0	22	427	24	1027	245	0	0	229	339	487	6	0	13	982	617	8	108	82	0	62	108	56	19	11	4	65	29	9	116	0
np0505	22	475	47	1877	9	37	40	71	12	10	13472	87	147	8	398	12	10	9	281	163	13	170	2	594	116	48	8	65	26	735	13	105	62	490	0	3	104	22	42	1380	3	2	2	38	58	56	11	11	28	107	11	225	27	8	79	274	78	187	0	0	11	14	95	11	647	59	9	48	15	22	735	365	136	127	97	0	167	476	51	353	240	5	3	411	12	635	8	0	6	1195	1400	2	93	144	0	152	125	88	10	26	11	34	29	48	378	0
np0506	4	547	16	502	21	4	30	46	0	0	6722	31	51	0	816	13	0	30	135	81	24	88	0	491	58	21	18	24	14	518	23	13	83	466	0	0	46	6	9	2790	0	8	0	42	18	0	6	0	7	26	2	76	14	9	86	618	12	25	0	0	0	11	220	7	866	73	2	24	12	13	190	204	120	760	4425	0	3	261	24	1163	207	0	0	249	376	317	0	8	0	1566	620	4	114	85	0	74	117	63	19	12	9	70	38	19	126	0
np0507	0	333	63	726	0	0	38	0	4	0	65599	82	204	9	4755	29	1	30	5410	2	1	1501	127	1937	412	101	115	681	0	1690	0	0	284	3184	35	464	0	0	49	6500	0	67	0	281	27	47	6	11	15	0	0	1582	135	34	756	38745	22	32	141	0	49	0	62	155	1330	506	7	19	70	70	196	33	268	1510	12936	0	13	878	155	8675	7	7	2	2126	0	244	4	37	0	4895	413	125	1270	15	0	0	138	1359	10	30	0	213	17	37	3107	0
np0508	0	3508	0	191	0	0	240	0	0	0	13086	0	4	24	4328	60	0	0	0	0	0	0	0	0	0	0	38	45	1	32	0	0	0	521	0	140	0	1153	2	65	0	0	10	0	0	0	0	0	1	0	19	96	20	0	7	2	0	0	28	0	0	0	0	9	0	0	21	19	15	0	2509	0	766	743	3	2	0	0	0	53	130	0	1	2	1	114	0	0	0	3	0	0	0	0	14	0	20	157	0	0	62	0	0	6	199	0
np0509	28	2241	111	6825	96	2	21	119	10	0	14583	19	2294	57	1294	9	5	11	115	123	12	1254	15	273	74	39	21	1378	16	967	5	14	126	368	0	16	68	8	50	2358	0	17	4	22	13	13	0	7	6	24	94	60	8	15	61	2122	1	48	8	7	30	16	418	39	1038	122	23	15	14	8	937	1269	122	1452	3646	0	12	479	42	3189	129	4	3	706	332	1147	1	0	0	2372	562	5	299	66	0	46	110	66	13	14	0	32	42	17	134	0
np0510	6	812	54	1314	22	2	41	90	27	5	19721	41	1138	21	963	5	17	7	101	120	29	431	0	340	57	17	92	634	9	397	8	17	1007	957	0	5	71	9	31	2532	0	7	0	22	57	11	6	4	3	30	7	547	10	5	385	536	106	24	0	0	14	8	393	36	1012	244	5	34	32	38	336	223	115	771	4471	0	23	443	70	2228	3301	0	3	489	335	1555	0	0	0	847	2099	2	114	79	0	38	147	117	16	12	3	198	70	10	123	0
np0512	15	1814	139	1136	8	33	167	98	12	16	21837	115	232	12	1212	28	5	5	960	344	43	244	70	5277	209	55	38	113	9	680	10	16	594	503	9	6	377	35	23	2261	16	1	28	44	66	15	10	45	1	0	89	110	188	13	439	1062	62	107	0	3	36	0	33	29	3376	116	4	32	31	19	475	610	78	491	18290	0	45	1725	22	1325	1752	6	0	812	31000	412	8	8	14	2056	686	8	351	413	0	222	206	51	11	19	16	90	84	20	527	1
np0513	92	1229	366	4743	30	239	152	495	8	10	28813	211	506	61	816	69	40	31	578	280	38	404	5	1270	435	127	31	320	131	1785	33	360	269	1100	8	3	160	59	239	3694	0	12	9	73	116	124	13	31	38	353	115	478	108	14	152	566	215	85	0	0	15	33	275	64	2492	164	22	163	60	35	2106	1359	490	834	418	0	205	1004	167	812	1282	10	6	827	101	3008	17	43	11	3113	3870	16	226	396	0	306	332	243	62	99	65	41	84	109	671	0
np0514	7	433	14	467	18	4	9	59	0	0	6207	3	40	6	220	5	0	11	116	92	15	86	0	304	40	15	3	76	12	275	2	5	98	306	0	0	53	0	3	1437	0	11	0	17	19	11	10	6	4	20	2	61	7	0	35	422	14	25	0	0	0	5	338	2	975	27	0	12	8	13	216	236	87	761	1027	0	28	431	15	943	168	0	0	147	730	298	0	0	0	909	513	2	90	63	0	30	99	30	18	6	0	42	24	14	115	0
np0515	686	2591	3	77	43	0	34	3	0	0	1391	0	2215	7	696	13	0	4	0	0	702	164	2	9	3	29	26	751	0	360	0	0	230	1158	0	0	21	2	71	2418	0	0	0	0	40	80	19	21	0	0	7	33	15	13	119	603	13	0	0	0	16	0	6	0	0	649	0	6	2	0	78	11	58	3	11450	0	0	0	23	1876	235	24	31	329	5	158	0	44	0	792	167	0	106	1	0	8	24	135	14	0	0	2	102	47	75	0
np0516	65	232	13	457	116	12	39	11	0	43	15958	10	72	9	314	44	5	5	69	118	10	47	0	291	59	28	63	54	3	500	9	21	58	658	0	111	16	3	188	2550	24	75	0	27	8	9	0	8	24	0	151	386	21	1	25	383	90	535	17	0	0	12	54	5	505	32	8	5	4	10	295	77	107	598	4010	0	59	662	44	493	137	19	0	624	350	2203	4	6	22	5061	1021	0	48	183	14	131	549	43	0	33	0	17	52	17	350	0
np0517	7	561	32	634	18	2	15	83	4	0	8699	32	56	0	318	7	8	16	105	136	8	122	0	429	66	20	36	67	9	355	16	20	142	413	0	1	58	10	13	2203	0	20	4	24	21	14	10	0	4	22	0	102	8	8	62	591	21	31	0	0	4	9	421	6	1272	47	0	16	13	7	290	311	117	1026	1018	0	24	510	28	1234	234	0	0	213	393	498	0	0	0	1257	721	8	110	86	0	50	135	40	35	8	8	76	50	15	152	0
np0518	0	273	379	6856	0	370	68	0	0	0	33814	875	252	110	1544	44	0	0	512	0	0	652	0	2977	93	223	68	425	0	968	4	0	0	1482	0	170	0	130	89	5215	0	13	0	106	183	497	44	26	0	131	89	384	69	22	76	5087	133	28	113	0	19	0	71	70	5	386	11	576	50	16	2280	7	3462	1182	87	17595	86	0	80	932	999	0	0	1317	0	0	256	71	0	1419	706	0	195	0	41	136	148	690	0	53	0	20	107	94	972	0
np0519	52	777	35	2371	24	7	14	99	8	0	19825	1183	284	5	1062	7	6	11	107	115	103	253	7	323	88	172	32	473	18	849	6	279	324	1210	0	3	63	6	23	2050	29	31	0	247	36	16	16	68	7	25	57	166	20	5	124	634	117	25	0	12	16	5	384	7	1029	49	0	151	47	7	1565	406	178	1313	5201	0	22	466	81	1093	576	15	0	552	4741	1470	3	17	0	3749	1010	5	230	79	0	63	116	36	14	10	9	72	134	30	302	0
np0520	0	1577	11	754	0	0	1473	0	0	0	1764	0	698	64	1792	0	61	0	2	0	0	2	2	0	0	34	0	0	0	1	0	2	3	56	0	8	0	364	16	7078	0	0	10	0	22	0	0	8	0	0	57	195	10	46	1	135	2449	0	4	0	16	0	0	34	0	0	0	1	45	0	0	0	2072	0	29424	0	0	0	84	765	0	0	126	0	0	658	0	0	0	0	1	0	1	0	0	0	49	1377	0	1	178	0	0	0	0	0
np0521	202	5998	8	139	109	0	33	2	163	0	2080	6	922	1	706	2	0	0	70	129	84	39	0	3712	2	19	8	1423	0	602	0	4	795	494	0	807	11	2	123	1417	2	5	0	16	83	29	3	3	1	0	111	56	1	3	40	196	2	4	124	0	17	226	45	0	945	131	0	1	4	1	83	115	41	333	18461	0	7	141	32	91	1219	13	0	592	640	145	4	11	0	368	65	0	51	16	0	6	20	46	0	1	0	1	33	3	76	0
np0522	0	2127	570	3809	12	0	161	1507	48	0	18587	167	4490	40	8768	20	23	10	2769	0	41	1566	55	8811	84	70	530	2436	5	4430	74	0	1098	3814	4	11	881	23	32	17588	0	11	0	0	929	213	15	3	0	2	48	760	367	57	2784	1860	75	26	183	5	230	0	1240	159	1388	448	0	152	23	34	596	3800	739	788	25524	0	582	15187	307	1839	6449	22	8	5285	0	510	5	77	11	7936	979	33	936	138	0	16	7600	381	0	10	0	858	420	84	1167	70
np0523	63	1170	45	6258	84	0	54	0	0	0	38357	1910	382	102	1630	48	65	0	114	0	0	238	469	281	52	146	78	483	55	497	0	1314	2006	1147	0	745	0	6	749	1057	165	11	15	0	609	5	27	50	30	0	2050	2582	16	3	34	256	303	835	86	18	12	0	40	7	70	254	1203	180	92	225	2392	189	237	481	7057	50	131	0	117	0	701	7	4	333	0	2563	10	9	6	14337	3755	0	129	45	8	1	62	23	0	11	0	0	175	11	1589	14
np0524	0	116	548	6593	3	0	112	177	22	0	8875	197	1063	26	1901	12	60	10	429	0	18	1150	3	2592	112	36	30	560	4	2112	57	0	424	1835	0	1	409	43	18	4052	0	0	0	0	149	252	19	3	2	0	2	193	160	39	402	169	49	13	0	0	47	0	601	39	1186	331	1	196	11	11	362	968	216	250	3204	0	129	2579	178	811	3551	5	46	1149	0	330	4	31	22	1239	209	54	306	140	0	25	772	701	3	29	0	37	76	50	1975	258
np0525	17	179	12	1101	9	7	25	3	0	0	13215	74	47	6	549	7	0	34	12	0	18	38	0	514	0	28	9	6	2	236	0	0	46	991	0	0	0	0	4	1202	0	0	2	32	35	13	0	11	0	0	3	87	59	2	39	242	36	0	0	0	4	0	1	14	81	98	0	42	10	11	570	362	95	122	648	0	0	0	38	161	342	0	6	274	0	501	0	0	0	143	134	0	52	3	0	13	313	168	10	22	0	2	30	16	79	0
np0526	4042	710	372	775	0	0	90	0	11	0	11621	381	20922	50	2515	135	0	0	0	0	0	13	12	0	0	343	7	1064	0	325	0	0	0	4003	18	1	0	0	128	11386	0	0	9	0	98	0	56	197	11	0	30	132	111	0	15	64	146	11	38	13	15	0	43	83	0	0	0	17	55	4	1482	237	23	705	929	0	0	0	288	410	3107	0	15	349	0	593	166	0	200	491	765	0	8	0	33	57	71	1529	5	0	9	0	0	0	77	0
np0527	32	41	0	72	74	0	2283	0	0	0	661	16	17662	0	874	0	0	1	118	0	43	62	2	24	0	55	5	181	0	210	0	0	35	142	0	286	5	12	10	273	0	0	0	21	92	0	2	128	0	0	19	91	12	0	78	37	14	1	3834	12	2	0	86	78	58	14	0	0	26	0	65	157	11	12	1922	9	0	0	33	4	104	0	1	130	0	3	2	2	13	51	9	0	5	4	77	3	22	39	0	7	0	19	12	8	50	0
np0528	0	1234	15	4817	11	0	20	29	2	0	21922	494	40	46	907	13	0	5	52	50	11	114	0	160	24	48	66	239	3	1865	2	4	2691	584	0	0	33	32	8	2814	0	6	1	19	40	5	5	3	65	14	0	74	39	13	230	1356	16	15	0	0	7	0	151	12	435	100	0	97	50	135	876	2079	66	351	414	0	14	170	27	2594	77	21	26	459	180	737	1	0	0	644	1008	1	68	27	0	17	281	588	9	27	9	254	33	4	454	0
np0529	0	1277	361	11188	0	0	174	0	0	0	145656	1302	488	29	2743	41	12	1133	13857	0	0	2791	15	2943	319	268	62	886	5	1907	353	0	715	3372	31	3	3	48	74	5826	0	22	1	692	216	205	39	52	11	0	0	456	280	32	303	7767	132	315	6	6	55	0	8	87	871	312	5	234	95	99	1325	23	1110	2435	2230	0	64	130	300	3438	65	10	37	2723	0	1621	14	69	5	5491	2884	9	1038	33	0	26	1634	814	22	73	21	796	64	182	2454	5
np0530	17	999	88	1680	24	132	66	172	0	33	17296	57	205	7	1473	20	18	39	427	149	29	426	1	1054	206	26	29	265	31	1363	22	29	175	1494	0	5	137	15	16	5015	3	10	2	89	106	50	12	5	8	127	8	307	47	11	172	445	91	56	0	4	18	12	128	12	1201	91	11	56	24	17	881	684	120	222	2128	0	86	1925	52	2055	431	6	0	397	9412	741	6	15	0	1778	1140	11	189	265	3	174	330	226	37	33	3	257	171	57	266	0
np0531	0	99	0	35	0	0	0	19	0	26	1518	0	4	0	94	0	0	0	11	12	0	16	0	673	39	1	3	0	0	108	9	0	24	55	2	0	0	0	0	1358	2	1	0	0	0	0	0	0	0	0	1	57	1	0	44	44	0	11	6	4	0	0	2	0	92	54	0	0	0	1	25	8	40	43	2171	0	1	154	0	5	45	0	0	105	4	460	0	0	0	686	299	0	16	15	0	0	2306	29	0	0	0	0	61	0	93	0
np0532	33	840	128	1436	17	76	36	59	0	8	20467	53	95	16	479	12	12	66	144	298	20	216	0	299	74	35	20	255	21	1055	9	118	201	1570	2	0	16	20	68	2743	0	2	6	108	14	17	8	12	16	34	3	180	13	3	34	920	10	11	0	0	8	49	111	16	3336	139	0	36	16	7	759	398	291	2120	1899	0	22	573	45	2054	363	7	0	453	48	630	3	13	0	2461	803	2	295	96	0	157	111	97	35	31	12	96	53	25	192	0
np0533	28	1912	47	599	34	57	32	126	5	1	15886	49	104	3	964	41	5	81	389	311	81	164	0	1457	52	19	31	266	13	1564	5	24	408	1740	0	0	29	28	28	5622	0	30	0	100	103	15	16	5	2	11	27	227	63	10	130	787	93	29	0	0	2	46	657	8	1581	127	4	28	26	13	712	883	143	1505	3873	0	38	950	15	3075	697	11	1	363	914	491	2	11	0	1448	945	3	263	109	0	125	544	220	56	18	23	123	91	47	185	0
np0534	0	515	31	685	0	0	10	0	2	0	39615	117	697	0	2807	14	2	24	479	0	0	495	286	510	225	71	71	76	0	736	0	0	113	1364	358	4	100	0	12	541	0	7	0	78	319	45	0	2	5	0	0	1084	11	5	408	230	35	135	80	2344	34	0	115	7	892	204	0	28	28	56	436	3	354	2737	12541	0	10	1975	69	36	62	0	0	861	0	938	0	25	0	8256	438	53	193	65	0	1	195	208	0	33	0	0	21	4	821	0
np0535	0	337	71	3974	6	293	112	293	0	0	18125	295	140	12	1972	37	0	0	787	0	10	165	0	99	62	62	23	162	16	1315	0	63	231	1497	0	169	0	7	4	5655	0	0	1	0	35	0	4	12	6	0	0	146	133	3	110	274	68	0	155	2	15	0	0	43	267	181	0	107	9	3	415	375	151	275	4	3	4	191	52	334	8967	0	10	606	0	622	9	7	11	582	549	7	118	37	1	54	234	335	0	20	3	19	53	44	104	0
np0536	168	14270	32	937	95	0	180	42	409	24	17817	31	292	10	2820	23	7	8	424	537	126	173	11	12191	96	65	85	893	17	2725	24	22	1048	1987	0	1370	118	4	310	5494	6	11	2	100	359	50	20	16	2	0	514	206	29	12	314	1031	22	62	39	3	78	99	78	8	3584	285	5	19	5	12	767	1848	135	1497	74235	0	31	1081	71	854	6265	16	0	1637	3427	861	9	16	0	2208	775	3	233	94	2	102	192	250	4	16	2	16	199	47	485	0
np0537	1293	1850	13	208	18	0	4	0	3	0	1669	11	10	0	181	4	0	0	3	0	7	12	10	62	0	62	215	134	0	175	0	4	4657	180	0	10	0	0	10	404	0	27	1	1	3	0	0	15	1	0	82	268	0	3	23	102	51	4	5	0	17	0	20	0	339	177	1	5	7	0	58	830	13	1004	9054	0	0	0	31	6865	108	0	0	164	45891	161	16	3	2	454	1301	0	6	0	5	0	25	141	0	0	0	44	11	1	21	0
np0538	38	1002	6	3059	5	85	28	0	0	0	12834	172	85	4	616	8	2	0	254	0	0	97	0	84	0	62	13	156	23	237	0	8	48	613	0	80	0	5	25	1185	3	8	0	0	21	3	8	9	0	0	3	56	82	6	35	303	18	0	0	0	3	0	5	16	0	80	0	16	14	10	544	308	8	329	2263	111	4	0	50	815	2677	0	0	328	0	839	0	0	5	290	440	0	16	3	0	47	57	119	0	9	1	15	36	44	94	0
np0539	44	8461	19	1518	16	12	55	150	16	133	24764	133	650	16	2942	10	6	0	577	800	72	234	12	4915	721	65	83	194	28	1126	32	84	216	932	5	247	428	30	112	1551	47	7	0	83	434	31	91	18	2	0	7	301	15	21	963	821	11	290	8	0	107	102	101	6	3288	254	27	30	17	57	2450	386	205	1647	7340	0	148	1806	84	294	1373	8	3	1152	65	890	9	23	0	3836	1133	93	333	302	200	162	188	117	19	25	0	22	163	12	781	0
np0540	0	22	7	4572	0	0	23	0	0	0	22248	103	6	3	255	1	18	0	0	0	0	0	5	0	0	0	2	0	25	12	0	0	953	0	0	0	0	0	32	8	0	0	133	0	3	0	0	0	6	0	19	124	17	0	0	2	0	0	63	0	0	0	0	7	0	52	0	27	97	26	230	0	1	0	0	0	0	0	7	401	10	0	0	11	0	0	1	0	0	1	362	0	14	0	0	0	2	22	0	0	0	7	0	1	345	0
np0541	0	424	19	398	16	0	29	45	0	0	4980	11	262	3	277	9	2	9	71	81	7	67	0	234	33	8	18	59	0	266	4	12	66	420	0	0	45	3	6	1346	0	5	0	12	20	10	3	2	5	14	0	28	14	6	21	404	11	20	0	0	0	8	297	3	715	32	0	7	4	2	193	150	92	548	726	0	18	344	24	628	306	0	0	234	228	293	0	2	0	673	375	2	71	43	0	26	303	40	13	4	4	38	32	8	92	0
np0542	450	697	62	542	0	0	13	0	1	0	9255	156	3061	21	1299	11	0	0	0	0	0	4	0	0	0	43	6	353	0	133	0	0	2	1624	0	0	0	0	25	5497	0	0	3	0	28	0	6	14	4	0	6	31	6	0	34	25	72	0	0	5	1	0	4	16	0	0	0	4	7	2	551	331	4	753	208	0	0	0	32	98	4505	0	0	48	0	115	19	0	15	220	275	0	0	0	0	12	56	180	5	0	2	0	1	0	20	0
np0543	6	387	14	349	18	0	13	60	0	0	4816	23	29	0	176	0	0	11	111	96	13	56	0	231	18	17	12	33	8	175	2	12	73	211	0	0	38	3	10	1377	0	6	0	16	13	6	6	0	5	20	3	45	6	0	25	286	8	19	0	0	0	0	270	5	765	32	0	13	5	0	190	193	78	529	832	0	6	341	13	788	148	0	0	116	785	278	4	2	0	722	351	4	91	40	0	32	91	30	14	11	2	36	13	7	82	0
np0544	0	174	163	4159	0	0	35	0	1	0	31477	306	88	6	1248	8	0	446	3639	0	0	976	0	1033	73	57	11	202	0	508	88	0	368	1472	0	21	0	13	23	1711	0	2	0	196	31	55	13	24	4	0	0	108	67	3	73	1031	35	16	0	0	17	0	9	17	329	242	1	83	30	27	448	3	275	1011	1693	0	8	61	87	3849	40	0	4	446	0	392	3	19	0	1278	554	1	392	10	0	20	811	293	4	47	3	45	20	45	992	4
np0545	0	2440	4	303	307	0	1271	0	3	0	6908	119	56305	0	1183	34	0	0	0	0	0	122	19	0	0	15	17	1055	24	1258	0	2	25	982	4	147	0	0	65	1040	0	2	8	0	136	7433	4	12	0	0	44	261	115	0	7	32	5	0	21921	0	2	1	0	24	0	59	0	29	27	2	162	283	65	86	7190	0	0	0	14	653	213	1929	16	1036	0	123	0	4	0	249	148	6	16	0	0	31	20	1453	0	15	3	9	52	239	68	0
np0546	654	3927	167	182	0	0	86	0	0	0	9517	6	848	0	355	0	0	0	4668	0	0	27	0	0	0	45	0	3708	0	1450	0	0	0	420	0	0	0	2	1	3806	0	0	1	0	3	14	0	4	3	0	13	137	82	0	18	439	0	0	0	0	2	0	30	6	0	2	5	9	8	0	362	0	185	312	22	0	0	0	17	829	0	0	11	151	0	191	0	26	89	172	227	0	22	0	0	17	130	505	1	8	1	0	12	19	9	0
np0547	64	107	22	610	14	102	95	6	6	0	15453	39	192	0	811	12	3	25	1317	0	7	146	0	376	15	7	8	113	0	421	9	2	54	873	1	0	4	14	6	1032	0	3	0	0	92	5	1	0	0	0	3	85	19	5	93	528	90	0	0	0	19	0	0	18	124	82	0	16	5	7	178	254	51	312	2106	245	0	479	8	146	1633	4	0	290	0	531	3	0	0	894	592	0	64	28	0	10	118	822	3	19	0	185	15	13	31	0
np0548	85	1604	29	6267	13	117	62	0	0	0	27905	434	213	15	1406	52	6	0	402	0	0	165	0	174	7	107	19	377	47	656	0	18	76	1757	0	13	0	8	43	3101	4	22	2	0	37	0	18	22	2	0	404	142	224	19	62	623	63	8	1	3	10	0	6	53	0	181	16	58	10	18	1263	749	14	968	6406	203	12	0	66	1676	5525	6	2	667	0	2162	4	0	3	531	967	0	33	16	0	173	162	614	0	13	1	37	50	75	217	0
np0549	72	865	40	367	0	14	31	22	0	20	7579	37	38	9	638	4	3	17	117	356	8	112	63	1043	82	11	14	17	13	506	0	15	85	584	0	75	6	0	73	1861	6	3	4	34	40	20	9	4	13	3	60	221	13	0	42	332	45	61	0	0	5	33	5	0	518	54	4	9	12	7	336	270	64	340	2034	0	122	321	9	166	163	2	0	151	143	477	0	0	2	2566	959	5	119	145	0	136	62	32	16	13	4	4	105	7	430	2
np0550	0	34	0	444	0	0	354	0	0	5	3091	0	29	11	385	0	28	0	0	0	0	1	0	0	2	0	0	2	0	0	0	1	0	15	0	0	0	16	0	1183	0	0	4	0	2	1	0	0	0	0	14	166	0	2	0	36	572	0	0	0	4	0	0	4	0	0	0	3	36	0	0	0	199	0	7295	0	0	0	4	177	0	1	9	0	0	190	0	0	0	5	0	0	3	0	0	3	242	38	0	4	18	0	0	0	1	0
np0551	4	399	0	447	16	3	12	40	0	0	6302	34	142	0	165	0	11	7	80	92	5	64	3	232	32	8	10	62	8	212	9	11	175	249	0	0	41	0	10	1471	0	6	0	21	15	0	13	0	9	15	0	66	46	0	32	354	19	25	0	0	7	5	282	15	758	18	3	9	12	3	214	188	107	582	1010	0	8	326	21	716	138	0	0	161	266	316	0	0	9	793	434	4	91	31	0	26	76	53	9	7	0	41	19	0	84	0
np0552	0	138	60	490	17	0	27	51	5	0	874	7	733	7	351	0	6	0	202	0	14	107	43	411	6	2	15	181	0	276	3	0	61	215	0	14	105	0	12	1171	0	1	0	0	40	23	1	3	0	0	7	41	30	0	107	45	5	3	18	0	12	0	145	13	103	14	0	16	3	3	34	330	65	40	735	0	5	524	27	53	381	0	0	355	0	22	0	4	0	196	58	3	61	4	0	1	341	71	0	0	0	22	28	5	140	11
np0553	10	449	57	2190	73	3	333	16	0	36	11593	135	210	12	721	5	13	3	114	3374	193	92	5	995	96	33	55	249	7	1005	0	1515	117	2304	40	28	14	128	966	3989	66	43	11	51	45	42	8	10	9	0	238	859	14	8	54	53	265	378	0	0	10	0	229	3	2052	136	33	58	51	18	1167	71	637	1230	1095	0	242	2677	52	167	110	22	0	209	25	518	9	10	0	6964	2304	0	294	194	3	124	18	76	17	24	2	2	59	73	1881	10
np0554	0	3785	9	72	413	3	1214	71	77	0	64938	0	8437	0	897	31	0	0	0	0	0	52	3835	13	0	1195	1278	2111	2	917	32	0	1014	865	0	7	0	15	32	7590	2	84	0	13	46	0	8	699	0	0	913	1122	1	5	769	83	277	0	153	0	59	0	0	2	0	57	0	14	1	0	719	460	30	0	121	0	0	0	800	476	172	144	7	753	0	6065	421	420	0	446	7515	0	9	0	0	2	124	652	19	2	2	49	92	36	107	0
np0555	33	775	67	1748	51	19	138	4	0	0	15892	150	429	27	1428	42	0	100	21	0	114	108	1	1151	0	49	26	307	2	475	0	0	234	1484	0	4	0	25	31	3255	2	0	0	60	79	45	8	16	0	0	0	171	65	6	194	709	160	0	1	0	18	0	1	22	408	173	4	90	18	38	867	1494	240	611	2314	0	2	0	90	522	1594	6	10	657	0	1459	7	8	2	180	384	0	75	2	2	32	642	140	68	31	0	45	95	26	170	0
np0556	55	693	99	1368	29	11	21	17	0	6	21007	52	63	44	927	12	19	2	185	871	15	98	518	768	75	23	92	137	15	847	1	476	153	810	0	3	26	22	57	3382	77	20	7	166	37	14	7	4	24	5	1	1197	27	3	89	230	183	1024	3	0	15	15	158	10	1061	144	31	35	64	37	974	1300	363	665	2177	0	590	1663	39	28	228	16	0	174	11	1443	6	8	3	5224	2886	4	170	120	0	130	57	38	14	17	6	22	34	26	1447	24
np0557	34	887	33	653	56	4	28	60	0	13	16691	30	57	7	487	19	5	48	270	150	10	130	0	523	42	18	20	477	12	1018	10	29	246	1455	2	0	14	10	19	5482	1	19	4	36	15	13	2	4	8	26	0	194	17	5	46	643	34	21	0	0	12	24	77	10	1750	81	0	20	13	10	506	459	130	1080	4431	0	26	360	16	1678	241	11	0	278	193	866	0	9	0	1368	682	2	242	79	0	68	414	77	24	9	8	84	44	16	158	0
np0559	9	887	74	552	21	101	38	129	0	6	15679	36	67	6	646	23	3	37	228	156	21	148	0	688	65	13	19	149	8	741	3	13	188	1071	2	1	8	10	11	3563	0	8	0	25	37	21	4	4	0	13	1	152	43	2	74	470	86	14	0	0	8	5	8	10	1433	58	0	27	10	3	512	873	157	593	6154	0	13	318	18	1279	355	7	0	247	229	830	2	5	0	1058	769	9	109	58	0	88	636	108	35	22	1	203	55	28	112	0
np0560	2574	78	6	521	65	0	167	15	0	15	11887	15	279	0	338	27	1	0	7	78	258	28	11	44	64	6	36	95	9	766	0	58	123	354	0	0	8	14	1	583	72	9	0	89	31	7	7	5	9	0	7	568	0	21	41	31	53	5	113	0	22	641	0	0	717	63	0	13	12	66	3510	490	282	76	7052	0	20	318	18	36	26	0	0	92	11	1070	0	0	0	863	1490	2	33	57	4	47	6	89	33	21	45	23	81	2	519	2
np0561	0	2196	127	4920	36	0	125	0	8	0	25210	178	388	32	1928	14	11	651	1118	0	153	744	0	1772	131	60	94	1010	0	1893	57	77	1168	2502	0	0	1029	10	54	6855	7	14	5	52	57	110	13	7	3	0	0	81	288	14	223	775	423	10	0	1	30	0	32	14	1124	345	0	194	12	55	1001	162	1531	1461	19632	0	61	1938	116	2635	9	14	5	838	0	862	1	0	0	1676	1293	27	314	15	0	87	1282	1804	4	5	2	10	41	89	9391	8
np0562	0	337	0	396	101	26	56	17	0	0	3728	16	1480	1	3154	16	0	3	560	0	6167	126	16	301	6	297	60	5925	0	1789	0	0	23	11117	0	7	6	49	24	7799	0	0	0	395	51	0	10	48	2	0	11	49	32	14	148	678	6	0	2	0	25	0	6	14	541	77	0	14	10	8	86	249	0	1053	32920	0	0	0	0	179	771	29	3	363	26953	369	27	0	7	971	216	0	111	5	2	1	49	223	5	0	10	0	163	80	89	0
np0563	0	98	8	90	7	0	8	162	0	0	1225	2	1078	1	275	0	0	0	13	0	0	121	70	514	34	8	12	146	0	147	2	0	62	126	1	6	409	0	6	852	0	1	0	0	48	4	0	0	0	0	7	66	4	0	175	65	3	20	17	0	8	0	150	0	187	32	0	0	0	0	5	378	18	12	759	0	33	384	11	6	150	0	0	219	0	9	0	2	0	302	28	0	138	2	0	0	101	71	0	1	0	13	26	0	671	4
np0564	21	1958	4	239	6	0	5	67	4	4	4728	9	71	0	433	0	0	0	367	249	7	78	46	2350	106	19	22	182	4	736	3	0	683	328	7	12	170	0	10	1044	8	2	1	33	31	9	3	2	2	0	72	92	2	5	176	633	21	21	6	0	23	2	62	0	1219	115	3	7	4	3	110	163	8	294	18478	0	29	946	8	638	1581	0	0	726	26712	83	0	0	0	1521	477	5	216	125	0	25	57	53	0	3	0	0	56	7	226	0
np0565	34	943	26	641	73	30	26	61	0	12	15086	50	69	7	601	18	8	25	187	271	13	113	0	651	50	23	27	124	17	781	4	19	205	745	0	0	23	3	37	2769	0	27	5	51	33	6	5	5	7	12	41	219	17	6	55	991	30	20	0	13	12	15	108	23	1893	80	0	23	22	4	558	450	124	971	2756	0	60	606	20	1944	326	5	0	285	587	363	5	8	0	2120	579	0	155	54	0	63	369	102	50	27	9	112	66	17	186	0
np0566	0	111	3	112	1	0	294	0	0	0	5998	8	2284	8	779	27	0	0	70	0	0	216	0	14	0	5	3	486	0	738	0	0	119	1211	0	1199	4	27	223	1709	0	0	0	0	65	0	3	4	0	0	3643	245	542	0	190	262	78	24	18	0	3	0	3	4	0	22	0	1	0	0	92	4	12	0	131	0	0	0	12	8531	260	8	0	270	1	231	0	6	3	144	86	0	3	2	39	0	2970	150	0	0	0	5	29	29	70	0
np0567	67	188	81	1002	28	0	20	48	0	9	9097	53	51	0	221	10	6	3	69	220	12	72	4	203	14	20	12	71	8	293	6	246	113	265	1	19	9	14	139	2670	13	9	2	15	23	8	5	8	15	8	114	387	40	0	39	22	65	60	0	0	8	193	47	10	640	50	5	35	10	0	581	532	292	348	5514	0	77	1170	26	80	80	2	0	131	25	1049	0	12	2	1448	1744	0	50	32	8	35	157	44	7	10	0	2	46	8	259	0
np0568	8	311	15	322	6	4	10	41	0	0	4803	52	34	0	201	7	4	7	61	55	0	47	0	172	26	4	9	49	4	140	4	1	609	204	0	0	27	1	9	943	0	0	2	10	24	0	6	1	5	5	5	41	17	0	16	219	5	18	0	1	0	2	205	9	414	17	0	12	8	9	165	261	55	374	1060	0	4	183	8	473	109	1	0	104	176	216	0	0	0	510	329	2	45	31	0	13	59	22	5	5	2	50	16	0	48	0
np0569	510	3466	146	1258	50	25	77	57	0	44	35723	67	124	15	1857	43	16	25	710	1409	34	398	148	2729	172	67	155	301	20	1578	24	105	262	2146	0	56	41	25	52	13002	30	43	27	117	91	39	11	19	39	10	32	1460	175	7	165	707	337	328	0	0	31	132	81	89	2117	223	25	69	68	43	1095	1379	462	1366	33682	0	418	3426	86	935	512	24	0	840	1266	4970	6	27	8	8277	5802	8	342	687	0	575	480	102	64	103	7	72	133	58	1040	0
np0570	2	169	83	2952	7	21	75	2	0	32	22736	138	124	12	362	15	19	4	71	321	16	205	0	245	69	41	13	42	38	460	6	367	117	478	0	2	12	17	45	3302	3	3	1	25	60	34	9	11	15	25	14	268	40	5	47	82	34	92	0	1	4	11	27	21	1443	104	4	106	28	10	2141	642	284	227	556	0	63	1671	50	248	242	4	2	232	11	733	5	8	3	901	1051	1	132	137	0	179	38	72	94	31	38	63	32	40	433	1
np0571	2	48	13	66	0	0	2925	0	42	0	449	11	13051	6	2617	1	0	3	225	0	12	43	24	34	1	159	5	1203	1	92	0	0	57	184	0	100	1	11	18	541	0	0	0	5	11	0	8	446	0	0	77	30	28	3	550	126	3	0	789	17	5	0	112	11	15	24	0	4	2	0	42	49	49	44	2865	19	0	0	126	7	431	0	4	333	0	7	3	6	3	72	4	0	0	9	111	16	26	35	2	7	0	6	38	24	16	0
np0572	82	115	0	33	166	0	5106	8	2	0	1422	12	28345	7	4396	3	0	0	1768	0	10	278	10	54	0	58	31	906	0	730	0	0	257	648	0	149	6	10	13	2126	0	8	0	64	319	0	0	130	1	0	33	505	36	10	48	412	33	5	5343	9	7	0	60	66	134	10	0	2	21	1	47	87	11	22	24258	0	0	0	21	31	85	11	0	913	0	34	0	0	167	270	1	0	1	6	30	0	186	67	0	2	0	241	110	6	267	0
np0573	0	2848	0	158	0	0	3053	0	2	0	36949	0	294	52	2737	134	0	0	12	0	0	0	59	0	0	0	824	361	0	89	0	0	0	595	0	706	0	1573	13	53	0	0	240	0	2	0	0	0	0	0	1336	465	15	0	34	10	0	0	198	5	0	0	0	22	0	0	12	11	665	1	3184	0	5616	3189	6	3	0	0	0	16	264	0	3	4	0	812	0	0	0	0	105	0	0	0	74	1	11	1134	3	0	244	0	0	0	136	0
np0574	6	707	2	566	3	84	31	10	0	2	10371	28	25	3	605	12	0	11	330	58	10	99	0	881	46	11	7	24	7	326	8	11	97	366	0	0	14	14	4	913	0	0	0	15	53	0	5	5	0	0	0	91	21	6	79	343	5	0	0	0	6	4	7	7	721	78	0	16	11	4	320	441	69	228	3504	0	4	222	13	768	615	1	0	226	1513	356	0	5	0	493	497	2	56	72	0	55	293	95	12	25	0	68	56	27	48	0
np0575	0	1354	88	2853	19	0	117	0	0	0	20965	434	77	6	944	38	0	0	0	0	0	55	0	27	0	89	9	336	122	1111	0	19	424	955	0	104	0	9	20	6119	0	0	2	0	43	9	8	24	4	0	3	154	87	3	16	590	238	4	94	0	15	0	3	10	12	252	0	37	21	17	727	636	21	2303	3834	0	12	0	59	1465	830	0	0	569	0	511	0	18	8	699	784	0	21	0	5	4	19	227	0	2	3	250	136	8	30	0
np0576	411	15391	693	17772	622	1734	485	720	33	370	317992	683	1263	150	11218	226	78	687	2846	6129	197	2682	192	6226	1718	411	413	3547	258	19657	79	665	2947	22482	4	10	1017	79	1277	34349	57	128	86	1969	439	195	118	86	203	530	389	2359	124	57	765	20241	214	54	4	9	180	267	666	82	41403	1319	120	268	315	324	17533	7425	3041	27956	34436	0	427	11023	470	33561	3320	125	12	4547	18894	13237	62	98	5	58393	11947	68	4747	2871	4	2891	1229	1435	653	490	399	2641	1260	409	4593	0
np0577	6151	3313	2	343	489	0	57	0	4	0	2335	0	3341	2	307	52	0	0	0	0	495	149	182	1	3	36	73	249	0	225	0	0	399	777	0	65	1	0	223	799	65	0	0	0	38	57	2	14	3	0	1642	634	10	11	185	259	0	0	0	0	8	0	32	0	0	102	0	3	7	0	130	0	354	2	4253	0	0	0	45	974	38	113	8	257	0	309	1	77	0	1433	867	0	61	3	0	8	32	198	4	0	0	18	20	32	259	0
np0578	1	146	0	160	0	0	0	10	0	0	2894	19	95	0	88	6	0	9	33	28	3	21	8	111	16	3	9	19	4	87	0	0	29	142	0	5	18	0	7	570	0	4	0	6	14	5	2	0	2	7	0	38	0	0	13	152	20	12	0	0	0	0	107	10	293	16	0	0	4	0	82	62	52	237	497	0	8	152	4	283	50	0	0	124	125	168	0	5	0	296	244	2	40	12	0	19	58	19	7	6	0	23	12	3	25	0
np0579	41	2154	129	799	45	88	96	187	1	3	20752	54	113	11	1736	17	7	70	407	220	65	177	6	1479	81	14	37	358	20	1748	11	8	378	1579	6	0	17	27	39	5093	0	12	0	56	105	43	13	6	4	21	7	264	53	8	127	643	116	7	0	0	19	15	10	12	1549	96	4	44	15	7	888	1024	165	958	4077	0	19	386	28	1804	614	5	0	494	185	1168	0	8	1	1820	1152	6	231	95	0	162	341	222	34	31	9	180	171	67	187	0
np0580	65	2257	152	3320	99	43	93	90	5	59	51720	144	349	47	1628	49	22	126	255	1116	45	569	0	998	167	91	90	857	42	3946	37	370	464	4373	5	0	55	23	182	8151	19	24	19	368	59	28	19	14	38	42	11	608	20	7	125	3305	32	110	0	6	30	152	340	25	8791	322	19	62	69	37	1744	552	617	3953	6007	0	102	2763	94	9628	564	51	5	1178	1298	1029	7	27	1	9817	1927	9	1065	341	0	439	454	322	98	61	27	258	144	60	967	0
np0581	29	1001	307	1707	95	25	81	89	3	0	26551	138	230	36	1331	56	17	9	388	275	43	190	18	611	72	54	72	646	39	2025	13	190	385	2558	2	0	11	33	84	4941	2	36	7	241	66	44	12	17	14	17	7	439	51	7	135	256	220	148	0	1	11	86	180	44	1401	119	5	79	70	16	1529	3077	674	1094	2367	0	24	1089	74	439	479	11	3	395	26	2279	8	15	6	1839	2077	4	194	73	0	129	172	242	59	35	22	109	47	52	379	0
np0582	0	1748	17	1085	27	0	78	0	31	0	10582	24	1863	12	663	11	6	56	567	0	410	227	6	1049	172	16	102	640	0	991	13	274	639	1048	1	9	97	4	393	2176	17	52	0	44	21	37	3	2	4	0	486	137	23	3	304	267	146	64	30	12	7	0	236	0	1012	136	1	27	14	25	230	464	1394	534	8400	0	147	1231	39	1691	0	0	0	315	0	508	0	0	0	2406	1686	9	73	40	0	5	211	411	0	5	0	4	16	17	5587	2
np0583	0	193	45	806	0	0	22	0	4	0	43787	82	120	2	2742	6	0	43	3866	0	0	1949	37	568	255	61	56	530	0	708	11	0	114	1150	25	182	0	2	38	2335	0	25	0	218	30	41	3	6	5	0	0	849	37	18	344	14162	19	13	19	3	18	0	25	64	1009	192	0	20	27	46	142	12	196	1043	7334	0	17	590	96	7612	4	7	6	2503	0	108	3	27	0	3198	263	43	1309	10	0	4	454	547	0	38	0	174	17	28	4742	6
np0584	0	1154	0	1904	776	0	185	0	7	0	17022	64	2616	0	2071	7	0	0	158	0	4650	352	2496	153	0	730	309	1884	10	2668	0	13	34	5734	0	95	0	23	331	3756	0	0	3	1404	78	0	10	142	1	0	1064	2136	2	5	100	835	131	0	1	0	23	0	10	0	5393	130	0	45	52	0	1323	284	5	10941	26170	4	0	0	8	223	414	29	7	454	28320	2380	67	0	0	14690	4352	0	240	11	19	9	21	350	3	3	9	14	88	52	1219	0
np0585	10660	7168	116	226	0	0	351	0	2	0	40253	20	1332	0	997	0	0	0	4646	0	0	28	302	0	0	86	0	924	0	1177	0	0	0	1220	3	25	0	0	20	918	0	0	1	0	0	17	2	11	13	0	757	778	604	1	9	200	67	0	38	0	3	0	31	20	0	9	4	10	150	0	529	1	1519	1269	20	0	0	0	43	851	2	0	8	194	0	457	0	67	297	336	1407	0	23	0	0	14	175	1065	0	7	5	0	19	58	16	0
np0586	0	1787	0	388	92	108	84	77	3	0	16445	0	82	0	465	0	0	0	1	0	0	603	0	71	0	235	93	495	5	284	74	0	1770	892	0	1	0	7	2	2395	2	13	0	15	11	0	15	150	0	0	5	273	17	0	51	1317	60	0	1	1	5	0	4	21	0	128	0	10	0	0	291	165	4	0	9298	0	0	0	154	1132	487	12	0	165	0	280	86	98	0	488	679	0	118	10	0	13	263	186	21	18	1	411	68	76	16	0
np0587	0	296	26	803	0	12	147	0	0	0	18610	263	4618	17	313	67	0	0	103	0	0	13	0	440	1	89	586	370	0	1055	0	0	0	1383	0	380	0	8	169	4106	0	6	0	254	102	9	5	5	0	0	10	803	186	2	198	20	547	0	77	169	9	0	16	90	0	17	1	33	2	0	447	0	2248	126	0	5760	1	0	36	10	685	0	0	913	0	0	41	54	0	189	2659	0	8	0	60	5	3630	1159	0	0	0	0	51	0	279	0
np0588	4	1530	20	435	71	32	88	107	0	2	12042	48	131	13	843	22	0	51	462	437	26	120	2	1361	25	13	27	599	8	1676	9	35	367	1633	0	0	11	18	86	5641	0	31	0	47	43	26	9	1	0	2	17	204	12	19	88	789	35	25	1	1	12	0	22	13	1739	101	2	16	8	3	542	776	126	1211	4749	0	41	639	21	1338	397	8	0	367	1110	238	4	5	0	1350	568	4	183	48	0	116	357	154	12	7	8	106	74	52	162	0
np0589	0	61	24	291	0	0	7	0	1	0	22263	31	27	0	403	4	0	8	297	0	0	155	5	43	91	6	15	48	0	194	19	0	11	327	0	38	0	0	10	349	0	2	0	25	5	15	0	2	5	0	0	189	40	0	80	2793	9	30	6	0	8	0	11	5	305	14	2	7	10	24	82	10	77	188	448	0	24	108	24	3478	0	0	0	100	0	89	2	10	0	859	31	4	270	22	0	3	77	61	2	13	0	9	6	6	1745	0
np0590	8	2953	133	5631	42	0	700	27	13	0	45881	372	253	31	7387	60	2	584	7510	0	330	593	34	769	12	66	156	252	125	2616	0	19	2775	4580	0	0	618	67	87	8502	0	4	6	74	1183	0	22	99	6	0	63	702	245	47	1665	2064	524	14	26	37	44	0	11	48	382	993	3	271	36	41	5289	11753	813	986	70388	351	0	0	66	1577	17077	0	7	1774	0	2431	0	5	11	1906	2125	0	173	379	0	136	1548	1293	30	414	1	284	174	174	838	0
np0591	1976	105	116	169	0	0	24	0	132	0	1758	58	11213	0	634	32	0	0	0	0	0	1	368	0	0	199	0	494	0	66	0	0	0	1201	753	24	0	0	945	2988	0	0	3	0	22	0	9	63	0	0	913	28	20	0	8	18	54	1	295	120	4	0	8	14	0	0	0	3	13	0	253	25	5	119	234	0	0	0	152	51	800	0	4	93	0	148	90	0	59	100	172	0	0	0	25	14	26	264	3	0	1	0	0	0	17	0
np0592	13	923	36	929	9	100	73	25	21	0	19378	44	150	5	594	7	6	20	197	146	36	133	8	733	52	23	19	118	15	467	16	24	99	392	3	48	54	9	20	959	0	3	2	20	64	14	11	8	3	6	3	85	29	1	66	567	19	20	12	1	13	10	14	7	1571	61	0	27	5	10	662	647	71	305	3416	0	11	182	27	435	502	2	0	301	188	493	2	9	1	750	589	0	42	117	0	18	234	63	4	15	1	42	45	25	90	0
np0593	0	1520	731	5303	9	0	161	2438	49	0	23144	170	4460	60	7230	27	31	29	2909	0	31	2316	152	14372	116	91	567	2884	13	5051	101	0	1618	4256	10	5	2243	40	48	18872	0	6	0	0	652	268	17	4	0	5	66	799	318	90	2790	2438	68	108	174	0	236	0	2300	178	2152	599	4	205	20	29	739	8075	766	999	19622	0	774	14311	424	1821	5644	9	13	4405	0	610	4	76	7	7962	867	86	1637	199	0	13	8298	391	0	31	0	751	300	94	2948	179
np0594	695	1026	30	354	943	0	138	19	100	0	14775	8	2291	3	2832	26	0	16	105	0	22	407	159	2927	37	8	19	812	0	1236	17	6	162	770	0	20	0	15	8	10508	1	26	0	0	204	6	3	2	3	0	67	493	40	32	145	2319	113	0	0	0	132	0	1	26	404	160	0	19	13	13	95	580	178	580	11687	535	3	2146	17	160	3813	0	0	2373	0	867	2	4	2	1679	335	0	220	37	4	1	52	105	0	61	0	49	80	25	83	0
np0595	31	125	3	366	25	0	102	81	15	0	24119	68	47	8	5641	3	1	1	11783	0	42	1265	0	279	0	21	93	65	53	661	0	4	50	495	0	16	13	5	68	5435	0	8	0	41	473	0	6	18	1	0	88	661	17	23	201	922	396	1	44	13	22	0	34	111	13186	163	3	0	39	0	274	3332	25	77	10766	25	0	0	15	28	1457	0	0	1143	0	58	0	0	24	1338	26	0	15	64	19	0	88	53	0	18	0	580	207	7	380	0
np0596	0	734	0	118	0	0	892	0	0	0	1375	0	538	7	1496	0	0	0	4	0	0	4	0	0	0	2	0	0	0	0	0	0	0	54	0	7	0	80	14	11207	0	0	0	0	24	0	0	7	0	0	3	54	27	8	0	115	212	0	0	0	6	0	0	10	0	0	0	0	16	0	0	0	218	0	27480	0	0	0	20	835	0	0	10	0	0	260	0	0	0	0	0	0	0	0	0	0	561	35	0	0	13	2	0	0	3	0
np0597	21	773	61	462	24	25	60	19	2	0	16042	30	193	24	910	29	8	78	482	128	16	605	0	711	43	96	83	101	9	641	27	44	273	1043	0	0	19	15	24	3312	4	22	3	111	46	30	5	14	8	10	2	201	42	6	166	2269	67	34	0	0	24	7	218	6	1341	350	7	20	28	17	430	323	192	1292	2322	0	45	421	92	2047	355	7	0	433	2008	342	15	14	0	4523	814	0	630	82	0	106	308	137	34	36	5	398	95	27	415	0
np0598	820	2315	32	658	503	0	754	0	11	0	33004	72	2237	2	4663	80	0	0	0	0	2	5	95	0	0	6	797	5154	0	260	0	0	0	2183	0	24	0	14	280	609	0	0	30	0	4	0	3	0	0	0	3588	2334	2	1	219	0	222	0	3	2	0	0	0	48	0	0	0	43	377	0	1111	3	1408	2455	71	0	0	0	7	54	600	2	0	126	1	2228	0	0	27	1	47	0	0	0	2	3	0	188	0	0	1	0	17	0	34	0
np0600	4177	3619	6	11333	296	0	4543	0	0	0	18534	0	5127	94	10964	0	63	0	1604	0	0	8	97	1	0	30	0	334	0	17	0	0	0	443	27	342	0	192	161	4221	0	0	10	0	1272	0	0	99	0	0	3996	1457	0	13	13	754	8284	0	41	16	19	0	0	396	0	1	0	0	1307	0	3	0	889	761	59713	0	0	0	68	1190	0	0	50	44	0	4962	0	0	0	2	613	0	0	0	0	0	25	1448	0	0	86	0	1	0	1	0
np0601	9	305	32	522	7	0	2487	20	2	0	11454	65	76	12	5856	1	0	3	20161	0	30	799	4	100	1	29	23	361	20	1476	0	23	85	1286	1	9	48	8	14	1791	0	0	0	28	60	0	1	39	1	0	10	48	43	5	162	509	21	0	5	3	12	0	51	223	750	151	3	27	4	4	544	2154	147	150	3390	172	0	0	17	147	481	0	0	867	0	65	2	0	932	715	75	0	72	26	23	19	359	65	1	24	0	60	43	12	146	0
np0602	52	827	20	921	75	6	119	40	0	44	12822	70	103	15	682	12	4	1	98	920	61	115	115	1280	121	26	45	85	11	756	0	131	273	883	9	93	31	11	188	3331	16	8	2	38	124	18	11	8	12	3	76	142	10	7	62	544	16	283	0	0	15	164	71	1	917	68	22	23	19	10	933	649	174	1299	6697	0	454	2305	40	340	284	0	0	377	248	400	4	6	0	5149	870	6	310	147	0	170	55	42	5	0	0	6	101	26	776	0
np0603	76	7992	139	2403	155	173	133	354	4	9	61166	126	359	54	2585	49	18	111	1123	911	111	596	0	5619	164	69	132	955	59	6103	27	86	1201	5105	1	0	106	40	115	19310	2	78	8	159	136	81	42	17	17	28	11	553	102	45	274	4063	173	166	2	4	40	97	180	59	6663	279	4	83	85	41	2187	2380	454	3411	12779	0	184	2436	77	13908	3470	18	2	1219	6318	1741	9	28	5	6747	3139	19	778	349	0	436	1809	326	124	60	37	668	266	225	615	0
np0604	0	196	8	523	141	1	114	16	51	0	21095	126	189	11	1760	36	0	0	19	0	151	192	0	72	10	35	83	209	6	2066	0	1023	704	1131	0	317	0	59	51	1236	13	2	46	0	53	0	4	14	3	0	0	830	580	5	429	1171	112	155	389	0	41	0	0	91	188	525	0	32	6	0	228	1134	860	60	19	2398	3	1335	53	56	929	13	6	465	0	1065	5	4	30	1467	1100	7	51	3	6	113	49	409	384	12	4	216	92	6	2015	0
np0605	298	914	7	370	312	0	22	0	0	0	5962	0	290	12	499	34	0	0	0	0	203	204	0	12	0	54	38	409	0	634	0	0	498	564	0	1	5	0	346	1609	0	0	0	0	54	92	12	45	0	0	2	346	11	11	54	1790	5	0	3	1	26	0	13	2	0	410	0	9	8	0	485	0	228	0	7653	0	0	0	41	1227	41	10	37	576	0	201	10	79	1	1302	383	0	300	0	0	24	24	505	48	0	8	4	145	64	243	0
np0606	36	870	61	746	42	59	36	117	0	2	13392	53	86	0	516	13	4	32	158	205	13	82	0	463	46	19	13	208	14	674	2	8	216	883	0	0	9	8	26	1509	0	0	0	45	49	15	9	6	1	16	5	101	22	8	47	492	24	9	0	0	5	35	22	12	1276	56	0	36	21	8	627	814	147	1136	2496	0	11	507	17	977	294	0	5	245	134	342	1	6	0	1100	768	2	147	50	0	65	204	127	22	19	7	98	54	15	127	0
np0607	13	670	0	105	29	0	0	10	0	0	2495	13	100	0	329	0	0	2	20	0	0	52	0	209	0	8	8	50	0	204	0	0	125	223	0	223	0	0	0	482	5	0	0	23	15	6	1	4	0	0	0	145	12	0	70	81	54	1	195	0	25	0	23	28	828	34	0	8	3	0	49	2147	16	65	16426	0	2	0	9	14	521	4	0	282	779	106	3	0	0	452	185	2	107	0	4	3	29	42	0	0	0	413	5	0	9	0
np0608	59	775	54	807	37	35	28	59	2	94	17465	39	90	8	729	17	3	15	178	325	20	150	5	838	62	21	19	90	28	918	20	45	215	902	17	0	48	7	57	3440	0	34	3	51	25	8	7	5	14	11	42	204	9	9	81	1355	39	133	0	0	12	56	139	9	2307	72	14	24	28	9	645	512	158	1238	3733	0	81	1135	24	2119	154	0	2	429	1303	543	1	9	3	2838	968	4	240	205	0	188	595	83	42	24	3	34	91	23	404	0
np0609	0	4315	6	859	0	0	114	0	0	0	37785	0	205	71	2502	28	0	0	0	0	0	0	0	1	0	81	7	801	54	991	7	0	1753	3471	0	4	0	147	5261	2672	0	0	7	1	263	0	32	41	8	0	22	792	116	13	95	150	103	0	0	3	4	0	0	28	1597	27	0	0	7	9	659	1	1131	0	13	0	0	0	143	585	0	0	6	3999	40	505	0	0	254	257	1596	0	16	0	0	22	0	2353	0	2	0	0	65	64	33	0
np0610	0	211	8	9614	0	0	84	0	0	0	1770	0	222	0	1119	0	0	0	0	0	0	0	2	0	1	1	369	0	0	198	0	0	1982	275	0	0	0	0	6	1268	0	0	76	0	229	0	0	2	32	5	4	68	157	0	198	132	160	6	5	0	3	0	0	32	0	0	0	0	37	165	2	1	8	5	18	0	0	0	8	700	5	0	0	153	0	394	0	0	25	0	0	0	0	0	0	7	315	118	0	5	0	0	0	0	28	0
np0611	0	268	46	1182	9	0	8	0	4	0	8327	16	42	6	145	2	8	45	152	0	12	116	0	339	36	7	9	80	0	228	54	68	216	271	0	0	91	0	16	539	1	0	1	2	6	18	0	0	0	0	0	17	28	2	28	177	59	3	0	0	2	0	2	0	418	49	0	36	2	2	200	84	521	307	1538	0	59	419	11	521	0	0	0	61	0	175	0	0	0	539	332	5	79	3	0	23	204	26	0	2	0	3	0	10	1827	0
np0612	0	363	50	1665	0	0	26	0	0	0	14279	104	110	0	625	8	0	221	2249	0	0	437	0	639	23	55	9	90	0	331	17	0	153	580	24	0	25	12	10	928	0	2	0	79	26	49	6	14	0	0	0	51	29	10	78	311	39	10	0	0	4	0	38	16	62	83	0	64	2	14	191	0	127	533	415	0	16	252	84	2067	61	0	7	443	0	541	0	32	0	432	479	1	107	2	0	10	143	561	4	13	0	24	19	44	794	1
np0613	0	405	12	867	8	0	76	26	0	0	14687	77	42	11	1889	14	0	19	6838	0	42	611	21	194	0	11	31	32	53	418	0	11	45	807	0	0	90	0	15	2636	1	0	0	29	360	0	2	24	0	0	3	103	11	15	331	487	102	4	4	0	20	0	4	32	1364	270	1	11	11	3	592	3306	54	119	18136	140	0	0	4	144	3194	0	0	420	0	115	0	1	8	1010	116	0	78	100	0	17	105	114	0	71	0	354	55	8	185	0
np0614	7	779	89	1217	19	0	877	4	205	0	11147	90	175	17	5322	6	0	29	4865	0	124	428	17	328	5	39	146	420	27	739	0	7	195	1347	0	11	177	26	14	4578	0	2	0	34	30	0	6	40	1	0	2	108	41	12	439	1113	38	11	15	1	67	0	83	24	1622	490	4	58	19	9	786	5254	617	474	1856	350	0	3	21	614	1621	0	0	1133	0	212	1	2	0	933	237	0	131	283	0	80	86	198	0	101	0	258	56	35	248	0
np0615	11	630	145	4232	54	0	52	0	4	0	11754	146	91	16	2324	14	7	0	9	0	55	45	1	71	0	97	107	303	5	946	4	0	1447	1341	0	17	0	10	7	3568	0	8	1	26	80	16	0	39	1	0	0	250	2	9	52	1486	39	0	0	1	5	0	65	5	70	174	1	30	26	30	715	880	51	816	14275	0	0	0	40	815	597	7	0	106	19704	331	24	11	2	430	605	3	70	3	6	7	43	725	0	12	5	29	65	20	107	0
np0616	26	5685	109	4469	18	621	216	122	42	33	82343	254	263	47	4217	59	41	16	2739	624	105	716	0	5818	483	70	93	219	91	4091	307	121	996	4976	0	2	310	30	45	9208	13	15	10	222	371	116	30	11	10	0	8	606	147	47	779	3894	148	66	4	0	71	0	41	38	4908	857	24	171	40	52	2732	4472	436	1188	24275	2	138	2199	124	2197	3309	7	0	1383	544	3799	0	0	7	5341	2990	56	753	560	0	294	2315	327	69	124	12	591	533	137	693	2
np0617	0	120	81	620	0	0	6441	0	0	0	9208	110	66292	10	15510	9	6	1	0	0	0	14	4	3	0	6	6	6157	15	151	0	0	2037	2	0	64	0	223	25	163	0	0	114	0	62	0	13	7	13	0	95	939	2272	3	2	23	5	0	67811	0	0	0	0	33	0	45	0	34	354	0	242	0	45	0	5	1	0	0	319	5891	99	10	0	123	0	0	2	12	0	31	264	3	12	0	0	25	16	1739	0	19	1	8	0	3	10	0
np0618	5	522	17	359	8	0	342	24	13	0	13896	25	2181	7	184	19	1	0	33	54	7	30	12	107	18	8	60	514	6	143	7	3	477	833	34	24	14	10	170	2971	0	4	0	15	27	6	0	8	0	4	219	604	65	2	129	155	65	6	0	3	0	4	129	129	330	46	0	0	5	3	105	69	42	286	4768	0	9	168	65	829	697	0	0	315	125	2201	0	4	361	260	483	0	48	27	0	10	617	231	6	0	0	22	13	4	34	0
np0619	52	69	0	279	90	0	153	346	44	0	30311	86	83	8	14262	35	0	0	18228	0	232	2431	33	518	0	9	802	113	61	2034	0	0	618	1187	0	12	6	7	340	13422	0	58	0	104	258	0	8	22	1	0	2162	3064	13	42	75	3260	248	4	58	6	31	0	51	140	11035	108	0	2	77	2	114	2528	109	77	29005	5	0	0	11	8	821	0	0	2165	0	2489	0	2	158	946	776	0	12	77	0	3	635	15	0	21	0	2376	621	8	944	0
np0620	0	1275	59	769	33	84	31	65	3	2	17840	41	106	10	686	11	8	84	235	150	18	128	4	558	47	21	15	220	23	1410	6	31	229	1516	0	1	13	17	44	2739	0	25	0	58	42	14	3	0	6	12	7	154	12	2	45	960	24	12	0	1	13	20	25	9	1857	52	0	35	24	3	695	709	181	1387	2192	0	24	560	31	2099	291	4	0	287	249	190	2	0	1	1772	745	3	161	59	0	111	277	109	37	15	10	153	69	30	132	0
np0621	0	6537	0	807	0	0	248	0	34	0	18178	370	2572	24	12779	50	0	0	0	0	0	846	23	3	0	41	23	4150	12	12775	0	0	143	2347	0	25	0	165	16	6047	0	0	0	0	804	0	8	12	0	0	76	322	39	74	1159	595	8	6	6	0	36	0	0	17	3	322	0	22	3	10	87	2	641	0	73	0	0	0	460	1260	6	0	0	1494	0	59	14	7	0	1941	250	0	25	0	0	14	80	1124	0	72	2	50	412	515	50	0
np0622	153	438	34	887	23	950	7	189	10	1	11890	324	90	7	394	13	18	4	2972	47	10	321	0	126	17	35	12	150	0	208	0	8	150	241	0	1	23	8	25	1635	1	9	0	34	26	6	15	17	0	8	6	74	23	14	102	351	16	15	0	0	8	6	183	20	469	119	2	43	6	3	308	944	80	356	381	0	5	233	59	604	44	0	0	676	165	764	8	12	0	560	406	3	88	43	0	26	301	95	12	63	0	101	18	17	68	0
np0623	130	4962	36	1728	256	0	431	7	4	34	16594	61	444	15	5994	6	1	0	145	332	12711	712	272	6803	398	83	185	834	5	3262	0	34	1927	1243	262	400	43	1186	343	3279	18	58	11	80	5134	90	11091	30	0	0	472	1358	22	6	58	2322	199	308	35	3	342	44	302	3	6100	354	25	22	38	5	9174	61	130	1176	36797	0	28	3127	74	82	516	62	2	872	522	2527	13	20	4	4412	2056	12	402	127	56	40	42	1127	0	5	3	3	1169	28	9398	0
np0624	0	126	2	50	26	0	12	29	4	0	897	1	1653	0	165	3	0	0	9	0	0	86	105	212	16	5	26	164	0	267	5	0	74	295	2	39	295	0	2	1614	0	0	0	0	45	17	0	0	0	0	15	108	32	2	191	76	4	23	33	0	0	0	317	24	135	27	2	1	2	6	3	256	27	14	1450	0	1	401	20	4	138	0	2	185	0	17	1	2	0	302	61	2	46	3	0	0	31	216	0	1	0	24	35	1	283	4
np0625	0	154	142	743	0	0	22	455	0	0	6845	35	225	12	729	4	0	2	421	0	0	268	63	1626	21	6	45	198	0	562	35	0	279	447	9	20	158	0	30	2052	0	0	0	0	44	25	3	0	0	0	175	135	25	9	200	609	14	0	8	0	26	0	136	29	534	90	0	16	4	15	191	1037	290	373	4363	0	123	5377	36	504	715	0	0	353	0	193	0	1	3	1584	643	19	312	32	0	2	833	102	0	5	0	208	28	12	220	5
np0626	374	187	1	462	10	0	16	0	0	0	25799	9	148	4	243	12	0	3	150	0	12	229	0	680	24	0	19	128	0	726	0	74	53	684	2	5	0	1	12	1990	6	11	0	0	16	1	0	0	0	0	2	185	18	0	84	507	29	57	0	0	47	0	0	11	430	53	0	4	13	5	82	908	17	412	1644	752	13	878	2	84	697	3	75	518	0	411	0	0	0	2728	247	0	147	20	0	1	136	112	0	0	0	68	386	8	1139	6
np0627	71	3595	14	10159	49	0	56	0	0	0	80134	2833	605	198	3174	27	31	0	274	0	7	600	0	223	161	97	152	868	96	582	0	1114	1847	1156	0	19	0	32	72	1483	376	23	8	0	103	8	3	47	137	0	231	4376	8	9	46	1276	233	1132	1	1	9	0	91	47	88	172	1710	123	134	378	3028	247	80	1579	6598	33	100	0	146	17	2281	3	2	459	0	6505	10	17	10	26856	6813	0	420	117	6	12	62	54	3	28	0	0	204	18	2682	0
np0628	44	961	131	1090	54	16	71	12	0	4	22939	52	156	21	1175	32	5	0	179	305	30	187	49	502	34	48	102	173	15	2620	33	227	366	2114	2	0	9	22	42	4432	10	27	8	224	55	24	6	5	23	5	14	556	39	7	181	238	160	374	0	0	43	28	69	60	1007	121	9	35	51	16	905	2823	366	1087	3165	0	43	661	52	266	209	5	0	357	23	1500	4	14	0	2446	1483	1	283	100	0	222	111	185	42	27	12	125	59	22	455	0
np0629	7	1078	19	541	103	24	89	257	1	7	13912	57	163	6	947	31	9	43	351	803	39	162	0	1486	43	52	34	647	10	1228	7	28	390	1731	0	0	29	17	118	5881	4	52	0	60	39	19	4	5	10	0	41	290	19	10	103	641	42	38	1	7	18	0	86	12	2341	136	2	29	15	7	650	840	192	1571	6334	0	71	969	46	1082	337	16	0	384	1571	281	3	7	0	2432	819	3	255	72	0	134	264	192	20	14	6	73	158	43	358	0
np0630	61	457	0	149	0	2	2	9	0	445	15373	15	28	2	366	0	0	0	27	20	0	228	7	1502	221	15	47	27	1	449	1846	59	240	198	0	13	8	2	17	13187	10	2	0	9	24	3	0	4	4	0	64	249	117	0	58	690	42	58	16	4	4	14	41	5	1549	225	39	8	18	29	285	54	172	320	8162	0	38	6448	15	29	150	3	0	416	57	4471	1	2	12	4373	1612	1	125	297	0	32	2331	185	0	8	1	0	198	2	727	0
np0631	43	2091	22	302	25	1	66	21	77	3	5182	23	96	4	2308	3	3	0	59	267	2867	89	366	3212	65	20	41	399	0	1220	1	14	862	622	0	65	8	253	485	1685	14	2	0	48	1724	29	444	15	0	0	1077	186	7	7	44	898	24	14	3	0	91	130	119	4	1648	156	0	9	10	0	282	163	37	458	18760	0	13	1838	22	28	331	10	0	265	1441	691	2	6	1	1660	1004	9	175	47	0	14	26	104	0	13	0	3	1218	19	893	0
np0632	0	23	19	423	0	0	12	0	0	0	17737	35	21	0	641	9	0	0	605	0	0	177	69	1210	109	8	15	163	0	346	6	0	58	516	55	5	11	0	9	615	0	0	0	119	6	11	0	0	8	0	64	164	32	0	125	7880	0	28	0	159	0	0	15	12	73	109	11	5	8	24	38	7	35	292	2483	0	2	162	16	7	0	2	0	519	0	33	0	0	0	1319	2	4	172	4	0	2	49	86	0	0	0	22	0	3	3326	0
np0633	10	1231	19	3974	15	0	17	63	4	0	24595	297	792	57	1314	13	4	9	56	109	12	149	1	246	40	73	71	711	9	291	0	16	774	469	0	13	39	48	13	21477	0	12	0	10	64	15	7	6	13	13	0	178	155	24	272	935	19	19	3	1	9	0	211	8	778	172	2	157	38	115	680	412	87	569	677	0	28	369	53	1024	98	169	19	454	250	3502	0	5	0	616	522	4	56	56	1	27	571	372	15	19	18	38	57	6	157	0
np0634	6786	7081	7	1228	496	0	26	3	20	0	6784	0	7647	18	375	83	0	0	32	0	659	254	270	10	16	44	169	347	0	472	0	0	442	1134	0	12	8	2	135	2797	309	0	0	0	80	86	13	22	3	0	2342	953	17	20	251	738	19	0	6	0	9	0	28	5	0	693	0	10	33	0	373	0	946	0	7952	1	0	0	40	1760	57	57	10	406	0	693	0	67	0	3114	1944	0	114	11	0	15	89	212	0	0	4	4	81	31	578	0
np0635	0	7416	4	52603	0	0	1750	0	0	0	7566	1	9890	0	24333	0	0	0	0	0	0	3	5	0	0	3	471	0	0	626	0	0	9473	10300	0	4	0	83	15	14785	0	0	201	0	1227	0	0	5	77	0	247	779	358	0	1083	805	460	3	5562	0	9	0	0	431	0	0	0	0	59	671	1	0	79	0	44	0	0	0	74	4425	23	0	16	2456	0	8338	0	39	419	0	0	0	0	0	34	17	344	2641	0	0	0	0	0	0	95	0
np0636	23	2274	57	988	14	153	118	13	33	0	18508	39	126	7	1291	13	4	15	693	146	61	162	1	1788	58	30	18	283	17	1165	25	15	328	864	0	4	29	23	39	2009	0	7	0	63	330	27	12	5	0	0	7	154	40	11	209	470	67	10	0	0	17	2	25	7	1461	137	3	28	7	13	621	1085	152	709	8002	0	14	522	39	966	2119	3	0	415	607	928	6	6	0	850	734	1	77	83	0	56	203	152	17	25	13	85	162	35	89	0
np0637	0	30	25	1390	0	0	201	0	0	0	11558	138	2164	23	1328	7	0	0	14	0	0	694	0	85	0	17	8	606	0	2526	4	0	672	1898	0	54	23	30	12	3624	4	0	0	0	85	0	2	5	1	0	40	129	25	9	436	800	23	5	11	0	37	0	7	28	6	109	0	31	0	0	316	8	66	9	13	0	0	0	21	5375	4319	24	0	346	0	113	2	0	0	985	286	0	44	0	72	0	223	608	0	0	0	82	29	46	24	0
np0639	0	1632	98	2142	0	0	146	0	0	0	33420	366	735	13	5607	21	0	47	2793	0	4	1809	89	3280	104	116	63	108	0	867	16	0	525	1356	181	4	108	66	16	2453	0	9	1	134	218	281	21	30	2	0	0	580	36	5	1290	406	46	72	3	779	72	0	74	9	403	402	0	73	6	24	625	22	184	1099	2659	0	46	1944	153	1203	180	7	0	6672	0	757	2	75	0	2914	2281	32	419	19	0	15	124	1197	0	27	0	177	96	66	1611	6
np0641	43	1283	195	2236	42	294	189	151	0	6	41745	129	210	17	1541	47	13	85	454	219	51	346	0	940	250	90	43	167	27	1331	14	26	309	1894	2	0	79	57	56	3924	5	15	4	56	169	64	21	20	6	71	15	328	137	7	209	561	69	39	0	1	38	13	49	29	2520	141	0	101	16	15	1652	1402	222	858	11850	0	52	1191	89	1380	690	6	8	663	842	2207	8	15	6	1940	1662	9	212	198	0	318	747	264	54	140	15	166	113	106	305	3
np0642	1281	1756	44	95	3	0	98	0	15	0	10208	4	331	0	237	6	0	0	4737	0	0	87	70	0	0	17	0	293	0	497	0	0	0	235	0	32	0	0	43	918	0	0	0	0	0	5	0	3	0	0	634	122	52	0	11	151	0	4	0	0	4	0	11	0	0	17	5	7	109	0	139	0	222	276	0	0	0	0	4	54	0	0	4	130	0	89	0	22	99	148	219	0	14	0	0	3	207	87	4	9	3	67	5	10	10	0
np0643	0	241	10	80	12	0	27	18	3	0	1766	0	3406	0	454	2	0	0	8	0	0	109	193	616	74	10	38	259	0	504	9	0	156	642	4	42	1374	4	20	2347	0	6	0	0	79	22	0	1	0	0	23	224	20	2	361	119	7	34	56	0	11	0	271	12	382	43	0	1	0	3	11	1593	54	30	2651	0	23	888	30	1	217	6	1	332	0	21	1	3	0	743	110	7	88	7	0	0	85	368	0	0	0	31	60	0	2204	5
np0644	51	823	45	1219	58	24	26	16	2	98	19417	45	102	10	635	10	9	13	186	742	10	116	6	1008	91	17	43	46	17	901	9	121	288	1047	0	63	19	5	276	1809	17	34	4	48	33	6	0	4	10	4	18	394	11	4	58	659	66	170	1	0	9	30	129	3	1530	104	16	24	31	21	929	655	140	1321	4470	0	422	1842	22	546	230	2	0	320	2345	482	3	5	0	6638	1169	5	314	253	3	148	52	34	25	34	7	43	115	25	727	5
np0645	417	941	0	16	4	0	0	3	0	0	423	1	5	0	11	3	0	0	1	0	3	5	6	32	1	14	33	34	0	33	0	0	1603	5	0	54	0	0	0	66	5	6	0	0	0	0	0	4	0	0	3	93	2	0	1	96	19	7	4	0	10	0	0	0	40	81	0	1	0	0	3	107	0	103	1459	0	0	0	5	26	31	0	0	15	8932	60	0	0	0	391	382	0	2	0	2	0	8	9	0	0	0	5	2	0	14	0
np0646	0	382	4	43	0	8	14	0	0	0	10258	0	262	18	579	10	0	0	2	0	0	0	0	1	0	572	0	221	4	116	0	0	34	325	0	9701	0	261	12979	708	0	0	3	0	102	0	34	89	0	0	4533	484	396	3	79	144	14	0	0	3	4	0	0	14	22	18	0	2	4	0	164	0	307	12	0	0	0	0	267	73	10	0	12	220	0	105	0	0	26	44	25	0	7	0	1	21	0	153	0	0	1	0	36	10	27	0
np0647	0	2544	4	211	0	0	13	0	80	0	28185	0	5993	31	515	36	0	0	0	0	0	0	45	2	0	84	0	1033	0	844	0	3	115	1482	0	3110	0	41	5314	1834	0	0	1	0	200	4	4	72	5	0	8381	1073	1426	0	185	436	46	0	0	0	0	0	0	24	216	9	0	0	1	0	388	8	610	8	4	0	0	3	134	300	0	0	0	1354	0	732	0	0	460	56	807	0	3	0	0	3	0	609	0	0	0	0	17	9	15	0
np0648	0	1540	0	13421	0	0	668	0	0	0	1664	0	4396	0	5142	0	0	0	0	0	0	2	2	0	0	5	179	0	0	375	0	0	1465	1607	0	0	0	19	3	7069	0	0	35	0	1232	0	0	1	41	0	0	143	427	0	367	165	169	0	751	0	2	0	0	64	0	0	0	0	24	144	1	0	25	0	31	0	0	0	25	2001	7	0	2	1151	0	1650	0	20	548	0	0	0	0	0	52	1	285	249	0	0	0	0	0	0	27	0
np0649	0	2474	0	348	70	254	100	107	1	0	20046	0	137	3	422	0	0	0	0	0	0	566	0	133	0	280	146	736	5	307	76	0	1323	675	1	0	0	15	0	2637	2	8	2	15	17	0	32	259	0	0	10	386	49	3	41	1283	50	0	4	0	11	0	0	22	0	86	0	19	3	0	285	116	3	0	13640	0	0	0	218	873	549	13	6	222	0	328	116	99	0	418	947	0	62	21	0	4	839	185	31	18	1	356	78	109	0	0
np0650	24	1157	49	748	53	44	52	68	0	0	16686	55	104	0	724	12	7	61	156	203	22	116	0	591	34	22	14	219	13	976	0	19	214	895	1	0	32	10	38	2566	0	23	2	66	48	9	4	5	6	14	6	164	11	4	48	983	13	10	0	4	9	22	43	10	1835	81	2	24	13	11	665	655	131	1261	2279	0	28	641	33	2673	298	3	0	308	396	252	2	6	0	1915	765	6	182	57	0	110	144	107	36	24	5	68	84	25	134	0
np0651	84	287	0	15	19	0	0	9	0	0	214	1	13	1	156	0	0	0	6	14	0	26	0	165	16	5	14	39	0	444	12	0	434	221	0	0	0	0	12	9358	1	14	0	2	2	6	2	0	0	0	0	140	564	0	258	23	29	0	14	0	4	121	17	1	121	16	0	2	1	0	20	9	18	150	18007	0	6	543	13	14	71	44	0	630	8	81	4	5	4	1023	343	0	1	16	0	14	1061	358	0	0	0	0	82	0	384	0
np0652	0	25	118	931	1	0	26	48	4	0	908	27	170	1	299	0	1	2	101	0	0	163	0	331	18	5	2	102	0	290	6	0	47	224	0	0	72	7	8	585	0	0	0	0	51	29	5	0	0	0	1	28	23	5	60	40	7	1	0	0	9	0	120	6	119	66	0	20	0	1	47	55	35	18	936	0	9	245	36	147	273	2	3	154	0	40	0	5	0	143	18	3	32	20	0	7	137	176	0	7	0	0	17	14	215	26
np0653	0	3796	0	46	38	0	620	0	0	0	5308	22	2355	0	1514	17	0	0	0	0	0	29	2	0	0	1	12	397	12	344	0	0	5	191	1	4	0	2	21	2986	0	1	0	0	43	747	0	0	0	0	3	196	10	3	0	3	0	0	35	0	3	0	0	0	0	10	0	3	5	0	43	199	11	61	28172	0	0	0	0	473	13	328	0	437	0	173	0	0	0	119	122	0	0	0	0	6	0	389	0	3	0	0	83	94	28	0
np0654	11	1119	41	620	43	27	43	29	4	2	11399	41	74	6	679	13	7	52	336	180	35	137	0	792	30	16	27	213	8	1441	10	19	243	1038	0	0	35	7	10	5808	0	9	0	72	73	14	16	7	3	17	3	192	32	7	63	496	63	37	0	0	22	25	346	14	893	84	0	29	20	9	396	497	137	905	1362	0	18	471	17	2475	810	0	0	202	219	350	2	15	1	931	654	0	184	66	0	97	441	166	74	28	17	122	45	28	133	0
np0655	5	572	77	5043	30	9	22	96	6	0	18763	413	77	3	1156	7	3	12	84	117	16	203	0	348	53	8	98	309	5	422	7	17	143	442	0	3	50	5	93	4081	0	12	7	25	33	42	7	10	5	23	6	167	60	0	46	542	15	29	1	0	12	5	345	22	995	76	15	74	20	11	843	244	109	1188	3194	0	18	460	85	1071	1610	8	8	292	378	514	0	2	0	1405	819	4	122	96	0	48	155	81	25	13	8	38	36	46	148	0
np0656	0	3047	295	478	0	62	170	9	2	0	14715	122	411	0	1630	1	0	0	1637	0	0	468	0	540	8	44	45	737	0	1866	41	0	1706	1811	7	9	0	29	4	5226	0	0	0	0	4	0	2	8	3	55	20	86	11	12	16	2608	134	0	9	0	55	0	149	7	0	149	0	11	1	7	263	0	1098	125	1	0	1	0	16	219	6	0	0	387	0	1	9	0	0	1236	448	0	383	1	0	9	136	42	0	3	0	14	68	17	216	0
np0657	293	214	95	1003	0	0	2	0	0	0	13433	283	138	19	593	8	0	0	0	0	0	6	0	0	0	24	2	75	0	43	0	0	0	466	1	0	0	0	13	734	0	0	3	0	17	0	4	8	1	0	1	32	11	0	9	19	36	3	0	1	0	0	0	7	0	0	0	9	8	15	787	597	5	369	92	0	0	0	7	75	1078	0	0	17	0	174	21	0	16	255	935	0	3	0	0	31	85	149	6	0	1	0	0	1	39	0
np0659	9	463	17	334	8	0	7	32	0	0	4242	34	435	3	228	0	0	10	50	83	6	49	0	172	29	5	9	118	0	178	2	14	149	363	0	0	27	3	11	2044	0	8	0	4	16	0	0	0	0	21	2	58	52	0	18	205	6	16	0	0	0	3	199	0	570	22	0	14	8	3	171	171	61	400	558	0	12	234	7	484	209	0	0	144	219	214	0	0	4	546	273	4	47	34	0	24	63	56	13	4	0	28	16	6	55	0
np0660	115	843	205	1083	147	6	2447	0	129	0	3045	81	2881	7	2697	164	0	227	175	0	45	204	0	419	14	214	29	176	0	690	5	7	439	1400	7	28	0	84	301	7292	0	2	0	0	226	47	17	25	6	0	52	360	189	31	133	298	263	57	1077	3	27	0	0	60	136	125	0	93	29	16	274	58	54	153	376	86	17	57	237	246	1865	11	25	2114	0	311	24	58	5	730	312	0	95	27	4	87	560	896	107	201	8	33	70	348	202	0
np0661	44	386	44	593	18	10	18	45	2	6	11438	14	74	4	508	13	2	8	101	169	9	76	0	311	52	12	24	270	9	560	4	45	194	839	1	0	5	4	26	1722	0	21	0	39	18	6	3	8	2	14	5	181	2	1	39	307	12	44	0	1	7	45	28	1	1261	84	3	22	15	3	455	324	133	912	2393	0	36	360	15	779	97	6	0	190	589	396	2	6	0	2070	572	1	245	82	0	95	94	47	17	6	5	21	38	10	190	0
np0662	1846	12028	510	743	0	0	352	0	0	0	40154	27	2150	0	1641	4	0	0	31070	0	0	263	0	0	0	84	15	7546	0	3734	0	0	0	3569	0	0	0	5	2	2939	0	0	3	0	4	92	3	13	20	0	8	311	43	2	149	3273	5	10	3	0	11	0	81	72	0	176	61	37	80	5	1747	0	750	2196	35	0	0	0	26	403	3	0	33	635	0	673	0	68	22	883	1031	0	357	0	0	39	210	746	4	70	0	22	38	104	57	0
np0663	3	355	191	4184	28	39	72	140	0	5	11169	289	154	11	424	41	48	29	184	1279	50	224	7	535	471	76	15	97	50	486	5	568	300	415	7	0	42	61	101	5041	0	2	3	22	70	79	15	18	18	69	30	136	86	4	47	305	31	21	0	1	5	0	112	33	2461	185	0	200	43	11	1896	519	276	312	585	0	17	1384	109	195	611	6	13	334	78	661	24	20	4	1008	1075	14	257	263	0	194	88	99	96	188	57	12	19	81	474	0
np0664	0	180	67	540	13	0	44	97	1	0	1260	7	1300	6	650	2	8	0	429	0	10	139	23	697	3	10	34	301	0	464	7	0	120	344	0	0	86	4	0	2082	0	3	0	0	118	36	0	0	0	0	12	91	30	7	204	94	10	10	2	0	10	0	235	10	190	42	0	12	0	1	36	326	79	44	1668	0	10	881	37	94	701	0	0	507	0	34	0	6	4	340	120	6	66	9	0	2	558	138	0	0	0	55	47	6	164	11
np0665	0	703	86	588	419	0	9	4	47	0	2779	26	1585	6	1034	0	7	2	205	0	9	97	100	1175	2	10	25	545	0	1307	11	0	386	1072	14	227	30	8	72	3870	0	2	0	0	123	17	0	0	0	0	1335	435	129	3	269	169	18	8	127	0	16	0	263	62	245	133	0	24	5	17	158	302	881	785	12782	0	57	11725	49	59	1446	11	0	1350	0	77	0	7	3	1490	1911	6	136	1	0	2	766	87	0	0	0	64	427	8	87	8
np0666	0	53	62	6924	1	0	385	0	0	0	35994	677	169	94	2078	38	0	0	15	0	0	1186	0	146	0	38	27	346	0	3287	11	0	2386	2079	0	119	43	33	68	3622	14	0	0	0	200	0	10	36	2	0	136	293	114	17	655	1278	123	10	26	0	107	0	12	93	0	243	5	202	13	0	1155	9	177	39	17	2	0	0	82	3319	4101	22	0	334	0	380	21	31	0	2130	1196	0	95	24	95	1	597	549	0	19	2	244	105	94	51	0
np0667	9	437	57	2867	24	0	115	0	3	0	6597	62	72	6	1865	11	4	0	0	0	50	28	0	40	1	65	74	165	4	640	0	0	708	913	0	6	0	5	3	2766	0	7	1	8	71	14	0	21	4	0	0	201	1	8	54	520	8	0	0	0	11	0	19	7	56	91	2	30	4	22	367	655	23	474	7291	0	0	0	30	419	493	1	0	66	12701	235	23	12	0	292	425	0	42	0	0	0	26	198	0	8	4	82	65	12	60	0
np0668	0	44	3	300	36	4	18	23	14	0	9357	58	40	6	460	11	0	0	6	0	13	68	1	34	4	13	22	126	4	1130	0	408	452	280	0	57	0	8	14	385	12	0	9	0	17	0	0	2	5	0	0	161	120	2	104	955	40	45	155	0	8	0	0	32	109	99	0	15	0	0	133	573	228	29	2	484	0	625	9	7	357	2	0	176	0	268	0	3	14	1131	600	0	33	6	2	64	20	102	12	4	0	154	21	3	457	0
np0669	0	13	48	421	1	0	10	13	0	0	649	12	96	6	132	0	7	1	64	0	1	58	0	257	10	1	4	52	2	132	5	0	22	109	0	0	22	2	5	254	0	0	0	0	20	24	0	0	0	0	0	24	19	4	29	18	8	1	0	0	11	0	66	3	73	31	0	12	0	0	27	53	14	26	559	0	10	218	20	101	217	0	2	70	0	24	1	2	1	118	23	3	20	6	0	6	62	46	0	0	0	8	11	5	81	6
np0670	0	3978	1	263	238	5	386	109	26	0	19988	0	2161	0	1738	4	0	0	0	0	0	1201	265	425	0	306	255	1505	2	318	24	0	1676	1513	65	18	0	32	9	4768	0	56	0	35	9	0	21	186	0	0	1273	1220	5	2	650	637	239	0	63	0	44	0	13	17	0	65	0	17	5	0	181	228	9	0	10497	0	0	0	203	733	2434	93	3	515	0	2076	98	142	0	748	3077	0	90	3	1	3	401	452	4	10	1	18	387	19	15	0
np0671	12	871	82	1205	24	184	49	103	16	9	27206	59	270	16	1126	38	15	91	582	291	28	1234	0	969	148	76	94	251	21	815	11	73	341	1183	0	0	95	22	32	5063	2	17	0	190	79	46	11	15	9	44	0	326	103	13	322	2450	97	25	1	2	17	7	111	15	3146	215	14	32	39	39	833	910	237	1488	4340	0	75	890	90	3454	468	14	0	579	3327	770	2	12	5	5990	1736	6	619	158	2	92	613	157	28	42	2	170	142	43	634	0
np0672	0	192	0	5959	63	0	98	0	36	0	78031	14	13	4	3246	45	0	0	0	0	0	2	0	121	0	4	6	323	20	639	0	0	5	1138	0	21	0	8	17	1579	0	0	6	0	1401	0	0	2	0	0	110	79	19	1	165	1294	493	0	11	0	7	0	0	58	0	12	0	88	201	25	1604	0	24	221	5	0	0	0	0	45	7780	0	1	319	0	2246	0	2	0	1567	2896	2	1	0	2	2	44	80	0	10	1	156	15	360	19	0
np0673	25	619	26	951	42	3	23	132	0	38	16019	35	89	4	529	6	1	8	142	471	40	183	0	530	153	23	22	197	25	665	14	52	161	789	0	0	116	10	22	1788	15	24	0	64	32	6	2	5	13	16	19	137	5	5	60	706	15	141	0	0	11	24	225	0	3129	71	16	12	27	9	986	205	174	991	2025	0	93	1171	33	1539	171	24	3	305	550	452	3	4	0	2953	868	10	327	173	0	176	111	59	27	18	24	30	55	13	403	0
np0674	20	1848	64	929	6	94	57	22	42	1	14201	51	92	9	631	9	5	17	461	132	25	124	0	1073	74	34	12	126	27	739	20	21	159	635	1	12	44	7	17	939	0	0	0	26	64	14	5	10	1	0	0	110	18	8	76	448	26	11	0	0	9	9	27	11	1793	67	1	19	13	5	604	620	82	476	5889	0	12	331	31	560	751	0	0	237	206	549	3	8	0	675	871	1	50	67	0	32	196	131	20	20	2	43	56	17	95	0
np0675	8	571	46	1171	33	4	52	82	0	1	8112	175	94	0	1394	0	4	13	82	72	15	133	0	259	49	11	75	374	6	318	4	19	123	520	0	1	59	10	69	2296	1	9	8	23	25	40	3	8	0	23	2	110	67	5	34	342	23	23	2	0	5	0	371	34	764	70	0	58	26	10	486	155	114	1014	7193	0	14	394	103	668	911	14	8	315	312	418	3	6	0	755	609	5	89	61	0	47	162	111	12	9	14	32	28	64	88	0
np0676	285	351	139	825	2275	1	441	0	4	0	3656	48	27250	23	2896	118	0	29	80	0	81	289	54	55	0	209	66	778	0	1168	2	23	239	1685	163	294	0	26	66	8938	0	3	4	0	130	21	0	36	8	0	444	222	204	59	45	56	144	31	57116	0	33	0	0	52	41	139	0	29	11	2	173	11	168	411	2004	88	0	24	317	78	500	5	15776	2454	0	114	48	87	0	934	150	0	43	0	0	21	687	1595	2	18	1	3	53	183	48	2
np0677	0	37	0	47	10	0	13	9	7	0	466	3	679	0	97	1	0	0	16	0	5	38	23	64	0	4	10	122	0	76	1	0	8	92	2	14	28	0	0	293	0	0	0	0	11	10	0	0	0	0	1	47	6	0	71	8	4	6	52	0	0	0	98	0	47	5	2	0	1	0	2	208	21	24	275	0	2	197	11	1	80	0	0	102	0	5	0	0	0	68	22	0	25	0	0	0	116	68	0	0	0	9	10	0	64	14
np0678	37	579	22	538	27	14	11	32	0	19	12231	35	45	4	337	14	6	2	82	295	0	69	0	248	88	15	21	93	5	394	9	20	65	497	0	0	28	0	51	2654	0	15	1	44	14	6	4	7	11	19	48	123	4	1	36	912	16	52	0	0	0	29	49	7	1293	74	4	17	17	11	457	432	133	795	2293	0	46	395	13	826	94	0	0	405	348	465	1	3	0	3032	598	0	127	141	0	59	193	30	11	14	2	13	41	19	188	0
np0679	1	68	3	78	0	0	0	10	0	0	1328	6	0	0	49	0	0	0	8	14	0	13	0	60	2	0	0	0	0	55	0	0	8	51	0	0	10	1	0	246	0	0	0	0	0	0	0	0	1	4	0	10	0	0	10	61	0	8	0	0	0	0	75	2	149	7	0	0	0	2	39	34	33	126	113	0	1	61	0	160	28	0	0	39	63	71	0	0	0	138	98	0	17	7	0	0	16	12	4	0	0	4	0	0	26	0
np0680	54	591	25	874	51	9	6	10	0	83	9673	21	44	6	314	8	7	5	58	582	6	70	30	464	152	22	15	114	11	351	6	42	131	586	0	27	29	7	115	2005	29	11	1	21	27	4	6	8	14	1	214	76	4	1	33	645	13	111	0	5	12	22	102	2	1061	36	11	15	14	23	521	396	84	571	2169	0	213	993	23	203	82	7	0	330	363	519	0	4	0	6199	689	2	177	259	0	118	68	19	11	13	2	7	52	12	555	5
np0681	15	3357	31	4689	62	264	277	153	13	1	18881	21	176	17	1106	25	6	4784	485	160	17	505	0	2794	108	34	102	410	0	1273	13	33	813	1766	0	4	66	32	19	5920	0	17	0	24	52	89	27	0	9	29	4	144	64	8	97	812	426	35	0	0	35	4	478	16	1391	504	2	43	14	0	1093	249	189	985	15259	0	34	693	27	1985	249	23	0	402	512	1679	4	7	0	1871	1202	7	510	127	0	60	563	67	34	9	6	62	115	127	144	0
np0682	0	49	0	845	0	0	11	0	2	0	14949	5	83	0	732	0	0	0	369	0	0	662	22	229	97	19	11	30	0	240	74	0	34	330	94	4	49	6	4	858	0	0	0	28	1	11	0	5	0	0	16	327	17	0	163	3452	5	51	4	228	0	0	153	3	245	38	18	0	16	44	49	0	64	437	920	0	20	853	22	361	0	0	0	293	0	46	0	16	0	1286	81	11	329	35	0	0	107	117	0	0	0	2	8	3	10575	47
np0683	12	10	0	2	20	0	338	0	0	0	147	0	911	0	174	0	0	0	26	0	8	0	9	4	0	2	0	107	0	77	0	0	0	26	0	28	0	0	0	22	0	0	0	3	56	0	0	3	0	0	0	3	12	0	1	3	0	0	107	8	0	0	6	4	8	1	0	0	0	0	4	10	0	0	205	7	0	7	2	0	10	0	0	28	0	0	0	0	0	10	0	0	0	0	45	0	22	0	0	1	0	0	12	0	7	0
np0684	29	758	78	512	25	149	66	86	0	2	12356	18	71	4	615	14	5	19	293	110	26	164	0	693	98	9	32	108	9	685	9	22	94	1289	0	0	21	14	5	2157	0	2	6	48	62	42	6	5	0	30	0	242	50	3	84	233	106	27	0	2	11	9	12	17	632	73	0	19	23	1	284	694	107	446	1038	0	9	222	12	926	338	8	4	225	187	1178	2	3	0	1255	689	6	152	103	0	132	207	221	31	52	2	302	46	33	118	1
np0685	0	623	49	625	71	0	33	29	33	0	4035	49	3180	18	658	9	0	0	275	0	32	114	244	1041	13	15	61	547	0	863	6	0	466	767	7	15	75	3	33	3732	1	14	0	0	49	26	0	0	0	0	788	376	112	5	197	100	47	30	223	0	10	0	269	45	227	63	0	24	8	45	97	792	964	339	9691	0	21	4949	80	120	1576	8	0	1534	0	200	1	18	0	679	1081	19	27	6	0	0	809	346	0	0	0	107	143	2	282	3
np0686	21	762	57	693	40	23	23	43	0	11	15633	41	62	9	558	0	2	10	140	334	10	113	21	531	59	10	29	156	11	787	12	34	195	995	1	0	46	8	71	2823	5	21	0	45	26	3	3	1	11	10	7	178	6	2	50	1088	25	71	0	0	12	32	65	4	1963	64	2	16	23	13	580	426	117	1321	2492	0	49	632	8	1915	217	7	0	306	889	378	2	4	0	3199	598	0	330	91	0	125	113	45	16	19	5	35	53	21	284	0
np0687	1924	62243	44	496	212	0	58	3	1	260	11245	26	15203	10	9566	17	3	0	132	499	442	252	16	20332	217	185	157	863	4	2991	5	35	1220	3006	1	254	67	91	32	3118	8	60	0	96	2458	14	679	32	0	0	4	2469	3	71	434	427	11	13	2050	7	393	4305	389	2	2381	1478	4	18	52	250	546	53	186	6451	83785	0	18	10635	201	63	821	53	0	7559	693	1429	16	72	0	5621	6920	131	135	104	2653	225	39	2111	4	4	0	0	1358	6	4413	0
np0688	0	1053	57	1787	22	0	389	10	8	0	13440	107	109	17	3399	20	5	170	2696	0	110	169	44	349	4	23	53	70	33	996	0	10	940	1937	0	0	187	16	32	3317	0	3	3	33	470	0	12	33	0	0	28	207	84	18	495	641	253	5	5	8	25	0	7	18	112	312	1	138	17	11	1662	3213	228	280	28533	92	0	1	19	590	8280	1	0	695	0	668	0	2	2	568	781	0	52	141	0	78	435	549	10	130	1	98	87	83	240	0
np0689	36	1179	190	1460	62	22	42	25	0	0	23696	90	151	33	1283	30	10	6	261	382	30	247	0	609	51	40	86	276	4	2323	8	210	306	2912	3	0	16	22	45	5420	0	19	7	424	39	25	7	13	14	9	2	414	46	12	106	364	189	252	0	0	14	62	71	17	1427	102	5	69	65	20	1138	2397	494	1448	1516	0	23	909	51	738	286	12	2	275	27	2047	5	7	13	2629	1688	1	236	109	0	217	109	139	41	28	17	433	51	33	454	0
np0690	0	1802	733	5922	692	0	100	243	50	0	25058	227	4049	77	3960	17	43	2	1825	0	102	652	99	4938	40	41	184	1737	9	5675	45	7	1335	4086	96	219	363	25	618	13887	0	6	0	0	306	123	8	1	4	0	2453	1412	389	18	1292	1199	106	49	497	2	91	0	692	164	2073	634	4	146	25	136	1115	4631	4331	3051	29781	0	523	32110	187	1212	6309	22	0	5619	0	679	3	36	10	6336	6156	26	1006	62	0	4	4773	478	0	15	0	748	368	39	1499	73
np0691	7	318	0	333	8	0	91	9	4	333	18174	6	22	9	700	4	0	2	121	273	212	60	6	1071	63	18	8	48	3	278	4	20	275	243	0	98	138	6	3	538	11	0	0	25	500	55	20	0	0	0	388	35	0	6	895	557	5	51	11	0	15	0	28	0	3284	58	0	5	4	5	265	29	0	639	17047	0	43	562	22	176	118	0	0	245	219	158	5	0	0	1174	452	1	262	160	4	58	28	21	4	33	4	0	79	5	271	0
np0692	0	6338	25	874	0	0	106	0	0	0	11178	374	48	18	2868	0	0	0	0	0	0	452	9	169	9	22	28	200	10	658	19	0	878	1405	0	11	13	43	30	3839	0	0	0	0	27	103	40	35	9	0	103	405	92	6	180	141	32	5	0	0	19	0	0	1	0	10	17	27	7	0	781	2798	43	0	12405	0	0	0	251	1732	362	14	0	234	0	839	3	19	0	919	825	0	94	8	0	23	282	288	0	0	0	33	312	123	87	0
np0693	0	6	182	4234	0	0	74	0	0	0	13460	1281	205	117	1027	68	6	0	1	0	0	4	0	566	0	274	259	282	1	2284	0	0	2	408	0	156	0	14	57	6159	0	0	0	0	18	0	0	2	1	0	69	89	13	6	440	7075	23	0	225	0	14	0	65	49	0	326	0	10	42	5	355	1421	226	1028	0	0	0	0	19	5964	2239	0	0	1521	0	28	38	11	0	7772	215	0	564	0	32	116	254	222	0	215	3	0	97	5	271	0
np0694	365	714	28	1165	13	890	10	952	6	1	18264	747	706	6	683	0	13	8	4513	123	15	217	39	222	37	33	9	293	14	411	2	13	198	537	0	0	50	16	253	2988	0	13	1	69	30	16	8	13	3	26	220	85	354	12	398	816	20	16	4	8	9	2	290	101	858	106	0	17	12	6	388	674	144	584	765	0	11	411	67	791	126	5	0	1828	277	999	11	15	0	1462	992	1	100	59	0	23	4078	155	20	13	2	37	27	16	137	0
np0695	0	180	450	12812	0	22	20	0	0	0	8124	839	151	121	711	42	0	0	125	0	0	634	23	976	235	295	39	58	0	281	10	0	0	394	0	448	0	77	55	1999	0	8	2	19	275	480	37	38	0	135	193	155	36	6	62	3648	28	16	169	0	10	0	66	58	1	253	10	652	24	4	2724	0	921	254	7	1479	107	0	119	220	228	0	0	539	0	0	322	117	0	2416	375	0	175	0	75	230	73	127	0	73	0	19	26	43	934	0
np0696	18	756	14	871	25	12	19	82	0	20	17650	43	43	0	594	10	0	9	146	355	20	120	0	386	74	18	31	161	14	562	6	40	144	684	0	0	50	10	13	1433	5	18	2	41	60	6	6	0	18	15	0	131	9	6	72	788	20	151	0	0	19	8	202	0	2129	56	4	19	25	12	1060	331	127	973	1650	0	74	1214	22	1657	214	5	0	314	676	374	3	11	0	3332	862	6	261	186	0	142	80	46	33	19	24	36	82	16	334	0
np0697	0	394	0	152	270	0	710	0	6	0	2309	55	64407	0	570	28	0	0	0	0	0	55	18	0	0	6	5	270	4	520	0	0	12	540	9	391	0	1	81	479	0	0	0	0	104	2670	1	9	0	0	74	204	44	0	8	10	4	1	51354	0	1	2	0	13	0	22	0	14	66	2	60	44	26	50	1431	0	0	0	8	115	73	242	4	286	0	58	0	0	0	169	20	3	10	0	0	13	1	583	0	0	1	0	8	98	49	0
np0698	0	262	13	400	20	3	15	37	1	0	5024	7	1150	5	1205	0	11	2	2516	70	35	59	0	302	19	9	7	184	7	480	6	4	124	669	0	0	36	0	9	2704	0	7	3	3	13	8	8	0	5	16	0	39	4	2	38	616	17	14	56	0	3	4	187	8	620	145	11	17	3	13	323	157	71	423	5388	0	4	262	28	1569	59	2	0	316	204	329	0	5	0	631	253	2	76	47	0	17	71	96	28	4	4	14	12	44	45	0
np0699	56	748	39	1954	34	4	19	347	15	2	23051	1264	125	6	888	27	0	22	136	164	115	212	0	479	86	123	32	369	17	694	9	127	562	1154	0	5	74	10	12	5150	1	22	5	427	53	40	22	55	7	29	13	105	14	6	148	815	49	38	0	4	19	10	494	10	1439	115	1	211	24	13	2187	922	230	1279	4386	0	34	710	84	1449	528	9	0	448	6416	1028	6	18	1	2452	1103	7	315	99	0	89	352	62	37	12	8	83	124	35	385	0
np0700	0	299	111	2771	4	0	56	0	0	0	21842	224	235	0	1627	21	1	170	2426	0	0	1005	2	2231	49	83	10	103	0	958	80	0	375	972	12	0	50	27	2	1662	0	0	0	161	41	104	18	14	0	0	0	113	82	20	192	725	17	17	0	147	23	0	39	18	154	139	0	88	4	23	415	0	103	511	970	0	25	382	142	1159	37	1	10	983	0	409	10	54	0	922	791	0	192	11	0	8	571	1113	0	30	3	28	38	57	1421	7
np0701	28	1063	58	1683	48	9	43	165	7	5	26125	174	148	15	1063	16	5	33	252	276	44	323	0	873	132	30	48	186	21	837	25	35	260	1141	0	2	147	27	29	4571	0	17	6	58	71	21	14	14	12	55	4	200	48	12	154	1225	36	76	0	0	15	21	883	35	2325	104	2	34	44	17	779	523	514	1816	1969	0	49	1033	69	2435	466	7	0	696	810	972	4	8	2	2620	1752	11	230	191	0	120	260	384	47	32	13	129	78	42	284	0
np0702	31	677	117	1275	8	120	79	136	3	20	27078	77	126	7	1367	28	6	51	329	232	26	292	0	1074	169	12	32	108	11	1005	19	13	188	1811	0	0	77	16	30	3196	1	9	6	67	77	45	18	3	5	71	9	304	63	3	138	380	67	30	0	0	23	4	17	15	1740	111	10	48	14	13	812	894	187	399	7076	0	51	802	20	1314	383	3	0	425	1563	1586	2	6	0	1883	1433	13	201	185	0	216	731	105	35	64	1	197	104	49	261	0
np0703	0	20	18	328	0	0	20	97	8	0	850	12	314	2	206	0	4	0	47	0	9	71	0	223	6	2	13	72	0	168	2	0	4	87	7	5	54	1	0	363	0	0	0	0	19	9	0	0	0	0	0	31	8	0	77	28	0	6	7	0	3	0	106	5	105	17	1	3	1	0	15	121	24	26	134	0	14	290	14	36	110	0	0	78	0	10	1	3	0	149	15	4	81	2	0	0	141	32	0	0	0	10	15	3	230	101
np0704	16	610	43	1364	34	8	23	110	1	3	23437	10	338	26	1254	12	32	11	3322	169	43	146	0	738	80	14	28	303	28	459	8	26	285	830	0	2	87	5	21	2824	0	14	4	28	53	11	19	0	7	33	0	146	14	6	74	722	55	44	13	0	11	9	429	31	1149	144	21	63	16	89	1308	313	148	1061	9274	0	19	643	43	1823	213	0	7	343	505	1487	0	4	0	1259	551	7	167	102	0	81	241	118	153	20	24	51	38	69	125	0
np0705	0	1689	41	643	272	0	770	43	598	0	2034	18	5254	7	2183	6	0	0	475	0	663	439	751	1859	3	23	49	1983	0	1929	12	0	819	2268	5	209	153	175	31	13805	0	6	0	0	252	962	5	1	0	0	159	1000	69	9	1263	169	71	21	319	0	54	0	595	65	369	149	0	16	6	1	56	826	615	90	23296	0	77	4020	92	94	2795	8	4	3269	0	69	2	21	2	833	310	9	97	14	0	4	1075	1392	0	0	0	188	250	31	228	22
np0706	1907	328	24	374	0	0	125	0	13	0	13257	200	1208	6	472	33	0	0	0	0	0	0	0	1	0	27	1	297	0	55	0	2	0	268	45	9	0	0	8	1718	0	0	0	0	10	0	5	4	2	0	654	20	27	0	125	8	136	0	0	67	0	0	21	67	0	4	0	0	19	0	333	151	28	207	149	0	0	0	19	13	696	0	0	63	25	867	12	0	610	43	650	0	3	0	4	0	1432	40	14	20	0	2	0	0	11	0
np0707	0	289	35	1052	9	0	9	0	0	0	6339	24	48	1	210	1	3	78	154	0	48	126	0	301	40	5	15	133	0	250	20	30	166	337	0	0	181	0	11	962	0	6	0	3	2	15	0	0	0	0	0	14	34	7	33	156	92	1	0	0	1	0	8	5	505	63	0	27	3	10	199	56	378	387	3437	0	31	422	11	2036	0	1	0	69	0	164	0	0	0	466	301	0	68	3	0	13	156	114	0	0	2	1	5	18	2298	2
np0708	0	156	18	1772	50	0	34	56	0	0	28265	115	110	8	1346	45	0	0	78	0	28	169	0	407	24	20	18	1081	4	2953	0	465	1863	1055	0	114	0	12	0	743	37	0	0	0	48	0	1	6	11	0	0	372	54	9	199	2913	164	219	706	0	21	1	0	94	596	336	0	30	8	0	411	648	421	112	23	159	0	913	31	15	884	9	2	838	0	1722	5	7	54	1444	784	0	91	15	13	3	38	364	0	10	0	76	49	6	491	0
np0709	0	1118	11	4761	0	0	125	0	9	0	14956	1403	1040	54	2072	58	0	0	12	0	0	213	248	4	0	17	46	624	16	2638	0	2	95	691	0	53	13	28	166	581	0	0	2	0	147	0	6	5	0	0	415	2296	20	21	628	204	26	879	2	0	3	0	0	7	0	97	0	38	21	20	737	27	783	0	152	0	0	0	225	166	5	0	0	381	0	557	11	6	0	1249	2941	0	9	1	0	6	24	75	9	55	6	291	92	91	119	0
np0710	0	962	45	1014	10	0	175	50	23	3	14070	39	2796	26	1079	10	20	7	43	80	16	228	0	212	27	28	32	1301	7	751	2	11	3029	1690	0	6	31	29	27	4889	0	3	2	12	54	17	8	7	0	11	87	462	45	4	85	423	119	10	0	0	4	0	175	53	686	177	2	45	14	11	299	199	60	384	6128	0	16	314	81	2137	4485	2	4	834	220	1176	1	0	4	547	1267	3	58	44	0	25	314	332	17	17	5	13	47	25	52	0
np0711	360	2992	5	85	94	0	11	7	105	138	1427	2	571	3	3139	10	0	0	53	120	34	71	163	672	2027	43	144	456	0	5706	41	19	5844	5895	28	88	9	9	85	4385	34	15	1	27	22	10	18	16	0	0	47	767	5	4	362	129	115	131	30	2	173	102	30	114	1582	618	16	4	11	2	45	173	15	2217	55116	0	1	1326	45	3	286	15	0	1685	411	145	0	10	2	2387	861	1	35	121	8	45	49	506	0	12	0	0	74	11	720	0
np0712	18	1098	33	911	34	20	25	110	2	10	21421	42	75	6	401	31	11	19	183	271	23	126	0	587	63	7	30	364	19	742	21	36	204	1246	0	0	64	5	31	2548	0	34	2	57	18	6	9	8	19	27	0	165	8	17	68	1006	33	58	0	0	15	25	100	11	2550	62	0	14	12	10	705	711	157	1292	2678	1	78	954	31	2714	283	13	0	385	261	834	4	6	3	1742	926	5	209	134	0	73	155	56	35	18	6	109	47	17	199	0
np0713	11	1164	3	643	5	47	22	48	0	149	16538	40	38	0	867	11	0	0	855	312	17	227	0	3668	368	38	28	38	10	498	38	17	337	579	0	2	162	4	0	9681	11	4	0	33	45	25	9	8	0	0	0	99	78	11	556	720	31	72	0	0	42	0	21	21	1321	226	6	14	15	12	327	266	168	598	27167	1	81	1567	47	375	508	0	0	1035	305	1503	7	0	23	2301	546	5	370	264	25	56	892	220	11	11	2	0	225	23	527	0
np0714	14	940	22	501	4	94	62	50	0	7	12890	31	62	4	714	20	7	19	178	121	19	149	0	416	68	12	8	114	6	510	12	7	92	732	2	0	29	8	8	1316	3	7	0	39	37	13	11	7	2	7	1	139	18	7	98	271	19	16	0	0	12	0	17	12	870	38	2	24	0	6	426	796	83	184	1596	0	18	572	17	1247	199	5	0	199	1469	620	3	7	2	804	689	8	154	82	0	67	85	139	23	25	3	115	100	24	131	0
np0715	4949	4392	2	455	357	0	14	6	18	0	2914	0	3326	2	1584	89	0	0	0	0	774	354	75	21	61	89	119	488	0	454	0	0	744	1147	0	81	3	2	108	2291	57	0	0	0	265	96	11	69	2	0	3801	1212	11	18	1235	393	116	0	0	2	39	0	89	1	2	517	0	15	7	2	164	0	253	5	27389	0	0	0	72	1298	134	32	23	719	0	461	3	95	0	2040	2306	0	101	8	3	8	12	184	9	0	7	0	125	44	376	0
np0716	0	935	0	18226	0	0	57	0	0	0	3062	0	181	0	1474	0	0	0	0	0	0	0	0	0	0	3	513	0	0	191	0	0	3925	229	0	0	0	4	3	2552	0	0	109	0	679	0	0	0	71	0	0	54	300	0	373	218	279	0	6	0	0	0	0	19	0	0	0	0	32	283	2	0	26	0	0	0	0	0	7	1265	4	0	0	196	0	634	0	3	23	2	0	0	0	0	4	2	594	60	0	0	0	0	0	0	57	0
np0717	168	4437	291	3246	182	459	123	226	0	8	68929	174	285	33	1710	75	32	104	439	1092	65	494	5	1249	306	115	82	1204	55	2084	29	78	859	3281	3	0	87	40	210	6620	0	25	6	324	126	62	19	24	27	83	80	508	26	15	131	3281	99	40	0	2	31	36	133	36	6442	247	13	79	64	38	2907	2486	741	7082	6661	0	55	1677	108	7310	865	23	12	917	1617	3490	20	28	4	5729	2848	26	536	291	1	335	275	240	96	98	35	304	200	85	545	0
np0718	9	1753	81	1174	54	38	67	395	0	1	19323	101	148	11	1141	16	7	84	474	732	25	235	0	927	101	23	19	897	40	1599	22	61	426	1567	1	1	34	31	105	6077	2	19	2	105	37	34	6	8	9	13	17	251	31	16	105	970	31	17	0	0	8	0	272	32	2833	134	0	56	33	10	1139	1311	396	2267	4926	0	40	952	45	1508	404	5	2	380	218	486	5	12	7	2305	1315	2	351	80	2	155	364	249	29	37	21	111	99	50	259	0
np0719	8	1350	76	1063	26	94	115	7	0	2	11414	58	81	12	1216	20	6	19	495	70	0	259	0	1129	47	35	10	61	14	859	5	31	231	1030	0	0	41	14	13	2276	1	0	0	15	66	50	18	9	2	7	1	81	47	4	97	418	31	11	0	0	7	15	6	12	1044	173	0	60	26	0	515	320	101	239	7195	0	5	225	35	1030	1015	0	0	524	389	594	6	7	0	546	329	5	129	89	0	101	274	544	22	24	6	63	90	62	114	2
np0720	0	37	15	203	2	0	13	14	0	0	1527	5	53	3	245	0	2	0	54	0	4	65	57	191	7	1	14	37	1	166	2	1	79	96	22	10	70	0	5	497	0	0	0	0	6	5	0	0	0	0	147	40	12	2	69	103	3	6	9	0	2	0	38	9	93	29	1	2	2	0	32	228	90	100	984	0	42	1425	10	66	190	0	0	134	0	35	0	0	1	274	155	0	70	3	0	0	227	44	0	0	0	38	8	0	117	4
np0721	0	1844	103	4151	34	0	81	0	34	0	16206	146	387	9	1334	16	20	357	860	0	179	435	4	927	90	57	51	642	0	1167	36	35	643	1823	0	0	703	9	35	4495	3	7	4	19	47	81	13	1	0	0	0	60	188	9	173	273	503	13	0	0	17	0	24	7	1149	195	0	185	11	36	588	115	1418	1690	15627	0	33	1579	96	2093	12	7	3	604	0	707	4	0	0	855	791	15	183	9	0	61	771	831	0	9	2	10	21	59	5890	7
np0723	2	2350	25	480	24	58	61	157	0	2	12618	39	100	7	932	20	4	85	612	396	56	163	0	1305	43	14	31	503	11	2272	12	27	324	1885	0	0	8	18	70	8751	2	17	7	54	43	40	10	0	6	3	24	245	26	15	65	597	95	11	0	0	10	0	40	22	1421	114	0	17	21	7	621	975	192	1168	5097	0	43	489	22	1370	961	11	0	309	1017	383	6	0	2	1537	673	7	173	69	0	124	484	137	23	13	22	108	87	50	181	0
np0724	0	2035	6	414	118	0	131	0	0	0	1933	154	16133	2	557	22	0	0	0	0	0	24	0	6	0	32	20	3871	0	312	0	0	63	323	0	0	0	2	5	555	0	0	1	0	524	0	0	18	0	0	0	46	192	10	8	95	30	0	3368	0	0	0	0	48	0	99	0	55	7	1	70	0	140	8	0	0	5	0	21	138	456	0	15	416	0	2	8	4	0	85	36	10	26	0	122	50	61	88	0	42	8	11	15	27	50	0
np0725	0	198	53	4110	0	233	49	439	0	0	27290	210	217	15	940	24	0	0	742	0	8	178	0	100	49	45	17	66	8	858	2	169	186	972	0	129	0	10	57	3140	6	0	44	0	32	0	0	18	9	2	1	160	340	0	113	556	44	17	120	0	13	0	0	30	407	148	0	83	10	11	425	646	122	347	17	9	0	304	37	605	2331	0	6	432	0	1883	9	12	11	846	571	3	189	38	1	19	520	58	0	8	0	26	41	14	138	0
np0726	0	281	44	437	0	0	70	0	11	0	17214	46	1510	0	1513	14	0	8	968	0	0	1988	487	598	60	118	19	235	0	482	38	0	59	2288	246	65	74	5	70	1817	0	4	0	52	6	60	0	20	3	0	15	378	29	7	137	17952	1	46	16151	1272	5	0	4809	12	288	522	14	18	18	27	96	15	158	441	1486	0	44	264	107	827	53	19	0	3263	0	200	10	38	0	2780	253	1	425	13	0	0	360	289	1	17	0	75	15	18	3111	0
np0727	0	112	10	138	4	0	51	13	16	0	1464	4	159	1	242	1	0	1	66	0	25	99	185	322	4	0	15	101	0	190	4	4	348	168	1	1	69	12	5	742	0	3	0	0	13	35	1	0	0	0	31	109	16	0	146	69	7	12	6	0	2	0	238	11	110	19	0	0	1	1	17	462	96	79	3122	0	35	1559	8	111	427	0	0	201	0	52	0	0	0	376	248	3	33	10	0	0	185	40	0	0	0	95	9	2	54	0
np0728	12	921	27	682	37	34	22	43	3	3	16625	44	67	0	617	27	7	17	155	268	29	163	0	520	47	9	18	248	20	815	0	24	247	1172	0	0	25	6	43	2529	0	33	0	53	47	12	12	4	3	14	2	164	15	18	90	965	26	56	0	0	7	28	54	16	1880	52	2	20	17	9	663	549	129	1462	2306	0	34	706	27	3283	301	6	0	307	714	463	3	10	0	2156	732	3	244	84	0	75	110	74	43	19	9	110	57	23	188	0
np0729	0	107	0	9	7	0	0	0	0	0	651	0	4	0	113	0	0	0	12	9	0	17	0	208	14	1	0	4	0	187	12	0	47	130	0	0	0	0	0	1668	2	0	0	0	0	5	0	0	0	0	0	115	95	0	169	25	0	0	12	0	5	0	0	3	60	21	0	0	2	0	6	4	15	83	5167	0	0	311	3	0	50	3	0	342	18	94	0	0	2	358	158	0	4	16	0	10	120	103	0	0	0	0	48	0	113	0
np0730	0	232	36	644	73	0	18	0	3	0	6099	22	79	4	229	0	9	70	424	0	28	95	71	665	150	17	44	135	0	286	7	97	411	428	0	4	154	0	14	1514	25	6	0	4	6	19	2	0	1	0	8	117	87	0	28	564	120	31	4	0	4	0	5	0	822	82	0	22	12	3	130	165	909	292	3171	0	98	683	17	1026	0	0	0	95	0	228	0	0	0	1322	374	12	61	11	0	3	412	65	1	7	0	4	9	17	4219	121
np0731	89	10431	493	5662	42	331	230	96	162	17	85864	200	385	55	3967	82	28	63	1701	506	187	623	0	4675	193	130	77	676	62	3419	39	118	958	3427	5	29	109	64	104	7563	0	6	4	60	315	88	29	40	12	15	15	442	134	42	340	1127	221	59	5	0	35	38	97	68	11841	550	9	134	49	35	3312	5118	634	1785	24918	0	39	1840	142	3277	4737	10	4	1306	2071	3434	21	27	2	2749	3465	1	286	337	0	283	1126	467	95	90	42	702	275	123	444	0
np0732	25	3727	25	2479	29	0	4505	163	15	0	24203	298	253	33	21691	352	4	61	5306	0	7297	1136	0	7226	106	39	246	471	51	3603	0	22	3968	3922	0	69	205	44	166	44015	35	24	7	48	3254	0	15	80	4	0	429	1429	42	78	14122	1603	411	126	6	21	392	0	38	12	608	2185	11	160	40	25	2598	5136	848	535	204927	1578	9	0	33	527	5157	0	4	2872	0	2258	3	1	3	7970	1657	0	445	663	0	290	128	1782	3	375	1	54	659	112	1073	0
np0733	8	708	29	514	36	1	21	64	0	0	4943	56	116	0	1896	4	4	9	81	104	13	111	0	203	43	10	86	478	12	355	6	15	84	909	0	5	52	10	10	2336	0	11	2	11	24	35	0	2	6	14	4	168	55	0	41	348	30	10	3	0	6	6	268	26	872	116	0	26	10	8	277	212	101	829	6978	0	8	382	60	633	4215	17	0	763	269	369	4	6	0	694	489	8	65	48	0	24	102	116	16	9	8	17	33	39	85	0
np0734	28	244	50	810	55	9	17	28	0	35	11082	29	79	12	395	5	0	6	55	449	11	91	1	935	60	22	19	103	15	668	16	194	321	730	0	8	36	4	119	2089	24	28	3	47	15	7	0	9	9	0	78	144	6	3	59	563	17	177	0	4	14	163	99	13	1389	72	17	13	37	12	579	392	164	837	6210	0	459	2373	28	360	121	18	0	307	876	243	0	0	1	4070	805	0	275	173	1	131	132	64	18	6	6	5	47	11	726	0
np0736	40	1057	106	381	15	54	73	67	0	0	9378	18	42	0	592	9	6	21	298	50	23	117	0	399	29	12	19	57	7	575	0	12	106	820	0	0	0	18	10	1577	1	2	3	42	43	33	4	9	0	10	0	141	31	5	33	135	127	5	0	0	4	4	6	12	384	71	0	45	12	8	324	551	84	479	1273	0	2	124	20	417	283	0	0	136	57	1021	2	6	3	573	536	4	67	37	0	75	101	284	31	19	8	81	35	43	81	0
np0737	119	827	82	956	27	37	46	100	3	14	18002	52	157	23	979	42	0	4	158	435	33	197	2	563	125	28	33	594	19	1083	7	131	329	1250	1	0	38	10	47	5250	3	29	2	61	34	15	3	8	5	30	29	244	7	11	108	538	30	155	0	2	12	59	95	7	2251	117	3	36	19	15	754	428	269	1592	6410	0	50	976	40	1334	305	27	0	474	416	1186	3	4	0	3239	1105	8	378	187	0	150	110	127	11	21	6	18	90	28	421	0
np0738	7	1119	0	167	16	0	12	1	3	0	3091	6	24	0	927	0	0	2	1268	0	14	106	0	367	7	4	5	45	2	279	0	0	503	427	0	11	12	0	59	1497	0	3	0	8	37	0	0	3	0	0	8	266	4	4	274	459	158	0	14	4	16	0	0	1	77	129	0	13	1	1	160	1492	78	24	51640	534	0	0	0	324	3073	0	0	97	0	134	0	0	0	307	123	0	27	77	0	0	16	97	0	21	0	19	9	5	87	0
np0739	933	973	28	326	0	0	46	0	30	0	12151	202	2869	9	1386	16	0	0	0	0	0	5	173	0	0	40	6	356	0	228	0	0	0	645	69	2	0	0	58	2731	0	0	3	0	309	0	5	12	1	0	883	25	0	0	181	5	192	0	2	8	2	0	5	13	0	0	0	7	22	5	385	1159	21	1205	457	0	0	0	40	36	1394	0	0	208	0	389	20	0	1	131	1191	0	0	0	1	4	11	46	0	0	2	0	1	0	37	0
np0740	16	641	26	786	22	4	25	79	2	3	10335	55	71	0	387	7	11	27	161	205	21	155	4	479	92	6	45	104	22	436	8	24	164	491	0	0	89	16	14	3117	0	16	0	35	19	16	11	4	0	46	7	105	14	0	59	665	26	38	2	0	0	14	496	9	1575	44	0	20	15	15	376	349	181	1133	1323	0	35	726	30	1441	313	3	0	324	509	586	0	7	0	1451	828	8	125	104	0	58	149	87	41	23	10	51	55	11	166	0
np0741	0	115	26	25745	0	1	230	0	27	0	135690	647	27	52	2773	6	65	0	0	0	0	5	123	0	2	7	6	25	87	71	0	0	8859	65	0	44	0	7	110	101	0	0	1063	0	17	1	3	1	4	0	208	1475	158	0	0	15	0	0	723	0	0	0	0	66	0	420	0	167	1458	35	1170	51	32	5	12	0	0	0	38	6365	73	0	3	83	0	0	0	0	0	23	3228	5	587	0	0	10	12	129	0	6	1	530	0	2	19001	0
np0742	264	2477	0	2103	77	5	543	11	0	0	33589	74	247	14	790	110	0	15	20	0	146	152	0	670	19	28	113	428	2	1871	0	7	210	1479	0	94	0	16	7	14489	14	9	9	271	56	26	0	6	5	0	3	705	57	5	87	640	146	24	67	0	23	0	36	195	1447	2019	20	19	61	221	1087	1853	422	577	8706	0	30	0	32	175	585	11	5	241	0	1108	0	3	0	2932	2036	0	315	36	2	185	111	1056	1071	43	7	20	31	4	638	0
np0743	57	2073	341	2970	37	204	89	769	7	217	45489	118	239	31	1757	39	13	93	879	1564	46	768	13	3162	1371	47	81	547	37	1380	36	402	339	2394	3	111	277	45	90	6789	11	36	6	121	149	69	29	4	11	62	1374	1260	91	26	192	983	112	427	0	5	38	23	341	12	5255	202	50	105	41	22	1718	1560	415	1293	11242	2	1395	4567	52	3290	763	16	0	897	5713	4309	5	10	3	10164	5036	39	496	1182	0	326	314	130	109	93	5	301	145	75	1577	68
np0744	0	292	26	741	4	0	24	1180	5	0	3509	10	1360	6	1174	5	6	1	162	0	13	325	44	1114	42	15	50	363	0	554	14	0	191	502	0	10	507	7	14	1665	0	1	0	0	142	27	0	0	0	0	0	86	13	9	689	398	12	49	12	0	32	0	371	8	656	69	3	0	1	2	57	609	74	38	1098	0	86	1262	54	108	800	2	0	737	0	31	3	11	0	673	66	14	388	9	0	1	614	70	0	1	0	67	96	0	1276	79
np0745	5	704	41	1704	13	3	66	56	8	3	17948	50	879	12	541	15	10	5	66	95	13	192	0	218	40	13	32	357	6	422	7	9	738	794	4	27	32	17	80	2217	0	6	3	15	31	2	4	6	5	17	249	624	5	7	174	338	185	14	0	0	11	3	170	14	843	93	0	26	22	14	283	175	99	496	5559	0	17	387	57	1331	3718	4	0	388	214	1695	4	0	0	737	2592	6	81	37	0	38	97	169	20	10	3	27	31	12	85	0
np0746	31	2542	1	770	13	0	83	40	4	364	18051	101	58	0	549	2	0	0	94	367	422	71	117	684	226	15	30	46	20	207	0	138	82	141	3	81	12	70	37	212	20	2	0	16	108	8	89	5	2	0	176	164	2	1	48	219	4	68	11	0	9	32	9	4	8524	52	53	4	5	18	2902	58	37	890	2300	0	84	939	11	13	240	0	0	82	39	344	2	0	0	1513	527	57	94	172	39	38	61	45	29	6	2	2	33	0	592	0
np0747	2499	73055	10522	50452	2325	3815	5390	5783	5	123	1012115	3235	4922	391	76302	1530	560	816	28834	8904	2420	10114	149	59999	3045	1115	2144	10315	1087	87927	297	915	16529	92564	67	6	553	1146	2792	401259	9	711	157	3163	3139	2165	678	427	222	559	111	18802	2109	430	5046	12915	7911	273	0	114	672	2488	1115	948	76402	5734	130	2464	1203	455	45630	58282	14366	31274	269518	0	764	20952	1206	44340	29147	294	52	18691	8877	86757	133	452	141	95487	65031	253	8815	4020	23	7432	10761	15197	2562	1674	559	6521	4559	2343	11603	9
np0748	73	8660	26	288	17	0	11	7	0	133	5746	20	907	10	1503	2	3	0	118	213	72	71	2	1478	77	34	43	148	1	442	6	12	240	411	0	55	30	14	16	553	0	14	0	20	302	5	82	6	0	0	4	206	0	17	160	150	3	10	233	0	52	81	85	2	889	187	1	12	7	36	273	57	75	972	12615	0	11	2563	41	25	439	14	0	956	323	347	4	7	0	1157	953	19	62	64	110	72	26	156	3	3	0	0	149	2	778	0
np0749	21	2720	58	935	15	132	90	20	75	0	18676	56	122	14	945	17	8	43	532	153	36	175	0	1609	58	39	15	196	33	790	11	19	299	770	2	22	50	11	18	1661	0	1	2	48	97	35	6	15	3	0	3	123	34	5	101	476	54	9	0	0	13	20	58	12	2353	87	0	47	9	12	878	865	107	795	8984	0	17	362	48	729	1012	4	0	397	264	859	4	20	0	561	784	0	88	76	0	52	219	170	23	13	4	46	90	30	103	0
np0751	4113	2602	41	550	1322	0	609	10	110	0	11098	23	9417	6	9672	170	0	43	68	0	30	486	386	4389	25	39	121	1331	0	3407	11	27	288	1818	1	74	0	17	23	14982	0	27	0	0	246	12	6	0	8	0	170	876	62	69	283	3867	173	6	25	0	288	0	17	46	428	206	0	11	47	23	105	935	572	738	13424	523	18	712	58	229	4930	17	0	4822	0	914	6	23	0	5817	628	1	221	31	0	9	106	292	0	83	0	46	167	161	95	0
np0752	0	268	50	573	17	21	29	44	0	2	7610	25	58	4	286	9	1	13	86	77	15	86	0	324	30	13	2	116	11	435	12	34	142	507	1	1	19	10	17	4547	0	13	0	9	23	24	7	2	1	10	14	169	57	5	44	221	47	19	0	0	5	34	103	2	735	57	1	32	9	2	323	412	172	328	2482	0	46	570	8	566	145	5	0	162	266	353	0	0	5	700	349	0	79	26	2	47	201	75	18	12	2	35	17	28	118	0
np0753	5	281	23	271	10	8	11	16	5	6	5402	20	28	2	267	8	0	10	112	96	12	51	0	323	18	4	15	22	8	477	0	18	116	455	0	0	13	10	4	2093	0	2	0	13	19	2	6	1	4	0	10	89	3	4	27	241	20	32	0	0	7	33	205	2	624	43	3	4	5	3	360	165	56	411	824	0	21	422	8	996	107	6	2	79	151	54	2	3	0	806	344	0	93	34	0	64	114	59	7	4	3	32	30	10	112	0
np0754	19	1445	25	404	13	86	82	5	11	0	7131	31	91	2	814	7	4	0	409	61	40	84	0	1006	18	21	10	145	11	515	11	6	133	486	0	4	8	14	19	975	0	0	2	21	235	15	6	6	0	0	2	80	23	7	108	218	43	3	0	0	6	4	5	4	479	67	3	13	2	6	314	490	68	258	6180	0	5	201	35	352	932	0	0	238	210	554	0	3	1	314	399	0	33	21	0	43	101	128	8	5	4	21	92	17	31	0
np0755	0	304	298	4145	10	0	120	144	10	0	9098	133	838	33	1742	13	35	21	821	0	46	976	12	2402	54	43	56	721	11	1561	23	0	277	1457	0	6	281	30	48	2736	1	3	0	2	257	183	23	3	1	7	2	166	144	37	517	352	56	7	7	2	56	0	250	19	583	267	0	129	5	39	358	481	309	420	5968	0	70	1534	179	1160	3429	6	30	943	0	285	6	42	9	1292	208	19	353	108	0	37	864	676	1	24	0	90	60	44	1153	76
np0756	435	3082	0	26	79	0	7	1	12	0	299	0	232	0	693	0	0	0	14	15	25	16	31	334	42	9	0	248	0	2252	2	0	1583	1733	0	148	0	0	459	1852	2	0	0	4	16	12	3	0	0	0	152	191	6	2	71	56	40	2	8	0	19	116	18	8	182	125	0	0	2	0	9	44	0	620	29578	0	0	41	11	1	71	1	0	747	55	25	0	1	0	240	126	0	12	16	1	16	32	241	0	3	0	0	37	2	70	0
np0757	0	202	18	94	128	0	116	2	36	0	2265	11	6467	0	604	4	2	0	37	0	14	148	609	223	17	21	46	562	0	857	8	0	223	946	7	180	179	0	20	5318	0	7	0	0	47	36	0	0	0	0	86	602	38	0	131	32	40	52	199	0	9	0	290	31	199	66	2	0	0	3	37	2252	151	178	6339	0	14	1192	79	1	454	1	0	364	0	129	1	7	0	792	194	8	28	5	0	0	406	644	0	0	0	132	48	8	275	3
np0758	0	135	4	1871	27	6	34	164	29	0	28909	80	125	11	1237	25	0	0	119	0	16	121	0	97	4	27	40	157	11	2510	0	862	523	739	0	142	0	13	23	868	21	0	16	0	33	0	3	10	8	0	0	350	189	5	171	1228	93	181	214	0	12	0	0	36	665	172	0	21	6	0	397	1004	274	137	40	145	0	854	34	27	1191	0	0	309	0	1157	4	5	4	1430	1189	0	115	12	4	10	95	290	0	12	10	222	47	5	415	0
np0759	1307	33	0	20	43	0	560	0	0	0	71	3	356	0	1639	38	0	0	1	0	984	0	2	11	3	18	0	241	0	29	0	0	463	424	0	0	0	0	10	7974	0	1	0	0	22	14	0	3	0	0	105	69	0	12	0	5	10	0	151	0	0	777	197	0	32	83	0	0	0	0	6	0	14	65	17608	0	0	19	16	0	28	0	0	254	10	313	0	0	0	29	319	0	2	1	4	0	0	312	1	0	0	5	617	0	459	0
np0760	0	33	723	4199	0	7	15	0	0	0	6442	475	436	105	828	33	0	0	171	0	0	1293	709	2021	59	8807	72	138	0	500	3	0	1	359	0	19209	0	363	22280	7796	0	8	0	74	84	626	94	130	0	34	17324	119	114	7	113	994	27	0	481	3	28	0	263	81	0	436	19	360	15	1	1314	0	497	201	6	672	42	0	931	382	451	0	4	1725	0	0	1089	981	0	1394	255	0	453	0	590	397	122	497	0	120	0	3	38	27	552	0
np0761	0	83	6	251	0	0	18	201	0	0	610	2	533	2	329	0	0	0	108	0	0	93	47	379	8	0	23	110	0	170	0	0	48	131	0	5	63	3	0	772	0	0	0	0	52	20	0	0	0	0	8	23	4	4	162	58	0	2	1	0	13	0	122	5	113	21	0	0	0	1	11	234	19	16	722	0	12	516	16	28	238	0	0	272	0	7	0	3	0	211	30	2	62	7	0	1	134	35	0	0	0	64	27	1	50	6
np0762	5	386	0	316	9	0	3	11	0	190	12778	18	21	7	561	0	2	1	385	218	0	69	0	2652	296	15	26	15	6	331	4	21	135	267	0	4	35	0	0	7426	18	1	0	8	26	1	1	6	0	0	0	147	981	9	102	761	28	30	4	0	0	0	8	6	586	137	0	16	35	3	165	25	45	330	13521	0	36	1181	27	59	216	0	0	658	100	311	4	0	15	4082	659	5	159	158	0	97	1065	61	0	11	0	0	220	6	696	0
np0763	16	1433	118	1304	73	97	41	314	0	11	23881	43	154	14	733	24	4	56	310	452	19	278	0	1877	82	33	57	653	28	1922	41	72	492	1824	2	0	137	10	54	11117	0	38	4	47	39	38	7	6	8	40	28	348	66	7	113	1496	57	42	0	10	23	56	95	40	3320	132	0	43	26	25	999	1003	347	2207	10240	0	148	2329	31	3978	405	22	0	533	1699	723	4	8	3	2829	1450	15	299	141	4	179	1118	144	70	23	20	188	50	38	320	0
np0764	0	516	163	1016	44	0	28	174	48	0	5581	43	1710	18	2035	15	0	2	694	0	19	472	158	2149	11	24	134	942	4	1060	9	0	517	1279	36	65	413	12	19	7173	0	4	0	0	225	30	4	0	0	0	180	459	73	3	830	646	19	30	443	0	32	0	815	47	700	158	0	40	3	0	154	1529	310	337	9036	0	356	5646	122	444	1348	11	5	1276	0	150	2	26	2	2660	321	20	305	27	0	0	938	116	0	0	0	153	101	20	520	14
np0765	0	4940	62	1480	372	0	303	0	132	0	15016	40	7214	10	2865	16	2	103	394	0	1625	856	10	5446	67	93	275	2299	0	3507	49	34	762	3571	39	15	279	37	110	10323	40	100	0	133	25	112	6	10	4	1	237	316	98	6	1022	1591	474	9	137	518	12	0	135	3	1582	191	0	26	25	18	376	774	5865	990	22876	0	52	1375	147	3135	0	28	0	1043	0	1109	2	0	0	2171	3216	6	114	2	0	5	518	2021	0	1	2	27	49	69	13372	0
np0766	0	2662	178	2205	408	0	26	15	95	0	12208	75	2013	12	2607	15	10	1	1214	0	11	392	2098	6103	26	20	71	1410	0	2492	4	0	1968	3206	149	244	444	6	66	10878	0	10	0	0	251	49	0	3	0	0	3232	1825	466	17	1282	662	39	54	714	0	39	0	999	188	1250	254	4	26	36	19	475	945	2601	1828	37585	0	165	35035	145	695	5494	18	0	4294	0	267	0	15	10	4948	5413	4	682	24	0	0	935	198	0	3	0	233	282	22	379	30
np0767	151	878	128	1030	73	4	65	59	0	19	15181	53	132	15	959	8	9	6	362	736	31	167	377	1889	108	30	26	165	29	928	4	74	263	922	0	44	21	14	569	3787	10	16	5	70	40	31	5	9	17	0	4	801	27	5	85	306	129	192	0	40	10	192	81	6	1524	110	11	52	26	12	956	827	301	732	9120	0	739	3203	42	274	298	9	1	302	312	1922	2	12	4	4946	2133	3	174	204	4	200	97	81	26	31	2	25	70	32	908	0
np0768	0	44	13	179	0	0	9	181	2	0	1377	0	173	4	160	1	0	2	34	0	2	55	19	193	17	0	7	64	0	103	2	0	34	76	0	0	107	0	6	273	0	0	0	0	33	4	0	0	0	0	7	21	0	0	113	73	4	7	2	0	1	0	122	2	93	15	0	3	0	12	9	58	19	38	159	0	9	193	13	12	167	0	0	65	0	8	0	0	0	112	6	0	47	2	0	0	108	22	0	0	0	13	15	0	182	26
np0769	8	553	23	467	12	7	11	73	0	0	6823	41	55	0	305	9	0	13	125	120	11	105	0	333	38	15	18	124	14	284	8	17	196	324	0	0	50	6	14	1495	0	7	1	29	18	6	6	3	6	27	5	71	6	6	46	411	10	29	0	0	0	9	398	7	1032	60	0	23	12	0	248	264	123	783	975	0	24	520	21	1010	224	3	0	186	362	412	2	0	0	937	565	7	98	82	0	29	85	38	22	10	8	57	25	17	132	0
np0770	19	271	324	2357	24	50	183	55	0	18	16126	118	136	13	678	21	24	9	191	191	75	352	0	342	146	43	28	142	32	934	13	219	218	3001	4	0	8	50	63	15126	1	8	3	50	59	60	11	10	8	57	19	280	37	12	85	106	111	13	0	0	15	69	16	25	1479	119	11	91	31	9	998	336	321	415	883	0	10	388	57	1025	876	4	0	273	7	960	3	5	0	951	1119	6	202	102	0	187	88	480	102	61	23	37	60	49	309	0
np0771	0	91	0	789	0	0	30	0	6	0	14384	12	63	4	743	0	1	6	428	0	0	463	13	581	39	15	16	0	0	168	63	2	40	263	49	0	53	0	11	610	0	7	0	21	13	18	0	2	3	0	14	182	14	0	112	3932	4	21	3	59	7	0	65	7	238	43	0	4	6	28	49	3	34	530	349	0	65	466	14	235	28	0	0	321	0	69	0	0	0	895	82	0	462	3	0	0	197	108	0	0	0	7	0	4	4070	7
np0772	46	72	0	7	151	0	604	0	0	0	54	0	13575	0	1560	0	0	0	131	0	10	0	64	10	0	57	0	557	0	298	0	0	327	107	0	539	0	6	83	188	0	0	0	0	11	0	1	147	0	0	56	31	11	0	29	17	0	0	2805	13	4	0	21	21	0	3	0	1	1	0	1	6	0	0	6578	0	0	0	28	9	7	4	0	41	0	0	4	4	23	15	0	0	0	0	264	1	13	30	0	2	0	0	0	7	9	0
np0773	0	10	90	488	0	0	11	23	2	0	603	12	97	0	150	0	5	0	38	0	0	109	1	123	4	3	4	61	2	145	6	0	30	142	0	4	34	4	2	344	0	0	0	0	28	18	1	0	0	5	0	15	9	2	39	22	0	3	0	0	2	0	47	5	59	32	0	20	0	0	29	37	15	14	365	0	8	162	15	78	168	0	3	93	0	19	0	4	5	87	13	3	19	6	0	1	47	95	0	5	0	3	2	4	143	14
np0774	0	358	45	3909	0	0	136	0	6	0	34934	140	273	5	2675	17	0	92	2715	0	0	1531	25	3042	232	70	31	111	0	705	126	0	100	906	167	2	55	11	18	2131	0	3	0	106	58	102	11	0	0	0	6	378	30	15	294	4384	19	158	3	62	18	0	131	48	685	211	0	42	12	53	310	4	167	1742	1112	0	169	2041	103	1075	67	0	16	1418	0	494	6	0	0	2906	1184	28	1723	33	0	5	786	493	3	56	0	257	48	54	4381	31
np0775	0	148	3	219	0	0	0	0	0	0	9431	33	114	0	587	0	0	0	186	0	0	194	9	81	44	9	11	0	0	224	0	0	22	223	73	0	17	4	4	109	0	0	0	26	23	20	0	0	6	0	0	234	2	0	70	113	14	40	0	643	0	0	31	3	134	29	2	0	4	25	87	3	33	540	499	0	11	198	18	5	7	1	5	573	0	138	0	0	0	1791	92	0	64	47	0	2	59	37	0	11	0	7	5	0	274	0
np0776	5	232	33	430	11	0	43	3	0	0	2495	47	30	6	333	15	4	35	251	0	8	51	0	63	0	0	16	62	19	247	0	4	75	360	0	0	24	0	11	675	1	0	0	8	10	0	0	9	0	0	19	51	41	0	61	146	27	5	11	0	0	0	0	10	82	61	0	25	4	7	480	779	170	90	2984	172	0	4	2	330	1208	0	1	157	0	155	0	0	0	130	180	0	14	21	0	18	145	100	0	22	0	14	13	17	70	0
np0777	7	645	40	832	10	2	57	43	5	0	13028	33	1654	13	854	4	20	5	32	50	7	310	0	141	15	10	25	578	3	246	2	5	1320	1683	0	0	29	9	9	2946	0	4	4	6	31	0	6	6	0	10	7	181	17	5	66	397	35	22	0	0	5	0	156	49	495	212	0	29	17	8	264	116	47	304	2820	0	14	201	49	2164	2779	0	4	583	150	864	1	1	0	394	1014	4	67	34	0	16	173	74	11	16	0	42	70	9	52	0
np0778	10	436	17	466	11	6	18	53	0	0	5948	29	48	0	265	5	0	11	91	104	6	86	0	271	42	17	15	54	17	270	2	7	77	345	2	0	30	0	6	1685	3	6	0	18	23	2	7	1	6	12	4	68	6	3	39	426	15	24	0	0	14	2	177	2	952	29	0	10	15	4	217	222	69	588	753	0	12	426	4	938	163	0	0	166	267	326	0	0	0	1115	530	4	88	91	0	54	99	30	16	11	5	50	30	3	112	0
np0780	620	11742	1241	12645	419	148	496	153	9	10	245006	594	991	219	8688	313	126	48	1778	3655	490	2027	3	6186	513	346	932	1669	154	11020	86	2444	1723	10708	9	1	74	227	470	39059	116	318	89	1835	1463	210	748	96	255	64	29	6858	255	55	1557	3022	1516	5701	1	5	308	224	891	126	10445	1299	59	425	690	319	28843	13581	3930	9618	14334	1	708	7042	377	2567	2014	81	17	2962	307	16636	51	75	20	28596	20635	49	2687	1324	1	2704	892	480	547	274	160	1887	1105	414	6150	4
np0781	0	401	6	832	14	0	25	0	2	0	6208	21	71	9	365	2	4	22	99	0	54	75	0	309	147	21	45	98	0	454	10	169	306	657	0	3	55	1	15	981	28	10	0	11	7	6	0	5	3	0	4	174	72	3	78	469	48	53	0	0	18	0	34	0	836	161	10	13	23	19	136	109	325	390	5560	0	63	965	18	1358	3	2	0	94	0	220	0	0	0	3429	400	13	179	50	0	0	404	94	7	18	1	41	10	15	3426	29
np0782	0	5804	0	94	0	0	42	0	0	0	2786	64	1426	4	1071	3	0	0	0	0	0	57	11	28	1	7	31	1196	0	947	4	0	152	2003	0	0	3	8	5	3038	0	0	0	0	5	27	14	5	2	0	15	105	7	0	108	69	12	0	0	0	17	0	0	0	0	0	2	2	3	1	174	445	18	2	20865	0	0	0	52	1454	677	60	0	87	0	188	3	0	0	115	243	0	24	0	0	0	37	142	0	0	14	18	39	80	24	0
np0783	0	2242	93	904	318	0	24	9	50	0	6122	47	3187	16	2746	20	6	0	174	0	35	401	263	1614	9	33	55	1599	0	1696	4	4	995	2283	29	145	124	4	33	9709	0	2	0	1	309	47	0	2	0	0	207	906	143	27	846	686	26	6	1112	0	33	0	632	110	399	95	0	51	0	18	171	414	1108	566	17229	0	118	5447	124	254	1784	25	2	2831	0	143	1	24	1	2644	550	5	227	4	0	0	825	359	0	0	0	149	279	34	508	11
np0784	4110	110	25	587	95	8	474	38	0	2	9490	34	947	5	430	68	0	3	9	8	414	25	35	18	6	32	19	308	7	497	0	5	294	573	3	0	1	17	8	1008	0	11	0	41	26	14	3	6	0	0	46	457	0	30	59	38	128	0	178	0	23	1124	4	0	696	88	2	6	10	12	2569	417	654	58	11536	0	0	89	33	74	38	19	3	243	29	2340	2	0	1	106	1124	0	10	12	2	3	48	205	0	0	103	30	117	8	123	0
np0785	7	578	44	1218	18	2	33	82	15	0	16979	55	409	18	688	13	40	12	69	87	11	273	0	409	56	19	28	510	6	547	5	12	2027	791	0	2	30	10	33	2576	0	7	5	24	45	12	6	7	7	24	17	236	54	8	54	373	90	17	0	0	4	5	293	29	673	163	0	52	30	20	299	166	119	621	8782	0	15	371	105	1186	1371	2	0	376	274	995	3	4	3	684	1077	1	86	68	0	34	404	282	18	80	13	27	62	16	89	0
np0786	1183	1620	1453	2924	0	0	69	0	11	1	45285	1358	921	99	2921	85	0	0	0	0	0	33	0	0	0	172	23	654	0	213	0	0	1	2590	0	0	0	0	82	7043	0	0	12	0	135	0	48	71	12	0	4	189	215	0	77	71	422	4	0	2	0	0	32	38	0	0	0	58	86	51	4981	2487	61	2241	796	0	0	0	153	789	8069	0	5	197	0	1142	106	0	84	1006	3152	0	11	0	3	177	961	342	77	0	7	0	0	0	145	0
np0788	138	716	65	734	35	12	42	53	0	70	15812	35	82	9	733	23	3	13	189	567	18	136	62	895	63	15	53	132	9	633	5	17	207	847	5	117	9	15	90	2764	12	24	4	33	45	18	4	11	14	0	87	359	19	5	44	567	67	154	0	0	7	72	21	6	1697	84	13	17	15	12	688	1032	174	863	7343	0	115	812	29	365	181	4	0	377	287	1490	5	5	1	5845	1141	5	196	157	0	282	247	66	12	23	7	19	92	13	701	0
np0789	3	430	23	805	11	0	141	13	3	0	7246	151	65	9	2493	12	2	18	7415	0	56	406	0	135	0	6	10	48	42	356	0	11	81	965	0	0	50	11	19	3730	1	0	4	52	411	0	12	12	0	0	7	202	32	21	318	326	122	0	1	4	22	0	6	46	319	327	4	20	6	2	545	5119	99	116	22423	230	2	0	14	184	3629	0	0	722	0	118	0	0	20	743	129	0	95	99	0	22	66	184	0	53	1	200	89	34	155	0
np0790	0	254	0	155	9	0	340	29	3	0	1485	24	43	0	2514	59	0	12	252	0	3263	102	0	1330	34	2	25	51	0	502	0	0	327	353	0	87	4	4	63	7612	13	6	0	0	313	0	1	10	0	0	418	228	2	5	3432	90	9	37	19	7	53	0	11	0	44	174	1	18	7	3	124	228	103	26	28319	107	0	0	6	4	376	0	0	467	0	336	0	0	0	1047	173	0	42	27	0	10	5	564	1	26	0	0	114	3	186	0
np0791	0	2121	0	123	0	0	50	0	5	0	3615	69	1048	2	830	12	0	0	0	0	0	82	146	75	0	8	72	670	0	836	0	0	212	1208	0	20	0	2	876	1406	0	0	0	0	6	19	2	13	11	0	204	469	0	0	458	29	19	7	0	0	7	0	0	0	0	7	0	0	9	0	105	624	10	0	10706	0	0	0	38	334	220	51	0	149	0	945	0	0	0	68	1445	0	11	0	0	2	7	121	0	0	6	0	18	65	26	0
np0792	218	1360	31	613	16	541	31	257	3	0	10141	195	2087	15	527	9	17	3	6889	91	13	215	16	190	35	52	13	373	10	404	3	8	150	669	0	1	39	21	37	3440	0	9	0	91	55	5	8	13	1	13	228	57	80	29	290	879	0	14	0	10	13	7	314	23	916	150	0	18	8	0	309	563	98	507	722	0	11	414	66	692	82	3	0	2754	224	501	3	12	0	705	416	3	74	51	0	9	198	97	17	28	0	43	17	21	105	0
np0793	0	672	57	2013	21	0	38	0	0	0	13662	54	128	21	418	4	10	160	359	0	49	278	0	741	43	26	27	217	0	565	39	38	788	945	0	0	291	2	16	1711	2	4	2	9	5	27	0	3	2	0	0	24	110	6	50	312	164	2	1	0	1	0	8	0	792	131	0	65	2	24	398	120	946	741	6321	0	67	864	35	1645	2	0	0	186	0	385	1	0	0	1017	513	4	139	7	0	34	491	527	0	0	3	4	16	10	4644	0
np0794	33	1572	38	1041	62	58	46	99	0	15	24392	63	78	9	763	39	4	49	327	336	18	236	1	1080	77	22	52	258	27	1344	25	42	283	1396	16	3	42	2	37	7642	4	27	3	102	30	12	4	4	10	34	29	261	52	12	88	1783	78	42	0	0	12	20	121	35	2582	74	0	34	28	12	844	783	182	1685	4463	0	69	923	34	4557	401	12	0	480	1753	747	0	10	0	2414	1029	8	295	146	0	130	1028	116	58	19	18	281	69	30	272	0
np0795	33	348	12	336	9	5	13	15	0	9	6864	37	55	7	344	13	2	5	73	655	38	68	0	455	54	7	24	33	15	441	3	41	151	707	21	66	10	12	38	1362	31	7	4	30	50	6	4	0	4	0	73	171	5	2	29	283	15	182	0	0	1	47	83	1	508	65	14	2	19	11	904	300	37	624	2471	0	88	1081	21	184	127	5	0	127	179	50	3	0	0	3473	433	0	158	73	0	94	30	27	0	7	0	0	57	9	862	0
np0796	13	822	48	4024	52	4	40	115	4	0	19502	920	141	0	1894	7	6	13	110	163	19	345	26	425	72	26	134	453	9	507	3	11	183	693	1	39	92	15	46	2383	0	12	8	33	22	28	7	5	5	22	105	259	165	7	149	1478	33	160	4	1	5	8	390	6	1453	57	20	46	30	16	811	339	126	1264	4809	0	26	644	87	1889	5437	46	0	1270	506	635	1	4	0	1688	1113	10	155	103	0	46	700	222	28	14	5	50	67	56	166	0
np0797	48	1070	499	2993	54	14	35	217	4	6	29010	47	472	11	945	22	7	16	12372	180	90	1786	3	1804	214	94	134	457	106	1301	14	40	456	1063	0	10	109	12	45	4824	0	16	6	52	124	34	12	2	13	51	2	133	46	9	346	2052	85	44	5	0	23	21	911	65	1780	196	5	87	39	83	2975	368	466	2255	17686	0	65	846	54	3867	502	40	0	474	801	2434	1	19	0	2660	1626	10	268	149	1	57	199	439	58	23	14	107	93	141	555	0
np0798	0	1301	114	438	278	0	11	8	1	0	2288	23	1274	5	1092	7	3	0	83	0	18	147	159	1960	6	7	43	605	0	744	1	0	375	814	1	46	32	0	10	3839	0	0	0	0	153	21	0	0	0	0	55	338	123	5	446	296	12	10	549	0	16	0	349	35	106	91	0	29	0	18	75	245	486	205	10382	0	44	3250	50	115	971	11	2	1307	0	72	0	17	0	1077	278	4	97	1	0	0	445	123	0	0	0	14	188	10	190	6
np0799	5	947	20	732	7	112	21	19	14	5	14841	67	55	13	663	18	5	5	420	73	10	143	0	937	86	13	16	0	11	635	61	19	130	657	0	0	50	10	7	1536	5	2	0	31	60	11	10	3	2	5	3	116	39	6	107	638	33	25	0	0	17	0	4	8	653	120	3	41	11	8	427	858	74	250	3111	0	23	346	24	425	643	0	3	283	80	577	0	0	1	877	514	22	99	96	0	45	596	69	12	19	1	91	95	22	103	0
np0800	77	1451	142	4813	26	104	123	162	9	40	35737	175	515	51	918	47	21	18	796	719	59	495	19	2782	294	111	52	257	89	1955	26	528	150	1256	3	17	255	50	356	4780	14	25	9	135	161	99	30	34	113	136	78	756	88	25	196	666	215	1091	3	0	22	64	280	23	2199	178	58	158	43	30	2296	1127	524	464	328	0	1077	1772	132	1093	634	14	11	1054	42	2506	10	20	9	4460	4613	10	302	665	0	456	275	139	74	102	18	246	87	121	1603	2
np0801	88	3738	13	6395	36	11	83	9	0	0	55672	1373	574	65	3354	20	5	0	382	0	6	790	5	524	113	69	132	778	49	1169	58	290	1758	2280	0	15	0	17	82	3424	117	12	5	0	132	12	6	21	28	0	128	1513	24	15	88	12045	86	634	5	0	26	0	167	20	325	208	424	52	95	186	1275	204	31	1278	9457	529	333	0	73	358	7034	5	3	606	0	2933	8	15	11	12770	3786	0	622	168	21	7	631	106	4	10	0	1743	259	22	2471	0
np0802	25	4665	29	508	17	9	78	24	160	16	9562	26	82	11	1184	10	4	5	358	233	39	126	4	5491	97	43	36	245	4	1159	14	10	282	915	0	313	90	13	71	2178	1	0	0	41	175	16	10	6	1	0	93	92	18	4	205	488	11	24	1	1	20	25	41	9	1516	117	5	10	8	0	430	1208	69	876	19545	0	22	586	48	458	1959	1	0	469	1312	546	6	8	2	956	538	4	130	48	1	38	210	94	5	9	0	31	117	21	185	1
np0803	57	2899	0	168	31	0	552	58	16	11	2826	16	570	2	3351	24	0	0	126	216	4874	64	66	2480	193	18	43	1595	0	1473	0	3	615	1147	0	238	13	103	520	6280	4	3	0	30	332	667	5	6	0	0	439	125	10	12	746	193	10	9	4	1	117	44	67	7	726	101	5	8	0	1	86	48	16	196	30346	0	28	633	11	29	542	6	0	391	714	261	0	0	0	1391	726	11	103	77	0	42	27	537	1	5	1	0	275	17	476	0
np0804	0	1855	104	2704	5	0	12	0	0	0	15198	179	6334	22	3932	6	0	0	0	0	0	857	100	3685	64	279	47	2279	5	7739	0	670	854	11709	0	3	640	42	7	13429	0	0	0	0	19	203	18	200	0	0	145	159	131	28	1246	306	77	0	2	0	47	0	0	34	166	830	0	83	12	6	782	1850	30	0	21	0	0	0	305	332	3282	189	6	1870	0	144	103	96	81	1528	940	0	333	0	6	12	37	294	0	23	13	14	222	248	471	0
np0806	0	2677	15	799	0	0	90	0	0	0	23541	0	958	119	1567	24	0	5	0	0	0	2	13	16	0	71	27	3647	21	866	6	0	269	2672	0	10	0	105	3426	3163	0	0	10	0	96	0	44	85	12	0	84	439	41	26	78	234	48	0	0	0	9	0	0	62	1092	36	0	0	8	2	463	0	905	2	26	0	0	0	201	458	2	0	2	7209	0	306	0	0	407	419	868	0	35	9	2	20	6	868	0	3	0	0	31	29	20	0
np0807	9	225	0	77	3	0	101	0	0	0	2267	1	599	0	966	22	0	1	10	0	61	37	0	168	2	11	16	107	0	206	0	0	51	217	0	178	0	7	0	2552	6	0	1	6	71	47	0	5	0	0	30	240	1	0	1948	26	15	17	23	281	91	0	8	0	644	27	0	0	3	5	55	18	35	210	12671	0	8	0	30	0	66	0	0	38	0	201	0	0	0	404	410	0	85	1	6	0	2	93	0	2	0	0	66	1	9	0
np0808	0	2295	5	44218	445	1	977	0	6	0	9083	0	3241	0	4534	0	0	0	0	0	0	1	21	0	0	6	925	0	0	152	0	0	7051	1417	0	60	0	24	7	813	0	0	421	0	1321	0	0	0	1042	0	366	642	4880	0	81	118	932	28	975	1	1	0	0	1651	0	0	0	0	553	2191	0	0	59	0	48	0	0	0	20	626	18	0	4	2230	0	6523	0	12	2388	0	0	0	0	0	171	0	70	616	0	0	0	0	0	0	24	0
np0809	56	1287	78	1382	82	16	28	191	0	13	31337	41	120	9	1050	51	7	28	340	432	24	218	6	1020	145	33	59	974	14	1487	28	78	558	2160	0	0	34	13	40	10785	2	54	0	87	40	27	10	7	13	62	3	329	15	6	73	1371	36	65	0	0	18	58	112	14	4106	164	2	42	36	17	1000	749	352	2953	13969	0	85	788	43	2159	376	25	0	571	304	1546	1	13	2	4158	1678	4	526	177	0	121	544	142	18	10	5	47	86	27	356	0
np0811	0	226	14	2566	32	14	89	6	0	0	22702	184	103	12	876	31	0	0	283	0	87	184	0	497	68	19	14	1405	14	2537	5	138	651	1305	0	86	0	56	2	4254	3	0	4	0	61	0	1	5	45	0	0	436	67	6	118	703	1137	22	236	0	9	0	0	49	1081	147	0	21	0	5	655	1251	277	77	2	21	0	538	23	271	1090	5	3	616	0	3612	1	3	8	2496	2714	0	85	59	109	3	195	581	0	1	7	19	22	43	527	0
np0812	0	274	15	955	9	0	10	0	0	0	5244	17	45	8	147	0	0	65	81	0	18	92	0	216	20	8	9	89	0	229	11	12	119	333	0	0	120	0	2	776	0	1	0	4	10	10	0	0	0	0	0	9	14	7	25	94	59	2	0	0	3	0	12	0	341	42	0	28	0	8	121	32	287	319	1970	0	11	279	14	1103	2	1	2	87	0	95	0	0	0	278	172	0	47	4	0	4	165	99	0	0	0	1	9	4	1208	3
np0814	14	903	117	582	27	43	113	17	0	0	12832	33	94	13	1234	52	2	8	221	176	118	167	4	629	38	17	51	331	3	1358	7	103	205	2035	3	0	5	27	17	7756	0	15	0	81	60	44	3	3	2	6	0	291	49	9	175	136	126	92	1	0	14	47	34	15	567	81	0	17	27	5	603	992	225	562	2370	0	6	308	24	178	273	6	0	228	24	1047	7	3	4	1102	887	6	136	50	0	110	148	134	34	16	6	130	54	45	226	0
np0815	28	1328	73	1749	47	9	37	228	9	0	22034	75	129	21	818	36	9	24	349	323	39	338	0	1375	192	56	53	174	30	796	26	60	358	1016	1	3	159	26	43	5397	4	29	6	85	44	40	23	10	11	74	3	184	45	7	169	1145	47	97	0	0	31	14	1151	26	2997	139	0	51	33	16	883	702	362	2279	8514	0	71	1254	103	2948	605	0	0	610	1079	1303	10	17	1	3773	1732	12	344	218	0	148	397	123	67	34	14	143	112	38	380	0
np0816	26	3135	30	644	16	51	64	125	4	0	17959	61	64	0	649	9	5	60	289	243	40	131	0	1155	63	27	34	201	13	1084	4	12	453	1393	0	0	30	6	20	7716	0	17	0	50	84	19	10	6	5	11	1	221	31	9	53	787	51	21	0	0	8	22	75	18	1354	74	0	26	20	10	710	973	146	1775	4146	0	15	607	33	2166	1016	17	0	311	218	590	5	0	3	1488	957	2	171	79	0	121	267	218	24	11	15	166	58	43	128	0
np0817	346	1003	191	1286	124	19	2011	0	4	0	3895	171	2832	11	1794	75	7	447	396	0	46	176	0	857	52	65	27	424	0	1261	1	2	353	1275	46	4	0	270	80	4321	1	1	4	0	242	126	12	18	3	3	2	297	177	24	98	764	178	45	1	6	17	0	21	61	287	101	0	104	26	21	366	150	99	103	225	93	104	171	134	1190	2534	7	40	1094	0	989	12	60	3	488	428	0	83	186	0	179	395	999	266	95	24	56	27	236	308	8
np0818	73	168	56	738	81	0	123	5	7	0	3154	57	92	7	1768	26	1	0	6	0	103	28	0	50	11	101	276	422	0	708	14	0	6721	987	0	41	0	2	0	3793	0	50	2	20	24	20	0	39	3	0	0	561	4	4	24	2756	185	3	7	2	19	0	39	1	247	151	2	7	13	8	286	1401	39	1580	25656	0	0	0	37	59	915	6	3	206	35972	556	6	10	1	2193	1293	0	80	0	17	2	320	150	0	2	3	107	84	10	55	0
np0819	1247	169	1	1654	526	0	187	11	273	0	24603	18	677	19	2095	67	0	0	0	0	115	216	7	115	0	32	283	275	0	1496	0	43	788	1197	3	910	0	0	14	1720	22	22	0	48	68	0	12	22	0	0	1	2110	384	4	285	727	278	195	1987	15	100	0	34	531	2418	284	65	1	26	0	727	1244	995	614	14811	0	0	0	61	0	2886	52	6	263	11	2131	2	6	52	1139	1612	0	133	45	31	609	151	1191	2374	8	0	273	104	2	445	0
np0820	13	543	55	653	34	8	24	130	0	0	7687	39	56	3	308	12	7	21	148	154	12	140	0	434	64	19	17	118	10	421	9	23	170	383	1	1	65	10	15	2176	0	8	3	25	26	10	13	7	6	28	3	88	9	4	42	553	12	33	0	0	6	11	576	11	1362	37	0	16	7	4	322	336	148	1068	1121	0	24	602	17	1250	251	3	1	252	462	542	4	0	0	1162	670	6	118	102	0	56	105	56	30	17	5	49	37	13	160	0
np0821	7	377	18	249	16	2	6	47	0	0	3752	13	46	0	195	3	0	11	60	90	7	64	0	206	13	12	7	42	9	178	0	0	78	229	0	0	44	2	5	1144	0	0	0	12	12	5	2	2	2	13	0	56	1	3	22	305	0	20	0	0	0	2	241	3	567	20	0	15	10	0	152	155	50	469	530	0	10	237	5	578	177	2	0	125	197	228	1	0	0	611	320	2	63	42	0	35	53	19	11	0	0	31	21	6	67	0
np0822	259	641	32	5298	310	8	334	46	240	0	66286	146	917	29	2973	156	0	0	10	0	190	336	0	797	5	72	105	381	7	2281	0	24	711	1832	0	880	0	6	18	1263	23	3	1	363	145	18	6	19	2	0	0	1053	303	11	333	1785	175	123	1729	84	132	0	22	1260	8372	1649	23	66	114	23	2612	6173	1329	678	14415	0	3	0	167	26	3125	37	10	389	35	6197	17	5	52	3386	1831	0	500	3	139	398	539	1154	10139	63	0	1897	105	20	254	0
np0823	56	4000	158	1498	65	224	168	239	2	9	36321	124	198	19	2540	32	13	173	814	367	78	421	3	2726	136	28	53	705	31	3101	10	21	740	2705	5	0	65	37	52	12549	0	9	4	90	179	65	31	15	12	38	13	487	86	9	135	1167	259	5	0	2	24	25	35	29	2733	200	4	84	49	32	1678	1855	349	1311	6960	0	53	1055	49	3080	1580	9	0	757	327	2074	4	11	3	3416	2533	12	443	153	0	276	625	374	86	77	10	203	271	121	287	0
np0824	0	574	95	3170	8	0	30	0	6	0	17589	61	122	18	394	1	7	66	212	0	47	306	0	477	64	28	16	200	0	507	64	203	333	596	0	0	251	0	12	2238	4	2	0	23	9	36	1	4	1	0	0	38	52	9	57	304	85	8	0	0	10	0	46	0	897	128	0	91	8	24	460	112	1031	607	2526	0	88	1001	51	1064	2	0	0	184	0	419	0	0	0	1061	587	4	213	20	0	31	213	116	0	3	0	7	16	19	3254	6
np0825	7	211	11	357	28	169	58	44	0	1	6570	79	1197	13	1037	0	4	9	39	81	1705	263	0	409	78	32	47	1326	7	1063	6	14	611	246	0	7	29	0	6	3339	0	5	0	77	120	112	26	8	2	19	3	55	4	6	60	643	10	19	0	0	16	0	224	17	791	82	0	22	4	5	519	423	49	440	6676	0	9	307	29	827	57	19	0	408	87	394	5	0	0	1005	490	7	98	56	0	24	72	61	25	8	0	16	239	15	84	0
np0826	45	1250	207	2358	33	158	70	182	0	18	22601	92	288	26	1167	29	24	108	531	357	42	417	10	1102	195	67	24	284	56	1601	31	90	289	1317	0	0	82	30	90	4463	2	10	3	125	68	57	13	13	16	114	66	424	42	12	120	616	68	49	0	4	21	15	268	16	3058	98	5	72	30	15	1239	1144	291	1103	3906	0	135	2216	56	2992	526	0	7	376	7652	1875	9	18	4	1936	2153	7	263	337	2	169	249	221	108	68	18	358	118	56	464	0
np0827	653	11360	68	255	202	1	169	14	103	0	4234	19	8742	4	4362	51	4	6	546	87	85	184	128	2230	6	192	21	944	8	2278	4	14	694	2151	47	255	4	4	100	8151	5	6	0	18	276	50	6	54	0	0	242	461	17	18	99	1829	35	0	6161	99	104	1126	106	8	469	505	0	18	13	0	125	612	188	334	23899	0	4	150	215	409	3399	59	3	1321	4909	329	20	47	9	1008	461	0	166	20	22	143	114	155	7	25	3	2	300	84	93	0
np0828	2	317	0	788	0	0	817	0	0	0	5545	0	81	53	1342	0	66	0	4	0	0	0	2	0	0	8	0	0	0	0	0	0	0	43	0	4	0	300	12	1911	0	0	36	0	23	0	0	2	0	0	0	189	13	29	0	126	2200	0	0	0	27	0	0	10	0	0	0	0	68	0	0	1	917	0	37049	0	0	0	27	440	0	0	50	0	0	320	0	0	0	0	0	0	0	0	0	0	442	425	0	0	47	0	0	0	0	0
np0830	0	128	6	28	2	0	5	6	0	0	1080	7	165	0	423	1	0	0	18	0	0	64	104	442	12	4	22	67	0	407	5	0	21	469	0	15	183	0	0	1260	0	0	0	0	113	5	0	0	0	0	6	150	13	0	255	77	4	18	104	0	7	0	80	16	60	37	0	0	0	5	5	596	28	182	1127	0	46	534	18	6	209	0	0	225	0	10	0	0	0	522	57	6	39	4	0	0	304	16	0	0	0	8	14	3	263	1
np0831	21	1358	40	1197	56	5	34	149	4	4	25969	70	159	10	666	27	11	41	267	340	41	264	2	800	105	46	45	294	32	605	13	34	261	846	1	0	119	7	31	4446	4	22	4	73	38	20	23	9	13	41	1	191	21	9	119	1099	45	85	0	1	18	10	456	8	3028	74	6	36	28	6	880	715	242	1612	2071	0	37	1244	45	3031	458	13	2	418	787	953	0	8	0	2199	1290	19	244	204	0	137	220	74	50	30	9	121	73	26	233	0
np0832	16	236	468	3485	12	11	56	37	2	1	11596	253	113	21	385	31	14	15	128	186	31	204	0	380	162	68	16	47	49	306	5	115	141	398	1	0	8	34	70	3938	1	0	3	16	41	62	9	21	22	59	2	174	29	4	34	138	24	3	0	3	2	8	50	24	1956	144	2	98	18	0	1328	584	209	362	507	0	16	458	70	150	334	1	0	200	6	530	8	27	7	1073	975	1	186	189	1	291	58	102	68	42	13	24	18	29	294	0
np0833	2826	2652	1	381	167	0	47	12	0	0	4309	3	3142	3	1657	23	0	0	0	0	606	547	602	18	65	46	163	302	0	475	0	0	832	1090	0	72	53	1	183	1164	13	0	0	0	168	81	31	43	0	0	3100	362	12	9	1592	631	38	1	3	10	56	0	16	0	0	185	0	14	15	0	116	0	163	7	37336	0	0	0	41	1078	134	22	16	417	0	497	2	106	0	1925	2097	0	117	10	0	8	25	93	8	0	0	2	71	57	345	0
np0834	3	496	5	376	6	10	27	48	0	98	10532	24	10	4	450	3	6	2	593	153	7	65	0	1405	141	7	20	15	10	399	26	18	90	303	2	0	42	0	6	2599	4	0	1	22	60	14	2	0	0	0	0	73	23	0	131	294	14	28	0	0	2	0	2	7	771	121	0	5	12	6	245	169	138	169	5839	0	30	523	17	262	276	2	0	323	136	1450	3	0	0	1159	541	3	133	89	0	32	2633	82	11	8	0	7	115	6	294	0
np0835	2532	2388	113	304	17	0	139	0	0	0	14990	13	489	0	768	0	0	0	5311	0	0	82	108	0	0	36	14	894	0	637	0	0	0	654	0	3	0	0	24	260	0	0	5	0	4	24	0	6	24	0	244	129	5	0	34	349	6	32	20	0	8	0	34	11	0	35	16	11	80	0	481	0	583	794	27	0	0	0	6	24	0	0	6	91	0	332	0	12	0	443	1071	0	62	0	0	9	29	187	0	14	5	7	1	32	34	0
np0836	2640	961	0	246	31	0	11	7	12	0	11072	62	482	0	360	13	0	0	462	0	329	12	37	14	8	9	45	223	0	335	5	14	0	208	2	15	0	0	7	286	75	31	0	0	37	3	6	4	0	0	221	444	7	8	50	87	52	0	288	0	3	0	2	1	1834	65	0	9	0	0	250	145	0	263	1359	0	0	627	23	114	1	0	0	126	0	1378	0	0	2	1304	1174	0	5	6	0	1	7	103	0	0	0	5	0	6	171	0
np0837	3214	2299	13	4	332	0	29	0	12	0	115	0	5619	1	15	0	0	0	2	0	0	6	17	0	0	38	0	887	0	3	0	0	43	63	0	47	0	1	359	76	0	0	0	0	2	0	0	4	0	0	2697	26	38	0	0	8	12	0	15829	17	0	0	0	0	0	0	0	0	0	0	0	0	0	111	16987	1	0	0	34	22	13	9	0	11	0	1007	5	6	0	2	0	0	0	1	0	0	3035	768	0	0	0	1	0	0	3	0
np0838	6	248	19	428	10	2	4	44	0	0	8162	147	121	4	261	0	3	6	53	55	5	62	16	199	22	5	8	67	4	201	5	19	65	239	1	3	19	0	9	924	0	2	0	9	8	6	0	0	3	17	24	109	3	0	120	282	18	31	0	0	1	0	253	0	424	22	0	7	7	4	142	89	110	412	387	0	9	223	15	579	88	1	0	266	205	191	0	0	0	552	386	0	49	33	0	10	61	48	13	0	0	18	16	3	85	0
np0839	0	973	0	262	0	0	96	0	0	0	14252	0	0	69	925	76	0	0	6	0	0	0	0	0	0	0	25	9	0	22	0	0	0	120	0	111	0	159	32	24	0	0	5	0	0	0	0	0	0	0	73	32	1	0	8	4	0	0	42	0	0	0	0	24	0	0	13	6	46	0	1822	0	1496	3317	4	0	0	0	0	29	34	0	0	0	1	13	0	0	0	3	0	0	0	0	39	0	9	66	0	0	6	0	0	0	205	0
np0840	8	612	10	941	5	0	13	0	0	0	7790	78	36	10	584	7	0	0	44	29	0	45	0	105	12	23	15	26	3	556	0	5	240	286	0	0	14	4	8	1568	0	0	0	13	12	0	0	0	10	10	2	58	4	14	136	682	0	12	3	0	0	0	43	5	261	28	0	11	12	23	162	296	25	178	295	0	1	116	9	822	69	0	8	208	150	97	0	0	0	458	394	2	29	31	0	15	79	228	1	4	3	106	28	5	96	0
np0841	26	1536	40	1734	18	146	63	143	0	35	22203	74	230	4	1731	32	11	17	502	458	57	408	0	1227	237	39	37	268	30	949	8	12	153	1062	0	0	135	21	11	2904	0	12	6	45	170	44	15	9	8	77	2	243	35	8	203	676	94	137	0	0	32	12	200	22	1901	79	7	35	15	20	1623	810	175	370	3484	0	54	2056	69	2556	314	0	2	474	7800	1249	15	15	0	1821	1343	18	247	356	0	164	211	162	35	40	2	305	280	49	299	0
np0843	25	1038	0	3718	4	0	32	0	0	0	15543	486	81	4	680	9	10	0	191	1	0	75	0	91	34	48	24	170	31	343	0	19	115	592	0	3	0	0	18	880	32	21	0	0	311	0	76	8	3	0	772	221	52	4	19	278	46	81	0	0	11	0	4	3	3	73	48	18	19	15	2181	351	18	235	2641	57	20	0	32	408	1014	2	0	216	0	1432	0	0	2	1939	1974	0	9	24	5	8	6	50	6	13	2	598	46	9	659	0
np0844	0	8610	9	683	212	1	314	88	0	0	15589	19	17709	0	6058	119	0	0	24005	0	709	1210	63	662	31	189	61	7734	0	10648	48	0	3	10730	0	807	0	164	3	17160	18	12	0	0	38	0	44	124	2	0	145	44	4	56	456	5079	5	0	430	4	61	0	0	8	0	258	0	68	12	6	1048	1	33	0	21379	0	0	0	433	5141	1528	83	5	1712	0	891	2	6	0	4830	349	0	1769	0	46	123	289	1691	0	3	0	0	508	38	246	0
np0845	0	97	6	664	0	0	39	0	0	0	7192	91	39	2	263	4	0	71	881	0	0	150	0	399	35	29	6	24	0	169	39	0	39	214	5	0	0	0	4	452	0	0	0	19	20	30	3	0	4	0	0	36	19	0	36	323	19	33	0	0	7	0	41	3	48	67	0	21	0	3	55	0	95	295	101	0	23	78	40	366	0	4	0	241	0	116	0	0	0	333	323	1	76	0	0	0	82	47	0	6	0	33	11	2	208	0
np0846	5	1581	15	217	27	0	120	0	11	0	2249	16	143	23	1164	5	0	2	755	0	6	181	15	362	1	14	27	67	14	496	0	9	210	696	0	10	0	84	179	2064	0	1	6	70	127	0	10	10	1	0	77	329	30	5	312	560	62	30	30	0	23	0	11	20	99	65	0	24	12	0	125	973	65	32	83809	2850	0	1	27	451	756	0	33	405	3	206	0	0	0	641	99	0	44	101	6	35	25	470	7	17	3	56	57	79	102	0
np0847	0	172	0	396	0	0	0	0	0	0	8589	50	75	0	460	0	0	14	393	0	0	248	4	111	43	15	0	0	0	134	0	0	18	105	63	0	19	5	1	229	0	8	0	34	7	14	0	4	0	2	0	88	2	1	87	173	22	29	0	168	0	0	47	0	186	45	0	15	7	22	130	0	48	363	382	0	47	230	17	176	0	0	0	809	0	173	2	15	0	1210	693	15	87	27	0	0	66	55	0	15	2	18	14	4	288	5
np0848	0	62	35	154	2	0	6	153	3	0	958	5	122	0	221	0	0	0	70	0	0	67	2	346	2	3	20	82	0	257	2	0	28	155	0	1	73	0	0	515	0	0	0	0	46	12	0	0	0	0	0	39	12	0	182	68	7	8	5	0	11	0	115	5	93	19	0	0	0	0	12	316	24	58	740	0	21	377	27	43	171	0	0	187	0	20	0	1	0	250	27	3	65	17	0	0	142	11	0	0	0	23	7	0	248	10
np0849	245	40	0	41	102	0	10982	0	5	0	1237	11	20184	8	3447	146	0	2	1319	0	7	53	73	11	0	44	0	3748	2	3206	0	2	5290	258	0	72	3	0	51	571	0	5	0	0	17	0	0	69	0	0	9	677	7	2	11	8	9	0	3320	19	4	0	57	167	123	14	0	0	8	0	14	173	13	9	29537	3	0	0	37	45	9	35	0	54	0	15	0	8	538	37	6	0	2	2	445	6	47	6	0	0	0	4	26	10	92	0
np0850	24	4007	77	589	56	63	43	118	0	0	15646	63	120	8	741	19	15	40	415	305	55	145	0	1072	55	23	27	216	12	1426	5	13	505	1863	6	1	23	10	38	7290	0	15	0	54	88	20	14	10	4	17	32	232	43	17	101	595	96	18	0	2	10	22	117	14	1172	80	0	47	20	11	592	857	173	1675	6934	0	10	624	34	1971	1043	16	5	382	805	776	0	0	1	1099	896	1	179	37	0	122	344	184	33	20	5	156	85	52	160	0
np0851	82	168	26	415	24	54	56	27	14	0	21845	26	267	5	1134	9	0	22	385	0	10	404	0	1366	70	4	26	209	0	809	20	4	74	577	3	3	4	9	24	1746	0	12	2	0	158	4	2	2	0	0	42	213	43	9	158	1399	67	4	0	0	27	0	0	44	167	74	0	17	7	13	155	509	73	429	6321	666	6	1257	12	86	3487	0	0	668	0	749	2	6	0	3637	1125	0	129	85	0	3	287	270	0	16	0	725	32	10	52	0
np0852	34	1024	63	1022	88	7	24	153	0	3	17552	46	75	5	552	50	9	39	486	257	56	254	0	653	128	13	42	489	21	993	11	49	280	1425	0	0	19	0	32	4147	2	41	4	89	29	13	11	6	11	50	8	183	11	13	44	821	25	57	3	0	9	10	52	8	2180	86	3	20	24	13	623	560	235	1085	5386	0	61	471	18	1746	387	15	0	566	246	1184	4	3	1	1766	937	2	293	136	0	122	169	82	39	20	5	100	47	13	284	0
np0853	564	5373	0	57	92	0	6	0	2	0	931	0	2154	2	410	19	0	0	0	0	477	263	2	7	5	22	25	1103	0	393	0	0	408	922	0	0	7	0	64	3242	0	0	0	0	28	70	9	12	0	0	26	124	10	3	78	483	12	0	0	1	12	0	11	2	0	407	0	6	3	0	53	0	41	0	11454	0	0	0	17	1480	209	14	6	515	2	98	0	35	0	822	128	0	80	0	0	3	10	79	11	0	0	0	53	41	62	0
np0854	6	403	17	401	21	4	18	69	0	0	6634	38	33	2	255	3	2	12	159	109	16	71	0	277	40	7	31	81	6	319	0	7	93	326	0	0	57	3	10	2190	0	6	2	16	15	9	4	0	5	21	1	80	5	0	43	370	14	24	0	0	6	0	275	9	897	20	1	15	6	2	275	201	85	712	1430	4	7	403	10	995	127	0	0	204	1241	337	0	0	0	715	381	0	78	60	0	19	93	50	20	0	0	45	22	17	89	0
np0855	0	42	0	157	0	4	87	0	9	0	7694	7	3931	1	355	25	0	0	15	0	0	7	390	27	0	408	43	214	0	815	0	0	0	317	9	2858	0	193	476	1487	0	0	0	55	24	13	5	5	0	0	2268	264	302	0	38	264	168	0	50	0	0	0	12	10	0	3	0	4	0	0	267	0	374	51	0	27	0	0	38	772	66	0	0	45	0	1	45	65	0	6	45	0	0	0	31	0	7246	450	0	0	0	2	15	15	1	0
np0856	0	310	60	361	3	0	16	142	14	0	4143	15	418	9	637	3	0	0	126	0	8	236	37	1219	29	8	66	294	6	573	16	0	88	424	4	13	520	0	14	1730	0	0	0	0	196	13	0	0	0	0	71	92	17	0	591	220	6	29	60	0	27	0	222	11	292	69	2	11	2	4	58	840	120	205	2419	0	175	1202	23	141	614	0	0	593	0	53	0	9	0	834	97	11	402	25	0	1	648	36	0	3	0	81	21	5	832	27
np0857	9	534	30	986	45	14	15	33	0	26	14298	37	56	3	520	12	5	17	117	272	41	114	0	487	47	16	24	218	10	1090	0	42	164	1439	0	0	52	22	23	2757	2	14	0	77	28	7	22	0	0	10	5	162	6	14	97	675	10	22	0	0	13	37	113	4	2470	83	6	14	19	3	744	258	109	1204	1869	0	49	851	13	2959	207	12	0	294	374	342	6	3	1	1588	692	3	234	85	3	127	40	92	32	30	5	71	24	18	220	0
np0858	0	175	101	1035	0	0	22	157	2	0	4328	14	163	6	498	0	3	0	509	0	15	163	7	972	7	5	12	143	4	421	14	0	228	350	13	0	286	5	15	1383	0	0	0	0	38	9	1	0	0	0	170	62	44	0	214	311	5	20	30	0	23	0	116	16	511	59	2	14	0	15	134	631	295	193	1933	0	87	3374	26	274	993	0	0	282	0	123	1	0	1	815	330	9	190	20	0	1	763	29	0	2	0	46	8	7	270	18
np0860	80	1928	24	8009	10	0	41	1	0	0	33096	945	129	27	1263	20	9	0	581	0	4	278	135	415	64	101	48	387	63	761	0	83	246	1269	0	4	0	0	92	4766	64	92	2	0	41	2	6	21	2	0	2704	487	111	13	51	670	90	77	0	0	7	0	24	6	0	257	99	70	43	43	1260	897	22	777	9151	487	41	0	54	1089	4920	13	0	623	1	3295	3	0	0	5412	3827	0	88	40	8	65	68	126	12	42	0	1490	82	22	879	0
np0861	73	2247	224	1225	33	220	134	131	0	5	28657	44	135	12	1254	35	4	95	627	269	40	436	0	1201	105	25	66	166	12	1626	25	24	211	2186	1	0	15	44	10	6082	0	19	11	66	100	68	21	25	13	19	1	519	120	11	138	486	261	40	0	0	15	19	64	29	1508	146	6	63	37	28	710	1830	246	1606	2309	0	20	392	41	2013	707	9	3	448	326	2508	7	17	5	2709	2078	10	261	139	0	246	542	378	75	104	15	443	81	65	346	0
np0862	131	684	8	826	20	0	139	4	0	0	9725	40	928	4	687	32	0	35	13	0	26	19	0	529	9	18	31	90	0	490	0	0	181	468	0	192	0	6	6	2592	0	5	6	32	54	20	0	7	0	0	4	352	48	0	185	159	342	0	42	80	51	0	28	9	1258	116	2	13	23	11	445	1058	165	239	17340	0	4	0	14	173	206	1	4	104	0	794	3	0	0	344	310	0	51	2	10	4	42	137	20	8	7	0	68	4	62	0
np0863	9	744	30	690	27	20	30	60	2	4	19686	40	70	0	428	13	4	29	152	206	24	95	0	487	70	15	17	51	12	506	7	21	155	748	2	0	52	6	8	1774	1	18	1	28	24	9	6	3	7	15	2	122	9	8	63	764	20	66	0	0	11	5	195	9	1932	48	0	13	12	8	774	397	132	1118	1417	0	28	785	15	2087	304	0	0	231	676	430	3	4	0	1345	818	10	127	144	0	119	164	32	43	21	26	123	66	21	180	0
np0864	18	891	1	405	11	0	43	0	3	574	11792	28	58	0	412	2	0	1	7	361	263	84	11	384	93	9	16	25	5	110	1	98	68	64	0	30	20	26	17	87	18	1	0	13	59	3	48	0	4	0	4	135	1	2	19	155	0	45	11	0	17	4	21	2	1428	25	27	6	10	26	1683	14	24	675	1381	0	43	405	6	13	54	0	0	32	11	119	0	2	0	1150	273	11	80	76	0	24	11	22	17	0	0	1	26	1	672	0
np0865	99	2055	31	1274	25	54	64	49	0	199	32668	62	120	15	1575	32	11	50	332	1130	28	353	7	2244	377	24	89	223	22	1443	16	50	200	1514	1	56	61	18	53	3132	12	23	3	139	94	43	12	12	31	12	25	969	51	7	152	600	98	416	0	7	28	20	41	8	1837	116	35	31	21	31	837	4797	175	810	5279	0	969	2976	43	1387	353	10	0	439	2622	1321	3	8	0	5501	3173	11	407	560	5	485	133	156	57	56	2	61	224	45	1081	7
np0867	142	534	10	578	12	0	73	0	0	0	5466	24	648	7	832	46	0	0	15	0	71	23	0	244	9	14	55	214	0	419	0	0	617	554	0	296	0	3	23	3576	3	29	19	26	147	47	0	8	0	0	3	413	120	6	639	49	420	0	68	150	85	0	47	7	938	85	1	11	8	14	200	268	105	315	48116	0	13	0	22	14	160	0	0	119	0	968	0	0	0	1598	835	0	78	7	19	10	20	245	0	7	2	0	89	3	50	0
np0868	0	21	46	853	0	0	1625	0	0	0	13524	91	403	4	10808	0	11	0	0	0	0	1	2	2	0	0	0	26	18	60	0	0	734	2	0	2	0	47	17	25	0	0	103	0	27	0	1	0	2	0	5	933	603	0	0	2	0	0	6154	0	0	0	0	215	0	17	0	14	194	3	242	0	2	0	19	0	0	0	27	5945	14	0	0	18	0	2	0	2	0	5	387	0	5	0	0	4	2	369	0	9	0	0	0	0	8	0
np0869	0	601	32	1193	11	0	128	8	0	0	10355	87	58	9	1267	14	1	130	1405	0	47	120	24	200	2	7	25	87	18	558	0	3	585	725	0	0	184	12	17	1668	0	0	3	27	207	0	2	17	1	0	13	160	59	9	382	448	67	8	20	16	9	0	0	12	118	205	2	55	3	11	1133	2195	214	225	14291	95	0	0	12	350	3596	0	0	384	0	591	0	0	4	449	465	0	52	125	0	33	368	166	8	95	0	56	46	37	194	0
np0870	16	563	0	157	23	0	6	4	1	17	5054	14	34	4	763	3	0	0	273	126	0	134	0	1215	131	14	18	98	1	918	27	6	371	1076	0	2	10	0	0	5352	4	21	0	80	28	17	2	0	0	0	3	303	343	0	806	199	0	26	34	0	80	0	12	7	551	75	2	7	5	5	120	81	52	758	21430	0	25	1394	19	26	259	15	0	713	137	532	0	0	7	1926	718	0	98	102	0	43	668	423	0	4	0	0	212	8	444	0
np0871	3	1025	12	1057	9	0	9	31	4	2	28016	82	284	29	545	11	0	0	50	60	12	46	4	148	35	36	84	274	0	287	3	0	405	356	0	15	30	12	29	11537	1	0	0	6	19	0	2	0	0	15	317	305	143	9	199	587	141	18	4	0	7	0	164	5	512	93	0	27	19	366	193	186	54	362	417	0	9	199	22	855	79	38	6	229	164	3234	0	0	0	422	1209	0	49	34	0	15	1059	212	5	7	7	39	40	4	107	0
np0872	36	1765	77	2281	18	466	90	48	2	6	36960	105	214	12	1269	44	12	48	1140	230	61	540	12	1633	174	51	33	248	34	936	21	54	473	909	3	0	110	20	15	2098	6	4	5	177	95	36	20	15	3	10	32	153	101	10	214	1222	48	99	0	0	18	6	32	31	4326	143	0	67	13	21	1266	1674	184	893	10953	0	23	936	39	2391	2165	4	0	811	6363	1091	4	10	3	1710	1338	13	144	439	0	146	429	225	46	40	8	241	101	74	261	0
np0873	1538	67	3	9	39	0	733	0	3	0	38	0	524	0	1435	46	0	0	5	0	922	2	7	15	0	8	0	225	0	33	0	0	470	457	0	0	0	0	9	3117	0	5	0	1	15	26	0	3	0	0	346	50	0	10	0	0	19	0	47	0	4	662	17	0	25	47	0	0	0	0	0	0	42	65	18603	0	0	0	20	0	69	6	0	257	14	198	1	0	0	8	96	0	0	0	6	0	0	201	0	0	0	2	457	0	361	0
np0874	24	1684	74	1260	53	105	59	105	2	6	26445	91	202	16	1068	13	14	175	300	363	26	204	0	723	73	64	37	456	28	1602	16	37	252	1699	2	0	39	33	45	3722	0	28	7	127	62	26	5	13	13	25	8	179	28	4	116	1674	16	25	0	0	16	23	186	17	3480	101	4	25	31	10	991	864	378	2288	3545	0	47	1183	54	4219	483	7	0	431	855	737	9	24	0	4053	1147	5	323	120	0	210	315	167	62	43	16	317	86	42	287	0
np0875	0	64	99	728	0	0	22	56	1	0	1594	21	172	6	265	2	5	5	164	0	0	179	1	363	4	3	11	157	4	301	5	0	61	301	0	0	44	6	16	599	0	0	0	1	53	45	3	0	0	3	0	17	41	6	125	83	11	2	0	0	11	0	88	6	120	48	0	26	1	2	75	112	57	76	1114	0	4	312	40	301	639	1	3	205	0	33	3	8	3	236	40	0	63	20	0	4	91	96	0	1	0	21	11	7	213	14
np0876	0	5837	0	62	0	0	0	0	47	0	27416	0	2816	3	2032	110	0	0	0	0	0	0	0	1	0	91	0	603	2	114	0	0	67	2830	0	12900	0	174	4820	949	0	0	0	0	2601	0	1	43	0	0	1606	1272	321	0	242	567	91	0	0	0	10	0	0	0	8	2	0	0	0	0	167	0	509	0	4	0	0	0	88	100	0	0	0	19	0	893	0	0	10	53	880	0	2	0	0	1	0	2285	0	0	1	0	86	24	17	0
np0877	22	1206	96	1176	43	10	33	253	5	2	14967	76	166	13	570	13	9	37	308	321	27	269	0	882	139	49	46	222	23	597	18	38	243	809	0	11	102	6	64	3630	0	22	0	53	58	31	18	9	16	46	13	147	19	3	110	989	30	72	4	0	7	8	966	16	2604	79	9	36	33	5	646	511	289	1518	2017	3	27	1119	49	2499	480	12	0	458	805	972	3	5	0	2264	1274	8	257	213	3	114	233	100	51	35	12	112	59	24	254	0
np0878	36	1242	83	934	39	92	52	156	0	2	20081	74	96	13	868	30	6	47	214	288	22	130	0	733	51	28	13	124	23	887	3	24	275	1144	0	0	20	30	49	2170	0	19	0	46	39	11	4	8	2	23	7	147	20	4	69	1438	25	50	0	0	19	38	24	19	2414	71	0	13	23	19	914	937	161	1062	2589	0	24	755	37	3127	325	0	0	305	557	310	5	12	5	1982	1037	5	246	97	0	132	299	122	44	18	10	183	97	30	226	0
np0879	541	1032	69	1121	111	159	120	31	26	0	52516	85	931	16	5167	53	1	106	384	0	15	810	0	3221	154	23	59	623	0	2110	31	12	222	1238	0	33	16	25	366	8645	0	49	0	0	580	14	0	6	6	0	147	620	272	57	558	3095	505	5	8	0	95	0	10	104	512	311	0	46	19	27	433	921	204	1543	18458	569	38	2616	19	542	11948	2	0	2658	0	2671	5	5	0	7198	3151	2	324	226	0	10	663	883	0	45	0	2383	124	62	116	3
np0880	7	684	49	520	14	3	8	61	0	0	6355	45	186	5	423	5	0	19	120	106	20	182	0	355	39	0	19	147	7	476	0	11	89	707	0	0	58	5	28	1868	0	6	0	18	12	0	5	13	4	23	1	59	9	1	34	427	18	14	0	0	3	4	410	13	892	36	4	21	16	6	308	254	129	706	818	0	24	422	13	809	659	0	0	276	354	339	0	0	1	829	547	3	110	72	2	31	98	62	9	0	6	40	34	12	140	0
np0881	0	2471	0	472	12	0	145	0	0	0	26041	5	53	2	5510	7	0	0	0	0	0	0	0	0	0	0	0	110	0	176	0	0	5	519	0	0	0	0	0	2970	0	0	0	0	1001	0	0	0	0	0	1	14	11	2	68	512	349	0	0	0	6	0	0	96	0	6	0	16	20	3	223	0	16	100	0	0	0	0	0	32	2859	0	2	186	0	450	0	0	0	154	565	2	1	0	11	4	14	98	1	16	0	58	82	118	13	0
np0882	0	359	344	2045	13	0	64	531	33	0	11121	77	834	18	1446	16	15	12	1138	0	30	570	10	2550	50	19	100	604	7	1400	38	0	373	1184	1	6	580	24	22	3713	0	3	0	0	309	101	9	0	0	0	40	351	69	14	902	370	33	46	36	0	61	0	473	26	1213	186	6	50	4	26	221	2109	303	400	3955	0	193	2116	105	480	1161	0	0	1235	0	228	0	12	3	1521	189	53	557	79	0	3	548	137	0	8	0	282	61	23	2048	110
np0883	1	2428	1487	2192	0	294	241	7	0	0	87335	389	135	16	4176	37	0	0	3552	0	0	1960	0	1290	22	168	318	539	0	2530	354	0	7933	4258	3	14	0	43	113	5808	0	0	10	0	48	0	11	34	45	171	15	211	118	18	54	6253	589	17	7	4	73	0	174	20	0	2844	0	52	12	25	819	0	2072	902	0	0	9	0	100	902	0	0	0	810	0	0	87	0	0	6617	2843	0	732	156	0	174	507	87	0	39	4	7	54	47	2610	0
np0884	38	1299	26	812	58	26	36	15	2	19	15575	51	119	12	1037	15	3	15	219	332	21	150	0	822	55	23	37	95	11	969	7	34	210	913	2	0	37	7	74	3158	4	36	5	51	76	18	13	9	8	13	39	178	15	12	109	1046	23	189	0	0	31	30	223	4	1525	70	6	21	14	9	585	420	127	1199	2093	0	71	1075	42	2284	361	8	0	441	1860	289	3	4	0	2748	1095	6	224	161	0	211	194	89	41	17	3	66	111	47	342	0
np0885	38	1961	72	1182	49	5	224	118	36	7	18472	65	120	19	2216	14	0	7	502	477	1032	164	274	3080	149	36	37	276	9	1970	8	24	904	853	0	5	88	141	30	3537	6	6	0	97	1426	49	137	21	0	0	2100	269	16	9	162	1136	38	25	9	2	92	43	123	9	2564	312	4	24	12	9	546	1073	81	734	15955	0	39	2612	34	451	1162	6	0	521	5314	1155	6	10	0	3313	1598	11	363	191	0	53	60	132	9	38	3	7	2624	26	424	0
np0886	25	497	62	639	19	14	34	57	1	7	12461	40	93	14	646	20	7	10	139	206	22	106	0	275	45	28	23	302	10	654	10	28	215	843	1	0	7	17	20	2339	0	15	2	57	19	10	7	9	5	15	4	154	10	4	35	519	17	20	0	0	5	37	33	17	1518	60	4	15	16	10	576	421	154	990	3244	0	10	334	27	1015	169	6	0	232	54	577	3	13	1	1749	552	3	201	63	0	100	66	83	20	5	5	34	45	18	157	0
np0887	19	1203	62	363	14	102	48	89	3	0	14160	31	88	0	979	6	6	37	257	102	28	96	2	783	39	10	17	155	6	652	3	7	223	804	0	0	11	10	17	4091	0	4	0	19	49	26	7	2	0	5	2	168	20	6	73	373	53	5	0	1	11	15	7	12	918	71	0	13	11	0	427	600	103	443	3743	0	7	206	15	1611	730	3	0	294	175	666	0	6	0	1040	594	1	138	39	0	57	321	117	26	21	4	114	94	41	92	0
np0888	538	357	0	340	61	0	54	5	0	0	21690	13	513	3	2932	10	0	24	4	0	16	266	0	2075	22	4	62	456	0	1374	4	40	521	1342	0	10	0	4	1	2661	0	8	0	0	68	0	0	0	1	0	1	318	80	10	109	561	47	106	2	1	19	0	0	33	306	56	0	3	5	4	173	3876	48	293	2260	2751	2	994	0	23	1537	7	200	1918	0	864	0	0	0	3652	488	0	46	46	0	0	725	448	0	6	0	4	79	37	444	0
np0889	0	1140	88	484	42	0	187	0	89	0	13388	26	208	2	9842	11	0	0	0	0	0	32	17	0	0	6	250	3143	0	197	0	0	0	5472	0	562	0	67	1282	1992	0	0	39	0	0	0	5	0	0	0	2479	372	0	0	78	3	0	0	1	0	0	0	0	11	0	0	0	19	42	0	1331	0	794	2897	17	0	0	0	12	40	1508	0	0	610	3	689	0	0	886	6	122	0	0	0	0	9	0	116	0	0	2	0	18	3	20	0
np0890	437	1691	64	1198	31	257	37	572	0	1	20666	319	2262	23	1491	16	23	22	17046	240	26	794	2	439	90	65	36	476	21	1136	10	31	306	1396	1	9	89	32	31	5117	3	31	4	132	44	24	24	30	5	29	11	128	23	33	522	1624	24	39	4	9	39	11	613	46	2177	574	0	39	27	13	659	1135	217	1164	1767	0	48	884	108	1852	174	7	0	4890	578	1085	12	18	0	1816	1115	9	217	101	0	70	267	272	31	34	4	133	61	23	219	0
np0891	92	334	5	478	5	0	60	40	0	145	10827	20	33	5	389	0	5	2	213	356	17	73	7	809	180	10	56	34	7	420	0	159	42	223	0	0	17	68	0	750	32	4	0	103	73	4	12	3	0	0	0	462	4	12	36	349	16	78	22	0	9	0	11	0	1167	96	50	13	27	80	1049	413	122	336	3404	0	45	876	7	14	329	3	0	219	1370	1117	0	4	0	1586	983	5	97	193	46	62	55	74	0	10	62	0	153	2	697	10
np0892	11	863	8	552	0	29	28	8	0	1	11945	19	27	5	414	10	5	12	191	64	9	66	0	440	24	19	8	15	9	213	15	13	91	214	0	0	19	5	4	785	0	0	0	16	41	8	6	5	0	0	2	63	18	3	61	493	12	15	0	0	6	0	10	5	1044	45	0	25	5	6	273	335	52	288	2701	0	6	211	22	774	262	0	0	175	469	298	6	9	0	525	313	0	59	72	0	17	88	38	10	14	0	137	60	14	58	0
np0893	233	335	397	7069	146	39	102	22	0	1551	46798	263	179	28	808	45	41	22	148	1583	52	647	23	2051	505	74	150	182	74	2139	27	533	302	1457	3	35	44	43	127	6212	72	44	11	63	172	77	36	16	70	20	66	2175	120	16	87	655	349	409	0	1	31	215	50	20	4808	329	52	222	82	23	3619	488	1161	1475	1226	0	550	3704	84	391	1907	39	1	338	4	6160	7	32	3	9655	5306	2	443	463	0	527	830	182	1819	2960	3	504	56	68	2418	75
np0894	0	79	3	992	0	0	13	0	0	0	15128	63	37	0	523	3	0	16	1275	0	0	534	35	300	112	9	4	43	0	264	91	0	18	258	70	3	27	0	6	500	0	3	0	35	18	42	0	3	3	0	0	103	12	3	84	4518	3	56	2	6	9	0	56	13	230	69	2	0	7	12	81	0	82	560	621	0	39	401	49	600	16	2	7	447	0	144	0	14	0	1499	465	12	684	29	0	0	257	112	3	17	0	156	9	0	1605	3
np0895	56	2588	245	2883	16	646	158	129	0	4	41934	127	326	42	1739	75	21	64	1236	340	88	800	9	2576	249	70	37	161	50	1356	15	80	764	1499	3	0	96	42	17	3291	4	3	7	152	132	73	44	30	2	34	8	216	165	20	199	1127	78	41	0	3	26	12	55	40	4622	233	4	130	36	20	1723	1791	264	1344	14778	0	23	1200	86	2772	2209	0	5	943	6535	1341	4	22	17	1896	1445	27	208	432	0	235	512	796	81	60	7	141	118	103	415	0
np0896	3	335	37	446	27	0	0	69	0	1	5776	35	1232	5	247	6	4	0	98	113	13	71	0	326	37	7	8	149	16	216	8	9	90	275	0	3	50	10	7	1559	1	0	3	25	19	5	4	20	0	31	0	66	19	6	39	351	13	12	0	0	6	13	391	10	976	40	2	11	9	0	216	222	141	702	880	0	15	421	39	847	163	0	0	204	312	311	4	0	0	835	432	6	90	65	0	46	92	49	23	0	3	43	26	10	116	0
np0897	0	2404	1	21019	0	0	1618	0	0	0	2070	0	4216	0	6530	0	0	0	0	0	0	3	0	0	0	8	215	0	0	490	0	0	4118	3262	0	9	0	11	4	3632	0	0	52	0	1264	0	0	0	53	0	13	439	391	0	487	205	120	1	806	0	0	0	0	73	0	1	0	0	39	309	0	0	32	0	77	0	0	0	24	1318	17	0	4	851	0	2645	0	21	658	0	0	0	0	0	44	0	205	206	0	0	0	0	0	0	42	0
np0898	98	4177	2	1474	114	0	7192	0	0	0	8870	0	1094	47	5653	0	18	0	43	0	0	0	7	0	0	17	0	698	0	8	0	0	0	96	2	24	0	344	32	6584	0	0	7	0	47	0	0	10	0	0	1667	364	0	31	0	964	674	0	6	0	26	0	0	89	0	0	0	0	96	0	1	0	459	10	48114	0	0	0	27	3985	0	0	30	0	0	475	0	0	0	1	2	0	0	0	0	0	103	453	0	0	163	0	0	0	1	0
np0899	0	2647	269	4610	217	0	108	0	7	0	45037	149	949	51	2003	14	31	765	3916	0	265	819	50	3593	734	72	379	1196	0	2223	52	514	1720	3097	60	41	796	5	451	8898	159	72	3	25	42	99	17	7	13	0	236	622	154	19	129	1459	453	227	13	0	34	0	23	8	4396	919	8	235	48	86	928	1744	5367	6497	22603	0	755	3847	129	5058	1	20	0	711	0	1478	1	0	0	7297	4013	62	269	38	0	63	1257	782	0	9	4	13	51	181	22813	142
np0900	0	1628	0	417	69	309	61	58	1	0	21490	0	56	3	427	0	0	0	0	0	0	730	0	98	1	191	125	363	9	242	47	0	1686	798	3	0	0	8	0	3208	0	17	0	20	13	0	17	150	0	0	0	395	21	0	34	1397	60	0	4	1	4	0	1	18	0	106	0	35	3	0	364	450	4	0	10464	0	0	0	134	1142	461	7	0	180	0	379	76	74	0	559	1012	0	95	12	0	9	481	105	25	22	0	408	54	92	8	0
np0901	46	868	71	1025	24	57	35	198	1	291	32690	43	84	19	1119	24	11	37	439	1254	45	379	9	1626	922	22	78	265	10	624	23	122	139	1227	2	34	87	46	186	2951	12	17	0	55	117	33	19	6	3	24	145	404	37	9	231	537	66	220	0	0	11	27	12	2	2858	88	18	36	13	10	1134	376	80	802	9439	0	232	1733	17	3400	345	11	0	589	2188	2639	7	9	0	4299	1553	17	287	719	0	134	77	67	29	162	2	103	79	30	940	39
np0902	63	3967	29	2768	29	16	166	0	0	0	30595	499	666	15	1405	45	4	0	238	0	0	136	0	139	1	104	12	567	60	569	8	4	450	830	0	0	0	24	40	2504	0	36	0	0	132	0	3	21	0	0	3	127	81	7	73	792	242	159	0	0	17	0	17	35	614	66	0	32	27	82	891	369	17	1223	4836	36	14	0	74	845	2146	0	2	651	0	1374	12	14	8	694	798	0	91	8	0	27	157	566	3	3	5	253	147	29	69	0
np0903	56	1417	1	76	44	0	9	10	14	82	2036	2	241	4	1397	6	0	1	83	140	20	43	91	383	410	34	22	116	0	1452	15	5	2869	2339	44	27	10	3	35	1915	10	0	0	22	14	5	8	8	0	0	39	297	6	7	364	129	38	27	14	0	51	19	31	0	1068	52	7	1	2	1	58	75	15	907	48158	0	6	494	32	6	140	9	0	558	580	86	0	5	0	569	489	0	45	54	3	16	40	488	2	4	0	0	52	8	231	0
np0904	490	1311	75	1243	26	209	32	399	4	2	18831	259	2346	6	1228	13	19	25	10522	266	32	477	9	581	116	60	40	557	23	934	14	38	363	1232	0	8	90	31	65	4810	3	23	0	134	71	28	18	20	8	46	69	138	27	33	550	1391	17	33	0	8	30	11	755	42	2237	334	5	44	28	8	685	1139	260	1395	1870	0	30	974	124	1848	203	7	0	4233	686	1252	9	15	0	1644	1134	9	194	134	0	60	210	202	37	44	8	80	56	28	232	0
np0905	14	422	10	161	8	0	39	3	7	32	7205	18	49	0	576	11	0	0	95	104	25	72	0	848	175	7	13	62	0	920	0	38	412	550	0	9	15	4	30	2255	15	4	0	41	21	7	5	2	0	0	13	172	3	6	180	294	6	26	22	0	15	22	4	0	316	104	2	12	14	31	119	9289	41	359	6135	0	4	319	9	21	190	0	0	349	389	189	1	0	0	1523	666	0	154	81	81	36	25	75	0	1	0	0	97	8	240	0
np0906	112	2554	34	3740	62	23	130	166	0	0	77743	308	1776	25	5601	63	0	15	123	0	92	302	0	3210	24	68	171	443	7	3136	0	9	334	5445	0	719	0	14	163	8385	16	2	142	388	137	32	6	48	2	0	0	887	994	23	489	546	143	10	700	0	139	0	10	112	4358	539	13	112	54	134	2162	18951	513	1374	21818	0	21	0	107	1331	3404	1	25	1880	102	6440	20	8	3	2749	2183	18	717	49	20	91	353	441	161	49	3	661	181	21	777	0
np0907	6	181	25	635	3	42	22	20	0	34	10907	24	48	2	296	0	2	14	46	156	7	108	0	322	56	12	13	26	8	181	11	14	37	437	0	0	54	2	19	587	2	1	3	20	17	11	0	3	6	25	5	126	3	3	29	182	15	29	0	0	7	5	20	4	1124	38	9	14	6	4	328	186	48	151	997	0	47	417	4	472	82	0	0	72	1053	402	0	5	0	925	534	2	101	86	0	83	80	37	12	27	0	154	28	13	148	2
np0908	105	1842	9	133	0	0	1	5	0	17	3863	10	42	2	312	10	0	1	39	93	10	64	0	1047	71	20	37	99	0	506	7	11	1016	221	0	5	2	3	24	17195	8	14	0	7	91	9	0	11	0	0	3	247	120	0	116	111	48	43	99	13	9	18	26	0	891	290	3	8	9	8	99	27	42	260	30447	0	19	1560	25	68	170	9	0	1613	23	1571	7	0	53	3075	1427	0	65	113	0	38	10303	334	0	5	0	0	175	0	464	0
np0910	23	3054	27	1532	14	7	68	1	0	0	18383	265	334	6	620	10	7	0	159	0	0	77	0	79	1	55	16	318	19	275	4	0	306	418	0	2	0	10	17	1596	0	18	0	0	69	0	0	19	0	0	6	70	27	2	37	349	137	72	0	0	5	0	14	21	425	59	0	24	17	58	483	291	19	776	3568	22	14	0	45	477	1552	0	2	319	0	906	5	5	5	395	460	0	63	10	3	17	103	255	0	0	3	173	51	21	54	0
np0911	17	759	30	651	17	34	35	28	3	10	12486	39	80	4	537	10	4	47	160	182	15	130	3	264	57	22	13	182	12	752	0	31	116	975	0	0	15	11	19	1444	2	3	2	56	35	15	3	8	12	15	4	111	12	10	55	941	11	23	0	0	15	22	22	7	2085	45	1	30	21	9	465	291	138	947	1247	0	43	368	33	1829	212	8	0	244	112	280	0	4	0	1403	565	2	171	58	0	111	125	94	25	17	8	111	46	15	164	0
np0912	8	552	233	1732	16	0	51	8	1	0	14067	149	64	18	1212	12	2	89	3358	0	51	246	0	324	1	16	38	71	53	676	0	15	535	1402	0	2	231	15	68	2030	0	1	0	20	23	0	6	21	0	0	53	127	90	8	143	621	28	10	0	4	16	0	14	22	510	183	0	109	26	22	1738	4334	759	255	4775	226	0	0	9	546	1057	0	0	481	0	601	0	0	0	757	629	0	32	97	0	92	530	87	14	152	0	141	13	45	348	0
np0913	0	6	12	351	0	20	0	0	0	0	2254	19	2	3	60	0	0	0	25	0	0	56	0	133	1	5	0	4	0	142	1	0	0	71	0	4	0	0	0	171	0	0	0	18	5	7	1	0	0	3	0	17	8	0	6	71	3	0	1	0	1	0	0	6	0	22	1	15	1	1	99	0	80	40	0	580	3	1	4	64	79	0	0	39	0	0	2	0	0	149	68	0	8	0	1	3	39	23	0	4	0	0	0	0	45	0
np0914	0	97	653	7843	8	0	140	104	0	0	16789	226	632	61	956	22	38	35	447	0	14	777	0	939	74	31	50	390	18	1429	64	0	771	1142	2	8	102	17	203	4021	0	0	2	0	117	138	14	0	7	4	97	334	173	27	216	332	75	24	0	2	27	0	260	28	1617	260	0	163	23	41	873	2326	624	651	2533	0	267	5729	177	956	2901	4	23	653	0	715	8	20	10	2954	919	16	421	116	0	28	405	1497	0	34	8	29	53	53	769	108
np0915	35	539	8	3281	8	0	8	0	0	0	16584	472	50	17	391	7	13	0	159	0	0	74	32	69	21	40	15	191	15	239	0	147	145	413	0	7	0	0	9	348	78	14	0	0	11	0	0	9	21	0	9	900	0	0	13	338	140	55	0	0	0	0	0	2	2	38	216	34	16	6	546	116	11	137	1620	97	0	1	27	11	582	5	0	161	8	1936	0	5	0	6206	1929	0	26	23	0	0	9	12	1	8	0	0	21	3	788	0
np0916	0	649	38	287	17	0	166	3	0	0	2441	27	66	8	1549	9	4	57	1392	0	38	102	15	126	1	13	19	59	5	799	0	0	64	894	0	0	74	22	10	1355	0	2	0	36	87	2	8	26	0	0	0	94	114	8	168	578	45	8	0	2	18	0	4	7	6	213	0	52	7	4	155	295	75	54	18972	60	0	0	17	902	1501	0	0	701	0	87	0	0	0	352	76	0	53	42	36	50	499	688	4	32	0	23	25	81	159	0
np0917	27	1949	100	440	37	28	176	7	0	0	2568	28	329	7	712	55	0	5	257	24	60	96	0	210	8	54	6	158	9	291	0	13	285	292	2	0	0	31	15	1904	0	3	7	3	82	41	17	29	2	0	0	102	140	11	50	100	78	10	0	1	12	16	6	12	223	89	0	41	18	3	253	80	133	117	5576	0	0	31	49	110	1373	0	3	589	84	514	5	0	7	153	82	1	37	9	0	20	153	321	8	31	3	0	53	76	86	0
np0918	29	1341	0	700	9	16	53	0	0	0	10307	47	134	0	1121	13	1	41	20	0	20	133	0	806	8	11	24	37	0	777	0	0	145	782	0	154	0	5	7	1968	15	0	0	38	68	19	0	7	0	0	152	265	19	3	357	418	52	0	37	13	40	0	11	22	872	108	3	32	9	13	329	2099	63	273	9441	0	4	0	41	225	1252	0	0	670	0	421	2	0	6	1145	435	0	205	0	40	9	250	107	21	0	0	310	65	9	490	0
np0919	110	533	6	1002	465	0	81	0	0	0	10246	26	600	9	1008	57	0	0	2	0	71	32	0	89	0	31	44	337	1	2136	0	0	864	686	0	4	0	0	933	586	4	61	0	140	63	0	0	6	0	0	0	308	319	16	57	109	215	5	652	0	22	0	0	499	1651	324	0	10	1	0	499	1191	673	353	11547	0	0	0	68	25	1502	17	7	518	0	2121	5	0	5	557	150	0	55	0	50	66	117	189	1472	0	0	238	23	5	8	0
np0920	36	1684	55	1084	23	325	64	41	1	1	21912	48	156	13	1209	23	12	25	1213	165	48	271	0	1294	74	28	17	194	6	950	21	22	357	805	1	0	57	10	11	2120	0	8	4	79	90	38	7	10	0	4	96	82	83	10	121	1109	13	18	0	0	11	3	22	12	2836	138	0	27	8	9	678	951	66	410	8265	0	14	445	41	1795	1836	3	3	524	5428	844	4	5	6	1106	716	3	122	123	0	68	389	125	30	40	3	82	94	48	126	0
np0921	4	378	0	471	10	0	17	24	0	0	8683	49	30	0	217	0	4	8	67	76	5	64	0	178	27	9	15	42	10	230	8	15	188	284	0	1	29	3	8	1162	0	7	2	18	12	0	4	1	0	17	0	50	6	0	20	356	9	18	0	0	2	2	168	4	632	40	3	16	7	1	281	151	70	413	1048	0	0	259	19	727	129	0	0	114	199	271	3	0	0	692	421	2	70	59	2	20	74	35	13	6	4	42	18	15	67	0
np0922	3	64	82	1440	8	1	985	71	0	0	41373	196	124	27	5178	16	8	21	12416	0	40	1201	0	151	0	29	48	155	110	1731	0	213	231	1382	0	4	584	14	37	4537	3	0	5	18	65	0	3	42	1	0	24	182	149	31	168	205	57	29	20	2	19	0	74	281	2943	416	10	56	41	7	635	6377	286	265	3470	541	0	0	24	279	208	0	4	387	0	61	0	0	54	1108	131	0	95	135	8	107	1596	73	3	200	0	135	86	28	588	0
np0923	433	297	132	1650	136	18	602	0	0	0	12677	95	567	16	1199	39	17	111	380	0	18	187	0	437	34	14	20	231	0	856	10	27	160	1902	17	4	0	109	26	2691	0	0	0	0	187	37	3	6	6	0	17	264	169	18	85	314	259	28	0	1	27	0	9	33	448	129	0	116	19	17	439	198	155	273	261	157	28	316	46	258	1847	18	7	829	0	1027	2	23	4	385	549	0	69	37	0	85	257	590	109	25	10	16	45	85	184	6
np0924	39	270	0	272	27	0	144	21	12	607	11141	23	47	1	3075	11	0	0	53	197	2866	119	277	1532	239	40	54	82	0	610	0	22	2655	480	0	158	53	19	8	1395	10	3	0	20	1399	81	64	12	0	0	1524	464	14	15	450	382	7	95	21	3	48	11	102	2	2283	89	17	5	26	9	162	5	20	4649	89036	0	12	1650	50	13	103	2	5	451	369	181	6	0	0	2303	1303	3	320	181	3	50	21	117	2	13	0	3	212	0	437	0
np0926	0	1365	38	1810	35	0	84	0	25	0	16232	54	1440	15	903	14	6	104	841	0	382	337	21	1145	310	35	99	644	0	879	17	603	768	982	0	5	198	3	292	2343	37	43	1	19	26	41	13	0	8	2	590	191	23	11	233	279	185	149	13	5	13	0	240	4	1628	271	5	52	24	34	365	743	1703	880	9778	0	273	1971	58	1875	0	5	2	333	0	821	0	1	0	4021	1874	8	112	88	0	8	240	355	0	0	0	4	25	25	7397	10
np0927	33	2130	152	1211	61	90	57	102	25	21	28110	86	194	17	1495	50	17	134	835	465	86	316	0	2346	99	22	62	222	32	3078	14	88	627	2592	2	4	89	75	28	14646	0	29	3	116	115	25	36	9	16	33	17	396	62	18	181	1149	137	80	0	1	26	102	870	30	3097	203	11	47	36	21	995	1182	271	3026	4447	0	63	1599	31	5904	1183	23	0	474	819	537	4	8	1	3078	1529	3	453	153	2	291	841	375	98	38	50	196	104	73	357	0
np0928	93	1607	82	422	27	68	81	113	6	48	19870	20	45	8	870	11	0	46	279	370	16	303	102	1729	264	18	81	64	6	915	12	30	98	1828	0	22	37	21	6	2960	6	5	0	46	76	49	8	12	15	16	2	738	49	12	87	289	157	227	0	0	13	17	22	12	654	97	30	34	16	20	263	2753	133	545	1799	0	299	533	16	991	355	5	0	278	327	971	1	3	0	3315	1690	9	238	436	0	269	93	146	57	39	4	103	69	33	333	96
np0929	0	1088	9	676	10	0	8	0	0	0	4738	36	63	0	1814	1	0	0	0	3	0	150	0	0	1	3	77	230	0	365	0	0	1	615	0	0	0	10	6	3541	0	0	4	0	17	26	0	4	0	0	0	113	386	3	15	655	11	1	0	0	4	0	2	0	6	59	8	6	2	0	173	6	0	138	6615	0	0	9	57	415	5239	62	0	1421	0	1	0	1	0	618	63	0	22	0	0	3	1308	186	0	1	0	1	62	25	6	0
np0930	16	577	57	362	17	25	56	21	0	0	7762	32	43	5	800	13	8	0	101	79	32	107	0	314	17	17	35	127	8	845	10	41	120	1197	1	0	0	6	14	4858	0	10	3	56	40	17	6	4	0	3	2	206	24	2	94	57	104	46	0	0	4	33	22	9	348	49	0	18	20	18	323	731	123	273	995	0	4	162	17	140	180	4	0	153	9	647	2	3	3	538	542	0	78	19	0	54	93	113	14	19	8	74	39	25	132	0
np0931	5	395	20	536	9	6	12	43	2	0	7097	36	30	5	252	3	5	9	108	106	11	86	0	297	37	14	21	52	14	385	4	13	94	371	2	0	40	0	8	1936	0	10	3	23	20	9	12	2	0	19	4	72	14	6	44	446	8	23	0	0	8	3	289	8	845	26	0	21	14	3	302	207	86	716	808	3	16	323	10	997	153	0	6	149	286	349	0	5	0	981	572	3	87	45	0	45	95	49	13	8	2	43	30	12	109	0
np0932	30	784	22	1281	7	16	106	22	18	15	12881	25	86	10	1372	12	0	1	263	311	599	195	8	4198	165	29	49	157	10	619	3	15	513	346	392	2	85	232	11	869	30	1	2	56	1023	39	195	7	1	0	25	52	24	1	136	689	20	162	0	0	78	0	45	0	1615	113	8	10	11	6	3294	327	43	455	5868	0	44	1557	23	303	476	0	0	405	1563	365	4	8	0	2219	889	28	299	243	1	190	39	52	4	16	2	14	690	18	456	0
np0933	0	1143	50	850	84	0	81	1266	34	0	10616	10	9214	6	1699	6	0	2	221	0	25	1263	553	3959	235	43	157	1075	0	1305	22	0	459	1247	7	170	2583	2	15	8134	0	8	0	0	262	90	0	2	0	0	161	414	51	5	1938	765	48	156	182	0	60	0	1887	24	1714	239	8	10	9	12	77	1083	196	81	5492	0	218	3313	133	125	1545	11	0	2048	0	69	3	25	0	1791	285	25	936	24	0	0	659	683	0	3	0	65	244	10	3186	84
np0934	14	972	42	774	42	48	46	50	5	3	17966	59	108	7	683	17	11	26	169	201	20	170	0	399	57	46	14	211	17	716	6	37	182	1003	2	0	41	16	22	2146	0	18	6	67	45	14	10	3	7	17	1	121	12	7	77	1189	17	35	0	0	11	12	153	0	2028	62	0	18	31	7	621	634	172	1360	2002	0	22	671	33	2226	337	5	0	331	328	255	6	10	0	2990	786	3	199	93	0	103	186	93	51	20	5	121	61	27	208	0
np0935	39	1047	18	730	42	28	43	62	0	29	14814	48	124	8	935	25	0	12	188	227	10	114	0	1106	71	23	31	165	12	999	7	59	240	1124	0	0	37	12	43	3137	0	22	3	40	57	0	0	4	12	7	9	171	10	4	79	1026	38	137	0	0	13	47	185	8	1634	69	0	16	25	9	591	338	80	1062	3452	0	86	1187	27	2959	429	0	0	436	1043	339	2	6	0	2819	1019	10	295	140	0	159	230	93	23	16	8	93	144	24	346	0
np0936	12	464	3	204	0	2	174	17	17	17	6420	17	22	0	810	0	0	1	162	79	169	58	7	997	46	16	16	42	2	380	4	6	174	167	159	2	35	5	17	530	12	1	0	35	460	21	19	4	0	0	449	54	6	22	270	376	0	41	0	0	22	5	23	2	478	56	0	1	3	4	161	115	22	408	12266	0	20	265	16	129	300	0	0	413	348	128	0	0	0	838	570	4	129	82	0	23	50	43	0	30	7	2	82	7	43	0
np0937	0	1026	0	118	0	0	341	0	24	0	4683	179	1819	7	906	75	0	0	0	0	0	198	46	56	0	11	741	1288	2	794	1	0	481	1585	0	10	0	2	1036	1261	0	0	0	0	14	6	7	22	15	0	1795	2689	4	0	460	25	40	8	0	0	18	0	25	0	0	0	0	2	11	2	239	1635	9	0	16876	0	0	0	102	598	96	152	0	139	0	1601	0	12	0	68	2371	0	11	0	0	0	5	80	0	0	70	6	29	54	22	0
np0938	0	98	27	923	0	0	269	0	0	0	15249	306	440	25	2727	29	14	0	0	0	0	0	0	259	0	116	88	2356	7	2732	0	0	0	321	0	109	0	32	6	6970	0	0	0	0	15	0	0	2	3	0	17	83	23	16	7881	5152	12	0	71	0	28	0	67	24	0	200	0	22	9	0	551	1462	160	1015	2	0	0	0	6	10085	5734	0	0	1357	0	368	4	0	0	2320	131	0	326	0	8	6	142	125	0	171	4	0	215	11	248	0
np0939	1065	4059	1002	658	0	0	136	0	0	0	39093	18	1490	0	1141	0	0	0	3031	0	0	113	0	1	0	79	3	5832	0	1206	0	0	1	5137	0	0	0	10	5	3826	0	0	0	0	14	125	1	11	27	0	37	290	58	4	55	4448	5	3	1	0	18	0	39	63	0	77	34	52	49	10	1631	0	823	3733	18	0	0	0	22	844	17	0	24	674	0	868	0	69	96	636	479	0	167	0	0	73	129	211	12	95	5	10	36	65	88	0
np0940	387	638	167	846	0	0	25	0	5	0	13793	221	2960	27	1108	24	0	0	3	0	0	7	0	0	0	45	8	638	0	520	0	0	0	3100	0	0	0	0	29	6523	0	0	1	0	8	0	9	16	3	0	22	30	7	0	28	22	80	0	2	0	0	0	17	31	0	0	0	7	14	8	802	491	9	871	569	0	0	0	35	108	6734	0	0	52	0	156	17	0	11	429	436	0	2	0	0	12	101	59	11	0	0	0	0	0	42	0
np0942	123	3647	40	110	93	0	74	16	11	0	1524	4	1501	0	1293	3	0	0	196	64	21	48	15	1002	1	48	11	427	5	841	0	7	241	651	13	5	0	12	44	2687	0	0	0	6	46	27	0	13	0	0	54	96	7	3	38	377	6	5	680	4	28	178	122	4	272	106	0	9	11	6	56	454	157	244	7111	2	0	41	56	218	1128	16	0	545	951	276	6	0	4	277	137	2	32	13	18	35	29	64	1	4	0	4	62	33	26	0
np0943	66	6039	181	2803	27	381	184	76	159	0	56103	178	293	29	2162	43	18	43	1089	275	111	479	13	4736	155	71	38	407	58	1703	61	52	480	1759	11	194	125	24	142	4493	0	3	3	76	263	65	22	23	14	14	10	330	120	27	291	1921	102	46	0	4	31	42	76	43	3549	374	8	97	24	22	2696	1747	303	1532	16595	0	76	870	102	2201	3184	5	6	1242	433	2249	8	39	9	2394	2795	8	193	294	0	194	1054	347	34	40	14	103	169	90	304	0
np0944	45	4160	3	128	2	0	16	0	0	260	11879	37	31	0	589	0	0	0	11	102	324	67	2	241	62	12	17	28	5	161	0	14	61	110	0	6	0	42	10	135	6	1	0	14	126	0	138	2	0	0	6	104	4	1	12	110	0	40	0	0	15	45	26	0	6784	40	20	0	5	20	940	14	13	1182	10370	4	3	248	15	25	70	1	0	38	13	133	0	0	0	1073	584	10	62	55	8	19	11	22	7	5	3	0	50	3	525	0
np0945	0	342	25	148	33	0	22	4	1	0	376	1	1525	0	256	0	0	0	52	0	16	53	67	439	1	5	9	242	0	229	1	0	53	220	1	61	29	3	11	1460	0	0	0	0	43	17	1	0	0	0	83	89	17	1	112	48	14	2	56	0	0	0	140	3	47	20	0	1	0	1	9	129	102	19	1801	0	2	572	22	6	474	0	0	441	0	12	0	3	0	157	70	0	19	2	0	0	230	128	0	0	0	8	67	5	27	2
np0946	0	88	5	1140	88	2	24	0	0	0	11096	51	21	0	1353	17	0	3	65	0	262	126	0	198	0	319	9	697	1	758	0	8	0	2305	0	0	0	6	5	2055	0	0	0	151	34	0	4	74	0	0	0	5	9	2	12	1372	0	0	1	3	3	0	4	5	89	72	0	15	12	0	307	297	0	465	468	7	0	0	2	304	147	5	10	122	8022	54	28	2	0	840	461	0	106	5	0	7	47	51	2	0	15	0	112	76	72	0
np0947	359	576	7	859	397	0	68	10	0	0	6629	21	622	5	954	58	0	0	0	0	249	28	0	168	0	25	74	323	0	1903	0	0	1060	792	0	4	0	0	381	655	5	133	0	103	30	0	3	8	0	0	0	738	941	12	99	165	733	30	1642	0	31	0	7	667	1118	1021	0	1	3	0	329	300	437	217	11193	0	0	0	66	3	1539	86	4	539	0	1670	3	0	14	984	550	0	62	1	95	399	64	364	2664	2	0	730	9	0	11	0
np0948	4	448	33	541	14	2	19	97	0	0	6099	28	54	7	300	3	0	12	86	118	17	90	0	311	73	14	21	76	13	305	10	20	113	282	2	4	60	8	0	1791	0	8	5	25	22	10	9	5	5	31	9	85	5	0	36	397	10	32	2	0	9	10	406	9	1018	34	0	7	11	11	247	234	114	774	869	3	19	451	15	983	160	0	0	159	342	466	0	0	0	972	594	4	101	83	0	44	122	30	19	0	0	48	34	0	102	0
np0949	0	760	69	1641	9	0	20	0	7	0	12567	42	125	13	451	3	7	228	418	0	35	249	0	690	44	6	17	288	0	679	42	33	549	1204	0	1	227	3	41	2206	2	0	1	10	11	30	0	1	2	0	3	36	56	9	62	343	184	1	0	0	7	0	26	4	604	96	0	68	3	9	311	92	799	776	5462	0	54	825	39	2187	1	0	0	144	0	297	1	0	0	934	498	8	109	3	0	29	564	493	0	0	2	4	11	18	4012	6
np0950	0	190	12	315	12	0	0	24	0	0	3507	33	21	0	126	3	0	9	50	67	0	35	0	137	9	9	3	33	0	125	4	5	150	134	0	0	19	2	4	801	0	4	0	9	6	4	1	1	0	0	0	45	5	0	22	192	10	16	0	0	0	0	114	4	428	13	0	8	5	4	123	147	34	328	458	0	6	161	12	490	78	0	0	72	142	158	0	0	0	470	207	2	43	30	0	6	51	12	12	2	0	34	15	0	53	0
np0951	58	464	30	783	52	10	18	41	2	104	12271	36	82	12	605	9	1	11	84	519	8	79	26	692	78	20	39	12	22	593	11	70	236	714	0	32	18	3	31	2063	18	28	4	40	47	4	0	2	1	1	82	184	7	0	68	702	18	96	0	7	0	82	100	7	1204	65	27	6	14	0	596	445	116	848	4878	0	244	1198	27	310	113	2	0	252	673	720	5	5	0	4240	536	5	244	130	0	104	376	65	0	5	0	2	86	15	593	0
np0952	955	62	0	49	130	0	10	4	0	0	5740	7	248	1	94	6	0	0	3	0	0	74	0	556	2	0	9	257	0	465	0	22	22	559	0	3	1	0	0	1270	4	2	0	0	15	0	0	0	1	0	2	156	35	0	14	70	12	14	4	0	27	0	0	6	27	7	0	1	0	1	63	331	49	241	2742	153	0	800	0	81	486	4	106	1675	0	394	0	0	1	1140	168	3	17	8	2	1	131	52	0	0	0	49	677	11	39	0
np0953	0	2717	0	727	0	0	4	0	65	0	94091	29	760	0	2503	186	0	0	0	0	0	5	11	1	0	0	5	3	0	55	0	0	49	609	4	70	0	1	134	104	0	0	0	0	18	0	0	0	0	0	606	693	42	2	2	30	6	0	16	3	0	0	0	12	0	35	0	8	94	0	1404	0	27	2	4	0	0	0	3	77	80	0	12	74	0	3	0	0	0	19	1	4	8	0	13	10	20	1507	0	3	1	2	0	4	2	0
np0954	0	1643	0	1762	0	0	114	0	1	0	40760	696	2599	16	3424	23	0	0	0	0	0	740	36	203	47	31	102	720	8	1382	20	0	33	2623	0	49	5	21	155	1271	0	0	9	0	8	29	48	33	148	0	866	1136	548	21	2870	106	36	429	0	0	33	0	360	0	0	1	231	4	46	5	499	74	13	0	5312	0	0	0	193	6488	651	56	0	263	0	2849	3	29	0	1632	1638	0	47	95	2	0	90	330	4	1	12	24	121	114	209	0
np0955	0	28	20	2680	0	0	124	0	0	0	16899	311	65	41	507	6	0	0	0	0	0	504	0	110	0	7	11	151	0	820	6	0	1566	312	0	38	20	13	12	1525	5	0	0	0	75	0	3	10	3	0	67	98	39	3	202	681	39	21	7	0	40	0	14	46	0	107	3	54	5	0	524	0	51	15	34	0	0	0	19	3868	731	4	2	78	2	182	5	0	0	1622	479	0	64	9	16	0	151	101	0	10	0	600	30	27	18	0
np0956	24	1373	7	2127	0	0	31	62	0	0	23894	455	241	21	1374	3	6	0	74	0	0	233	0	432	42	26	45	417	12	744	10	89	954	683	0	14	0	12	25	1679	50	0	0	0	55	2	7	9	7	0	64	648	1	6	45	7592	40	198	8	1	16	0	175	4	103	144	127	15	30	70	455	52	12	461	5514	914	81	0	39	98	5762	3	0	215	0	1023	0	1	2	4847	1504	0	323	75	34	4	394	84	1	5	0	728	146	5	2346	0
np0957	72	4954	11	1125	5	0	90	62	71	1366	42601	28	121	14	1834	4	2	3	433	1646	62	168	119	8243	519	47	76	354	0	2457	42	77	608	1327	7	694	848	0	71	3256	14	4	1	49	384	9	2	4	7	0	78	113	15	15	696	2027	13	137	45	0	61	14	57	8	6396	293	25	12	22	17	611	334	49	1542	34894	0	80	2272	41	516	2276	10	0	712	23279	529	3	10	0	3943	1152	2	724	244	0	100	422	69	0	7	0	41	154	16	1376	3
np0959	26	410	21	858	16	8	4	32	0	37	12714	36	40	5	326	7	3	0	66	771	25	63	13	569	119	13	35	17	16	639	0	137	131	664	0	96	44	9	30	1016	46	14	0	27	26	0	2	0	17	0	2	201	8	0	23	522	9	420	0	0	21	8	73	0	1554	70	7	7	22	10	1447	220	82	794	2053	0	256	1028	11	319	135	0	0	239	337	197	2	2	0	7880	604	9	216	176	0	114	23	11	5	3	7	1	60	9	1016	2
np0961	0	185	8	43	27	0	24	0	30	0	206	2	253	0	118	0	0	0	16	0	20	10	44	428	0	2	0	96	0	162	0	0	98	174	0	16	0	9	0	686	0	0	0	0	16	52	0	0	0	0	31	89	3	0	47	4	7	0	22	0	2	0	10	3	6	3	0	3	0	0	10	10	36	10	2305	0	0	254	3	11	181	1	0	147	0	7	0	0	0	16	11	0	2	0	0	0	56	50	0	0	0	0	26	1	18	0
np0962	189	4152	9	145	87	0	1545	42	9	12	2949	11	2328	0	6028	38	0	0	60	125	9669	53	59	2939	164	27	50	3063	1	2889	0	2	942	1837	1	1009	4	141	1706	10583	7	14	0	22	636	1311	2	13	0	0	372	357	2	11	99	92	14	22	37	1	162	246	360	0	829	205	2	6	1	0	84	23	34	297	39972	0	12	819	32	11	482	2	6	492	463	143	1	5	0	2206	935	11	82	45	0	47	17	969	0	5	2	2	419	15	1651	0
np0963	0	218	42	195	0	0	6	0	0	0	3765	41	1059	0	2233	29	0	0	18	0	0	125	41	119	1	86	42	81	0	415	3	0	251	807	389	19	40	22	45	1999	0	80	2	55	292	19	1	12	0	0	0	603	0	20	491	120	65	3	180	1838	58	0	144	0	99	101	0	19	2	2	62	1	292	1119	23636	0	0	826	73	16	36	0	10	5737	0	346	10	33	0	1677	463	0	59	0	0	0	26	298	3	0	0	4	35	2	226	1
np0964	0	714	215	2220	23	0	53	14	1	0	19903	183	103	29	1527	8	7	162	3378	0	59	424	0	476	12	13	69	147	90	874	0	40	588	1338	0	2	389	13	57	3328	2	3	0	67	40	0	6	16	4	0	23	145	104	0	187	1440	27	19	1	0	17	0	13	32	1085	340	8	109	21	42	1941	6828	759	682	5459	871	2	3	16	1514	1341	0	3	503	0	610	1	1	1	1406	844	0	100	273	0	114	662	150	9	241	1	136	32	49	478	0
np0965	0	156	3	10	27	0	9	0	1	0	49	0	832	0	74	0	0	0	7	0	5	11	33	188	0	1	4	58	0	76	0	0	21	119	0	31	4	0	2	678	0	0	0	0	16	4	0	0	0	0	45	68	10	0	44	6	6	2	55	0	0	0	70	9	3	4	0	0	0	0	0	7	50	7	1081	0	0	168	5	0	113	0	0	80	0	1	0	4	0	25	43	0	0	0	0	0	51	78	0	0	0	1	33	1	3	0
np0966	0	458	5	275	67	0	16	0	116	0	2200	5	508	1	707	5	0	0	82	0	0	193	167	833	1	5	12	340	0	767	4	0	278	609	0	24	148	3	14	1928	0	3	0	0	63	12	0	0	0	0	111	366	15	2	340	184	10	21	119	0	11	0	143	18	329	47	0	5	4	0	72	581	193	52	9836	0	57	6106	30	44	1189	8	0	1645	0	54	0	5	0	916	536	0	111	3	0	0	342	42	0	0	0	50	111	6	80	3
np0967	1834	581	23	453	40	0	33	16	0	0	4358	39	46	0	451	24	0	0	5	0	59	55	17	179	12	82	483	424	1	1134	2	0	12908	733	8	263	0	0	0	1117	24	59	1	7	6	0	1	29	0	0	6	817	0	0	42	1815	97	62	39	0	50	0	82	0	515	680	2	4	10	10	160	1650	16	2437	13973	0	0	0	50	42	584	21	0	217	85285	664	12	17	3	3652	4152	0	31	1	21	1	145	249	0	0	0	133	37	4	65	0
np0968	306	19226	77	5130	43	21	485	277	29	768	110305	352	375	66	5308	24	13	7	1101	1782	1354	656	5	7436	1106	156	220	515	104	2879	16	208	1191	1507	0	226	471	317	66	2922	101	15	0	271	1147	49	629	51	24	4	71	575	27	31	576	4036	47	419	15	1	143	109	437	9	18600	328	80	36	64	184	9143	925	389	9458	37955	0	392	4804	174	1636	2138	12	0	1141	689	3364	18	53	1	12269	6058	139	863	1316	6	1158	329	282	527	85	3	124	500	38	2004	0
np0970	3	155	32	3497	0	3	256	0	0	0	35608	1001	1028	50	3485	71	68	0	5	0	0	5	31	139	0	284	339	1311	3	2471	0	0	0	721	0	745	0	21	14	4223	0	0	0	0	49	0	0	0	3	0	2851	1292	4	6	2100	7137	211	0	241	13	11	0	103	19	1	141	0	24	155	7	1476	290	1877	1487	6	3	0	0	17	12821	2111	0	0	1324	1	2551	22	6	0	17760	2526	0	302	0	27	9	120	239	0	166	3	0	124	11	883	0
np0972	39	527	49	613	17	4	26	3	3	0	11515	51	52	13	354	9	7	0	58	283	19	71	151	214	22	12	71	67	7	400	0	346	58	402	0	0	4	3	87	1357	46	13	2	49	36	0	18	2	22	0	40	433	35	2	55	144	52	257	2	0	17	14	20	11	423	85	12	28	41	21	1479	431	172	513	1045	0	71	265	12	55	118	7	0	153	5	565	0	0	0	3739	1490	1	121	67	0	120	42	15	12	11	0	3	53	15	573	1
np0973	2	87	0	122	0	0	3	15	0	0	1639	12	9	0	51	0	1	0	33	17	0	15	0	68	3	3	0	0	0	42	0	0	118	93	2	0	8	0	0	329	1	0	0	8	5	0	2	0	0	5	0	24	0	0	6	94	0	0	0	0	0	0	59	3	189	1	0	4	0	0	57	87	19	164	201	0	2	84	3	191	21	0	0	33	66	77	0	0	0	199	113	0	20	13	0	7	17	10	0	0	0	14	9	3	30	0
np0975	60	1199	41	3670	59	37	110	7	0	0	57405	183	368	22	1449	34	0	751	43	0	53	110	0	1470	4	44	44	152	10	1140	0	3	365	2050	0	250	0	5	16	6036	0	2	5	144	51	34	4	14	4	0	5	532	79	2	112	1393	123	0	274	0	28	0	7	55	3375	222	8	73	51	123	2457	4671	344	1134	3423	0	0	0	119	1068	1635	0	11	466	0	2024	5	4	4	518	841	0	192	6	8	49	1135	92	284	56	8	301	56	21	428	0
np0976	0	1469	5	1926	51	0	122	0	34	0	98021	276	312	0	730	69	0	0	2	0	0	144	123	0	0	1	249	1482	214	2044	0	0	16	692	4	14	0	1	439	1180	5	0	18	0	16	105	5	1	0	0	112	1086	73	0	19	313	4	0	25	0	6	0	0	10	0	17	0	10	107	10	470	1962	36	896	43264	0	0	0	3	4437	90	51	0	709	0	2052	0	2	0	1971	2053	2	9	0	0	14	16	127	0	6	0	6	27	185	518	0
np0977	0	4430	2	175	0	0	1	0	0	0	80002	25	399	2	1881	77	0	0	0	0	0	2	107	6	0	10	5	10	0	70	0	0	122	391	4	181	0	0	177	110	0	0	0	0	15	0	0	5	0	0	125	98	50	1	0	17	1	0	24	10	0	0	0	9	0	22	0	7	9	0	320	0	28	2	1	0	0	0	5	29	99	0	6	79	0	1	0	0	0	13	2	2	14	0	32	18	222	0	0	5	4	5	0	0	0	0
np0978	84	487	7	456	4	10	6	115	0	610	19741	24	46	9	507	4	4	2	140	279	0	135	5	1990	385	18	37	54	12	305	1350	57	325	283	0	8	32	6	37	6706	26	4	0	13	105	4	0	3	2	0	55	116	89	7	123	1790	15	80	7	0	13	11	21	4	2838	201	34	21	32	32	434	193	218	767	8551	1	121	5200	25	27	268	0	1	361	175	5597	4	6	9	3632	1292	3	136	221	0	62	1502	103	0	21	0	0	245	4	875	0
np0979	43	4253	64	948	49	6	384	2	211	4	8700	43	85	13	2607	25	8	17	1140	201	85	312	0	3116	26	46	8	190	16	1036	23	35	407	1256	2	400	39	15	93	3796	3	12	0	14	529	56	27	14	0	0	754	378	25	24	288	748	35	7	6	1	32	29	29	7	1679	330	6	35	14	8	532	670	183	483	40056	0	1	387	69	1867	3512	5	1	1035	645	690	6	13	5	845	397	7	204	87	3	56	57	171	14	29	0	52	177	75	233	0
np0980	0	112	211	1973	9	0	53	13	3	0	10339	155	82	17	442	27	2	113	395	0	68	216	0	279	7	17	18	54	43	369	0	78	151	356	0	2	268	46	55	1313	3	1	0	13	35	0	7	13	4	0	41	179	100	1	99	145	12	28	0	2	11	0	4	18	344	245	2	137	18	6	1311	2427	309	286	825	349	0	0	11	394	256	0	3	307	0	174	0	2	2	826	369	0	84	118	0	163	308	54	8	298	0	53	10	126	397	1
np0982	34	971	51	811	46	127	58	51	0	2	16840	86	107	5	795	14	9	17	181	221	14	116	0	378	76	26	12	89	23	759	5	14	181	855	0	0	15	5	32	1638	2	19	0	67	64	8	9	10	7	28	10	127	14	5	61	975	17	25	1	0	17	15	39	5	1685	61	4	17	22	8	690	598	123	950	1794	0	22	607	46	2207	301	4	0	291	723	376	2	11	0	1769	685	5	187	94	0	136	135	100	62	20	14	111	69	34	191	0
np0983	29	479	15	1056	57	2	13	49	0	100	14043	26	64	10	396	7	5	5	96	1040	49	90	9	687	116	13	20	113	15	707	10	207	188	836	0	75	55	14	37	1419	48	19	2	46	17	0	6	2	9	0	192	175	4	0	34	724	18	286	0	1	7	34	66	4	2255	78	31	15	41	9	1741	147	122	1086	2870	0	173	1123	15	420	123	9	0	269	456	215	0	8	0	6616	563	4	322	143	0	138	32	17	5	1	6	1	58	14	1298	17
np0984	39	265	18	380	1	0	32	0	0	24	7052	20	24	6	341	6	0	6	148	101	16	54	3	638	63	0	26	0	6	247	0	22	18	144	0	0	8	14	5	649	23	0	0	38	47	4	2	3	0	0	0	159	20	3	23	208	0	42	1	0	6	0	8	5	627	55	15	5	5	47	365	462	75	328	2435	0	7	198	16	89	262	0	0	247	1071	542	1	0	0	803	545	6	75	136	7	80	42	21	6	10	0	6	80	11	157	1
np0985	2306	2904	2	49	9	0	0	3	2	0	990	2	5	1	226	4	0	0	0	0	5	19	27	77	17	41	121	115	0	152	0	0	4304	82	0	21	0	0	0	378	3	45	0	1	0	0	0	14	0	0	99	174	0	3	10	38	63	7	6	0	27	0	9	0	238	399	0	0	5	0	14	317	9	198	7984	0	0	0	21	790	20	6	0	154	36020	303	2	3	0	617	936	0	0	1	0	0	30	132	0	0	0	12	6	3	74	0
np0986	29	520	18	773	94	3	32	13	0	79	9269	26	88	4	435	9	2	2	80	530	18	84	7	552	78	9	10	96	16	537	5	100	211	517	0	26	47	7	126	1828	17	30	3	50	10	15	3	3	11	3	129	61	4	4	40	394	23	160	0	4	9	61	225	2	1125	70	11	10	14	8	492	92	130	690	2702	0	264	2024	24	374	76	10	0	186	1573	204	2	0	0	2941	431	0	298	110	0	112	46	31	8	9	1	4	54	17	653	0
np0987	0	625	11	96	6	0	8259	2	0	0	1703	16	398	0	9914	2	0	7	12006	0	29	708	4	103	1	31	7	506	0	1937	0	0	22	830	0	62	16	20	128	3756	0	0	2	286	119	0	5	27	0	0	0	151	71	26	209	362	57	4	20	14	47	0	53	262	35	72	2	11	8	0	72	786	44	24	3416	126	0	0	16	210	1824	0	5	1314	0	33	0	0	516	323	63	0	52	20	319	9	266	164	0	9	0	148	31	27	82	0
np0988	0	241	121	2672	0	0	17	2	3	0	70041	248	119	15	1303	17	4	261	2462	0	0	1770	50	386	254	78	36	251	0	754	205	0	238	1053	11	141	2	16	23	2846	0	6	1	269	40	58	7	14	10	0	0	862	77	13	205	4475	45	144	40	0	46	0	37	99	988	231	2	55	64	61	449	10	429	1598	4170	0	53	365	124	6481	13	0	5	844	0	544	7	23	0	4375	1263	24	2109	43	0	13	723	252	5	116	0	196	30	35	4716	20
np0989	15	632	108	455	17	0	22	14	3	0	4054	12	1966	5	850	0	5	6	10572	34	219	2195	0	344	33	64	20	231	14	1050	0	9	163	1153	0	3	9	5	11	3348	0	5	3	2	71	2	0	0	0	0	3	24	8	2	341	1170	46	4	0	0	24	0	241	25	346	71	0	10	4	12	345	66	81	384	9127	0	2	147	5	1378	228	56	0	170	86	364	0	0	0	574	138	0	107	13	0	3	25	297	7	3	0	22	40	27	149	0
np0990	7	600	2	460	0	17	15	12	2	254	12607	28	20	4	498	0	7	0	383	254	0	73	0	2228	168	19	22	35	6	334	12	15	114	282	0	0	50	5	5	7005	5	0	0	19	41	13	3	2	0	0	0	63	376	8	209	583	9	29	0	0	11	0	10	13	1357	152	9	13	14	9	250	117	68	349	15443	0	78	1009	23	266	226	0	0	541	249	615	0	0	14	1635	618	8	145	206	0	28	930	68	7	7	0	7	137	3	356	0
np0991	12	1887	31	585	33	45	34	17	0	0	13110	35	62	2	758	8	6	15	189	202	30	114	0	651	41	21	28	169	10	1013	9	19	178	938	0	1	5	7	34	3868	1	13	2	36	35	21	8	6	3	7	8	142	8	15	76	904	44	77	0	0	15	17	207	6	1300	50	0	12	11	7	529	391	66	733	1844	0	39	505	27	2393	501	6	0	312	1613	329	4	6	0	1269	519	6	169	87	0	109	268	52	36	18	7	121	76	51	145	0
np0992	15	984	54	726	22	9	40	121	0	0	13901	36	4255	12	3467	77	6	17	91	177	21	144	1	429	70	19	30	5438	24	1092	4	8	126	2275	0	3	58	64	123	4019	0	15	0	27	30	12	8	6	7	26	21	142	10	7	53	406	6	22	1	2	12	330	514	6	1665	32	0	17	15	8	470	353	224	1100	1350	0	25	746	157	1131	152	29	8	3904	446	729	4	0	1	999	552	9	131	89	0	53	175	56	20	6	6	41	39	67	143	0
np0993	224	5611	74	1168	640	0	2589	0	31	0	75685	45	9461	0	7457	67	0	0	2	0	0	8	111	2	0	9	1139	12587	0	1028	0	0	0	18422	0	2533	0	407	3588	383	0	0	158	0	21	0	5	0	0	0	4597	3963	1	2	619	2	54	0	0	0	1	0	0	43	6	0	0	69	292	0	2349	0	1816	4340	55	0	0	0	8	442	2083	0	0	377	0	3561	0	0	54	6	941	0	0	0	13	4	5	343	0	0	7	0	222	0	35	0
np0994	0	92	28	162	12	0	1	5	3	0	1915	2	130	3	230	0	0	1	54	0	0	42	118	431	4	1	27	110	0	263	2	0	165	194	49	21	113	0	3	721	0	1	0	0	16	3	0	0	0	0	387	100	33	0	76	94	2	3	43	0	3	0	158	10	47	19	0	5	0	0	22	182	182	222	1781	0	34	2714	10	27	339	0	0	213	0	19	0	0	0	381	352	8	63	0	0	0	302	9	0	1	0	10	22	3	26	3
np0995	7	43	6	1059	0	0	7	6	0	0	2875	12	4	0	111	0	2	0	1	0	7	12	14	18	8	22	38	43	0	135	12	0	877	81	0	2	0	0	1	312	14	16	1	1	5	0	0	9	4	0	10	98	0	0	10	224	0	36	0	1	5	0	17	0	110	46	3	4	4	8	114	1037	1	329	1958	0	0	0	13	650	54	2	0	27	13912	50	5	0	0	1007	446	0	32	3	0	0	20	32	0	0	0	40	5	0	90	0
np0997	36	1510	45	1619	22	198	78	214	0	16	24419	84	254	11	1679	34	12	43	573	298	38	464	0	1163	316	50	46	368	27	664	20	26	190	928	2	0	252	11	17	3416	1	4	6	62	119	56	16	20	9	126	0	306	27	12	201	631	93	84	0	0	22	11	202	22	1647	91	8	55	22	13	1279	1159	184	268	3367	0	121	3299	66	2560	474	9	2	533	8638	1407	8	23	4	2090	1536	23	235	369	0	151	286	184	34	27	4	386	216	50	330	0
np0998	29	2601	43	658	24	22	122	60	3	1	18187	58	84	13	713	26	6	43	222	329	138	156	0	1462	21	27	36	594	19	986	5	40	547	1309	2	0	18	33	25	9722	2	12	5	57	63	23	9	10	7	7	4	280	26	13	81	799	24	32	0	0	12	44	65	20	1505	71	3	23	18	7	898	893	174	1914	5326	0	65	994	31	1860	678	12	0	340	589	299	2	0	0	1949	768	0	236	49	0	169	334	155	20	20	10	166	72	52	201	0
np0999	0	720	66	1464	28	0	49	0	5	0	11209	59	142	11	426	4	3	221	384	0	50	220	0	635	33	27	27	341	0	525	30	38	614	964	0	0	193	7	33	2191	0	1	2	11	9	24	3	3	2	0	0	33	70	8	71	267	175	2	0	0	1	0	9	2	538	127	0	73	11	12	299	82	838	734	5621	0	48	664	36	1498	1	2	1	168	0	302	3	0	0	809	486	14	77	1	0	40	580	558	0	3	1	3	8	17	3721	1
np1000	0	52	51	2328	51	9	4	0	0	0	17956	234	1613	41	1398	5	0	0	688	0	0	286	0	2641	3	78	104	257	0	2540	1	0	0	466	0	249	0	23	9	3636	0	4	0	186	65	56	11	6	1	6	935	393	10	4	562	199	100	18	79	0	17	0	45	12	0	128	3	46	17	4	626	0	1107	97	8	3535	9	0	34	1445	2008	0	0	912	0	0	31	50	0	849	1917	0	82	0	54	13	155	760	0	1	0	2	112	16	270	0
np1001	0	480	15	182	127	0	24	0	23	0	4491	13	5051	6	423	7	0	3	56	0	1790	149	0	999	3	34	0	206	0	1901	5	0	84	387	11	25	30	50	29	543	11	0	2	101	7	14	4	1	2	0	317	85	4	0	256	156	44	0	242	1	0	0	49	0	32	7	0	6	36	20	88	20	417	490	2479	0	5	35	52	482	0	8	0	168	2	85	3	0	0	117	73	0	13	0	0	2	44	1204	0	0	0	2	30	25	513	0
np1002	7	1497	13	2021	14	0	7	30	2	0	15290	272	73	37	1072	30	1	3	26	61	0	134	0	105	29	63	58	465	0	2983	3	11	1903	400	0	2	19	28	7	5986	0	0	0	10	25	4	1	0	13	0	0	85	16	24	710	1286	11	8	1	0	4	2	127	11	447	70	1	54	38	68	430	1025	51	259	350	0	4	186	42	647	29	18	29	671	140	1095	0	0	0	634	715	0	39	25	0	3	198	1094	8	10	3	40	39	4	122	0
np1004	7	664	26	117	6	19	36	16	0	0	3850	10	25	3	416	9	1	12	141	21	0	87	0	188	23	19	12	21	2	350	3	8	47	464	0	0	3	3	7	6033	0	11	0	16	42	9	0	4	2	2	2	160	50	7	52	160	72	16	0	1	16	0	2	8	167	29	0	9	4	4	108	139	38	37	2317	0	0	71	14	891	147	6	3	162	131	394	2	0	5	318	207	0	45	37	0	40	193	75	23	17	6	146	42	21	75	0
np1005	976	1671	260	704	0	0	163	0	17	0	15040	283	9828	37	2583	68	0	0	0	0	0	13	0	6	0	105	0	2522	0	495	0	0	1	3482	2	3	0	0	28	16506	0	0	0	0	31	0	11	25	2	0	10	58	53	0	52	32	122	1	0	3	0	0	87	37	0	1	0	12	2	0	1208	834	18	608	668	4	0	0	87	279	12749	0	3	205	0	494	44	0	327	324	587	0	1	0	2	16	148	26	6	0	0	0	0	0	41	0
np1006	2	40	0	36	0	0	15	0	0	42	1823	0	0	0	133	0	0	0	25	17	35	2	0	147	7	3	3	5	0	40	0	0	51	19	0	0	13	1	2	167	0	1	0	3	51	5	5	2	0	0	141	6	0	0	173	91	0	0	2	0	1	0	4	0	183	6	0	0	1	0	25	9	0	82	3223	0	3	76	3	45	26	0	0	39	91	13	0	0	0	152	57	0	42	16	0	7	4	11	0	5	2	0	11	0	24	0
np1007	20	207	0	46	18	0	6	0	0	13	2398	0	77	0	240	7	0	0	15	66	15	25	0	359	95	0	14	43	2	742	0	14	277	304	0	4	0	0	27	1596	3	2	0	18	10	0	4	2	0	0	13	136	0	2	49	113	9	7	67	0	15	24	9	0	122	110	0	0	8	5	38	4967	20	139	4795	0	3	263	8	5	83	2	0	228	119	85	0	0	0	1015	393	0	63	45	99	10	0	16	0	0	0	0	81	0	175	0
np1008	0	2347	231	1006	169	0	258	127	17	0	2623	39	15947	10	3087	6	7	0	794	0	45	568	515	3594	14	64	115	1862	3	2742	6	0	719	2646	15	212	233	23	72	16108	0	19	0	0	526	118	4	2	0	0	663	716	275	26	1355	560	120	35	317	0	53	0	1339	159	504	226	1	21	2	21	94	732	767	296	27443	0	59	7504	259	155	4709	15	4	4824	0	99	4	49	11	3560	919	69	164	16	0	3	3037	1269	2	4	0	199	733	40	295	14
np1009	29	618	28	499	3	1	15	4	6	35	16840	23	38	2	562	7	0	4	180	177	0	99	28	933	190	21	28	53	9	541	7	40	254	372	0	11	20	5	6	1929	24	2	0	54	20	9	4	2	1	0	623	123	20	3	247	528	7	43	0	0	14	4	34	4	998	90	5	12	17	46	163	4815	65	847	5654	0	3	429	18	348	263	1	0	322	1953	541	0	0	0	1881	929	4	492	236	6	72	57	36	3	11	2	1	99	6	356	1
np1010	0	14095	1	198	112	497	304	110	4	0	12017	0	3467	0	1201	0	0	0	1	0	0	649	4	984	0	305	49	4856	3	396	21	0	1829	1504	0	0	0	12	14	12496	0	6	0	58	24	0	34	174	0	0	0	644	90	6	95	536	79	0	62	0	26	0	13	27	0	49	0	31	1	0	176	253	5	0	11208	0	0	0	183	1987	5360	208	0	435	0	1037	114	129	0	244	588	0	93	11	0	3	2757	189	5	15	0	20	96	39	4	0
np1011	26	2466	206	2016	74	114	139	51	3	2	45599	131	235	30	2164	62	39	28	389	465	81	421	28	1466	144	47	191	392	22	7796	49	271	595	5284	2	0	41	46	64	10023	3	49	14	301	135	62	25	25	13	18	7	971	121	8	253	510	380	448	0	4	37	47	136	93	1908	216	6	78	112	38	1778	5396	680	1756	4976	0	70	1080	66	1191	511	19	0	618	50	3042	12	15	7	2902	2923	7	432	191	0	357	224	315	90	70	30	607	74	89	623	0
np1012	9	9280	0	3	33	0	722	0	0	0	105	0	113	0	2588	0	0	0	428	0	39	12	0	12	0	21	1	100	0	1930	0	0	7	811	0	12	0	3	4	284	0	0	0	18	3032	0	3	16	0	0	1	36	64	0	19	59	5	0	387	0	0	0	29	11	4	4	0	0	0	0	7	5	0	20	13602	0	0	0	16	4	31	0	0	1122	0	0	0	0	33	26	2	0	3	0	111	0	410	144	0	0	0	0	24	4	18	0
np1013	234	11920	16	370	5	0	56	0	0	1716	20911	62	51	0	2137	3	0	0	20	191	3669	215	17	2252	209	42	81	95	0	660	0	40	372	333	0	22	1	612	58	325	19	21	0	24	457	12	2023	3	0	0	46	543	1	27	29	230	15	133	24	9	70	143	333	0	24947	155	81	1	9	81	3249	6	110	2783	18768	0	13	2043	40	23	95	8	0	111	48	423	3	5	0	5045	2019	34	142	193	54	42	11	239	8	1	3	0	122	2	1238	0
np1014	0	5377	675	1329	5	3	111	316	3	0	35820	737	381	6	1578	7	13	7	182	61	12	2027	35	1255	45	38	228	316	5	732	7	13	365	713	1	0	1158	7	45	4770	3	8	8	569	104	9	13	0	5	12	12	71	240	55	266	2154	49	37	0	0	18	1	156	69	481	123	2	113	11	44	1949	94	100	2446	443	0	10	264	79	744	1027	50	0	1145	159	2984	0	4	4	1405	2427	5	352	37	0	67	1385	79	9	69	12	54	130	373	101	0
np1015	0	53	9	409	11	0	89	19	88	0	6661	29	45	6	3469	0	0	2	7514	0	13	828	26	222	0	4	9	75	13	216	0	6	21	283	0	34	88	0	39	5019	0	1	0	100	19	0	3	9	0	0	150	158	17	15	94	297	17	6	0	0	27	0	37	76	762	57	6	17	41	2	231	819	53	50	4940	55	0	0	5	58	475	0	0	1206	0	46	0	0	16	596	15	0	23	142	5	4	166	48	0	15	0	75	26	5	158	0
np1016	573	767	27	2046	16	2358	17	190	5	2	31884	925	119	13	738	24	76	3	8766	65	0	740	2	183	36	61	24	252	9	504	6	10	489	709	0	0	30	25	41	3238	0	14	2	70	71	7	12	33	2	17	17	116	54	30	147	854	18	21	2	9	11	2	175	37	539	229	0	128	13	7	592	3331	145	419	435	0	16	243	110	937	83	0	0	1416	226	1463	6	22	0	875	1317	3	102	57	0	85	929	182	10	174	2	257	27	46	208	0
np1017	10	491	14	415	9	0	10	66	0	0	5613	220	153	0	587	11	0	6	47	71	72	82	0	191	32	61	11	201	8	322	0	63	133	970	0	1	25	3	6	1412	0	6	0	119	15	15	4	30	2	14	5	31	6	0	118	359	16	10	0	1	9	4	213	5	573	42	0	35	7	0	459	219	79	523	2060	0	13	279	40	514	336	0	0	227	1939	257	0	8	0	797	348	2	132	31	0	13	72	22	16	6	5	36	85	12	128	0
np1018	0	479	246	1641	3	0	60	330	17	0	9646	39	771	9	1986	5	8	7	822	0	34	785	358	4073	37	19	82	668	0	1376	42	0	839	1036	1	6	889	14	28	4073	0	9	0	0	150	104	7	0	0	1	21	240	140	17	955	508	20	68	65	0	46	0	418	45	794	175	0	40	5	14	208	2742	229	226	4799	0	323	3288	80	530	2162	3	5	1201	0	166	5	22	0	1838	242	29	432	96	0	2	2484	137	1	4	0	145	84	17	1445	36
np1019	34	1014	24	2550	16	0	39	56	5	0	23691	16	44	0	1415	11	0	5	159	69	14	91	0	212	32	12	20	153	10	241	7	13	77	649	0	2	52	30	14	1576	1	7	3	29	15	13	9	4	10	19	31	127	13	6	39	411	11	46	0	3	4	0	222	5	557	18	1	0	28	10	664	128	203	646	451	0	22	260	24	855	129	0	3	605	270	705	0	5	0	634	535	2	72	51	0	20	99	29	13	13	10	24	29	28	186	0
np1020	63	1259	101	433	23	151	72	114	0	0	11581	29	58	8	807	15	7	23	422	108	19	304	1	1134	60	25	33	109	13	705	8	7	123	2171	0	0	31	14	11	9274	0	6	6	37	63	54	15	10	0	19	1	331	115	7	139	286	204	11	0	0	8	7	20	20	568	110	4	30	29	9	352	801	186	321	6043	0	6	286	15	870	465	7	0	502	328	1828	3	6	3	1306	892	9	149	71	0	82	957	354	38	39	6	172	56	51	126	0
np1021	10	1613	0	61	0	0	6	16	0	9	2844	7	11	0	249	0	0	2	89	45	4	30	27	2106	18	8	21	54	0	364	0	3	217	224	0	0	40	1	3	711	5	0	0	13	37	3	0	0	0	0	285	83	4	2	90	344	0	8	4	0	16	0	10	0	311	72	3	0	3	4	43	280	8	166	21689	0	7	377	7	336	230	0	0	138	20171	67	0	0	1	786	355	3	147	36	0	13	55	26	0	0	0	3	43	2	137	0
np1022	126	1064	71	4197	64	17	25	32	0	41	21012	109	193	46	342	13	10	2	187	924	24	163	192	1686	97	48	22	114	48	1786	9	2307	141	923	1	204	75	18	2341	3658	271	39	5	52	31	22	8	13	46	9	2128	577	7	8	71	540	65	995	0	1	6	146	232	6	1358	143	89	107	73	37	1879	469	329	664	648	0	1758	1722	68	677	230	10	0	499	27	660	2	13	0	9996	2266	5	265	207	2	125	52	45	39	13	14	19	38	25	870	3
np1023	71	7924	30	1429	12	5	104	105	9	163	40672	123	82	13	1548	10	2	5	353	649	421	171	3	2440	577	57	62	168	45	908	9	43	340	486	0	43	74	122	29	1401	26	4	0	52	526	14	179	14	5	0	14	231	8	12	122	863	19	143	0	1	48	54	119	2	8624	111	15	22	19	54	3114	440	137	2796	23153	0	140	2797	73	428	832	5	0	389	308	1234	8	11	0	3964	2307	35	298	433	19	350	150	84	240	34	117	53	223	16	753	0
np1024	226	848	8	413	187	0	36	0	0	0	4337	0	359	10	454	26	0	0	0	0	202	202	0	5	5	54	12	429	1	335	0	0	345	341	0	1	8	0	318	1542	0	0	0	0	96	82	19	34	0	0	5	211	7	8	47	1443	0	0	4	0	16	0	16	0	0	443	1	20	3	0	430	0	241	1	5560	0	0	0	30	1078	44	17	40	471	0	155	10	95	0	1270	305	0	224	0	5	35	11	457	35	0	4	7	104	44	209	0
np1025	26	3173	106	2471	89	22	78	231	6	1	20052	220	277	11	4840	26	14	19	170	340	39	713	7	735	143	31	313	1198	26	1083	10	40	318	2381	0	9	137	41	69	8295	0	17	12	56	48	116	6	9	7	65	6	388	301	20	124	1612	78	62	0	0	19	15	867	57	2794	367	10	51	27	18	1282	607	297	2386	18600	0	60	1197	157	2032	17858	41	6	3148	832	1124	0	14	1	2412	1525	12	221	176	0	99	348	426	39	21	14	78	100	104	203	0
np1026	10717	682	84	3001	1539	14	448	3	0	0	74698	225	3712	18	169	92	10	28	3002	0	75	429	0	480	21	10	137	2032	0	4180	4	229	316	1279	5	22	18	5	25	18852	0	2	0	0	179	24	0	4	48	0	15	1209	213	3	183	611	2717	30	8	0	19	0	1	11	727	52	0	58	18	16	1531	2497	906	1929	6518	2043	8	1743	12	1133	5031	31	394	3105	0	5224	1	7	0	2978	3103	2	61	104	0	7	291	1186	1	18	3	2445	300	29	162	3
np1027	0	362	23	1215	7	0	62	7	0	0	11377	70	18	9	472	0	7	110	1765	0	11	77	18	270	0	0	33	0	21	428	0	7	304	530	0	0	261	11	5	868	0	2	3	40	25	0	0	11	0	0	2	105	54	7	58	993	43	27	5	5	9	0	2	22	216	179	0	63	0	13	996	1658	96	117	6647	250	0	0	4	596	1007	0	4	222	0	152	0	0	2	496	191	0	48	151	0	34	289	95	6	64	2	53	7	27	175	0
np1028	1554	236	144	8198	58	58	217	33	0	0	89998	231	354	35	3530	44	16	283	559	0	21	1525	0	1208	115	33	92	338	0	1770	96	131	465	13801	10	6	14	83	24	5635	0	3	5	0	169	38	16	2	44	2	0	682	272	50	252	1822	1800	49	8	3	75	0	8	55	2334	1064	0	121	43	59	1601	1225	283	3338	2045	1131	152	1597	26	553	3919	11	7	1516	0	1801	4	22	0	6318	3100	0	327	136	1	252	1232	841	20	51	7	786	66	57	710	9
np1029	0	69	34	3287	0	0	594	0	0	0	25510	292	5116	66	4050	9	0	0	2	0	0	1371	0	254	0	31	11	1434	0	3395	8	0	1325	5178	0	133	56	77	29	7278	6	0	1	0	247	0	1	14	3	0	92	268	60	5	960	1816	70	0	47	0	147	0	19	55	0	300	1	87	7	0	698	0	130	19	0	0	0	0	48	7081	10401	31	0	807	0	269	8	16	0	2063	658	0	89	3	137	0	573	1660	0	5	0	197	115	103	56	0
np1030	120	307	19	18022	65	0	51	0	0	0	64722	2422	439	166	2459	27	274	0	385	0	0	459	1314	2611	17	218	104	1034	30	3068	0	725	887	2137	0	111	0	10	697	1113	882	236	2	0	5145	5	356	51	121	0	5942	2778	17	22	92	834	698	482	8	243	16	0	24	14	15	193	2372	149	82	72	9973	437	89	896	1656	649	58	0	149	4	1825	27	4	535	2	8051	7	9	4	50485	13649	0	183	197	37	8	0	50	1	51	0	0	139	28	4614	205
np1031	45	718	74	378	11	116	59	102	3	11	16251	11	44	5	618	14	3	30	248	125	20	257	0	936	99	23	31	70	4	731	13	25	92	2315	1	0	32	16	6	2380	1	10	7	56	77	35	7	5	2	24	0	352	47	5	113	241	122	62	0	0	2	13	9	13	594	96	0	15	21	10	241	2158	109	395	888	0	26	215	10	1018	298	5	0	250	240	1029	3	6	0	1930	799	13	175	150	0	206	164	199	30	40	1	317	48	28	207	1
np1032	46	1883	0	1019	15	0	96	1	0	4817	35112	69	200	8	1404	2	0	0	6	813	1149	457	37	1304	175	26	29	65	5	495	0	334	158	186	0	63	7	86	37	127	19	2	0	13	117	8	254	3	5	0	29	541	0	4	63	194	6	86	36	8	27	25	108	0	5934	91	90	0	11	102	4713	5	42	2218	3824	0	43	1052	33	8	49	3	0	66	0	259	3	3	0	3485	1006	9	217	352	3	38	8	52	12	3	0	0	78	0	2732	5
np1033	11	284	210	1407	15	27	233	40	0	23	11502	66	114	8	713	25	14	9	167	177	70	243	0	325	104	29	14	94	32	906	7	161	136	1405	2	1	11	65	41	9778	1	3	0	42	53	31	12	7	8	31	19	191	34	11	60	97	51	15	0	0	14	87	17	22	1197	107	4	52	16	7	695	174	227	362	575	0	12	326	33	496	244	4	1	237	9	567	3	8	5	954	988	8	134	85	0	142	66	422	77	33	16	50	49	32	310	3
np1034	1737	129	0	285	223	0	77	12	0	0	30197	32	1089	0	114	8	0	0	20	0	13	152	0	452	35	2	30	450	0	924	0	92	306	678	0	3	0	0	0	3315	0	2	0	0	58	0	0	0	0	0	1	278	42	0	29	319	39	31	10	0	56	0	0	7	141	10	0	4	0	4	205	1831	136	975	4544	830	0	1403	0	171	1357	5	169	2457	0	1167	2	0	1	1789	311	1	19	31	0	2	208	116	0	0	0	364	799	18	118	0
np1035	22	895	96	494	13	69	45	124	5	0	11979	39	87	2	564	16	5	36	236	123	26	112	0	432	29	19	13	150	14	618	4	1	189	564	0	0	6	5	18	1718	0	9	0	6	43	20	4	8	3	11	0	118	25	3	41	328	38	7	0	0	6	10	8	9	1086	49	3	27	4	2	462	666	100	561	3255	0	3	221	29	1020	292	5	0	240	123	602	0	5	5	740	650	7	64	27	0	64	151	141	21	16	3	83	48	24	80	0
np1036	3	5365	5	19822	0	0	1093	0	7	0	3269	0	3880	0	5499	0	0	0	0	0	0	4	186	0	0	8	109	0	0	17	0	0	1972	193	0	26	0	16	44	2307	0	0	34	0	465	0	0	0	27	0	1930	587	73	0	592	92	169	0	2648	1	0	0	0	110	0	0	0	0	18	15	0	0	25	2	80	0	0	0	21	39	26	0	6	1017	0	4998	0	22	83	4	0	0	0	0	117	6	31	1296	0	0	0	0	0	0	12	0
np1037	29	622	50	658	14	57	23	62	0	101	20425	20	39	7	735	15	7	20	207	494	10	191	15	1017	497	10	53	42	11	425	5	170	55	1087	0	48	36	6	73	2512	2	8	0	30	39	0	7	4	3	5	175	440	32	5	67	268	61	119	0	0	11	7	10	0	1100	79	11	19	26	8	449	310	75	203	4878	0	416	741	12	1075	329	0	0	352	1655	1244	2	4	0	4889	2321	9	130	371	1	130	84	26	38	44	0	95	72	31	549	28
np1038	0	249	47	801	0	0	16	1	3	0	38684	126	61	2	698	9	4	83	1337	0	3	804	35	224	97	43	30	175	0	439	67	0	62	615	2	66	0	0	33	993	0	9	1	99	23	11	3	9	6	0	0	318	32	8	141	4808	12	114	16	0	23	0	24	21	511	57	0	12	9	31	168	9	135	470	1106	0	34	151	47	6447	7	3	0	658	0	264	0	18	0	2587	839	5	857	13	0	0	298	231	3	48	2	119	19	16	2547	8
np1039	751	989	12	477	90	0	43	40	48	0	52492	60	578	0	3639	35	3	11	68	0	27	509	0	6017	86	17	69	1166	0	2247	15	14	884	1199	14	19	0	9	399	4831	0	61	0	0	393	7	3	0	3	0	269	843	214	19	748	9567	202	7	0	0	124	0	6	118	218	324	0	14	21	32	242	925	305	1190	36373	1705	32	5812	13	248	7764	10	6	2418	0	1969	3	7	0	7423	1252	1	553	130	0	9	1108	139	0	29	0	1453	33	43	120	1
np1040	23	901	40	1394	40	11	41	135	0	3	21705	120	95	9	638	20	8	35	219	220	21	240	0	824	125	30	29	126	28	635	18	41	237	860	0	0	107	13	25	3752	0	20	2	43	49	26	9	6	11	42	5	157	28	11	110	969	35	58	1	0	14	13	637	18	2109	103	6	30	26	18	624	519	330	1649	1815	0	40	895	46	2142	428	0	0	454	731	868	6	11	0	2314	1409	10	229	157	0	104	250	157	32	26	9	110	69	17	243	0
np1041	17	1040	0	780	7	11	17	0	0	0	7918	87	109	0	545	7	0	0	93	0	0	102	0	38	1	11	15	127	2	163	19	0	182	222	0	0	0	5	7	511	0	0	0	0	36	0	0	5	0	0	7	70	18	1	20	940	21	58	0	0	7	0	7	10	138	39	3	2	9	14	100	42	2	255	1611	29	44	0	10	103	958	0	0	167	0	311	0	0	4	620	263	0	95	14	2	2	113	38	1	0	0	292	47	4	41	0
np1042	103	4648	9	844	30	0	51	2	150	999	37261	3	181	9	1233	8	0	0	296	1477	79	217	173	7796	908	37	79	509	3	2872	22	54	882	1169	10	1137	391	3	112	3946	27	16	0	22	457	6	3	5	4	0	135	332	10	5	223	2956	23	218	171	0	61	27	59	0	5207	381	24	0	15	41	374	127	23	1943	32469	0	21	2385	48	357	1627	0	0	798	50937	306	6	12	0	4774	2257	0	724	233	0	53	238	138	4	6	0	8	153	4	2991	1
np1043	3	318	5	288	15	5	8	60	2	3	3720	16	30	0	159	0	1	7	79	74	2	58	0	191	27	0	9	35	8	172	0	0	79	197	0	0	37	0	6	1024	0	9	0	15	14	8	5	0	0	14	3	55	2	0	23	300	10	13	0	0	0	6	164	0	669	16	2	9	7	0	169	143	70	447	567	0	8	289	12	619	103	2	0	107	392	205	0	0	0	547	308	5	45	49	0	31	70	34	8	5	6	23	22	0	78	0
np1044	36	785	50	1006	43	92	31	56	0	4	17301	45	87	8	832	21	6	38	144	276	17	134	0	453	64	32	14	0	15	841	4	21	207	1048	4	0	37	9	29	1788	0	12	0	66	30	9	9	12	5	29	14	136	15	9	53	949	18	28	0	0	18	21	13	12	1913	59	0	40	15	7	620	614	157	1041	1969	0	24	589	36	2031	249	0	6	214	504	354	2	7	0	1345	845	4	166	81	0	140	150	104	38	11	17	146	79	31	190	0
np1045	520	12949	0	143	162	0	11	0	4	0	2466	0	6355	0	363	80	0	0	0	0	1163	229	0	7	4	30	33	821	0	829	0	0	242	2002	0	0	3	5	95	8056	0	0	0	0	64	133	25	24	0	0	25	128	14	16	100	1036	10	0	1	2	22	0	6	1	0	315	0	11	4	0	104	0	113	0	9019	0	0	0	29	4026	240	49	20	969	0	139	0	37	0	1199	159	0	116	0	0	14	97	130	25	1	4	2	93	108	100	0
np1046	0	374	219	1709	6	1	484	486	8	0	10411	34	1131	11	2219	12	12	3	807	0	167	847	339	3186	47	19	44	855	1	1376	25	0	999	1140	0	8	921	109	16	4997	0	4	0	0	106	301	6	2	0	0	8	181	141	14	1132	296	14	40	13	0	37	0	782	41	888	169	0	52	3	16	117	1752	262	193	8786	0	185	3160	91	644	1711	0	4	1144	0	154	0	19	5	1721	233	78	345	39	0	8	1510	297	0	5	0	685	95	20	1002	36
np1047	42	1197	89	498	10	44	80	144	1	3	11881	28	88	8	998	14	7	32	243	268	36	160	0	919	69	18	17	158	14	964	9	10	236	1319	2	1	16	17	42	2825	0	5	1	67	52	13	13	6	8	17	15	221	32	3	72	407	76	3	0	0	9	12	23	9	1067	56	4	28	13	14	538	554	111	603	2719	0	12	394	11	1096	283	3	1	280	175	794	1	0	0	1566	915	4	124	88	0	93	138	118	23	21	6	139	112	37	214	0
np1048	0	9606	438	4475	2	5	782	175	75	0	95500	1866	3050	6	3696	27	0	0	4213	0	0	820	673	3961	188	233	173	2702	0	4201	61	0	2177	2979	67	151	0	49	66	8244	0	0	8	0	5	0	14	52	134	38	1688	3200	16	33	109	3523	2869	334	245	0	74	0	248	0	0	665	0	46	17	73	1062	0	9669	370	28	0	2	0	157	236	0	0	0	1374	0	0	85	0	0	25556	10382	0	819	44	0	23	270	307	0	8	0	51	179	39	5200	0
np1049	32	450	428	2351	26	53	157	21	0	4	13530	114	119	13	506	42	23	25	211	128	35	285	4	443	151	41	21	70	44	686	6	172	179	624	3	0	13	57	54	9484	1	4	2	41	79	63	22	34	5	54	12	344	118	6	61	186	201	10	0	0	11	24	42	39	1066	118	6	145	30	9	1004	325	232	558	539	0	8	287	55	494	595	7	6	294	8	1355	8	18	7	729	871	6	157	98	0	191	88	221	88	64	24	27	48	74	460	3
np1050	117	786	9	100	14	1	4	43	0	0	1558	9	78	3	688	3	3	0	51	87	14	87	0	1262	69	34	28	132	0	846	18	0	650	616	0	3	0	2	46	10221	2	29	0	12	61	13	6	4	0	0	4	214	1184	3	552	172	42	21	12	0	38	174	23	2	482	101	1	9	9	11	86	100	47	830	34169	0	21	1136	38	46	451	32	0	771	45	376	5	0	16	2893	1297	2	31	38	0	48	633	576	0	1	0	0	232	2	563	0
np1051	9	371	22	441	14	2	4	58	0	0	5758	25	35	5	210	7	2	12	83	72	11	76	0	231	38	8	9	38	6	175	3	7	88	247	0	0	47	7	4	1366	0	5	0	17	15	0	9	0	0	20	0	41	3	4	29	336	10	20	0	0	3	6	246	5	797	18	0	8	0	5	186	168	73	484	684	2	19	338	19	847	134	0	0	149	259	289	2	3	0	760	436	1	80	69	0	26	84	38	15	9	0	41	16	11	76	0
np1052	51	50	0	53	417	0	10	0	0	0	312	19	1533	2	115	0	0	2	4	0	0	4	10	5	0	30	2	23	0	64	0	0	19	70	0	45	0	0	29	262	0	0	0	0	9	0	0	6	0	0	66	4	13	3	3	11	5	0	30651	0	4	0	0	10	0	11	0	1	0	0	10	0	10	34	90	3	0	0	41	50	59	0	3507	103	0	3	6	12	0	30	4	0	2	0	0	4	19	50	0	2	0	3	0	15	2	0
np1053	0	394	62	456	8	0	28	42	41	0	3205	8	609	4	859	8	0	1	149	0	3	394	242	1005	4	13	18	552	0	777	6	0	310	626	2	17	495	5	9	2814	0	3	0	0	90	27	2	0	0	0	74	224	34	3	585	238	12	53	131	0	26	0	313	12	388	76	0	10	0	0	46	1028	99	73	4545	0	195	2538	35	120	902	3	1	834	0	32	0	8	2	1289	148	9	167	12	0	0	612	83	0	0	0	41	66	10	373	14
np1054	0	56	186	5302	0	190	4	0	0	0	34113	372	100	85	1076	17	0	0	717	0	0	754	0	1867	58	87	85	177	0	2804	21	0	0	1029	0	68	0	20	16	2789	0	0	0	319	59	113	33	8	8	31	85	164	79	7	105	1941	35	0	35	0	31	0	39	34	0	284	15	191	22	28	1345	0	995	1719	2	16572	4	0	48	1013	1524	0	0	858	0	0	61	29	0	4289	1042	0	253	0	18	124	717	442	0	39	0	11	65	26	661	0
np1055	0	1289	94	1405	7	0	39	0	0	0	29012	219	1506	5	6402	52	7	148	786	0	0	1343	211	1601	33	149	100	163	0	1256	0	0	259	2209	1538	33	147	33	15	2095	0	24	3	279	362	139	33	31	0	0	3	961	10	24	1341	637	59	48	105	2452	88	0	225	22	568	468	0	93	27	16	384	19	1148	2379	31613	0	12	3425	227	402	316	11	12	13537	0	1178	10	38	4	4663	3223	6	601	3	0	0	174	647	0	22	0	56	62	58	1642	0
np1056	30	1960	92	2287	77	25	91	248	0	9	28497	101	266	19	1633	24	17	71	505	477	82	463	8	1788	248	79	83	238	44	1678	29	57	439	1565	0	0	211	24	43	8139	0	48	8	112	62	44	32	17	18	92	11	329	30	33	249	2112	87	123	0	0	29	21	1390	23	4147	171	9	67	52	18	1223	911	423	3463	16153	0	90	1512	97	4536	870	0	0	942	1353	1702	5	22	0	5154	2722	23	429	335	0	210	441	250	83	42	25	193	158	52	511	0
np1057	0	642	29	92	159	0	75	31	88	0	1645	10	7909	6	1092	6	0	0	85	0	13	218	376	692	9	19	67	638	0	1137	7	0	88	1103	56	172	93	4	17	6017	0	9	0	0	119	65	2	0	0	0	120	476	44	6	599	84	12	25	228	0	4	0	626	48	297	112	0	3	0	9	34	1108	295	924	7622	0	66	2334	75	23	599	0	2	1123	0	28	0	10	0	869	357	10	38	5	0	0	670	557	0	0	0	102	171	9	136	2
np1058	0	2731	0	332	0	0	879	0	0	0	18057	0	4481	6	1202	111	0	0	0	0	0	8	60	0	0	58	0	263	6	628	0	0	106	1167	0	4047	0	165	3025	1395	0	0	2	0	181	1	2	61	0	0	2256	917	862	8	445	157	107	0	5	0	20	0	0	33	1219	0	0	3	0	0	113	3	293	0	36	0	0	0	105	16	0	0	2	2055	0	371	0	1	1854	30	95	0	2	0	2	0	414	904	0	0	3	0	10	64	61	0
np1059	0	137	2	929	0	0	638	0	4	0	2191	0	306	5	1054	49	16	0	2	0	0	0	143	0	0	5	0	0	0	0	0	0	0	109	0	19	0	175	118	2040	0	0	0	0	16	0	0	20	0	0	622	165	6	3	0	172	2054	0	0	0	0	0	0	196	0	0	0	0	66	0	0	0	294	0	20224	1	0	0	10	265	0	0	13	0	0	1643	0	0	0	1	0	0	0	0	2	0	2505	204	0	0	2	0	0	0	0	0
np1060	228	2533	58	2920	81	21	182	17	0	0	44989	203	592	35	1577	50	3	381	45	0	62	180	0	4025	0	63	67	404	7	1386	0	1	353	2105	0	2	0	15	1141	6554	2	0	8	201	111	55	6	24	5	0	4	636	98	12	260	2186	362	0	3	0	34	0	5	40	1598	350	9	83	42	154	2701	2592	546	856	6239	0	3	0	128	1527	1948	3	12	1095	0	2218	16	6	0	690	1016	0	76	3	0	40	1106	265	247	51	17	304	90	27	611	0
np1061	41	382	25	433	23	0	17	54	0	27	13721	12	43	9	428	8	5	4	105	234	39	107	0	507	74	13	19	334	9	504	5	18	299	613	0	1	23	17	15	1897	2	22	0	55	41	3	9	0	10	17	6	128	4	9	90	505	5	90	2	0	0	29	35	5	1475	65	5	11	5	2	590	164	120	1304	5726	0	34	434	20	1643	126	12	0	289	338	766	0	0	0	1754	699	3	216	93	0	78	39	43	26	6	3	4	31	6	220	0
np1063	27	952	179	2120	13	167	117	158	0	10	39756	123	165	9	1365	37	8	65	333	140	33	334	0	881	219	29	39	131	29	1364	12	13	231	1950	6	0	95	39	31	3236	0	12	6	67	121	51	32	10	3	114	6	254	82	10	161	535	60	16	0	1	14	8	31	28	2389	144	7	81	22	15	1282	1178	226	638	7134	0	44	987	20	1554	572	7	0	438	614	1791	2	12	3	2345	1948	20	209	185	0	292	586	215	54	89	6	158	97	80	240	1
np1065	6	372	136	1603	31	72	98	63	0	3	13211	72	136	9	403	29	14	10	132	149	34	123	0	252	38	29	14	170	20	475	5	79	265	613	3	1	15	24	41	10104	0	0	3	14	66	53	8	5	1	21	25	307	132	9	85	72	131	18	0	1	4	16	59	12	1066	82	4	79	24	3	693	1079	406	200	2491	0	14	732	45	290	283	7	0	244	24	1051	3	5	9	401	505	2	68	40	0	73	217	125	40	35	15	45	29	83	232	0
np1066	21	1891	34	294	21	0	30	7	9	0	4177	20	51	7	1035	12	6	7	314	67	16	106	0	1248	6	24	6	101	5	417	4	6	129	477	3	0	0	11	38	1345	0	1	0	5	73	16	2	0	0	0	15	152	12	4	77	326	12	0	0	0	21	3	6	4	398	121	0	19	0	0	201	487	81	227	12418	0	0	184	16	626	1058	0	0	375	3205	408	0	6	1	264	212	0	31	18	0	13	31	42	14	5	2	21	99	11	36	0
np1067	288	2249	16	1749	74	3	225	8	0	0	19367	75	399	5	930	74	0	4	10	0	409	192	0	518	42	26	65	762	2	1401	0	3	400	1105	0	2	0	99	6	4479	3	23	2	193	110	103	1	10	1	0	0	808	72	8	100	560	319	128	207	19	22	0	23	245	2353	474	13	20	31	34	941	2273	488	507	11979	0	13	4	45	10	688	21	0	289	0	3086	3	0	0	3805	1701	0	164	49	485	192	198	489	852	244	1	32	36	13	411	0
np1068	34	2319	1	636	16	0	11	0	2	0	13959	20	132	5	471	2	0	4	13	0	12	112	0	478	0	8	33	162	1	473	6	0	381	247	0	112	0	1	7	2012	10	0	0	30	57	5	0	2	0	0	352	289	10	6	255	244	23	7	14	30	17	0	26	36	2824	63	0	8	10	23	288	3929	88	451	7012	0	13	15	25	220	632	2	0	229	0	277	0	0	1	1248	453	0	204	17	40	2	67	87	0	3	0	95	31	3	50	0
np1069	0	1418	5	41	179	0	103	13	4	0	320	0	6809	2	928	9	0	0	45	0	11	103	153	3324	12	9	56	395	0	675	0	0	203	970	8	174	39	3	15	6085	0	5	0	0	188	40	2	0	0	0	308	370	170	6	597	92	59	13	299	0	26	0	576	17	48	17	0	0	0	8	5	71	163	17	10914	0	4	1658	67	29	1087	4	0	1021	0	5	0	16	0	342	289	0	15	6	0	1	447	424	0	0	0	39	387	4	41	0
np1070	480	6002	687	8264	346	65	286	109	9	936	140737	397	993	158	6729	125	122	15	931	4707	215	887	4177	4752	474	187	952	951	103	7414	64	3743	1844	6097	2	23	76	99	361	21562	458	185	41	969	302	95	42	51	144	23	2118	11231	171	35	882	1411	1390	7173	0	5	191	93	582	344	6331	888	177	312	397	195	5854	20729	2269	6384	24319	0	1907	6218	240	338	1446	98	7	2079	176	8964	37	70	9	30528	14762	15	1566	1194	0	1843	257	667	89	132	24	26	263	191	8049	75
np1071	16	884	304	1049	75	29	35	107	0	4	13010	63	236	12	704	14	7	44	192	276	18	162	0	629	59	35	18	549	23	817	5	136	427	947	0	0	11	13	47	3207	0	11	1	65	27	18	9	16	4	12	3	100	14	5	75	648	11	23	0	5	13	112	45	17	2656	88	1	25	23	11	790	782	276	2160	3458	0	13	593	50	1903	255	8	4	327	176	199	6	17	6	1566	708	0	246	34	0	133	231	138	38	8	12	119	57	31	178	0
np1072	0	593	70	6854	86	0	217	0	0	0	44259	1271	168	17	1378	136	0	0	0	0	0	87	0	18	4	141	57	435	167	1016	0	248	2807	1534	0	249	0	0	683	1617	0	0	7	0	1210	7	16	44	17	0	622	1662	52	4	28	693	404	268	224	6	30	0	0	6	0	321	0	44	83	8	2738	1962	114	2338	9149	0	141	0	83	252	389	2	7	1077	0	2757	9	22	3	5795	3882	0	134	11	9	0	49	85	0	5	2	5	268	8	229	0
np1073	23	1261	15	1300	10	7	40	54	47	179	22496	48	71	5	770	0	0	12	374	510	17	89	53	5331	221	24	31	122	5	767	38	47	170	498	10	229	285	8	57	1700	6	3	2	25	95	4	6	5	2	0	28	86	8	2	268	805	6	94	12	0	26	11	28	7	3206	88	6	15	10	11	597	694	54	875	6809	0	124	1238	23	284	988	0	0	400	2221	521	1	5	0	1893	646	4	276	297	0	99	219	37	24	18	0	55	68	8	496	0
np1074	50	148	0	1893	20	0	440	0	0	0	11820	0	23	52	853	0	72	0	0	0	0	0	4	0	0	12	0	14	0	0	0	0	0	19	0	0	0	22	5	1935	0	0	29	0	14	0	0	0	0	0	422	890	0	21	0	262	1319	0	2	0	35	0	0	18	0	0	0	0	126	0	0	0	570	0	18189	0	0	0	24	1946	6	0	33	2	0	351	0	0	0	3	0	0	0	0	0	0	438	332	0	0	59	0	0	0	0	0
np1075	23	796	52	877	44	128	35	57	0	3	19319	59	79	11	723	22	10	27	103	215	12	124	0	334	72	27	21	125	18	680	2	26	177	1119	0	0	21	7	40	1474	2	7	0	78	36	8	4	11	10	28	0	135	8	9	63	1145	16	20	0	0	16	24	35	13	1797	48	0	21	20	13	731	550	158	1190	1688	0	33	560	37	1822	269	4	0	301	237	309	3	5	1	1706	699	6	162	59	0	125	79	93	34	15	11	89	52	25	161	0
np1076	300	440	0	2558	351	3	216	107	228	0	39391	64	634	20	2281	71	0	0	4	0	212	449	0	791	9	43	100	255	2	1789	0	56	345	1123	2	1150	0	0	17	1026	30	0	0	140	104	7	6	11	2	0	0	1253	341	0	266	1251	80	299	2563	53	119	0	60	565	4003	1468	76	20	69	4	1185	2259	656	482	10836	0	9	0	80	4	2583	49	8	211	17	1334	9	2	33	3448	1296	0	421	24	35	671	79	1010	3960	144	0	767	98	4	565	0
np1077	0	478	5	51	65	0	97	3	27	0	1546	5	4423	0	288	15	0	0	6	0	8	87	196	61	0	8	54	268	0	650	0	0	12	650	91	373	23	3	2	1468	0	0	0	0	14	12	0	0	0	0	106	301	26	2	150	24	16	38	335	0	0	0	228	19	96	7	16	0	4	2	13	334	144	212	4283	0	3	555	43	0	266	10	0	534	0	36	1	2	0	231	220	1	17	0	0	2	401	316	0	0	0	126	57	3	104	15
np1078	22	204	156	1435	8	23	92	32	0	38	9710	54	99	9	455	1	10	10	146	298	42	219	0	377	101	20	16	84	21	472	3	121	100	675	0	1	12	29	33	4258	4	4	0	39	63	29	8	4	7	26	19	150	23	5	55	67	39	28	0	0	6	35	11	10	1256	87	0	45	20	7	545	148	192	237	457	1	32	428	16	284	170	8	1	177	5	645	5	6	0	1232	1027	6	108	96	0	143	59	241	60	42	8	97	43	46	512	3
np1079	24	847	42	1308	66	63	10	97	4	61	17216	61	101	11	603	20	5	16	183	548	10	193	18	421	144	29	36	304	9	1047	8	73	160	1066	0	1	144	6	106	1950	12	6	10	114	30	20	5	8	11	14	45	212	5	5	51	1133	15	25	0	0	9	32	235	5	2693	96	8	15	23	19	1133	485	306	1696	2316	0	60	1585	32	1511	180	12	0	279	1100	999	4	7	0	3801	653	2	408	224	1	158	65	84	51	31	21	60	80	26	381	0
np1080	13	1430	5	23	0	0	4	3	1	2	1422	0	14	0	185	0	0	1	28	26	0	29	28	1086	21	3	12	65	0	413	0	0	276	160	0	0	5	0	0	479	10	3	0	3	45	2	1	0	2	0	212	84	1	0	47	222	23	17	50	7	17	11	13	0	249	95	0	0	0	0	24	240	4	172	19275	0	5	236	10	37	116	2	0	193	25438	47	0	3	0	619	282	0	57	14	4	12	30	14	0	0	0	4	28	2	160	0
np1082	0	145	22	1707	8	13	23	19	0	0	14306	110	27	5	268	6	0	0	345	0	2	49	0	55	9	7	0	116	5	606	0	10	219	285	1	29	0	2	0	8851	0	0	0	0	8	0	0	0	3	2	0	86	15	2	34	312	80	1	51	0	0	0	0	6	273	23	0	34	5	4	271	697	115	103	10	8	0	180	16	582	577	0	0	192	0	520	1	0	15	476	486	0	22	10	1	4	111	29	0	0	0	30	6	17	67	0
np1083	107	2565	238	3261	56	305	86	510	0	39	42339	112	305	27	1207	38	32	124	955	632	73	679	0	2888	415	51	70	447	98	1532	60	97	461	1774	4	3	481	36	81	5562	0	22	9	116	81	87	21	9	22	339	179	490	73	10	145	1861	129	72	0	4	37	19	232	42	5240	162	10	121	63	25	1873	1839	372	1490	7136	0	426	4155	49	7152	817	14	0	618	12112	3614	9	25	2	4739	3364	39	506	541	0	413	524	217	141	127	9	714	123	56	598	0
np1084	15	665	141	3484	107	0	143	4	4	0	8272	123	243	3	2456	24	5	0	14	0	107	45	0	36	3	180	146	458	4	750	8	0	2209	1710	0	29	0	9	10	3646	0	28	0	9	67	22	2	81	0	0	0	332	6	15	77	763	73	0	1	4	10	0	60	10	94	201	1	41	12	18	772	919	64	1030	18832	0	0	0	89	522	976	11	7	192	24169	458	53	38	1	335	453	3	65	1	12	4	77	746	0	10	10	172	96	27	57	0
np1085	37	411	5	80	0	0	0	6	0	14	2583	2	21	3	139	7	0	0	39	86	2	29	0	402	67	9	25	34	2	109	17	8	471	122	0	3	5	0	23	6206	4	5	0	3	36	3	0	0	1	0	3	99	48	5	67	177	15	43	32	3	4	3	8	0	451	79	3	2	3	5	76	19	53	320	13350	0	12	611	11	50	123	0	0	397	13	721	1	4	14	1875	696	0	30	68	0	51	1110	110	0	1	0	0	63	3	157	0
np1086	5526	9128	661	899	7	0	213	0	11	0	31994	35	3118	0	2569	6	0	0	562	0	0	68	291	1	0	228	5	2761	0	850	0	0	0	3214	0	25	0	6	20	3588	0	0	5	0	13	88	3	17	17	0	1758	279	21	4	63	302	9	0	72	390	30	0	336	50	0	121	42	54	23	2	1111	0	1088	2118	26	1	0	0	63	253	9	0	42	726	0	1043	1	87	20	398	262	2	110	0	1	29	68	538	4	144	0	1	121	99	77	0
np1087	2	13296	5	50282	0	1	539	0	0	0	12649	0	2013	0	12107	0	0	0	0	0	0	0	5	0	0	16	1531	0	0	1953	0	0	18844	1397	0	0	0	74	11	8094	0	0	489	0	1944	0	0	2	254	0	122	474	920	0	1381	729	1407	5	63	0	7	0	0	193	0	1	0	0	240	771	0	0	46	0	35	0	0	0	59	6635	102	0	21	1792	0	6745	0	31	271	0	0	0	0	0	2	20	2282	888	0	0	0	0	0	0	125	0
np1088	37	2601	87	1600	32	462	60	58	14	3	31797	83	142	23	1599	37	7	75	1416	133	60	403	0	2517	140	35	28	314	16	1349	22	29	483	1267	1	0	114	13	18	3004	4	16	0	67	104	25	20	11	0	12	220	163	65	15	128	1246	57	26	0	3	16	10	19	31	2827	177	7	49	15	6	1080	1218	171	662	12712	0	11	584	38	2679	2630	4	3	785	6162	1139	4	12	7	1311	925	5	159	273	0	76	652	315	34	44	8	80	135	94	183	0
np1089	13	148	5	121	0	4	4	0	0	8	2920	0	6	0	182	0	0	0	135	51	0	7	0	692	19	11	14	4	0	80	0	5	29	112	1	5	9	0	18	4874	0	0	0	0	54	0	0	0	0	0	0	29	155	0	38	65	11	13	0	0	8	1	2	4	236	43	0	0	0	0	42	83	17	119	6039	0	1	209	0	60	112	0	0	164	85	196	0	0	6	365	337	0	4	22	0	16	1592	21	0	0	0	0	40	3	106	0
np1090	0	8496	2	447	0	0	4	0	1	0	52738	40	1168	0	21068	234	0	0	0	0	0	7	0	6	0	7	8	0	0	68	0	0	31	741	0	26	0	0	5	143	0	0	0	0	308	0	0	2	0	0	45	1086	31	0	1	836	6	0	18	5	0	0	0	20	0	28	0	19	97	0	785	0	44	1	0	0	0	0	4	135	110	0	26	106	0	2	0	0	0	28	4	8	5	0	40	18	454	4973	0	13	0	2	0	0	2	0
np1091	14	800	34	622	34	5	33	36	0	2	14345	32	120	4	617	3	3	10	146	154	14	90	0	356	46	23	21	319	8	803	6	39	212	1054	0	0	11	7	34	2661	1	20	0	46	25	18	7	4	7	17	4	157	5	6	77	490	29	75	0	0	14	25	57	4	1293	44	0	23	14	3	570	371	131	996	3517	0	20	320	24	974	224	2	1	319	192	675	4	11	0	1041	480	3	186	49	0	70	163	72	17	9	9	74	54	27	176	0
np1092	32	1484	80	2104	49	15	45	223	3	8	30296	175	1468	23	1891	34	13	50	307	395	36	516	0	1059	176	56	61	469	35	1673	19	55	339	2073	0	3	147	36	24	8837	0	23	6	44	67	25	23	20	23	55	3	259	54	20	234	1951	75	85	2	0	19	16	1174	51	3388	281	5	43	42	23	948	798	573	2223	3045	0	46	1389	100	2768	499	26	0	4113	979	1155	10	13	3	3142	1908	17	360	203	0	128	317	208	52	39	6	151	91	30	359	0
np1093	571	657	2	252	726	0	102	4	0	0	4092	4	671	7	1101	39	0	0	0	0	440	97	0	97	0	43	77	303	0	1415	0	2	1328	920	0	16	0	0	415	2517	2	71	0	72	105	12	7	5	0	0	5	1755	448	8	107	87	244	0	2639	4	29	0	22	504	526	228	8	0	7	0	222	98	131	390	20809	0	1	0	54	0	2291	55	6	629	0	2226	6	0	60	515	973	0	2	0	126	285	952	1131	37	10	0	55	30	0	10	0
np1094	21	160	318	3033	54	11	90	27	1	5	15535	132	147	18	628	28	25	5	69	269	33	198	1	232	114	74	20	81	31	381	14	213	158	750	6	1	6	28	84	6173	2	0	0	43	66	45	18	30	13	60	12	258	58	3	58	106	70	15	0	3	15	21	23	23	2037	123	5	114	31	4	1580	374	371	740	378	0	13	563	79	407	235	0	0	221	7	992	13	22	1	689	761	3	171	160	0	213	87	217	83	61	3	29	30	47	373	0
np1095	0	23	491	9969	0	0	224	0	5	0	6637	65	311	26	2962	63	28	0	0	0	0	2	40	0	0	0	0	201	0	409	0	0	1058	237	0	99	0	0	107	1820	0	0	192	0	199	0	0	0	20	0	1920	265	0	0	0	682	57	0	2	0	0	0	22	0	0	0	7	20	291	8	1148	0	660	0	7	0	0	0	0	27	0	0	19	127	0	1	0	0	0	1	0	0	0	0	0	0	2	767	0	5	0	0	0	0	13	0
np1096	0	422	14	237	16	0	1214	3	0	0	3782	27	162	0	3358	2	0	8	19939	0	188	617	33	83	0	26	7	219	8	773	0	5	37	1020	0	16	42	41	7	2835	0	0	2	319	91	0	1	26	0	0	11	178	88	35	318	254	53	5	7	7	45	0	53	297	108	218	3	36	8	0	148	1236	118	33	3820	311	0	0	16	115	804	0	5	1780	0	87	0	0	490	311	78	0	63	32	124	9	154	276	0	36	0	109	21	42	111	0
np1097	18	898	634	6721	26	43	110	71	0	7	17042	399	248	27	544	50	48	92	204	303	37	302	7	916	486	100	22	46	89	418	2	903	284	569	10	0	32	58	190	8856	0	0	0	14	117	47	25	46	11	289	30	190	148	2	44	406	88	19	0	2	6	9	145	69	2111	250	1	316	48	34	2408	405	320	375	682	0	29	1652	141	256	679	7	18	486	34	1249	6	39	9	1500	1506	16	312	271	0	248	95	93	144	148	43	20	30	73	457	0
np1098	83	119	15	581	42	0	14	6	4	0	1853	15	27	4	360	6	1	0	1	0	23	22	0	18	0	33	151	107	0	280	2	0	1300	194	0	3	0	0	4	953	2	16	1	10	9	3	0	7	1	0	24	245	1	1	12	309	45	0	0	0	3	0	30	0	84	55	4	5	6	0	100	685	15	597	10241	0	0	0	19	113	297	3	0	113	25000	180	5	3	0	772	599	0	46	1	0	1	50	38	0	0	0	92	30	6	39	0
np1099	7	2052	80	1119	173	120	96	544	0	0	17536	97	196	12	848	30	14	71	732	768	39	239	0	1912	101	17	53	1141	31	2384	12	88	557	1841	1	0	52	29	57	8179	5	81	4	186	69	54	7	6	11	19	107	273	69	6	123	905	129	22	0	32	16	0	97	35	2452	140	5	61	44	16	1234	1511	436	2280	10548	0	105	2239	47	1703	467	30	0	416	3983	1208	3	0	6	2567	1456	11	236	130	0	143	1083	216	53	41	13	249	110	57	318	0
np1100	21	1787	129	860	90	58	68	106	0	0	16416	60	170	12	1149	33	0	31	248	284	25	121	0	705	37	45	35	224	21	1073	5	29	335	1474	2	3	13	31	44	2724	0	11	0	55	122	18	6	17	1	10	21	203	53	14	98	749	37	10	0	0	21	53	20	6	1350	105	4	61	19	12	810	879	259	1293	4660	0	11	658	78	1543	455	9	7	493	349	495	10	9	3	1237	1102	1	157	44	0	137	307	325	31	14	15	130	108	55	179	0
np1101	0	560	26	494	0	0	9	0	0	0	12926	56	209	0	1179	0	0	28	706	0	0	450	9	696	43	23	19	32	0	283	0	0	56	181	54	1	83	7	10	461	0	8	0	41	24	20	2	0	0	0	0	96	3	6	176	279	28	19	0	230	14	0	24	0	249	73	3	18	6	21	156	0	78	626	569	0	27	388	29	365	53	0	3	998	0	335	2	12	0	1132	574	12	202	7	0	0	109	166	0	13	0	38	9	11	560	0
np1102	6	277	14	252	13	4	0	39	1	0	3339	0	26	0	146	3	3	10	140	64	6	48	0	186	35	8	10	25	4	207	3	6	59	188	0	0	13	0	9	992	1	5	0	12	7	8	8	0	0	0	1	41	4	2	25	307	13	19	0	0	0	0	188	3	490	21	0	9	7	7	111	135	55	525	988	0	5	228	0	605	96	1	0	96	1325	171	0	0	0	606	332	4	51	47	0	21	67	15	17	4	2	26	29	7	61	0
np1103	0	304	162	3527	0	0	78	0	0	0	13147	453	233	0	1451	7	8	168	3337	0	0	1006	0	1692	60	106	14	282	0	630	18	0	668	1082	0	2	43	53	10	2110	0	3	0	95	39	216	0	20	0	0	0	85	26	25	163	330	17	0	0	0	21	0	43	19	160	196	0	198	3	4	378	3	174	1062	1206	0	4	272	148	760	71	5	13	656	0	546	13	42	0	596	420	5	158	7	0	17	441	2669	0	19	4	21	48	69	669	1
np1104	104	1637	66	1246	101	10	47	164	2	9	32868	47	151	17	1227	60	6	47	472	539	101	343	0	1559	153	49	64	1087	26	1361	12	67	537	1961	1	4	45	28	39	8413	3	97	7	123	102	16	60	9	21	57	15	351	14	75	260	1637	71	132	6	0	22	36	121	12	3636	119	0	34	36	12	1547	796	354	2724	11596	0	83	948	31	5708	464	26	0	974	878	2503	6	6	0	3498	1560	6	546	228	0	147	184	191	74	44	11	133	90	25	442	0
np1105	80	5085	158	4315	32	414	284	104	65	11	85362	167	360	50	3152	37	16	91	1309	546	143	574	0	3217	220	128	71	465	64	2582	60	102	532	3029	2	74	120	46	55	5418	0	12	4	133	320	73	28	30	12	9	1	506	101	35	367	2091	101	70	1	5	47	53	23	25	8612	303	10	104	41	37	3156	3497	301	2724	17634	0	60	1231	156	2274	2929	15	5	1230	822	2335	8	29	5	3360	3082	6	239	393	2	141	741	427	39	95	5	175	250	87	463	0
np1106	113	1831	117	2412	80	248	89	343	2	56	43018	154	232	35	1604	63	22	48	312	962	16	312	10	1714	238	79	54	462	51	1334	19	115	634	2161	2	23	95	35	164	4253	15	35	2	131	93	41	12	14	16	67	47	253	22	15	141	2492	67	185	0	8	33	87	122	28	5647	164	21	81	45	31	1656	1504	406	4480	8404	0	271	2550	105	4937	775	11	5	673	896	1301	13	19	0	6183	2818	20	481	335	0	388	175	272	69	56	18	157	196	80	912	0
np1107	36	553	4	61	207	0	4685	7	0	0	1550	15	5408	1	14394	1	0	1	8453	0	23	523	130	46	0	69	5	1229	0	2311	0	0	118	1226	0	121	3	17	3	1394	0	0	2	53	2289	0	1	79	0	0	15	131	295	14	49	204	26	0	532	56	17	0	74	227	264	27	0	2	28	2	91	200	22	50	43505	12	0	7	30	83	281	5	0	817	0	18	1	5	127	192	4	0	11	6	182	10	1601	108	0	0	0	34	258	7	137	0
np1108	0	1072	19	808	3	0	46	23	5	0	10895	44	21	6	1463	4	3	14	3101	0	26	192	6	1636	29	0	23	32	13	678	0	14	553	824	0	0	94	3	17	2373	0	7	0	11	120	0	5	15	0	0	2	291	22	12	524	906	43	7	0	0	33	0	3	4	303	265	4	25	5	8	701	3901	184	152	35120	1036	0	0	4	453	4116	0	0	186	0	442	0	0	0	1240	620	0	72	408	0	41	110	188	0	66	0	83	32	16	291	0
np1109	22	1053	77	782	35	2	29	66	0	3	13901	44	98	7	596	17	7	37	249	200	26	146	0	480	52	26	28	536	10	1125	13	33	230	1198	0	0	16	6	44	3678	3	18	3	55	22	19	5	5	3	15	12	193	7	9	47	539	23	44	2	1	11	45	175	17	1621	83	1	31	19	9	484	511	219	1309	3471	0	36	580	34	1604	310	8	0	319	344	772	4	6	0	1950	826	1	263	71	0	109	228	74	32	10	15	131	47	21	176	0
np1110	40	1292	134	1321	77	16	46	10	0	1	25044	104	158	22	1087	39	19	4	231	450	44	170	0	567	51	29	70	221	4	1570	9	265	282	1910	1	0	23	25	49	4647	8	16	5	471	38	19	5	9	10	14	2	471	24	6	94	345	132	304	0	0	15	55	125	19	1431	125	10	49	69	10	1114	2241	562	1484	1525	0	56	1131	25	580	179	11	0	256	11	2172	7	5	3	2605	1362	1	281	94	0	134	93	119	45	19	14	345	27	40	508	0
np1111	20	556	83	724	28	12	29	21	0	0	12853	42	61	8	635	15	9	2	98	132	18	93	0	181	25	25	26	140	14	995	2	38	118	1114	1	0	8	14	15	1955	1	15	3	206	23	15	6	8	3	4	2	169	16	1	46	162	66	84	0	0	2	20	66	8	657	59	2	34	20	6	547	1036	197	609	622	0	9	276	14	307	146	9	4	141	15	600	3	6	2	1208	697	1	108	44	0	71	51	82	12	16	8	116	29	17	189	0
np1112	0	750	22	73	100	0	52	21	7	0	304	2	5044	2	558	4	0	0	74	0	20	82	261	1027	6	20	46	342	0	451	1	0	228	831	4	110	50	0	20	3647	0	3	0	0	112	28	0	0	0	0	210	236	72	8	246	65	14	4	200	0	14	0	312	33	22	48	0	0	0	7	2	129	305	84	8671	0	13	1463	54	1	910	10	0	986	0	14	1	6	1	714	221	38	13	5	0	0	373	419	0	0	0	76	285	6	36	1
np1113	27	916	162	153	0	2	9	43	0	27	4560	9	24	4	416	4	0	0	142	48	2	81	0	1446	210	6	38	20	0	383	5	2	246	390	0	0	0	4	0	10830	8	3	3	12	29	11	4	1	0	3	1	242	159	10	185	187	32	8	21	54	23	0	9	0	274	283	9	4	35	7	115	34	28	330	9844	161	7	1817	16	2	94	0	0	2249	16	1315	2	4	35	2980	740	0	68	54	13	22	2458	257	1	24	3	2	214	0	371	0
np1114	32	1058	105	552	14	141	50	100	1	3	14466	22	67	2	782	23	7	42	347	103	36	218	0	769	84	8	34	79	5	955	13	17	85	1804	1	0	21	22	10	2541	0	3	7	15	72	44	11	10	2	20	0	234	58	10	101	266	153	11	0	0	13	7	12	10	703	77	3	28	19	2	378	838	162	405	1194	0	15	221	18	1182	437	5	0	255	205	1425	1	0	4	1672	875	15	120	105	0	156	149	390	30	41	0	312	62	57	160	0
np1115	178	7608	41	389	119	0	352	22	96	9	8736	67	338	5	6138	12	3	5	63	250	10532	236	469	13673	45	61	156	1144	0	2683	0	15	3664	1569	0	698	6	548	4510	6915	11	34	5	34	7408	52	4767	39	4	0	1302	1026	23	9	40	3823	189	126	51	15	421	812	316	7	5928	478	0	14	16	2	563	74	82	1034	53674	0	24	5016	62	112	355	46	5	578	1191	3394	4	18	3	5780	4223	24	295	39	0	28	25	485	0	9	8	1	2015	21	5945	0
np1116	0	617	51	373	2	0	15	0	0	0	6899	79	63	3	477	0	0	35	2232	0	0	180	7	571	4	13	7	371	0	394	11	0	101	529	42	0	27	4	20	1214	0	8	0	46	27	42	0	6	0	0	0	180	8	10	137	799	26	0	0	0	0	0	60	18	133	28	0	40	5	1	103	1	82	214	2506	0	0	412	33	1181	19	3	0	445	0	187	5	23	1	467	484	0	105	0	0	0	144	259	0	7	0	216	15	15	1766	0
np1117	13	814	26	524	18	0	14	10	0	0	11610	43	51	5	347	11	0	16	105	103	11	64	0	231	11	11	19	142	12	627	9	25	125	651	2	0	12	0	24	930	0	13	0	29	26	9	0	5	6	14	1	100	7	2	45	519	25	23	0	0	8	8	123	9	969	49	0	15	14	4	488	365	111	812	974	0	23	582	23	1399	215	9	0	184	563	395	5	2	0	1076	505	0	110	64	0	80	95	37	24	19	4	165	55	14	116	0
np1118	76	1109	82	557	17	53	74	101	5	46	15232	14	34	4	638	10	9	13	287	370	18	278	67	1411	319	16	50	52	5	1073	6	90	42	1739	0	31	31	24	13	2315	18	7	6	35	45	43	7	6	11	8	8	764	64	7	73	248	185	153	0	0	6	19	20	5	995	68	24	49	32	24	399	519	161	333	2767	0	122	720	11	715	275	1	0	222	211	1181	0	6	2	3540	1786	7	158	415	0	205	60	75	56	43	56	45	39	42	454	80
np1119	0	1051	240	1276	69	0	28	112	29	0	6054	47	1740	17	2280	12	6	0	366	0	31	461	231	3840	25	26	91	1202	2	1704	8	1	509	1618	2	58	235	18	36	6505	0	0	0	0	299	79	0	0	0	0	111	445	152	11	1000	646	26	23	491	0	40	0	718	75	380	161	0	61	5	19	192	796	444	404	9965	0	218	4314	98	352	1711	15	3	2194	0	180	4	20	2	2808	472	22	262	26	0	1	1821	167	0	4	0	92	246	20	702	27
np1120	3	257	17	260	10	6	11	51	0	1	3415	4	22	0	126	2	0	11	91	83	7	58	0	188	13	6	4	37	9	156	7	7	76	166	0	0	33	3	0	908	0	6	0	10	14	8	3	6	0	0	0	37	0	0	22	307	8	17	1	0	3	5	196	4	552	25	0	5	6	1	136	140	62	478	701	0	10	245	9	575	113	0	0	99	621	237	0	0	1	552	338	2	64	37	0	21	58	26	17	4	6	29	22	2	85	0
np1121	0	788	13	354	6	2	45	7	2	22	10957	9	35	1	526	3	0	0	334	94	12	91	0	1280	106	20	16	15	7	448	4	28	136	346	1	5	29	0	20	1325	8	0	0	29	43	10	4	6	0	1	3	151	11	6	154	283	13	51	13	0	0	4	11	2	586	92	3	10	5	11	194	1465	92	207	7933	0	22	444	14	260	321	0	0	228	794	431	2	3	0	1185	701	4	169	89	0	105	58	48	9	9	0	4	93	17	217	0
np1122	0	1221	382	1805	36	0	76	733	85	0	20201	89	2194	27	2571	15	14	1	555	0	40	1109	755	6004	116	45	278	1668	10	2341	46	8	619	2723	7	139	1246	9	92	10527	0	11	0	0	919	96	5	2	0	0	203	1002	118	14	3529	812	66	194	956	0	80	0	1176	79	1702	434	12	66	3	39	275	7328	585	1407	10468	0	975	5784	197	295	2468	5	4	2925	0	303	2	48	3	3958	452	54	997	85	0	1	2763	270	2	10	0	153	134	30	4288	52
np1123	0	414	24	284	0	0	14	0	0	0	16876	48	338	0	1616	4	0	12	462	0	0	344	19	793	110	47	21	19	0	275	0	0	28	423	113	0	146	4	14	258	0	0	0	43	70	37	10	3	8	0	0	296	0	0	307	217	27	40	9	544	21	0	88	3	229	77	0	4	8	34	182	1	101	929	2566	0	52	922	67	12	29	0	0	1331	0	335	1	24	0	2362	240	35	132	41	0	0	55	120	0	0	0	0	7	12	648	0
np1124	0	123	14	2371	0	0	1823	0	6	0	37271	551	3700	13	1922	68	0	0	4	0	0	1076	0	705	0	20	96	1329	0	1636	24	0	1343	1493	0	364	900	93	3	5611	5	2	0	0	233	0	8	12	0	0	3101	1164	328	7	1387	795	311	238	43	0	52	0	43	104	0	47	3	31	8	0	316	0	390	7	14	5	0	0	49	7222	1430	23	0	641	0	1787	8	9	0	1935	2855	0	21	7	154	0	5007	1447	0	3	0	277	70	45	70	0
np1125	0	1308	2693	40235	17	0	776	4129	182	0	49730	701	6244	197	12474	73	264	99	4041	0	85	6842	5	19469	454	238	276	3942	96	14024	315	0	1853	10330	2	4	4101	166	143	20790	0	5	0	0	1608	911	95	10	10	47	9	511	601	201	3226	1993	183	49	14	5	331	0	3642	163	4875	2133	6	597	39	36	1893	2546	1155	909	35504	0	669	13809	1049	7468	16371	26	114	6451	0	1163	35	148	56	7516	914	170	2660	746	0	190	3768	4056	7	84	12	280	509	274	10511	1817
np1126	717	2813	489	5038	609	35	4393	2	28	0	28106	298	21664	33	21956	473	47	362	1231	0	1046	1064	0	1852	81	188	121	2108	0	4556	13	65	1084	41463	46	79	4	299	61	44922	0	7	15	0	496	255	24	40	20	0	154	1905	531	148	308	1184	1417	109	938	0	285	0	16	171	915	916	0	300	82	38	1331	706	596	1027	4744	879	88	1241	330	1023	9622	39	6838	8878	0	1509	34	139	17	2633	3006	0	332	91	0	241	1326	19035	72	434	23	26	382	646	688	7
np1127	0	547	459	5889	7	1	101	1417	12	0	29187	127	965	50	2208	17	27	18	1684	0	37	1045	117	5466	81	20	109	685	7	1738	98	10	1245	1379	241	48	1409	9	139	4766	0	8	0	13	128	127	7	2	5	0	1101	466	139	22	918	1993	46	72	81	2	97	0	389	79	2510	407	4	86	14	67	850	5176	1468	1475	7989	0	607	16689	124	1527	3582	8	0	1798	0	808	0	16	5	3710	1531	56	1548	158	0	8	3145	327	2	15	0	506	99	27	1779	98
np1128	0	37	10	135	0	0	0	0	0	0	15928	21	55	1	450	4	0	0	535	0	0	527	43	73	56	7	8	50	0	234	14	0	34	247	0	108	0	0	8	481	0	2	0	23	6	6	0	6	1	0	0	230	20	0	69	2584	8	0	42	0	1	0	2	4	433	25	0	0	11	17	26	0	68	317	924	0	5	167	9	1753	0	0	0	165	0	44	1	2	0	1035	51	2	184	19	0	1	61	56	0	9	0	2	10	5	1985	2
np1129	15	87	0	108	0	0	84	3	14	281	8964	5	9	0	1085	4	0	0	36	136	735	57	59	502	61	1	26	31	0	240	0	21	636	218	0	105	12	0	4	425	13	0	0	16	681	63	12	5	0	0	599	159	2	6	37	152	0	36	23	0	15	0	37	0	1485	40	0	0	11	4	114	1	0	1179	21162	0	3	480	13	4	50	0	0	128	68	98	0	0	0	1220	556	0	121	54	11	24	2	39	0	5	3	2	61	0	286	0
np1130	1062	645	0	576	491	0	76	10	0	0	2866	7	741	7	1410	45	0	0	0	0	256	31	0	114	0	22	24	278	0	2308	0	1	1402	1110	0	7	0	1	203	291	4	3	0	98	21	0	4	5	0	0	0	949	518	9	123	409	270	0	2128	0	51	0	21	979	581	712	2	0	0	0	149	40	123	231	19254	0	0	0	50	0	1568	70	2	656	0	422	2	0	11	670	80	0	59	3	89	657	68	604	3569	9	0	527	42	2	52	0
np1131	0	316	19	462	123	0	5	17	0	0	8041	68	20	2	667	15	0	0	1092	0	11	140	56	154	8	28	31	101	0	1052	33	0	0	1419	0	97	0	1	1	3327	8	0	0	0	10	0	5	29	0	0	24	70	4	8	22	1180	21	0	82	0	11	0	0	2	0	84	0	13	3	0	723	0	10	0	2660	2	0	0	123	623	212	7	0	181	0	144	0	1	0	947	197	0	692	0	5	29	83	68	0	0	0	0	54	7	127	0
np1132	0	265	52	546	0	0	13	0	0	0	85748	100	109	0	1227	33	0	9	693	0	0	360	52	150	496	49	88	124	0	849	57	0	152	1417	8	252	0	4	35	1540	0	0	0	334	17	20	1	6	44	0	0	374	99	0	461	9992	5	151	171	0	17	0	16	52	834	143	46	7	44	66	100	22	328	459	886	0	18	523	56	17448	2	8	0	203	0	438	4	26	0	4216	38	22	1103	133	0	3	44	464	3	15	0	37	15	19	11047	15
np1133	218	4225	61	1070	88	0	210	0	0	0	12599	143	1795	20	1289	46	3	12	24	0	67	52	3	371	0	79	1	622	0	1324	0	0	342	1816	0	0	0	26	1738	9185	0	0	6	77	172	69	6	44	0	0	0	786	355	15	146	233	295	0	2	0	20	0	0	24	293	202	4	67	14	0	1157	1012	432	313	14387	0	0	0	125	692	2176	6	0	1660	6	1353	20	7	7	108	311	0	58	2	0	66	961	184	19	6	13	6	95	53	86	0
np1134	0	476	169	4020	0	0	67	0	0	0	32974	312	295	0	2227	29	10	199	4150	0	0	1493	0	2911	122	148	12	189	0	1058	72	0	517	1350	8	0	52	14	12	2304	0	1	0	228	73	121	22	19	0	0	0	117	112	28	264	789	33	14	3	127	27	0	43	28	228	237	0	161	11	24	585	11	134	736	1428	0	52	424	198	1585	117	0	10	1225	0	781	8	67	3	1240	1268	7	303	21	0	16	817	1244	4	37	5	58	67	86	2092	15
np1135	0	197	8	1276	57	12	645	11	0	0	14291	147	71	4	574	15	0	0	119	0	273	264	0	174	43	4	24	1924	17	2223	0	324	652	1578	0	41	0	455	4	4923	3	0	1	0	43	0	0	0	15	0	0	473	243	5	121	652	1465	70	220	0	5	0	1	42	747	84	0	18	1	3	398	1350	721	41	3	60	0	462	6	17	704	11	0	483	0	974	3	2	13	2753	1972	0	54	36	133	2	166	532	1	6	18	7	11	43	876	0
np1136	0	1396	16	190	0	0	17	0	0	0	11932	2	324	61	509	5	0	0	0	3	1	0	20	0	0	105	1	375	18	367	0	3	568	773	0	724	0	66	4111	398	0	0	4	0	33	0	10	94	12	0	2211	216	32	10	35	59	16	1	0	0	13	0	0	18	350	36	0	0	7	0	204	0	460	0	0	3	0	0	196	123	0	0	2	1644	0	70	0	0	197	408	359	0	27	0	0	22	2	386	0	1	0	0	18	6	13	0
np1137	59	4080	158	4071	160	330	157	181	7	65	73210	115	284	40	2515	62	19	195	815	1111	51	648	29	1301	341	89	81	834	66	4842	23	141	625	5496	4	2	178	25	210	9684	3	22	17	457	119	57	29	22	30	141	64	549	29	22	171	4426	55	8	0	2	27	43	185	17	8990	277	31	75	75	49	3092	2113	627	6487	7133	0	78	1819	122	8179	890	33	0	1088	3248	2548	17	24	0	12963	2376	18	969	418	1	519	293	428	123	102	33	841	297	96	810	1
np1138	4	308	282	3340	21	4	105	17	0	8	10964	200	172	15	464	26	31	8	88	200	88	192	10	426	155	93	7	102	44	566	7	1073	178	1514	6	2	15	62	228	10705	0	2	3	19	70	50	13	20	8	84	22	185	59	4	44	119	67	40	0	1	11	10	257	28	1074	128	0	112	37	0	1414	185	232	506	232	0	16	880	100	222	340	4	7	235	9	525	6	26	2	901	912	2	205	127	0	146	57	69	124	55	25	16	18	81	301	0
