feature	Acidaminococcus	Agathobacter	Akkermansia	Alistipes	Allisonella	Anaeroplasma	Anaerostipes	Asteroleplasma	Bacillus	Bacteroidales_RF16_group	Bacteroides	Barnesiella	Bifidobacterium	Bilophila	Blautia	Butyricicoccus	Butyricimonas	Butyrivibrio	CAG.352	CAG.873	Catenibacterium	Christensenellaceae_R.7_group	Citrobacter	Clostridia_UCG.014	Clostridia_vadinBB60_group	Clostridium_sensu_stricto_1	Colidextribacter	Collinsella	Coprobacter	Coprococcus	Defluviitaleaceae_UCG.011	Desulfovibrio	Dialister	Dorea	Enterobacter	Enterococcus	Erysipelatoclostridiaceae	Erysipelotrichaceae_UCG.003	Escherichia.Shigella	Faecalibacterium	Family_XIII_AD3011_group	Family_XIII_UCG.001	Flavonifractor	Fournierella	Fusicatenibacter	Holdemanella	Incertae_Sedis	Intestinibacter	Intestinimonas	Klebsiella	Lachnoclostridium	Lachnospira	Lachnospiraceae_FCS020_group	Lachnospiraceae_ND3007_group	Lachnospiraceae_NK4A136_group	Lachnospiraceae_UCG.004	Lachnospiraceae_UCG.010	Lactobacillus	Lactococcus	Marvinbryantia	Megasphaera	Methanobrevibacter	Monoglobus	Muribaculaceae	NK4A214_group	Negativibacillus	Odoribacter	Oscillibacter	Oscillospira	Parabacteroides	Paraprevotella	Parasutterella	Phascolarctobacterium	Prevotella	Prevotellaceae_NK3B31_group	RF39	Rikenellaceae_RC9_gut_group	Romboutsia	Roseburia	Ruminococcus	Slackia	Streptococcus	Subdoligranulum	Succinivibrio	Sutterella	Terrisporobacter	Turicibacter	Tyzzerella	UCG.002	UCG.003	UCG.004	UCG.005	UCG.010	Weissella	X.Eubacterium._coprostanoligenes_group	X.Eubacterium._eligens_group	X.Eubacterium._hallii_group	X.Eubacterium._ruminantium_group	X.Eubacterium._siraeum_group	X.Eubacterium._ventriosum_group	X.Eubacterium._xylanophilum_group	X.Ruminococcus._gauvreauii_group	X.Ruminococcus._torques_group	uncultured	vadinBE97
np0002	0.000917506348816253	0.0165970344884083	0	0.0909642008683542	0.000114688293602032	0	0.000327680838862947	0	0	0	0.306774801343491	0.0124682559187352	0.00237568608175637	0.000507905300237569	0.0146145654132875	0.000163840419431474	0.000524289342180716	0	0.00368640943720816	4.91521258294421e-05	0	0.0025231424592447	0.00214630949455231	0.00543950192512493	0.00226099778815434	0.000983042516588842	0.000835586139100516	0.00588187105758991	0.0003112967969198	0.0181535184730073	0	0.00147456377488326	0.00517735725403457	0.012566560170394	0	0.000196608503317768	0	0.000163840419431474	0.00298189563365282	0.0110264602277382	0.00363725731137872	0.000327680838862947	0	0	0.0176456131727697	0	0.00188416482346195	0.000344064880806095	0.0003112967969198	0.0283116244777587	0.00833947734906201	0.000163840419431474	0.000229376587204063	0.000393217006635537	0.0136970590644712	0.00162202015237159	0.00260506266896043	4.91521258294421e-05	0.000196608503317768	0.000114688293602032	0	0.000196608503317768	4.91521258294421e-05	0.000360448922749242	0.00104857868436143	0.00360448922749242	0.000442369132464979	0.000442369132464979	0.000245760629147211	0.0656017039403621	0.00430900303104776	0.000655361677725895	0.00742197100024576	0.0230359629720652	0.00116326697796346	0.000557057426067011	0.000262144671090358	0.000851970181043663	0.000294912754976653	0.0113049889407717	6.55361677725895e-05	0	0.00368640943720816	0	0.0378471368886704	4.91521258294421e-05	0.000147456377488326	0	0.140738920291636	0.072368313262882	0	0.000983042516588842	0.00101581060047514	0.000114688293602032	8.19202097157369e-05	6.55361677725895e-05	0.000327680838862947	0	0.000196608503317768	0	8.19202097157369e-05	0.000524289342180716	0.000245760629147211	0.0175309248791677	0
np0004	0	0.00627433315100228	0.000418288876733486	0.0205605070948229	0.000225232472087261	0	0.00122269056275942	0.000353936741851411	0	0	0.212876862189903	0.000579169213938672	0.000965282023231121	0.000257408539528299	0.032690884520094	0	6.43521348820747e-05	0.000772225618584897	0.160848161137746	0	0	0.0103928697834551	0.000257408539528299	0.00633868528588436	6.43521348820747e-05	0.000160880337205187	0.000418288876733486	0.00128704269764149	0.000160880337205187	0.0116155603462145	0	0.000321760674410374	0.00183403584413913	0.0126773705717687	0	0.000386112809292448	0.00752919978120274	0	0.000321760674410374	0.0597187811705653	0	0	0	0.00250973326040091	0.000386112809292448	0	6.43521348820747e-05	0.000418288876733486	0	0.000579169213938672	0.00260626146272403	0.00202709224878535	0.000193056404646224	0.00263843753016506	0.0155732166414621	0.00112616236043631	0.000546993146497635	0.000450464944174523	0.000386112809292448	0.000353936741851411	0	0.00128704269764149	0.00151227516972876	0.00707873483702822	0.00553428359985843	0	0.00106181022555423	0.000257408539528299	0.000193056404646224	0.011197271469481	0.0701116509540204	0.00357154348595515	0.00263843753016506	0.171112326651437	0.00881624247884424	0	0	9.65282023231121e-05	0.0144792303484668	0.0279288265388204	0	0	0.0219440779947875	0	0.00186621191158017	0	0	0.000128704269764149	0.021525789118054	0.00286367000225232	0	0.00357154348595515	0.00791531259049519	3.21760674410374e-05	0.000740049551143859	0.0117120885485376	0.00299237427201647	0	0.00157662730461083	0	0.00778660832073104	0.000514817079056598	0.000353936741851411	0.00614562888123813	0
np0005	0.000913454095061155	0.0174691644733447	0.000144501212778036	0.0205759405480725	0.000495432729524694	2.06430303968623e-05	0.00760695670124374	0.000190948031170976	1.54822727976467e-05	0	0.269272849254271	0.000469628941528616	0.0179955617484647	0.000170305000774114	0.0453991846002993	0.00114568818702586	0	0.000335449243949012	0.000258037879960778	0	0.00346286834907364	0.00315322289312071	0	0.0440315838365072	0.000350931516746658	0.000438664395933323	0.000949579398255664	0.00360736956185168	0	0.0115652577798421	0	0	0.00247200289002426	0.0215151984311297	0	0.00598647881509006	0	0.000304484698353718	8.77328791866646e-05	0.103834442896217	0.000242555607163132	0	3.09645455952934e-05	0.00148113743097487	0.00107859833823605	0.00156887031016153	2.06430303968623e-05	0.000165144243174898	2.06430303968623e-05	0.00113020591422821	0.00838107034112608	0.000108375909583527	8.2572121587449e-05	0.023796253289983	0.00643030396862259	0.00116633121742272	0.000423182123135676	0.00134179697579605	0.00643546472622181	0.00312225834752542	0	0.000252877122361563	3.09645455952934e-05	0.0648655622645404	0.00375703153222893	6.19290911905868e-05	6.19290911905868e-05	0.000412860607937245	0.00077927439748155	0.00765340351963668	0.00456727047530577	0.00434019714094029	0.0145584971873871	0.180017546575837	0	0.000165144243174898	0	0.00108375909583527	0.00254425349641327	0.0093151674665841	4.64468183929401e-05	6.19290911905868e-05	0.00346802910667286	0.000170305000774114	0.0164886205294937	6.70898487898023e-05	6.19290911905868e-05	1.03215151984311e-05	0.0174640037157455	0.0108014656551582	0	0.00625483821024926	0.000247716364762347	0.000263198637559994	0.000201269546369407	0.000980543943850957	0.00202817773649172	0.000928936367858802	0.000144501212778036	5.16075759921556e-06	0.000159983485575683	0.00202817773649172	0.000108375909583527	0.00227589410125406	0
np0006	0	0.00359417652411283	0	0.017515923566879	0.000818926296633303	4.54959053685168e-05	0.00218380345768881	0.00136487716105551	0.000727934485896269	0	0.501319381255687	0.00181983621474067	0.00464058234758872	0.000318471337579618	0.0321656050955414	0.000545950864422202	0	0	0.000454959053685168	0	0.00181983621474067	0.00295723384895359	0	0.0010919017288444	9.09918107370337e-05	0.00086442220200182	0.000909918107370337	0.00186533212010919	0	0.0383075523202912	0	0.0171064604185623	0.0115559599636033	0.0154686078252957	0	0.00241128298453139	0	0.00104640582347589	0.00122838944494995	0.0201091901728844	0.000454959053685168	0	0.00163785259326661	0	0.00127388535031847	0	0.000136487716105551	0.000272975432211101	4.54959053685168e-05	0	0.0100090991810737	0.0112829845313922	0	0.00400363967242948	0.0441765241128298	0.00159235668789809	0.0037761601455869	0.00363967242948135	0	0.000318471337579618	0	0	0.00241128298453139	0.0083712465878071	0.00509554140127389	0	0.000682438580527753	0.000227479526842584	4.54959053685168e-05	0.00664240218380346	0.0199272065514104	0.00859872611464968	0.00222929936305732	0.00122838944494995	0.00996360327570519	0	0.0170609645131938	0.000409463148316651	0.000909918107370337	0.0182893539581438	0	0	0.00828025477707006	0	0.0281164695177434	0.000181983621474067	0	0.000318471337579618	0.0347588717015469	0.0182438580527753	9.09918107370337e-05	0.00150136487716106	0.000136487716105551	0	0.00313921747042766	0.000727934485896269	0.00646041856232939	0.000727934485896269	0.000227479526842584	0.000181983621474067	0.00564149226569609	0.00113739763421292	9.09918107370337e-05	0.0209736123748863	0
np0008	0	0.00396802841918295	0.00387921847246892	0.0475701598579041	0.000184724689165186	0	0.00207815275310835	0.011101243339254	0.000298401420959147	0	0.153595026642984	0.000753108348134991	0.0820426287744227	0.000355239786856128	0.0328206039076377	0.000142095914742451	0.000191829484902309	4.97335701598579e-05	0.00975843694493783	0	0.000621669626998224	0.0121669626998224	0.00170159857904085	0.0343232682060391	0.00108703374777975	0.000539964476021314	0.00179751332149201	0.0186252220248668	0.00016696269982238	0.0258294849023091	0.000404973357015986	0	0.00759147424511545	0.0206785079928952	0.00202131438721137	0.00148490230905861	0.0127566607460036	0.000365896980461812	0.00113676731793961	0.0947460035523979	0	0.000113676731793961	3.55239786856128e-06	0	0.00385435168738899	0.00216696269982238	7.81527531083481e-05	2.4866785079929e-05	7.10479573712256e-06	0.0064866785079929	0.00710479573712256	0.00128952042628774	0.000316163410301954	0.0101065719360568	0.00459325044404973	0.000724689165186501	0.00147779751332149	0.000269982238010657	2.4866785079929e-05	0.000692717584369449	0	0.0138401420959147	0.000941385435168739	0.0156163410301954	0.00283126110124334	5.32859680284192e-05	0.000621669626998224	3.55239786856128e-05	0.000170515097690941	0.00289165186500888	0.0567637655417407	0.00393960923623446	0.00296625222024867	0.0509626998223801	0	0.00284191829484902	0.0468348134991119	0.00317229129662522	0.00677797513321492	0.0258472468916519	3.90763765541741e-05	6.74955595026643e-05	0.0202486678507993	0	0.00235523978685613	2.13143872113677e-05	0.000387211367673179	0.00016696269982238	0.0400071047957371	0.00325754884547069	0.000863232682060391	0.00993960923623446	0.000827708703374778	0	8.8809946714032e-05	0.0267246891651865	0.00373001776198934	0	0.000134991119005329	0	0.00468206039076377	0.00201420959147425	0.000426287744227353	0.0190692717584369	0.0016696269982238
np0009	0.0126833086679468	0.0095889238145326	6.11538508579885e-05	0.00121084624698817	0.00124753855750297	0	0.000110076931544379	0.000110076931544379	0.000171230782402368	0	0.206810092831546	0.000195692322745563	0.00491676960898228	3.66923105147931e-05	0.0288890791453138	0.000366923105147931	0	1.22307701715977e-05	0.000281307713946747	0	0	0.00141876933990533	0.00015900001223077	0.053448465649882	0.000330230794633138	9.78461613727816e-05	0.000611538508579885	0.0114602316507871	0	0.0190555399273492	3.66923105147931e-05	0.000122307701715977	0.00845146218857401	0.0143344626411125	0.000244615403431954	0.000220153863088759	0	4.89230806863908e-05	0.00303323100255623	0.0477244652095742	0	0.000293538484118345	0	0	0.0021526155502012	0	2.44615403431954e-05	0	0	0.00243392326414794	0.00810900062376928	0.00195692322745563	2.44615403431954e-05	0.00813346216411247	0.0803561600273969	0.000782769290982253	0	8.56153912011839e-05	0	0.000868384682183437	0	0.000122307701715977	0.00121084624698817	0.000758307750639058	0.00349800026907694	0	7.33846210295862e-05	1.22307701715977e-05	1.22307701715977e-05	0.000684923129609472	0.00165115397316569	0.00163892320299409	0.00561392350876335	0.262362250950942	0.00791330830102372	0.000134538471887575	0.0565673120436394	0.000110076931544379	0.00150438473110652	0.032105771700444	0	0	0.027849463680728	0	0.0136128472009882	0	4.89230806863908e-05	0	0.0220153863088759	0.00887953914457993	0	0.0032044617849586	0.000305769254289943	2.44615403431954e-05	2.44615403431954e-05	0.00616430816648524	0.00162669243282249	0	2.44615403431954e-05	0	0.00594415430339649	0.000403615415662724	0.000415846185834322	0.000770538520810655	0
np0011	0	0.00505938497972658	0	0.0045570346980516	0	0	0.101044170942624	0.000107646488930353	0	0	0.0979941870895978	0.000466468118698195	0.00154293300800172	0.000215292977860705	0.171444974703075	0	0	0.000107646488930353	0.291291399045534	0	0.000322939466791058	0.0163981484803904	0	0.00290645520111952	0	0.000143528651907137	0	0.0072840790842872	0	0.0347339337615271	0	7.17643259535685e-05	0.000861171911442822	0.0176899063475546	0	0	0.000717643259535685	0.000107646488930353	0	0.0245792816390972	0	0	0	0.00143528651907137	0.00161469733395529	0	3.58821629767842e-05	0.000322939466791058	0	3.58821629767842e-05	0.00107646488930353	0.000179410814883921	0.000215292977860705	0.00279880871218917	0.00897054074419606	0.000430585955721411	0	0.00107646488930353	0	0.000466468118698195	0	0.00111234705228031	0.00462879902400517	0.00326527683088737	0.00193763680074635	7.17643259535685e-05	0.000179410814883921	0	0	0.00398292009042305	0.0165416771322975	0.00143528651907137	0.00175822598586243	0.0894542323011231	0.00294233736409631	0	0	0	0.00265528006028203	0.0176181420216011	0	7.17643259535685e-05	0.0148193333094119	0	0.000681761096558901	0	0	0.0137787505830851	0.0111952348487567	0.000574114607628548	0	0.00107646488930353	0.000968818400373174	0.000143528651907137	0.000394703792744627	0.00355233413470164	0.00118411137823388	0	0.000358821629767842	0	0.00215292977860705	0.000574114607628548	0.000287057303814274	0.00229645843051419	0
np0012	0	0.00191717791411043	0.0162321063394683	0.102632924335378	3.19529652351738e-05	0	0.00131007157464213	0.00517638036809816	0	0	0.228735301635992	0.00252428425357873	0.00650242842535787	0.000734918200408998	0.0161042944785276	0.000303553169734151	0.000367459100204499	0.000718941717791411	0.00992139570552147	0	0.000175741308793456	0.0159125766871166	7.98824130879346e-05	0.0425613496932515	0.00166155419222904	0.000239647239263804	0.000734918200408998	0.00635864008179959	0.000143788343558282	0.0228463701431493	0.00126214212678937	0	0.00875511247443763	0.017366436605317	3.19529652351738e-05	0	0.006342663599182	0.000239647239263804	0.00201303680981595	0.0535531697341513	0	0	3.19529652351738e-05	0	0.00166155419222904	0.00198108384458078	0.000159764826175869	4.79294478527607e-05	0.000143788343558282	0.00142190695296524	0.00193315439672802	0.00258819018404908	0.000287576687116564	0.00385033231083845	0.0076846881390593	0.000686988752556237	0.000335506134969325	0	0	0.000575153374233129	0	0.00555981595092025	0.00062308282208589	0.0390465235173824	0.00405802658486708	0	0.00164557770961145	0.000351482617586912	0.000319529652351738	0.011678808793456	0.0212966513292434	0.0107361963190184	0.00600715746421268	0.0507732617586912	0	0.0031793200408998	0.0783646472392638	0.00190120143149284	0.0150178936605317	0.0206895449897751	3.19529652351738e-05	0.000351482617586912	0.0102728783231084	0	0.0135320807770961	6.39059304703477e-05	0.00020769427402863	0.000223670756646217	0.0447820807770961	0.0155131646216769	0.000511247443762781	0.00648645194274029	0.00177338957055215	0	0.000383435582822086	0.0104965490797546	0.00755687627811861	0	0.00062308282208589	0.000159764826175869	0.00169350715746421	0.000575153374233129	0.000655035787321063	0.0137877044989775	0.00218877811860941
np0013	0.000500581031554483	0.0175203361044069	5.3633681952266e-05	0.0359703226959864	0.000375435773665862	5.3633681952266e-05	0.000143023151872709	0.000715115759363547	0	0	0.335478680611424	0.00795566282291946	0.00414767140430857	0.000876016805220345	0.0200947528381157	8.93894699204434e-05	0.000643604183427192	0	0.00101903995709305	0	0	0.00362921247877	0.00364709037275409	0.00566729239295611	0.000232412621793153	0.000572092607490838	0.000732993653347636	0.00530973451327434	0.000178778939840887	0.00888531331009207	8.93894699204434e-05	0.00359345669080182	0.0145883614910164	0.00870653437025118	0	0.00264592830964512	0	5.3633681952266e-05	0.00143023151872709	0.0184499865915795	0.00114418521498168	0.000107267363904532	0	0	0.00080450522928399	0	3.57557879681773e-05	0.000143023151872709	0.000125145257888621	0.00933226065969429	0.0141414141414141	7.15115759363547e-05	0	0.000572092607490838	0.085277554304103	0.00105479574506123	0.00530973451327434	5.3633681952266e-05	0	0.000196656833824975	0	0.00132296415482256	0.000160901045856798	0.00119781889693394	0.0018950567623134	0.00724054706355591	0.000643604183427192	0.000321802091713596	0.00148386520067936	0.00981496379726468	0.00053633681952266	0.000125145257888621	0.00475551979976759	0.0769285778135336	0.00974345222132833	0.000983284169124877	0	0.000482703137570394	0.000643604183427192	0.0628765531420399	8.93894699204434e-05	0	0.00271743988558148	0	0.0159113256458389	5.3633681952266e-05	7.15115759363547e-05	7.15115759363547e-05	0.105980155537678	0.0236703316349334	0	0.00404040404040404	0.000589970501474926	0.000339679985697685	0	0.00522034504335389	0.000572092607490838	0	7.15115759363547e-05	0	0.00795566282291946	0.00207383570215429	8.93894699204434e-05	0.0267810851881648	0.000125145257888621
np0014	7.92813934497713e-05	0.0257030277564158	0.000642179286943147	0.0196459292968533	0.000229916041004337	0.00283827388550181	0.00106237067222694	0.000515329057423513	0.000340909991834016	0.00011099395082968	0.448494842745356	0.000943448582052278	0.00118922090174657	0.00016649092624452	0.0216834611085124	0.00011099395082968	0.000142706508209588	0.000150634647554565	0.0112341734518326	0.00265592668056734	0.000515329057423513	0.00382929130362395	0	0.0258140217072455	0.00195825041820935	0.000443975803318719	0.000388478827903879	0.00109408322960684	0.000380550688558902	0.0172595593540152	0.00142706508209588	0.000554969754148399	0.00407506362331824	0.0186866244361111	0	3.96406967248856e-05	0.000975161139432187	0.000190275344279451	0.000158562786899543	0.0353991421753229	0	3.96406967248856e-05	4.75688360698628e-05	0.00122886159847145	0.00158562786899543	0.000665963704978079	0.000214059762314382	0.000103065811484703	3.17125573799085e-05	7.92813934497713e-06	0.00231501668873332	0.000919664164017347	0.000198203483624428	0.00490751825454084	0.0209699285674645	0.00057875417218333	0.000325053713144062	0	0	0.000261628598384245	0	0.000214059762314382	0.000158562786899543	0.0307691087978562	0.00304440550847122	0	0.000967233000087209	0.000206131622969405	0.000134778368864611	0.0135571182799109	0.0220243711003465	0.0019423941395194	0.00835625886960589	0.108084323690073	0	0.000594610450873285	0.00906186327130886	0.000602538590218262	0.0116464366977714	0.0115512990256317	0	4.75688360698628e-05	0.00729388819737896	0.00505022476275043	0.0155153686981202	3.96406967248856e-05	9.51376721397255e-05	3.96406967248856e-05	0.0202246834690367	0.0116940055338413	0.000126850229519634	0.00321089643471574	0.00236258552480318	7.92813934497713e-06	0.00102272997550205	0.0131131424765922	0.00169662181982511	0.000277484877074199	0.00068974812301301	5.54969754148399e-05	0.0032584652707856	0.00214059762314382	0.000642179286943147	0.00294926783633149	0
np0015	0.00417082917082917	0.0128121878121878	0	0.0177072927072927	0.000849150849150849	4.995004995005e-05	0.00484515484515485	4.995004995005e-05	0	0	0.215834165834166	0.00044955044955045	0.0027972027972028	0	0.0144105894105894	0.000799200799200799	0	4.995004995005e-05	0.000174825174825175	0	0.00212287712287712	0.00531968031968032	0	0.0194055944055944	0.000574425574425574	0.00014985014985015	0.00107392607392607	0.00104895104895105	4.995004995005e-05	0.0163586413586414	0	0	0.0038961038961039	0.0140609390609391	0	7.49250749250749e-05	0	0.00194805194805195	0	0.0574675324675325	0.000224775224775225	0.000274725274725275	0	0.0025974025974026	0.00182317682317682	0.0012987012987013	2.4975024975025e-05	0.00014985014985015	0	2.4975024975025e-05	0.0143606393606394	0.00504495504495505	4.995004995005e-05	0.00144855144855145	0.00709290709290709	0.00297202797202797	0.00144855144855145	0.00824175824175824	2.4975024975025e-05	0.00034965034965035	0	0	0.0027972027972028	0.00871628371628372	0.00751748251748252	0.000124875124875125	0.000124875124875125	0.0003996003996004	0.000274725274725275	0.00721778221778222	0.0200549450549451	0.00412087912087912	0.00282217782217782	0.216458541458541	0	0.000174825174825175	0	0.0004995004995005	0	0.0134865134865135	0	0	0.00516983016983017	0	0.0376373626373626	4.995004995005e-05	0	0	0.103896103896104	0.0277222777222777	0	0.00264735264735265	0.000749250749250749	0.0108891108891109	0.0011988011988012	0.00719280719280719	0.00806693306693307	0.036038961038961	0.0136863136863137	0	0.00734265734265734	0	7.49250749250749e-05	0.00684315684315684	0
np0017	0	0.0166870329934494	0	0.0261223181554118	0	0	2.00324525731685e-05	0	4.00649051463371e-05	0	0.870490194114465	0.000400649051463371	0.00524850257417016	0	0.0357178629379595	0.000560908672048719	0	0	0	0	0	0	0	0	0	0.000100162262865843	8.01298102926741e-05	0	0	0.000741200745207236	0	0	0.000120194715439011	0.00238386185620706	0	0.00310503014884112	0	0	0.000120194715439011	0.00126204451210962	0	0	0	0	0.000280454336024359	0	0	0	0	0.000200324525731685	0.00450730182896292	0.000500811314329213	0	0	0.000841363008073078	0.000100162262865843	0	0.00014022716801218	0	0	0	0	0.00014022716801218	0	0.000180292073158517	0	0.000160259620585348	0.000621006029768225	0	0.0228570283859853	0	0.000120194715439011	6.00973577195056e-05	0	0	0	0	4.00649051463371e-05	0.000520843766902382	0.000861395460646247	0	0.000621006029768225	0.000761233197780404	0	0	0	0	0	0.000280454336024359	2.00324525731685e-05	4.00649051463371e-05	0.000100162262865843	8.01298102926741e-05	0	0.000160259620585348	8.01298102926741e-05	0.00244395921392656	0	4.00649051463371e-05	0	0	0	4.00649051463371e-05	0	0
np0021	0	0.0107845335158287	0.000200587603686092	0.00443652582270416	0	0	5.89963540253212e-05	0	0	0	0.427180800226546	0.000825948956354497	0.0119644605963351	0	0.0454389918703024	0	0	2.35985416101285e-05	0.00398815353211172	0	0	0.00448372290592441	0.00200587603686092	0.0108199313282439	0.00272563155596984	0.000589963540253212	0.000672558435888662	0.00030678104093167	0	0.00796450779341837	2.35985416101285e-05	0	0.0011209307264811	0.0145838987150594	0.00337459145024837	0	0.00611202227702328	8.25948956354497e-05	0.000235985416101285	0.0035987775955446	0	7.07956248303855e-05	0	0.000790551143939305	0.00431853311465351	0.000188788332881028	5.89963540253212e-05	0.000129791978855707	2.35985416101285e-05	0	0.0103125626836262	1.17992708050642e-05	2.35985416101285e-05	0.00743354060719048	0.00159290155868367	0.000460171561397506	0.00113272999728617	0.000235985416101285	0.0172741324586141	0.00107373364326085	0	0.00171089426673432	3.53978124151927e-05	0.00692617196257271	0.00207667166169131	7.07956248303855e-05	0.000200587603686092	0.000271383228516478	0.000967540206015268	0.0040589491569421	4.7197083220257e-05	0.00245424832745336	0.0283064506613491	0.201555143892107	0	0.000412974478177249	0.0231737678611462	0.000908543851989947	9.4394166440514e-05	0.000342178853346863	7.07956248303855e-05	4.7197083220257e-05	0.00627721206829418	0	0.00486129957168647	0	0.000330379582541799	4.7197083220257e-05	0.074937168882963	0.00781111727295253	0.000696156977498791	0.00238345270262298	0.00176989062075964	0	0	0.000790551143939305	0.00416514259418768	0	0.000106193437245578	0	3.53978124151927e-05	0.000247784686906349	4.7197083220257e-05	0.0130263949687909	0
np0023	0.000646758814398699	0.0101633527976938	0.000221745879222411	0.0320422795476384	0.000480449404981891	0.000147830586148274	0.001348954098603	0	0	0	0.560592061497524	0.00177396703377929	0.00330770936506763	0.000184788232685343	0.0111427304309262	0.000535885874787494	0	0.00471209993347624	0.000388055288639219	0	0.000535885874787494	0.00110872939611206	5.54364698056028e-05	0.00746544460048784	1.84788232685343e-05	0.000498928228250425	0.000369576465370685	0.000979377633232316	7.3915293074137e-05	0.00680020696282061	0	0	0.00177396703377929	0.0160026609505507	0	0.00240224702490945	0	9.23941163426713e-05	7.3915293074137e-05	0.0424643358710917	0	0	0	0.000794589400546973	0.000443491758444822	0.000203267055953877	0	3.69576465370685e-05	1.84788232685343e-05	0	0.0046936211102077	0.00118264468918619	1.84788232685343e-05	0.00112720821938059	0.0119557986547417	0.004046862295809	0	0.00227289526202971	0	0.00025870352575948	0	0	0.000388055288639219	0.0310629019144061	0.001348954098603	0	0.000665237637667233	0.000277182349028014	0.00107177174957499	0.0259627466922906	0.0631975755783872	0.00537733757114347	0.00587626579939389	0.0487656146056619	0	0	0	0.000646758814398699	0.00763175400990465	0.00962746692290635	0	5.54364698056028e-05	0.00310444230911376	0.000203267055953877	0.0230800502623993	5.54364698056028e-05	0	1.84788232685343e-05	0.00321531524872496	0.00790893635893266	0	0.00118264468918619	0	0	0.000425012935176288	0.0115123068962968	0.00086850469362111	0.00177396703377929	0.000517407051518959	1.84788232685343e-05	0.00436100229137409	0.000517407051518959	0.000203267055953877	0.00362184936063271	0
np0025	7.72618403770378e-05	0.00082412629735507	0	0.0120528470988179	0	0	0	0.000489324989054573	0	0	0.114682325066316	2.57539467923459e-05	2.57539467923459e-05	0	0.00298745782791213	5.15078935846919e-05	0	0	0	0	0	0.00082412629735507	0.000360555255092843	0.000412063148677535	2.57539467923459e-05	0.000154523680754076	0.000309047361508151	0.000360555255092843	0	0.00561436040073141	0.000669602616600994	2.57539467923459e-05	0.0598006644518272	0.00180277627546421	5.15078935846919e-05	0.000540832882639265	0	0	0.000180277627546421	0.00710808931468748	0.000206031574338767	0.000489324989054573	0	0	0	2.57539467923459e-05	5.15078935846919e-05	0.000180277627546421	0.000103015787169384	0.00108166576527853	0.0028586880939504	0	2.57539467923459e-05	0.000154523680754076	0.00139071312678668	0.00056658682943161	0.00069535656339334	0.00012876973396173	5.15078935846919e-05	7.72618403770378e-05	0	0.000180277627546421	0	0.00772618403770378	0.00105591181848618	0	7.72618403770378e-05	0	0.00012876973396173	0.00103015787169384	0.00610368538978598	0	0.00522805119884622	0.0292822375028973	0	0	0	0.000206031574338767	0.0945169847279096	0.00012876973396173	0	0	0.000901388137732107	0.569445517525561	0.000489324989054573	7.72618403770378e-05	0	0	0.0445028200571738	0.0150918128203147	0	0.000592340776223956	0	0	0	0.000206031574338767	0.00221483942414175	0	0	0	0.000283293414715805	0	2.57539467923459e-05	0.00296170388111978	0
np0026	0.000326066703931433	0.00461151481274455	4.65809577044904e-05	0.00149059064654369	0	0	9.31619154089808e-05	0.000558971492453885	0	0.00130426681572573	0.195546860443451	0	0.000279485746226942	0	0.0129495062418483	0.000186323830817962	0	0	0.000512390534749394	0.00130426681572573	0	0.00139742873113471	0	0.0178405068008198	0.00135084777343022	4.65809577044904e-05	0.000652133407862866	0	0	0.0234302217253587	0	0.000232904788522452	0.0178405068008198	0.0109465250605552	0	4.65809577044904e-05	0	0	4.65809577044904e-05	0.07541457052357	9.31619154089808e-05	0.000139742873113471	0	0.000232904788522452	0.000326066703931433	9.31619154089808e-05	0	0	0	0.00330724799701882	0.0038662194894727	0	4.65809577044904e-05	0.000978200111794298	0.00568287683994783	0.000605552450158375	0	0.00158375256195267	0	0.000652133407862866	0	0.000232904788522452	0	0.00554313396683436	0.00321408608160984	4.65809577044904e-05	0	0.000232904788522452	0.000698714365567356	0.000652133407862866	0.329653437674679	0.000279485746226942	0.009688839202534	0.166899571455189	0	4.65809577044904e-05	0.0174678591391839	0	0.000186323830817962	0.00125768585802124	0	0	0.00563629588224334	0.00423886715110863	0.00251537171604248	4.65809577044904e-05	0	0	0.029066517607602	0.0189118688280231	0	0.00652133407862866	0.00125768585802124	0.00111794298490777	0.000139742873113471	4.65809577044904e-05	0.000558971492453885	0	0	0	0	0.00302776225079188	0	0.00475125768585802	0
np0027	0.0130699026363396	0.00376039189381466	0.000182937984023416	0.00239852023497368	0.000508161066731711	0	0.000223590869361953	0	0.000101632213346342	0	0.257962883915686	0.000203264426692685	0.0053458544220176	0	0.0317295770067281	0.000182937984023416	0	0.000101632213346342	0.000853710592109275	0	0.000142285098684879	0.00310994572839807	0	0.0349208285058032	0.00052848750940098	0	0.000284570197369758	0.00396365632050735	0	0.0131308819643474	0.000121958656015611	0	0.00306929284305954	0.00802894485436104	0.000101632213346342	0.000691099050755127	4.06528853385369e-05	8.13057706770738e-05	0.00685001117954347	0.0325629611561681	0	0.000203264426692685	0	0	0.0038010447791532	0	0	0	2.03264426692685e-05	0.00916722564384007	0.0065044616541659	0.00274406976035124	0.000162611541354148	0.00298798707238246	0.0178059637782792	0.00170742118421855	2.03264426692685e-05	0.000162611541354148	6.09793280078054e-05	0.000995995690794154	0	4.06528853385369e-05	0.000630119722747322	0.00199199138158831	0.0015448096428644	0	6.09793280078054e-05	4.06528853385369e-05	0.000203264426692685	0.00203264426692685	0.00233754090696587	0.00113828078947903	0.00634185011281176	0.303941297233571	0.00323190438441368	0.000345549525377564	0.0361607415086286	0.000162611541354148	0.00335386304042929	0.057320568327337	0	0	0.0281114702115983	0	0.0147773238205582	4.06528853385369e-05	6.09793280078054e-05	0	0.0414659430453076	0.00662642031018152	0	0.00201231782425758	0.000975669248124886	0	2.03264426692685e-05	0.0056710775047259	0.000691099050755127	0	0.000243917312031221	0	0.00624021789946541	0.000874037034778543	0.000284570197369758	0.000426855296054637	0
np0029	5.30902037955956e-05	0.00118568121810164	0.000102641060671485	0.00703622167637627	8.14049791532466e-05	0	0.00159270611386787	0.00153607656315257	0.000258372325138565	0	0.280730379630351	0.00202096709115234	0.000870679342247768	7.43262853138339e-05	0.0687588926091358	6.01688976350084e-05	0	2.8314775357651e-05	0.204117676206386	0	0.000874218689167475	0.0130637294806362	6.37082445547148e-05	0.00156793068542992	0	0.000123877142189723	0.00135556987024754	0.000481351181080067	0.00104410734131338	0.00603458649809937	0	5.30902037955956e-05	0.000499047915678599	0.00633543098627441	0	6.37082445547148e-05	0.000148652570627668	0.000106180407591191	0.00178029150061231	0.112852076534838	0	1.41573876788255e-05	1.76967345985319e-05	0.000456575752642122	0.00343316651211518	0	4.95508568758893e-05	0.00020528212134297	2.47754284379446e-05	0.00329867132916634	0.0115134955298048	0.000152191917547374	0.000329159263532693	0.00215192292718148	0.00196433754043704	0.000775116975415696	1.41573876788255e-05	0.000364552732729757	2.12360815182383e-05	0.000251293631299153	0	0.000208821468262676	0.00112905166738633	0.0365331389052092	0.00322788439077221	1.76967345985319e-05	3.89328161167701e-05	0.00048842987491948	0	0.00367738144957492	0.0537980731795369	0.000438879018043591	0.00128478293185341	0.102970219935018	0.000293765794335629	1.06180407591191e-05	0	7.78656322335403e-05	0.000279608406656804	0.0132902476834974	0	0	0.0123629387905344	0	0.00289872512723952	0	2.12360815182383e-05	0.000661857873985092	0.00828207179211292	0.000467193793401242	0	0.000364552732729757	0.000838825219970411	1.41573876788255e-05	2.47754284379446e-05	0.00113966970814545	0.000339777304291812	0	0.000276069059737097	0	0.00784319277406933	0.00263327410826154	0.00012741648910943	0.00394637181547261	0
np0031	0.000452488687782805	0.0239819004524887	0	0.00723981900452489	0.00135746606334842	0	0	0.000452488687782805	0	0	0.232126696832579	0	0.00904977375565611	0	0.0502262443438914	0	0	0	0	0	0	0.00316742081447964	0	0.0217194570135747	0.000452488687782805	0	0.00271493212669683	0.00542986425339366	0	0.0226244343891403	0	0	0.00271493212669683	0.0262443438914027	0	0.00497737556561086	0	0	0	0.0285067873303167	0	0	0	0.00316742081447964	0.000904977375565611	0	0	0	0	0	0.00226244343891403	0	0	0.0085972850678733	0.00361990950226244	0	0	0.00542986425339366	0	0.000452488687782805	0	0.000452488687782805	0	0.0226244343891403	0.00542986425339366	0	0	0	0.00180995475113122	0.000904977375565611	0.0932126696832579	0.00180995475113122	0.00361990950226244	0.285972850678733	0	0	0	0	0.00180995475113122	0.0194570135746606	0	0	0.0190045248868778	0	0.00950226244343891	0	0	0	0.0330316742081448	0.0158371040723982	0	0.00588235294117647	0.000904977375565611	0	0	0.00135746606334842	0.00135746606334842	0.000452488687782805	0	0	0.00407239819004525	0	0	0.00361990950226244	0
np0032	0.000777474879688223	0.0408223519107183	0.000354292350237671	0.0274674985975928	0.000816840696381297	0.000127938904252492	0.00187971774709431	0.000108255995905955	0	0	0.434736396649969	0.00251941226835677	0.00423182529450552	0.000373975258584208	0.010038283256734	0.000462548346143626	1.96829083465373e-05	0.00609186013325329	0.000452706891970358	0	0.000462548346143626	0.000590487250396119	2.95243625198059e-05	0.0124494395291848	0	0.000413341075277283	0.000462548346143626	0.00287370461859444	2.95243625198059e-05	0.0116916475578431	0	0	0.00292291188946079	0.0118491108246154	0	0.00219464428063891	0	0.000137780358425761	0.000127938904252492	0.146913227898554	0	0	0.000127938904252492	0.00146637667181703	0.000610170158742656	0.000186987629292104	4.92072708663432e-05	0.000236194900158447	9.84145417326864e-06	0	0.00930017419373887	0.00101366977984667	3.93658166930746e-05	0.00139748649260415	0.0111798919408332	0.00633789648758501	0	0.0024800464516637	0	0.000167304720945567	0	0.000629853067089193	0.000324767987717865	0.0284516440149196	0.00245052208914389	2.95243625198059e-05	0.00117113304661897	0.000196829083465373	0.000777474879688223	0.0246331597956914	0.0514806467803683	0.00585566523309484	0.00506834889923335	0.0432138252748226	9.84145417326864e-06	2.95243625198059e-05	0	0.00086604796724764	0.0204702246803988	0.00988081998996172	2.95243625198059e-05	0.000186987629292104	0.00441881292379762	0	0.0158841070356556	9.84145417326864e-05	6.88901792128805e-05	9.84145417326864e-06	0.00338546023560441	0.00416293511529264	1.96829083465373e-05	0.00115145013827243	7.87316333861491e-05	0	0.000541279979529775	0.00309021661040635	0.000925096692287252	0.00563915324128293	0.000108255995905955	0.000383816712757477	0.000600328704569387	0.000442865437797089	0.000127938904252492	0.00407436202773322	0
np0033	0.0016571003146089	0.0345829630874901	9.60637863541391e-05	0.00180119599414011	0.000936621916952857	0	0.000336223252239487	0	0	0	0.0192127572708278	0.000120079732942674	0.000696462451067509	0	0.0257691106894978	0	0	0	0.018276135353875	0	0.0005523667715363	0.00230553087249934	0	0.0060039866471337	4.80318931770696e-05	0.000144095679531209	0.000264175412473883	0.00252167439179615	9.60637863541391e-05	0.00564374744830567	0	2.40159465885348e-05	0.0108311919114292	0.0126564038521578	0	0	2.40159465885348e-05	0	0.00333821657580634	0.0300919810754341	0	4.80318931770696e-05	0	0.000360239198828022	0.000480318931770696	0	0	0.000216143519296813	0	0.00129686111578088	0.0128485314248661	0.000288191359062417	9.60637863541391e-05	0.00559571555512861	0.00653233747208146	0.00737289560268018	0	0.000120079732942674	0	0.000408271092005091	0	0.000120079732942674	4.80318931770696e-05	0.000936621916952857	0.00374648766781143	0	0	9.60637863541391e-05	0	0.00211340329979106	0.00396263118710824	0.0015850524748433	0.00108071759648407	0.674631955618531	0.00561973150171714	0	0	7.20478397656044e-05	0.00408271092005091	0.0610485362280554	0	2.40159465885348e-05	0.00319412089627513	0	0.00629217800619611	0	0	0	0.00516342851653498	0.00465909363817575	0	0.000576382718124835	0.00108071759648407	0	9.60637863541391e-05	0.000216143519296813	0.00302600927015538	0	0.000336223252239487	0	0.000264175412473883	0.000216143519296813	0	0.00201733951343692	0
np0036	0.000479616306954436	0.00431654676258993	0.000719424460431655	0.03621103117506	0.000239808153477218	0.000239808153477218	0.00239808153477218	0	0	0	0.466426858513189	0.00239808153477218	0.0170263788968825	0	0.0182254196642686	0.00143884892086331	0	0.000479616306954436	0.000719424460431655	0	0	0.00143884892086331	0	0.00287769784172662	0	0.00167865707434053	0.000479616306954436	0.00191846522781775	0	0.00839328537170264	0	0.000239808153477218	0.00191846522781775	0.0431654676258993	0	0.00431654676258993	0	0.000239808153477218	0.00551558752997602	0.0836930455635492	0	0	0.00455635491606715	0	0	0	0	0.000719424460431655	0	0	0.0105515587529976	0.0239808153477218	0.000479616306954436	0.00191846522781775	0.00455635491606715	0.00311750599520384	0	0.00431654676258993	0	0	0	0	0	0.00383693045563549	0.00455635491606715	0.000959232613908873	0.00143884892086331	0	0.000239808153477218	0.0119904076738609	0.0194244604316547	0.00359712230215827	0.0129496402877698	0.0141486810551559	0	0	0	0.00119904076738609	0.00431654676258993	0.0235011990407674	0	0	0.00623501199040767	0	0.0901678657074341	0.000239808153477218	0.000719424460431655	0.000239808153477218	0.00599520383693046	0.00503597122302158	0	0.0026378896882494	0	0	0.000479616306954436	0.00575539568345324	0.00287769784172662	0.00575539568345324	0.000719424460431655	0	0.000239808153477218	0.000479616306954436	0	0.00887290167865707	0
np0039	0	0.00519495774091416	0.00174055110332787	0.0418319567318217	0	0	0.000363059739344464	0	7.47475933944484e-05	0	0.460696113659055	0.00436739509976134	0.00176724667239732	6.406936576667e-05	0.0205609272972872	0.000250938349252791	3.2034682883335e-05	0.00659914467396702	0.128768746963379	0	0	0.0159639503035286	0.0011852832666834	0.0119062238049729	0.00103044896608061	0.000998414283197275	0.000459163787994469	0.00616667645504199	0	0.00810477476948376	0.000923666689802826	0	0.00457028142468913	0.0179661179837371	1.06782276277783e-05	0.000208225438741678	2.66955690694459e-05	0.000117460503905562	0.000176190755858343	0.0249016268279791	0	7.47475933944484e-05	0	0.00324618119884462	0.000630015430038922	0.000907649348361159	0.000149495186788897	0.000181529869672232	3.2034682883335e-05	0	0.0017725857862112	0.000923666689802826	0.000154834300602786	0.00158037768891119	0.0200323550297122	0.00044848556036669	0.00025627746306668	1.06782276277783e-05	0	0.000245599235438902	0	0.000101443162463894	0.00058196340571392	0.0034490675237724	0.00324618119884462	1.06782276277783e-05	0.000843579982594489	0.000154834300602786	0.000469842015622247	0.00530707913100584	6.406936576667e-05	0.00263752222406125	0.0140952604686674	0.0223441913111262	0	0.000138816959161118	0.000624676316225033	0.00155902123365564	0.0554039840467279	0.000315007715019461	0	7.47475933944484e-05	0.0110573047085645	0	0.00662584024303646	6.406936576667e-05	0.000298990373577794	5.33911381388917e-06	0.0167221044651009	0.0100962642220644	0	0.00532843558626139	9.61040486500051e-05	0	0.000181529869672232	0.0104593239614089	0.0105661062376867	3.73737966972242e-05	0.000485859357063915	9.61040486500051e-05	0.000907649348361159	0.000640693657666701	0.000784849730641708	0.0163537056119425	9.61040486500051e-05
np0041	0	0.0127056129302182	0.00162948935326889	0.00823552727192654	0.000968885561403123	0	0.00176161011164204	0.00823552727192654	0.000792724550238918	0	0.0615462532754938	0.000176161011164204	0.121220795807368	0.000110100631977628	0.0343734173034153	0	0	0	0.003016757316187	0	0.000528483033492612	0.00841168828309075	0.00618765551714267	0.0283619227974369	0.00063858366547024	0.000176161011164204	0.00235615352432123	0.0167793363133904	0	0.0219100257635479	0.000286261643141832	0	0.00273049567304516	0.0162288331535023	0.000396362275119459	0.000572523286283663	0.00559311210446348	0.000110100631977628	0.000418382401514985	0.110981437033449	0	6.60603791865765e-05	0	0	0.00257635478827648	0.00114504657256733	0	0	6.60603791865765e-05	0.00156342897408231	0.00546099134609033	0.00193777112280625	0.000176161011164204	0.0134322771012706	0.00482240768062009	0.000462422654306036	0.00123312707814943	0.00394160262479907	0	0.000660603791865765	0	0.0109660229449717	0.000704644044656816	0.0100411776363596	0.003016757316187	0.000110100631977628	4.4040252791051e-05	8.8080505582102e-05	0.000308281769537357	0.00156342897408231	0.0540373901746196	0.00458018629026931	0.00667209829784423	0.180961398718429	0	0.00255433466188096	0.0776649857970185	0.00101292581419417	0.00158544910047784	0.0191354898377117	0	0	0.0294849492436087	0	0.00127716733094048	2.20201263955255e-05	0.000110100631977628	0	0.0278554598903398	0.0052628102085306	0.00044040252791051	0.00182767049082862	0.000220201263955255	0	2.20201263955255e-05	0.0227027503137868	0.00607755488516504	0	0	0	0.0044040252791051	0.00266443529385859	0	0.00744280272168762	0.000154140884768679
np0042	0.000690228235469862	0.0150863218771007	0.000260752888955281	0.0280339365550209	0.000454150172323648	0.00054017861906337	0.000422139587490263	0.000583526286025246	5.66854106424524e-05	0	0.443688713067788	0.000962318206553634	0.00345580938763751	0.000241413160618444	0.0206461603303492	0.000239412499066358	2.66754873611541e-06	0.00079026131307419	0.000301433007181041	6.66887184028852e-07	0.000413470054097888	0.00303500357451531	3.73456823056157e-05	0.0569188211568625	0.000439478654275014	0.000366787951215869	0.000635543486379496	0.00314770750861618	3.80125694896446e-05	0.00827273551787791	0	3.00099232812983e-05	0.00282893543465039	0.0125228075416938	0	0.000358118417823494	0	4.93496516181351e-05	0.000558184573032149	0.0466554273946585	0.000318105186781762	4.00132310417311e-06	2.33410514410098e-05	0.00112970688974488	0.00118772607475539	0.000130709888069655	3.20105848333849e-05	0.000156051601062751	6.66887184028852e-06	0.00529375046682103	0.00541379015994622	0.000750914969216488	9.00297698438951e-05	0.00454150172323648	0.00563386293067574	0.000498831613653581	0.000124707903413395	1.66721796007213e-05	0.000544846829351572	0.000670221619948996	0	0.000100699964788357	0.000667554071212881	0.0419545396344391	0.00396464430905153	0.000132710549621742	0.000310102540573416	0.000473489900660485	0.00073224212806368	0.0156331693680044	0.0868760603506226	0.00304834131819588	0.0102327169517387	0.058871466831699	0	0.000281426391660176	6.66887184028852e-07	0.000751581856400516	0.00687093865704926	0.018329394253033	6.40211696667698e-05	6.60218312188564e-05	0.00483026387392098	7.2023815875116e-05	0.0131210053457677	6.93562671390006e-05	2.40079386250387e-05	9.80324160522413e-05	0.0219565936469659	0.00673355989713932	0	0.00406134295073571	0.000512169357334159	0.000274757519819887	0.000106701949444616	0.0014538140611829	0.00288762150684493	0.001086359222783	0.000448815074851418	1.86728411528079e-05	0.00399532111951685	0.000948313575689028	0.000124041016229367	0.00848347186803103	0
np0048	0.0272806832241905	0.0172616712436249	0	0.00534146120650632	0.00522075021878866	0	0.0118598545432598	0	0.00135799861182364	0	0.0430334671213447	0.000301777469294142	0.0671756646648761	0	0.0520264357063102	0.00099586564867067	0	0	0.00099586564867067	0.000241421975435314	0.0322600114675438	0.00117693213024716	0.00392310710082385	0.018649847602378	0	0.00114675438331774	9.05332407882427e-05	0.00476808401484745	0.000120710987717657	0.00525092796571808	0	0.000362132963152971	0.00998883423363612	0.00579412741044754	0	0.0187705585900957	0	0	0.00546217219422398	0.0577300298759695	0	0	0	0.000633732685517699	0.0132178531550834	0.00256510848900021	0.000181066481576485	0.000422488457011799	0	0.0159640281256601	0.00322901892144732	0.0002112442285059	0.000362132963152971	0.00178048706883544	0.00440595105169448	0.000331955216223557	0	0.0171409602559073	3.01777469294143e-05	0.0002112442285059	0.0581826960799107	0.000482843950870628	6.03554938588285e-05	0.00395328484775327	0.0012674653710354	0	0.000181066481576485	6.03554938588285e-05	0	0.00114675438331774	0.000724265926305942	0.00114675438331774	0.00452666203941214	0.403717898421704	0	9.05332407882427e-05	0.00153906509340013	0.00159942058725896	0.0012674653710354	0.00531128345957691	0.000392310710082385	0	0.017412559978272	0.00353079639074147	0.00615626037360051	9.05332407882427e-05	0	0	0.0119202100371186	0.0038023961131062	0	0.0012674653710354	0	0.00120710987717657	0.000482843950870628	0.000331955216223557	0.00301777469294143	6.03554938588285e-05	0.000150888734647071	0	3.01777469294143e-05	0.00313848568065908	0.000694088179376528	0.00178048706883544	0
np0050	0	0.00588697017268446	0.00160910518053375	0.0131868131868132	0.000745682888540031	0	0.00235478806907378	0.00232862375719519	0.000353218210361068	0	0.0958267922553637	0.000510204081632653	0.147880690737834	0.00022239665096808	0.0289246467817896	9.15750915750916e-05	3.92464678178964e-05	0	0.00425170068027211	0	0.000641025641025641	0.00808477237048666	0.0076138147566719	0.0211276818419676	0.0021323914181057	0.000392464678178964	0.0010858189429618	0.0209968602825746	0	0.0243589743589744	0.000261643118785976	0	0.0115253793825222	0.0198587127158556	0.000771847200418629	0.00359759288330717	0.0144819466248038	0.000196232339089482	0.000641025641025641	0.0983908948194663	0	0.000117739403453689	0	0	0.00270800627943485	0.00173992673992674	2.61643118785976e-05	1.30821559392988e-05	0	0.00332286760858189	0.0108058608058608	0.00158294086865515	0.000209314495028781	0.00685504971219257	0.00312663526949241	0.000667189952904239	0.00125588697017268	0.000954997383568812	0	0.000405546834118263	0	0.0119440083725798	0.00075876504447933	0.0136970172684458	0.00252485609628467	7.84929356357928e-05	0.00022239665096808	2.61643118785976e-05	0.000287807430664574	0.00124280481423339	0.0792778649921507	0.00359759288330717	0.00268184196755625	0.111695447409733	0	0.00197540554683412	0.0476975405546834	0.00192307692307692	0.000601779173207745	0.0288723181580324	0	1.30821559392988e-05	0.0186289900575615	0	0.00261643118785976	2.61643118785976e-05	0.000209314495028781	0	0.0315279958137101	0.00358451072736787	0.00116431187859759	0.0032443746729461	0.000732600732600733	0	0	0.025	0.00920983778126635	0	5.23286237571952e-05	0	0.00401622187336473	0.00227629513343799	0.000300889586603872	0.0133568812140241	0.000771847200418629
np0052	0	0.00193783253990479	0.0114701764211705	0.120616073928871	0.000134416129935592	0	0.00126575189022683	0.00244189302716326	0	0	0.268395407448894	0.00213945673480818	0.0069560347241669	0.000996919630355643	0.0131279753570428	0.000224026883225987	0.000436852422290675	0.000728087370484458	0.00763931671800616	0	0.000336040324838981	0.0142257070848502	0.000459255110613274	0.0446485578269392	0.0017810137216466	0.000302436292355083	0.000481657798935872	0.00481657798935872	0.000212825539064688	0.0197367684122095	0.000918510221226547	2.24026883225987e-05	0.00924110893307197	0.0179557546905629	6.72080649677961e-05	7.84094091290955e-05	0.00321478577429292	0.000313637636516382	0.00203864463735648	0.0429347521702604	0	1.12013441612994e-05	2.24026883225987e-05	0	0.00133295995519462	0.00206104732567908	0.000313637636516382	0	0.000145617474096892	0.000952114253710445	0.00318118174180902	0.00250910109213106	0.000190422850742089	0.00299075889106693	0.00676561187342481	0.000795295435452254	0.000291234948193783	0.000190422850742089	0	0.000481657798935872	0	0.00357322878745449	0.000459255110613274	0.035698683842061	0.00486138336600392	2.24026883225987e-05	0.00184822178661439	0.000470456454774573	0.00052646317558107	0.0142033043965276	0.0246989638756651	0.0106188742649118	0.00721366563987679	0.0392383085970316	0	0.00432371884626155	0.0679025483057967	0.00191542985158219	0.0143713245589471	0.0209801176141137	1.12013441612994e-05	0.000313637636516382	0.00970036404368524	0	0.0124334920190423	6.72080649677961e-05	0.000403248389806777	0.000235228227387286	0.0425539064687763	0.0118174180901708	0.000291234948193783	0.00795295435452254	0.00190422850742089	0	0.00051526183141977	0.006922430691683	0.00856902828339401	3.36040324838981e-05	0.000571268552226267	0.00017922150658079	0.00100812097451694	0.000784094091290955	0.000627275273032764	0.014068888266592	0.00157938952674321
np0055	0	0.00722252316068725	0.00320846701945914	0.0840590580163062	0	0	0.00337514063085962	0	0	0	0.308998986068864	0.00994485881356168	0.00676417072933594	6.94473380835313e-05	0.0434601441726739	0.000430573496117894	0.000180563079017181	0.00172229398447158	0.043168465352723	0	9.72262733169438e-05	0.0243482367320861	6.94473380835313e-05	0.04912704696029	0.00165284664638804	0.00240287789769018	0.000569468172284956	0.00356959317749351	0	0.0163201244496298	0.000458352431351306	0	0.00801422281483951	0.0333625012153284	0	6.94473380835313e-05	0.00168062558162146	0.00112504687695321	0.0004444629637346	0.0551967443087906	0	4.16684028501188e-05	0	0.00259733044432407	0.00159728877592122	0.00727808103115408	0.000277789352334125	0.000875036459852494	0	0	0.00184729919302193	0.00190285706348876	0.00033334722280095	0.00565301331999944	0.00663916552078559	0.00126394155312027	0.000250010417100713	0	0	0.00055557870466825	0	0.000458352431351306	0.000152784143783769	0.00359737211272692	0.00448629804019612	0	0.0051113240829479	0.000138894676167063	0.000125005208550356	0.0103754323096796	0.000263899884717419	0.00431962442879564	0.013806130811006	0.02572329402614	0	0.000236120949484006	0.00497242940678084	0.00327791435754268	0.0144867147242246	0.00166673611400475	6.94473380835313e-05	0.000375015625651069	0.0226676111504646	0	0.0241260052502188	0.000277789352334125	0.00154173090545439	0	0.015556203730711	0.0106671111296304	4.16684028501188e-05	0.00372237732127728	0.000375015625651069	0	0.000180563079017181	0.00663916552078559	0.0505993305276609	6.94473380835313e-05	0.000347236690417656	8.33368057002375e-05	0.000291678819950831	0.00144450463213745	0.00263899884717419	0.0227787268913983	8.33368057002375e-05
np0062	0.00149223485197399	0.04124831893296	0	0.00250548073911682	0.000681638142259723	0	0.000257917134909084	0.000681638142259723	0.00116062710709088	9.21132624675301e-05	0.0383928077964665	0	0.00222914095171423	0.000110535914961036	0.0274313295628305	0.000202649177428566	0	0	0.00119747241207789	0.00263443930657136	0.000534256922311674	0.00130800832703893	0.00112378180210387	0.0222914095171423	0.00635581511025957	0.000423721007350638	0.000239494482415578	0.00210018238425969	1.8422652493506e-05	0.0254048377885448	0.000239494482415578	9.21132624675301e-05	0.0250732300436617	0.0396639708185184	1.8422652493506e-05	0.00445828190342846	0.000239494482415578	9.21132624675301e-05	0.0175383651738177	0.0339161032405446	0.000128958567454542	5.5267957480518e-05	0	0.000442143659844144	0.000718483447246735	0.000221071829922072	3.6845304987012e-05	0.000165803872441554	0	0.00648477367771412	0.00952451133914261	0.000202649177428566	0.000331607744883108	0.0143696689449347	0.00482673495329858	0.00154750280945451	0.000331607744883108	5.5267957480518e-05	0	0.00145538954698698	0.000589524879792192	0.000442143659844144	1.8422652493506e-05	0.0197122381680514	0.00497411617324662	0	5.5267957480518e-05	0	3.6845304987012e-05	0.00140012158950646	0.0046056631233765	0.000350030397376614	0.0141670197675061	0.536817671008272	0	0.000202649177428566	0.00443985925093495	0.000294762439896096	0.00178699729187008	0.00609789797535049	0	0	0.0150328844347009	0.00589524879792193	0.00165803872441554	0	7.36906099740241e-05	0.000128958567454542	0.0195832796005969	0.00860337871446731	1.8422652493506e-05	0.000884287319688289	0.000589524879792192	0	0.000681638142259723	0.00125274036955841	0.00292920174646746	5.5267957480518e-05	0.000165803872441554	0	0	0.00130800832703893	0.000239494482415578	0.00256074869659734	0
np0063	0	0.0213841007621304	0.0014995034477326	0.0194457182565248	1.12533091762296e-05	0	0.00112814424491702	0	1.12533091762296e-05	0	0.460806130802839	0.00453508359802054	0.00336755277098672	0	0.0499337461422249	0.000256012783759224	2.81332729405741e-06	0.00146855684749797	0.0329778225409409	0	1.96932910584019e-05	0.0142551293989889	0	0.0184076004850176	0.00135321042844161	0.00128006391879612	0.000545785495047137	0.00111970426303485	0	0.00914331370568658	0.000132226382820698	0	0.0145786620378055	0.0136530773580606	0.00234068830865576	8.43998188217223e-06	0.00149106346585043	0.000191306255995904	0.000222252856230535	0.0342606997870311	0	0.000123786400938526	8.43998188217223e-06	0.0018230360865492	0.00147137017479202	0.00226191514442216	0.000129413055526641	0.000188492928701846	2.25066183524593e-05	0	0.0057532543163474	0.000461385676225415	0.000146293019290985	0.00767194353089455	0.00513432231165477	0.000340412602580946	0.000213812874348363	2.81332729405741e-05	0.00649034606739044	0.000438879057872956	0	0.000275706074817626	0.00022787951081865	0.00451539030696214	0.00401461804861992	5.62665458811482e-06	0.00132226382820698	0.0001519196738791	0.000486705621871932	0.00625121324739556	0.000174426292231559	0.00202559565172133	0.0128569057338424	0.0277506604285823	0	0.000233506165406765	0.0217442066557697	0.00168518304914039	0.0148740614036815	0.00154170335714346	8.43998188217223e-05	0.000106906437174182	0.0373047199192012	0	0.0123645734573823	9.28398007038945e-05	0.000452945694343243	2.25066183524593e-05	0.0292332839125505	0.0288900579826755	0.00122661070020903	0.0034350726260441	0.000225066183524593	0	4.50132367049185e-05	0.00202559565172133	0.0197692508953414	0	0.000649878604927261	0	0.00317343318769676	0.000497958931048161	0.000497958931048161	0.0171866164393967	3.93865821168037e-05
np0064	0.0523633456580394	0.0149895073448586	0.000149895073448586	0.00184870590586589	0.001448985710003	0	0.0433696412511242	0	0.000699510342760068	0	0.00729489357449785	0	0.0833916258618967	0	0.026781253122814	0.00124912561207155	0	0	0.00109923053862296	0.000299790146897172	0.0392225442190467	0.000299790146897172	0	0.000399720195862896	0	0.00114919556310583	0	0.0142899970020985	0	0.00169881083241731	0	0	0.0127410812431298	0.0162386329569301	0	0	0	0	0.000549615269311482	0.0288298191266114	0	0.00024982512241431	0	0	0.000649545318277206	0.000599580293794344	0	0.000149895073448586	0	0.0153892275407215	0.00129909063655441	0.000549615269311482	0.000149895073448586	0.00024982512241431	0.00024982512241431	0.00569601279104627	9.9930048965724e-05	0.000299790146897172	0	0	0.00979314479864095	0.00049965024482862	4.9965024482862e-05	0.00114919556310583	0.00049965024482862	0	9.9930048965724e-05	0	0	0.00049965024482862	0	0.00259818127310882	0.00384730688518037	0.569351453982212	0	0	0	0.000849405416208654	0	0.00629559308484061	0.000449685220345758	0	0.00849405416208654	0.00224842610172879	0.00629559308484061	0.000199860097931448	0	0	0.00049965024482862	0.000399720195862896	0	0	4.9965024482862e-05	0.000149895073448586	9.9930048965724e-05	0.000449685220345758	0.00494653742380334	0	0	0	0	0.00389727190966324	0.00024982512241431	0	0
np0067	0	0.0646284243983654	0.000302709247767519	0.0296655062812169	0.000908127743302558	0	0.00181625548660512	0	0.000302709247767519	0	0.326169214469502	0.00136219161495384	0.00393522022097775	0.00015135462388376	0.038444074466475	0.000908127743302558	0	0.000605418495535039	0.00983805055244438	0	0	0.0139246253973059	0	0.0237626759497503	0.00181625548660512	0.00181625548660512	0.000908127743302558	0.00272438322990767	0.000454063871651279	0.0143786892689572	0	0	0.00454063871651279	0.0275465415468443	0	0	0.0348115634932647	0	0.00317844710155895	0.0540336007265022	0	0	0	0	0.00136219161495384	0.00499470258816407	0.000302709247767519	0	0	0	0.00560012108369911	0.000454063871651279	0.000454063871651279	0.00590283033146663	0.0102921144240957	0.00227031935825639	0.000302709247767519	0	0.00105948236718632	0.000302709247767519	0	0.000454063871651279	0	0.00438928409262903	0.00575147570758287	0	0.00484334796428031	0.00121083699107008	0	0.0198274557287725	0.00590283033146663	0	0.00393522022097775	0.0219464204631451	0	0	0	0.00650824882700166	0.0242167398214015	0.039654911457545	0	0	0.0078704404419555	0	0.0470712880278493	0	0.00136219161495384	0.000454063871651279	0.0322385348872408	0.0198274557287725	0	0.00438928409262903	0.000302709247767519	0	0.000302709247767519	0.0130164976540033	0.0332980172544271	0	0	0	0	0.000605418495535039	0.00121083699107008	0.00317844710155895	0
np0071	0	0.000568585643212509	0.000177683013503909	0.000906183368869936	0	0	0.0192963752665245	0	0	0	0.0089907604832978	0.000302061122956645	0.530614783226724	0.000106609808102345	0.0216417910447761	3.55366027007818e-05	0	0	0	0	0	1.77683013503909e-05	0	0	0	0	1.77683013503909e-05	0.0212864250177683	0	0.0005863539445629	0	0	0.00541933191186923	7.10732054015636e-05	0	0.000355366027007818	0	0.000408670931058991	8.88415067519545e-05	0.000817341862117982	0	0	0.000159914712153518	0	0	0	3.55366027007818e-05	0	5.33049040511727e-05	0.000159914712153518	0.0017590618336887	0.00151030561478323	0	0	0.000159914712153518	8.88415067519545e-05	0	0.366542288557214	0	1.77683013503909e-05	0	0	0.000142146410803127	0	0.000284292821606254	0	0.000177683013503909	0.000657427149964463	0	0.000337597725657427	0	0.0001954513148543	0	3.55366027007818e-05	0	0	0	0.0015636105188344	0.00740938166311301	0.000657427149964463	0.000497512437810945	0	0.000675195451314854	0	0	0	0.0001954513148543	0	0.000266524520255864	0.000408670931058991	0	5.33049040511727e-05	0	0	0.000177683013503909	0.000106609808102345	0.00373134328358209	0	8.88415067519545e-05	0	5.33049040511727e-05	1.77683013503909e-05	3.55366027007818e-05	3.55366027007818e-05	0
np0076	0.000737408745667724	0.00176978098960254	0	0.00167145982351351	0.000467025538922892	0	0.000712828454145466	0.00307253644028218	7.37408745667724e-05	0	0.202320379519701	0.000344124081311604	0.000294963498267089	0	0.0712582651230244	0.000122901457611287	0	0	0.110439249809503	0	0.000516186121967407	0.0187793427230047	0.00218764594548091	0.00373620431138313	0	7.37408745667724e-05	0.00299879556571541	0.000639087579578694	0.00019664233217806	0.0119460216798171	0	4.91605830445149e-05	0.00194184303025834	0.00813607649386722	0	0.000393284664356119	4.91605830445149e-05	9.83211660890298e-05	0.00159771894894673	0.0731755278617604	4.91605830445149e-05	0.000565346705011921	0	0.000417864955878377	0.00304795614875992	0	2.45802915222575e-05	0.000221222623700317	7.37408745667724e-05	0.00666125900253177	0.00941425165302461	4.91605830445149e-05	0.000319543789789347	0.000761989037189981	0.0437037583265738	0.00371162401986088	0	0.00511270063662955	0.000860310203279011	0.000294963498267089	0	0.000811149620234496	0.000934051077845783	0.224000196642332	0.000712828454145466	0	2.45802915222575e-05	0.000860310203279011	0	0.00100779195241256	0.0249735761866136	0.00179436128112479	0.00140107661676867	0.0812870240641054	4.91605830445149e-05	0	0	4.91605830445149e-05	0.000737408745667724	0.00501437947054052	0	0	0.0172307843571025	0	0.00491605830445149	0	0	0.000565346705011921	0.0219502003293759	0.00137649632524642	0	0	0.000589926996534179	7.37408745667724e-05	0	0.000958631369368041	0.000221222623700317	0	7.37408745667724e-05	0	0.00432613130791731	0.00361330285377185	0	0.00535850355185213	0
np0080	0	0.00541408047643908	3.86720034031363e-05	0.0106396349362879	0.00107314809443703	0	0.000415724036583715	0	0.000396388034882147	0	0.541620743662625	0.000744436065510374	0.000667092058704101	0	0.00323878028501267	0.0005462420480693	0	0	1.45020012761761e-05	0	0	0.00111665409826556	0.000836282073592823	1.93360017015681e-05	0	1.93360017015681e-05	0.00167256414718565	0.00673376259257111	0.000439894038710675	0.0235125780691069	0	0	5.80080051047045e-05	0.00714465262872943	5.80080051047045e-05	0.000420558037009107	0	0	0.0041862443683895	0.0073476806465959	7.73440068062726e-05	0	0.000241700021269602	0	0.000145020012761761	0.000193360017015681	9.66800085078407e-06	4.35060038285283e-05	0	0.00114565810081791	0.0094117988282383	0.000299708026374306	0	0.000106348009358625	0.00248467621865151	0.000106348009358625	0	0.000338380029777443	0	9.66800085078407e-05	0	0	6.76760059554885e-05	0	0.000120850010634801	0	6.76760059554885e-05	0.000845950074443607	0.000106348009358625	0.0024895102190769	0.00308892627182551	0.000188526016590289	0.00398805035094843	0.204855270027264	0	0	0	1.45020012761761e-05	0.0916284780633061	0.000671926059129493	0.000333546029352051	6.76760059554885e-05	0.00311309627395247	4.83400042539204e-06	0.0160005414080476	0	0	0	0.0148452153063789	0.0168754954850436	1.45020012761761e-05	0.000116016010209409	0	0	7.73440068062726e-05	7.73440068062726e-05	0.00080727807104047	0	4.35060038285283e-05	0	2.90040025523522e-05	0.000270704023821954	0.000705764062107237	0.00540924647601369	0
np0081	0.00553192698614176	0.00262387632733094	8.52522994439656e-05	0.0201574325796399	0.00553192698614176	2.84174331479885e-05	0.00275649101535489	0.00044520645265182	0.00291752313652682	0	0.338394793926247	0.000634656006971744	0.00836419782322462	0.000208394509751916	0.0300940617037198	0.00135456431338745	0	0	2.84174331479885e-05	0	0.00262387632733094	0.00344798188862261	7.57798217279694e-05	0.00361848648751054	1.89449554319923e-05	0.000549403707527778	0.00158190377857136	0.00350481675491858	2.84174331479885e-05	0.0143697486951662	0	0.000397844064071839	0.00677282156693726	0.0141897716185623	5.6834866295977e-05	0.0109501842396916	0	4.73623885799809e-05	0.00012314221030795	0.00924513825081227	0.000170504598887931	0.000284174331479885	0	0.00181871572147127	0.00143981661283142	0.000142087165739943	0.000151559643455939	0.000217866987467912	0	1.89449554319923e-05	0.00795688128143679	0.00409211037331035	0.000151559643455939	0.0042057801059023	0.0108744044179636	0.000994610160179598	0.00245337172844301	0.0268071119362692	0.000502041318947797	0.00121247714764751	0	0.000341009197775862	0.00921672081766428	0.0517576182402031	0.0103628906212998	0.000350481675491858	0.000161032121171935	0.000416789019503832	0	0.0120300466993151	0.0285784652691605	0.0125415604959789	0.00542772973126581	0.1295077153331	0	0	0	0.00118405971449952	0	0.0350860574600498	0.00118405971449952	4.73623885799809e-05	0.00386477090812644	0.00019892203203592	0.027337570688365	5.6834866295977e-05	0	0.000634656006971744	0.0189070655211284	0.00656442705718535	0	0.00306908277998276	0.000132614688023946	0.000937775293883621	0.00678229404465326	0.000378899108639847	0.0167473406018812	0.04949369606608	0.000189449554319923	0	0.00918830338451629	0.00109880741505556	9.47247771599617e-05	0.00187555058776724	0
np0089	0.000458958517210944	0.0305030891438658	5.29567519858782e-05	0.00531332744924978	0.00060017652250662	0	0.000123565754633716	0.000476610767872904	0	0	0.120529567519859	0.000494263018534863	0.0042188879082083	7.06090026478376e-05	0.0403706972639011	8.8261253309797e-05	0	0	0.000423654015887026	0	8.8261253309797e-05	0.00188879082082966	0	0.0105383936451898	0.000229479258605472	0.000141218005295675	0.000953221535745808	0.0030008826125331	0	0.0261959399823477	0	1.76522506619594e-05	0.00383053839364519	0.0203353927625772	0	0.00886142983230362	0	0	1.76522506619594e-05	0.0484554280670786	0.000194174757281553	0	0	0.0011297440423654	0.000759046778464254	5.29567519858782e-05	1.76522506619594e-05	0.000105913503971756	0	0	0.00607237422771403	0.000458958517210944	0.000194174757281553	0.00849073256840247	0.00238305383936452	0.000970873786407767	0	0.0063901147396293	1.76522506619594e-05	0.00102383053839365	0	0.000335392762577229	0.00135922330097087	0.0294969108561342	0.00314210061782877	0	0.000194174757281553	5.29567519858782e-05	0.000476610767872904	0.00195939982347749	0.0970167696381289	0.000935569285083848	0.00393645189761695	0.373927625772286	0	0.000388349514563107	0	0.000476610767872904	0.0012180052956752	0.0177052074139453	0.000123565754633716	5.29567519858782e-05	0.0187290379523389	0	0.00333627537511033	0	0	0	0.0490203000882613	0.0199117387466902	0.000176522506619594	0.00513680494263019	0.000635481023830538	5.29567519858782e-05	0.000158870255957635	0.00088261253309797	0.00285966460723742	0	0	0	0.00547219770520741	0.00134157105030891	0	0.00294792586054722	0
np0094	0.000602228244504667	0.0398565601817634	0.00136870055569243	0.0139607456680627	0	0.00205305083353864	0.00112233445566779	0.000273740111138485	0	2.73740111138485e-05	0.273575867071802	0.000684350277846213	0.00106758643344009	0.000218992088910788	0.015904300457146	0	0	0.000656976266732364	0.0162327885905122	0.00164244066683091	0	0.00328488133366182	0	0.0319454709698612	0.000218992088910788	0.000684350277846213	0.000383236155593879	0.00158769264460321	0.00019161807779694	0.0168350168350168	0.000328488133366182	0.000410610166707728	0.00670663272289289	0.016260162601626	0	0	0.000136870055569243	0.00019161807779694	0.000273740111138485	0.0395006980372834	2.73740111138485e-05	8.21220333415455e-05	5.4748022227697e-05	0.000958090388984698	0.00114970846678164	0.000301114122252334	0.000273740111138485	0.000164244066683091	5.4748022227697e-05	0.00766472311187758	0.00240891297801867	0.00114970846678164	0.000218992088910788	0.001806684733514	0.017519367112863	0.00109496044455394	0.000109496044455394	0	0	0.000164244066683091	0.000136870055569243	0.000437984177821576	0.000164244066683091	0.0191344337685801	0.00235416495579097	0	0.000766472311187758	0	8.21220333415455e-05	0.0103200021899209	0.0125099230790288	0.0019161807779694	0.00859543948974843	0.27113958008267	0	0.000246366100024637	0.00495469601160658	0.000629602255618516	0.0309600065697627	0.0257315704470176	0	0	0.00766472311187758	0.0119076948345241	0.0122361829678903	0	0	0	0.0177931072240015	0.0139881196791766	5.4748022227697e-05	0.00287427116695409	0.00117708247789549	0	0.00117708247789549	0.00703512085625907	0.00238153896690482	0.000602228244504667	0.000355862144480031	0.00019161807779694	0.00265527907804331	0.00224466891133558	0.000656976266732364	0.00153294462237552	0
np0097	0	0.00134651283777581	0	0.000214217951464333	0.000581448725403189	0	0.0123022309269517	0	0	0	0.00168314104721976	0	0.00452917954524589	0	0.0450469749364997	0	0	0	0.0294090644796034	0	6.12051289898093e-05	0.000183615386969428	0.000153012822474523	3.06025644949047e-05	0	0.000275423080454142	0	0.00302965388499556	0	0.0312452183492977	0	0	0.00159133335373504	0.00229519233711785	0	0.000520243596413379	0	0.000122410257979619	0.000887474370352235	0.00220338464363314	0	0	0	6.12051289898093e-05	0.000244820515959237	0	0	0.000428435902928665	0	0.000122410257979619	0.000397833338433761	0.000306025644949047	3.06025644949047e-05	0.000612051289898093	0.000336628209443951	3.06025644949047e-05	0	0.00091807693484714	0	9.1807693484714e-05	0	9.1807693484714e-05	0.00220338464363314	0.000122410257979619	0.000214217951464333	0	0	0	0	6.12051289898093e-05	0	0	3.06025644949047e-05	0.844722587752854	3.06025644949047e-05	0	0	0.000153012822474523	3.06025644949047e-05	0.000948679499342045	0	0	0.00113229488631147	3.06025644949047e-05	9.1807693484714e-05	0	0	0.00550846160908284	0.000520243596413379	0	0	3.06025644949047e-05	6.12051289898093e-05	0.00091807693484714	6.12051289898093e-05	0.000765064112372617	0.000183615386969428	9.1807693484714e-05	0	3.06025644949047e-05	0.000153012822474523	9.1807693484714e-05	0.000214217951464333	0.000214217951464333	0
np0100	0	0.00622299049265341	0.00466724286949006	0.0957649092480553	0	0	0.00311149524632671	0.0197061365600691	0.000518582541054451	0	0.166119273984443	0.00190146931719965	0.0242005185825411	0.0010371650821089	0.0375108038029386	0.00017286084701815	0.0010371650821089	0.00017286084701815	0.0148660328435609	0	0.00121002592912705	0.0191875540190147	0	0.0407951598962835	0.00017286084701815	0.000518582541054451	0.000691443388072602	0.0169403630077787	0.000691443388072602	0.0388936905790838	0.000345721694036301	0	0.00847018150388937	0.0273120138288678	0	0.00017286084701815	0.0153846153846154	0.0010371650821089	0.0013828867761452	0.0681071737251513	0	0	0	0	0.00553154710458081	0.00293863439930856	0.000345721694036301	0	0	0	0.00121002592912705	0.00121002592912705	0.000691443388072602	0.0157303370786517	0.00726015557476232	0.000518582541054451	0	0.00017286084701815	0	0.00190146931719965	0	0.0134831460674157	0.000691443388072602	0.0216076058772688	0.00639585133967156	0	0.00121002592912705	0.000345721694036301	0	0.00605012964563526	0.00674157303370787	0.00345721694036301	0.00293863439930856	0.0599827139152982	0	0.00155574762316335	0.0451166810717373	0.00363007778738116	0.0150388936905791	0.0324978392394123	0.00017286084701815	0	0.0222990492653414	0	0.00518582541054451	0	0.000864304235090752	0.000345721694036301	0.0171132238547969	0.00276577355229041	0.0010371650821089	0.00968020743301642	0.0017286084701815	0	0	0.00881590319792567	0.013828867761452	0	0	0	0.00121002592912705	0.0013828867761452	0.0010371650821089	0.0300777873811582	0.00587726879861711
np0101	0.0025419982316534	0.00396035956380784	0.0010499557913351	0.0249594753905099	0.000534188034188034	0.00701812555260831	0.00373931623931624	7.36811081638668e-05	3.68405540819334e-05	0	0.318118184497495	0.0020999115826702	0.0108495431771294	9.21013852048335e-05	0.0339117300324197	0.000442086648983201	0	0.00189728853521957	0.068044503389331	0	0.000349985263778367	0.00545240200412614	0	0.0118442381373416	0.000405246094901267	0.000349985263778367	0.000386825817860301	0.00593132920719128	5.52608311229001e-05	0.0149941055113469	0.000147362216327734	3.68405540819334e-05	0.0022656940760389	0.0318302387267905	0.0001105216622458	3.68405540819334e-05	0.000128941939286767	0.000423666371942234	0.000202623047450634	0.0466585617447686	0	5.52608311229001e-05	0	0	0.00421824344238137	0.000331564986737401	7.36811081638668e-05	0	3.68405540819334e-05	0.000128941939286767	0.00257883878573534	0.00307618626584144	0.000368405540819334	0.00272620100206307	0.013852048334807	0.00442086648983201	0.000147362216327734	0	0	0.000626289419392868	0	5.52608311229001e-05	0.000884173297966401	0.00495505452402004	0.00208149130562924	0	0.000994694960212202	9.21013852048335e-05	0.000184202770409667	0.00727600943118185	0.00431034482758621	0.0013815207780725	0.0129126142057177	0.0317565576186266	0.00403404067197171	0.0001657824933687	0.0112916298261126	0.000349985263778367	0.0339117300324197	0.126878868258179	3.68405540819334e-05	1.84202770409667e-05	0.0139994105511347	0	0.022656940760389	0	0.000405246094901267	0	0.0111442676097849	0.0220122310639552	0	0.00145520188623637	0.000792071912761568	0	0.000460506926024167	0.00502873563218391	0.0399720011788977	0.0001657824933687	0.000552608311229001	5.52608311229001e-05	0.000976274683171235	0.000810492189802535	0.000994694960212202	0.00130783966990864	1.84202770409667e-05
np0102	0	0.00306778231434692	0.000126891239279556	0.0103453680965568	0.000671777149127063	0	0.00254528897613698	0	0.000111962858187844	0	0.79187597500989	0.00266471602487068	0.00246318288013256	0	0.00858381912773469	0.000761347435677338	0	7.46419054585625e-06	0	0	0	0.000992737342598882	0	3.73209527292813e-05	0	2.9856762183425e-05	0.000134355429825413	0.0115172460122562	0.0150851290931755	0.0111813574376927	0	0	5.22493338209938e-05	0.00306778231434692	0	0	0	2.23925716375688e-05	0.00342606346054802	0.0109126465780418	0	0	0	0	0.000253782478559113	0.000933023818232032	2.9856762183425e-05	2.9856762183425e-05	7.46419054585625e-06	2.23925716375688e-05	0.00475468937771043	0.0005971352436685	7.46419054585625e-06	0	0.000171676382554694	4.47851432751375e-05	0	0.000365745336746956	0	0	0	0	9.70344770961313e-05	0	0.000141819620371269	0	0.000231389906921544	0.000156748001462981	0	0.00784486426369492	0.0215267255342494	0.000261246669104969	0.0174139565434826	0.0170183544445523	0	1.49283810917125e-05	0	3.73209527292813e-05	0.00700887492255902	0.000582206862576788	0.000156748001462981	2.9856762183425e-05	0.00249303964231599	0	0.0242212983213035	7.46419054585625e-06	0	0	0.000686705530218775	0.0047099042344353	2.23925716375688e-05	9.70344770961313e-05	0	0	0.000164212192008838	8.21060960044188e-05	0.000522493338209938	0	2.23925716375688e-05	1.49283810917125e-05	3.73209527292813e-05	0.000149283810917125	0.00446358594642204	0.00288117755070051	0
np0104	0	0.0112377631755398	0.00059004961780877	0.0225023467882527	0.000455947431943141	0	0.00171650797908006	0.000295024808904385	0	0	0.193107147646507	0.00182378972777256	0.000536408743462518	0.000214563497385007	0.0243261365160252	0.000187743060211881	0	0.0020651736623307	0.0663537615663135	0	0.000509588306289393	0.00160922623038756	0.000187743060211881	0.00705377497653212	0.00013410218586563	0.000268204371731259	0.00104599704975191	0.00150194448169505	0.000402306557596889	0.0239238299584283	0	0.000107281748692504	0.00844843770953467	0.0306021188145367	0	0.000214563497385007	0.00638326404720397	0.000160922623038756	0.000214563497385007	0.0433418264717715	0	2.68204371731259e-05	8.04613115193778e-05	0.000670510929328148	0.000616870054981896	0	8.04613115193778e-05	0.000455947431943141	0	0.000455947431943141	0.00402306557596889	0.00152876491886818	0.000241383934558133	0.00241383934558133	0.0221805015421751	0.00152876491886818	0	0.000107281748692504	0.000241383934558133	0.000187743060211881	0	0.00013410218586563	0.00013410218586563	0.00262840284296634	0.00552501005766394	2.68204371731259e-05	0.00187743060211881	0.000187743060211881	0.000160922623038756	0.0199275848196326	0.043019981225694	0.00214563497385007	0.00190425103929194	0.26640740244066	0.00528362612310581	0	0	0.000214563497385007	0.0318894997988467	0.0767064503151401	0	0	0.00611505967547271	0	0.00337937508381387	0	0	2.68204371731259e-05	0.0113450449242323	0.00525680568593268	0	0.00107281748692504	0.0027893254660051	0	0.00104599704975191	0.00716105672522462	0.00842161727236154	0.000187743060211881	0.00166286710473381	0	0.00150194448169505	0.000402306557596889	0.000643690492155022	0.0044521925707389	0
np0108	0	0.00190108619849633	0.00837815374915215	0.114074725106757	0.000105085166751053	0	0.00120370281914843	0.00441357700354424	0	0	0.287092675563877	0.00234053325945528	0.00609493967156109	0.000764255758189478	0.0160875837098885	0.000286595909321054	0.000534979030732635	0.000334361894207897	0.00858832408265426	0	0.000267489515366317	0.0134126885562253	4.77659848868424e-05	0.0346207858459834	0.0020921501380437	0.000286595909321054	0.000649617394461056	0.0056077266257153	0.000200617136524738	0.0246663545955654	0.00158583069824317	0	0.008607430476609	0.0179313507265206	9.55319697736848e-06	0.00012419156070579	0.00542621588314529	0.000305702303275791	0.00179600103174527	0.0399037037744681	1.9106393954737e-05	2.86595909321054e-05	2.86595909321054e-05	9.55319697736848e-06	0.00177689463779054	0.0021208097289758	0.00031525550025316	3.82127879094739e-05	0.000114638363728422	0.00024838312141158	0.00259846957784423	0.00242651203225159	0.00019106393954737	0.00361110845744528	0.00696428059650162	0.00113683044030685	0.000334361894207897	2.86595909321054e-05	1.9106393954737e-05	0.000668723788415793	0	0.00220678850177212	0.000506319439800529	0.0387573201371839	0.00440402380656687	0	0.0013947667586958	0.000353468288162634	0.000420340667004213	0.0133935821622706	0.0327865720263286	0.0103843251143995	0.00701204658138846	0.0409736618359334	0	0.00339138492696581	0.0602711197302177	0.00214946931990791	0.0135655397078632	0.0222302893663364	6.68723788415793e-05	0.000162404348615264	0.0115689215395932	0	0.0134509013441348	2.86595909321054e-05	0.000200617136524738	0.000277042712343686	0.0326719336626002	0.0112154532514306	0.000496766242823161	0.00704070617232057	0.00145208594056001	0	0.000372574682117371	0.00833994096124268	0.00717445093000373	0	0.000716489773302636	9.55319697736848e-05	0.00105085166751053	0.000840681334008426	0.000792915349121584	0.0137566036474106	0.0016049370921979
np0115	0.000244508741187497	0.0339867150250621	0.000937283507885407	0.0221280410774685	0	0.00150780390398957	0.00268959615306247	0.000122254370593749	4.07514568645829e-05	0	0.34687640083133	0.000937283507885407	0.00114104079220832	0.000326011654916663	0.0202942255185623	0.000652023309833327	0	0.000611271852968744	0.011817922490729	0.0014263009902604	0.00028526019805208	0.00582745833163536	4.07514568645829e-05	0.032438159664208	0.00101878642161457	0.000733526223562492	0.00028526019805208	0.000570520396104161	0.000163005827458332	0.0135294836790415	0.000326011654916663	0.000733526223562492	0.00574595541790619	0.0141000040751457	4.07514568645829e-05	0	0.000815029137291658	0.000407514568645829	0.00028526019805208	0.0457638860589266	8.15029137291658e-05	8.15029137291658e-05	0	0.000366763111781246	0.00207832430009373	0.000529768939239578	0.000407514568645829	0.000244508741187497	0	0	0.00321936509230205	0.00199682138636456	0.000163005827458332	0.00268959615306247	0.0160153225477811	0.00101878642161457	0.000122254370593749	0	0	0.000529768939239578	0.000244508741187497	0.000326011654916663	0.000244508741187497	0.0211500061127185	0.00395289131586454	0	0.000815029137291658	0.000203757284322915	0	0.012021679775052	0.00859855739842699	0.00215982721382289	0.00709075349443743	0.177757854843311	0	0	0.00627572435714577	0.000855780594156241	0.0279554994091039	0.0232283304128123	0	0	0.0104731244141978	0.0155263050654061	0.0136109865927707	8.15029137291658e-05	0.000122254370593749	0	0.0198459594930519	0.0143852642731978	0.000203757284322915	0.00313786217857288	0.00187456701577081	0	0.00211907575695831	0.00969884673377073	0.00798728554545825	0.000611271852968744	0.000489017482374995	0	0.0033416194628958	0.00195606992949998	0.00101878642161457	0.00224133012755206	0
np0119	0	0.0207709580838323	0.00112275449101796	0.00411676646706587	0	0	0	0	0	0	0.442926646706587	0.00224550898203593	0.0202095808383234	0	0.0757859281437126	0	0	0	0.00243263473053892	0	0	0.00411676646706587	0	0.0108532934131737	0.00561377245508982	0.00093562874251497	0.000374251497005988	0	0	0.0119760479041916	0	0	0.00149700598802395	0.0196482035928144	0.00842065868263473	0	0.00112275449101796	0.000187125748502994	0.000374251497005988	0.00523952095808383	0	0	0	0.00187125748502994	0.00486526946107784	0.000561377245508982	0	0	0	0	0.0110404191616766	0	0	0.0123502994011976	0.00149700598802395	0.000561377245508982	0.000561377245508982	0	0.0424775449101796	0	0	0.000374251497005988	0	0.00149700598802395	0.00486526946107784	0	0	0	0.00093562874251497	0.00430389221556886	0	0.00187125748502994	0.0149700598802395	0.128181137724551	0	0	0.0359281437125748	0.00261976047904192	0	0	0	0	0.00842065868263473	0	0.00542664670658683	0	0	0	0.0540793413173653	0.00711077844311377	0	0.000561377245508982	0	0	0	0	0.00374251497005988	0	0.000561377245508982	0	0	0.00130988023952096	0.000187125748502994	0.00729790419161677	0
np0122	0.000443413602564977	0.00736748755031039	0	0.00279691657002524	0	0	0.000204652431953066	0.000238761170611911	0.000170543693294222	0.00235350296746026	0.237055733678969	0	0.000784500989153421	0.000102326215976533	0.0166450644655161	0.000272869909270755	0	0	0.00105737089842418	0.0033767651272256	0	0.00235350296746026	0.000613957295859199	0.019510198512859	0.00286513404734293	0.000341087386588444	0.000477522341223822	0.00126202333037724	0.000102326215976533	0.0172931305000341	6.82174773176888e-05	0.0003069786479296	0.0127566682584078	0.0116992973599836	0	0.00085271846647111	0.000375196125247288	0	6.82174773176888e-05	0.0730609182072447	3.41087386588444e-05	6.82174773176888e-05	0	0.000886827205129954	0.00085271846647111	0.000136434954635378	0.000170543693294222	6.82174773176888e-05	0	0.00549150692407395	0.00300156900197831	0.000102326215976533	0.000204652431953066	0.00235350296746026	0.011835732314619	0.000136434954635378	0.000341087386588444	0.000272869909270755	0	0.000784500989153421	0.000136434954635378	0.000579848557200355	0	0.00753803124360461	0.00259226413807217	0.000136434954635378	6.82174773176888e-05	0.000613957295859199	0.000818609727812266	0.00180776314891875	0.316460877276758	0.000409304863906133	0.0162357596016099	0.065761648134252	0	0.000136434954635378	0.0183505013984583	0.000443413602564977	0.00197830684221298	0.00286513404734293	0	0	0.0103690565522887	0.0159287809536803	0.00300156900197831	0	0.000204652431953066	0	0.0434204243127089	0.0193396548195648	6.82174773176888e-05	0.0133024080769493	0.00262637287673102	0.000136434954635378	0.000375196125247288	0.000613957295859199	0.00085271846647111	0	3.41087386588444e-05	0	0	0.00320622143393137	3.41087386588444e-05	0.00593492052663892	0
np0123	0.000600401647999006	0.0723173433262251	0	0.00380944493902818	0.00436843957682036	0	0.00020703505103414	0.000124221030620484	0.000289849071447796	0	0.0342021904308399	0.000227738556137554	0.00155276288275605	0.000144924535723898	0.0289435001345728	0	0	8.2814020413656e-05	0.00962712987308751	0	0	0.00302271174509845	0.000600401647999006	0.0123599925467382	6.2110515310242e-05	4.1407010206828e-05	0.000331256081654624	0.00598331297488665	0	0.00540361483199106	0	4.1407010206828e-05	0.0562721268710793	0.00919235626591582	0	0.00072462267861949	0.000186331545930726	4.1407010206828e-05	0.00298130473489162	0.0181569739756941	0	0.000165628040827312	0	0.000124221030620484	8.2814020413656e-05	0	0	0.000144924535723898	6.2110515310242e-05	0.0131053187304611	0.00697708121985052	4.1407010206828e-05	6.2110515310242e-05	0.0011800997908946	0.00610753400550713	0.00190472246951409	2.0703505103414e-05	0.00041407010206828	0	0.000165628040827312	0	0.00062110515310242	6.2110515310242e-05	0.00153205937765264	0.00182190844910043	0	0.000227738556137554	8.2814020413656e-05	0	0.003250450301236	0.003250450301236	0.00372663091861452	0.00072462267861949	0.606778327570858	0.019502701807416	0	0	0	0.0114076313119811	0.0211382787105857	0	0	0.00718411627088466	0	0.00062110515310242	0	0	0	0.0042856255564067	0.0017805014388936	0	0.00217386803585847	0.00238090308689261	0.000124221030620484	0	0.00010351752551707	0.00163557690316971	0	0.000434773607171694	0	0.000227738556137554	0.000186331545930726	0.000124221030620484	0.00215316453075506	0
np0124	0.000337952010814464	0.0231627108950529	0.00103985234096758	0.0243585410871656	0.000415940936387033	0.00626511035432969	0.00176774897964489	0.000857878181298256	0.000129981542620948	2.59963085241896e-05	0.360802766007227	0.00137780435178205	0.00270361608651571	0.000233966776717706	0.0171575636259651	0.000337952010814464	7.79889255725687e-05	0.000701900330153118	0.0134920841240544	0.0017417526711207	0.000805885564249877	0.00691501806743442	0.000259963085241896	0.0192632646164245	0.00285959393766085	0.000675904021628929	0.000311955702290275	0.00293758286323342	0.000311955702290275	0.0129461616450464	0.000207970468193517	0.000545922479007981	0.00553721371565238	0.00974861569657109	0.000103985234096758	2.59963085241896e-05	0.00166376374554813	0.000337952010814464	0.000103985234096758	0.030311695739205	5.19926170483791e-05	7.79889255725687e-05	0.000103985234096758	0.00155977851145137	0.00129981542620948	0.000441937244911223	7.79889255725687e-05	0.000155977851145137	7.79889255725687e-05	0.00140380066030624	0.00184573790521746	0.00119583019211272	0.000155977851145137	0.0027296123950399	0.0142979696883043	0.000311955702290275	0.000753892947201497	0	0	0.000285959393766085	0	0.000519926170483791	0.000415940936387033	0.0451815842150415	0.00155977851145137	0	0.00114383757506434	0.000207970468193517	0.000129981542620948	0.0138820287519172	0.0133101099643851	0.00184573790521746	0.00863077443003094	0.10697480957704	0	0.000311955702290275	0.012062287155224	0.000753892947201497	0.0318454779421322	0.0213429692983596	5.19926170483791e-05	0	0.0109964385057322	0.0772610289338914	0.0120102945381756	5.19926170483791e-05	0.000207970468193517	0.000155977851145137	0.0151298515610783	0.0156237814230379	0.000285959393766085	0.00119583019211272	0.00418540567239452	0	0.00109184495801596	0.0052252580133621	0.00707099591857956	0.000935867106870824	0.00059791509605636	2.59963085241896e-05	0.00267761977799153	0.00119583019211272	0.00106584864949177	0.00311955702290275	2.59963085241896e-05
np0125	0.00300883116883117	0.0475054545454545	4.57142857142857e-05	0.0041225974025974	4.98701298701299e-05	0	0.000955844155844156	0.000162077922077922	0	0.0117568831168831	0.170501818181818	0.000606753246753247	0.00329974025974026	6.23376623376623e-05	0.0228072727272727	4.15584415584416e-05	8.31168831168831e-06	0	9.55844155844156e-05	0.00253090909090909	0.0243490909090909	0.0027012987012987	0.00116779220779221	0.0315012987012987	0.0021651948051948	0.000527792207792208	0.000851948051948052	0.00130909090909091	6.64935064935065e-05	0.00967480519480519	1.24675324675325e-05	0.000307532467532468	0.00527792207792208	0.00280103896103896	0	0.00132571428571429	3.32467532467532e-05	0.00349506493506494	0.000581818181818182	0.00308363636363636	0.000261818181818182	0.000257662337662338	0	0.000199480519480519	0.00273038961038961	0.000124675324675325	0.0281475324675325	0.000103896103896104	1.24675324675325e-05	0.00221506493506493	0.00643324675324675	1.66233766233766e-05	4.98701298701299e-05	0.000847792207792208	0.00460467532467532	0.00041974025974026	0.00169142857142857	0.000951688311688312	0	0.000394805194805195	0.000166233766233766	0.00253090909090909	8.31168831168831e-06	0.0896706493506493	0.00263064935064935	0.000307532467532468	3.32467532467532e-05	0.000257662337662338	0.00173298701298701	0.0197028571428571	7.48051948051948e-05	0.00118441558441558	0.0451864935064935	0.306630649350649	0	0.000108051948051948	0.0138846753246753	0.00032	0.000386493506493506	0.000835324675324675	0.000178701298701299	0	0.00409350649350649	0.000178701298701299	0.00457558441558442	4.15584415584416e-05	6.23376623376623e-05	0	0.0595407792207792	0.021494025974026	0.000411428571428571	0.00175792207792208	0.00164987012987013	0.000299220779220779	0.000461298701298701	0.000282597402597403	0.00128	7.8961038961039e-05	2.90909090909091e-05	0	0	0.000972467532467532	1.24675324675325e-05	0.00868987012987013	0
np0126	0.000318229231122819	0.00602867598960451	0.00146739034351078	0.0109258702685501	0.000247511624206637	0	0.178049254813217	0	0.00144971094178173	0	0.0820324240227711	0.00183865777982073	0.0287820660148861	0.000477343846684228	0.0760744656400827	5.30382051871365e-05	3.5358803458091e-05	0.000159114615561409	0.0499619892862826	0	0.000830931881265138	0.0103601294132207	0.000159114615561409	0.0021745664126726	3.5358803458091e-05	0.000954687693368456	0.000565740855329456	0.0566094443364037	0.000441985043226137	0.0142319183918816	0	0.000176794017290455	0.00215688701094355	0.0167423934374061	0	0.00102540530028464	0.000689496667432774	0.000265191025935682	0.000618779060516592	0.0806534306879055	1.76794017290455e-05	0	3.5358803458091e-05	0.00657673744320492	0.00129059632622032	0	7.0717606916182e-05	0.00123755812103318	1.76794017290455e-05	0.000300549829393773	0.00229832222477591	0.00120219931757509	0.000282870427664728	0.00555133214292028	0.00463200325300992	0.000583420257058501	3.5358803458091e-05	0.00487951487721656	8.83970086452275e-05	0.00102540530028464	0	0.0025281544472535	0.001166840514117	0.00300549829393773	0.00312925410604105	0	0.00054806145360041	0.000212152820748546	0	0.017113660873716	0.0187578452345173	0.00783197496596715	0.00500327068931987	0.166009582235737	0.0111733818927567	0	0	0.000671817265703729	0.00162650495907218	0.0577762848505207	3.5358803458091e-05	0	0.0196418153209695	0	0.00187401658327882	1.76794017290455e-05	0.000106076410374273	0.00070717606916182	0.00818556300054806	0.00224528401958878	0	0.000848611282994184	0.00070717606916182	0.000212152820748546	0.000972367095097502	0.00480879727030037	0.001944734190195	0	0.000937008291639411	0	0.000830931881265138	0.000424305641497092	0.000583420257058501	0.00164418436080123	0
np0128	0	0.0226137949106567	0.00102693400001416	0.0251067657244842	0	0	0.000701148041388981	0	0	0	0.36542561102573	0.00245047699313725	0.00632449697939758	0	0.0465165690489175	0.000240798317244701	2.12469103451206e-05	0.00174932895174827	0.0515520868007111	0	0	0.015319022358832	0.000609078096560125	0.0187681041381899	0.000771971075872717	0.00106942782070441	0.000644489613801993	0.00133147304829423	0	0.010333080731177	0.000155810675864218	0	0.0051417523035192	0.0140654546484699	0.00677776440009349	4.95761241386148e-05	0.00148728372415845	0.000332868262073557	0.000332868262073557	0.0225571364830698	0	0.000269127531038195	0	0.00186972811037062	0.00156518906209055	0.00143062529657146	0.000233716013796327	0.00031870365517681	3.54115172418677e-05	0	0.00560918433111185	0.000226633710347954	0.000198304496554459	0.00792509755873	0.00948320431737218	0.000594913489663378	0.000502843544834522	9.91522482772297e-05	0.00928489982081772	0.00055950197242151	0	0.00184139889657712	0.000304539048280063	0.00494344780696474	0.003640303972464	0	0.00123940310346537	0.000148728372415845	0.000304539048280063	0.00479471943454889	0.000198304496554459	0.00643073153112318	0.0195542398209594	0.0479755235592824	0	0.000325785958625183	0.0192497007726793	0.00145895451036495	0.0334213899728748	0.00174932895174827	7.7905337932109e-05	0.00012039915862235	0.0727777502354866	0	0.0121744796277541	7.08230344837355e-05	0.000481596634489401	2.83292137934942e-05	0.0320049292832001	0.0267498601245069	7.08230344837355e-05	0.00590664107594354	0.000113316855173977	0	8.49876413804826e-05	0.0025425469379661	0.00814464896562958	0	0.000198304496554459	0	0.00214593794485719	0.000354115172418677	0.000941946358633682	0.0237257165520514	2.12469103451206e-05
np0133	0.0012702445220705	0.0187956494125119	0.000317561130517625	0.0713520165131788	0.000456494125119085	3.96951413147031e-05	0.00119085423944109	0	0	0	0.444426802159416	0.0155009526833916	0.00510082565893935	0.000377103842489679	0.0127421403620197	0.000277865989202922	0.000158780565258812	0	0.00531914893617021	0	0	0.00303667831057479	0	0.00325500158780565	0.00105192124483963	0.000932835820895522	0.000793902826294062	0.00518021594156875	0.000754207684979359	0.00603366147983487	0	0.00148856779930137	0.00641076532232455	0.00954668148618609	0	0	0	0.000337408701174976	0.000654969831692601	0.0329469672912036	0.00077405525563671	0.000198475706573515	0	0	0.00129009209272785	0	0	0.000297713559860273	7.93902826294062e-05	0.00115115909812639	0.0103405843124802	0.00180612892981899	7.93902826294062e-05	0.000198475706573515	0.0136948237535726	0.00105192124483963	0.005815338202604	0	3.96951413147031e-05	0.000119085423944109	0	0.000158780565258812	0.000119085423944109	0.00436646554461734	0.00119085423944109	0.00121070181009844	0.000496189266433789	0.000615274690377898	0.00170689107653223	0.0145284217211813	0.00521991108288346	0.00025801841854557	0.0137146713242299	0.0419180692283265	0.000496189266433789	0.000555731978405843	0	0.000853445538266116	0.0143497935852652	0.0303469355350905	0	0	0.00579549063194665	0	0.0415211178151794	5.95427119720546e-05	0	0	0.0618053350269927	0.0379287075261988	0	0.00281835503334392	0.00367180057161003	0	0.000138932994601461	0.0031954588758336	0.00311606859320419	1.98475706573515e-05	0.000396951413147031	0	0.0120077802476977	0.0013099396633852	0.000436646554461734	0.00698634487138774	0
np0136	0.000252682647440325	0.00720987820696393	3.369101965871e-05	0.00454828765392585	0	0	6.73820393174199e-05	0.000842275491467749	0	0.00385762175092229	0.174570018361606	0.00053905631453936	0.00043798325556323	0	0.00881020164075266	0.00010107305897613	5.0536529488065e-05	0	0.00417768643768004	0.00453144214409649	0	0.00129710425686033	0	0.0377339420177552	0.00483466132102488	0.00016845509829355	0.000589592844027424	0.000926503040614524	0.00010107305897613	0.00724356922662264	0.000993885079931944	0.000151609588464195	0.00480097030136617	0.00488519785051295	0.00016845509829355	0	0.000589592844027424	0	5.0536529488065e-05	0.0837390293617236	0.00023583713761097	3.369101965871e-05	0	0.00053905631453936	0.000488519785051295	0.00010107305897613	0	5.0536529488065e-05	1.6845509829355e-05	1.6845509829355e-05	0.00301534625945454	0.000353755706416455	0.000151609588464195	0.00293111871030777	0.00463251520307262	0.000421137745733875	0.000825429981638394	0.00026952815726968	6.73820393174199e-05	0.00010107305897613	0	0.000252682647440325	0	0.0191196536563179	0.00320064686757745	0.00010107305897613	0.000185300608122905	0.00030321917692839	0.00010107305897613	0.00340279298552971	0.00218991627781615	0.00348702053467648	0.00443036908512036	0.224399036436838	0	0.000387446726075165	0.0208210501490828	0.000286373667099035	0.000387446726075165	0.00443036908512036	0.000286373667099035	0	0.00663713087276586	0.00107811262907872	0.0461398514226033	0	0	1.6845509829355e-05	0.0539393224735947	0.0234657951922915	0	0.00180246955174098	0.00156663241413001	0	0.00047167427522194	0.190421643111029	0.00171824200259421	0	0	0	0	0.00304903727911325	0.00016845509829355	0.00919764836682782	0
np0137	0.000729746952535614	0.0507533866425473	0.00125393138323021	0.0180175550393652	0.000328900034945629	0.00186034082266121	0.00245647213600016	0.000370012539313832	0.000359734413221781	0	0.323308734351553	0.000986700104836886	0.00260036590128888	0.000205562521841018	0.0324686003247888	0.000483071926326392	0.000123337513104611	0.000164450017472814	0.0097950541657245	0.00240508150553991	0.00109975949184945	0.00378235040187473	2.05562521841018e-05	0.03432894114745	0.000883918843916377	0.00105864698748124	0.000390568791497934	0.0040598598063601	0.000236396900117171	0.0180381112915493	0.000380290665405883	0.000555018808970748	0.00631076942051925	0.018983698892018	3.08343782761527e-05	6.16687565523054e-05	0.000483071926326392	0.000246675026209222	0.000822250087364072	0.0376282196229983	0	0.00011305938701256	5.13906304602545e-05	0.00102781260920509	0.00758525705593356	0.000585853187246901	0.00022611877402512	0.000205562521841018	2.05562521841018e-05	7.19468826443563e-05	0.00217896273151479	0.000966143852652784	0.000215840647933069	0.0051287849199334	0.00851028840421814	0.0011922626266779	0.000236396900117171	0	2.05562521841018e-05	0.000359734413221781	0.00011305938701256	0.000400846917589985	0.000277509404485374	0.0325816597118013	0.00287787530577425	2.05562521841018e-05	0.000596131313338952	0.000195284395748967	0.000215840647933069	0.0126626513454067	0.0227866055460768	0.00313482845807552	0.0114601105926368	0.168191255370321	0	0.000256953152301272	0.00965116040043579	0.000894196970008428	0.0125907044627623	0.0280284498530228	7.19468826443563e-05	7.19468826443563e-05	0.0097333854091722	0.00861306966513865	0.0226427117807881	9.25031348284581e-05	0.000236396900117171	8.22250087364072e-05	0.0110900980533229	0.0133718420457582	2.05562521841018e-05	0.00154171891380763	0.00134643451805867	0	0.00132587826587457	0.00355623162784961	0.00381318478015088	0.000318621908853578	0.000298065656669476	7.19468826443563e-05	0.0022406314880671	0.00301149094497091	0.000719468826443563	0.00202479084013403	0
np0138	0.00038330590065613	0.036549344997858	0.000135284435525693	0.00410362787761268	0.000157831841446642	9.01896236837952e-05	0.000248021465130437	0.000450948118418976	9.01896236837952e-05	0.000202926653288539	0.154246803905211	0.000338211088814232	0.000428400712498027	0	0.00888367793285382	0	0	0.000631327365786566	0.00577213591576289	0.0018488872855178	0	0.0010146332664427	0	0.0750152194989966	0.00133029694933598	0.000225474059209488	0.000473495524339925	0.000766611801312259	0.000135284435525693	0.0124236206624428	0.000135284435525693	0.000338211088814232	0.00534373520326486	0.00640346328154946	0	0	0.00171360284999211	0	9.01896236837952e-05	0.0276205722531623	0	0	0	0.00056368514802372	0.0010146332664427	9.01896236837952e-05	4.50948118418976e-05	2.25474059209488e-05	0	0.0136186331762531	0.00135284435525693	4.50948118418976e-05	2.25474059209488e-05	0.00297625758156524	0.0111158711190278	0.000112737029604744	0.000338211088814232	2.25474059209488e-05	2.25474059209488e-05	0.000248021465130437	9.01896236837952e-05	0.000473495524339925	0	0.0112737029604744	0.00227728799801583	4.50948118418976e-05	0.000157831841446642	0.000157831841446642	0.000157831841446642	0.00295371017564429	0.0157831841446642	0.000360758494735181	0.00631327365786566	0.281323983675678	0	0.00056368514802372	0.0158959211742689	0.000315663682893283	0.0116344614552096	0.0119726725440238	2.25474059209488e-05	0	0.00608779959865617	0.197402538837907	0.0046222182137945	6.76422177628464e-05	0	0	0.0224346688913441	0.0116344614552096	6.76422177628464e-05	0.00518590336181822	0.00196162431512255	2.25474059209488e-05	0.000338211088814232	0.00259295168090911	0.000608779959865617	6.76422177628464e-05	6.76422177628464e-05	0	0.00056368514802372	0.000969538454600798	0	0.00432910193682217	0
np0141	0.000653236131796922	0.00162002560685637	0.000470330014893784	0.0051997596091035	0.000914530584515691	0	0.0010190483656032	0.000156776671631261	0	0	0.0330014893783805	0.000209035562175015	0.000574847795981291	0	0.0151812077029605	0.000130647226359384	0	0	5.22588905437538e-05	0	0.000731624467612553	0.000104517781087508	0	0.000522588905437538	0	0.00104517781087508	0.00219487340283766	0.00266520341773144	0	0.0051997596091035	0	0	0.0569099318021478	0.00880562305662251	0	0.000339682788534399	0	0	2.61294452718769e-05	0.0338376316270806	0	0.000235165007446892	2.61294452718769e-05	0	0.000261294452718769	0.000235165007446892	0	0.000156776671631261	0	0	0.00611429019361919	2.61294452718769e-05	2.61294452718769e-05	0.000209035562175015	0.0235948890805048	0.001698413942672	0	0	0	0.000235165007446892	0	0.000261294452718769	0	0.00188132005957514	0.00133260170886572	0	5.22588905437538e-05	0.000209035562175015	0.000104517781087508	0.00253455619137206	0.0138747354393666	0.00041807112435003	0.0146586187975229	0.274986282041232	0	0	0	0.000444200569621907	0.000810012803428183	0.00776044524574743	0.000182906116903138	0	0.00141099004468135	0.434976875440934	0.00567008962399728	0.000104517781087508	0.000156776671631261	0	0.0164615505212824	0.0102427425465757	0	0.000810012803428183	0	0.000235165007446892	0	0.00224713229338141	0.00159389616158449	0	0	2.61294452718769e-05	0.000862271693971937	0.000783883358156306	5.22588905437538e-05	0.000470330014893784	0
np0147	0	0.0209751669584387	0.000194514685858782	0.021882902159113	0.000259352914478376	0.0021720806587564	0.0011022498865331	0.000259352914478376	0.000129676457239188	0.000259352914478376	0.43927899889775	0.00155611748687026	0.000226933800168579	0.000291772028788173	0.0192569539000195	0.000259352914478376	0.000226933800168579	3.24191143097971e-05	0.01277313103806	0.00324191143097971	0	0.00282046294495234	0	0.0224340271023796	0.00142644102963107	0.000356610257407768	0.000259352914478376	0.000810477857744926	0.000518705828956753	0.013421513324256	0.00119950722946249	0.000194514685858782	0.00401997017441484	0.0188355054139921	0	0	0.00142644102963107	0.000129676457239188	0.000194514685858782	0.0400051870582896	0	0.000162095571548985	6.48382286195941e-05	0.00100499254360371	0.00152369837256046	0.000356610257407768	0.000226933800168579	0	0.000194514685858782	0	0.00272320560202295	0.000615963171886144	0.000259352914478376	0.00476560980354017	0.0181222848991766	0.000583544057576347	0.000259352914478376	0	0	0.000194514685858782	0	9.72573429293912e-05	0.000194514685858782	0.036892952084549	0.00265836737340336	6.48382286195941e-05	0.000810477857744926	0	0.000129676457239188	0.0122544252091033	0.0210724243013681	0.00123192634377229	0.00956363872139013	0.12620761200804	0	0.00087531608636452	0.00904493289243338	0.000453867600337159	0.0118329767230759	0.00982299163586851	3.24191143097971e-05	0	0.00632172729041043	0.00508980094663814	0.0152369837256046	0	0	0	0.0271023795629903	0.0145561823250989	0.000356610257407768	0.00259352914478376	0.00213966154444661	0	0.000810477857744926	0.00936912403553135	0.000713220514815535	0.000518705828956753	0.000615963171886144	0	0.00194514685858782	0.00243143357323478	0.000583544057576347	0.00288530117357194	0
np0149	0	0.00225613674024475	0	0.0357745022730457	0.000903420921682585	0	0.00322719345285544	0	0	0	0.777487910102372	0.000115947070162471	0.000483112792343628	0	0.0446782710359388	0.000420308129338957	0	0	0	0	0	9.66225584687257e-06	0	0	0	2.41556396171814e-05	2.89867675406177e-05	0.00248803088056969	0.000671526781357644	0.0034349319535632	0	0	4.34801513109266e-05	0.00908735162398365	0	0	0	0.000246387524095251	5.31424071577991e-05	0.0148412249807963	0	0	4.83112792343628e-06	0	0.00712108255914508	0	0	1.93245116937451e-05	0	0	0.000647371141740462	0.000222231884478069	6.7635790928108e-05	0.000888927537912276	0.00890859989081651	0.0058456647873579	0	2.89867675406177e-05	0	6.28046630046717e-05	0	0	0.000115947070162471	4.83112792343628e-06	0.00013044045393278	0	0.00108217265484973	0.000222231884478069	9.66225584687257e-05	0.0165514442656927	0	0.000314023315023358	0.00860906995956346	4.83112792343628e-06	4.83112792343628e-06	0	0	4.34801513109266e-05	0.00122227536462938	0.00949799749747574	0	1.93245116937451e-05	0.00310158412684609	0	0.0217690624230039	4.83112792343628e-06	9.66225584687257e-06	0	0.000961394456763821	0.00600992313675474	3.3817895464054e-05	1.44933837703089e-05	0	4.83112792343628e-06	8.21291746984168e-05	0.00168606364527926	0.0011981197250122	0	9.17914305452894e-05	0	4.34801513109266e-05	0.000212569628631197	0.006710436685653	5.31424071577991e-05	0
np0156	0.00337362121567707	0.0022881952593288	0.000264022529922553	0.0170734569349918	0.00020535085660643	0	0.00299225533912227	0.00079206758976766	0	0.00833137761088946	0.349976531330674	0.000528045059845107	0.000528045059845107	0	0.0105902370335602	0.000117343346632246	0	0	0.0035789720722835	0.0191856371743722	0.00161347101619338	0.00325627786904482	0.000293358366580615	0.0269889697254166	0.00463506219197372	0.000352030039896738	0.0022881952593288	0.00108542595634827	0.000234686693264492	0.0162520535085661	0	0.00850739263083783	0.00117343346632246	0.0103262145036376	0	0	0.000146679183290307	0.00181882187279981	8.80075099741845e-05	0.0227352734099977	0.000938746773057968	0.000146679183290307	0	0.00202417272940624	0.00146679183290307	0	0.000674724243135414	0.000117343346632246	8.80075099741845e-05	0	0.0062485332081671	0	0.000469373386528984	0.000704060079793476	0.00404834545881249	0.000146679183290307	0.00378432292888993	0.000498709223187045	0	0.000117343346632246	0.000322694203238676	0.000293358366580615	5.8671673316123e-05	0.026226237972307	0.00448838300868341	0.00328561370570289	0.000293358366580615	0.000762731753109599	0.00721661581788313	0.051073691621685	0.00572048814832199	0.00466439802863178	0.0116169913165923	0.024788781976062	0	0.00079206758976766	0.0404834545881249	0.000381365876554799	0.000440037549870922	0.00630720488148322	0	0	0.00630720488148322	0.0336482046467965	0.0501642806852851	2.93358366580615e-05	2.93358366580615e-05	0	0.0691152311663929	0.0538605961042009	5.8671673316123e-05	0.00372565125557381	0.00583783149495424	0.000557380896503168	0.00102675428303215	0.00258155362590941	0.000821403426425722	2.93358366580615e-05	8.80075099741845e-05	0.00504576390518658	0	0.00466439802863178	0.000146679183290307	0.0290718141281389	0.000880075099741845
np0159	0	0.00137931034482759	0.00344827586206897	0.0489655172413793	0	0	0.00137931034482759	0.00551724137931034	0	0	0.259310344827586	0.000689655172413793	0.00758620689655172	0	0.0296551724137931	0	0	0	0.0220689655172414	0	0	0.0103448275862069	0.00413793103448276	0.036551724137931	0.000689655172413793	0	0.000689655172413793	0.00137931034482759	0	0.0172413793103448	0	0	0.0096551724137931	0.023448275862069	0	0	0.0144827586206897	0	0.000689655172413793	0.043448275862069	0	0	0	0	0	0	0	0	0	0.00620689655172414	0.00413793103448276	0.000689655172413793	0	0.00551724137931034	0.0144827586206897	0	0.00206896551724138	0.000689655172413793	0	0	0	0.00413793103448276	0.00206896551724138	0.0358620689655172	0.00137931034482759	0	0.00206896551724138	0	0.000689655172413793	0.00275862068965517	0.0303448275862069	0.00758620689655172	0.00482758620689655	0.0441379310344828	0	0.000689655172413793	0.124137931034483	0.00137931034482759	0.0110344827586207	0.0255172413793103	0	0	0.0137931034482759	0	0.0103448275862069	0	0	0	0.0331034482758621	0.0220689655172414	0	0.0103448275862069	0	0	0	0.0296551724137931	0.000689655172413793	0	0	0	0	0.000689655172413793	0	0.00413793103448276	0
np0162	0	0.0127300081009142	0.000945106662037573	0.0139644331288817	0	0	0.0004436214944258	0	0	0	0.504031169231956	0.00219881958106701	0.00829379315665625	0	0.0346796281294603	0.000115727346371948	0	0.00138872815646337	0.011129113142769	0	0	0.00858311152258612	0.00235312270956294	0.00989468811480153	0.00295104733248467	0.000771515642479651	0.000289318365929869	0.00121513713690545	0	0.00894958145276395	0	0	0.00162018284920727	0.011148401033831	0.00374185086602631	0	0.000771515642479651	0.000135015237433939	7.71515642479651e-05	0.0115341588550708	0	0.000366469930177834	0	0.00131157659221541	0.00163947074026926	0.000713651969293677	0.000115727346371948	0.000192878910619913	0	0	0.0216410137715542	0.000270030474867878	7.71515642479651e-05	0.00536203371523358	0.00671218608957297	0.00250742583805887	0.0013308644832774	0.000424333603363808	0.0206766192184547	0.000675076187169695	0	0.00185163754195116	0.000173591019557922	0.00590209466496933	0.00244956216487289	3.85757821239826e-05	0.000270030474867878	0.000366469930177834	0.000520773058673765	0.00599853412027929	5.78636731859738e-05	0.00499556378505574	0.0296262006712186	0.0384407668865486	0	0.00131157659221541	0.0229911661458936	0.00104154611734753	0.00167804652239324	0.000675076187169695	0	0	0.0323072175288354	0	0.0134629479612699	3.85757821239826e-05	0.000270030474867878	0	0.0721560004629094	0.00900744512594993	0.000250742583805887	0.00383829032133627	0.00102225822628554	0	0	0.00372256297496432	0.00302819889673263	0	0.000520773058673765	0	5.78636731859738e-05	0.000501485167611773	0.000192878910619913	0.0232611966207615	0
np0164	0	0.0021200051394064	0.000610304509829115	0.0285879480919954	0	0	0.00016060644995503	0	0	0	0.573718360529359	0.00247333932930747	0.00118848772966722	0	0.00931517409739175	0	3.2121289991006e-05	0.000353334189901066	0.042496466658101	0	0	0.021135808814082	0.000289091609919054	0.0154824617756649	0.00138121546961326	0.000546061929847103	0.000289091609919054	0.00295515867917256	0	0.0037260696389567	0.000706668379802133	0	0.000513940639856097	0.00754850314788642	0.00032121289991006	3.2121289991006e-05	6.42425799820121e-05	3.2121289991006e-05	0.000353334189901066	0.00934729538738276	0	0	6.42425799820121e-05	0.0015739432095593	0.000449698059874085	0.000417576769883079	0	0	6.42425799820121e-05	0	0.00379031221893871	0.000481819349865091	0	0.00138121546961326	0.126397276114609	0	0.000513940639856097	0	0.00032121289991006	0.000128485159964024	0	0	0.000417576769883079	0.00420788898882179	0.00122060901965823	3.2121289991006e-05	0.000256970319928048	0.000289091609919054	0.000513940639856097	0.00276243093922652	0	0.00122060901965823	0.00571758961839907	0.0176345882050623	0	0.00032121289991006	0.00250546061929847	0.000578183219838109	0.00828729281767956	9.63638699730181e-05	0	0	0.00828729281767956	0	0.00292303738918155	0	0.000128485159964024	0	0.0296479506616986	0.0100218424771939	0.000449698059874085	0.00973275086727483	0.000289091609919054	0	0	0.00526789155852499	0.000995759989721187	0	0.000192727739946036	0	0.000835153539766157	0.000192727739946036	9.63638699730181e-05	0.0235127842734164	0
np0166	0	0.00477987421383648	0.0070440251572327	0.0619706498951782	0	0	0.00159329140461216	0.00587002096436059	8.38574423480084e-05	0	0.15496855345912	0.00125786163522013	0.0187840670859539	0	0.0490566037735849	0	0.000167714884696017	0.000167714884696017	0.0154297693920335	0	0.000670859538784067	0.0162683438155136	0	0.0483018867924528	0.00150943396226415	0.000670859538784067	0.000587002096436059	0.0166876310272537	0	0.0363102725366876	0.000670859538784067	0	0.00511530398322851	0.0261635220125786	0	0	0.00989517819706499	0.00050314465408805	0.000251572327044025	0.0693501048218029	0	0	0	0	0.00310272536687631	0.00243186582809224	0.000335429769392034	0	8.38574423480084e-05	0	0.00259958071278826	0.0020125786163522	0.000922431865828092	0.00813417190775681	0.010482180293501	0.00125786163522013	0.000251572327044025	0	0.000167714884696017	0.0010062893081761	0	0.0215513626834382	0.000587002096436059	0.0130817610062893	0.00528301886792453	0	0.0020125786163522	0.000167714884696017	0	0.0060377358490566	0.00972746331236897	0.00218029350104822	0.00352201257861635	0.116058700209644	0	0.000754716981132075	0.0316142557651992	0.00570230607966457	0.0258280922431866	0.0671698113207547	0.000167714884696017	0.00109014675052411	0.0212159329140461	0	0.00285115303983228	0	0.000838574423480084	8.38574423480084e-05	0.0238993710691824	0.00385744234800839	0.00050314465408805	0.00519916142557652	0.000587002096436059	0	0.000419287211740042	0.0161006289308176	0.00880503144654088	0	0.000419287211740042	8.38574423480084e-05	0.00142557651991614	0.00176100628930818	0.000838574423480084	0.010482180293501	0.00117400419287212
np0167	0.00488414357110404	0.00292075030830142	0.000405659765041864	0.0120075290452392	0.000584150061660284	0.000989809826702148	0.00118452651392224	0.000665282014668657	0.000681508405270332	0	0.419549555396898	0.000632829233465308	0.00410527682222366	0	0.028672032193159	0.000227169468423444	0	0.000503018108651912	0.00256376971506458	0	0.00017849029661842	0.00718829103654183	0.000210943077821769	0.0262218472123061	0.00107094177971052	0.000146037515415071	0.000535470889855261	0.004786785227494	0	0.0123482832478743	0.000308301421431817	0.000243395859025118	0.00144414876354904	0.00709093269293178	0	8.11319530083728e-05	0	0.000308301421431817	0.000210943077821769	0.048711624586227	0	0.000227169468423444	0	0	0.0028720711364964	0.000227169468423444	3.24527812033491e-05	0	4.86791718050237e-05	6.49055624066983e-05	0.00442980463425716	0.0017199974037775	0.000259622249626793	0.00223924190303109	0.026773544492763	0.00288829752709807	0	1.62263906016746e-05	0	0.000632829233465308	0	4.86791718050237e-05	0.000843772311287077	0.00455961575907055	0.00116830012332057	0	0.000275848640228468	4.86791718050237e-05	0.000308301421431817	0.00434867268124878	0.0112286622963588	0.00157395988836243	0.00958979684558967	0.101674563510093	0.00616602842863633	0.000308301421431817	0.0187090283637308	0.000162263906016746	0.00225546829363276	0.0898130719802687	3.24527812033491e-05	1.62263906016746e-05	0.0138248847926267	0	0.0149607321347439	1.62263906016746e-05	6.49055624066983e-05	0	0.0416369182838969	0.0122833776854676	0	0.00230414746543779	0.00124943207632894	0	3.24527812033491e-05	0.00579282144479782	0.00428376711884208	4.86791718050237e-05	0.000535470889855261	0	0.0130784708249497	0.00110339456091387	0.000405659765041864	0.00115207373271889	0
np0168	0.000954985860646238	0.00909554494460155	0.000129803903388809	0.0106068332483427	0.000101988781234064	0.000305966343702193	0.000148347318158639	0.00108478976403505	0	0.00134439757081267	0.278920773260396	0.000324509758472023	0.000741736590793195	0.000139075610773724	0.00776969078855871	0.000101988781234064	9.27170738491493e-05	9.27170738491493e-06	0.00594316443373047	0.00673125956144824	0.000166890732928469	0.00131658244865792	5.56302443094896e-05	0.0192666079458532	0.0041629966158268	0.000407955124936257	0.000370868295396597	0.00122386537480877	0.000194705855083214	0.00382921514996987	0.00926243567753002	0.00065829122432896	0.00328218441425989	0.00394047563858885	0	6.49019516944045e-05	0.00063974780955913	6.49019516944045e-05	0.000528487320940151	0.0677483658615734	0.000111260488618979	3.70868295396597e-05	0	0.000231792684622873	0.00240137221269297	9.27170738491493e-05	2.78151221547448e-05	4.63585369245747e-05	7.41736590793195e-05	0.000157619025543554	0.000825181957257429	0.00132585415604284	3.70868295396597e-05	0.00222520977237958	0.00897501274859765	0.0006212043947893	0.00138148440035232	9.27170738491493e-06	0	0.000120532196003894	7.41736590793195e-05	0.000213249269853043	7.41736590793195e-05	0.0529785359974039	0.00139075610773724	0.000129803903388809	0.000278151221547448	0.000380140002781512	0.000213249269853043	0.00540540540540541	0.00656436882851977	0.00355106392842242	0.00802002688795142	0.230160864123128	2.78151221547448e-05	0.00163182049974503	0.0225024338231885	0.000343053173241852	0.00185434147698299	0.00665708590236892	2.78151221547448e-05	0	0.00654582541374994	0.00448750637429883	0.049158592554819	4.63585369245747e-05	5.56302443094896e-05	5.56302443094896e-05	0.0321635529182699	0.0141949840063048	5.56302443094896e-05	0.00158546196282045	0.00429280051921561	0	0.00289277270409346	0.0694821751425525	0.0011775068378842	0.000176162440313384	0.000241064392007788	0	5.56302443094896e-05	0.0022344814797645	0.000166890732928469	0.00802002688795142	0
np0169	0.000114727140617232	0.00855354570601808	1.27474600685813e-05	0.00679439621655385	6.37373003429067e-05	0	0.0128749346692671	0.000140222060754395	0	0	0.11824543959616	0.00057363570308616	0.000752100144046299	0.000101979680548651	0.0515634759774115	6.37373003429067e-05	0	0.000242201741303045	0.409767103904547	0	0.000586383163154741	0.0197458156462325	0	0.00257498693385343	0.000101979680548651	0.000203959361097301	0.000203959361097301	0.00169541218912132	8.92322204800693e-05	0.0252272234757225	0	0.000127474600685813	0.000611878083291904	0.0333728504595459	0	8.92322204800693e-05	0.00188662409015004	0.000305939041645952	0.000114727140617232	0.0260175659999745	0	0	2.54949201371627e-05	0.000777595064183461	0.00277894629495073	0	8.92322204800693e-05	0.000344181421851696	0	8.92322204800693e-05	0.000968806965212181	0.000611878083291904	0.000280444121508789	0.00285543105536222	0.00882124236745828	0.000369676341988859	0.000280444121508789	0.00985378663301337	0.000140222060754395	0.000305939041645952	0	0.000637373003429067	0.00523920608818693	0.00565987227045011	0.00226904789220748	7.6484760411488e-05	0.000229454281234464	0.000127474600685813	2.54949201371627e-05	0.00475480260558084	0.0143281451170854	0.000917817124937856	0.00121100870651523	0.111680497660841	0.00513722640763828	0	0	0.000114727140617232	0.00272795645467641	0.0109628156589799	0	3.8242380205744e-05	0.0468469157520364	0	0.00057363570308616	0	0	0.0100322510739735	0.0105166545565796	0.00057363570308616	0	0.0015679375884355	0.00202684615090443	0.000254949201371627	0.000254949201371627	0.00314862263693959	0.00100704934541793	1.27474600685813e-05	0.000548140782948997	0	0.00142771552768111	0.000305939041645952	0.000242201741303045	0.00311038025673385	0
np0170	0.0515730702465523	0.00255575250422524	0.000654968831727973	0.00743366723003147	0.00102596516298647	2.29010081023767e-05	0.00369622270772359	0.000938941332197443	0	0	0.394222533675932	0.000467180565288484	0.0068153400112673	0.000119085242132359	0.0110795077199298	0.00048092117014991	5.03822178252287e-05	1.3740604861426e-05	0.000361835928017551	0.00785046557749472	0.00911002102312544	0.0023588038345448	0.000151146653475686	0.00370996331258502	0.00278018238362853	0.00027481209722852	0.00182750044656966	0.00272521996418282	0.000132825846993785	0.0244949182663021	9.16040324095067e-06	0.00367332169962122	0.00329774516674224	0.00972376804026913	9.16040324095067e-06	2.29010081023767e-05	9.16040324095067e-05	0.000577105404179892	0.000169467459957587	0.0164795654304702	0.00182292024494918	0.000256491290746619	4.58020162047533e-05	0.00281224379497185	0.000993903751643147	0.000302293306951372	0.000948101735438394	5.95426210661793e-05	0.000164887258337112	0.00013740604861426	0.0124031859882472	0.000453439960427058	0.000728252057655578	0.000883978912751739	0.00129619705859452	0.00117711181646216	0.000311453710192323	0.00326568375539891	9.16040324095067e-06	0.000783214477101282	0.0143589320801902	0.000151146653475686	8.70238307890313e-05	0.0041221814584278	0.0020610907292139	0.000178627863198538	0.00027481209722852	0.00102596516298647	0.00315117871488703	0.139366374907823	0.00475882948367387	0.00833596694926511	0.00262445552853237	0.0211651116882165	1.83208064819013e-05	0.000490081573390861	0.026189592865878	0.000407637944222305	0.000925200727336017	0.000888559114372215	6.41228226866547e-05	0	0.00238628504426765	0.000233590282644242	0.0315942307780388	5.4962419445704e-05	4.58020162047533e-05	5.03822178252287e-05	0.0406034873655138	0.0538402700486875	1.3740604861426e-05	0.0013740604861426	0.00215727496324388	5.4962419445704e-05	0.00127787625211262	0.000522142984734188	0.00243666726209288	0.000476340968529435	0.000210689274541865	0.0027664417787671	1.83208064819013e-05	0.00174047661578063	0.000201528871300915	0.0265605891971365	0.000897719517613165
np0171	0.000754693732961634	0.0653888212916044	3.08038258351687e-05	0.0158716712615707	0.000331141127728064	0	0.00157099511759361	0.000377346866480817	1.54019129175844e-05	0.024196405193525	0.381205045666672	0.00151708842238206	0.00138617216258259	6.16076516703375e-05	0.0106658246954272	3.08038258351687e-05	7.70095645879218e-06	0	0.000385047822939609	0.00447425570255826	0.0185362021963128	0.00175581807260462	0.00371956196959662	0.00800899471714387	0.00239499745868437	0.000215626780846181	0.000431253561692362	0.000716188950667673	0.000107813390423091	0.00534446378240177	0	0.00266453093474209	0.0015786960740524	0.00245660511035471	1.54019129175844e-05	0.0012783587721595	7.70095645879218e-06	0.00145548077071172	0.000831703297549556	0.0018713324194865	0.000369645910022025	3.08038258351687e-05	7.70095645879218e-06	0.000631478429620959	0.00136306929320622	0.000107813390423091	0.00178662189843979	4.62057387527531e-05	0.000115514346881883	0.0034500284935389	0.00447425570255826	0	0.000161720085634636	0.00024643060668135	0.0015786960740524	8.4710521046714e-05	0.000854806166925932	0.000523665039197868	0	0.000154019129175844	0.000254131563140142	0.000462057387527531	0	0.216928242487717	0.00100882529610178	0.00144777981425293	6.16076516703375e-05	0.000169421042093428	0.000708487994208881	0.0715264835892618	0.00017712199855222	0.000277234432516519	0.0168496927318373	0.0195989341876261	0	0.0004928612133627	0.0107043294777211	0.000261832519598934	0.000107813390423091	0.000970320513807815	4.62057387527531e-05	0	0.000700787037750089	0.000231028693763765	0.00372726292605542	2.31028693763765e-05	3.08038258351687e-05	0	0.0386665023795955	0.0173964606404115	0.000693086081291296	0.00147088268362931	0.00311888736581083	0.00121675112048916	0.000446655474609947	0.000231028693763765	0.000338842084186856	4.62057387527531e-05	2.31028693763765e-05	2.31028693763765e-05	0	0.000454356431068739	7.70095645879218e-06	0.0114436212977652	7.70095645879218e-06
np0176	0	0.107616707616708	0	0.0045260571576361	0	0	0	5.17263675158412e-05	0	0	0.118168886589939	0.0017586964955386	0.163170826328721	0	0.457855942066468	0.000543126858916333	0	0	0	5.17263675158412e-05	0	0.000103452735031682	0.000103452735031682	0	0	0.000129315918789603	0.000206905470063365	0.0115349799560326	0	0.0018880124143282	0	0	0.000465537307642571	0.00043967412388465	0	0.00111211690159059	0	0	0.000155179102547524	0.00468123626018363	0	0	0	0	0.0313979050821156	0	0	0	0	0.000775895512737618	0.000931074615285142	0.00137074873916979	0	7.75895512737618e-05	0.000724169145221777	0.000103452735031682	0	0.0574679943100996	0.000594853226432174	0	0	0	0.00043967412388465	0	0.000801758696495539	0	0.000543126858916333	0.000232768653821285	0	0.00248286564076038	0	0.00108625371783267	0.000103452735031682	0	7.75895512737618e-05	0.000181042286305444	0	0.000181042286305444	0.000672442777705936	0.00310358205095047	0	0.000543126858916333	0.00281908702961335	0	0	0	0	0	0.000724169145221777	0.000129315918789603	0.000181042286305444	0.000155179102547524	0	0.0109918530971163	0.000568990042674253	0.00525022630285788	0.000362084572610888	0	0.000258631837579206	0	7.75895512737618e-05	0	0	2.58631837579206e-05	0
np0177	0.00084953747404191	0.00220250456233088	0.000629287017808823	0.00928198351268013	0.00141589579006985	0	0.000818073123151469	0.000157321754452206	0	0	0.0345163929268139	0.000346107859794852	0.000692215719589705	6.29287017808823e-05	0.0124284186017242	0.000314643508904411	3.14643508904411e-05	0	0	0	0.000818073123151469	0.000314643508904411	0	0.000597822666918381	0	0.000723680070480146	0.0022968976150022	0.00484551003712793	0	0.00698508589767793	6.29287017808823e-05	0	0.041941979736958	0.00975394877603675	0	0.000471965263356617	0	0	0	0.0262727329935183	0	0.00056635831602794	0	0.000157321754452206	0.000251714807123529	0	3.14643508904411e-05	0.000314643508904411	0	9.43930526713234e-05	0.00836951733685734	0	0	0.00028317915801397	0.0381977219809955	0.00129003838650809	0	0.000660751368699264	0	0.000125857403561765	0	0.000723680070480146	0	0.00147882449185073	0.000692215719589705	0	6.29287017808823e-05	0.000157321754452206	0	0.00239129066767353	0.0112642376187779	0.000377572210685294	0.011201308916997	0.260524825372853	0	0	0	0.000377572210685294	0.000125857403561765	0.0114215593732301	0.000534893965137499	0	0.000975394877603675	0.448461393241457	0.00475111698445661	3.14643508904411e-05	9.43930526713234e-05	0	0.0156063180416588	0.012050846391039	0	0.001069787930275	0	0.000314643508904411	0	0.0017620036498647	0.00163614624630294	0	0	0	0.00116418098294632	0.00084953747404191	6.29287017808823e-05	0.000660751368699264	0
np0179	0.000318792837787578	0.0373784602305935	0.00071728388502205	0.0139737527230222	0.000132830349078157	0.00284256947027257	0.00106264279262526	0	2.65660698156315e-05	0	0.385606503373891	0.00071728388502205	0.00127517135115031	0.000132830349078157	0.0202964773391424	0.00018596248870942	0.000106264279262526	0.000664151745390787	0.0143988098400723	0.00127517135115031	0.000345358907603209	0.00361298549492588	0	0.0352000425057117	0.000796982094468944	0.000239094628340683	0.000292226767971946	0.00180649274746294	0.000265660698156315	0.0143191116306254	0.000478189256681367	0.000345358907603209	0.00308166409861325	0.00969661548270549	0.000132830349078157	0	0.000584453535943892	0.00018596248870942	0.000292226767971946	0.0344827586206897	2.65660698156315e-05	5.3132139631263e-05	0	0.00130173742096594	0.0018596248870942	0.000318792837787578	0.000159396418893789	0.000106264279262526	2.65660698156315e-05	0.000106264279262526	0.00255034270230062	0.000557887466128261	0.000239094628340683	0.00270973912119441	0.0200573827108018	0.000318792837787578	0.000132830349078157	0	0	0.000239094628340683	0.000292226767971946	0.000318792837787578	0.000132830349078157	0.0238563306944371	0.00340045693640083	0	0.000531321396312629	0.000239094628340683	0.000106264279262526	0.0123797885340843	0.0199245523617236	0.00167366239838478	0.00743849954837681	0.149062217735508	0	0	0.00411774082142288	0.000504755326496998	0.0284522607725413	0.0261941448382126	5.3132139631263e-05	0	0.00706657457095797	0.024945539556878	0.00799638701450507	0	0.000132830349078157	0	0.0235641039264651	0.0145316401891504	0.000132830349078157	0.00289570160990383	0.00215185165506615	0	0.00148769990967536	0.00812921736358323	0.00300196588916636	0.000212528558525052	0.000611019605759524	7.96982094468944e-05	0.00231124807395994	0.00151426597949099	0.000929812443547102	0.00159396418893789	0
np0181	0	0.00543037263591536	0.000187254228824668	0.0166032082891205	0.00266317125439527	0	0.0055760148138901	0.000145642177974741	0	0	0.265547302498804	0.0028712315086449	0.00241349894929572	0.000208060254249631	0.012962153839752	0.00081143499157356	0	0	0.00141480972889749	0	0.0130037658906019	0.00765661735638641	0	0.00266317125439527	0.000228866279674594	0.000124836152549778	0.000416120508499261	0.0743191228179681	0.000208060254249631	0.0461269583671431	0	0.0126500634583775	0.00807273786488567	0.0434221750618979	0	0.000582568711898966	0	0.0240725714166823	0.000312090381374446	0.0936687264631837	4.16120508499261e-05	0	0.000166448203399705	0	0.000894659093273412	0	2.08060254249631e-05	8.32241016998523e-05	0.000104030127124815	0	0.0138360069076004	0.00832241016998523	0.000124836152549778	0.00328735201714416	0.021430206187712	0.0346836443834134	0.00297526163576972	0.00773984145808626	0	0	0	0	0.00122755550007282	0.00905062105985894	0.00247591702557061	0	0.000228866279674594	4.16120508499261e-05	0.000104030127124815	0.00563843289016499	0.0320620851798681	0.0296693922559973	0.000936271144123338	0.000291284355949483	0.00222624472047105	0	0.0139192310093003	0.000187254228824668	0.000249672305099557	0.0105486548904563	0.000499344610199114	0	0.0115265380854295	0	0.00688679441566278	0	0	0.000187254228824668	0.0574038241474731	0.0273599234338264	0	0.00114433139837297	0.000416120508499261	0.00305848573746957	0.000936271144123338	0.00345380022054387	0.0143145454923746	0.000187254228824668	0.000187254228824668	0.000166448203399705	0.000124836152549778	0.000228866279674594	0.00164367600857208	0.0233443605268086	0
np0182	0.000994568127916762	0.0227220564608676	0	0.0163721214903221	0.000688547165480835	0	0.000612041924871854	0.00137709433096167	0	0	0.391859842399204	0.00114757860913473	0.00596740876750057	0	0.0228750669420855	0.000229515721826945	0	0.00160661005278862	0.00045903144365389	0	0.000229515721826945	0.00160661005278862	0	0.0365695050110933	0.000153010481217963	0.000535536684262872	0.000765052406089817	0.00137709433096167	0	0.0087981026700329	0	0	0.00137709433096167	0.0137709433096167	0	0.0025246729400964	0	0	0.00045903144365389	0.0374110626577921	0.000382526203044909	0	0.000612041924871854	0.00160661005278862	0.000612041924871854	0	0	0.000229515721826945	0	0	0.00420778823349399	0.0062734297299365	0	0.00229515721826945	0.00558488256445567	0.000535536684262872	0	0.00344273582740418	0	0.000535536684262872	0	7.65052406089817e-05	0.000841557646698799	0.0355749368831765	0.00420778823349399	0	0.000306020962435927	0.000535536684262872	0.000153010481217963	0.00887460791064188	0.104582663912478	0.00244816769948741	0.00719149261724428	0.126692678448474	0	0	0	0.000765052406089817	0.0071149873766353	0.0163721214903221	0	0.000382526203044909	0.00818606074516104	0.00902761839185984	0.0320556958151633	7.65052406089817e-05	0	0	0.00956315507612271	0.00772702930150715	0	0.00520235636141076	0.000229515721826945	0	0.000535536684262872	0.00206564149644251	0.00107107336852574	0.000688547165480835	0.000535536684262872	0.000153010481217963	0.00413128299288501	0.00045903144365389	0	0.0033662305867952	0
np0191	0	0.00162573303141148	0.000619326869109137	0.009464088718574	0	0	0.000116123787957963	0	0	0	0.619946195978246	0.000890282374344384	0.000909636339004045	5.80618939789816e-05	0.00843832859161199	7.74158586386421e-05	0	0.000329017399214229	0.0139155005902959	0	0	0.00899959356674215	0.00125800770287793	0.00170314889005013	0.00245795351177689	0.000464495151831853	0.000135477752617624	0.00131606959685692	0	0.00416110240182701	0.000851574445025063	0	0.000503203081151174	0.00611585283245273	7.74158586386421e-05	0.00139348545549556	1.93539646596605e-05	1.93539646596605e-05	0.000232247575915926	0.0134897133677834	0	0.000329017399214229	0	0.00102576012696201	0.000232247575915926	0.000135477752617624	3.87079293193211e-05	3.87079293193211e-05	5.80618939789816e-05	0	0.00692871934815847	0.000464495151831853	7.74158586386421e-05	0.00123865373821827	0.0387079293193211	0.000541911010470495	0.000116123787957963	0.000677388763088119	0	0.000232247575915926	0	0.000135477752617624	0.000116123787957963	0.0151928622578335	0.000909636339004045	1.93539646596605e-05	0.000193539646596605	0.000445141187172192	0.000483849116491513	0.00212893611256266	0.000154831717277284	0.00185798060732741	0.00832220480365403	0.0277148773926339	0	0.000561264975130155	0.00447076583638158	0.000425787222512532	0.0740482687878612	5.80618939789816e-05	0	0	0.00427722618978498	0	0.00267084712303315	0	0.000116123787957963	0	0.0292825485300664	0.00567071164528054	0.000290309469894908	0.0109156360680485	0.000754804621726761	0	3.87079293193211e-05	0.00286438676962976	0.000638680833768798	0	0.000212893611256266	0	0.000793512551046082	5.80618939789816e-05	0.000154831717277284	0.0535524202132807	3.87079293193211e-05
np0192	0	0.00326033261979252	0.0104067182611559	0.117833031450683	0	0	0.00111971019265602	0.00411658159064713	0.000131730610900708	0	0.172402437016302	0.00293100609254075	0.013403589659147	0.000790383665404248	0.024930018112959	0.000164663263625885	0.0011526428453812	0.00032932652725177	0.0116910917174378	0	0.000362259179976947	0.0145232998518031	0	0.0576980075745101	0.00154783467808332	0.000757451012679071	0.000493989790877655	0.00941873867940063	0.00032932652725177	0.0299687139799111	0.0011526428453812	0	0.00395191832702124	0.024930018112959	0.000230528569076239	0	0.00638893462868434	0.00032932652725177	0.000493989790877655	0.0458751852461716	0	6.5865305450354e-05	0	0	0.00345792853614359	0.00289807343981558	0.000230528569076239	0	0	0	0.00484109995060102	0.00227235303803721	0.000428124485427301	0.00754157747406554	0.00582907953235633	0.00102091223448049	0.000395191832702124	0	3.2932652725177e-05	0.00121850815083155	0	0.0100115264284538	0.00032932652725177	0.0159064712662605	0.00632306932323399	6.5865305450354e-05	0.00253581425983863	0.000164663263625885	0.000131730610900708	0.00704758768318788	0.00882595093034744	0.00335913057796806	0.00349086118886876	0.0811460563148362	0	0.0032932652725177	0.0426807179318294	0.00345792853614359	0.0293429935781327	0.0731434217026181	0	0.00032932652725177	0.0156759426971843	0	0.00434711015972337	0.000263461221801416	0.000493989790877655	0	0.0242713650584555	0.00424831220154783	0.000263461221801416	0.00655359789231023	0.00161369998353367	0	0.000559855096328009	0.0167956528898403	0.00661946319776058	3.2932652725177e-05	0.000559855096328009	0	0.00177836324715956	0.000691585707228717	0.00108677753993084	0.0237773752675778	0.00543388769965421
np0196	0.000421205089930981	0.00523181059072167	8.86747557749435e-05	0.0660553034893516	0.000214297326456113	0	0.000155180822606151	0	0	0	0.329796195852977	0.0107961515155994	0.000923695372655661	0.00062811285340585	0.00756691249279518	0.000177349511549887	0.000635502416387095	0	0.00216514195350487	0	0	0.00250506185064215	0.0366596219499579	0.0121927789190547	0.000133012133662415	0.000842410179861963	0.000236466015399849	0.00348048416416653	0.000317751208193547	0.00746345861105774	0	0.0029040982516294	0.00940691367512525	0.0116607303844051	0	0.00386474143919129	0	0	0.00169220992270517	0.00355437979397898	0.00492883850849061	0.000716787609180793	1.47791259624906e-05	0	0.000243855578381095	0	2.95582519249812e-05	0.00012562257068117	0.000524658971668416	0.0405613112040554	0.0138554305898349	8.12851927936982e-05	0	0.000273413830306076	0.00535743316140283	0.00136706915153038	0.00320707033386046	3.69478149062264e-05	7.38956298124529e-06	3.69478149062264e-05	0	0.000472932030799699	0	1.47791259624906e-05	0.00135229002556789	0.0105670750631808	0.000997591002468114	0.000495100719743434	0.000428594652912227	0.0112764731093803	0.00208385676071117	0.000280803393287321	0.00605205208163989	0.0361127942893457	0.00644369891964589	0.000443373778874717	6.65060668312076e-05	0.000687229357255812	0	0.00957687362369389	0.000133012133662415	0	0.00195823419003	0	0.025094955884309	0	9.60643187561888e-05	1.47791259624906e-05	0.213018932060358	0.0516826034908296	0	0.00119710920296174	0.000820241490918227	8.12851927936982e-05	5.91165038499623e-05	0.000118233007699925	0.000147791259624906	0	0.000199518200493623	0	0	0.00121927789190547	6.65060668312076e-05	0.0231219425683165	0.000480321593780944
np0197	0	0.00552704303197789	0.00362276770163257	0.0268224147140104	4.64457397645201e-05	0	0.00188105246046306	0.0210166972434453	0.000627017486821021	0	0.17006107614779	0.000673463226585541	0.0591718724599986	0.000557348877174241	0.0392698729709017	9.28914795290402e-05	0.000325120178351641	4.64457397645201e-05	0.00968393674090244	0	0.000534126007291981	0.0130744757437124	0.00102180627481944	0.0555258818884838	0.000766354706114582	0.000418011657880681	0.0017417152411695	0.0149787510740577	0.0001161143494113	0.023129978402731	0.000464457397645201	0	0.00371565918116161	0.0171617008429902	0.0001161143494113	2.32228698822601e-05	0.00666496365620863	0.000441234527762941	0.000441234527762941	0.0805136898817956	0	9.28914795290402e-05	0	0	0.00383177353057291	0.00160237802187594	0.0001161143494113	0	0	0.000789577575996842	0.00411044796916003	0.00148626367246464	0.000301897308469381	0.0169526950140498	0.00531803720303755	0.000348343048233901	0.00123081210375978	0.00215972689905018	0	0.000882469055525882	0	0.0106825201458396	0.000719908966350062	0.0167669120549918	0.00343698474257449	4.64457397645201e-05	0.000487680267527461	2.32228698822601e-05	6.96686096467801e-05	0.00253129281716635	0.0623069598941037	0.00383177353057291	0.00406400222939551	0.0800956782239149	0	0.00243840133763731	0.0582197347948259	0.00232228698822601	0.00675785513573767	0.0284480156057686	9.28914795290402e-05	9.28914795290402e-05	0.0219920577785003	0	0.00241517846775505	6.96686096467801e-05	0.00018578295905808	0.00013933721929356	0.0303987366758784	0.00415689370892455	0.000487680267527461	0.00571282599103597	0.000696686096467801	0	0	0.0222010636074406	0.00292608160516477	0	6.96686096467801e-05	0	0.00420333944868907	0.0018578295905808	0.000348343048233901	0.0180673927683983	0.00113792062423074
np0204	0.000611284308331805	0.0135705116449661	0.000458463231248854	0.0097194205024757	0.000611284308331805	0	0.000336206369582493	0.000855798031664527	0	0	0.0928235222201846	0.000519591662082034	0.000764105385414756	0.000244513723332722	0.0183690934653707	6.11284308331805e-05	0	0.000397334800415673	0.10147319518308	0	0.000489027446665444	0.00482914603582126	3.05642154165903e-05	0.0407420991503148	0.000183385292499542	0	0.000978054893330888	0.0053487376979033	9.16926462497708e-05	0.0168103184791246	0	0.000244513723332722	0.00614340729873464	0.0144568738920472	0	9.16926462497708e-05	0.00213949507916132	9.16926462497708e-05	0.000825233816247937	0.0329787884345009	0	9.16926462497708e-05	0	0.00119200440124702	0.000489027446665444	0	3.05642154165903e-05	9.16926462497708e-05	3.05642154165903e-05	0.00100861910874748	0.00611284308331805	0.000550155877498625	0	0.0053181734824867	0.0260712757503515	0.00110031175499725	0.000122256861666361	0.000244513723332722	6.11284308331805e-05	0.000244513723332722	0	0.000305642154165903	0.000183385292499542	0.00388165535790696	0.000672412739164986	6.11284308331805e-05	0.000702976954581576	0.000275077938749312	0.000183385292499542	0.0078244391466471	0.0412311265969803	0.00366770584999083	0.00106974753958066	0.377773702549056	0.0244513723332722	0	0	0	0.0209059233449477	0.0264380463353506	3.05642154165903e-05	0	0.00583776514456874	0	0.00699920533039917	0	3.05642154165903e-05	0	0.0247570144874381	0.0103918332416407	0	0.00320924261874198	0.0130203557674674	6.11284308331805e-05	0.000458463231248854	0.0022006235099945	0.00388165535790696	0	0.000550155877498625	0	0.00137538969374656	0.000244513723332722	0.000305642154165903	0.00696864111498258	0
np0208	0	0.00362976406533575	0.00314579552329099	0.0371445856019359	0	0	0.000362976406533575	0.0102843315184513	0	0	0.217543859649123	0.00169388989715668	0.00387174833635814	0.000483968542044767	0.0272232304900181	0.000120992135511192	0	0	0.0175438596491228	0	0.000362976406533575	0.0116152450090744	0.000362976406533575	0.0444041137326074	0.000604960677555959	0.000241984271022384	0.00108892921960073	0.0043557168784029	0	0.014519056261343	0.000604960677555959	0	0.00798548094373866	0.0134301270417423	0.000362976406533575	0.000241984271022384	0.0137931034482759	0	0.00108892921960073	0.0474289171203872	0	0	0	0	0.00157289776164549	0	0	0	0	0.0044767090139141	0.0043557168784029	0.00108892921960073	0	0.00907441016333938	0.0240774349667272	0	0.000483968542044767	0.000483968542044767	0	0.000846944948578342	0	0.00568663036902601	0.000604960677555959	0.0186327888687235	0.00254083484573503	0.000120992135511192	0.000483968542044767	0	0	0.00459770114942529	0.0377495462794918	0.00653357531760436	0.00919540229885057	0.0601330913490623	0	0.00399274047186933	0.142528735632184	0.00157289776164549	0.0111312764670296	0.0256503327283727	0	0	0.0140350877192982	0	0.00375075620084695	0	0	0.000120992135511192	0.0355716878402904	0.0154869933454325	0.000604960677555959	0.0134301270417423	0.000604960677555959	0	0	0.0360556563823351	0.000967937084089534	0	0.000120992135511192	0	0.00302480338777979	0.00120992135511192	0	0.0118572292800968	0
np0210	0.000426917124713165	0.021612679438604	0.00112065745237206	0.0116601739687283	0.000133411601472864	0.000506964085596883	0.000480281765302311	0.00138748065531779	0.000480281765302311	0.00336197235711617	0.157318960456801	0.00066705800736432	0.00365547788035648	0.000240140882651155	0.0271892843801697	0.000240140882651155	0.000106729281178291	0	0.00715086183894551	0.00394898340359678	0.000400234804418592	0.00493622925449597	0.000373552484124019	0.0199583755803405	0.010432787235178	0.000800469608837184	0.000773787288542612	0.00261486738886814	0	0.0219328672821389	0.000453599445007738	0.00085383424942633	0.0122738673355035	0.0262020385292705	0.000800469608837184	0.000240140882651155	0.00330860771652703	0.000160093921767437	0.000400234804418592	0.0462404610704947	0.000693740327658893	8.00469608837184e-05	8.00469608837184e-05	0.000480281765302311	0.00066705800736432	0.000213458562356583	0.000160093921767437	0.000346870163829447	8.00469608837184e-05	5.33646405891456e-05	0.00298841987299216	0.000560328726186029	0.00018677624206201	0.0118469502107903	0.00693740327658893	0.000613693366775175	0.00138748065531779	2.66823202945728e-05	5.33646405891456e-05	0.0015742568973798	0.000160093921767437	0.00085383424942633	0.000320187843534874	0.021425903196542	0.00533646405891456	0	0.000346870163829447	0.000480281765302311	0.000133411601472864	0.00685735631570521	0.00709749719835637	0.00133411601472864	0.013181066225519	0.346736752227974	0	0.00018677624206201	0.0199583755803405	0.000987245850899194	0.00816479001013928	0.0117935855702012	0.000133411601472864	0	0.0101659640322322	0.0452265328993009	0.00560328726186029	0.000133411601472864	0.000160093921767437	0.00018677624206201	0.029483963925503	0.00888521265809275	5.33646405891456e-05	0.00506964085596884	0.00576338118362773	0	0.00229467954533326	0.00197449170179839	0.00541651101979828	0.000240140882651155	0.000613693366775175	5.33646405891456e-05	0.000213458562356583	0.00160093921767437	0.000346870163829447	0.00712417951865094	2.66823202945728e-05
np0211	0.000550964187327824	0.00324778889372191	0	0.00258083224590402	0.000347977381470204	0	0	0.000376975496592721	0	0.000231984920980136	0.130462519936204	5.79962302450341e-05	0.000347977381470204	0	0.0108162969406989	0	0	0	0.00150790198637089	0.00205886617369871	0	0.0013629114107583	0	0.0209946353487023	0.00310279831810932	0.000202986805857619	0.000347977381470204	0.00130491518051327	0	0.00852544584602001	0	0.000260983036102653	0.00316079454835436	0.0062925909815862	0	0	0.000115992460490068	0	0	0.265216760910541	0	0.000173988690735102	0	0	0.000173988690735102	0.000115992460490068	0	0	0	0	0.0049296795708279	0.0382195157314775	0	0.000521966072205307	0.00202986805857619	0.00049296795708279	0.000144990575612585	0.000521966072205307	0	0	0	0.000144990575612585	0	0.00896041757285776	0.00240684355516891	0	0.000173988690735102	0.000405973611715239	8.69943453675511e-05	0.00226185297955633	0.00028998115122517	0.000927939683920545	0.00405973611715239	0.253530520516166	0	0	0.0415832970856894	0.000405973611715239	0.000202986805857619	0.00104393214441061	0	0	0.0214586051906626	0.0011889227200232	0.0169638973466725	0	0	0.0015369001014934	0.0440481368711034	0.0231984920980136	0	0.000985935914165579	0.000927939683920545	0	8.69943453675511e-05	0.0432651877627954	0.00495867768595041	0	0	0	0	0.00287081339712919	0	0.0112222705524141	0
np0213	0	0.00188577586206897	0.00942887931034483	0.0907866379310345	0	0	0.00269396551724138	0.0078125	0	0	0.222790948275862	0.00296336206896552	0.00808189655172414	0.000269396551724138	0.0202047413793103	0.000538793103448276	0	0.00107758620689655	0.0134698275862069	0	0	0.0105064655172414	0	0.0382543103448276	0	0	0	0.00862068965517241	0.000269396551724138	0.037176724137931	0.000269396551724138	0	0.0113146551724138	0.0245150862068966	0	0	0.00431034482758621	0.000269396551724138	0.00242456896551724	0.0519935344827586	0	0	0	0	0.0021551724137931	0.00350215517241379	0	0	0	0.0021551724137931	0.00296336206896552	0.00188577586206897	0.000269396551724138	0.00323275862068966	0.0078125	0.00134698275862069	0	0	0	0.000538793103448276	0	0.00377155172413793	0.000538793103448276	0.0172413793103448	0.00404094827586207	0	0.000808189655172414	0	0.000808189655172414	0.0177801724137931	0.0123922413793103	0.00942887931034483	0.00457974137931034	0.0730064655172414	0	0.00161637931034483	0.0988685344827586	0.00323275862068966	0.013739224137931	0.037176724137931	0	0.000808189655172414	0.0121228448275862	0	0.0134698275862069	0	0	0	0.0269396551724138	0.0126616379310345	0	0.00700431034482759	0.00107758620689655	0	0	0.0105064655172414	0.0113146551724138	0	0	0	0.000269396551724138	0.000808189655172414	0.000538793103448276	0.00511853448275862	0.000538793103448276
np0223	0	0.00869068764273027	0.00215681299162649	0.0317178381121543	0.000190307028672926	0	0.0129408779497589	0.00729510276579548	0.000253742704897234	0	0.13029687896473	0.000761228114691703	0.0253108348134991	0.000507485409794468	0.0443415376807917	0.000253742704897234	0.000253742704897234	0.000190307028672926	0.0194747526008627	0	0.00355239786856128	0.0081832022329358	0.00570921086018777	0.040091347373763	0.000190307028672926	0.000570921086018777	0.00101497081958894	0.0190307028672926	0.000190307028672926	0.0220121796498351	0.000253742704897234	0.000126871352448617	0.0100228368434408	0.0213143872113677	0	0.00133214920071048	0.00850038061405734	0.00190307028672926	0.00152245622938341	0.0981984267952296	0	0.000190307028672926	0	0	0.00355239786856128	0.00704136006089825	0.000126871352448617	0	0	0.000570921086018777	0.00602638924130931	0.00304491245876681	0.000253742704897234	0.020362852068003	0.00488454706927176	0.00088809946714032	0.00202994163917787	0.00171276325805633	0	0.00101497081958894	0	0.0066607460035524	0.000634356762243085	0.00995940116721644	0.00304491245876681	0	0.00164932758183202	0	0.000253742704897234	0.00215681299162649	0.0241689926414616	0.00513828977416899	0.0044404973357016	0.126236995686374	0	0.00133214920071048	0.0558233950773915	0.0029814767825425	0.00951535143364628	0.0295610251205278	0.000126871352448617	0.000253742704897234	0.0301319462065466	0	0.00291804110631819	0	0.000507485409794468	6.34356762243086e-05	0.01972849530576	0.00386957624968282	0.000570921086018777	0.00678761735600102	0.000570921086018777	0	6.34356762243086e-05	0.0324156305506217	0.00786602385181426	0	0	0	0.0120527784826186	0.00202994163917787	0.000507485409794468	0.015414869322507	0.000507485409794468
np0225	0.000421671178094862	0.042561584395446	8.16137764054572e-05	0.0274222288722336	0.000530489546635472	9.52160724730335e-05	0.000748126283716691	4.08068882027286e-05	0	0	0.439626208904063	0.0013738319028252	0.00186351456125794	0.000163227552810914	0.00807976386414027	0.000231239033148796	0	0.00361821075397527	0.000312852809554253	0	0.000204034441013643	0.000884149244392453	0	0.0126637376389134	4.08068882027286e-05	0.000312852809554253	0.000612103323040929	0.00160507093597399	5.44091842703048e-05	0.00915434525347879	0	0	0.0030877212073398	0.011779588394521	0	0.00110178598147367	0	4.08068882027286e-05	0.000217636737081219	0.21151570385081	0	0	0	0.00159146863990642	0.000612103323040929	0.000217636737081219	1.36022960675762e-05	0.000231239033148796	0	2.72045921351524e-05	0.00350939238543466	0.000190432144946067	0.000122420664608186	0.00161867323204157	0.013928751173198	0.00197233292979855	0	0.00115619516574398	0	0.000326455105621829	0	0.000312852809554253	0.000367261993824558	0.0166220057945781	0.00395826815566468	4.08068882027286e-05	0.000571296434838201	0.000435273474162439	0.00102017220506822	0.0179278262170654	0.0290272998082076	0.00254362936463675	0.00730443298828842	0.0464926479589755	0	6.8011480337881e-05	2.72045921351524e-05	0.000489682658432743	0.0185263272440388	0.00805255927200511	0	0	0.00273406150958282	0.000204034441013643	0.013928751173198	8.16137764054572e-05	0	0	0.00518247480174653	0.0041759048927459	1.36022960675762e-05	0.00205394670620401	8.16137764054572e-05	6.8011480337881e-05	0.000326455105621829	0.00126501353428459	0.000843342356189725	0.00501924724893562	0.000190432144946067	0.000163227552810914	0.00112899057360883	0.000666512507311234	0.000136022960675762	0.00198593522586613	0
np0228	0.000828569061231254	0.05134366282763	0.000331427624492501	0.0952578230728865	0.000165713812246251	0.00187808987212417	0.000911425967354379	8.28569061231254e-05	0	0	0.40906454552987	0.00889330792388212	0.00303808655784793	0.000165713812246251	0.0196647057198884	0.000662855248985003	0	0	0.00579998342861878	0	0	0.00312094346397106	0	0.00278951583947855	0	0.00157428121633938	0.000828569061231254	0.00577236445991107	0.000883806998646671	0.00765045433203524	0	0.000331427624492501	0.00113237771701605	0.0155218604137322	0	0	0	0.000138094843538542	0.000414284530615627	0.0409589305935316	0	0.00035904659320021	0.000193332780953959	0	0.000856188029938962	0	0.000110475874830834	0.000386665561907918	2.76189687077085e-05	0.000220951749661668	0.00328665727621731	0.00394951252520231	0.000138094843538542	0.0016295191537548	0.00632474383406524	0.00118761565443146	0.000331427624492501	0	0	0.000220951749661668	0	0.000220951749661668	0.000662855248985003	0	0.00243046924627834	5.52379374154169e-05	0.000690474217692711	0.000414284530615627	0.000524760405446461	0.019609467782473	0.0121523462313917	0.000276189687077085	0.0173170933797332	0.066119811086254	0.00160190018504709	0.000248570718369376	0	0.000828569061231254	0.0218466042477974	0.0633855331841909	5.52379374154169e-05	0	0.0112409202640373	0	0.0356560886016516	0	0.000110475874830834	5.52379374154169e-05	0.0113513961388682	0.0203827989062888	0	0.000552379374154169	0.000165713812246251	0	0.0016295191537548	0.00209904162178584	0.00353522799458668	0	8.28569061231254e-05	0.000110475874830834	0.00110475874830834	0.000497141436738752	0.00121523462313917	0.00334189521363272	0
np0230	0	0.00251320342378437	0.000983427426698233	0.0210344199599344	0	0	0	0	0.000109269714077582	0	0.462101620834092	0.00238572209069386	0.000837734474594791	0	0.0128938262611546	5.46348570387908e-05	0	0.00189400837734475	0.0792933891822983	0	0	0.0197049717719905	0.000273174285193954	0.00863230741212894	0.001566199235112	0.000491713713349117	0.000309597523219814	0.00397013294481879	0	0.00513567656164633	0.00185758513931889	0	0.000983427426698233	0.00896011655436168	0.000346020761245675	0.000491713713349117	0	9.10580950646512e-05	0.000491713713349117	0.0237297395738481	0	5.46348570387908e-05	0	0.00101985066472409	0.000163904571116372	0.000182116190129302	3.64232380258605e-05	9.10580950646512e-05	9.10580950646512e-05	0	0.00568202513203424	0.000655618284465489	0.000127481333090512	0.00158441085412493	0.0583500273174285	0.000254962666181024	0.000254962666181024	0	0	0.000309597523219814	0	0.000218539428155163	0.000801311236568931	0.00506283008559461	0.00160262247313786	0	0.000327809142232744	0.000418867237297396	0.000491713713349117	0.00267710799490075	9.10580950646512e-05	0.00185758513931889	0.00906938626843926	0.029775997086141	0	0.000327809142232744	0.00404297942087052	0.000655618284465489	0.0837370242214533	9.10580950646512e-05	7.2846476051721e-05	0.000145692952103442	0.00799490074667638	0	0.00364232380258605	0	0	0	0.0339282462210891	0.0100528136951375	0.000327809142232744	0.0163358222545984	0.000382443999271535	0	3.64232380258605e-05	0.00852303769805136	0.00160262247313786	0	0.000546348570387907	0	0.00238572209069386	0.000418867237297396	0.000291385904206884	0.0418685121107266	0.000200327809142233
np0232	0.000636218655627566	0.0115989730017079	0.000551389501543891	0.0395219028875844	0.000523113116849332	0.000180968862045174	0.000653184486444301	2.54487462251026e-05	0	0	0.527518577584744	0.00154106296585344	0.003746620972029	0.000291246762353952	0.0118336669946727	0.000342144254804158	1.97934692861909e-05	0.00540927239206904	0.0005315960322577	0	0.000443939239704568	0.00141381923472792	2.26211077556468e-05	0.0133096942757287	1.13105538778234e-05	0.000534423670727155	0.000545734224604979	0.00141099159625847	6.78633232669404e-05	0.00792587062988474	0	2.82763846945585e-05	0.00209528010586678	0.0161429880221234	0	0.00274280931537217	0	6.22080463280287e-05	0.000195107054392454	0.0666248176173187	1.13105538778234e-05	5.6552769389117e-06	8.20015156142196e-05	0.00103491567982084	0.000511802562971509	0.000172485946636807	3.39316616334702e-05	0.00014986483888116	5.37251309196611e-05	2.26211077556468e-05	0.00604831868616606	0.00129505841901078	5.6552769389117e-05	0.00182099917432957	0.0109684096230192	0.00168527252779569	6.22080463280287e-05	0.00336488977865246	0	0.00036759300102926	0	6.50356847974845e-05	0.00029972967776232	0.0367677830183344	0.00277391333853619	3.6759300102926e-05	0.000554217140013346	0.000503319647563141	0.00168244488932623	0.0229830454797371	0.0374096569509009	0.00833305056948639	0.00973555925033649	0.0338270390101003	0	1.13105538778234e-05	0	0.00112257247237397	0.00774490176783957	0.0178678474884915	1.69658308167351e-05	9.3312069492043e-05	0.0043998054584733	9.61397079614989e-05	0.024049065182722	0.000130071369594969	5.6552769389117e-05	3.95869385723819e-05	0.00442808184316786	0.00834718876183367	0	0.00173899765871535	7.35186002058521e-05	7.91738771447638e-05	0.000328006062456879	0.0128233404589823	0.000616425186341375	0.00244590727607931	0.000511802562971509	3.6759300102926e-05	0.00510671507583726	0.000489181455215862	0.0002177281621481	0.00590693676269327	0
np0233	0	0.00780711192032884	0.000634500262076195	0.00427598002703523	0.000165521807498138	0	0.000137934839581782	0.000579326326243483	5.51739358327126e-05	0	0.245386079615989	0.000137934839581782	0.00543463267952219	8.27609037490689e-05	0.0160556153273194	0	0	0.000137934839581782	0.00256558801622114	0	0	0.00488289332119507	0.0063174156528456	0.0385665811470661	0.00256558801622114	0.000137934839581782	0.000827609037490689	0.00292421859913377	0	0.013158983696102	0.00074484813374162	0	0.0104278738723827	0.015641810808574	0.000248282711247207	0.00259317498413749	0.0394769510883059	0	0.000965543877072471	0.0350630362216889	0	0.000110347871665425	0	0	0.00113106568457061	0.000110347871665425	0	0	0	0.00968302573864107	0.00880024276531766	0.00201384865789401	8.27609037490689e-05	0.0065656983640928	0.0113382438136224	0.000220695743330851	0.000882782973323402	0.00160004413914867	0	0.000662087229992551	0	0.00463461060994786	0.000717261165825264	0.0160004413914867	0.00223454440122486	0.000193108775414494	0	0.000248282711247207	0.000331043614996276	0.00074484813374162	0.0213799001351761	0.00595878506993296	0.0164418328781484	0.10667880493255	0	0.00377941460454082	0.211012717592209	0.000606913294159839	0.00742089436949985	0.016414245910232	0	0	0.0118072222682005	0	0.00264834891997021	0	0	0	0.0292421859913377	0.0125244834340258	0.000496565422494414	0.00791745979199426	0.000220695743330851	0	0	0.00278628375955199	0.000468978454578057	0	0	0	0.000800022069574333	0.00110347871665425	5.51739358327126e-05	0.0139038318298436	2.75869679163563e-05
np0234	0.000164701231965215	0.0340602147704065	0	0.0350484221621978	0.000263521971144344	0	0.000131760985572172	0.00128466960932868	0	0	0.287963633967982	0.00167995256604519	0.00181171355161737	0	0.0228275907503788	0.000131760985572172	0	0	0.00148231108768694	0	6.5880492786086e-05	0.00289874168258779	9.88207391791291e-05	0.00938797022201726	0.000131760985572172	0.000296462217537387	0.000559984188681731	0.00721391396007642	0.00032940246393043	0.0120890704262468	0	0.000395282956716516	0.0150866328480137	0.0168983463996311	0	6.5880492786086e-05	0	3.2940246393043e-05	0.000230581724751301	0.0515514856051123	0.000428223203109559	0.000263521971144344	0	0	0.00065880492786086	0	0.000131760985572172	0.000164701231965215	0	0.00141643059490085	0.00444693326306081	0.00125172936293563	0	0.00108702813097042	0.0684827722511364	0.00158113182686606	0.000428223203109559	0	3.2940246393043e-05	0.000197641478358258	0	0.00415047104552342	0.000889386652612162	0.000296462217537387	0.00125172936293563	6.5880492786086e-05	0	0.000296462217537387	0.000494103695895645	0.00359048685684169	0.00065880492786086	9.88207391791291e-05	0.0078068383951512	0.0538902430990184	0.042855260557349	0.00194347453718954	0.000197641478358258	0.000494103695895645	0.00602806508992687	0.220897292311746	0.000164701231965215	0	0.00510573819092167	0	0.00708215297450425	0	0.000131760985572172	0	0.0328414256538639	0.00800447987350945	0	0.0021411160155478	0.000461163449502602	0.00204229527636867	0	0.00125172936293563	0.000724685420646946	0	0	0	0.000131760985572172	0.00144937084129389	0.000395282956716516	0.00741155543843468	0
np0236	0.00102051588837668	0.0151493824119365	0.000193546116761094	0.00804096139634726	0.000140760812189886	0.000527853045712074	0.000281521624379773	0.000281521624379773	0	0.000228736319808565	0.162402787064081	0.000457472639617131	0.00126684730970898	0	0.0101699686807193	8.7975507618679e-05	8.7975507618679e-05	7.03804060949432e-05	0.0103635147974804	0.00323749868036739	0.000175951015237358	0.00139001302037513	0	0.0184572614983988	0.00223457789351445	0.000527853045712074	0.000316711827427244	0.00179470035542105	0.000246331421332301	0.00471548720836119	0.000246331421332301	0.000105570609142415	0.00608790512721258	0.00489143822359855	0	0.000158355913713622	0.000475067741140866	7.03804060949432e-05	0.000756589365520639	0.117816799802935	5.27853045712074e-05	5.27853045712074e-05	0	0.000404687335045923	0.00274483583770278	0.000299116725903508	7.03804060949432e-05	8.7975507618679e-05	1.75951015237358e-05	5.27853045712074e-05	0.00110849139599535	0.00133722771580392	0.000123165710666151	0.00425801456874406	0.00656297286835345	0.000580638350283281	0.00116127670056656	0.000105570609142415	0	0.000299116725903508	0.000175951015237358	0.000281521624379773	8.7975507618679e-05	0.0205158883766759	0.00161874934018369	0	0.000281521624379773	0.000123165710666151	0.000158355913713622	0.00473308230988493	0.00438118027941021	0.00177710525389732	0.0114016257873808	0.409402822254284	0	0.000580638350283281	0.0127388535031847	0.00054544814723581	0.00274483583770278	0.0121758102544252	8.7975507618679e-05	3.51902030474716e-05	0.0148150754829855	0.00293838195446388	0.0280993771334061	0	0.000158355913713622	0.000246331421332301	0.0217827356863849	0.0138297497976563	3.51902030474716e-05	0.00128444241123271	0.00316711827427244	0	0.000809374670091846	0.0252137804835134	0.0033430692895098	8.7975507618679e-05	0.000175951015237358	0	7.03804060949432e-05	0.00219938769046697	0.000105570609142415	0.00399408804588802	0
np0237	0.0088948560879416	0.00251741210036083	0	0.0191323319627423	0.00392996000111885	0	0.000531453665631731	0.000433554306173254	0.00159436099689519	0	0.385751447511958	0.000377611815054124	0.00524460854241839	0.000223769964476518	0.0184610220693127	0.000755223630108249	0	0	1.39856227797824e-05	0	0.00128667729573998	0.00447539928953036	4.19568683393472e-05	0.00387401750999972	1.39856227797824e-05	0.000265726832815865	0.00261531145981931	0.00220972839920562	0	0.0143352633492769	0	0.000867108612346508	0.00650331459259881	0.00625157338256273	2.79712455595648e-05	0.0114961819249811	0	5.59424911191295e-05	0.000167827473357389	0.0137758384380856	0.000741238007328466	0.000363626192274342	0	0.000545439288411513	0.000601381779530643	6.99281138989119e-05	0	0.000153841850577606	0	1.39856227797824e-05	0.038306620793824	0.00527257978797796	4.19568683393472e-05	0.002699225196498	0.0133842410002517	0.00212581466252692	0.00513272356018013	0.0355514531062068	0.000209784341696736	0.000839137366786943	0	0.000433554306173254	0.00490895359570362	0.0244328829962798	0.00911862605241811	0.00188805907527062	0	0.000377611815054124	0	0.0121115493272915	0.0150765013566054	0.00620961651422338	0.00699281138989119	0.126080389359738	0	2.79712455595648e-05	0	0.00064333864786999	0	0.0239433861989874	0.000433554306173254	5.59424911191295e-05	0.0021398002853067	0	0.0195519006461358	2.79712455595648e-05	0	0.000503482420072166	0.031621493105088	0.012083578081732	0	0.00233559900422366	0.000363626192274342	0.000237755587256301	0.00834941679953008	0.00181813096137171	0.0073844088277251	0.0387122038544376	0.000573410533971078	0	0.00679701267097424	0.000573410533971078	1.39856227797824e-05	0.0119996643450533	0
np0238	0	0.143842178608756	1.45163163395657e-05	0.0058355591685054	0.00316455696202532	0	0.0488909534316572	0	0	0	0.151971315758913	0.00129195215422134	0.0833672047381257	0	0.132592033445593	0.000319358959470445	0	0	0	1.45163163395657e-05	0	7.25815816978284e-05	0	5.80652653582627e-05	0	0	0.00010161421437696	0.111485309487864	0	0.0173615143421205	0	0	0.000261293694112182	0.0230373940308907	0	7.25815816978284e-05	0	0	0.000174195796074788	0.0177099059342701	0	0	0	0	0.059458831726861	0	0	2.90326326791313e-05	0	0	0.00105969109278829	0.00127743583788178	0.00010161421437696	0.00227906166531181	0.00648879340378586	0.00113227267448612	0	0.0849204505864592	0	0	0	0	0.000595168969922193	0	0.000754848449657415	0	0.000479038439205667	0.000783881082336546	0	0.00230809429799094	0	0.000914527929392637	0.00242422482870747	2.90326326791313e-05	0	5.80652653582627e-05	0	8.7097898037394e-05	0.000798397398676112	0.0305568458947857	0	0.00010161421437696	0.0198147718035071	0	5.80652653582627e-05	0	0	0	0.0038468238299849	0.0142985715944722	5.80652653582627e-05	5.80652653582627e-05	0	0.00907269771222854	0.000246777377772616	0.00033387527581001	0.0078242945070259	0	0.000450005806526536	0	0.000188712112414354	0.00116130530716525	0.00220648008361398	0.00210486586923702	0
np0240	0	0.0126914290549116	0.00214908198663169	0.00908706320331669	0.000406125729757171	0	0.000186140959472037	0.00460275827058127	0.000253828581098232	0	0.113055250021152	0.000541500973009561	0.00920551654116254	5.07657162196463e-05	0.0219307894068872	0	6.76876216261951e-05	0	0.00534732210846941	0	0.00027075048650478	0.00321516202724427	0.00269058295964126	0.0351806413402149	0.000186140959472037	0.000236906675691683	0.000930704797360183	0.00659954310855402	3.38438108130976e-05	0.0118622556899907	0.000236906675691683	0	0.00742871647347491	0.00954395464929351	0.00123529909467806	0.000727641932481597	0.00231830104069718	3.38438108130976e-05	0.000643032405448854	0.07511633809967	0	0	0	0	0.00140451814874355	0.000389203824350622	0	0	0	0.019764785514849	0.00490735256789915	0.000609188594635756	0.000169219054065488	0.0062441830950165	0.0114561299602335	0.000287672391911329	0	0.00179372197309417	0	0.000355360013537524	0	0.00671799644639986	0.000812251459514341	0.00976393941957865	0.00223369151366444	0	0.000304594297317878	0.00013537524325239	0	0.00401049158135206	0.0134021490819866	0.0123529909467806	0.0149758862847957	0.198426262797191	0	0.00291056772992639	0.208545562230307	0.000727641932481597	0.0082578898383958	0.0244859971232761	0	0	0.0153312462983332	0	0.00262289533801506	3.38438108130976e-05	8.46095270327439e-05	1.69219054065488e-05	0.0375497080971317	0.020289364582452	0.000253828581098232	0.00986547085201794	0.00027075048650478	0	5.07657162196463e-05	0.0138421186225569	0.000423047635163719	0	6.76876216261951e-05	0	0.00153989339199594	0.00126914290549116	0.000253828581098232	0.00263981724342161	8.46095270327439e-05
np0242	0	0.0279617555343659	0.00177821302476613	0.0108239053681416	0	0	0.000283483235832281	0	0	0	0.424915599309332	0.00340179882998737	0.00778290338375899	5.15424065149602e-05	0.0471870731644461	0.000231940829317321	2.57712032574801e-05	0.000773136097724403	0.0105146509290519	0	0	0.00641702961111254	0	0.0231425405252171	0.00502538463520862	0.00105661933355668	0.000231940829317321	0.00154627219544881	0	0.00703553848929207	0	0	0.00195861144756849	0.0130402288482849	0.00469035899286138	0	0.000927763317269283	0.0001288560162874	0.000180398422802361	0.0182717831095534	0	0.0001288560162874	0	0.00265443393552045	0.00293791717135273	0.00164935700847873	7.73136097724403e-05	0.00010308481302992	0	0	0.0157462051903203	0.000438110455377162	0	0.00773136097724403	0.00469035899286138	0.000541195268407082	0.000644280081437002	0	0.0241476174522588	0.000670051284694482	0	0.0010308481302992	7.73136097724403e-05	0.00432956214725666	0.00324717161044249	0	0.000644280081437002	0.000180398422802361	0.0010308481302992	0.00626240239156766	0.000206169626059841	0.00278328995180785	0.0179882998737211	0.102749787387573	0	0.000747364894466923	0.0398165090328067	0.00123701775635904	0.000515424065149602	0.000798907300981883	5.15424065149602e-05	0.000154627219544881	0.0259516016802825	0	0.0102569388964771	7.73136097724403e-05	0.000463881658634642	0	0.0458211993917996	0.0302296214210241	0.00185552663453857	0.00195861144756849	0.000824678504239363	0	2.57712032574801e-05	0.00188129783779605	0.00523155426126846	7.73136097724403e-05	0.000489652861892122	0	0.000180398422802361	0.000463881658634642	0.00010308481302992	0.00871066670102827	0
np0244	0	0.0142430103745384	0	0.00246175487954985	0.000703358537014243	0	0.00211007561104273	0	0	0	0.0553894847898716	0	0.00773694390715667	0	0.0807103921223844	0	0	0	0.058027079303675	0	0	0	0	0.0167047652540883	0	0.000175839634253561	0.00123087743977493	0	0	0.0107262176894672	0	0	0.00369263231932478	0.0165289256198347	0	0	0	0	0	0.0645331457710568	0	0	0	0.0112537365922279	0.00175839634253561	0.00211007561104273	0	0.000527518902760682	0	0	0.00316511341656409	0	0.000351679268507122	0.0400914366098119	0.0773694390715667	0	0	0	0.00597854756462107	0.00123087743977493	0	0	0.000703358537014243	0.00281343414805697	0.00263759451380341	0	0	0	0.000351679268507122	0.000879198171267804	0	0.00140671707402849	0.00509934939335326	0.31404958677686	0	0	0.0198698786706524	0.00334095305081765	0.0049235097590997	0	0	0	0.106031299454897	0	0.00228591524529629	0	0	0	0.021628275013188	0.00931950061543872	0	0.000879198171267804	0	0	0	0.00263759451380341	0.00562686829611394	0	0	0	0	0.000879198171267804	0.000351679268507122	0.0154738878143133	0
np0245	0.00598767681452281	0.0120001987610561	9.10988173717163e-05	0.0129111869347732	0.00754463842051214	0	0.00222778017027197	0.000438930665518269	8.28171067015603e-06	0	0.255648126677046	0.000538311193560142	0.0123645940305429	0.000273296452115149	0.0213999403716832	0.0010931858084606	0	0	8.28171067015603e-06	0	0.00377646006559115	0.00284890847053367	0	0.00462119455394706	0	0.000612846589591546	0.00332924768940272	0.00776824460860635	0	0.0265842912512008	0	2.48451320104681e-05	0.0126627356146686	0.0119836353397158	0	0.000273296452115149	0	0.000115943949382184	0.0129360320667837	0.0401662967502567	0.000182197634743433	0.00197104713949713	8.28171067015603e-06	0.00284062675986352	0.0024679497797065	0.000588001457581078	6.62536853612482e-05	0.000273296452115149	0	0.000190479345413589	0.0197104713949713	0.00768542750190479	0.000140789081392652	0.00401662967502567	0.00601252194653328	0.00434789810183191	0.00284890847053367	0.0479262596481929	4.14085533507801e-05	0.000737072249643886	0	0.000339550137476397	0.00968960148408255	0.0238927352834001	0.00492761784874284	0.000289859873455461	9.10988173717163e-05	0.000488620929539206	1.65634213403121e-05	0.0112631265114122	0.00731275052174777	0.00552390101699407	0.00572266207307781	0.175605393049988	0	0.000107662238712028	0	0.00133335541789512	0.000223606188094213	0.0397273660847385	0.000869579620366383	8.28171067015603e-05	0.00912644515851194	0	0.0180955378142909	9.93805280418723e-05	5.79719746910922e-05	0.000737072249643886	0.0337479709808858	0.0208533474674529	0	0.000828171067015603	3.31268426806241e-05	0.00193792029681651	0.00618643787060655	0.0164391956802597	0.0197767250803326	0.0158843210653593	0.000322986716136085	0	0.00408288336038692	0.000612846589591546	0.000149070792062808	0.00122569317918309	0
np0250	0.00169906661665085	0.00105915841037975	0	0.00357465963503166	0.00145634281427216	0	0.00366292283589664	0.000529579205189876	0.000882632008649794	0	0.101348220393213	0.000375118603676162	0.000529579205189876	0	0.0677199408636554	6.61974006487345e-05	0	0	0.138352567355855	0	0	0.0231028928264084	0.00121361901189347	0.00670800326573843	0	0.000132394801297469	0.0017211324168671	0.00134601381319094	0	0.0224850504203535	0	0	0.00445729164368146	0.00644321366314349	0	0.00355259383481542	0.0014784086144884	0.000110329001081224	0.00189765881859706	0.118118228557559	0	0.000463381804541142	0	0.00273615922681436	0.000242723802378693	0.000154460601513714	0	0.000242723802378693	0	0.00666387166530594	0.0154901917518039	0.000286855402811183	0.000242723802378693	0.000860566208433549	0.0258831836536552	0.00134601381319094	0.000176526401729959	2.20658002162448e-05	0.000132394801297469	0.000176526401729959	0	0.00183146141794832	0.0014784086144884	0.0189324565855381	0.001081224210596	0	0.000110329001081224	0.00214038262097575	2.20658002162448e-05	0.00258169862530065	0.00498687084887133	0.000595776605838611	0.00158873761556963	0.281802334561663	0.000242723802378693	0	0	6.61974006487345e-05	0.00282442242767934	0.00514133145038505	0	0	0.0467574306582228	0	0.00503100244930382	0	0	0.00121361901189347	0.0208521812043514	0.000507513404973631	0	0.000397184403892407	0.00121361901189347	6.61974006487345e-05	0.000132394801297469	0.00732584567179329	0.000485447604757387	0	0.000198592201946204	0	0.0150047441470465	0.000860566208433549	8.82632008649794e-05	0.00529579205189876	0
np0253	0	0.000805176989830913	0	0.143351325559896	0	0	0.00113321205976203	0	5.9642739987475e-05	0	0.466972832731936	0.00336981480929234	0.000178928219962425	0.000298213699937375	0.015447469656756	0	0.000149106849968688	0	0	0	0	0	0.000417499179912325	0	0	0	5.9642739987475e-05	0.000387677809918588	0.00035785643992485	0.0002385709599499	0	0	0.0589270271076253	0.00289267288939254	0	0.0004771419198998	0	2.98213699937375e-05	0.000149106849968688	0.0009542838397996	0	2.98213699937375e-05	0.00283303014940506	0	0.000149106849968688	0	0	0	0	0.000536784659887275	0.0106164077177706	0.00175946082963051	0	0	8.94641099812125e-05	0	0	0.00554677481883518	0	0	0	0	0.000685891509855963	0	0.00202785315957415	0	0.0014314257596994	0.0066799868785972	0.000626248769868488	0.00509945426892911	0.00211731726955536	0.00035785643992485	0	0	0	0	0	0.000208749589956163	0.0557361405182954	0.00083499835982465	0	0	0.000566606029881013	0	0	0	0	0	0.0007157128798497	0.0147019354069126	5.9642739987475e-05	0.00960248113798348	0	0	0.000149106849968688	0	0.0009542838397996	0	0	0	0.0042942772790982	0	0	0.174932156383264	0
np0255	0	0.0221919673247107	0.00127070569548446	0.0104833219877468	0.00308599954617654	0	0.000136147038801906	0.000136147038801906	0.000499205808940322	0	0.0665305196278648	0.00045382346267302	0.00739732244157023	0.00022691173133651	0.026140231449966	0	0	0	0.00367597004765146	0	0	0.00199682323576129	0.011572498298162	0.0358520535511686	0.00022691173133651	0	0.000589970501474926	0.00576355797594736	4.5382346267302e-05	0.0156569094622192	0	0	0.00989335148627184	0.0182437031994554	0.000726117540276832	0.00117994100294985	0.00408441116405718	0	0.000363058770138416	0.0757431359201271	0	9.0764692534604e-05	4.5382346267302e-05	0	0.00176991150442478	0.000363058770138416	9.0764692534604e-05	0	0	0.0146584978443386	0.0104379396414795	0.00335829362378035	9.0764692534604e-05	0.00571817562968005	0.00585432266848196	0.000272294077603812	0.000272294077603812	0.00381211708645337	0	0.000317676423871114	0	0.00825958702064897	0.00122532334921715	0.00771499886544134	0.00163376446562287	9.0764692534604e-05	0.00022691173133651	0.00022691173133651	0	0.00204220558202859	0.0044020875879283	0.012026321760835	0.0122532334921715	0.252734286362605	0	0.00090764692534604	0.203040617199909	0.000635352847742228	0.00344905831631495	0.0282732017245292	9.0764692534604e-05	0	0.0196051735874745	0	0.00127070569548446	0	0.000136147038801906	0.00022691173133651	0.0238711141366009	0.0308599954617654	0	0.00385749943272067	0.000181529385069208	0	0	0.00503744043567052	0.000544588155207624	0	0	0	0.00113455865668255	0.00172452915815748	0	0.000862264579078738	0.000136147038801906
np0259	0.000129855373577678	0.000990147223529794	0.000129855373577678	0.00141758782822298	0.000725025835808701	0	0.0466559535983465	8.65702490517852e-05	0.000146087295274888	0	0.0589218757608713	0.000178551138669307	0.00563788746949751	0.000167729857537834	0.114402584121934	0.00153121128010345	0	0	0.200469643601106	0	9.19808896175218e-05	0.0043934401393781	0.000800774803729013	0.000454493807521872	0	0.00039497676129877	8.11596084860487e-05	0.00157449640462934	5.95170462231024e-05	0.0530837945904416	0	7.57489679203121e-05	0.048966297119916	0.00588136629495566	0	0.000449083166956136	0.000102802170748995	3.7874483960156e-05	0.000914398255609482	0.0235146438986912	0	0.000167729857537834	2.16425622629463e-05	2.16425622629463e-05	0.000519421494310711	0	2.70532028286829e-05	0.000703383273545755	5.41064056573658e-06	9.73915301832584e-05	0.0125743286747718	0.00017314049810357	0.000146087295274888	0.000373334199035824	0.000292174590549775	0.000535653416007921	1.62319216972097e-05	0.00796446291276424	0.000259710747155356	0.000200193700932253	0	0.00107130683201584	0.00336541843188815	0.00518880430254138	0.000330049074509931	0	7.57489679203121e-05	0.000346280996207141	0	0.000535653416007921	0.00682281775339382	0.000324638433944195	0.000373334199035824	0.362128762424183	0.000340870355641404	0	2.70532028286829e-05	0.000422029964127453	0.000968504661266847	0.00018937241980078	0	0	0.000827828006557696	0	0.000963094020701111	2.16425622629463e-05	1.62319216972097e-05	0.00460986576200756	0.00113082387823894	3.7874483960156e-05	0	5.95170462231024e-05	0.000129855373577678	0.00743963077788779	0.00017314049810357	0.00259169683098782	9.19808896175218e-05	0	9.19808896175218e-05	0	0.00039497676129877	0.000741257757505911	7.57489679203121e-05	0.00152580063953771	0
np0260	0	0.00307337687283903	0.00781149955179921	0.0847739787424766	6.40286848508132e-05	0	0.00224100396977846	0.00416186451530286	0.000576258163657318	0	0.167178896145473	0.00326546292739147	0.0180560891279293	0.000576258163657318	0.0359200922013062	0	0.000640286848508132	0	0.0100525035215777	0	0.000448200793955692	0.0206172365219618	0.000256114739403253	0.0868228966577027	0.00224100396977846	0.000640286848508132	0.000512229478806505	0.010628761685235	0.000320143424254066	0.0329747726981688	0.000640286848508132	0	0.00723524138814189	0.0249711870918171	0	0	0.00992444615187604	0.000640286848508132	0.000768344218209758	0.0618517095658855	0	0	6.40286848508132e-05	0	0.00153668843641952	0.00262517607888334	0.000256114739403253	0	0	0	0.00275323344858497	0.00364963503649635	0.00019208605455244	0.00717121270329107	0.00384172109104879	0.00140863106671789	0.000256114739403253	0.00019208605455244	0	0.000640286848508132	0	0.00787552823665002	0.000512229478806505	0.0161352285824049	0.00640286848508132	0	0.00320143424254066	0	6.40286848508132e-05	0.00755538481239595	0.0128057369701626	0.00480215136381099	0.00358560635164554	0.0822768600332949	0	0.00230503265462927	0.0354718914073505	0.00352157766679472	0.0172237162248687	0.0569215008323729	0	0.000320143424254066	0.0218978102189781	0	0.00505826610321424	0.000128057369701626	0	0.000320143424254066	0.0245229862978614	0.00384172109104879	0.000512229478806505	0.00704315533358945	0.00153668843641952	0	0.000704315533358945	0.0101165322064285	0.00896401587911384	0	0.000256114739403253	0	0.000704315533358945	0.00140863106671789	0.000960430272762197	0.023306441285696	0.00326546292739147
np0264	0.000297880579675608	0.0218942226061572	0.000178728347805365	0.0242325851566107	5.95761159351216e-05	0	0.00102768799988085	0.000670231304270118	0.000178728347805365	0.000878747710043044	0.167349309661757	0.000193622376789145	0.00201069391281035	0.000119152231870243	0.0273007551272695	0	4.46820869513412e-05	4.46820869513412e-05	0.00174260139110231	0.00420011617342607	0.0380840321115265	0.00500439373855022	0.000655337275286338	0.0769574477591933	0.00342562666626949	0.000446820869513412	0.00111705217378353	0.00315753414456145	7.4470144918902e-05	0.0168749348386232	1.48940289837804e-05	0.000312774608659388	0.0150429692736182	0.00682146527457142	0.0072980742020524	0.00308306399964254	0.00126599246362133	0.00741722643392264	0.000565973101383655	0.00786404730343605	0.000402138782562071	0	0	0.00104258202886463	0.0287007938517448	0.000595761159351216	0.0319179041122414	0.000178728347805365	2.97880579675608e-05	0.00169791930415097	0.00293412370980474	7.4470144918902e-05	2.97880579675608e-05	0.00111705217378353	0.0123769380855215	0.000402138782562071	0.0013702506665078	1.48940289837804e-05	0	0.00204048197077792	0	0.00375329530391266	0	0.0219835867800599	0.00232346852146974	0.000193622376789145	5.95761159351216e-05	0.000163834318821584	4.46820869513412e-05	0.092104675235698	0.000997899941913287	0.000848959652075483	0.00638953843404179	0.18434339673225	0	0.000700019362237679	0.0308455340254092	0.00038724475357829	0.000640443246302557	0.00454267884005302	8.93641739026824e-05	0	0.0059278235355446	0.0110364754769813	0.0112003097958029	2.97880579675608e-05	0.000134046260854024	0	0.0347626636481435	0.0114386142595433	0.00038724475357829	0.00464693704293949	0.00221921031858328	0.000163834318821584	0.000491502956464753	0.000178728347805365	0.00217452823163194	1.48940289837804e-05	4.46820869513412e-05	0	0	0.0065384787238796	0.000178728347805365	0.0251858030115727	0
np0270	0.00125607299443062	0.00590117312477782	0	0.00305723426946321	0.000142196942765731	0	2.36994904609551e-05	0.000189595923687641	0	0.000497689299680057	0.0933522929257021	0.000142196942765731	0.000900580637516293	0	0.00545088280601967	0	0	0	0.000876881147055338	0.00414741083066714	7.10984713828653e-05	0.000805782675672473	0	0.0279416992534661	0.00168266382272781	0.000450290318758147	0.000497689299680057	0.000971679108899159	0.000189595923687641	0.00530868586325394	2.36994904609551e-05	0.000308093375992416	0.00476359758265197	0.0067543547813722	0	0	0.000189595923687641	2.36994904609551e-05	0.000284393885531461	0.325986491290437	0	0.000118497452304775	0	0.000213295414148596	0.000971679108899159	0	2.36994904609551e-05	9.47979618438204e-05	0	0	0.00222775210332978	0.041663704230359	2.36994904609551e-05	0.00227515108425169	0.00203815617964214	0.000924280127977248	0.000639886242445787	0	0	0.000236994904609551	9.47979618438204e-05	0.000260694395070506	0	0.0129162223012205	0.00317573172176798	0	7.10984713828653e-05	0.000189595923687641	0.000142196942765731	0.00251214598886124	0.00139826993719635	0.00142196942765731	0.00931389975115535	0.26178457163171	0	0.000236994904609551	0.0409527195165304	0.000545088280601967	0.00457400165896433	0.00362602204052613	0	2.36994904609551e-05	0.00578267567247304	0.000924280127977248	0.0122763360587747	2.36994904609551e-05	0	0.000829482166133428	0.0308804360706245	0.0191254888019908	0	0.000853181656594383	0.00120867401350871	0	0.000853181656594383	0.0254058537741439	0.00218035312240787	0	0	0	0	0.00293873681715843	4.73989809219102e-05	0.00978788956037445	0
np0272	0.000354943475251566	0.0115001685981507	7.09886950503132e-05	0.00250235150052354	0	5.32415212877349e-05	0	0.000159724563863205	0	0.00104708325199212	0.108027046692814	0.000177471737625783	0.000248460432676096	0	0.00876710383871369	8.87358688128915e-05	0	0	0.00519992191243544	0.00239586845794807	0.00010648304257547	0.00182795889754557	0	0.0310753012582746	0.00571458995155022	0.000159724563863205	0.000372690649014145	0.00115356629456759	7.09886950503132e-05	0.00464975952579552	0.000266207606438675	0.000195218911388361	0.00779100928177188	0.00555486538768701	0	0	0.000248460432676096	8.87358688128915e-05	0	0.164658278169202	0.00010648304257547	8.87358688128915e-05	0	0.000283954780201253	0.000443679344064458	0.000141977390100626	0	8.87358688128915e-05	0	0	0.00305251388716347	0.00173922302873267	0.000195218911388361	0.00795073384563508	0.0037624008376666	0.000390437822776723	0.000496920865352193	0	0.000159724563863205	0.000496920865352193	0	0.000141977390100626	0	0.0117308818570643	0.00289278932330026	0.000195218911388361	0.000195218911388361	0.000124230216338048	1.77471737625783e-05	0.00184570607130814	0.000869611514366337	0.000656645429215397	0.0112694553392372	0.427476174419224	0	0.000337196301488988	0.0285552025839885	0.000408184996539301	0.000177471737625783	0.00275081193319964	8.87358688128915e-05	0	0.0166113546417733	0.000869611514366337	0.0234617637141285	1.77471737625783e-05	0	0.00031944912772641	0.0325660638543312	0.00889133405505173	0	0.00230713258913518	0.00204092498269651	0.000301701953963831	0.000603403907927662	0.0251299980478109	0.00285729497577511	0	0	0	0	0.00365591779509113	0.000141977390100626	0.00656645429215397	0
np0273	0.021577882670263	0	0	0	0	0	0	0	0	0	0.00876601483479434	0	0	0	0	0	0	0	0	0	0	0	0	0.00202292650033715	0	0.00134861766689144	0.00202292650033715	0	0	0.000674308833445718	0	0	0.0991233985165206	0.00539447066756575	0	0.00404585300067431	0	0	0	0.00674308833445718	0	0.00134861766689144	0	0	0	0	0	0	0	0	0.00674308833445718	0	0	0	0.00944032366824005	0.00539447066756575	0	0	0.000674308833445718	0	0	0	0	0.00876601483479434	0.00944032366824005	0	0	0	0	0.000674308833445718	0.00876601483479434	0.000674308833445718	0.0101146325016858	0.169925826028321	0	0	0	0	0.000674308833445718	0.00134861766689144	0	0	0.00539447066756575	0.578556979096426	0.00606877950101146	0	0	0	0.0141604855023601	0.00809170600134862	0	0	0	0	0	0	0	0	0	0	0.00134861766689144	0	0	0.000674308833445718	0
np0274	0.000224348304361042	0.0268204779342587	0.000173689009827903	0.0369089145884294	0.000347378019655806	8.68445049139516e-05	0.000571726324016848	0.000151977883599415	0	0	0.385546179565488	0.00816338346191145	0.00285863162008424	0.000123029715294765	0.0229414233814355	0.000282244640970343	0	0	0.002091505160011	0	0	0.00577515957677778	0	0.00395866201566096	0.000231585346437204	0.000796074628377889	0.000673044913083125	0.00539159634674116	0.00041251139834127	0.00924170273125968	0.000730941249692426	0.00175136418243136	0.0170721822576676	0.0165800633964886	0	0.00152701587807032	0	5.06592945331384e-05	0.00403103243642259	0.02215982283721	0.000151977883599415	0	2.89481683046505e-05	0	0.00317706147143539	7.23704207616263e-06	0.000130266757370927	0.000180926051904066	5.06592945331384e-05	0.00555081127241674	0.00878576908046143	0.000303955767198831	5.7896336609301e-05	0.000644096744778474	0.106811504002084	0.00128819348955695	0.00326390597634935	0.000513829987407547	2.89481683046505e-05	0.000253296472665692	0	0.00122306011087148	0.000115792673218602	0.00189610502395461	0.00235927571682902	0.000130266757370927	0.000202637178132554	0.000513829987407547	0.000455933650798246	0.00858313190232888	0.0028079723255511	0.000673044913083125	0.00769297572696088	0.0651189046013114	0.00377049892168073	0.00365470624846213	0	0.000426985482493595	0.00247506839004762	0.0570785508546947	3.61852103808132e-05	7.23704207616263e-06	0.004183010320022	0	0.0116661118267742	2.89481683046505e-05	0	0.000101318589066277	0.0576213290104069	0.0140036764173747	0	0.00523961846314174	0.000644096744778474	0.00013750379944709	1.44740841523253e-05	0.00578239661885394	0.000673044913083125	0	2.89481683046505e-05	0	0.0168405969112304	0.00216387558077263	0.000101318589066277	0.0126431125070561	0
np0277	0.000540457767729267	0.0501724961042003	0.00131511390147455	0.0207896087986525	0.000378320437410487	0.00190961744597674	0.00169343433888504	0.000585495915040039	0.00121602997739085	9.00762946215444e-06	0.380869596548276	0.00097282398191268	0.0017204572272715	0.000270228883864633	0.0172676256789501	0.000396335696334796	8.106866515939e-05	0.00032427466063756	0.0108361782429718	0.00244106758424385	0.000702595098048047	0.00321572371798914	0	0.0261221254402479	0.000963816352450526	0.000711602727510201	0.000423358584721259	0.00265725069133556	0.000387328066872641	0.0195285406739508	0.000351297549024023	0.000306259401713251	0.00464793680247169	0.0172406027905636	9.00762946215444e-06	0.000270228883864633	0.000531450138267112	0.00024320599547817	0.00040534332579695	0.0278425826675194	0	7.20610356972356e-05	0	0.000594503544502193	0.00173847248619581	0.000414350955259104	0.000126106812470162	0.000252213624940324	4.50381473107722e-05	6.30534062350811e-05	0.00229694551284938	0.000945801093526217	0.00016213733031878	0.00168442670942288	0.00866533954259258	0.000846717169442518	0.000135114441932317	0	9.00762946215444e-06	0.000180152589243089	0.000360305178486178	0.000540457767729267	0.000252213624940324	0.0404262410261491	0.00177450300404443	3.60305178486178e-05	0.000585495915040039	9.00762946215444e-05	0.000198167848167398	0.0167181602817587	0.0146644207643874	0.00178351063350658	0.0130250322022753	0.181737932028428	0	0.000135114441932317	0.00671969157876722	0.00072961798643451	0.0150607564607222	0.0177990758172172	3.60305178486178e-05	0	0.00690885179747246	0.00413450192312889	0.0131331237558212	7.20610356972356e-05	0.00024320599547817	0	0.0128628948719565	0.0159705270363998	3.60305178486178e-05	0.00109893079438284	0.00116198420061792	0	0.00072961798643451	0.00464793680247169	0.00265725069133556	0.000261221254402479	0.000279236513326788	0.000117099183008008	0.000639541691812966	0.00169343433888504	0.00056748065611573	0.00153129700856626	0
np0278	0	0.00140812015958695	0.000234686693264492	0.0165845263240241	0.00430258937651568	0	0.00273801142141907	0.000860517875303137	0	0	0.403191739028397	0.000469373386528984	0.00328561370570289	0.000234686693264492	0.028631776578268	0.000938746773057968	0	0	0.000156457795509661	0	0.00422436047876085	0.00954392552608934	0	0.000391144488774153	0.000469373386528984	0.000156457795509661	0.00117343346632246	0.009700383321599	7.82288977548306e-05	0.0544473128373621	0	0.0329343659547837	0.0120472502542439	0.042478291480873	0	0.0010169756708128	0	0.00172103575060627	0.000156457795509661	0.0119690213564891	0.000156457795509661	0	0	0	0.000860517875303137	0	0	0.000156457795509661	0	0	0.0179144175858562	0.00320738480794806	0	0.00398967378549636	0.0665727919893609	0.00125166236407729	0.0102479856058828	0.0456074473910663	0	0	0	0.000156457795509661	0.000625831182038645	0.00594539622936713	0.00563248063834781	0	0.000234686693264492	0.000156457795509661	0	0.0068841430024251	0.00359852929672221	0.0145505749823985	0.000860517875303137	0.000156457795509661	0.0143941171868888	0	0.0158804662442306	0.000391144488774153	0	0.014315888289134	0.00305092701243839	0	0.0104826722991473	0	0.0121254791519987	0	7.82288977548306e-05	0.000469373386528984	0.0262066807478683	0.00477196276304467	0	0.00453727606978018	0.000234686693264492	0.0010169756708128	0.00414613158100602	0.000391144488774153	0.00672768520691543	0	0	0.000156457795509661	0.0010169756708128	0.00125166236407729	7.82288977548306e-05	0.0439646405382148	0
np0282	0.000470980059040715	0.00992422267264363	0.000159796805745957	0.0744484907612215	0.000353235044280536	0	0.000235490029520357	0	0	0	0.375875728547279	0.0117072186104406	0.00109334656563023	0.000487800775435026	0.0106727445521905	0.000302772895097602	0.000622366506589516	0	0.00390240620348021	8.41035819715562e-06	0	0.00148022304269939	0.0116903978940463	0.00556765712651702	0.00061395614839236	0.00113539835661601	0.00053826292461796	0.00364168509936838	0.000445748984449248	0.00903272470374513	0	0.00278382856325851	0.00735906342251116	0.0133977006080689	0	0.00235490029520357	8.41035819715562e-06	2.52310745914668e-05	0.000908318685292807	0.0110932624620483	0.00616479255851507	0.000798984028729784	0	0	0.000319593611491913	4.20517909857781e-05	3.36414327886225e-05	0.00021025895492889	0.000361645402477692	0.0361393091731777	0.0131033380711685	0.000294362536900447	6.72828655772449e-05	0.000328003969689069	0.0148947443671626	0.00103447405825014	0.00150545411729086	2.52310745914668e-05	0	6.72828655772449e-05	0	0.00034482468608338	7.56932237744005e-05	0.000185027880337424	0.00113539835661601	0.00382671297970581	0.000639187222983827	0.000672828655772449	0.000311183253294758	0.0122202504604671	0.00624048578228947	0.00034482468608338	0.00842717891354993	0.0450290577875712	0.00386035441249443	0.000319593611491913	1.68207163943112e-05	0.000664418297575294	0.000462569700843559	0.0179813458255187	0.000126155372957334	0	0.00365850581576269	4.20517909857781e-05	0.0333302495353277	3.36414327886225e-05	0	0	0.134599372587278	0.0619170570474597	0	0.000891497968898495	0.000605545790195204	0.000100924298365867	0.000185027880337424	0.00034482468608338	0.000513031850026493	6.72828655772449e-05	0.00021025895492889	1.68207163943112e-05	6.72828655772449e-05	0.000832625461518406	0.00021025895492889	0.0217575966560416	0
np0283	0.000427829746886671	0.113351756992704	0.00116207809627326	0.0153209301249957	0.000306418602499913	2.31259322641444e-05	0.00047408161141496	0.000566585340471538	0.000179225975047119	0.00167084860608443	0.283333140617231	0.00054924089127343	0.00309309344032931	0.0002081333903773	0.0275082964281998	0.000190788941179191	5.20333475943249e-05	4.62518645282888e-05	0.00620931281292277	0.00566007192164934	0.000774718730848837	0.00242822288773516	0.000121411144386758	0.0349721910664524	0.00200617462391453	0.000664870552594151	0.000502989026745141	0.0022894672941503	0.00013297411051883	0.0124301885919776	0.000167663008915047	0.000572366823537574	0.00407594556155545	0.0128811442711284	0	0.00177491530127308	0.00126036330839587	0.000185007458113155	0.000300637119433877	0.025311332863106	0	2.31259322641444e-05	1.73444491981083e-05	0.000526114959009285	0.00407594556155545	0.000300637119433877	0.00094816322282992	0.000156100042782975	2.31259322641444e-05	0.000115629661320722	0.00313356382179157	0.000173444491981083	0.000173444491981083	0.00583351641363042	0.00513395696264006	0.000346888983962166	0.000479863094480996	0.000161881525849011	0	0.000930818773631812	0.000352670467028202	0.00125458182532983	6.93777967924332e-05	0.0418926262964976	0.00519177179330042	6.35963137263971e-05	0.00034110750089613	0.000115629661320722	0.000387359365424419	0.0104587028664593	0.0102100990946198	0.00264791924424453	0.0153035856757976	0.18422695789924	0	0.000225477839575408	0.029312119144803	0.000988633604292173	0.00458471607136663	0.0175988344530139	6.93777967924332e-05	0	0.00804782442792225	0.00994993235664813	0.0118867291837702	6.35963137263971e-05	0.00023704080570748	2.31259322641444e-05	0.0232646878577293	0.0142340113085809	0.000213914873443336	0.00260744886278228	0.00160725229235804	0.00013297411051883	0.00208711538683903	0.00111004474867893	0.00100597805349028	0.000196570424245227	0.000202351907311263	2.89074153301805e-05	0.000890348392169559	0.00242244140466913	0.000381577882358383	0.00837158747962027	0
np0286	0	0.00768087839028936	0.000226648870533129	0.00410486287743333	7.55496235110428e-05	0	0	0	0	0	0.474728650935556	0.00120879397617669	0.0168475660429626	0	0.0623788058122844	7.55496235110428e-05	2.51832078370143e-05	7.55496235110428e-05	0.00203983983479816	0	0	0.00543957289279508	0.0005288473645773	0.0125664207106701	0.00410486287743333	0.000679946611599386	0.0003525649097182	0.0012339771840137	0	0.00682464932383087	0	0	0.00138507643103579	0.0157646881059709	0.00138507643103579	0	0.0075801455589413	0.000302198494044171	0.000100732831348057	0.00531365685361001	0	0.000151099247022086	0	0.000931778689969528	0.00465889344984764	0.000604396988088343	0.000226648870533129	5.03664156740286e-05	0	0	0.0145810773376313	5.03664156740286e-05	2.51832078370143e-05	0.0100732831348057	0.000956961897806543	0.0001762824548591	0.000805862650784457	0.00206502304263517	0.0270719484247904	0.000629580195925357	0	0.000856229066458485	0	0.00594323704953537	0.00342491626583394	5.03664156740286e-05	0	0.000302198494044171	0.00110806114482863	0.00818454254702964	5.03664156740286e-05	0.00244277116019039	0.0126923367498552	0.117202649273464	0	0.001762824548591	0.0267193835150722	0.00209020625047219	0.000100732831348057	0.000251832078370143	0	0.000100732831348057	0.0357349719207233	0	0.003525649097182	0	0.000453297741066257	0	0.0472185146944018	0.0112317106953084	0.00261905361504948	0.00221612228965726	0.00103251152131759	0	0	0.000579213780251328	0.00365156513636707	0	0.000125916039185071	0	0	0.0007051298194364	0.000277015286207157	0.0112568939031454	0
np0287	0.00116852291400402	0.00901953624246851	0.000158237477938044	0.0211064451341976	0.00551396750045645	0	0.00213011989531982	0.000352991296938713	0	0	0.36276550422981	0.000998113322378431	0.00839875844440387	0.000146065364250502	0.0227375083683282	0.00107114600450368	0	0	0.000121721136875418	0	0.00114417868662893	0.00376118312945043	0	0.0037246667883878	1.21721136875418e-05	0.000572089343314467	0.000377335524313797	0.00741281723571298	6.08605684377092e-05	0.0357008094455602	0	0	0.00788752966952711	0.0165662467287444	0	0.000146065364250502	0	0.000158237477938044	0.0152638305641775	0.0116730570263526	0.000292130728501004	0.000158237477938044	3.65163410626255e-05	0.00404114174426389	0.00195971030369424	0.000316474955876088	3.65163410626255e-05	0.000231270160063295	0	0.000170409591625586	0.00743716146308807	0.00350556874201205	0.000146065364250502	0.00344470817357434	0.0134501856247337	0.00109549023187877	0.000779015276002678	0.0124885886434179	0	0.000803359503377762	0	0.000194753819000669	0.00866654494552979	0.0295538920333516	0.00635384334489684	0.000170409591625586	0.000158237477938044	0.000657294139127259	0.00013389325056296	0.0142048566733613	0.00856916803602946	0.00615908952589617	0.00497839449820461	0.15062990688333	0	0.000121721136875418	0	0.00101028543606597	0.000645122025439718	0.025610127198588	0.00026778650112592	8.52047958127929e-05	0.00653642505020997	0	0.0161767390907431	9.73769095003347e-05	4.86884547501674e-05	0.00026778650112592	0.0383056417746942	0.0055870001825817	0	0.00141196518775485	4.86884547501674e-05	0.000937252753940722	0.00598867993427059	0.0018623333941939	0.0164566977055566	0.0515975899214899	2.43442273750837e-05	3.65163410626255e-05	0.00370032256101272	0.000888564299190554	8.52047958127929e-05	0.00122938348244173	0
np0291	0	0.0003451336160142	0.00302402787364823	0.0887157742497453	0	0	0.00445386713999277	0	4.93048022877428e-05	0	0.798179009302173	0.00734641554087368	0.000558787759261085	0.000279393879630543	0.0111593202511258	0	0.00141340433224863	0	0	0	0	0	0	0	0	3.28698681918285e-05	0	0	0.00284324359859317	0.000723137100220228	0	0	0.00269532919172994	0	0	0	0	9.86096045754857e-05	0.00159418860730368	0.000361568550110114	0	0	0.00272819905992177	0	4.93048022877428e-05	0	0	0	0.0006902672320284	0.0002300890773428	0.00874338493902639	0.0012654899253854	0	0	6.57397363836571e-05	0	0	0.0056371823948986	0	0	0	0	0.000509482956973342	0	0.000295828813726457	0	0.00164349340959143	0.00470039115143148	0.000509482956973342	0.0121125464286888	0	0.000147914406863228	0	0	0	0	0	0.000493048022877428	0.021858462347566	0.000361568550110114	0	0	0.000575222693357	0	0	0	3.28698681918285e-05	0	6.57397363836571e-05	0.00946652203924662	1.64349340959143e-05	4.93048022877428e-05	0	0	6.57397363836571e-05	0	0.00305689774184006	0	0.000180784275055057	0	0	0	0	0.000575222693357	0
np0292	0	0.0643573139359532	4.43537656347024e-05	0.00208462698483101	0	0	0.000110884414086756	0	0	0	0.0233744344894882	0.00102013660959815	0.588552293089683	0	0.106072030515391	4.43537656347024e-05	0	0	0	0	0	0.000155238179721458	4.43537656347024e-05	4.43537656347024e-05	0	0.000310476359442917	6.65306484520536e-05	0.107446997250067	0	0.00117537478931961	0	0	0.00037700700789497	0.00454626097755699	0	0.00157455868003193	0	0	0	0.00197374257074426	0	0	4.43537656347024e-05	0	0.00722966379845649	0	0	0	0	0.000266122593808214	0.000576598953251131	0.000487891421981726	4.43537656347024e-05	0	0.000354830125077619	6.65306484520536e-05	0	0.069080989976049	0.00102013660959815	0	0	0	0.000243945710990863	0	0.000487891421981726	0	6.65306484520536e-05	0.000110884414086756	0	0.000731837132972589	0	0.000465714539164375	8.87075312694048e-05	0	0	0	0	2.21768828173512e-05	0.00037700700789497	0.00119755167213696	0	0.000643129601703185	0.00153020491439723	0	0	0	4.43537656347024e-05	0	0.000487891421981726	8.87075312694048e-05	0	0.000110884414086756	0	0.00263904905526479	0.000133061296904107	0.0073627250953606	0.00037700700789497	0	0.00017741506253881	0	4.43537656347024e-05	2.21768828173512e-05	0	0	0
np0294	0	0.00626151012891344	0.00149083574497939	0.0460405156537753	0	0	0.000894501446987635	0	0	0	0.492203806015961	0.00545470490221871	0.00340261334736473	8.76962202929054e-05	0.0220117512935193	0.000175392440585811	0.000140313952468649	0.00489344909234412	0.0425502060861177	0	0	0.0189950013154433	0	0.0383583267561168	0.00219240550732263	0.00150837498903797	0.000228010172761554	0.00206963079891257	0	0.0143120231518022	0.00201701306673682	0	0.00498114531263702	0.0172586161536438	0.000631412786108919	0	0.000999736911339121	0.000280627904937297	0.000350784881171621	0.0263088660878716	0	0	0	0.00299921073401736	0.000596334297991757	0.0015785319652723	0.000315706393054459	0.000228010172761554	0	0	0.00210470928702973	0.00163114969744804	0.00015785319652723	0.00252565114443567	0.0121897746207138	0.000298167148995878	0.0006489520301675	0	0.00164868894150662	0.000263088660878716	0	0.000561255809874594	0.000403402613347365	0.00338507410330615	0.00236779794790845	5.26177321757432e-05	0.00226256248355696	0.000140313952468649	0.000543716565816013	0.00691046215908094	8.76962202929054e-05	0.00282381829343155	0.0145926510567395	0.0201525914233097	0	0.00171884591774095	0.00638428483732351	0.00192931684644392	0.0153117600631413	0.00106989388757345	8.76962202929054e-05	0.000175392440585811	0.0186968341664474	0	0.0173989301061124	0.000105235464351486	0.000736648250460405	0	0.0240989213364904	0.0168201350521793	7.01569762343243e-05	0.00492852758046128	0.000263088660878716	0	8.76962202929054e-05	0.0105586249232658	0.00645444181355784	0	0.000999736911339121	3.50784881171622e-05	0.0010172761553977	0.000473559589581689	0.00147329650092081	0.0314478645970359	8.76962202929054e-05
np0295	0.00182137298407127	0.0276186376130079	0.000132463489750637	0.0162267774944531	0.00149021425969467	6.62317448753187e-05	0.00966983475179654	9.93476173129781e-05	0	0	0.24773984170613	0.000794780938503825	0.00390767294764381	0.000264926979501275	0.00728549193628506	0.00132463489750637	0	0	6.62317448753187e-05	0	0.00337781898864126	0.00347716660595423	0	0.00821273636453952	0.000198695234625956	0.000463622214127231	0.00112593966288042	0.00496738086564891	6.62317448753187e-05	0.0212603901049773	0	9.93476173129781e-05	0.0042388316720204	0.0128820743782495	0	0.000993476173129781	0	0.000463622214127231	0.000132463489750637	0.0749743351988608	0	0.000231811107063616	0	0.00466933801370997	0.000794780938503825	0.000364274596814253	0	6.62317448753187e-05	0.000132463489750637	6.62317448753187e-05	0.0147365632347584	0.00158956187700765	3.31158724376594e-05	0.00102659204556744	0.00470245388614763	0.00264926979501275	0.00142398251481935	0.00241745868794913	0	0.000430506341689572	0	0.00102659204556744	0.00198695234625956	0.0217902440639799	0.00817962049210186	0.000430506341689572	0.000430506341689572	0.000397390469251912	0.00052985395900255	0.00900751730304335	0.0174520647746465	0.00655694274265656	0.00764976653309931	0.205450872603239	0	0.000264926979501275	0	0.000165579362188297	6.62317448753187e-05	0.00566281418683975	0	0.000132463489750637	0.00321223962645296	0	0.0199026393350333	6.62317448753187e-05	0	6.62317448753187e-05	0.100009934761731	0.0315594264330894	0	0.00500049673808657	0.000861012683379144	0.000894128555816803	0.00354339835082955	0.00327847137132828	0.00304666026426466	0.0371228930026162	0.00225187932576084	0	0	0.000397390469251912	9.93476173129781e-05	0.0107295426698016	0
np0297	0.000271812992661049	0.0311905409078554	0	0.0109404729546072	0.000407719488991574	0	0.000271812992661049	0.000679532481652623	0	0	0.27983147594455	0.00101929872247893	0.00475672737156836	0.000135906496330525	0.0235118238651808	0.000271812992661049	0	0.000679532481652623	0.000271812992661049	0	0	0.00169883120413156	0	0.0248029355803207	0.000203859744495787	0.000815438977983148	0.000611579233487361	0.00190269094862734	0	0.0100570807284588	0	0	0.00285403642294102	0.0142701821147051	0	0.00740690405001359	0	0	0.000135906496330525	0.0291519434628975	0.000271812992661049	0	6.79532481652623e-05	0.00088339222614841	0.00129111171513998	0.000271812992661049	0	0.000339766240826312	0	0	0.00638760532753466	0.0030578961674368	0.000203859744495787	0.00373742864908943	0.00502854036422941	0.00101929872247893	0	0.00625169883120413	6.79532481652623e-05	0.000747485729817885	0	0.000339766240826312	0.00101929872247893	0.0373742864908943	0.00298994291927154	0	0.000339766240826312	0.000203859744495787	6.79532481652623e-05	0.00502854036422941	0.126189181842892	0.00156292470780103	0.0057760260940473	0.225536830660506	0	0.000339766240826312	0	0.00101929872247893	0.00197064419679261	0.0198423484642566	0	0	0.00761076379450938	0.0201821147050829	0.016580592552324	0	0	0	0.0203859744495787	0.0103288937211199	0	0.00584397934221256	0.000339766240826312	6.79532481652623e-05	6.79532481652623e-05	0.00135906496330525	0.00183473770046208	0	0.000135906496330525	0	0.00407719488991574	0.000407719488991574	6.79532481652623e-05	0.00332970916009785	0
np0298	5.59966849962482e-06	0.00699958562453103	0.00111433403142534	0.0638642192382211	0.000179189391987994	0.00224546706834955	0.000935144639437345	0.000257584750982742	0	0	0.383224513108824	0.00514049568265559	0.00269344054831954	0.000235186076984243	0.0130248289301273	0.000212787402985743	0	0	0.00891467225140272	0	0.000128792375491371	0.00199908165436606	4.47973479969986e-05	0.00512369667715671	0.000526368838964733	0.000548767512963233	0.000156790717989495	0.00907706263789184	0.000145591380990245	0.0330324444792868	5.03970164966234e-05	0.000509569833465859	0.0112665330212451	0.0161718426269165	0	0.00224546706834955	0	0.000190388728987244	0.000660760882955729	0.190181541252758	1.67990054988745e-05	0	0.00048717115946736	0	0.00080075259544635	0	7.83953589947475e-05	0.000268784087981991	0.000195988397486869	0	0.00332620308877714	0.00303502032679665	6.71960219954979e-05	0.00157350684839457	0.0151415036229855	0.00439014010370586	7.27956904951227e-05	0.00309661668029253	2.79983424981241e-05	3.35980109977489e-05	0	0	0.000492770827966984	0.0112105363362489	0.00153990883739683	0	0.00139991712490621	6.1596353495873e-05	0.000184789060487619	0.0108185595412752	0.0128232408641408	0.00319181104478615	0.00408775800472612	3.91976794973738e-05	0.00016239038648912	0	0.00527488772664658	0.000750355578949726	0.0287262994030753	0.0343707652506972	0	7.27956904951227e-05	0.00675879987904716	0	0.0258032724462712	0.000100794032993247	0.000117593038492121	0.000195988397486869	0.0244425530008624	0.0181373262702848	4.47973479969986e-05	0.00113113303692421	0.000783953589947475	5.03970164966234e-05	0.000335980109977489	0.00610363866459106	0.00316941237078765	0	6.71960219954979e-05	0.000156790717989495	8.95946959939972e-05	0.000587965192460606	0.000907146296939221	0.00208867635036006	0
np0300	0.0150079519745537	0.0067871782810295	8.95997132809175e-05	0.00335998924803441	0.0045023855923661	0	0.000694397777927111	0.000134399569921376	0	0	0.271666330667742	0.000179199426561835	0.00750397598727684	0	0.0579038147077929	0.000313598996483211	0	0.000111999641601147	6.71997849606881e-05	0	0.000201599354882064	0.00217279304706225	0	0.0320990972828887	8.95997132809175e-05	0	0.00035839885312367	0.0118495620814013	0	0.0264319154178707	4.47998566404588e-05	0.000179199426561835	0.0054879824384562	0.0258943171381852	0	0.000134399569921376	0	6.71997849606881e-05	4.47998566404588e-05	0.0491454427345832	4.47998566404588e-05	0.000246399211522523	0	0	0.000940796989449634	6.71997849606881e-05	0	0	0	0	0.00987836838922115	0.00141119548417445	8.95997132809175e-05	0.00208319333378133	0.00636157964294514	0.000537598279685505	0.000940796989449634	0.000223999283202294	0	0.000156799498241606	0	0	0.000515198351365276	0.00275519118338821	0.00109759648769124	0	0	6.71997849606881e-05	6.71997849606881e-05	0.00172479448065766	0.0742557623815604	0.000671997849606881	0.00273279125506798	0.0481150460318527	0.0293663060278207	0	0.0299711040924669	2.23999283202294e-05	0.00156799498241606	0.0221759290370271	0.000134399569921376	0.00463678516228748	0.0372286808682212	0	0.0116479627265193	0	0	0	0.145017135945165	0.0084671729050467	0	0.000694397777927111	0.000291199068162982	0.000179199426561835	0	0.0168447460968125	0.00763837555719822	4.47998566404588e-05	8.95997132809175e-05	0	6.71997849606881e-05	0.00253119190018592	0.000201599354882064	0.00367358824451762	0
np0301	0	0.00726908538752302	0.000258456369334152	0.0297224824734275	0.00100151843116984	0.000129228184667076	0.000807676154169224	0.000807676154169224	0.00032307046166769	0	0.493037831551061	0.00390915258617905	0.0023907214163409	0	0.0234226084709075	0.000872290246502762	0	0	0.00287532710884244	0	0.000419991600167997	0.00222918618550706	0	0.00219687913934029	0.000161535230833845	0.00125997480050399	0.000839983200335993	0.00161535230833845	0	0.0492036313119891	0	0.0083352179110264	0.0165735146835525	0.0116305366200368	0	0.00203534390850645	0	0.000193842277000614	0	0.0223564759474041	0.000290763415500921	0	0	0	0.00103382547733661	0	9.69211385003069e-05	0.000581526831001842	0	0	0.0052014344328498	0.0052014344328498	0.000129228184667076	0.00316609052434336	0.0244564339482441	0.0018738086776726	0.00061383387716861	0.00335993280134397	0	0.000516912738668304	0	0	0.0009369043388363	0.00888443769586147	0.00390915258617905	0	0.00125997480050399	0.000129228184667076	0	0.00810906858785901	0.0322424320744354	0.00471682874034827	0.00158304526217168	9.69211385003069e-05	0.00377992440151197	0.000226149323167383	0.0175427260685556	0.000807676154169224	0.00177688753917229	0.0279779019804219	0	0.000290763415500921	0.0125674409588731	0	0.0417083966012987	0.000129228184667076	0.000161535230833845	0.000129228184667076	0.0441314250638064	0.0239395212095758	0.000226149323167383	0.00242302846250767	0.00032307046166769	9.69211385003069e-05	0.00116305366200368	0.00297224824734275	0.00571834717151811	0	0.000484605692501535	0.000161535230833845	0.00600911058701903	0.00167996640067199	0.000226149323167383	0.00907827997286208	0
np0305	0.000588235294117647	0.000980392156862745	0	0.000686274509803922	0	0	0.000980392156862745	0	0	0.00137254901960784	0.0222549019607843	0	0.000588235294117647	0	0.0407843137254902	0	0	0	9.80392156862745e-05	0	0.0255882352941176	0.000196078431372549	0.00382352941176471	0.0182352941176471	0.00196078431372549	0.000784313725490196	9.80392156862745e-05	0.000686274509803922	0	0.00568627450980392	0	0	0.0182352941176471	0.00284313725490196	0	0.00205882352941176	0	0	0	0.00872549019607843	0	0	0	9.80392156862745e-05	0.0133333333333333	0.000784313725490196	0.000686274509803922	0	0	0.0107843137254902	0.00568627450980392	0	0.000294117647058824	0.000490196078431373	0.00176470588235294	9.80392156862745e-05	0.000784313725490196	0	0	0	0	0.000882352941176471	0	0.0129411764705882	0.00176470588235294	0.000294117647058824	0	0	0	0.000196078431372549	9.80392156862745e-05	0	0.0114705882352941	0.727450980392157	0	0	0.0125490196078431	0.000588235294117647	0	9.80392156862745e-05	0	0	0.0042156862745098	0.00137254901960784	0.000588235294117647	0	0	0	0.0145098039215686	0.00980392156862745	0	0.000882352941176471	0.000686274509803922	0	0.000392156862745098	0	0.00107843137254902	0	0	0	9.80392156862745e-05	0.00294117647058824	0	0.00303921568627451	0
np0307	0.0138224107554689	0.00477130261854532	0	0.00614749449901322	0.000151229876974495	1.51229876974495e-05	0.000294898260100265	3.78074692436238e-05	0	0	0.51734228614205	8.31764323359723e-05	0.00321363488570802	5.29304569410733e-05	0.00486960203857874	0.000189037346218119	0	0	0.000680534446385228	0	0.000257090790856642	0.00416638311064734	0	0.0187298202632912	0.000657849964839054	2.26844815461743e-05	0.000657849964839054	0.00465788021081445	0	0.0214519580488321	3.78074692436238e-05	0.00154254474513985	0.00871840240757964	0.0166352864671945	0	9.0737926184697e-05	0	8.31764323359723e-05	0	0.0316524132507618	0.000136106889277046	0.000189037346218119	1.51229876974495e-05	0	0.000408320667831137	5.29304569410733e-05	0	1.51229876974495e-05	2.26844815461743e-05	0	0.00463519572926827	0.000113422407730871	0	0.00368244750432896	0.0109187971175585	0.000816641335662273	0.00113422407730871	0.000113422407730871	7.56149384872475e-06	0.00160303669592965	0	2.26844815461743e-05	0.000181475852369394	0.00805299094889186	0.0030548435148848	0	3.78074692436238e-05	0.000257090790856642	0.000196598840066844	0.00112666258345999	0.0201211351314566	0.000385636186284962	0.00553501349726652	0.0223744602983765	0.0146541750788286	0.000355390210890063	0.0383292123191858	0	0.00184500449908884	0.0131116303336887	0.000105860913882147	0.00350097165195956	0.0258149399995463	0	0.00914940755695695	1.51229876974495e-05	0	0	0.0682878509478333	0.00969383511406514	0	0.00717585766243979	0.000544427557108182	3.78074692436238e-05	0	0.000234406309310467	0.00334218028113634	0	1.51229876974495e-05	1.51229876974495e-05	0.00030245975394899	0.0106843908082481	0.000128545395428321	0.0463292728111366	8.31764323359723e-05
np0308	0.00338547380959845	0.0140747938936084	0.00278988119494687	0.01865145293251	0.00216294160057678	6.26939594370082e-05	0.0356415159399392	0	0.00426318924171656	0	0.0667063728409768	0.00115983824958465	0.052913701764835	0.000219428858029529	0.0679289050499984	0.00244506441804332	0	0.00545437447101972	0.00354220870819097	0	0.000720980533525595	0.00586188520736027	0	0.00620670198426382	0	0.00326008589072443	0.000407510736340554	0.00545437447101972	0	0.0126955267859942	0	0.000125387918874016	0.00768001003103351	0.0219428858029529	6.26939594370082e-05	0.00445127112002759	6.26939594370082e-05	0.00163004294536221	0.0139180589950158	0.135951851039152	0	0	0	0	0.00420049528227955	0.00112849126986615	0.000250775837748033	0.000407510736340554	0.000125387918874016	0.0106266261245729	0.00432588320115357	0.00322873891100592	0.000626939594370082	0.00200620670198426	0.00335412682987994	0.00388702548509451	0.00119118522930316	0.256261559198771	0.00141061408733269	0.000313469797185041	0	0.000125387918874016	0.00166138992508072	0.0015360020062067	0.00319739193128742	0	0.00115983824958465	0.000595592614651578	0.000313469797185041	0.00670825365975988	0.00122253220902166	0.00128522616845867	0.00470204695777562	0.00777405097018902	0.000971756371273628	0.000344816776903545	0.00119118522930316	0.003792984545939	0.0060813140653898	0.0310962038807561	0.000250775837748033	0.000344816776903545	0.0516284755963763	0	0.00413780132284254	0.000282122817466537	0.00131657314817717	0	0.0165198583116517	0.00413780132284254	0	0.00197485972226576	0.000156734898592521	0.000125387918874016	0.00100310335099213	0.0160496536158741	0.0175229616626438	0.00125387918874016	0.00291526911382088	6.26939594370082e-05	0.000407510736340554	0.00109714429014764	0.00736654023384847	0.00250775837748033	0
np0310	0.000718799104008559	0.0059342716726288	0	0.000735515362241316	0.000601785296379258	0	0.00202266724616362	0	0	0	0.0213800942796964	0	0.060579719835512	0	0.0269967570459028	0.000919394202801645	0	0	5.01487746982715e-05	0	0.000936110461034402	0.00111998930159473	0	0.00158804453211193	0	0.000334325164655144	0.000468055230517201	0.00586740663969777	0	0.00922737454448196	0	0	0.00270803383370666	0.00635217812844773	0	0.00758918123767176	0	3.34325164655144e-05	0	0.137524656480893	0.000100297549396543	0.000334325164655144	0	0	0.00264116880077563	0.00173849085620675	1.67162582327572e-05	0.000133730065862057	0	0.00170505833974123	0.00850857544047341	0	6.68650329310287e-05	0.0910200260773628	0.000267460131724115	0.000986259235732674	0.000484771488749958	0.00275818260840493	0.014593293437197	0.00250743873491358	0	0.000551636521680987	0	0.00539935140918057	0.000417906455818929	0	0	3.34325164655144e-05	0	0.000217311357025843	0.000100297549396543	0.000501487746982715	0.00463040353047374	0.520260104978102	0	6.68650329310287e-05	0	0.000869245428103373	3.34325164655144e-05	0.000601785296379258	0	0	0.00111998930159473	0	0.00367757681120658	0.000133730065862057	0	0	0.0130553976797834	0.0170840159138778	0	0.000936110461034402	3.34325164655144e-05	0.000468055230517201	1.67162582327572e-05	0	0.00626859683728394	0	0	0	0	0.00168834208150848	0	0.000284176389956872	0
np0314	0.0206467966801586	0.00551944069667607	0.000258936724041593	0.031086035133625	0.00218051978140289	0.000122654237703913	0.00103574689616637	8.17694918026085e-05	0	0	0.441200921269608	0.000517873448083187	0.0077272169753465	0.000258936724041593	0.00581926216661897	0.000340706215844202	5.45129945350723e-05	0.000381590961745506	0.0233588181582785	0	0.000531501696716955	0.00592828815568911	0	0.0116248960846042	0.000613271188519563	4.08847459013042e-05	0.00118565763113782	0.0109843683988171	0	0.0228409447101953	0.000245308475407825	0.00293007345626014	0.00447006555187593	0.0182073401747141	1.36282486337681e-05	0.000136282486337681	0.000218051978140289	0.000395219210379274	0.00028619322130913	0.068400179892882	0	0.000122654237703913	4.08847459013042e-05	0	0.00110388813933521	0.000136282486337681	4.08847459013042e-05	0	0.000299821469942898	4.08847459013042e-05	0.00734562601360099	0.00110388813933521	0	0.00139008136064434	0.00579200566935143	0.00603731414475926	0.00339343390980825	9.53977404363765e-05	0	0.000572386442618259	0	0	0.000258936724041593	0.0107799446693105	0.000667784183054636	0	0.000395219210379274	0.00028619322130913	0.000299821469942898	0.00547855595077477	0.0361557436253867	0.00167627458195347	0.0178802622075037	0.0251577469779359	0.0133420554124589	0.000436103956280578	0.0166673480790984	0.000122654237703913	0.00223503277593796	0.0279242814505908	5.45129945350723e-05	0.00174441582512231	0.011107022636521	0	0.0210011311446366	0	6.81412431688404e-05	1.36282486337681e-05	0.0525368984831759	0.00696403505185549	0	0.00197609605189637	0.000804066669392316	0	0.000245308475407825	0.00396582035242651	0.00378865312018752	1.36282486337681e-05	0.000367962713111738	0	0.00618722487973071	0.00340706215844202	0.000136282486337681	0.0084086294070349	0.00028619322130913
np0316	0.00791052918712493	0.00133357580166091	0.00187912953870401	0.104321997939019	0.000575862277989938	0.000727404982724132	0.00254591743953446	3.03085409468388e-05	0	0	0.45599199854519	0.00233375765290659	0.00309147117657756	0.000484936655149421	0.0151845790143662	0.000333393950415227	9.09256228405165e-05	0.000666787900830454	0.00233375765290659	0	0.000181851245681033	0.0086682427107959	0	0.00657695338546402	0.000878947687458326	0.000272776868521549	0.000484936655149421	0.00175789537491665	0	0.0169424743892829	0.00112141601503304	0.00287931138994969	0.00281869430805601	0.0639813299387767	0.000181851245681033	9.09256228405165e-05	0	0.000545553737043099	0.000575862277989938	0.0405528277868703	0	0	0	0	0.00133357580166091	0.000394011032308905	6.06170818936776e-05	0	0.000242468327574711	0	0.00512214342001576	0.0020306722434382	0.000272776868521549	0.0010911074740862	0.00345517366793963	0.00603139964842093	0.00172758683396981	0	0	0.000272776868521549	0	0.000181851245681033	0.000484936655149421	0.0120931078377887	0.00466751530581318	0	0.00166696975207614	0.000212159786627872	0.000363702491362066	0.0113960113960114	0.0225495544644481	0.00227314057101291	0.0158210583742499	0.008274231678487	0.00581923986179305	0.00100018185124568	0.0104564466266594	0.000272776868521549	0.00306116263563072	0.00478874946960053	0.000121234163787355	9.09256228405165e-05	0.00736497545008183	0	0.0179426562405286	0.000121234163787355	0.000151542704734194	0	0.0497969327756562	0.0207916590895314	0	0.00218221494817239	0.00118203309692671	0	0.00227314057101291	0.00730435836818816	0.00503121779717524	0.000272776868521549	0.000454628114202582	9.09256228405165e-05	0.00118203309692671	0.000272776868521549	0.000727404982724132	0.00654664484451719	0.000333393950415227
np0317	0.00211373244238374	0.0402291013227874	0.0001363698349925	0.0524342015546161	0.000477294422473749	0	0.00259102686485749	0	0	0	0.390085912996045	0.0102959225419337	0.00811400518205373	0.000340924587481249	0.0162961952816037	0.000340924587481249	0	0	0.00402291013227874	0	0	0.00279558161734624	0.0001363698349925	0.00143188326742125	0.000681849174962498	0.001363698349925	0.000545479339969999	0.00634119732715123	0.000545479339969999	0.0105004772944225	6.81849174962498e-05	0.00109095867994	0.00470475930724124	0.0122051002318287	0	0.0020455475248875	0	0	0.000272739669984999	0.0368198554479749	0.000545479339969999	0.000340924587481249	0	0	0.0015000681849175	0	0	0.000272739669984999	0	0.00525023864721124	0.0113868812218737	0.00102277376244375	0.0001363698349925	0.000613664257466249	0.00600027273966999	0.000750034092458748	0.00545479339969999	0	0	0.000477294422473749	0	0.000272739669984999	0.0001363698349925	0.00565934815218874	0.000750034092458748	0.000954588844947498	0.00156825310241375	0.000818219009954998	0.00163643801991	0.0117959907268512	0.00436383471975999	0.000340924587481249	0.0147961270966862	0.114755216146188	0.00109095867994	0.000340924587481249	0.00020455475248875	0.000954588844947498	0.00688667666712123	0.0219555434337924	0	0	0.00722760125460248	0	0.0358652666030274	6.81849174962498e-05	0	0.00020455475248875	0.0586390290467749	0.0377062593754262	0	0.000886403927451248	0.00300013636983499	0.00020455475248875	0.000272739669984999	0.00259102686485749	0.00286376653484249	0.0001363698349925	0.00020455475248875	0	0.00879585435701623	0.00170462293740625	0.000272739669984999	0.00729578617209873	0
np0318	0.00141216119998101	0.04166468884986	0.000166136611762472	0.0750462809132767	0.000130535909241942	0.00157829781174349	0.000581478141168652	0	0	0	0.413561494280154	0.00679973418142118	0.00289552380500309	0.000142402810082119	0.0184530308064746	0.00045094223192671	3.56007025205297e-05	0	0.00666919827217924	0	0	0.00253951677979779	2.37338016803532e-05	0.00173256752266578	0	0.00170883372098543	0.000474676033607063	0.00512650116295628	0.000688280248730242	0.00523330327051787	0	0.000154269710922296	0.000961218968054303	0.0170527365073337	0	0	1.18669008401766e-05	9.49352067214126e-05	0.000320406322684768	0.035885508140694	4.74676033607063e-05	0.000379740826885651	3.56007025205297e-05	0	0.000878150662173067	1.18669008401766e-05	0.000154269710922296	0.000308539421844591	0	3.56007025205297e-05	0.00164949921678454	0.00225471115963355	0.000166136611762472	0.00122229078653819	0.00639625955285518	0.0033464660369298	0	1.18669008401766e-05	2.37338016803532e-05	0.000154269710922296	0	0.000178003512602649	0.000545877438648123	0	0.00258698438315849	2.37338016803532e-05	0.000569611240328476	0.000154269710922296	7.12014050410595e-05	0.0160915175392794	0.0111430198889258	0.000130535909241942	0.00786775525703707	0.096976313665923	0.00236151326719514	0.000225471115963355	0	0.00125789148905872	0.014311482413253	0.109626429961551	5.93345042008829e-05	0	0.0114752931124508	0	0.0367873926045474	9.49352067214126e-05	0	7.12014050410595e-05	0.00473489343523046	0.01478615844686	0	0.000154269710922296	0.000118669008401766	0	0.000332273223524944	0.00150709640670243	0.00259885128399867	2.37338016803532e-05	8.30683058812361e-05	0	0.000249204917643708	0.000593345042008829	0.00102055347225519	0.00251578297811743	0
np0320	0.000218583578411891	0.028455607662348	0.00103992793365657	0.0197387595050738	0.000278197281615134	0.00355032721299314	0.000814720610444321	0.000642503245634952	0.000125851151206846	2.64949792014413e-05	0.315873142039583	0.000649126990435313	0.00197387595050738	0.000331187240018017	0.018473624248205	0.00039080094322126	9.9356172005405e-05	0.00059613703203243	0.0190763850250378	0.0015367087936836	0.000821344355244681	0.00464986884985295	0	0.031396550353708	0.00109954163685981	0.000536523328829187	0.000271573536814774	0.00337148610338341	0.000225207323212251	0.0220570701851999	0.000357682219219458	0.000490157115226665	0.00670322973796466	0.0226267122380309	6.62374480036033e-06	0	0.00117902657446414	0.000278197281615134	0.000178841109609729	0.0481480009538192	4.63662136025223e-05	9.27324272050446e-05	0	0.00112603661606126	0.00100018546485441	0.000529899584028827	0.000178841109609729	0.000304692260816575	0	0.00100680920965477	0.00131812521527171	0.000695493204037835	0.000231831068012612	0.001636064965689	0.0132806083247225	0.000986937975253689	3.9742468802162e-05	1.32474896007207e-05	5.29899584028827e-05	0.000304692260816575	0.000125851151206846	0.00102005669925549	0.000271573536814774	0.0424383329359086	0.00362981215059746	1.9871234401081e-05	0.000556394563230268	0.000278197281615134	0.000125851151206846	0.0105118829981718	0.0117372757862385	0.00109954163685981	0.00613358768513367	0.114166865379011	0	0.00020533608881117	0.00761068277561402	0.000609384521633151	0.0302175237792438	0.0310587393688896	9.27324272050446e-05	6.62374480036033e-05	0.00751795034840898	0.0875990249847654	0.0111477624990064	7.28611928039637e-05	0.000271573536814774	0	0.0173674588665448	0.0107105953421827	2.64949792014413e-05	0.00318602124897332	0.00344434729618737	0	0.00151021381448216	0.00498767983467133	0.00245078557613332	0.000384177198420899	0.000576265797631349	9.27324272050446e-05	0.00124526402246774	0.00154995628328432	0.000728611928039636	0.0020202421641099	0
np0321	0.000183707849797335	0.0698011655676768	7.8173553105249e-06	0.00145793676541289	0.000656657846084091	7.8173553105249e-06	5.08128095184118e-05	0.000132895040278923	8.59909084157739e-05	3.12694212420996e-05	0.0418267595889635	4.29954542078869e-05	0.000930265281952463	1.56347106210498e-05	0.00561676979061214	3.12694212420996e-05	3.90867765526245e-06	0	0.00144621073244711	0.00277125245758108	0.000164164461521023	0.00109833842112875	0.000547214871736743	0.0353813501354357	0.00202469502542595	0.000117260329657873	0.000277516113523634	0.00501874210935698	0	0.0159825829323682	1.56347106210498e-05	1.95433882763122e-05	0.0173545287893653	0.00603108962206996	0.000156347106210498	0.000519854128149906	0.000519854128149906	7.8173553105249e-06	0.00020715991572891	0.0113468912332269	0.000156347106210498	0.000128986362623661	0	0.000281424791178896	0.000343963633663095	1.56347106210498e-05	3.90867765526245e-05	5.47214871736743e-05	3.90867765526245e-06	0.00059021032594463	0.00233738923784694	5.08128095184118e-05	1.56347106210498e-05	0.00103970825629981	0.0069222681274698	0.00134458511341028	0.000457315285665706	0.000320511567731521	1.17260329657873e-05	0.000433863219734132	2.34520659315747e-05	0.0013015896592024	0	0.00884142885620366	0.00177844833314441	6.25388424841992e-05	3.90867765526245e-05	4.69041318631494e-05	1.95433882763122e-05	0.00055894090470253	0.00097326073616035	8.98995860710363e-05	0.00327547187510993	0.269905918128838	0	6.64475201394616e-05	0.00637896193338832	0.000211068593384172	0.00343181898132043	0.0230221113894958	0.000304876857110471	0	0.0232957188253642	0.389874961401808	0.000680109912015666	7.8173553105249e-06	2.73607435868371e-05	0	0.0176711316794415	0.0041119288933361	1.17260329657873e-05	0.00220840287522328	0.00073483139918934	3.5178098897362e-05	6.25388424841992e-05	0.000242338014626272	0.0009263566042972	0	1.56347106210498e-05	0	8.98995860710363e-05	0.000981078091470875	2.34520659315747e-05	0.0022279462634996	0
np0324	0.000515923268139393	0.0113034097837812	6.25361537138658e-05	0.000859872113565655	0.0028453949939809	0	0.0698059815831027	0	0	0	0.012835545549771	0.000312680768569329	0.487500586276441	0	0.0777168050279068	0	0	9.38042305707987e-05	0.026343354751966	0	0.000469021152853994	0.00153213576598971	0	0.000703531729280991	1.56340384284665e-05	0.000828604036708722	4.69021152853994e-05	0.0244985382174069	0	0.0102402951706455	0	7.81701921423323e-05	0.00123508903584885	0.00240764191798383	0	0.00486218595125307	3.12680768569329e-05	0.000625361537138658	4.69021152853994e-05	0.0112565076684958	0	0	0	0.000687897690852524	0.00367399903068962	3.12680768569329e-05	4.69021152853994e-05	0.00353329268483342	0	0.000203242499570064	0.00379907133811735	0.000594093460281725	0	0.00384597345340275	0.00209496114941451	0.000297046730140863	0	0.11122054938011	0.000578459421853259	7.81701921423323e-05	0	0.00157903788127511	0.00154776980441818	0.000437753075997061	0.00021887653799853	0	9.38042305707987e-05	9.38042305707987e-05	0	0.000609727498710192	0.00245454403326923	0.000406484999140128	0.000922408267279521	0.0856745305879962	0.000343948845426262	0	0	0.000625361537138658	0.00053155730656786	0.00398667979925895	0	0.000109438268999265	0.00958366555664994	0	0.000171974422713131	9.38042305707987e-05	3.12680768569329e-05	0.00207932711098604	0.00189171864984444	9.38042305707987e-05	0	0.000140706345856198	9.38042305707987e-05	0.000938042305707987	0.000328314806997796	0.000812969998280256	0.00137579538170505	0	0.000156340384284665	1.56340384284665e-05	0.00118818692056345	0.000390850960711661	0.000328314806997796	0.000891140190422588	0
np0326	3.36890649038552e-05	0.00960512672703248	0.000973239652778038	0.0245668147737779	0.000194647930555608	0	0.00210743817120783	4.11755237713785e-05	2.62026060363318e-05	0	0.21651213367821	0.00193899284668855	0.00123152248370759	0.000205877618856893	0.0368782963814201	0.000209620848290654	3.74322943376168e-05	0.00200637097649626	0.026262497707272	0	0.000872172458066472	0.00175931783386799	0.000348120337339837	0.00370579713942407	5.24052120726636e-05	0.000269512519230841	0.000314431272435981	0.000681267756944626	0.000512822432425351	0.0121916982657618	0	3.74322943376168e-05	0.00825382090144451	0.0189070518699303	0	0.000190904701121846	0.00269138196287465	0.000262026060363318	0.00035560679620736	0.0398878528461645	1.87161471688084e-05	1.12296883012851e-05	4.86619826389019e-05	0.00028822866639965	0.00251545017948785	0	7.86078181089954e-05	0.000411755237713785	1.12296883012851e-05	0.000366836484508645	0.00171439908066285	0.00108553653579089	0.000205877618856893	0.00478010398691367	0.00731801354300409	0.00183043919310946	5.24052120726636e-05	8.60942769765187e-05	0.000101067194711565	0.000291971895833411	0	8.60942769765187e-05	0.000205877618856893	0.00244432882024638	0.00397530965865491	1.87161471688084e-05	0.00137002197275678	0.000175931783386799	0.000142242718482944	0.0223321068018222	0.05045124630824	0.00355981119150736	0.00358601379754369	0.349703723390318	0.00336890649038552	0	0	0.000198391159989369	0.00970993715117781	0.0633167258720789	0	4.11755237713785e-05	0.0062624228426833	0	0.00568970873931776	7.48645886752337e-06	1.49729177350467e-05	2.99458354700935e-05	0.0083137125723847	0.00720197343055748	0	0.00073367296901729	0.00173685845726542	3.74322943376168e-06	0.000786078181089954	0.00551752018536472	0.00598542386458493	0.000175931783386799	0.00181546627537442	4.86619826389019e-05	0.000958266735042991	0.000460417220352687	0.000898375064102804	0.0033314741960479	0
np0327	0	0.0133068650334853	0.000916210379354726	0.0209637660609498	0	0	0.000698065050936934	0	0	0	0.529678671931241	0.00154883183176632	0.00431927750267228	0	0.03457603455422	0.000174516262734234	0	0.00194149342291835	0.0265919155341288	0	0	0.0116271460046683	0.000676250518095155	0.00796230448724941	0.0020941951528108	0.000654435985253376	0.000458105189677363	0.00054536332104448	0	0.0102964595013198	8.72581313671168e-05	0	0.00154883183176632	0.00848585327545211	0.00154883183176632	0	0.00126524290482319	0.000152701729892454	0.000370847058310246	0.0196767086232848	0	0.000152701729892454	0	0.00161427543029166	0.00141794463471565	0.00122161383913963	2.18145328417792e-05	0.000196330795576013	0	0	0.00778778822451517	0.000414476123993805	0.000109072664208896	0.00458105189677363	0.0107545646909971	0.00111254117493074	0.00126524290482319	0.00026177439410135	0.00815863528282542	0.000567177853886259	0	0.00126524290482319	0.000392661591152025	0.00602081106433106	0.0038829868458367	0	0.00117798477345608	0.000239959861259571	0.0011561702406143	0.00519185881634345	0	0.00218145328417792	0.0218581619074628	0.0208328788638991	0	0.00102528304356362	0.0104491612312122	0.00218145328417792	0.0150738421936694	0.00128705743766497	0	0.000283588926943129	0.0406404746842346	0	0.0142448899456818	0.000130887197050675	0.000327217992626688	8.72581313671168e-05	0.0404877729543422	0.0285988525555725	0.000523548788202701	0.00617351279422351	0.000196330795576013	0	0.000196330795576013	0.00364302698457713	0.00715516677210358	2.18145328417792e-05	0.000349032525468467	0	0.00143975916755743	0.000850766780829389	0.000523548788202701	0.0180406186601514	6.54435985253376e-05
np0328	0.000138605627388472	0.00565312951705839	0.00189097677365701	0.0606300615805002	0.0010692434112825	0	0.00218798883234659	0	3.96016078252777e-05	0	0.159782587173039	0.00199988119517652	0.000910836979981387	1.98008039126389e-05	0.0323347127893392	0.000108904421519514	0.000138605627388472	0	0.000217808843039027	0	0.000732629744767638	0.000831633764330832	0	0.000534621705641249	5.94024117379166e-05	0.00146525948953528	0.00144545868562264	0.00321763063580381	2.97012058689583e-05	0.00807872799635665	9.90040195631943e-05	0	0.0184246480407105	0.0115636694849811	0	0.00017820723521375	0	0.000138605627388472	0.000128705225432153	0.0521058154961091	2.97012058689583e-05	0.000148506029344791	9.90040195631943e-06	0.000188107637170069	0.000930637783894026	0.000366314872383819	1.98008039126389e-05	0.000485119695859652	9.90040195631943e-06	0.00301962259667742	0.00611844840900541	0	5.94024117379166e-05	0.00086133497019979	0.0153852246401204	0.00034651406847118	9.90040195631943e-06	0	9.90040195631943e-06	0.000188107637170069	0	0.000504920499772291	7.92032156505554e-05	0.00124745064649625	0.00189097677365701	0	0.000633625725204443	0.000188107637170069	0.000227709244995347	0.00964299150545512	0.0157218383066353	0.000485119695859652	0.0103756212502228	0.190701542482625	0	0	9.90040195631943e-06	0.000891036176068748	0.00748470387897749	0.00853414648634735	4.95020097815971e-05	3.96016078252777e-05	0.00142565788171	0.321842266796032	0.00731639704572006	0.00017820723521375	0.000138605627388472	0	0.00516800982119874	0.0114745658673742	4.95020097815971e-05	0.000752430548680276	9.90040195631943e-06	4.95020097815971e-05	5.94024117379166e-05	0.000851434568243471	0.00398986198839673	0	0.000108904421519514	3.96016078252777e-05	0.00131675346019048	0.000653426529117082	0.00016830683325743	0.00135635506801576	0
np0329	0.000294031167303734	0.0306380476330491	0	0.0239635401352543	8.82093501911203e-05	0.00120552778594531	0.000617465451337842	0.000264628050573361	0	5.88062334607468e-05	0.39450161717142	0.000617465451337842	0.00126433401940606	0.000176418700382241	0.0105263157894737	0.000264628050573361	0.000205821817112614	0.000852690385180829	0.0074095854160541	0.00249926492208174	0.000294031167303734	0.00244045868862099	0	0.0263451925904146	0.00141134960305792	0.000411643634225228	0.000323434284034108	0.00129373713613643	0.000294031167303734	0.0115554248750368	0.000411643634225228	0.000852690385180829	0.00449867685974713	0.011731843575419	0	0	0.000705674801528962	0	0.000323434284034108	0.0367832990296971	5.88062334607468e-05	0.000117612466921494	0	0.000882093501911203	0.00102910908556307	0	0.000117612466921494	0.000205821817112614	8.82093501911203e-05	0.00373419582475742	0.00252866803881211	0.000176418700382241	0	0.00141134960305792	0.0250808585710085	0.000529256101146722	0.000235224933842987	0	0	0.000294031167303734	0.000176418700382241	0.00138194648632755	0.000176418700382241	0.0369891208468098	0.00229344310496913	0	0.000441046750955601	0.000352837400764481	0.000176418700382241	0.0113201999411938	0.0191120258747427	0.00164657453690091	0.0123787121434872	0.123963540135254	0	0.000558659217877095	0.00987944722140547	0.000705674801528962	0.0428697441928844	0.00990885033813584	0	0	0.00520435166127609	0.0291972949132608	0.0136430461628933	0	0.000176418700382241	0	0.0271096736254043	0.016142311084975	0	0.00308732725668921	0.00220523375477801	0	0.000793884151720082	0.00429285504263452	0.00117612466921494	0.000499852984416348	0.000646868568068215	2.94031167303734e-05	0.00511614231108498	0.00114672155248456	0.000529256101146722	0.00305792413995884	0
np0330	0	0.00182541770819629	0.00700565715037495	0.109886856992501	8.22260228917248e-05	0	0.0011347191159058	0.00366728062097093	1.6445204578345e-05	0	0.256199842126036	0.0022694382318116	0.00518023944217866	0.000871595842652283	0.0133041705038811	0.000296013682410209	0.000394684909880279	0.000690698592290488	0.00657808183133798	0	8.22260228917248e-05	0.0112320747270096	0	0.0340086830680174	0.00115116432048415	0.000361794500723589	0.000460465728193659	0.00493356137350349	0.000213787659518484	0.0206058413366662	0.00103604788843573	0	0.00672608867254309	0.0182870674911196	4.93356137350349e-05	0	0.00450598605446652	0.000213787659518484	0.00190764373108801	0.0538415997895014	0	0	0	0	0.00148006841205105	0.00124983554795422	0.000230232864096829	0	9.86712274700697e-05	0.00103604788843573	0.00263123273253519	0.0034370477568741	0.000296013682410209	0.00384817787133272	0.00592027364820418	0.00141428759373767	0.00016445204578345	1.6445204578345e-05	0	0.000592027364820418	0	0.00261478752795685	0.000493356137350349	0.0307854229706618	0.00386462307591106	0	0.00162807525325615	0.000328904091566899	0.000378239705301934	0.0124490198658071	0.0270852519405341	0.0071701091961584	0.00496645178266018	0.0402907512169451	0	0.00345349296145244	0.0725069069859229	0.00198986975397974	0.0165274306012367	0.0793316668859361	3.28904091566899e-05	9.86712274700697e-05	0.00924220497302986	0	0.0119392185238784	0.00013156163662676	0.000444020523615314	0.00016445204578345	0.0278088409419813	0.0119392185238784	0.000328904091566899	0.0043908696224181	0.00139784238915932	0	0.000378239705301934	0.0108044994079726	0.00705499276410999	3.28904091566899e-05	0.000690698592290488	6.57808183133798e-05	0.000674253387712143	0.000772924615182213	0.000411130114458624	0.0119063281147217	0.00198986975397974
np0332	0	0.0305303902331379	0	0.013347726771198	0	0	5.96413171188473e-06	0	0	0	0.869492869880538	0.000161031556220888	0.0147671901186266	0	0.0196279574638126	0.0015626025085138	0	0	0	0	0	2.98206585594236e-05	0	0	0	6.5605448830732e-05	1.78923951356542e-05	1.78923951356542e-05	0	0.000345919639289314	0	0	0.00010139023910204	0.00275542885089074	5.96413171188473e-06	0.00973942708550776	0	5.96413171188473e-06	4.77130536950778e-05	0.000864799098223285	0	1.78923951356542e-05	0	0	0.000232601136763504	0	0	3.57847902713083e-05	0	0.000638162093171666	0.0039065062712845	0.000256457663611043	1.19282634237695e-05	0	0.000172959819644657	2.98206585594236e-05	0	4.77130536950778e-05	0	0	0	0	8.34978439663861e-05	0	0.000190852214780311	0	7.75337122545014e-05	0.000250493531899158	5.96413171188473e-06	0.0216915470361247	0	0.000250493531899158	2.38565268475389e-05	5.96413171188473e-06	0	0	0	2.38565268475389e-05	0.000381704429560622	0.00064412622488355	0	0.000632197961459781	0.000578520776052818	0	1.19282634237695e-05	5.96413171188473e-06	0	0	0.000131210897661464	5.36771854069625e-05	1.19282634237695e-05	5.36771854069625e-05	0	0	0.00011331850252581	7.75337122545014e-05	0.00572556644340934	0	4.17489219831931e-05	1.19282634237695e-05	2.98206585594236e-05	0	1.19282634237695e-05	3.57847902713083e-05	0
np0333	0.000355098624415567	0.0242143442934806	0.000490374290859592	0.00571539690726008	0.000219822957971541	0.000312824978651809	0.000515738478317847	0.000820108727816904	0.000811653998664153	5.07283749165095e-05	0.0922072761399089	0.000388917541026573	0.0021475012047989	7.60925623747643e-05	0.0215172856937528	0.000143730395596777	0	3.38189166110064e-05	0.00365244299398869	0.00198686135089662	0.000245187145429796	0.00186004041360535	0.000202913499666038	0.0255755556870736	0.00318743289058735	0.000574921582387108	0.000270551332888051	0.00273087751633876	6.76378332220127e-05	0.0192260540933571	0.000118366208138522	0.000118366208138522	0.0071949745089916	0.026649306289473	2.53641874582548e-05	0.000972293852566433	0.000777835082053146	0.000126820937291274	0.00697515155102006	0.0369471663975245	0.000126820937291274	0	0.000101456749833019	0.000380462811873822	0.000549557394928854	0.00021136822881879	0.000143730395596777	0.000135275666444025	0	0.00516583951233122	0.00151339651834253	0.000380462811873822	0.00021136822881879	0.00819263254901629	0.00867455211072313	0.00021136822881879	0.000515738478317847	2.53641874582548e-05	0	0.0013104830186765	0.000169094583055032	0.000498829020012344	6.76378332220127e-05	0.0137812085189851	0.00321279707804561	0	0.000135275666444025	0.000186004041360535	4.2273645763758e-05	0.00322125180719836	0.0055547570533578	0.000574921582387108	0.00873373521479239	0.550724147551933	0	0.000126820937291274	0.00541102665776102	0.000473464832554089	0.00851391225682085	0.00968066487990057	5.07283749165095e-05	3.38189166110064e-05	0.00933402098463776	0.0211875512567955	0.0042611834929868	2.53641874582548e-05	9.30020206802675e-05	4.2273645763758e-05	0.0153199692247859	0.00651859617677148	7.60925623747643e-05	0.00229123160039568	0.00169094583055032	0	0.000853927644427911	0.00158103435156455	0.00361862407737768	0.000135275666444025	0.000295915520346306	3.38189166110064e-05	0.000431191186790331	0.00144575868512052	0.000338189166110064	0.00187694987191085	0
np0334	0	0.000537579356952693	0	0.00760290804833094	0	0	0.0141306573827565	0	0	0	0.141076182674585	0.000332787220970715	0.000486381322957198	0	0.0743907433954536	0.000435183288961704	0.000127995084988736	0	0.000793569526930166	0	0.028670899037477	0.000895965594921155	0.000127995084988736	0.0122107311079255	0.00127995084988736	0.000435183288961704	0.000972762645914397	0.000332787220970715	0.000204792135981978	0.0496108949416342	0	0.000511980339954946	0.00345586729469588	0.0275957403235716	0	0.00135674790088061	0.000153594101986484	0.00120315379889412	0.0075261109973377	0.100757730903133	5.11980339954946e-05	7.67970509932419e-05	0	0.00028158918697522	0.00227831251279951	0	0.000102396067990989	0.000332787220970715	0	0.000921564611918902	0.00204792135981978	0.000460782305959451	0.000127995084988736	0.00268789678476347	0.000230391152979726	0.000511980339954946	0.00181753020684006	2.55990169977473e-05	0.000127995084988736	0.00166393610485357	0	7.67970509932419e-05	0.000179193118984231	0.000921564611918902	0.00243190661478599	0	0.00389105058365759	0.000153594101986484	0	0.00158713905386033	0.000230391152979726	0.00225271349580176	0.00176633217284456	0.443912553757936	0.000204792135981978	0	0	0.000332787220970715	0.000511980339954946	0.000665574441941429	0	0	0.002329510546795	0	0.00156154003686258	0	0	0	0.0254198238787631	0.00268789678476347	0	0.00176633217284456	0.000691173458939177	0.000537579356952693	0.00117755478189638	0.000102396067990989	0.00729571984435798	0	0.000230391152979726	0	7.67970509932419e-05	0.00156154003686258	0.000358386237968462	0.00412144173663731	0
np0336	0	0.00339546808952948	0.00734529831612501	0.0467050100478137	0.000970133739865567	0	0.00148984824336498	0.00460813526436144	0.000277181068533019	0	0.154874922042824	0.00117801954126533	0.0183632457903125	0.000485066869932784	0.021481532811309	0	0.000207885801399764	3.46476335666274e-05	0.02352574319174	0	0	0.00613263114129305	0	0.019160141362345	0.000485066869932784	0.000103942900699882	0.00131661007553184	0.00862726075809022	6.92952671332548e-05	0.0216547709791421	0.000450419236366156	0	0.00779571755249116	0.0170119880812141	0.000103942900699882	0.000103942900699882	0.00498925923359435	0.000173238167833137	0.00308363938742984	0.0778878802577784	0	0	0	0	0.0013859053426651	0.00110872427413208	3.46476335666274e-05	0	0	0.00630586930912619	0.00547432610352713	0.00148984824336498	0.000415771602799529	0.00734529831612501	0.00692952671332548	0.000692952671332548	0.000381123969232901	0.000242533434966392	0	0.000589009770632666	0	0.00627122167555956	0.000866190839165685	0.0155567874714157	0.00249462961679717	0	0.000762247938465803	0.000207885801399764	0.000242533434966392	0.00634051694269281	0.0293118979973668	0.0134432818238514	0.0128542720532188	0.108966807567043	0	0.00294504885316333	0.154216617005059	0.00135125770909847	0.00970133739865567	0.0199223893008108	0	0	0.0220705425819417	0	0.00440024946296168	0	6.92952671332548e-05	0	0.0302127364700991	0.0147945395329499	0.000207885801399764	0.00495461160002772	0.000519714503499411	0	0.000103942900699882	0.0238375718938396	0.00561291663779364	0	3.46476335666274e-05	0	0.00928556579585614	0.00117801954126533	3.46476335666274e-05	0.00997851846718869	0.000762247938465803
np0338	0.00097323600973236	0.016301703163017	0.000295446645811609	0.00347584289190129	0.000139033715676051	0.000278067431352103	0.00048661800486618	0.000782064650677789	0	0	0.0487486965589155	0.000364963503649635	0.00137295794230101	1.73792144595064e-05	0.0125130344108446	8.68960722975322e-05	0	8.68960722975322e-05	0.00519638512339242	0.00210288494960028	0.000347584289190129	0.00147723322905805	0	0.0170142509558568	0.000955856795272854	0.000295446645811609	0.000521376433785193	0.00278067431352103	6.95168578380257e-05	0.0100799443865137	0.000104275286757039	6.95168578380257e-05	0.00853319429961766	0.0072992700729927	0	0.000156412930135558	0.000225929787973584	0.000104275286757039	0.00191171359054571	0.139676746611053	1.73792144595064e-05	0.000330205074730622	1.73792144595064e-05	0.000590893291623219	0.00205074730622176	0.000260688216892596	0.000121654501216545	0	0	0.000173792144595064	0.00182481751824818	0.00915884602015989	6.95168578380257e-05	0.0159714980882864	0.00502259297879736	0.000364963503649635	0.000434480361487661	1.73792144595064e-05	0	0.000399721932568648	0.000434480361487661	0.000434480361487661	0.000121654501216545	0.0078380257212374	0.00203336809176225	0	0.000121654501216545	0.000104275286757039	0	0.00234619395203337	0.00331942996176573	0.000903719151894334	0.0224191866527633	0.523792144595064	0	0.000434480361487661	0.0101320820298922	0.000608272506082725	0.00255474452554745	0.0156760514424748	8.68960722975322e-05	0	0.00808133472367049	0.0021724018074383	0.00822036843934654	6.95168578380257e-05	0.000139033715676051	0.000295446645811609	0.0216023635731665	0.0138859923531456	6.95168578380257e-05	0.000903719151894334	0.00100799443865137	0	0.000695168578380257	0.0171532846715328	0.0046054918317692	5.21376433785193e-05	0.000104275286757039	0	6.95168578380257e-05	0.00206812652068127	0.000139033715676051	0.00361487660757734	1.73792144595064e-05
np0340	0.000561628723297563	0.00980844448901815	0.000381105205094775	0.0297262059973924	0.000401163373783974	0.000140407180824391	0.000982850265770735	0.000581686891986762	0	0	0.531721993781968	0.00182529335071708	0.00312907431551499	0.000160465349513589	0.0188145622304684	0.000240698024270384	8.02326747567947e-05	0.00395145923177214	0.000561628723297563	0	0.000862501253635543	0.00188546785678468	0	0.0165680473372781	2.00581686891987e-05	0.000561628723297563	0.000381105205094775	0.00236686390532544	0.000140407180824391	0.00928693210309899	0	8.02326747567947e-05	0.00236686390532544	0.0250526526928091	0	0.00232674756794705	0	6.0174506067596e-05	0.000260756192959583	0.0380302878347207	0	0	8.02326747567947e-05	0.00216628221843346	0.000822384916257146	0.000340988867716378	6.0174506067596e-05	0.000240698024270384	0	0	0.00232674756794705	0.00128372279610872	0.000120349012135192	0.00250727108614983	0.0114933306589108	0.00188546785678468	0	0.00256744559221743	0	0.000621803229365159	0	0	0.000521512385919166	0.0285026577073513	0.00383111021963695	0.000100290843445993	0.000842443084946344	0.00030087253033798	0.00076221041018955	0.0212416006418614	0.0619596830809347	0.00393140106308294	0.0141410089258851	0.0500050145421723	0	0	0	0.000982850265770735	0.00898605957276101	0.0112726908033297	0	0.000160465349513589	0.00487413499147528	0	0.0221041018954969	0.000180523518202788	0	4.01163373783974e-05	0.00467355330458329	0.00698024270384114	0	0.00262762009828503	0.000120349012135192	0	0.000100290843445993	0.00796309296961187	0.00114331561528432	0.00244709658008224	0.000621803229365159	0	0.00513489118443486	0.00114331561528432	0.000260756192959583	0.00220639855581185	0
np0341	0	0.0300454365593745	0	0.00169193194067323	0	0	0	0	0	0	0.8909931913384	0.00030018147334525	0.00212855953826632	0	0.0129623818035449	0.000109156899398273	0	0	0	0	0	5.45784496991363e-05	0.00165099810339887	0	0	8.18676745487044e-05	5.45784496991363e-05	0.00167828732824844	0	0.000750453683363124	0	0	0.0291585367517636	0.00758640450817994	4.09338372743522e-05	0.00122801511823057	0	4.09338372743522e-05	0.00111885821883229	0.00135081663005362	0	0	0	0	0.000163735349097409	0	0	5.45784496991363e-05	0	0.000859610582761397	0.00253789791100984	0.000600362946690499	0	0	0.000382049147893954	2.72892248495681e-05	0	0.000409338372743522	0	0	0	0	0.000122801511823057	0	0.000313826085770034	0	6.82230621239204e-05	0.000791387520637476	0	0.00121437050580578	0	0.000272892248495681	1.36446124247841e-05	8.18676745487044e-05	0	0	0	8.18676745487044e-05	0.000382049147893954	0.00110521360640751	0	9.55122869734885e-05	0.000968767482159669	0	0	4.09338372743522e-05	2.72892248495681e-05	0	0.000286536860920466	6.82230621239204e-05	2.72892248495681e-05	8.18676745487044e-05	0	0.000382049147893954	0.000191024573946977	0.00500757275989575	0.000204669186371761	0	5.45784496991363e-05	0	0	0	4.09338372743522e-05	1.36446124247841e-05	0
np0343	0.000194642830406205	0.00404258186228271	0.00337630448127686	0.105429037715792	0.00071119495725344	0	0.00391531539624789	0.000217101618529997	0	0	0.179445717109105	0.00875144110557128	0.00400515054874306	0.000756112533501026	0.0674587132611658	0.000786057584332749	0.00108550809264999	0.002710027100271	0.00755363907230233	0	0.00168440910928446	0.00488104328557098	0.000771085058916888	0.0139094761113357	0.000224587881237928	0.00184910688885894	0.00452170267559029	0.00139993112638309	0.000748626270793095	0.0584452529608169	0	0.000771085058916888	0.00253035679528066	0.0766368713410891	0	0.000194642830406205	0.00190151072781446	0.00118282950785309	0.00159457395678929	0.0593735495366003	2.99450508317238e-05	0.000344368084564824	0.000172184042282412	0.00156462890595757	0.0030244501340041	0	0.000434203237059995	0.00192396951593825	8.98351524951714e-05	0.00132506849930378	0.0123822785189178	0.0023956040665379	0.000531524652263097	0.00219347497342377	0.00470885924328857	0.00397520549791133	0.0206171674976418	2.99450508317238e-05	0.000202129093114136	0.000411744448936202	0	0.000134752728742757	0.000486607076015512	0.00243303538007756	0.0256703948254952	0.00063633233017413	0.0242704636991121	0.000389285660812409	0.000164697779574481	0.0164024015930767	0.00768090553833715	0.0084669631226699	0.00400515054874306	0.0202653131503691	0.000404258186228271	0.000104807677911033	1.49725254158619e-05	0.00119031577056102	0.0169638712961715	0.00366826872688616	0	0.000172184042282412	0.00991929808800851	0	0.0109299435535792	7.48626270793095e-05	2.99450508317238e-05	0.000112293940618964	0.0710745781490964	0.0150997918818967	0	0.00253035679528066	0.00213358487176032	2.99450508317238e-05	0.00637080956444924	0.00269505457485514	0.0198011648624774	0.000202129093114136	0.00590666127655752	2.24587881237928e-05	0.000299450508317238	0.000801030109748611	0.00322657922711824	0.0357993082693258	0
np0344	0.00804450149764655	0.000599058622165169	0.000171159606332905	0.000684638425331622	0.000513478818998716	0	0.0224219084296106	0	0.00094137783483098	0	0.0120667522464698	0	0.586991869918699	0	0.0488660676080445	0.000171159606332905	0	0.000342319212665811	0.00171159606332905	0	8.55798031664527e-05	0.000256739409499358	0.00171159606332905	0.000770218228498074	0	0.00710312366281558	0.000171159606332905	0.0180573384681215	0	0.0016260162601626	0	8.55798031664527e-05	0.00872913992297818	0.00436456996148909	0	0.00367993153615747	0	0.000770218228498074	0.000171159606332905	0.0105263157894737	0	0	0	0	0.000256739409499358	0	0	0.0249037227214377	0	0.00701754385964912	0.00094137783483098	0.000513478818998716	0	0.0130937098844673	0.00094137783483098	0	0	0.0975609756097561	0.00650406504065041	8.55798031664527e-05	0	0.00213949507916132	0.000171159606332905	0.000427899015832264	0.000599058622165169	0	8.55798031664527e-05	8.55798031664527e-05	0	0.000513478818998716	0.000855798031664527	0.000599058622165169	0.000256739409499358	0.0630723149336757	0	0	0.000427899015832264	0.00333761232349166	0.000855798031664527	0.00333761232349166	0	0	0.00316645271715875	0	0.000256739409499358	8.55798031664527e-05	0.000342319212665811	0	0.0014548566538297	0.000256739409499358	0	0	0.000342319212665811	0.0195121951219512	0.000513478818998716	8.55798031664527e-05	0.00102695763799743	0	8.55798031664527e-05	0	8.55798031664527e-05	0.0014548566538297	0.000770218228498074	0.000342319212665811	0
np0346	0.00739021270548107	0.00530579373726846	0.0045004500450045	0.0830925197782936	0.00127907527594865	0.000805343692263963	0.00895352693164053	0.000189492633473874	0	0	0.462788384101568	0.00492680847032072	0.00653749585484864	0.000473731583684684	0.0179544270216495	0.00113695580084324	0.000378985266947747	0.00260552371026576	0.00431095741153063	0	0.000236865791842342	0.0081008100810081	0	0.00791131744753423	0.000473731583684684	0.000473731583684684	0.000710597375527026	0.00284238950210811	0	0.0147804254109621	0.000378985266947747	0.000852716850632432	0.00577952532095315	0.0225969965417594	0.000426358425316216	4.73731583684684e-05	0	0.00208441896821261	0.000473731583684684	0.0674120043583306	0	0	0	0	0.00265289686863423	0.000757970533895495	9.47463167369369e-05	0	4.73731583684684e-05	0.000615851058790089	0.00639537637974324	0.00454782320337297	0.000331612108579279	0.00151594106779099	0.00445307688663603	0.00511630110379459	0.000947463167369369	0.000142119475105405	4.73731583684684e-05	0	0	9.47463167369369e-05	0.000994836325737837	0.00847979534795585	0.00336349424416126	0	0.00393197214458288	0.000378985266947747	0	0.0205599507319153	0.00734283954711261	0.0054005400540054	0.0117959164337486	0.00672698848832252	0.00279501634373964	0.000663224217158558	0.00971149746553603	0.000521104742053153	0.00431095741153063	0.0189018901890189	0.000236865791842342	0.000189492633473874	0.0124117674925387	0	0.0287081339712919	0	0	0	0.0148751717276991	0.0194229949310721	4.73731583684684e-05	0.00265289686863423	0.00151594106779099	0	0.00331612108579279	0.00966412430716756	0.0146856790942252	0.00175280685963333	0.000331612108579279	0.000284238950210811	0.000378985266947747	0.000615851058790089	0.00175280685963333	0.00511630110379459	0.000189492633473874
np0347	0.000685192234488009	0.0167110772744576	0	0.0923486867148839	0.00049486105824134	0	0.000228397411496003	3.80662352493338e-05	0	0	0.470460601446517	0.0129044537495242	0.00175104682146936	0.000418728587742672	0.0116482679862962	0.000152264940997335	0.000152264940997335	0	0.00437761705367339	0	0	0.00137038446897602	3.80662352493338e-05	0.000799390940236011	0.000799390940236011	0.000913589645984012	0.000875523410734678	0.00433955081842406	0.000532927293490674	0.00628092881614008	0	0.00171298058622002	0.00156071564522269	0.0151503616292349	0	7.61324704986677e-05	0	3.80662352493338e-05	0.000152264940997335	0.0123715264560335	0.00140845070422535	0.000342596117244005	3.80662352493338e-05	0	0.000532927293490674	0	0	0.000190331176246669	0.00049486105824134	7.61324704986677e-05	0.0124095926912828	0.000266463646745337	0.000190331176246669	0.000342596117244005	0.00921202893033879	0.00274076893795204	0.00106585458698135	0	0	3.80662352493338e-05	0	0	0.000114198705748002	0	0.00118005329272935	0.00285496764370004	0.000456794822992006	0.000380662352493338	0.000380662352493338	0.0164826798629616	0.00605253140464408	0.000380662352493338	0.00369242481918538	0.0393985534830605	0.00255043776170537	0	0	0.000799390940236011	0.00182717929196802	0.0196421773886563	0	0	0.0048344118766654	0	0.0437381043014846	0	0	0	0.0954320517700799	0.051084887704606	0	0.000532927293490674	0.000875523410734678	0	7.61324704986677e-05	0.000190331176246669	0.000685192234488009	0.000380662352493338	0.000228397411496003	0	0.000266463646745337	0.000647125999238675	0.000190331176246669	0.0159116863342215	0
np0352	0	0.00357321517901808	0.00196288620500727	0.0558660282522213	0	0	0.000300150075037519	0	1.42928607160723e-05	0	0.519979037137616	0.00482622263512709	0.0015341003835251	0.000157221467876796	0.0149932108911599	0.000228685771457157	2.38214345267872e-05	0.00580290145072536	0.0637842730889254	4.76428690535744e-06	0	0.0160032397150956	0	0.0156649753448153	0.00125300745610901	0.00105290740608399	0.000328735796469663	0.00487386550418066	0	0.00668429452821649	0.00128635746444651	0	0.00640796588770576	0.0193239476881298	5.24071559589318e-05	0.000128635746444651	9.52857381071488e-06	0.000119107172633936	0.000309678648848234	0.0213964124919603	0	9.52857381071488e-06	0	0.00316348650515734	0.000609828723885752	0.000638414445317897	0.000214392910741085	0.000233450058362515	6.19357297696467e-05	0	0.00219157197646442	0.00105767169298935	0.000128635746444651	0.00121012887396079	0.01739441149146	0.000652707306033969	0.000161985754782153	1.42928607160723e-05	4.76428690535744e-06	0.00020486433693037	0	0.000138164320255366	0.000419257247671455	0.00370185092546273	0.00296815074203769	1.42928607160723e-05	0.00096715024178756	0.000309678648848234	0.000352557230996451	0.00646037304366469	0.000128635746444651	0.00335405798137164	0.0150122680387813	0.0255365778127159	0	0.000104814311917864	0.000757521617951833	0.00135782176802687	0.0508825841492175	0.000338264370280378	0	7.62285904857191e-05	0.0233592986969675	0	0.00753710188427547	9.05214512017914e-05	0.000333500083375021	0	0.0164177326758617	0.00901403082493628	9.52857381071488e-06	0.00419257247671455	0.000109578598823221	0	0.00020486433693037	0.0100621739441149	0.00404964386955382	6.19357297696467e-05	0.000733700183425046	3.81142952428595e-05	0.000771814478667905	0.00040972867386074	0.000795635913194693	0.012982681817099	4.76428690535744e-05
np0359	0	0.00393184796854522	0.0129423328964613	0.0955111402359109	0	0	0.00425950196592398	0.00737221494102228	0	0	0.144659239842726	0.00376802096985583	0.0163826998689384	0.000327653997378768	0.0353866317169069	0	0.000327653997378768	0.000163826998689384	0.0129423328964613	0	0	0.0180209698558322	0	0.0588138925294889	0.00114678899082569	0.000982961992136304	0.00131061598951507	0.0165465268676278	0.000491480996068152	0.0360419397116645	0.000982961992136304	0	0.00622542595019659	0.0234272608125819	0.000655307994757536	0.000327653997378768	0.0109764089121887	0.000327653997378768	0.000491480996068152	0.0783093053735256	0	0	0	0	0.00524246395806029	0.00393184796854522	0.000491480996068152	0	0	0.00262123197903014	0.00212975098296199	0.00196592398427261	0.000327653997378768	0.00737221494102228	0.00622542595019659	0.000982961992136304	0.000163826998689384	0	0	0.00081913499344692	0	0.0137614678899083	0.000655307994757536	0.0131061598951507	0.00638925294888598	0	0.00147444298820446	0	0	0.00573394495412844	0.0108125819134993	0.00344036697247706	0.00163826998689384	0.100425950196592	0	0.00147444298820446	0.0404652686762779	0.00458715596330275	0.0173656618610747	0.0425950196592398	0	0.000491480996068152	0.0152359108781127	0	0.00294888597640891	0	0.00081913499344692	0.000491480996068152	0.0222804718217562	0.0031127129750983	0.000327653997378768	0.0072083879423329	0.00147444298820446	0	0.000327653997378768	0.0113040629095675	0.0147444298820446	0	0.000327653997378768	0	0.00131061598951507	0.00147444298820446	0.00114678899082569	0.0227719528178244	0.00294888597640891
np0360	0.00192108260655208	0.0157426769351082	0.000204008772377212	0.0281702113190867	0.000561024124037334	0.000204008772377212	0.00442019006817293	0.000136005848251475	0	0	0.367521803437548	0.00102004386188606	0.00266911477193519	0	0.0220669488788018	0.000748032165383111	1.70007310314344e-05	0.000493021199911596	0.000527022661974465	0	0.00156406725489196	0.0017340745652063	0	0.0198738545757468	0.000221009503408647	0.000238010234440081	0.00129205555838901	0.00078203362744598	1.70007310314344e-05	0.0107954642049608	0	0	0.00188708114448921	0.0186838034035464	0	8.50036551571718e-05	0	0.000544023393005899	0.000102004386188606	0.0790874007582326	0	0	0	0.00360415497866408	0.0016320701790177	0.000918039475697455	6.80029241257374e-05	0.000136005848251475	3.40014620628687e-05	3.40014620628687e-05	0.00708930484010812	0.00178507675830061	0.000136005848251475	0.00205708845480356	0.00877237721222012	0.00241410380646368	0.000408017544754424	0.000799034358477415	0.000204008772377212	0.000357015351660121	0	0	0.00117305044116897	0.0168477244521514	0.00418217983373285	6.80029241257374e-05	0.000578024855068768	0.000459019737848728	0.00112204824807467	0.0136685877492732	0.0311793407116506	0.00547423539212186	0.00576324781965625	0.145305248125669	0	8.50036551571718e-05	0	0.000731031434351677	0.00615426463337923	0.0158106798592339	5.10021930943031e-05	5.10021930943031e-05	0.00418217983373285	0	0.0460889818262185	3.40014620628687e-05	0	0	0.0244980534162969	0.0159806871695483	0	0.001683072372112	0.000680029241257374	0.0028221213512181	0.000289012427534384	0.00571224562656194	0.0044541915302358	0.0127675490046072	0.0056442427024362	0	0.00792234066064841	0.000697029972288808	0.000221009503408647	0.00384216521310416	0
np0361	0.000404704692045023	0.0287087390919438	0.000202352346022512	0.0217950339361747	0.000118038868513132	0.000160195607267822	0.00101176173011256	0.000725095906580667	8.43134775093799e-06	0.00233548332700982	0.515796130011382	0.0011550946418785	0.00112136925087475	0.00016862695501876	0.0115762404620379	3.3725391003752e-05	0	4.21567387546899e-05	0.00177901437544792	0.0136840773997724	0.00320391214535644	0.0023523460225117	0.000160195607267822	0.0198389612579571	0.00916487500526959	0.000320391214535644	0.000286665823531892	0.00107078116436912	0.000640782429071287	0.0058597866869019	6.74507820075039e-05	0.00139960372665571	0.00209940558998356	0.0030184224948358	0	0.000893722861599427	0.00385312592217866	0.000834703427342861	0.00029509717128283	0.00849036718519455	0.000413136039795961	3.3725391003752e-05	0	0.000345685257788457	0.00203195480797605	6.74507820075039e-05	0.000607057038067535	5.90194342565659e-05	9.27448252603179e-05	7.58821297584419e-05	0.00248724758652671	0.000101176173011256	9.27448252603179e-05	0.00158509337717634	0.00994055899835589	0.000101176173011256	0.00109607520762194	2.5294043252814e-05	0	0.000438430083048775	8.43134775093799e-05	0.000919016904852241	3.3725391003752e-05	0.0514312212807217	0.000910585557101303	0.000236077737026264	0.00016862695501876	0.000261371780279078	0.000438430083048775	0.0438008515661228	0.0024197968045192	0.00118882003288226	0.0158846591627672	0.0689094051684162	0	0.0021078369377345	0.0218540533704313	0.00029509717128283	0.00345685257788457	0.00511782808481936	7.58821297584419e-05	0	0.00263901184604359	0.00197293537371949	0.00956114834956368	5.05880865056279e-05	5.90194342565659e-05	0	0.0376038109691834	0.0177058302769698	0.000843134775093799	0.00255469836853421	0.00482273091353653	0	0.00431685004848025	0.000893722861599427	0.000463724126301589	0.00166097550693478	0.000160195607267822	8.43134775093799e-06	0.000497449517305341	0.000978036339108807	8.43134775093799e-05	0.0092323257872771	2.5294043252814e-05
np0362	0.00355680103470576	0.00256880074728749	0.000646691097219228	0.0307178271179133	0.000772436588345189	0.00504778328662786	0.00395200114967306	0.000125745491125961	3.5927283178846e-05	0	0.369134871021053	0.00176043687576345	0.00596392900768844	0.000197600057483653	0.029640008622548	0.000377236473377883	0.000125745491125961	0.00170654595099519	0.0564956527987354	0	0.000233527340662499	0.00650283825537113	0	0.0123410217719336	0.000646691097219228	0.000143709132715384	0.000556872889272113	0.00427534669828268	0	0.0130775310770999	0.000395200114967306	8.9818207947115e-05	0.00235323704821441	0.0396816842710354	7.1854566357692e-05	1.7963641589423e-05	0.000233527340662499	0.00053890924768269	0.000323345548609614	0.0378134655457354	0	7.1854566357692e-05	0	0	0.00231730976503557	0.000413163756556729	8.9818207947115e-05	3.5927283178846e-05	0.000125745491125961	0	0.00274843716318172	0.00276640080477114	0.000377236473377883	0.00192210965006826	0.0121074944312711	0.00465258317166056	8.9818207947115e-05	0	0	0.000413163756556729	0	7.1854566357692e-05	0.000682618380398074	0.00619745634835094	0.00294603722066537	0	0.00089818207947115	0.000143709132715384	0.000215563699073076	0.00842494790543939	0.00436516490622979	0.00181432780053172	0.0121254580728605	0.0188797873104836	0.00274843716318172	0.000341309190199037	0.0133469857009413	0.00035927283178846	0.0258856075303586	0.121021053387943	5.3890924768269e-05	0	0.0100057483653086	0	0.0214126607745922	5.3890924768269e-05	8.9818207947115e-05	0	0.0192570237838615	0.0256700438312855	0	0.00181432780053172	0.000880218437881727	0	0.000826327513113458	0.00450887403894517	0.0296938995473162	0.000215563699073076	0.000880218437881727	3.5927283178846e-05	0.00147301861033269	0.000628727455629805	0.00053890924768269	0.00122152762808076	1.7963641589423e-05
np0365	2.28190676128973e-05	0.00155169659767702	0.000707391095999818	0.0763297811651416	0.00162015380051571	0	0.000981219907354586	0	0	0	0.407662642904411	0.0251237934418	0.00225908769367684	0.000570476690322433	0.0105195901695457	0.00118659151587066	0	0	0	0	0	0.00104967711019328	0.000296647878967665	0.000319466946580563	0.000319466946580563	0.00189398261187048	0.000433562284645049	0.00454099445496657	0.00134632498916094	0.00746183510941743	0	0.0136914405677384	0.0328138192273464	0.0138968121762545	0	0.00951555119457819	0	0	0.0173196723181891	0.0137142596353513	0	0	0.000296647878967665	0	0.0173196723181891	0	0.000638933893161125	0.000821486434064304	0.000319466946580563	0.0210848184743171	0.0248043264952194	0.000456381352257947	4.56381352257947e-05	0.000182552540903179	0.00244164023458002	0.00440408004928919	0.00463227072541816	0.00216781142322525	0.000159733473290281	0.000205371608516076	0	0	9.12762704515893e-05	6.8457202838692e-05	0.00563630970038564	0	0.00193962074709627	0.00125504871870935	2.28190676128973e-05	0.0305090933984437	0.00912762704515893	0.00355977454761198	0.0105652283047715	0.0376742806288935	0	0.00269264997832189	0	0.0016886110033544	4.56381352257947e-05	0.0034456792095475	0	0	0.00563630970038564	0	0.0258768226730256	0.000182552540903179	0.000456381352257947	0	0.0847043789790749	0.0361454030988294	0	0.00146042032722543	0.000114095338064487	0.000182552540903179	0	0.000502019487483741	0.000182552540903179	0	0	0	0	0.00146042032722543	0	0.00764438765032061	0
np0368	0	0.00618804197106728	0.00329063101471471	0.100840249177342	3.10436888180633e-05	0	0.002452451416627	0	0	0	0.390829694323144	0.00682961153997392	0.00666404519961092	0.000144870547817629	0.0350793683644115	0.000579482191270515	0.000134522651544941	0.000962354353359962	0.0250005173948136	0	0	0.0221238022310064	0	0.0608663258759494	0.00374593845071297	0.00220410190608249	0.000351828473271384	0.00156253233717585	0	0.013555744117221	0.000258697406817194	0	0.00261801775699	0.0359485916513173	0.000527742709907076	0	0.00107618121235953	0.000682961153997392	0.000155218444090316	0.0455824830811896	0	2.06957925453755e-05	0	0.00302158571162483	0.00179018605517498	0.00428402905689273	0.000558786398725139	0.000393220058362135	0	0	0.00163496761108467	0.00265940934208075	0.000403567954634823	0.00306297729671558	0.00558786398725139	0.00078644011672427	0.0010140938347234	2.06957925453755e-05	7.24352739088143e-05	0.000579482191270515	0	0.000952006457087274	9.31310664541899e-05	0.0027939319936257	0.00570169084625096	2.06957925453755e-05	0.00395289637616673	0.000144870547817629	0.000320784784453321	0.0109480742565037	9.31310664541899e-05	0.00390115689480329	0.0065088267555206	0.0197334381920156	0	0.00171775078126617	0.00806101119642377	0.00260766986071732	0.0141869657898549	0.00201783977317411	9.31310664541899e-05	0.000341480576998696	0.0203439640721041	0	0.0134729609470395	0.000155218444090316	0.000682961153997392	2.06957925453755e-05	0.016836027235663	0.0141248784122188	0.000217305821726443	0.00531881868416151	0.000227653717999131	0	0.000672613257724705	0.00901301765351104	0.0192263912746539	0.000124174755272253	0.00113826858999565	0.000144870547817629	0.000714004842815456	0.00097270224963265	0.00184192553653842	0.0137109625613113	0.000672613257724705
np0369	0	0.00246728971962617	0	0.0307040498442368	0.00147040498442368	0	0.00386292834890966	0	0	0	0.664647975077882	0.000224299065420561	0.000672897196261682	0	0.104523364485981	0.000523364485981308	0	0	0	0	0	0	0	0	0	0	7.47663551401869e-05	0.00461059190031153	0.000922118380062305	0.0047601246105919	0	0	0.000124610591900312	0.0170965732087227	0	7.47663551401869e-05	0	0.000348909657320872	4.98442367601246e-05	0.0234018691588785	0	2.49221183800623e-05	4.98442367601246e-05	0	0.0110903426791277	0	0	0	0	0.000124610591900312	0.000548286604361371	0.000224299065420561	0.000199376947040498	0.00102180685358255	0.0130591900311526	0.00416199376947041	0	7.47663551401869e-05	0	0	0	0	0.000124610591900312	0	0.000199376947040498	0	0.000598130841121495	0.000348909657320872	9.96884735202492e-05	0.0188909657320872	0	0.000498442367601246	0.0051588785046729	0.000274143302180685	0	0	0	0	0.00221806853582555	0.0117632398753894	0	2.49221183800623e-05	0.00461059190031153	0	0.0347165109034268	0	2.49221183800623e-05	0	0.00104672897196262	0.00550778816199377	0	0	0	0	9.96884735202492e-05	0.00314018691588785	0.00256697819314642	0	9.96884735202492e-05	0	4.98442367601246e-05	0.000423676012461059	0.0161495327102804	0.000224299065420561	0
np0371	0.0012054647736405	0.0106482721671578	0.000100455397803375	0.00140637556924725	3.34851326011251e-05	0	0	0.000385079024912939	0	0.000200910795606751	0.0506630056255023	0.0001339405304045	0.000418564157514064	0	0.00269555317439057	3.34851326011251e-05	0	1.67425663005626e-05	0.000217653361907313	0.00242767211358157	8.37128315028127e-05	0.000602732386820252	0	0.0135949638360568	0.00117197964103938	0.000251138494508438	0.000401821591213501	0.00117197964103938	0	0.00607755156710421	0.000100455397803375	0.000117197964103938	0.00371684971872489	0.00416889900884007	0	8.37128315028127e-05	5.02276989016876e-05	0	0.000234395928207876	0.451948834717386	8.37128315028127e-05	0.000200910795606751	0	5.02276989016876e-05	0.000100455397803375	3.34851326011251e-05	0	6.69702652022502e-05	0	0	0.00257835521028663	0.0524377176533619	1.67425663005626e-05	0.000820385748727565	0.000686445218323065	0.00219327618537369	0.000318108759710688	0.000251138494508438	0	0.000150683096705063	0.000117197964103938	0.000234395928207876	3.34851326011251e-05	0.0102464505759443	0.00482185909456201	0	0	0.000217653361907313	0.000200910795606751	0.00169099919635682	0.000435306723814626	0.00170774176265738	0.00488882935976426	0.19376171979641	0	0.000100455397803375	0.0409020894722743	0.000351593892311814	0.00269555317439057	0.00130592017144388	0	0	0.00535762121618002	0.000368336458612376	0.0124564693276185	3.34851326011251e-05	3.34851326011251e-05	0.000619474953120814	0.0339371818912403	0.0296175997856952	0	0.000519019555317439	0.000519019555317439	0	0.0001339405304045	0.0178475756763997	0.00154031609965175	0	0	0	0	0.00298017680150013	1.67425663005626e-05	0.0159556656844361	0
np0372	0	0.0018346624039527	9.08248714828069e-05	0.00899166227679788	0.00052678425460028	0	0.000871918766234946	0	1.81649742965614e-05	0	0.853335997529563	0.00165301266098708	0.00165301266098708	0	0.0045594085484369	0.000472289331710596	0	0	0	0	0	0.000563114203193403	0.000163484768669052	0	0	3.63299485931227e-05	3.63299485931227e-05	0.00888267243101851	0.0105720150405987	0.00515885270022343	0	0	5.44949228896841e-05	0.00141686799513179	1.81649742965614e-05	0	0	0	0.00181649742965614	0.00900982725109444	0	0	0	0	0.000217979691558736	0.000781093894752139	7.26598971862455e-05	1.81649742965614e-05	0	3.63299485931227e-05	0.00312437557900856	0.000544949228896841	0	0	0.000145319794372491	0	0	0.000290639588744982	0	1.81649742965614e-05	0	0	0.00012715482007593	0	0.00012715482007593	0	0.000181649742965614	5.44949228896841e-05	0	0.00802891863908013	0.0151677535376287	0.000217979691558736	0.00813790848485949	0.01553105302356	0	0	0	0	0.0050316978801475	0.000599444151786525	5.44949228896841e-05	0	0.00165301266098708	0	0.0189460681913135	0	0	0	0.000363299485931227	0.00419610906250568	3.63299485931227e-05	0	0	0	0.000145319794372491	0	0.000199814717262175	0	3.63299485931227e-05	0	7.26598971862455e-05	0.00012715482007593	0.00210713701840112	0.00187099235254582	0
np0378	0.00115255322554826	0.0121338242356331	0	0.00348967504402113	0.000208099887946214	0	0.00457819753481671	0.000160076836881703	0.000272130622698895	0.000720345765967664	0.12090603489675	0.000256122939010725	0.000640307347526813	0	0.0367856571154154	6.40307347526813e-05	0	1.60076836881703e-05	0.00174483752201057	0.00144069153193533	0.0101808868256763	0.00112053785817192	0.00443412838162318	0.0213062269889547	0.000784376500720346	0.000416199775892428	0.000864414919161197	0.000272130622698895	0	0.0122939010725148	0	4.8023051064511e-05	0.0170321754442132	0.0055546662397951	0.00784376500720346	0.00174483752201057	0.000304145990075236	0.000208099887946214	0.000320153673763406	0.00845205698735393	9.60461021290219e-05	6.40307347526813e-05	0	0.000416199775892428	0.0328797822955018	0.00156875300144069	0.00139266848087082	4.8023051064511e-05	0	0.0298063070273731	0.00616295821994557	4.8023051064511e-05	0.000576276612774132	0.00978069473347207	0.00457819753481671	0.000112053785817192	0.000432207459580599	0.000320153673763406	0.000112053785817192	0.000416199775892428	0.000176084520569874	0.000352169041139747	0	0.010805186489515	0.00283336001280615	9.60461021290219e-05	3.20153673763406e-05	0.000128061469505363	8.00384184408516e-05	0.00201696814470946	0.00049623819433328	0.000352169041139747	0.0134784696654394	0.515095245717945	0	0.000160076836881703	0.00665919641427885	0.000416199775892428	0.000384184408516088	0.00661117336321434	1.60076836881703e-05	0	0.0126620777973427	0.00691531935328958	0.00286537538018249	8.00384184408516e-05	0	0	0.0263646550344165	0.0149031535136866	3.20153673763406e-05	0.00158476068512886	0.0012966223787418	9.60461021290219e-05	0.000624299663838643	0.000672322714903154	0.00097646870497839	0	0.000352169041139747	8.00384184408516e-05	0	0.00131263006242997	9.60461021290219e-05	0.00233712181847287	0
np0384	0	0.0157329050589907	0.00112422014948422	0.0116622397924517	1.23540675767496e-05	0	0.000284143554265242	0.00879609611464575	9.26555068256223e-05	0	0.225925010809809	0.00019148804743962	0.00580023472728396	0.000135894743344246	0.016727407498919	4.32392365186238e-05	1.85311013651245e-05	3.08851689418741e-05	0.00475013898326024	0	0.00016677991228612	0.00588053616653283	0.00276113410340355	0.0342763604916919	0.00193341157576132	0.000148248810920996	0.000765952189758478	0.00460189017233924	0	0.0138674408549015	0.00070418185187473	0	0.00921613441225523	0.0116560627586633	0.00121069862252147	0.000988325406139972	0.0300883315831738	3.70622027302489e-05	0.00052504787201186	0.0499969114831058	0	3.70622027302489e-05	6.17703378837482e-06	0	0.00101303354129347	0.000271789486688492	2.47081351534993e-05	0	0	0.00710358885663105	0.00374945950954352	0.000605349311260733	0.000123540675767496	0.0108592253999629	0.0132064982395454	0.00019148804743962	0.000469454567916487	0.000636234480202607	0	0.000901846933102724	0	0.00558403854469084	0.000463277534128112	0.0137130150101921	0.00208166038668232	0.000154425844709371	0.000105009574402372	8.03014392488727e-05	0.000321205756995491	0.00160602878497745	0.0267527333374514	0.00586200506516771	0.0161220581876583	0.0890419420594231	0	0.00694916301192167	0.211866081907468	0.000864784730372475	0.0106244981160047	0.0201000679473717	4.94162703069986e-05	0	0.0119772685156588	0	0.00304527765766879	0	9.26555068256223e-05	0	0.0287232071159429	0.00992649329791834	0.000457100500339737	0.00547902897028847	0.000549756007165359	0	6.17703378837482e-06	0.0140033355982457	0.000370622027302489	0	4.32392365186238e-05	0	0.00159985175118908	0.000630057446414232	0.00017913397986287	0.0110692445487677	0.000154425844709371
np0386	0.00413890275046232	0.111280711539026	0.00443244195262277	0.0321718965567852	0.00270056065987613	0.000322893122376493	0.0217806088003053	0.00290603810138844	0.000381600962808583	0	0.162562010156456	0.00217219009598732	0.100742654181466	0.000763201925617166	0.0454692224146535	0.00284733026095635	0.000176123521296269	0.000234831361728359	0.00804297413919629	0.000821909766049256	0.00149704993101829	0.00487275075586345	0.000792555845833211	0.00895294566589368	0.000733848005401121	0.00622303108580151	0.00090997152669739	0.0116241524055538	0	0.0127102474535474	5.87078404320897e-05	0.000998033287345525	0.0102445181553997	0.00666333988904218	0	0	0.000322893122376493	0.000675140164969032	0.00267120673966008	0.122581970822203	0	0	0.000264185281944404	0.0011154489682097	0.00719171045293099	0.00181994305339478	0.00102738720756157	0.00337570082484516	0	0.000616432324536942	0.00865940646373323	0.00622303108580151	0.00105674112777761	0.00393342530895001	0.0060175536442892	0.00184929697361083	0.00155575777145038	0.021604485279009	0	0.000410954883024628	0.0014383420905862	0.000792555845833211	0.00152640385123433	0.013091848416356	0.00358117826635747	0	0.00164381953209851	0.000381600962808583	0.000264185281944404	0.0129157248950597	0.00193735873425896	0.00681010949012241	0.00551853700061643	0.0488155693192826	2.93539202160449e-05	0	0.000352247042592538	0.00698623301141867	0.00587078404320897	0.0150879149910471	0.000264185281944404	0.000499016643672762	0.0254204949070948	0.000440308803240673	0.0221915636833299	0.000616432324536942	0.000939325446913435	0.000528370563888807	0.0160565943581765	0.00507822819737576	0	0.00281797634074031	0.000293539202160449	0	0.00337570082484516	0.00572401444212875	0.0110664279214489	0.000645786244752987	0.00135028032993806	0.000205477441512314	0.000410954883024628	0.00205477441512314	0.00422696451111046	0.00554789092083248	0
np0387	0	0.00263032367972743	1.36286201022147e-05	0.000286201022146508	0.00143100511073254	1.36286201022147e-05	0.119168654173765	0	0	0	0.00952640545144804	9.54003407155026e-05	0.446909710391823	8.17717206132879e-05	0.116456558773424	0	0	0	0.0319045996592845	0	0.000477001703577513	0.00233049403747871	4.08858603066439e-05	0.00100851788756388	0	0.00203066439522998	9.54003407155026e-05	0.0305826235093697	0	0.0105349233390119	0	2.72572402044293e-05	0.000218057921635434	0.00212606473594549	0	0.00820442930153322	0.000163543441226576	0.00040885860306644	0.000109028960817717	0.0157001703577513	0	0	1.36286201022147e-05	0.00151277683134583	0.00590119250425894	0	0.000136286201022146	0.0030664395229983	0	5.45144804088586e-05	0.00175809199318569	0.000531516183986371	2.72572402044293e-05	0.0054923339011925	0.00200340715502555	0.000367972742759796	0	0.0567768313458262	0.000286201022146508	9.54003407155026e-05	0	0.00466098807495741	0.00144463373083475	0.00058603066439523	0.000367972742759796	0	0	0.000136286201022146	0	0.000613287904599659	0.00261669505962521	0.00017717206132879	0.000218057921635434	0.0746848381601363	0.000667802385008518	0	0	0.00096763202725724	9.54003407155026e-05	0.00550596252129472	0	6.81431005110732e-05	0.0127018739352641	0	0	9.54003407155026e-05	5.45144804088586e-05	0.00230323679727428	0.00227597955706985	0.00020442930153322	0	0.000149914821124361	6.81431005110732e-05	0.00238500851788756	0.000149914821124361	0.000885860306643952	0.00253492333901192	0	9.54003407155026e-05	0	0.000776831345826235	0.000504258943781942	0.000722316865417377	0.000681431005110733	0
np0388	0	0.0322101011386044	0.00172539914763692	0.0143120666624261	0.00194008014757331	0	0.00182081292538643	0.0102490299599262	0.000159022962915845	0	0.0840277336047325	0.000842821703453979	0.115355257299154	0.000214680999936391	0.026906685325361	0.000222632148082183	0.000119267222186884	1.59022962915845e-05	0.00578048470199097	0	0.000485020036893327	0.00699701036829718	0.00470707970230901	0.0440493607276891	0.00056453151835125	0.000461166592455951	0.00116881877743146	0.0165224858469563	0	0.0218099993639081	0.000166974111061637	6.3609185166338e-05	0.00475478659118377	0.0200846002162712	0.000198778703644806	0.0048263469244959	0.00500127218370333	9.5413777749507e-05	0.00049297118503912	0.10020832008142	0	6.3609185166338e-05	0	0	0.00559760829463775	0.00189237325869856	5.56580370205458e-05	1.59022962915845e-05	0	0.00600311685007315	0.00694930347942243	0.00178105718465746	0.000222632148082183	0.0240999300298963	0.00618599325742637	0.00124037911074359	0.000763310221996056	0.0035939189618981	0	0.000699701036829718	0	0.0117836015520641	0.000993893518224032	0.00478659118376694	0.00256026970294511	7.95114814579225e-06	0.000596336110934419	3.97557407289613e-05	0.000325997073977482	0.00173335029578271	0.00850772851599771	0.00509668596145283	0.0037926976655429	0.158855988804783	0	0.00218656574009287	0.0554115514280262	0.00186851981426118	0.0018446663698238	0.0320113224349596	7.95114814579225e-05	3.1804592583169e-05	0.0480408370968768	0	0.00160613192545003	2.38534444373768e-05	0.000310094777685898	3.1804592583169e-05	0.01354875644043	0.00628140703517588	0.000270339036956937	0.00234558870300871	0.000357801666560651	0	2.38534444373768e-05	0.016419120921061	0.0107976591819859	0	3.1804592583169e-05	0	0.0011290630367025	0.00773646714585586	0.000286241333248521	0.0102808345525094	0.000238534444373768
np0389	0.000233000660168537	0.0141483178646784	0	0.0245945141289011	0.000310667546891383	0	0.000168278254566166	0.00542373758947873	0	3.88334433614229e-05	0.225221027015132	0.00132033707428838	0.00196756113031209	1.29444811204743e-05	0.0255782946940572	0.000116500330084269	0	0	0.000556612688180394	0	0	0.00151450429109549	0.000245945141289011	0.0104203073019818	0.000207111697927589	0.000970836084035571	0.000686057499385137	0.0106791969243913	0.000194167216807114	0.0134493158841728	0	0.000258889622409486	0.0186788862568444	0.023934345591757	0	7.76668867228457e-05	0	0	0.000375389952493754	0.0570463282979302	0.000491890282578023	0.000233000660168537	0	0	0.000427167876975651	0	0.000116500330084269	0.00018122273568664	1.29444811204743e-05	0.00122972570644506	0.00850452409615161	0.00110028089524031	0	0.00209700594151683	0.0802557829469406	0.00161806014005929	0.000220056179048063	7.76668867228457e-05	0	0.00027183410352996	0	0.00645929607911667	0.000608390612662291	0.000129444811204743	0.00217467282823968	0.000207111697927589	2.58889622409486e-05	0.000220056179048063	0.000297723065770909	0.0027183410352996	0.000258889622409486	0.000129444811204743	0.00696413084281517	0.0661204095633827	0.0987663909492188	0.00173456047014355	0	0.000582501650421343	0.00354678782700995	0.18804447723713	0.000220056179048063	0	0.00661462985256236	1.29444811204743e-05	0.00661462985256236	2.58889622409486e-05	0	6.47224056023714e-05	0.0391829443516757	0.0142389292325217	0	0.00204522801703494	0.000220056179048063	0.0022135062716011	0	0.00274422999754055	0.00125561466868601	0	1.29444811204743e-05	0	0.000517779244818971	0.00122972570644506	0.000284778584650434	0.00824563447374212	0
np0391	0.00402269951871274	0.0123554342360463	0	0.00100567487967818	0.000826090079735651	0	0.00366352991882767	0	0.000359169599885066	0.000287335679908053	0.0424179297464263	0.00010775087996552	0.00175993103943682	3.59169599885066e-05	0.0788377271747719	0.00010775087996552	3.59169599885066e-05	0	0.000466920479850585	0.000359169599885066	0.029990661590403	0.000538754399827599	0.00941024351698872	0.022053013432943	0.000323252639896559	0.000323252639896559	0.0010775087996552	0.00233460239925293	0	0.00980533007686229	0	0	0.0265785503914949	0.00466920479850585	0.00305294159902306	0.00175993103943682	0.000143667839954026	0.00010775087996552	0.000359169599885066	0.00976941311687379	0	0	0	0.000215501759931039	0.0182098987141728	0.0021909345592989	0.00201134975935637	7.18339199770132e-05	0	0.0196824940737016	0.00948207743696573	0	0.000718339199770131	0.00826090079735651	0.00118525967962072	0.00118525967962072	0.000323252639896559	0.000395086559873572	0.000359169599885066	0.000431003519862079	0.000754256159758638	0.000251418719919546	0	0.008224983837368	0.00362761295883916	0	7.18339199770132e-05	7.18339199770132e-05	0	0.000969757919689678	0.000179584799942533	0.000359169599885066	0.0153365419150923	0.571869836937002	0	0	0.00456145391854033	0.000359169599885066	3.59169599885066e-05	0.00366352991882767	3.59169599885066e-05	0	0.016162631994828	0.00186768191940234	0.00132892751957474	0	0	0	0.01900007183392	0.0104877523166439	0	0.000646505279793118	0.0011134257596437	3.59169599885066e-05	0.000431003519862079	0.000215501759931039	0.0011134257596437	3.59169599885066e-05	0.000143667839954026	0.000215501759931039	0	0.000538754399827599	3.59169599885066e-05	0.00258602111917247	0
np0392	0.000537164186299559	0.0340479453469874	0.000199714889778041	0.00496532536310233	0.000172168008429346	0.00017905472876652	0.00630134910851405	0.000502730584613689	0.000137734406743477	9.64140847204336e-05	0.121405992824037	0.000309902415172822	0.00470362999028972	0.000137734406743477	0.0309626946359335	0.000723105635403252	3.44336016858691e-05	4.1320322023043e-05	0.00311279759240257	0.00276157485520671	0.0203984656387089	0.00156328551653846	0.00212799658418671	0.0237936187649356	0.00253431308407997	0.000378769618544561	0.00055782434731108	0.00512371993085733	4.82070423602168e-05	0.0123410028442155	0	0.000192828169440867	0.00915245132810402	0.0115765768867892	2.06601610115215e-05	0.000723105635403252	0.000681785313380209	0.000612918110008471	0.000371882898207387	0.0801132176823431	0.000117074245731955	2.06601610115215e-05	0	0.000426976660904777	0.00388411027016604	0.00216243018587258	9.64140847204336e-05	0.000123960966069129	0	0.01747160949541	0.00103989477091325	0.000117074245731955	0.000123960966069129	0.0156328551653846	0.00770624005729751	0.000213488330452389	0.000482070423602168	3.44336016858691e-05	2.06601610115215e-05	0.00097102756754151	0.000303015694835648	0.00117762917765672	5.50937626973906e-05	0.0167829374616926	0.00170790664361911	3.44336016858691e-05	0.000165281288092172	0.000110187525394781	4.82070423602168e-05	0.00338826640588952	0.00418023924466451	0.000743765796414773	0.00685917345582513	0.397914701081904	0	0.000309902415172822	0.0113011080733023	0.000268582093149779	0.00492400504107929	0.0120793074714029	0.000103300805057607	6.88672033717383e-06	0.0053165481002982	0.0369403678886004	0.00610163421873601	3.44336016858691e-05	8.26406440460859e-05	0	0.024998794823941	0.0113906354376855	6.88672033717383e-05	0.00258940684677736	0.00165969960125889	0	0.000674898593043035	0.00070244547439173	0.00546805594771602	8.26406440460859e-05	0.000241035211801084	4.82070423602168e-05	3.44336016858691e-05	0.003526000812633	0.000261695372812605	0.00302327022801931	0
np0395	0.0011241518675642	0.0253870963424916	0.000160593123937743	0.058215007427432	0.000669138016407264	0	0.000856496661001298	2.67655206562906e-05	0	0	0.374690523667412	0.012526263667144	0.00616945251127498	0.000976941503954606	0.0141589604271777	0.000428248330500649	0.00045501385115694	0	0.00252934170201946	0	0	0.00208771061119066	0.00211447613184695	0.00361334528859923	0.000642372495750974	0.000923410462642025	0.000856496661001298	0.00424233502402206	0.000428248330500649	0.00551369725519586	0	0.00347951768531777	0.0114021117995798	0.0111344565930169	0	0.00196726576823736	0	0.000187358644594034	0.000883262181657589	0.0163804986416498	0.00228845201611284	0.000334569008203632	2.67655206562906e-05	0	0.000856496661001298	9.3679322297017e-05	1.33827603281453e-05	0.000187358644594034	0.000294420727219196	0.0106392944608755	0.0177856884761051	9.3679322297017e-05	0.000107062082625162	0.000294420727219196	0.0093679322297017	0.00206094509053437	0.00906012874215436	1.33827603281453e-05	1.33827603281453e-05	0.000133827603281453	0	0.000468396611485085	0	0.0024222796193943	0.000910027702313879	0.00728022161851103	0.000990324264282751	0.00103047254526719	0.00282376242923865	0.0147879501626005	0.00239551409873801	0.000548693173453957	0.00512559720567964	0.0914845496032012	0.000695903537063555	0.000575458694110247	0	0.000829731140345008	0.000615606975094683	0.0137842431379896	1.33827603281453e-05	0	0.00389438325549028	0	0.0312888936472037	5.35310413125811e-05	9.3679322297017e-05	9.3679322297017e-05	0.138939817726804	0.0413259638933126	0	0.00147210363609598	0.00129812775183009	0	0.000107062082625162	0.00117768290887679	0.000655755256079119	1.33827603281453e-05	0.000133827603281453	0	0.000214124165250325	0.00175314160298703	0.000173975884265889	0.0126333257497691	0
np0397	0	0.0051304360870674	0.00879074721351315	0.0879774780856373	7.50063755419211e-05	0	0.00180015301300611	0.00693558952510963	0	0	0.126565758089438	0.00199016916437897	0.0285374256811829	0.00044003740317927	0.040568448318107	0.000375031877709605	0.000490041653540551	0.000330028052384453	0.0167914272713181	0	0.000360030602601221	0.0184615692333848	5.00042503612807e-06	0.0444737802713231	0.00151012836091068	0.000810068855852747	0.00113009605816494	0.0318427066300636	0.000180015301300611	0.0302225689183581	0.000475040378432167	0	0.0064655495717136	0.0277873619257637	0	0	0.00828570428486421	0.000405034427926374	0.000405034427926374	0.0664756504302866	0	4.00034002890246e-05	1.00008500722561e-05	0	0.00395033577854118	0.00258521974367821	0.000320027202312197	0.000105008925758689	1.50012751083842e-05	0	0.00266022611922013	0.00308526224729102	0.000550046753974088	0.00805568473320232	0.00571548581629438	0.00100008500722561	0.000145012326047714	2.00017001445123e-05	6.50055254696649e-05	0.000990084157153358	0	0.0115459814084197	0.000450038253251526	0.0135011475975458	0.00604551386867884	2.00017001445123e-05	0.00204517383977638	0.000180015301300611	0.000170014451228354	0.00577549091672792	0.00853572553667062	0.00359530560097608	0.00280023802023172	0.116174874864363	0	0.000920078206647565	0.0326277733607357	0.00418035533020307	0.0159213533150318	0.0530895126085717	0.000175014876264482	0.000925078631683693	0.0283624108049184	0	0.00510543396188676	0.000190016151372867	0.000740062905346955	0.000235019976698019	0.0294725051629388	0.00371031537680703	0.00039003315281799	0.00524044543786222	0.0012651075341404	0	0.000540045903901832	0.0166064115449813	0.0167364225959207	2.00017001445123e-05	0.000470039953396039	0	0.000640054404624393	0.00193516448898156	0.00144012241040488	0.0111309461304211	0.00168514323717516
np0401	0.00282595043717695	0.000410608183179557	0	0.000265687647939713	0.000193227380319791	0	0.0140572919182648	0	0.00466161055021497	0	0.00282595043717695	0.00012076711269987	0.494927781266605	0	0.0259890826530119	0	0	9.66136901598957e-05	0.00217380802859765	0	0.000458915028259504	0.000313994493019661	0.00152166562001836	0.000772909521279165	0	0.00393700787401575	2.41534225399739e-05	0.017583691609101	0	0.00727018018453215	0	0	0.0164243273271823	0.000917830056519009	0	0.0295637891889281	0	0.000458915028259504	0.000313994493019661	0.00946814163566977	0	0	0	0	4.83068450799478e-05	0	0	0.0109656538331482	0	0.000144920535239843	0.000241534225399739	0.000410608183179557	0	0.00374378049369596	0.000483068450799478	0	0	0.101275300710111	0.000458915028259504	7.24602676199217e-05	0	0.00118351770445872	0.000193227380319791	0.000313994493019661	0.000144920535239843	0	0	0	0	0.000169073957779817	0.000338147915559635	0.000144920535239843	0.00012076711269987	0.215931597507367	9.66136901598957e-05	0	0.00012076711269987	0.00258441621177721	0.000144920535239843	0.000797062943819139	0	0.000144920535239843	0.00301917781749674	0	2.41534225399739e-05	0.00012076711269987	0.000410608183179557	0.000917830056519009	0.00118351770445872	9.66136901598957e-05	0	0	0.000193227380319791	0.0144920535239843	4.83068450799478e-05	0.000338147915559635	0.000144920535239843	0	4.83068450799478e-05	0	9.66136901598957e-05	0.000507221873339452	0.000338147915559635	0.000169073957779817	0
np0403	0.00019642120563336	0.00172850660957357	0	0.00106067451042014	0.000117852723380016	0	0.00748364793463102	0.0004910530140834	1.9642120563336e-05	0	0.00628547858026753	0.000373200290703384	0.00239633870872699	1.9642120563336e-05	0.0400109995875155	0.0014731590422502	0	0	0.00100174814873014	0	0.0877020683152953	0.000451768772956728	0	0.0560782542083243	0.000235705446760032	0.000157136964506688	0.000608905737463417	0.00296596020506374	0	0.00638368918308421	0	0	0.00400699259492055	0.00451768772956728	0	0.00265168627605036	0	5.89263616900081e-05	0.00216063326196696	0.126868456718587	0.000333916049576712	0.000137494843943352	0	0.000137494843943352	0.00225884386478364	0	1.9642120563336e-05	0.000137494843943352	0	0.017245781854609	0.00296596020506374	1.9642120563336e-05	3.9284241126672e-05	0.051089155585237	0.000432126652393392	0	0.000432126652393392	0.000176779085070024	3.9284241126672e-05	0.00176779085070024	0	0.000628547858026753	0	0.00108031663098348	0.00276953899943038	0	0	0.000333916049576712	0	0.000510695134646736	0.000432126652393392	0.000785684822533441	0.00019642120563336	0.511500461589833	0.00029463180845004	0	0	3.9284241126672e-05	0	0.00298560232562707	0	0	0.00604977313350749	1.9642120563336e-05	0.00620691009801418	0	0	0	0.0155369173655988	0.004851603779144	0	0.000274989687886704	0.000157136964506688	0	0	0	0.007306868849561	0	0.00019642120563336	0	0	0.00127673783661684	0	0.00182671721239025	0
np0406	0.000772275316150208	0.0397963123853654	0.00106187855970654	0.0178830002896032	0.00024133603629694	0.00308910126460083	0.00171348585770827	0.000168935225407858	0	0	0.284269717154165	0.000989477748817453	0.00166521865044889	0.000144801621778164	0.02681243363259	0.000530939279853268	0.000144801621778164	0.000265469639926634	0.0158075103774496	0.00144801621778164	0.000917076937928371	0.00395791099526981	0	0.0269572352543682	0.000555072883482962	0.000941210541558065	0.000265469639926634	0.00149628342504103	9.65344145187759e-05	0.0138526884834443	7.2400810889082e-05	0.000265469639926634	0.00499565595134665	0.0159040447919683	0	2.4133603629694e-05	0.000193068829037552	0.000506805676223574	0.00036200405444541	0.0393860411236606	0	4.8267207259388e-05	0	0.000434404865334492	0.00292016603919297	0.000675740901631432	0.00036200405444541	0.00024133603629694	2.4133603629694e-05	0	0.00308910126460083	0.00144801621778164	0.000217202432667246	0.00395791099526981	0.00888116613572739	0.00103774495607684	0.000144801621778164	0	0	0.000434404865334492	0	0.00012066801814847	7.2400810889082e-05	0.0127425427164784	0.0028236316246742	0	0.000917076937928371	0.000386137658075104	0.000265469639926634	0.01262187469833	0.0186311420021238	0.0024133603629694	0.00530939279853268	0.238005598996042	0	0.000193068829037552	0.00622646973646105	0.000965344145187759	0.0224925185828748	0.0260642919200695	0	0	0.0107877208224732	0.0330389033690511	0.0162177816391544	0.00012066801814847	0	4.8267207259388e-05	0.0123081378511439	0.01498696785404	0	0.00178588666859735	0.00142388261415195	0	0.00152041702867072	0.0123322714547736	0.00581619847475625	0.000289603243556328	0.000386137658075104	0.00012066801814847	0.00217202432667246	0.00219615793030215	0.00115841297422531	0.00156868423593011	0
np0410	6.54744088596229e-05	0.0106536216701586	0.000776339419335528	0.0350849296617779	0.000280604609398384	0	0.00125336725531278	0.000205776713558815	0	0	0.274693205627058	0.00261897635438491	0.0011972463334331	0.000355432505237953	0.0127207422927267	0.000308665070338222	3.74139479197845e-05	0.00429325052379527	0.0494425321759952	0	0.000402199940137683	0.0031427716252619	0	0.0118415145166118	0.000346079018258007	0.000243190661478599	0.00130013469021251	0.000991469619874289	0.000598623166716552	0.0141237653397186	0	0.000140302304699192	0.0111400029931158	0.0133848398683029	0	0	0.0107939239748578	0.000205776713558815	0.000159009278659084	0.0324191858724933	2.80604609398384e-05	4.67674348997306e-05	7.4827895839569e-05	0.000982116132894343	0.000570562705776714	0	6.54744088596229e-05	0.000233837174498653	3.74139479197845e-05	0.0001215953307393	0.00457385513319365	0.00249738102364561	6.54744088596229e-05	0.00306794372942233	0.0328026788386711	0.00319889254714157	0.00186134390900928	4.67674348997306e-05	0	0.000205776713558815	0	0.000215130200538761	0.000196423226578869	0.00510700389105058	0.00506023645615085	6.54744088596229e-05	0.00259091589344508	0.000177716252618976	0.000215130200538761	0.022747680335229	0.027424423825202	0.0038723436096977	0.00454579467225382	0.210743415145166	0.00594881771924573	0	0	0.000149655791679138	0.0207086201736007	0.0631266836276564	0	8.41813828195151e-05	0.0117105656988925	0	0.00587398982340617	0	9.35348697994612e-06	6.54744088596229e-05	0.020493489973062	0.00585528284944627	0	0.00153397186471116	0.0072395989224783	2.80604609398384e-05	0.00207647410954804	0.0102701287039808	0.00305859024244238	0.0001215953307393	0.00266574378928465	5.61209218796767e-05	0.00163686022149057	0.000261897635438491	0.000804399880275367	0.00755761747979647	0
np0412	0	0.00284300776790311	0	0.016722258288375	0.000604418974278615	0	0.000470103646661145	0	0	0	0.39143963645318	0.00094020729332229	0.00035817420697992	0	0.0279152022564975	0.000291016543171185	0	0	0	0	0	0.000111929439681225	0.00118645206062098	0.00076112018983233	0	0.00013431532761747	8.954355174498e-05	0.00680530993261848	0.00013431532761747	0.0387947437935126	0	0	0.00107452262093976	0.0109914709766963	4.477177587249e-05	0.00308925253520181	0	6.7157663808735e-05	0.00116406617268474	0.0274674844977726	0	0	0	0	0.0274227127219001	0	0	4.477177587249e-05	0	0.00351458440599046	0.00129838150030221	0.00080589196570482	0	0.00474580824248394	0.270981173468246	0.00058203308634237	8.954355174498e-05	0.0028877795437756	0.00013431532761747	6.7157663808735e-05	0	2.2385887936245e-05	0.000201472991426205	0	0.000425331870788655	0	0.00031340243110743	0.0160282957623514	0	0.0062680486221486	0	0.00040294598285241	0.000604418974278615	0	0	0	0	0.000111929439681225	0.000693962526023595	0.0466745763470708	0	8.954355174498e-05	0.00329072552662801	0	0.000738734301896085	0	0	0	0.0598374784535829	0.012424167804616	2.2385887936245e-05	6.7157663808735e-05	0	6.7157663808735e-05	0.00031340243110743	0.000559647198406125	0.00338026907837299	0	0.00022385887936245	0	4.477177587249e-05	4.477177587249e-05	0.00049248953459739	0.00058203308634237	0
np0413	0.000959897610921502	0.0650444904924427	0.000350438810336421	0.0359428327645051	0.000274256460263286	0.000441857630424183	0.00223976109215017	0	0	0	0.45159373476353	0.00614029741589469	0.00632313505607021	0.000121891760117016	0.0220624085811799	0.000380911750365675	6.0945880058508e-05	1.5236470014627e-05	0.00393100926377377	0	9.14188200877621e-05	0.00268161872257435	0	0.00213310580204778	0	0.00134080936128718	0.000350438810336421	0.00873049731838128	0.000822769380789859	0.0152517064846416	0.000243783520234032	3.0472940029254e-05	0.00560702096538274	0.016379205265724	0	0	0	0.000182837640175524	0.000365675280351048	0.0457855923939542	0	0.00015236470014627	0	0	0.0016912481716236	6.0945880058508e-05	7.61823500731351e-05	0.000380911750365675	7.61823500731351e-05	9.14188200877621e-05	0.00227023403217942	0.000853242320819113	0.000137128230131643	0.000563749390541199	0.0130119453924915	0.00115797172111165	0.00245307167235495	0	0	0.000198074110190151	0	0.000792296440760605	0.000487567040468064	0.00848671379814725	0.00199597757191614	9.14188200877621e-05	0.000441857630424183	0.000426621160409556	0.00114273525109703	0.0128748171623598	0.00432715748415407	0.000259019990248659	0.0241498049731838	0.0748110677718186	0.000411384690394929	0.000335202340321794	0	0.00114273525109703	0.0196398098488542	0.0479034617259873	7.61823500731351e-05	3.0472940029254e-05	0.00713066796684544	0	0.0161049488054608	4.5709410043881e-05	0	0.000106655290102389	0.0191217698683569	0.0150231594344222	0	0.00184361287176987	0.000289492930277913	0	0.000396148220380302	0.00239212579229644	0.0117473183812774	6.0945880058508e-05	7.61823500731351e-05	0.000137128230131643	0.00268161872257435	0.00175219405168211	0.00060945880058508	0.00159982935153584	0
np0415	0	0.00412556053811659	0.00681614349775785	0.10780269058296	0	0	0.00681614349775785	0.0134529147982063	0.000896860986547085	0	0.131838565022422	0.00269058295964126	0.0256502242152466	0.0010762331838565	0.0432286995515695	0.000538116591928251	0.0010762331838565	0.000538116591928251	0.0170403587443946	0	0	0.0202690582959641	0.0010762331838565	0.0380269058295964	0.000896860986547085	0.000538116591928251	0.000717488789237668	0.0145291479820628	0.000358744394618834	0.0426905829596413	0.000538116591928251	0	0.00753363228699552	0.0353363228699552	0	0	0.0132735426008969	0	0.000896860986547085	0.0726457399103139	0	0	0	0	0.00538116591928251	0.00394618834080717	0.000179372197309417	0	0	0	0.00304932735426009	0.00322869955156951	0.000717488789237668	0.00968609865470852	0.0062780269058296	0	0	0	0	0.000358744394618834	0	0.0111210762331839	0.000717488789237668	0.0154260089686099	0.00753363228699552	0	0.002152466367713	0	0	0.00789237668161435	0.0130941704035874	0.00269058295964126	0.00251121076233184	0.0640358744394619	0	0.0010762331838565	0.0434080717488789	0.00430493273542601	0.0197309417040359	0.0306726457399103	0	0.000538116591928251	0.0243946188340807	0	0.00358744394618834	0	0.000358744394618834	0	0.0218834080717489	0.00376681614349776	0.000717488789237668	0.0104035874439462	0.00161434977578475	0	0	0.0111210762331839	0.0200896860986547	0	0.000179372197309417	0	0.000538116591928251	0.002152466367713	0.000717488789237668	0.0231390134529148	0.00269058295964126
np0418	0	0.00100513492843876	0.000409701737135365	0.0205615645143669	0	0	0.000218507593138862	0	2.73134491423577e-05	0	0.447148475909538	0.0016114934993991	0.000737463126843658	3.82388287993008e-05	0.011515350158418	0.000103791106740959	0	8.19403474270731e-05	0.0219108489019993	0	0	0.00873484103572599	0.00226701627881569	0.00862012454932809	0.00227794165847263	0.000338686769365235	0.000797552714956845	0.00402053971375505	0	0.00622746640445756	0.000289522560908992	0	0.000579045121817983	0.0100732000437015	0.000874030372555446	6.55522779416585e-05	0.000316836010051349	2.73134491423577e-05	0.000202119523653447	0.0148202775046433	0	1.63880694854146e-05	0	0.00214683710258932	0.000245821042281219	0.000338686769365235	5.46268982847154e-06	6.00895881131869e-05	3.82388287993008e-05	0.000529880913361739	0.00550639134709931	0.000382388287993008	0	0.00187916530099421	0.278324046760625	9.28657270840162e-05	0.000655522779416585	0	0.00204850868567683	0.000163880694854146	0	0.000458865945591609	0.000278597181252049	0.00282967333114826	0.00180815033322408	6.55522779416585e-05	0.000109253796569431	0.000311373320222878	0.00085217961324156	0.0014967770130012	0.000218507593138862	0.000945045340325576	0.00589970501474926	0.0251447612804545	0	0.000289522560908992	0.00292800174806075	0.000458865945591609	0.00502021195236534	5.46268982847154e-05	5.46268982847154e-05	0	0.0126242761935977	0	0.00134928438763247	1.09253796569431e-05	0.000131104555883317	5.46268982847154e-06	0.0186332350049164	0.000874030372555446	0.000229432972795805	0.00621654102480061	0.000131104555883317	0	5.46268982847154e-06	0.00386758439855785	0.00200480716704906	3.27761389708292e-05	0.000120179176226374	0	0.000529880913361739	8.74030372555446e-05	0.000169343384682618	0.0454168032339124	0
np0419	0	0.0184924269108841	0.00149700598802395	0.0199894328989081	0.000616414230362804	0	0.000880591757661148	0.00228953856991899	0.000352236703064459	0	0.131560408594576	0.000792532581895033	0.00581190560056358	0.000264177527298344	0.0272102853117295	0	0.00017611835153223	0	0.00581190560056358	0	0.000264177527298344	0.0041387812610074	0.00167312433955618	0.0333744276153575	0	0.00017611835153223	0.00140894681225784	0.00589996477632969	8.80591757661148e-05	0.0169954209228602	0.000352236703064459	0	0.00695667488552307	0.0145297640014089	0.000792532581895033	0.000792532581895033	0.00836562169778091	0.000264177527298344	0.000440295878830574	0.0618175413878126	0	0.00017611835153223	0	0	0.000880591757661148	8.80591757661148e-05	0	0	0	0.0168193025713279	0.00422684043677351	0.000440295878830574	8.80591757661148e-05	0.00766114829165199	0.0110954561465305	0.000440295878830574	0.000352236703064459	0.000968650933427263	0	0.000440295878830574	0	0.0071327932370553	0.00105671010919338	0.0143536456498767	0.00202536104262064	8.80591757661148e-05	0.00017611835153223	0	0	0.00343430785487848	0.0148820007044734	0.01224022543149	0.0147058823529412	0.171539274392392	0	0.00352236703064459	0.193025713279324	0.00105671010919338	0.0065163790066925	0.0272102853117295	0.000264177527298344	0	0.0178760126805213	0	0.00167312433955618	0	0.000352236703064459	0	0.0319654808030997	0.0198133145473758	0	0.00986262768580486	0.000352236703064459	0	0	0.0189327227897147	0.000792532581895033	0	0	0	0.00149700598802395	0.00132088763649172	0	0.00422684043677351	0.000352236703064459
np0421	0	0.014183367218511	0.00154903669280666	0.00522799883822248	0.00242036983251041	0	0.000193629586600833	0.000338851776551457	0.000387259173201665	0	0.0626875786620196	0	0.00919740536353955	9.68147933004163e-05	0.0212508471294414	0	4.84073966502082e-05	0	0.00348533255881499	0	0	0.00222674024590957	0.00430825830186853	0.0331590667053926	9.68147933004163e-05	4.84073966502082e-05	0.000919740536353955	0.00609933197792623	0	0.0173298480007745	0.000145222189950624	0	0.00822925743053539	0.015587181721367	0.00222674024590957	0.00077451834640333	0.0012101849162552	0	0.000338851776551457	0.0703359473327524	0	0	0	0	0.00125859231290541	0.000145222189950624	0	0	0	0.0184432181237293	0.00721270210088102	0.00198470326265853	0	0.00435666569851873	0.00822925743053539	0.000145222189950624	4.84073966502082e-05	0.00338851776551457	0	0.000484073966502082	0	0.00556685061477394	0.000871333139703747	0.00430825830186853	0.0017910736760577	0	0.000338851776551457	0	0.000580888759802498	0.00246877722916062	0.00498596185497144	0.0111337012295479	0.0153935521347662	0.260964275341272	0	0.000919740536353955	0.227659986445929	0.00106496272630458	0.00614773937457644	0.0186368477103301	0	0	0.0192661438667828	0	0.00164585148610708	0	4.84073966502082e-05	4.84073966502082e-05	0.0311743634427341	0.0347081033981992	0.000290444379901249	0.00740633168748185	9.68147933004163e-05	0	0	0.00803562784393455	0.000580888759802498	0	0	0	0.00140381450285604	0.00150062929615645	9.68147933004163e-05	0.00106496272630458	0
np0422	0	0.00305286048845768	0.00542963086874094	0.0762936322069812	0.000125460020073603	0	0.00278800044608007	0.00347106055536969	0.00076670012267202	0	0.164032006245121	0.00299710047953608	0.0149506523921044	0.000341530054644809	0.0400356864057098	0.000320620051299208	0.000703970112635218	0.00040426006468161	0.0122741719638675	0	0.000432140069142411	0.0209797033567525	0.000348500055760009	0.0683617709378834	0.00128248020519683	0.000480930076948812	0.000752760120441619	0.0113192818110851	0.000104550016728003	0.039659306345489	0.000627300100368016	1.39400022304004e-05	0.00719304115088658	0.0321107951377272	0	8.36400133824021e-05	0.00754154120664659	0.000697000111520018	0.000473960075833612	0.0673511207761793	0	4.87900078064012e-05	1.39400022304004e-05	0	0.00299710047953608	0.00362440057990409	0.000278800044608007	2.09100033456005e-05	2.09100033456005e-05	9.75800156128025e-05	0.00360349057655849	0.00269042043046727	0.000641240102598416	0.00843370134939222	0.00551327088212334	0.00112914018066243	0.000223040035686406	0.000181220028995205	2.09100033456005e-05	0.000892160142745623	0	0.00416109066577451	0.000432140069142411	0.01514581242333	0.00573631091780975	6.97000111520018e-06	0.00304589048734248	0.000125460020073603	0.000432140069142411	0.00670514107282257	0.0145673023307684	0.00476748076279692	0.0037289505966321	0.0773600423776068	0	0.00195160031225605	0.0344039255046281	0.00255102040816327	0.0195647931303669	0.069149381063901	0.000132430021188803	0.000543660086985614	0.0229661536745846	0	0.00608481097356976	2.09100033456005e-05	0.000717910114865618	0.000223040035686406	0.0195996431359429	0.00304589048734248	0.000557600089216014	0.00637058101929296	0.00170068027210884	0	0.000501840080294413	0.015389762462362	0.0129642020742723	0	0.000334560053529609	3.48500055760009e-05	0.000613360098137616	0.00171462027433924	0.00077367012378722	0.0217394334783094	0.00190281030444965
np0428	4.48038710544591e-05	0.010640919375434	0.00129931226057931	0.0388001523331616	0.000380832903962902	0	0.00123210645399763	0.000224019355272296	0	0	0.276529492148122	0.00208338000403235	0.00132171419610654	0.000380832903962902	0.0187280181007639	0.000201617419745066	0.000112009677636148	0.00297945742512153	0.0584914536615964	0	0.000694460001344116	0.00389793678173794	2.24019355272296e-05	0.0135979748650283	0.000224019355272296	0.000156813548690607	0.000761665807925805	0.00244181097246802	0.00116490064741594	0.0223795335917023	0	0.000291225161853984	0.00533166065548063	0.0189520374560362	0	4.48038710544591e-05	0.0163310109993503	0.000313627097381214	0.000336029032908443	0.0377920652344363	4.48038710544591e-05	0	4.48038710544591e-05	0.000784067743453034	0.000739263872398575	0	0.000179215484217836	0.00051524451712628	0	4.48038710544591e-05	0.00403234839490132	0.00192656645534174	0	0.00201617419745066	0.0264118819866036	0.000649656130289657	0.000918479356616412	0	6.72058065816887e-05	0.000403234839490132	0	0.000403234839490132	0.000313627097381214	0.00658616904500549	0.00542126839758955	0	0.00313627097381214	0.000134411613163377	0.000358430968435673	0.0304218284459777	0.0372096149107283	0.00349470194224781	0.00347230000672058	0.168820986133202	0.00770626582136697	0	0	0.000179215484217836	0.0309146710275768	0.0434821568583526	0	0.000112009677636148	0.0109545464728153	0	0.00510764130020834	0	4.48038710544591e-05	0	0.0168014516454222	0.00575729743049799	0	0.00132171419610654	0.00434597549228253	0	0.00237460516588633	0.0158381684177513	0.0043235735567553	8.96077421089182e-05	0.00284504581195815	0	0.00154573355137884	0.000358430968435673	0.00100808709872533	0.00815430453191156	0
np0430	0	0.0184469336018267	0.000359589348963484	0.0078030888725076	0.00043150721875618	0	0.00183390567971377	0.000251712544274439	0	0	0.0849350042251748	0.000863014437512361	0.00156421366799115	0.000125856272137219	0.0389255470252971	0.000161815207033568	0	0.00275085851957065	0.0429889066685845	0	0.000539384023445226	0.0037577086966684	0.000791096567719664	0.00436901058990633	0	0.000485445621100703	0.000413527751308006	0.00120462431902767	0.000197774141929916	0.0208202233049857	0	0.000125856272137219	0.00158219313543933	0.0245419730667578	0	0.000125856272137219	0.00204965928909186	0.000377568816411658	0.000197774141929916	0.0316978011111311	0	5.39384023445226e-05	0	0.00127654218882037	0.00145633686330211	0	0.00021575360937809	0.000503425088548877	0	0.000107876804689045	0.00312842733598231	0.00309246840108596	0.000143835739585393	0.00465668206907711	0.0296481418220392	0.000934932307305058	0.000197774141929916	0.00034160988151531	0.000197774141929916	0.000323630414067135	0	0.000197774141929916	0.000467466153652529	0.000611301893237922	0.00638271094410184	0	0.00124058325392402	3.59589348963484e-05	8.98973372408709e-05	0.00368579082687571	0.0108955572735936	0.00169006994012837	0.00206763875654003	0.467502112587425	0.0050162714180406	0	0	0.000395548283859832	0.0316438627087866	0.0549272730541721	0	0	0.0137183336629569	0	0.00239126917060717	0	1.79794674481742e-05	0	0.0145453891655729	0.00426113378521728	0	0.00179794674481742	0.00206763875654003	0.000323630414067135	0.00185188514716194	0.00997860443373667	0.0118844279832431	8.98973372408709e-05	0.0010428091119941	1.79794674481742e-05	0.00129452165626854	0.000683219763030619	0.0011147269817868	0.00507020982038512	0
np0431	0	0.00022737608003638	7.57920266787934e-05	0.00558334596533778	0	0	0.00985296346824314	0	0	0	0.166464554595523	0.000277904097822242	0.000328432115608105	7.57920266787934e-05	0.0369107169925724	0.000656864231216209	0	0	0.000303168106715174	0	0.0369359810014653	0.000378960133393967	0	0.0156131574958314	0.00224849679147087	7.57920266787934e-05	0.000783184275680865	0.00126320044464656	0.000202112071143449	0.0120509322419281	0	0.00045475216007276	0.00280430498711536	0.0105856197261381	0	0.00174321661361225	5.05280177858623e-05	0.00045475216007276	0.000126320044464656	0.138269920671012	0.000151584053357587	0	0	5.05280177858623e-05	0.00161689656914759	0	2.52640088929311e-05	0.000151584053357587	0	0.00260219291597191	0.00224849679147087	0	7.57920266787934e-05	0.00240008084482846	0	0.000252640088929311	0.000277904097822242	0	2.52640088929311e-05	0.00189480066696983	0	7.57920266787934e-05	0	0.00411803344954777	0.000606336213430347	7.57920266787934e-05	0.00126320044464656	7.57920266787934e-05	0	0.00325905714718812	0.00022737608003638	0.00146531251579001	0.000303168106715174	0.489363852256076	5.05280177858623e-05	0	0	0.000101056035571725	0	0.000378960133393967	0	0	0.0026779849426507	0	0.00166742458693345	0	0	0	0.0167753019049063	0.00232428881814966	0	0.00108635238239604	0.000555808195644485	0	0	2.52640088929311e-05	0.0137436208377545	0	0.000202112071143449	0	0	0.00101056035571725	0.000151584053357587	0.00184427264918397	0
np0433	0.00297394897939478	0.00677828631017902	0.000173802213081513	0.0317092482088716	0.00177664484483325	3.86227140181141e-05	0.0020663151999691	0.000482783925226426	0.00127454956259776	0	0.471448158662109	0.00108143599250719	0.00606376610084391	0.000173802213081513	0.0231929397678775	0.00129386091960682	1.9311357009057e-05	0	0.000212424927099627	0	0.00104281327848908	0.00457679161114652	0	0.004402989398065	0.000154490856072456	0.000482783925226426	0.000212424927099627	0.00283876948033138	9.65567850452851e-05	0.0195430932931657	0	3.86227140181141e-05	0.00310912847845818	0.0133055249792403	0	0.00828457215688547	0	5.79340710271711e-05	9.65567850452851e-05	0.00822663808585829	0.000115868142054342	0	0	0.00336017611957592	0.000733831566344167	0	5.79340710271711e-05	0.000173802213081513	0	1.9311357009057e-05	0.00415194175694726	0.00127454956259776	0.000154490856072456	0.00129386091960682	0.0112198984222621	0.000115868142054342	0.000482783925226426	0.0101191510727459	0.00019311357009057	0.000984879207461908	0	0.000366915783172083	0.0101191510727459	0.0549987447617944	0.0117992391325338	0.00019311357009057	0.000289670355135855	0.000849699708398509	0.00019311357009057	0.0177085143773053	0.0392986115134311	0.00590927524477145	0.00571616167468088	0.0746770175540235	0	0.000115868142054342	0	0.00117799277755248	0.000135179499063399	0.0191182434389665	0.00019311357009057	7.72454280362281e-05	0.00270358998126798	0	0.0096170557905104	0.000115868142054342	7.72454280362281e-05	0.000173802213081513	0.0160863603885445	0.0153525288222003	0	0.00567753896066277	3.86227140181141e-05	0.000212424927099627	0.00706795666531487	0.000830388351389452	0.00807214722978584	0.0293725740107757	0.000502095282235483	3.86227140181141e-05	0.00581271845972616	0.000869011065407566	7.72454280362281e-05	0.00268427862425893	0
np0436	0	0.0216400911161731	0.000569476082004556	0.00541002277904328	0.00142369020501139	0	0.000569476082004556	0	0	0	0.107061503416856	0	0.0207858769931663	0	0.0304669703872437	0	0	0	0.00370159453302961	0	0.000854214123006834	0.00484054669703872	0.00484054669703872	0.0330296127562642	0.000854214123006834	0.000284738041002278	0.00113895216400911	0.0128132118451025	0	0.041002277904328	0	0	0.00370159453302961	0.0244874715261959	0.000284738041002278	0.00142369020501139	0.0222095671981777	0	0.000569476082004556	0.0962414578587699	0	0	0	0	0.010250569476082	0.000854214123006834	0	0	0	0.00227790432801822	0.00597949886104784	0.00227790432801822	0	0.0321753986332574	0.00825740318906606	0	0.00227790432801822	0.00569476082004556	0	0.000569476082004556	0	0.0279043280182232	0	0.00370159453302961	0.00398633257403189	0.000854214123006834	0	0	0	0.000569476082004556	0.0190774487471526	0.0025626423690205	0.00711845102505695	0.173405466970387	0	0.00484054669703872	0.101082004555809	0.0025626423690205	0.0025626423690205	0.0250569476082005	0	0	0.0316059225512529	0	0.00142369020501139	0.000284738041002278	0	0	0.0373006833712984	0.00626423690205011	0	0.0150911161731207	0.000284738041002278	0	0	0.00455580865603645	0.0025626423690205	0	0	0	0.00170842824601367	0.00113895216400911	0.000284738041002278	0.0113895216400911	0
np0439	0.00608559875085078	0.00364335188373303	4.00368338871762e-05	0.000560515674420467	0.000360331504984586	0	0	0	0	0	0.11286383472795	0.000120110501661529	0.00380349921928174	0	0.0319093566080794	0	0	0	0.000160147335548705	0	4.00368338871762e-05	0.0010009208471794	0	0.020458822116347	0.000120110501661529	0	0.000200184169435881	0.00308283620931257	0	0.010689834647876	0	0	0.00344316771429715	0.0110902029867478	0	0.000600552508307643	0	0	0.00244224686711775	0.0338311246346639	0	0.000120110501661529	0	0	0.00160147335548705	0	0	0	0	0.00308283620931257	0.00736677743524042	0.00164151018937422	0	0.00132121551827681	0.0273851943788285	0.00160147335548705	0	0.000560515674420467	0	0.000800736677743524	0	8.00736677743524e-05	0.000760699843856348	0.000440405172758938	0.00232213636545622	0	0	4.00368338871762e-05	0	0.000920847179405053	0.000200184169435881	0.00144132601993834	0.00676622492693278	0.593345878207951	0.00240221003323057	0.000120110501661529	0.0229811426512391	4.00368338871762e-05	0.00264243103655363	0.0176162069103575	0	4.00368338871762e-05	0.0187372382591985	0	0.00864795611963006	0	0	0	0.0175361332425832	0.00288265203987669	0	0.00204187852824599	4.00368338871762e-05	0	0	0.00164151018937422	0.000800736677743524	0	8.00736677743524e-05	0	0.00212195219602034	0.00104095768106658	0.000200184169435881	4.00368338871762e-05	0
np0440	0.000721273046927828	0.00121714826669071	0	0.000901591308659785	0.000180318261731957	0	0.00162286435558761	0	0.000270477392597935	0.00414732001983501	0.141639994590452	0	0.000721273046927828	0	0.029346797096876	0.000180318261731957	0	0	0.000225397827164946	0.000270477392597935	0.0171302348645359	0.00225397827164946	0.0016679439210206	0.0385430284452058	0.00175810305188658	0.000180318261731957	0.00135238696298968	0.000901591308659785	0	0.00757336699274219	4.50795654329892e-05	0.000495875219762882	0.0154172113780823	0.00685209394581436	0	0.00414732001983501	4.50795654329892e-05	0	0.000631113916061849	0.00635621872605148	0.000180318261731957	0.000135238696298968	0	0	0.0236667718523193	0.00202858044448452	0.000360636523463914	0	0	0.0143353018076906	0.00369652436550512	4.50795654329892e-05	0	0.000360636523463914	0.00103683000495875	0.000315556958030925	0.000450795654329892	0.00130730739755669	0.000135238696298968	0.000180318261731957	0	0.000495875219762882	0	0.0224045440201956	0.00189334174818555	0.000360636523463914	0	0.000180318261731957	0	0.00058603435062886	0	0	0.0242077266375152	0.501239688049407	0	0	0.0134337104990308	0.000270477392597935	0	0.00058603435062886	0.000135238696298968	0	0.00306541044944327	0.000270477392597935	0.00265969436054636	4.50795654329892e-05	0	0	0.0439525762971645	0.0131632331064329	0	0.00238921696794843	0.00153270522472163	0.000721273046927828	0.000405716088896903	4.50795654329892e-05	0.000405716088896903	0	4.50795654329892e-05	4.50795654329892e-05	0	0.00153270522472163	9.01591308659785e-05	0.0288058423116801	0
np0441	0	0.0186997173298543	0.00150653868853477	0.0195384089708943	0.000512533780635542	0	0.000264032553660734	0.00102506756127108	0.000264032553660734	0	0.115428819929798	0.000357220513776287	0.0076103500761035	0.000186375920231106	0.0234212406423757	3.1062653371851e-05	0.000124250613487404	0	0.00861988631068866	0	7.76566334296276e-05	0.00268691951666511	0.001459944708477	0.0346659211629857	0.000108719286801479	0.000108719286801479	0.000357220513776287	0.00664740782157612	0	0.0150653868853477	9.31879601155531e-05	0	0.00663187649489019	0.0178299630354425	0.00246948094306216	0.000528065107321467	0.00500108719286801	9.31879601155531e-05	0.000388283167148138	0.0607274873419687	0	1.55313266859255e-05	0	0	0.00184822787562514	0.000248501226974808	9.31879601155531e-05	0	0	0.0141956325909359	0.0052961823999006	0.00184822787562514	1.55313266859255e-05	0.0128754698226322	0.00593296679402355	0.000124250613487404	0.000232969900288883	0.00166185195539403	0	0.000497002453949616	0	0.00394495697822508	0.000947410927841456	0.0111048985804367	0.00178610256888143	0	0.000264032553660734	9.31879601155531e-05	0.000155313266859255	0.00309073401049918	0.0135122542167552	0.0132171590097226	0.0115553070543286	0.198878638213276	0	0.00232969900288883	0.200229863634952	0.000854222967725903	0.00672506445500575	0.0370577454726183	6.2125306743702e-05	0	0.0184978100829373	0	0.00198800981579847	0	3.1062653371851e-05	0	0.024819060044109	0.0187463113099121	4.65939800577765e-05	0.00493896188612431	0.000186375920231106	0	0	0.0198956294846706	0.00138228807504737	0	1.55313266859255e-05	0	0.00113378684807256	0.00198800981579847	0.00013978194017333	0.00282670145683844	0.00013978194017333
np0442	0.000127345275490279	0.0164487647508277	0	0.0114610747941251	9.55089566177095e-05	0.0005624416334154	0.000297138976143985	0.000753459546650819	2.12242125817132e-05	0.000371423720179981	0.298380592580015	0.000721623227778249	0.000827744290686815	0.000116733169199423	0.0143687919178198	0	0.000106121062908566	5.3060531454283e-05	0.0175524238050768	0.00630359113676883	0.000169793700653706	0.00228160285253417	0	0.0562759996604126	0.00475422361830376	0.000604890058578827	0.00053060531454283	0.00158120383733763	0.000169793700653706	0.0118961711520503	0.000286526869853128	0.000636726377451397	0.00482850836233976	0.0108349605229646	0	0	0.00189956702606333	7.42847440359963e-05	0.000159181594362849	0.0745500466932677	0.000328975295016555	0	0	0.000870192715850242	0.0011991680108668	0.000360811613889125	0.000180405806944562	5.3060531454283e-05	1.06121062908566e-05	0	0.00293955344256728	0.00110365905424909	8.48968503268529e-05	0.0101133372951863	0.0116733169199423	0.000424484251634264	0.000891416928431955	0.000127345275490279	0	0.000764071652941676	0	0.000265302657271415	0.000244078444689702	0.0242804991934799	0.00284404448594957	0	0.000403260039052551	0.000180405806944562	0.000106121062908566	0.00587910688513456	0.00584727056626199	0.00180405806944562	0.00854274556413957	0.229444350114611	0	0.00148569488071993	0.0255645640546736	0.000870192715850242	0.00807581288734188	0.0122675948722302	6.36726377451397e-05	0	0.0125116733169199	0.00491340521266661	0.00886110875286527	9.55089566177095e-05	0	0.000201630019526276	0.0328869173953646	0.00644154851854996	0.000180405806944562	0.00451014517361406	0.00325791663129298	0	0.00220731810849817	0.00906273877239154	0.00196323966380847	0.000233466338398845	0.000244078444689702	0	0.000435096357925121	0.00291832922998557	0.000233466338398845	0.00943416249257153	1.06121062908566e-05
np0444	0.000634646357983211	0.216579736115111	0.000133329066803196	0.00628246562776658	0.000133329066803196	2.66658133606391e-05	0.000346655573688309	0.000826640214179813	5.33316267212783e-05	0.00487984384499696	0.177498320053758	0.00100796774503216	0.0301110364468337	0.000133329066803196	0.0301857007242435	4.26653013770226e-05	2.13326506885113e-05	0	0.00180794214585133	0.00820773735240472	0.00124796006527791	0.00185060744722836	0.000143995392147451	0.042473307520826	0.00526383155739016	0.000799974400819174	0.00119996160122876	0.00300257058440797	0.000106663253442557	0.0145755335829253	0.000218659669557241	0.00078397491280279	0.0024532548291788	0.00639979520655339	2.13326506885113e-05	0.00137595596940898	0.00101863407037641	0.00036798822437682	0.000719976960737256	0.0059998080061438	0.000549315755229166	0.000149328554819579	5.33316267212783e-06	0.000458651989802993	0.0065171247853402	5.33316267212783e-05	0.0037758791718665	0.000143995392147451	2.13326506885113e-05	0.000117329578786812	0.00399453884142374	3.73321387048948e-05	0.000229325994901496	0.00701844207652022	0.0041012020948663	5.86647893934061e-05	0.00232525892504773	0.00265058184804753	0	0.00119462843855663	0.00509317035188207	0.00101330090770429	2.13326506885113e-05	0.0487931052872975	0.00234125841306412	0.000255991808262136	0.000111996416114684	0.000154661717491707	0.00119462843855663	0.0131835781255	0.000826640214179813	0.00167994624172026	0.0193913794758568	0.156480325962903	0	0.00073597644875364	0.0206073405651019	0.000911970816933858	0.000282657621622775	0.00703977472720873	0.000106663253442557	0	0.0142662101479419	0.00036798822437682	0.00734909816219214	0.000111996416114684	0.00019732701886873	0	0.0489157680287564	0.0154875043998592	0.00162128145232686	0.00163194777767111	0.00198393651403155	0.00343988992352245	0.00117329578786812	0.000970635606327264	0.00219726302091666	1.59994880163835e-05	0.000133329066803196	1.06663253442557e-05	2.66658133606391e-05	0.00220259618358879	4.26653013770226e-05	0.0152901773809905	0
np0447	0.00182246771980438	0.11511100165359	6.33289941244767e-05	0.00216022235513493	0.00018998698237343	7.03655490271963e-06	0.00056996094712029	4.92558843190374e-05	0	0.00310312071209936	0.0857544945994441	0.000401083629455019	0.1055623966506	0	0.0360553073215354	2.81462196108785e-05	0	0	0.000330718080427823	0.00393343419062027	0.00178728494529079	0.00166062695704183	2.11096647081589e-05	0.0316363508426274	0.00261056186890898	0.00116103155894874	0.00161840762762551	0.00301868205326672	4.92558843190374e-05	0.0206593251943848	0.000105548323540794	0.000309608415719664	0.00291313372972593	0.00671990993209725	0	0.00111881222953242	0.000267389086303346	0.000499595398093094	0.000316644970622383	0.00633993596735039	0.000415156739260458	0.00037293740984414	0	0.000295535305914224	0.0124265559582029	7.03655490271963e-05	0.00866199908524786	0.000225169756887028	0	4.22193294163178e-05	0.0059881082222144	0	0.000429229849065897	0.00375752031805228	0.00234317278260564	9.85117686380748e-05	0.00119621433346234	0.00470745522991943	7.03655490271963e-06	0.00138620131583577	0.00223058790416212	0.00149878619427928	0	0.0429300214614925	0.00450339513774056	0.000246279421595187	0.000105548323540794	7.74021039299159e-05	0.0015761882982092	0.00674805615170812	0.000133694543151673	0.000788094149104598	0.0203356436688597	0.272842416352954	0	0.000175913872567991	0.0149526791682792	0.00109770256482426	4.92558843190374e-05	0.00216022235513493	0	0	0.0245997959399078	0.000274425641206066	0.00510853885937445	9.85117686380748e-05	0.000154804207859832	0	0.0614713436301587	0.0204411919924005	0.00161137107272279	0.000689582380466524	0.0011117756746297	0.00848608521267987	0.000633289941244767	0.00019702353727615	0.00587552334377089	2.11096647081589e-05	4.22193294163178e-05	0	0	0.00264574464342258	7.03655490271963e-06	0.0137001723955951	0
np0452	0.000293336375340189	0.0417352476247902	0.0018577970438212	0.0287632612486352	0.00022815051415348	0.00345485064289556	0.00229780160683148	0.000928898521910598	0.00128742075843749	0	0.386161041670062	0.00109186317487737	0.00272150970454508	0.000440004563010283	0.022212082199371	0.000440004563010283	8.14823264833858e-05	0.00022815051415348	0.00968010038622623	0.00239558039861154	0.000749637403647149	0.00495412545018985	9.77787917800629e-05	0.0234832064925118	0.00159705359907436	0.000977787917800629	0.00045630102830696	0.00322670012874208	0.000391115167120252	0.0205009533432199	0.000374818701823574	0.00104297377898734	0.00350374003878559	0.0254876717240031	4.88893958900314e-05	0.0017111288561511	0.00107556670958069	0.000260743444746834	0.000863712660723889	0.0429248895914476	0	4.88893958900314e-05	8.14823264833858e-05	0.000635562146570409	0.00151557127259098	0.000668155077163763	0.000195557583560126	0.000260743444746834	4.88893958900314e-05	8.14823264833858e-05	0.00410670925476264	0.00105927024428401	0.000179261118263449	0.0022815051415348	0.0163942440884572	0.00105927024428401	0.00045630102830696	0	1.62964652966772e-05	0.000211854048856803	0.0005703762853837	0.000374818701823574	0.000472597493603637	0.0214950377263172	0.00430226683832277	8.14823264833858e-05	0.000831119730130535	0.000244446979450157	0.000146668187670094	0.0197187230089794	0.00924009582321595	0.00457930674836628	0.00868601600312892	0.0883105454426935	0	0.000293336375340189	0.00474227140133305	0.0011407525707674	0.0103808483939833	0.0527516581653439	4.88893958900314e-05	6.51858611867086e-05	0.0118149373400909	0.00286817789221518	0.0229454231377214	0.000146668187670094	0.000391115167120252	3.25929305933543e-05	0.0206639179961866	0.0193276078418591	8.14823264833858e-05	0.00239558039861154	0.00210224402327135	0	0.00138519955021756	0.00710525886935124	0.00464449260955299	0.000211854048856803	0.000358522236526897	0.000130371722373417	0.000505190424196992	0.00146668187670094	0.000765933868943826	0.0028518814269185	0
np0455	0	0.0127886181740916	0.000646292230327927	0.00997768963807635	0	0	0.000393972660953325	0	0	0	0.439956795807068	0.00237268928394362	0.00908793115659749	5.31199093420214e-05	0.0509065797861038	0.000150506409802394	4.42665911183512e-06	0.000123946455131383	0.00781305333238898	0	0	0.0108231815284369	0.00102698491394575	0.0281535519512713	0.0026604221262129	0.000973865004603725	0.000447092570295347	0.000655145548551597	1.32799773355053e-05	0.00654702882640414	0	0	0.00172197039450386	0.013156030880374	0.00159802393937248	0.000154933068914229	0.00283748849068631	0.000252319569374602	0.000154933068914229	0.0123990721722502	0	5.31199093420214e-05	0	0.0022310361923649	0.00221332955591756	0.00162015723493165	0.000168213046249734	0.00018149302358524	0	0	0.0105575819817268	0.000239039592039096	0.000177066364473405	0.0143025355903393	0.00221332955591756	0.000292159501381118	0.000894185140590693	0.00103583823216942	0.0197827395707911	0.000686132162334443	0	0.000637438912104257	5.75465684538565e-05	0.00312964799206743	0.00404153976910546	2.65599546710107e-05	0.000464799206742687	0.000234612932927261	0.000473652524966357	0.00615305616545081	0.000159359728026064	0.00185477016785891	0.0122397124442241	0.0610923224024364	0	0.000863198526807848	0.0284191514979814	0.0015758906438133	0.00290831503647567	0.00123946455131383	5.75465684538565e-05	3.54132728946809e-05	0.110909944047029	0	0.00475865854522275	5.31199093420214e-05	0.000358559388058644	4.86932502301863e-05	0.038874920320136	0.0217083362844394	0.00232842269282527	0.00256746228486437	0.000212479637368086	0	5.75465684538565e-05	0.00111994475529428	0.00419647283801969	1.32799773355053e-05	0.000225759614703591	0	0.00077909200368298	0.000610878957433246	0.000495785820525533	0.0105177420497202	0
np0456	0	0.014576526765519	0.000837731423305688	0.00921504565636257	0.00037697914048756	0	0.000670185138644551	0	0	0	0.178855658875764	0.0021362151294295	0.0051101616821647	0	0.0521487811007791	0	0	0.000837731423305688	0.0933651671274189	0	0	0.00770712909441233	0.000460752282818128	0.0480438971265812	0.000125659713495853	0.000879617994470973	0.000251319426991706	0.00272262712574349	0	0.0137387953422133	0.000209432855826422	0	0.00226187484292536	0.0267236324034515	0.00230376141409064	0	0.000795844852140404	0	0	0.0753539415263467	0	0	0	0.00368601826254503	0.00171734941777666	0.00138225684845439	0	0.000125659713495853	0	0	0.00841920080422217	8.37731423305688e-05	0	0.0172572673200972	0.0272681578286002	0.000125659713495853	8.37731423305688e-05	0.000293205998156991	0.00146602999078495	0.000879617994470973	0	0.000460752282818128	0.00100527770796683	0.00385356454720617	0.00582223339197453	0	0.000753958280975119	0	0	0.00247130769875178	0.000670185138644551	0.0018848957024378	0.00766524252324705	0.143922258523917	0	0	0.0233727067102287	0.00129848370612382	0.0117282399262796	0.000753958280975119	0	0	0.0555834799363324	0	0.00657619167294965	0.000125659713495853	0.000460752282818128	0	0.028859847532881	0.0193515958783614	0.000795844852140404	0.00309960626623105	0	0	0	0.0128591773477423	0.00393733768953673	0	0	0	0.00201055541593365	0.00142414341961967	0.00113093742146268	0.0556253665074977	0
np0459	0.00011832569146576	8.87442685993196e-05	0.000177488537198639	0.00278065374944535	2.95814228664399e-05	0	0.00780949563674013	0	0	0	0.121964206478332	0.000266232805797959	0.000443721342996598	0	0.0257358378938027	0.000798698417393877	0	0	5.91628457328798e-05	0	0.073302765863038	0.000207069960065079	2.95814228664399e-05	0.0141399201301583	0.0010353498003254	0	0.000236651382931519	0.000650791303061677	5.91628457328798e-05	0.00638958733915101	0	0.000177488537198639	0.00248483952078095	0.00387516639550362	0	0.00346102647537347	0	0.000147907114332199	0.000147907114332199	0.173347137997338	8.87442685993196e-05	2.95814228664399e-05	0	0	0.00171572252625351	0	2.95814228664399e-05	0.000207069960065079	0	0.0011832569146576	0.00218902529211655	0.000207069960065079	0	0.00248483952078095	2.95814228664399e-05	8.87442685993196e-05	0.000502884188729478	0.000236651382931519	0	0.00147907114332199	0	0.000147907114332199	0	0.00328353793817483	0.000798698417393877	0	0.000591628457328798	5.91628457328798e-05	0	0.00177488537198639	0	0.000946605531726076	0.000147907114332199	0.503416654341074	2.95814228664399e-05	0	0	0.00011832569146576	0	0.000414139920130158	0	0	0.00322437509244195	0	0.0011832569146576	0	0	0	0.012779174678302	0.00215944386925011	0	0.00112409406892472	0.00011832569146576	0	0	0	0.0130158260612335	0	0	0	0	0.00147907114332199	0	0.00275107232657891	0
np0462	0	0.0048304708320995	0.000462688777021025	0.00895765472312704	0	0	0.000166567959727569	0	0	0	0.54489931892212	0.000869854900799526	0.00545972756884809	0	0.0275947586615339	9.25377554042049e-05	0	7.40302043233639e-05	0.00868004145691442	0	0	0.00814332247557003	0.00175821735267989	0.00372001776724904	0.00246150429375185	0.000425673674859343	0.000388658572697661	0.000314628368374297	0	0.00886511696772283	0	0	0.00129552857565887	0.0136770802487415	0.00375703286941072	0	0.00407166123778502	7.40302043233639e-05	0.00018507551080841	0.00325732899022801	0	0.000148060408646728	0	0.000351643470535979	0.00246150429375185	0.000296120817293456	5.55226532425229e-05	0	5.55226532425229e-05	0	0.0114376665679597	7.40302043233639e-05	5.55226532425229e-05	0.00299822327509624	0.00425673674859343	0.000259105715131774	0.000832839798637844	0.000111045306485046	0.0481196328101866	0.000277613266212615	0	0.000999407758365413	0	0.0101791530944625	0.0014435889843056	7.40302043233639e-05	0.000240598164050933	0.000129552857565887	0.00111045306485046	0.00712540716612378	0	0.00314628368374297	0.0247445957950844	0.0171750074030204	0	0.000888362451880367	0.0112155759549896	0.00109194551376962	0	0.000314628368374297	0	0	0.00890213206988451	0	0.00433076695291679	5.55226532425229e-05	0.000129552857565887	0	0.150651465798046	0.00558928042641398	0.000629256736748593	0.00296120817293456	0.00303523837725792	0	0	0.00364598756292567	0.00114746816701214	0	0.000851347349718685	0	0	0.000277613266212615	0.000222090612970092	0.0114191590168789	0
np0467	0	0.00072007200720072	0.00036003600360036	0.00292529252925293	0	0	0.0468046804680468	0	0.00792079207920792	0	0.0200720072007201	0.000315031503150315	0.486633663366337	0.000135013501350135	0.094014401440144	0	0	0.000135013501350135	0.0384788478847885	0	0.000855085508550855	0.00207020702070207	0.00346534653465347	0.00171017101710171	0	0.00648064806480648	9.000900090009e-05	0.0412691269126913	0	0.0146714671467147	0	0	0.00153015301530153	0.0045004500450045	0	0.0125112511251125	0	0.00045004500450045	0.000405040504050405	0.0368586858685869	0	0	0	9.000900090009e-05	0.000225022502250225	0	0	0.0123762376237624	4.5004500450045e-05	9.000900090009e-05	0.00072007200720072	0.00081008100810081	0	0.0242574257425743	0.00202520252025203	0.000135013501350135	0	0.0405040504050405	0.000585058505850585	9.000900090009e-05	0	0.00580558055805581	0.00018001800180018	0.00189018901890189	0.00099009900990099	0	4.5004500450045e-05	0	0	0.00108010801080108	0.00333033303330333	0.00153015301530153	0.0013951395139514	0.0292529252925293	0	0	4.5004500450045e-05	0.00400540054005401	0.000315031503150315	0.00306030603060306	0	0.000225022502250225	0.0134563456345635	0	0.00027002700270027	0.00027002700270027	0.00045004500450045	0.000405040504050405	0.00567056705670567	0.00036003600360036	0	0.00018001800180018	0.00036003600360036	0.0135913591359136	0.00018001800180018	0.00153015301530153	0.00045004500450045	4.5004500450045e-05	0.00018001800180018	0	4.5004500450045e-05	0.00121512151215122	0.000585058505850585	0.00027002700270027	0
np0468	0.000870487745164713	0.00149615081200185	0.000163216452218384	0.000516852098691548	0.00359076194880444	0	0.054160659394467	0	0	0	0.00617502244226218	0	0.261527161937923	0	0.0278828105873072	8.16082261091918e-05	0	0	0.00130573161774707	0	0	0.000272027420363973	0	0.000190419194254781	0	0.000462446614618754	0.000108810968145589	0.0450749435543103	0	0.00851445825739234	0	0	0.0049508990506243	0.0079976061587008	0	0.00130573161774707	0	0.000244824678327575	0	0.00568537308560703	0	0	0	0.000571257582764343	0.00288349065585811	0	5.44054840727945e-05	0.00163216452218384	0	0.000217621936291178	0.00378118114305922	0.0010065014553467	0	0.000408041130545959	0.000217621936291178	0.000244824678327575	0	0.157150240744267	0.000136013710181986	0	0	0.00174097549032943	0.00144174532792906	0.000979298713310302	2.72027420363973e-05	0	0	0.000326432904436767	0	0.000462446614618754	0.000272027420363973	0.000108810968145589	0.000380838388509562	0.376186719621338	2.72027420363973e-05	0	0	0.000408041130545959	0.000163216452218384	0.000272027420363973	0.00111531242349229	0	0.00323712630233127	0	0	0	0	0.00318272081825848	0.000380838388509562	2.72027420363973e-05	0	8.16082261091918e-05	0	0.000544054840727945	0	0.00182258371643862	0.000843285003128315	0	0	0	0.000652865808873534	0.00106090693941949	0.000625663066837137	0.00274747694567612	0
np0469	0.000283371745947784	0.00123738995730532	5.66743491895568e-05	0.0196659991687762	3.77828994597045e-05	0	0	0.000510069142706011	1.88914497298523e-05	0	0.121122529942948	0.00017002304756867	0.000207805947028375	1.88914497298523e-05	0.00287150035893754	3.77828994597045e-05	0	0	1.88914497298523e-05	0	0.000151131597838818	0.000783995163788869	0.000746212264329165	0.00112404125892621	0.000160577322703744	0.000368383269732119	0.000774549438923943	0.000812332338383648	1.88914497298523e-05	0.00308875203083085	0.000736766539464238	0	0.0858805304719084	0.00177579627460611	0	0.00017002304756867	9.44572486492613e-06	0	0.00017002304756867	0.00579967506706465	0.000547852042165716	0.000755657989194091	8.50115237843352e-05	0	0	1.88914497298523e-05	0	0.000207805947028375	0.000245588846488079	0.000812332338383648	0.00315487210488533	0	3.77828994597045e-05	0.000179468772433597	0.0073015453205879	0.000198360222163449	0.00193637359730986	2.83371745947784e-05	6.61200740544829e-05	0.000113348698379114	0	0.000321154645407489	0	0.00838780368005441	0.00102958401027695	7.55657989194091e-05	7.55657989194091e-05	0.000103902973514187	0.000141685872973892	0.00252200853893528	0.023652095061775	1.88914497298523e-05	0.0149903653606378	0.0786545509502399	0	0	0	0.000311708920542562	0.045651188272188	0.00114293270865606	9.44572486492613e-06	1.88914497298523e-05	0.000746212264329165	0.467109986020327	0.000850115237843352	5.66743491895568e-05	7.55657989194091e-05	0	0.0664790115993501	0.0122322137000793	0	0.0031076434805607	8.50115237843352e-05	2.83371745947784e-05	0	0.0012279442324404	0.000453394793516454	0	3.77828994597045e-05	1.88914497298523e-05	0.000264480296217932	0.000188914497298523	1.88914497298523e-05	0.00539350889787282	0
np0472	0.0105555058592003	0.026657124966455	0.0025941497450577	0.0110922264961088	0.00286251006351194	0	0.00894534394847482	0	0.0025941497450577	0	0.0971464352804365	0.000447267197423741	0.0205742910814921	0	0.0377493514625637	0.000805080955362734	0	0	0.00536720636908489	0.00143125503175597	0.011718400572502	0.00250469630557295	0	0.0919581357903211	0	0.0022363359871187	0	0.00268360318454245	0	0.0048304857321764	8.94534394847482e-05	0.000178906878969496	0.0166383397441632	0.011360586814563	0	0.0143125503175597	0.000268360318454245	0	0.00143125503175597	0.086322569102782	8.94534394847482e-05	0	0	0	0.0203059307630378	0.00116289471330173	0	0.000447267197423741	0	0.0115394936935325	0.00250469630557295	0.00107344127381698	0.000357813757938993	0.00322032382145093	0.00617228732444763	0.000357813757938993	0	0.00536720636908489	0.000268360318454245	0.000357813757938993	0.00805080955362734	0.00232578942660345	0	0.0101976921012613	0.00661955452187137	0	0.000894534394847482	0	0	0.00348868413990518	0.00384649789784417	0.00268360318454245	0.00554611324805439	0.317649163610341	0	0	0.00232578942660345	0.00134180159227122	0.0103765989802308	0.0324715985329636	0	0	0.0218266392342786	0.00635119420341712	0.00849807675105108	0.000178906878969496	0	0	0.00840862331156633	0.0024152428660882	0	0.00250469630557295	0.000715627515877986	0.000626174076393237	0.00125234815278647	0.00107344127381698	0.00590392700599338	0	0.000268360318454245	0	0	0.00161016191072547	0.000536720636908489	0.00143125503175597	0
np0473	1.87705302674801e-05	0.00168934772407321	9.38526513374003e-05	0.0164429845143125	0.00174565931487565	1.87705302674801e-05	0.0012200844673862	0.000713280150164242	0.000976067573908963	0	0.42860628812764	0.00106992022524636	0.00345377756921633	0.000187705302674801	0.0332426091037072	0.000244016893477241	0	0	0.000168934772407321	0	0.00183951196621305	0.00390427029563585	0	0.00268418582824965	0.000394181135617081	0.000525574847489442	0.0011262318160488	0.00268418582824965	1.87705302674801e-05	0.0372595025809479	5.63115908024402e-05	0.0228061942749883	0.00739558892538714	0.0149225715626466	0	0.00589394650398874	0	0.00309713749413421	0.000769591740966682	0.017869544814641	0.000319099014547161	0	0.000938526513374003	0	0.000563115908024402	0	0.00011262318160488	0.00013139371187236	0	0	0.0111872360394181	0.00765837634913186	5.63115908024402e-05	0.00283435007038949	0.0386109807602065	0.00253402158610981	0.00347254809948381	0.00786485218207414	0	0.000581886438291882	0	0	0.00198967620835289	0.00825903331769122	0.0079962458939465	0	0.000656968559361802	0.000168934772407321	0	0.00698263725950258	0.0218113561708118	0.0206288127639606	0.00324730173627405	0.0013139371187236	0.0216799624589395	1.87705302674801e-05	0.0394368840919756	0.000412951665884561	0.000356640075082121	0.0124636320976068	0.000262787423744721	9.38526513374003e-05	0.0062130455185359	0	0.0185265133740028	7.50821210699202e-05	0.000168934772407321	0.000394181135617081	0.0410323791647114	0.0312153918348193	0	0.00165180666353824	0.000187705302674801	0	0.00270295635851713	0.000506804317221962	0.00671984983575786	0.0138526513374003	0.000356640075082121	0	0.00641952135147818	0.000825903331769122	0.00015016424213984	0.0312153918348193	0
np0474	0	0.00551601423487545	0.00213523131672598	0.0717081850533808	0	0	0.00124555160142349	0	0	0	0.325444839857651	0.0097864768683274	0.00355871886120996	0	0.0393238434163701	0	0	0.00106761565836299	0.0681494661921708	0	0	0.0229537366548043	0	0.0387900355871886	0	0.00160142348754448	0.000533807829181495	0.00498220640569395	0	0.0201067615658363	0	0	0.00836298932384342	0.0313167259786477	0.00284697508896797	0	0	0.000355871886120996	0	0.0412811387900356	0	0	0	0.00231316725978648	0.000711743772241993	0.00320284697508897	0.000355871886120996	0.000889679715302491	0	0	0.00284697508896797	0.00213523131672598	0	0.00480427046263345	0.00551601423487545	0.00124555160142349	0	0	0.000533807829181495	0.000355871886120996	0	0.000177935943060498	0.000711743772241993	0.00266903914590747	0.00391459074733096	0	0.00498220640569395	0	0.000533807829181495	0.0120996441281139	0	0.00320284697508897	0.0147686832740214	0.0533807829181495	0	0	0.00462633451957295	0.00266903914590747	0.0181494661921708	0.000533807829181495	0	0.000711743772241993	0.0149466192170819	0	0.0177935943060498	0	0.000889679715302491	0	0.0115658362989324	0.0097864768683274	0	0.00213523131672598	0	0	0	0.00889679715302491	0.0610320284697509	0	0	0	0	0.00195729537366548	0.000889679715302491	0.0209964412811388	0
np0475	0.000471031559114461	0.0277123567279008	0.00023551577955723	0.0200450096823154	7.85052598524101e-05	0.000340189459360444	0.00162244203694981	0.000811221018474904	0.00031402103940964	0.000680378918720888	0.506149578688439	0.00133458941749097	0.00102056837808133	0.000261684199508034	0.0120898100172712	5.23368399016067e-05	0	7.85052598524101e-05	0.00439629455173497	0.00646359972784843	0.00219814727586748	0.00172711571675302	0.000837389438425708	0.0223739990579369	0.0038729261527189	0.00023551577955723	0.000418694719212854	0.00125608415763856	0.00031402103940964	0.00821688386455226	0.000183178939655624	0.000654210498770084	0.00251216831527712	0.00743183126602816	2.61684199508034e-05	0.00167477887685142	0.00107290521798294	0.000915894698278118	0.0015177683571466	0.0132935573350081	0.000261684199508034	5.23368399016067e-05	2.61684199508034e-05	0.000523368399016067	0.00238132621552311	0.000104673679803213	0.000444863139163657	0.000183178939655624	0.00015701051970482	0.00238132621552311	0.00227665253571989	0.000261684199508034	7.85052598524101e-05	0.0015701051970482	0.0092897890825352	0.00023551577955723	0.00167477887685142	0.000104673679803213	0	0.000209347359606427	0.00015701051970482	0.00023551577955723	5.23368399016067e-05	0.0641126288794683	0.00167477887685142	0.000209347359606427	0.000104673679803213	0.000130842099754017	0.00023551577955723	0.0333909038572251	0.00769351546553619	0.00141309467734338	0.0160674098497933	0.0881352383943057	0	0.00115141047783535	0.0132935573350081	0.000392526299262051	0.00395143141257131	0.0111477468990422	2.61684199508034e-05	0	0.00476265243104621	0.00177945255665463	0.00913277856283038	7.85052598524101e-05	0.000209347359606427	0	0.0321609881195373	0.0120374731773696	0.000628042078819281	0.00201496833621186	0.00240749463547391	0.00031402103940964	0.00109907363793374	0.0023289893756215	0.00115141047783535	0.000994399958130528	0.00023551577955723	0.000104673679803213	0.00141309467734338	0.00149159993719579	0.00023551577955723	0.00473648401109541	0
np0476	0	0.00712200300805096	8.84720870565337e-05	0.0094001592497567	0.00170308767583827	0	0.000398124391754401	0	0.000486596478810935	0	0.340374236928249	0.000707776696452269	0.00097319295762187	0	0.00424666017871362	0.000685658674688136	0	0	0	0	0	0.00360523754755375	0.00225603821994161	2.21180217641334e-05	0	0.000110590108820667	0.00322923117756348	0.0242192338317261	0.000309652304697868	0.0375121649119703	0	0	0.000132708130584801	0.0143103600813943	6.63540652924003e-05	0.000862602848801203	0	2.21180217641334e-05	0.00555162346279749	0.0174732371936654	4.42360435282668e-05	0	0.000243298239405468	0	0.000176944174113067	0.000309652304697868	0	4.42360435282668e-05	0	0.00165885163231001	0.0315181810138901	0.000353888348226135	0	0.000420242413518535	0.00199062195877201	0.000176944174113067	0	0.00090683889232947	0	8.84720870565337e-05	0	0	0	0.000154826152348934	0.000110590108820667	0	0.000199062195877201	0.00203485800230027	6.63540652924003e-05	0.00303016898168628	0.00207909404582854	0.000353888348226135	0.00309652304697868	0.29339555870123	0	0	0	2.21180217641334e-05	0.131336813235424	0.000685658674688136	0.000619304609395736	0	0.00214544811112094	0	0.0110590108820667	0	0	0	0.0136689374502345	0.0128284526231974	2.21180217641334e-05	0.000132708130584801	0	0	0.000132708130584801	0.000132708130584801	0.00382641776519508	0	0	0.000110590108820667	6.63540652924003e-05	0.000376006369990268	0.00077413076174467	0.00373794567813855	0
np0477	0	0.0224578914535246	0	0.0711166562694947	0	0.000363901018922853	0.000259929299230609	0.000155957579538366	5.19858598461219e-05	0	0.379704720316074	0.00327510917030568	0.000727802037845706	0	0.0189748388438345	0	0	0	0.00447078394676648	5.19858598461219e-05	0	0.00363901018922853	5.19858598461219e-05	0.00275525057184446	0.000103971719692244	0.000623830318153462	0.000363901018922853	0.00415886878768975	0.000415886878768975	0.00597837388230401	0	0.000155957579538366	0.00311915159076731	0.0180390933666043	0	0	0	0	0	0.0224059055936785	0.000779787897691828	0.000311915159076731	0	0	0.000415886878768975	0	5.19858598461219e-05	0.000207943439384487	0	0.000207943439384487	0.00233936369307548	0.00145560407569141	0	0.000987731337076315	0.0300478269910584	0.000675816177999584	0.000363901018922853	0.000155957579538366	0	0.000207943439384487	0	0.000207943439384487	0.000415886878768975	0	0.00265127885215221	0	0.000155957579538366	0.000207943439384487	0.000415886878768975	0.00836972343522562	0.00582241630276565	5.19858598461219e-05	0.00608234560199626	0.0417446454564359	0.00551050114368892	0.000935745477230193	0	0.00083177375753795	0.00956539821168642	0.248752339363693	0	0	0.00701809107922645	0	0.00805780827614889	0	0	0.000103971719692244	0.0197546267415263	0.0107610729881472	0	0.00228737783322936	0.000155957579538366	0	0.000311915159076731	0.00187149095446039	0.00161156165522978	0	0.000311915159076731	0	0.00836972343522562	0.000363901018922853	0.000259929299230609	0.00540652942399667	0
np0480	0.00225730409314951	0.0666476176869776	0.00015715408243446	0.00855775412529466	0.000142867347667691	0	0.00122865918994214	0.000171440817201229	0	0.0131580827201943	0.243403100221444	0.000700050003571684	0.00261447246231874	0.000171440817201229	0.0287306236159726	5.71469390670762e-05	1.42867347667691e-05	0	0.000800057146939067	0.00348596328309165	0.0181441531537967	0.00237159797128366	0.000857204086006143	0.033716694049575	0.00231445103221659	0.000585756125437531	0.00100007143367383	0.00188584898921352	0.000128580612900921	0.00867204800342882	0	0.000571469390670762	0.00500035716836917	0.00425744696049718	0	0.00147153368097721	0.000185727551967998	0.00351453675262519	0.000514322451603686	0.00598614186727623	0.00030002143010215	4.28602043003072e-05	0	0.000442888777769841	0.00460032859489964	0.000114293878134152	0.0118437031216515	0.000114293878134152	4.28602043003072e-05	0.00145724694621044	0.00408600614329595	0	0.000342881634402457	0.00184298878491321	0.0075719694263876	0.000271447960568612	0.00248589184941782	0.000685763268804915	0	0.000528609186370455	0.000385741838702764	0.00280020001428673	0	0.0625187513393814	0.00170012143724552	0.000642903064504608	0	0.000171440817201229	0.000814343881705836	0.0301307236231159	0.0006000428602043	0.00105721837274091	0.0451746553325238	0.242917351239374	0	0.000357168369169226	0.0184156011143653	0.000714336738338453	0.00132866633330952	0.00230016429744982	8.57204086006143e-05	0	0.0025858989927852	0.000885777555539681	0.00635759697121223	5.71469390670762e-05	0.000171440817201229	0	0.0419315665404672	0.0153296664047432	0.000342881634402457	0.0028144867490535	0.0019858561325809	0.000228587756268305	0.00122865918994214	0.000528609186370455	0.00197156939781413	0.000342881634402457	5.71469390670762e-05	0	0	0.00181441531537967	5.71469390670762e-05	0.00894349596399743	0
np0482	0.000590434953749262	0.0249950797087188	0.00875811848061405	0.0199271796890376	0.000147608738437315	0.00147608738437315	0.000885652430623893	0.000344420389687069	0	4.92029128124385e-05	0.422751426884472	0.00137768155874828	0.00196811651249754	0	0.0126451485927967	0.000688840779374139	0.000246014564062192	0.00113166699468609	0.0066423932296792	0.000836449517811454	0	0.00423145050186971	0	0.0259299350521551	0.0012792757331234	0.000492029128124385	0	0.000590434953749262	0.000196811651249754	0.0106770320802992	0.000344420389687069	0.000393623302499508	0.0047234796299941	0.0124975398543594	4.92029128124385e-05	0	0.000836449517811454	0.000393623302499508	0.000442826215311946	0.0398051564652627	0	0	9.8405825624877e-05	0.000688840779374139	0.00123007282031096	0.000295217476874631	9.8405825624877e-05	0	0	0.0047234796299941	0.00295217476874631	0.00186971068687266	4.92029128124385e-05	0.00162369612281047	0.02401102145247	0.000836449517811454	0.000196811651249754	0	0	0.000246014564062192	0	0.000147608738437315	0.000344420389687069	0.0225349340680968	0.00403463885061996	9.8405825624877e-05	0.000393623302499508	0.00201731942530998	0.000344420389687069	0.00998819130092501	0.0173686282227908	0.00123007282031096	0.0129403660696713	0.124188151938595	0.00477268254280653	0	0.00541232040936823	0.000590434953749262	0.0301613855540248	0.0119563078134226	0	0	0.00949616217280063	0.0280456603030899	0.0103326116906121	0.000147608738437315	9.8405825624877e-05	4.92029128124385e-05	0.0204684117299744	0.0121039165518599	4.92029128124385e-05	0.00206652233812242	0.00167289903562291	0	0.00147608738437315	0.00752804566030309	0.00098405825624877	0.000541232040936823	0.00103326116906121	9.8405825624877e-05	0.00408384176343239	0.00137768155874828	0	0.0025585514662468	0
np0483	0	0.00122818117533217	0.0036845435259965	0.108414901931594	0	0	0.00215862145967472	0	7.44352227474041e-05	0	0.752093490639771	0.00882057389556738	0.000818787450221445	0.000483828947858126	0.012616770255685	0.000111652834121106	0.00122818117533217	0	0	0	0	3.7217611373702e-05	7.44352227474041e-05	7.44352227474041e-05	0	0	0.000111652834121106	0	0.00327514980088578	0.000669917004726637	0	0	0.00431724291934944	0	0	0	0	0.000148870445494808	0.00777848077710373	0.00137705162082698	0	0	0.00346123785775429	0	0.00037217611373702	0	0	0	0.000595481781979233	0.00197253340280621	0.00878335628419368	0.00215862145967472	0	0	0.000260523279615914	0	0	0.00859726822732517	0	0	0	0	0.000669917004726637	0	0.000856005061595147	0	0.00234470951654323	0.00498715992407607	0.000223305668242212	0.0167851427295396	0	0.000409393725110722	3.7217611373702e-05	0.00018608805686851	0	3.7217611373702e-05	0	0.000632699393352935	0.0201347277531728	0.000744352227474041	0	0	0.00145148684357438	0	0	7.44352227474041e-05	0	0	7.44352227474041e-05	0.0113513714689791	7.44352227474041e-05	0.00018608805686851	0	0	0.000260523279615914	0.00018608805686851	0.00130261639807957	0	0.000334958502363318	7.44352227474041e-05	0	0	0	0.000781569838847743	0
np0486	0.00227760786100085	0.00367670983275851	9.76117654714648e-05	0.00351402355697273	0.000520596082514479	0	0.00107372942018611	3.25372551571549e-05	0	0	0.0328951649638836	3.25372551571549e-05	0.0205635452593219	0	0.0208238433005792	0.000585670592828789	0	0	9.76117654714648e-05	0	0.0013014902062862	0.000455521572200169	0	0.00383939610854428	0	9.76117654714648e-05	0.000618207847985944	0.00673521181753107	0	0.0100214745884037	0	0	0.00878505889243184	0.00907789418884623	0	0.00751610594130279	0	0	0	0.0487733454805753	0	0.000585670592828789	0	9.76117654714648e-05	0.00523849808030195	0.000878505889243183	6.50745103143099e-05	6.50745103143099e-05	0	6.50745103143099e-05	0.0065725255417453	0.00019522353094293	9.76117654714648e-05	0.0305850198477256	0.00026029804125724	0.00663760005205961	0	0.00120387844081473	0.00299342747445825	0.00354656081212989	0	0.000488058827357324	0.000162686275785775	0.00468536474263031	0.00117134118565758	0	0.00013014902062862	0.000292835296414394	0	0.00123641569597189	0.000585670592828789	0.000618207847985944	0.00380685885338713	0.661547471855274	0	9.76117654714648e-05	0	0.000455521572200169	0.000162686275785775	0.00185462354395783	0	0	0.0016594000130149	0	0.0110301294982755	3.25372551571549e-05	6.50745103143099e-05	0	0.0408017179670723	0.0174725060193922	0	0.00123641569597189	3.25372551571549e-05	0.000422984317043014	9.76117654714648e-05	0.000357909806728704	0.00380685885338713	0	6.50745103143099e-05	0	3.25372551571549e-05	0.00276566668835817	0	0.000325372551571549	0
np0491	0.00233650058968824	0.028572064353902	4.45047731369189e-05	0.0182247045995683	0.00132030826972859	7.41746218948649e-06	0.0125651809489901	0.000111261932842297	0	0	0.17709190977399	0.000489552504506108	0.00333044052307943	0.000155766705979216	0.00514030129731414	0.000830755765222487	7.41746218948649e-06	1.4834924378973e-05	0.00012609685722127	4.45047731369189e-05	0.00376065333006965	0.00749163681138135	0	0.0103992819896601	0.000712076370190703	0.000140931781600243	0.00118679395031784	0.00791443215618208	0	0.0453874511374678	0	0.000170601630358189	0.00448014716244984	0.0160884754889962	0	0.000823338303033	2.9669848757946e-05	0.000630484286106352	6.67571597053784e-05	0.117106893047613	0.000140931781600243	0.000229941327874081	1.4834924378973e-05	0.00209172433743519	0.000741746218948649	0.000244776252253054	4.45047731369189e-05	7.41746218948649e-05	0.000103844470652811	2.9669848757946e-05	0.0103770296030916	0.00284830548076281	0.000111261932842297	0.000919765311496325	0.00605264914662098	0.00381999302758554	0.00120162887469681	0.00640126986952684	0	0.000252193714442541	0	0.000726911294569676	0.00468783610375546	0.0175571330025145	0.00583754274312587	0.000637901748295838	7.41746218948649e-05	0.000370873109474324	0.000318950874147919	0.00739520980291803	0.00948693414035322	0.00608973645756841	0.00435405030522857	0.231395150463221	0	0.000155766705979216	0.000259611176632027	0.000333785798526892	0.000504387428885081	0.00547408709584103	0.000192854016926649	1.4834924378973e-05	0.003018907111121	0.000222523865684595	0.0290393644718396	2.22523865684595e-05	0	1.4834924378973e-05	0.0877782475503831	0.0350845961562711	0	0.00377548825444862	0.00107553201747554	0.00248484983347797	0.00467300117937649	0.00209172433743519	0.00183953062299265	0.0180689378935891	0.00309308173301587	0	5.93396975158919e-05	0.000185436554737162	0.00012609685722127	0.00897512924927865	0
np0492	0	0.00181818181818182	9.56937799043062e-05	0.0167942583732057	0.00245215311004785	0	0.000861244019138756	0.00235645933014354	0	0	0.445801435406699	0.00117224880382775	0.00217703349282297	0.000215311004784689	0.0241387559808612	0.000681818181818182	0	0	0.000538277511961722	0	0.00145933014354067	0.00545454545454545	0	0.00157894736842105	0.000538277511961722	0.00041866028708134	0.000562200956937799	0.0122607655502392	3.58851674641148e-05	0.0457296650717703	0	0.0236483253588517	0.0262320574162679	0.0295095693779904	0	0.00129186602870813	0	0.000538277511961722	0.000179425837320574	0.00905502392344498	0.000406698564593301	0	0.000119617224880383	0	0.000825358851674641	0	0	0.000143540669856459	3.58851674641148e-05	0	0.00688995215311005	0.00252392344497608	0.000131578947368421	0.00422248803827751	0.0715311004784689	0.000358851674641148	0.00635167464114833	0.0247129186602871	0	0.000263157894736842	0	2.39234449760766e-05	0.000717703349282297	0.0087799043062201	0.00629186602870813	0	0.000322966507177033	4.78468899521531e-05	0	0.00592105263157895	0.00830143540669856	0.00992822966507177	0.00172248803827751	3.58851674641148e-05	0.0138397129186603	0	0.0242583732057416	0.000454545454545455	3.58851674641148e-05	0.00523923444976077	0.00113636363636364	0	0.0123684210526316	0	0.0389952153110048	8.37320574162679e-05	0.000107655502392344	0.000897129186602871	0.0262918660287081	0.00641148325358852	0	0.00228468899521531	0.00027511961722488	0.000633971291866029	0.0038755980861244	0.00027511961722488	0.00496411483253589	0	0.000155502392344498	0.000155502392344498	0.000299043062200957	0.0011244019138756	0.000155502392344498	0.0374760765550239	0
np0498	0	0.00252439956622993	3.55549234680272e-05	0.0353415939272191	0.000319994311212245	0	0.00044443654335034	0	0	0	0.53195498746689	0.000426659081616327	0.000231107002542177	0	0.018275230662566	0.0003911041581483	0	0	0	0	0	1.77774617340136e-05	8.88873086700681e-05	0.000515546390286395	0	7.11098469360545e-05	0.000124442232138095	0.00744875646655171	0	0.0431814545519191	0	0	0.000231107002542177	0.00647099607118096	0	0.00103109278057279	0	0	0.00063998862242449	0.0227373735578034	0	0	3.55549234680272e-05	0	0.052247960036266	0	0	3.55549234680272e-05	0	0.00232884748715578	0.000604433698956463	0.000568878775488436	0	0.0011733124744449	0.13048656912766	0.000142219693872109	0	0.000924428010168708	1.77774617340136e-05	0.0003911041581483	0	0	0.000231107002542177	3.55549234680272e-05	0.00019555207907415	0	0.000142219693872109	0.00595544968089456	1.77774617340136e-05	0.0087465111731347	0	0.000497768928552381	0.000782208316296599	8.88873086700681e-05	0	0	0	3.55549234680272e-05	0.000568878775488436	0.0390393059678939	0	0.000124442232138095	0.00328883042079252	0	0.00129775470658299	0	0	0	0.0689587740662388	0.00570656521661837	7.11098469360545e-05	8.88873086700681e-05	0	5.33323852020409e-05	0.000142219693872109	0.000106664770404082	0.00103109278057279	0	0.000142219693872109	3.55549234680272e-05	7.11098469360545e-05	0.000106664770404082	0.000782208316296599	0.00019555207907415	0
np0501	0.0215660252156603	0.00356668878566689	0	0.0204047777040478	0.0033178500331785	0	0.00223954877239549	0	0	0	0.408427339084273	0.0006635700066357	0.00497677504976775	0.000165892501658925	0.0320172528201725	0.00033178500331785	8.29462508294625e-05	0.00116124751161248	0.00273722627737226	0	0.000414731254147313	0.00564034505640345	0	0.0242203052422031	0.000165892501658925	0	0.000746516257465163	0.00846051758460518	0	0.0167551426675514	0	0.00124419376244194	0.00630391506303915	0.0123589913735899	0	0	0	0.000414731254147313	0	0.0463669542136695	0	0.000414731254147313	0	0	0.00174187126741871	0.00033178500331785	0	0	0	0.000248838752488388	0.00829462508294625	0.00157597876575979	0	0.0026542800265428	0.0216489714664897	0.0135202388852024	0.00165892501658925	0	0	0.000497677504976775	0	0	0.00033178500331785	0.00638686131386861	0.000497677504976775	0	0.000165892501658925	0.000414731254147313	0	0.00605507631055076	0.0395653616456536	0.00116124751161248	0.0386529528865295	0.0286164565361646	0.0128566688785667	0.0006635700066357	0.0112806901128069	0.000165892501658925	0.00588918380889184	0.0407266091572661	0	0.00107830126078301	0.0257962840079628	0	0.0191605839416058	0	0	0	0.0625414731254147	0.00613802256138023	0	0.0019907100199071	0.000829462508294625	0	0.000248838752488388	0.00157597876575979	0.00423025879230259	0	0.0006635700066357	0	0.00033178500331785	0.00107830126078301	0.000248838752488388	0.0033178500331785	0
np0502	0.000367917586460633	0.0361691288843607	0.000679232467311938	0.0209430010754514	0.000169808116827984	0.00200939604913115	0.00135846493462388	0.000424520292069961	0.000226410822437313	2.83013528046641e-05	0.424831606950812	0.000707533820116602	0.00178298522669384	0.00014150676402332	0.0217920416595913	0.000113205411218656	0	0.000169808116827984	0.00806588554932926	0.00376407992302032	0.000650931114507273	0.00333955963095036	0	0.0298862285617253	0.00127356087620988	0.000735835172921266	0.000396218939265297	0.00243391634120111	0.000339616233655969	0.0134148412294108	0.000594328408897945	0.000424520292069961	0.0040187920982623	0.0116035546499123	0	8.49040584139922e-05	0.000735835172921266	0.000254712175241977	0.000452821644874625	0.0245655742344484	0	5.66027056093281e-05	0	0.00116035546499123	0.0054338597384955	0.000254712175241977	0.00014150676402332	0.00014150676402332	5.66027056093281e-05	0.000113205411218656	0.00183958793230316	0.000509424350483953	0.000198109469632648	0.00481122997679289	0.0125941019980755	0.000933944642553914	0.000283013528046641	0	0	0	5.66027056093281e-05	0.000396218939265297	0.000169808116827984	0.0435840833191827	0.00198109469632648	0	0.000254712175241977	0.00014150676402332	0.000169808116827984	0.0117450614139356	0.0231222052414105	0.00186788928510783	0.00902813154468784	0.126591951095262	0	0.000283013528046641	0.0109243221826003	0.000849040584139922	0.0119148695307636	0.0231222052414105	0	0	0.0058300786777608	0.0119431708835682	0.0130752249957548	0	0.00014150676402332	0	0.0209713024282561	0.0138676628742854	2.83013528046641e-05	0.00192449199071716	0.00257542310522443	0	0.00147167034584253	0.00308484745570838	0.00172638252108451	0.000367917586460633	0.000424520292069961	8.49040584139922e-05	0.00336786098375502	0.00277353257485708	0.000481122997679289	0.00217920416595913	0
np0503	0.00069914896694713	0.0277007642421466	0.000289303020805709	0.0967959690445768	0.000265194435738566	0	0.00069914896694713	4.82171701342848e-05	0	0	0.407314544709371	0.012873984425854	0.00195279539043854	0.000120542925335712	0.00906482798524555	0.000289303020805709	0.000216977265604282	0	0.00843800477349984	0	0	0.00265194435738567	0	0.00178403529496854	0.000337520190939994	0.00103666915788712	0.000626823211745703	0.00378504785554136	0.000867909062417127	0.00458063116275706	0	0.00118132066828998	0.00180814388003568	0.0082451360929627	0	4.82171701342848e-05	0	0.000168760095469997	0.000216977265604282	0.039272885074375	0.000289303020805709	0.000289303020805709	4.82171701342848e-05	0	0.000554497456544275	0	0	0.000265194435738566	0	4.82171701342848e-05	0.00662986089346416	0.00151884085922997	0.000120542925335712	0.000530388871477133	0.00593071192651703	0.00325465898406423	0.000313411605872851	0	0	0.000144651510402854	0	0.000192868680537139	7.23257552014272e-05	4.82171701342848e-05	0.00332698473926565	0.000940234817618554	0.000650931796812845	0.000337520190939994	0.000313411605872851	0.0158393403891126	0.0119337496082355	0.000216977265604282	0.00933002242098411	0.0861158658598327	0.00441187106728706	0.000337520190939994	0	0.000506280286409991	0.0161527519949854	0.0569926950987247	0.000192868680537139	0	0.00843800477349984	2.41085850671424e-05	0.0453241399262277	0	4.82171701342848e-05	0	0.0286892162298995	0.0236023047807324	0	0.000554497456544275	0.00060271462667856	0	0.000433954531208563	0.000409845946141421	0.000988451987752839	2.41085850671424e-05	0.000361628776007136	0	0.0175269413438125	0.000650931796812845	0.000458063116275706	0.0106318860146098	0
np0507	0	0.00187864940340188	0.000355420157400355	0.0040957941948041	0	0	0.000214380412400214	0	2.25663592000226e-05	0	0.37008264929057	0.000462610363600463	0.00115088431920115	5.07743082000508e-05	0.0268257594990268	0.000163606104200164	5.64158980000564e-06	0.000169247694000169	0.0305210008180305	1.12831796000113e-05	5.64158980000564e-06	0.00846802628980847	0.000716481904600717	0.0109277594426109	0.00232433499760232	0.00056980056980057	0.000648782827000649	0.00384192265380384	0	0.00953428676200953	0	0	0.0016022115032016	0.017962821923218	0.000197455643000197	0.00261769766720262	0	0	0.000276437900200276	0.0366703337000367	0	0.000377986516600378	0	0.00158528673380159	0.000152322924600152	0.000265154720600265	3.38495388000339e-05	6.20574878000621e-05	8.46238470000846e-05	0	0.00892499506360893	0.000761614623000762	0.000191814053200192	0.00426504188880427	0.218583396801219	0.000124114975600124	0.000180530873600181	0.000795464161800795	0	0.000276437900200276	0	0.00034977856760035	0.000874446419000874	0.0075033144340075	0.00285464443880285	3.94911286000395e-05	0.000107190206200107	0.000394911286000395	0.000394911286000395	0.00110575160080111	0.000186172463400186	0.00151194606640151	0.00851880059800852	0.072979605652873	0	7.33406674000733e-05	0.00495331584440495	0.000874446419000874	0.0489407915150489	3.94911286000395e-05	3.94911286000395e-05	1.12831796000113e-05	0.011994019914812	0	0.00137654791120138	2.25663592000226e-05	0.000208738822600209	0	0.0276155820710276	0.00232997658740233	0.000705198725000705	0.00716481904600716	8.46238470000846e-05	0	0	0.000778539392400779	0.00766692053820767	5.64158980000564e-05	0.000169247694000169	0	0.0012016586274012	9.59070266000959e-05	0.000208738822600209	0.0175284195086175	0
np0512	0.000140753877769333	0.0170218356182379	0.00130431926732915	0.0106597603430641	7.50687348103107e-05	0.000309658531092532	0.00156705983916524	0.000919592001426306	0.000112603102215466	0.000150137469620621	0.204909495256594	0.00107911306289822	0.00217699330949901	0.000112603102215466	0.0113729133237621	0.000262740571836087	4.69179592564442e-05	4.69179592564442e-05	0.00900824817723728	0.00322795559684336	0.00040349444960542	0.00228959641171448	0.000656851429590219	0.0495172141992512	0.00196117069691937	0.000516097551820886	0.000356576490348976	0.00106034587919564	8.44523266615995e-05	0.00638084245887641	9.38359185128884e-05	0.000150137469620621	0.00557385355966557	0.00471994670119828	8.44523266615995e-05	5.6301551107733e-05	0.00353761412793589	0.000328425714795109	0.000215822612579643	0.0212163011757641	0.000150137469620621	9.38359185128884e-06	0.000262740571836087	0.000412878041456709	0.000619317062185063	0.000140753877769333	9.38359185128884e-05	0.000422261633307998	9.38359185128884e-06	0.000835139674764706	0.00103219510364177	0.0017641152680423	0.000121986694066755	0.0041193968227158	0.00996537454606874	0.000581782694779908	0.00100404432808791	0	2.81507755538665e-05	0.000337809306646398	0	0.000309658531092532	0.000272124163687376	0.0316790060899511	0.00108849665474951	3.75343674051553e-05	0.000300274939241243	0.000290891347389954	0.000178288245174488	0.0044572061293622	0.00572399102928619	0.000731920164400529	0.00460734359898282	0.171625894960073	0	0.000422261633307998	0.0161866959434732	0.000206439020728354	0.0124332592029577	0.016440052923458	5.6301551107733e-05	0	0.00761947658324654	0.290891347389954	0.003866039842731	7.50687348103107e-05	7.50687348103107e-05	0.000131370285918044	0.0192926648462498	0.00643714400998414	7.50687348103107e-05	0.00329364073980238	0.00387542343458229	0	0.00208315739098612	0.0019330199213655	0.000478563184415731	0.000103219510364177	0.000178288245174488	0.000150137469620621	0.000844523266615995	0.000788221715508262	0.000187671837025777	0.00494515290562922	9.38359185128884e-06
np0521	0.00451144611948632	0.133958682300391	0.000178671133445003	0.00310441094360692	0.00243439419318816	0	0.000737018425460637	4.46677833612507e-05	0.00364042434394193	0	0.0464544946957007	0.000134003350083752	0.0205918481295366	2.23338916806253e-05	0.0157677275265215	4.46677833612507e-05	0	0	0.00156337241764377	0.00288107202680067	0.00187604690117253	0.000871021775544389	0	0.0829034059184813	4.46677833612507e-05	0.000424343941931882	0.000178671133445003	0.0317811278615299	0	0.0134450027917365	0	8.93355667225014e-05	0.0177554438860972	0.0110329424902289	0	0.0180234505862647	0.000245672808486879	4.46677833612507e-05	0.00274706867671692	0.0316471245114461	4.46677833612507e-05	0.000111669458403127	0	0.000357342266890006	0.0018537130094919	0.000647682858738135	6.70016750418761e-05	6.70016750418761e-05	2.23338916806253e-05	0.00247906197654941	0.00125069793411502	2.23338916806253e-05	6.70016750418761e-05	0.000893355667225014	0.00437744276940257	4.46677833612507e-05	8.93355667225014e-05	0.00276940256839754	0	0.000379676158570631	0.00504745951982133	0.00100502512562814	0	0.021105527638191	0.00292573981016192	0	2.23338916806253e-05	8.93355667225014e-05	2.23338916806253e-05	0.0018537130094919	0.00256839754327192	0.000915689558905639	0.00743718592964824	0.412305974316025	0	0.000156337241764377	0.00314907872696817	0.000714684533780011	0.00203238414293691	0.0272250139586823	0.00029034059184813	0	0.0132216638749302	0.0142936906756002	0.00323841429369068	8.93355667225014e-05	0.000245672808486879	0	0.00821887213847013	0.00145170295924065	0	0.00113902847571189	0.000357342266890006	0	0.000134003350083752	0.000446677833612507	0.00102735901730877	0	2.23338916806253e-05	0	2.23338916806253e-05	0.000737018425460637	6.70016750418761e-05	0.00169737576772753	0
np0522	0	0.0119475588109736	0.00320174354595906	0.0213955108185229	6.74051272833487e-05	0	0.000904352124384928	0.00846496056800054	0.000269620509133395	0	0.104404925067967	0.000938054688026603	0.025220751791853	0.000224683757611162	0.0492506796683668	0.000112341878805581	0.000129193160626418	5.61709394027906e-05	0.0155537331206327	0	0.000230300851551441	0.008796369110477	0.000308940166715348	0.0494922147077988	0.000471835890983441	0.000393196575819534	0.0029770597883479	0.0136832408385198	2.80854697013953e-05	0.0248837261554362	0.00041566495158065	0	0.00616756914642641	0.0214235962882243	2.24683757611162e-05	6.17880333430696e-05	0.00494865976138585	0.000129193160626418	0.00017974700608893	0.0987934482216281	0	6.17880333430696e-05	0	0	0.00521828027051924	0.00119644100927944	8.42564091041859e-05	1.68512818208372e-05	0	0.000269620509133395	0.00426899139461208	0.00206147347608241	0.000320174354595906	0.0156379895297369	0.010447794728919	0.000421282045520929	0.000146044442447255	0.00102792819107107	2.80854697013953e-05	0.00129193160626418	0	0.00696519648594603	0.00089311793650437	0.00779652638910733	0.00251645808524502	0	0.000853798278922417	0.000129193160626418	0.000190981193969488	0.00334778798840632	0.0213449569730604	0.00415103242186622	0.0044262700249399	0.143370705731683	0	0.00326914867324241	0.085306805671018	0.00172444783966567	0.0103298357561732	0.0362246388208596	0.000123576066686139	4.49367515222325e-05	0.0296863414743748	0	0.00286471790954232	2.80854697013953e-05	0.000432516233401487	6.17880333430696e-05	0.0445772575100546	0.0054991349675332	0.000185364100029209	0.0052575999281012	0.00077515896375851	0	8.98735030444649e-05	0.0426899139461208	0.00214011279124632	0	5.61709394027906e-05	0	0.00481946660075943	0.0023591794549172	0.000471835890983441	0.00655514862830566	0.000393196575819534
np0523	0.000610287707061901	0.011333914559721	0.0004359197907585	0.0606219122348155	0.000813716942749201	0	0.0005231037489102	0	0	0	0.371568342536084	0.018502373341083	0.0037004746682166	0.000988084859052601	0.015789983531919	0.0004649811101424	0.000629661919984501	0	0.0011043301365882	0	0	0.0023055313377894	0.0045432529303497	0.0027220769156253	0.000503729535987601	0.0014143175433498	0.000755594303981401	0.0046788724208079	0.000532790855371501	0.0048144919112661	0	0.0127288578901482	0.0194323355613678	0.0111111111111111	0	0.00721689431366851	0	5.81226387678001e-05	0.00725564273951371	0.0102392715295941	0.0015983725661145	0.0001065581710743	0.0001453065969195	0	0.00589944783493171	4.84355323065e-05	0.0002615518744551	0.000484355323065	0.000290613193839	0.019858568245665	0.0250121088830766	0.0001549937033808	2.90613193839e-05	0.0003293616196842	0.0024798992540928	0.0029351932577739	0.00808873389518551	0.000833091155671801	0.0001743679163034	0.0001162452775356	0	0.000387484258452	6.78097452291001e-05	0.000678097452291001	0.0024605250411702	0.0116535890729439	0.001743679163034	0.000891213794439601	0.0021795989537925	0.0231715586554296	0.0018308631211857	0.0022958442313281	0.00465949820788531	0.0683619102973942	0.000484355323065	0.0012690109464303	0	0.0011333914559721	0	0.00679066162937131	6.78097452291001e-05	3.87484258452e-05	0.0032258064516129	0	0.0248280538603119	9.68710646130001e-05	8.71839581517001e-05	5.81226387678001e-05	0.138884045335658	0.0363750847621815	0	0.0012496367335077	0.0004359197907585	7.74968516904001e-05	9.68710646130001e-06	0.000600600600600601	0.0002228034486099	0	0.0001065581710743	0	0	0.0016952436307275	0.0001065581710743	0.0153928121670057	0.0001356194904582
np0524	0	0.00202853945159485	0.00958310016787913	0.115294487968663	5.24622271964186e-05	0	0.00195858981533296	0.0030952714045887	0.000384722999440403	0	0.155200755456072	0.00344501958589815	0.0185891158365976	0.000454672635702294	0.0332435646334639	0.000209848908785674	0.00104924454392837	0.000174874090654729	0.00750209848908786	0	0.000314773363178511	0.0201105204252938	5.24622271964186e-05	0.0453273642977057	0.00195858981533296	0.000629546726357023	0.000524622271964186	0.0097929490766648	6.99496362618914e-05	0.0369334079462787	0.000996782316731953	0	0.00741466144376049	0.0320893956351427	0	1.74874090654729e-05	0.0071523503077784	0.000751958589815333	0.000314773363178511	0.070858981533296	0	0	0	0	0.00260562395075546	0.00440682708449916	0.000332260772243984	5.24622271964186e-05	3.49748181309457e-05	3.49748181309457e-05	0.00337506994963626	0.00279798545047566	0.000682008953553442	0.00702993844432009	0.00295537213206491	0.00085688304420817	0.000227336317851147	0	0	0.000821908226077224	0	0.0105099328483492	0.000682008953553442	0.0207400671516508	0.00578833240067152	1.74874090654729e-05	0.00342753217683268	0.000192361499720201	0.000192361499720201	0.00633044208170117	0.0169278119753777	0.00377728035814214	0.00437185226636821	0.056029658645775	0	0.002255875769446	0.0451000279798545	0.00311275881365417	0.0141822887520985	0.0620977895914941	8.74370453273643e-05	0.000804420817011752	0.0200930330162283	0	0.00577084499160604	6.99496362618914e-05	0.000542109681029659	0.000384722999440403	0.0216668998321209	0.00365486849468383	0.000944320089535534	0.0053511471740347	0.0024482372691662	0	0.000437185226636821	0.013500279798545	0.0122586737548965	5.24622271964186e-05	0.000507134862898713	0	0.000647034135422496	0.00132904308897594	0.000874370453273643	0.0345376329043089	0.004511751538892
np0525	0.000729081785821504	0.00767680233306171	0.000514645966462238	0.0472187674229103	0.000385984474846678	0.000300210147102972	0.00107217909679633	0.000128661491615559	0	0	0.566753870566539	0.00317365012651713	0.0020156967019771	0.000257322983231119	0.0235450529656474	0.000300210147102972	0	0.00145816357164301	0.000514645966462238	0	0.000771968949693357	0.00162971222713042	0	0.0220440022301325	0	0.00120084058841189	0.000385984474846678	0.000257322983231119	8.57743277437063e-05	0.0101213706737573	0	0	0.00197280953810525	0.0425011793970065	0	0	0	0	0.000171548655487413	0.0515503709739675	0	0	8.57743277437063e-05	0.0013723892438993	0.00150105073551486	0.000557533130334091	0	0.000471758802590385	0	0.000128661491615559	0.00373118325685122	0.00253034266843934	8.57743277437063e-05	0.00167259939100227	0.0103786936569885	0.00154393789938671	0	0	0	0.000171548655487413	0	4.28871638718532e-05	0.000600420294205944	0.00347386027362011	0.00420294205944161	0	0.00180126088261783	0.000428871638718532	0.000471758802590385	0.0244456834069563	0.0155251533216108	0.00407428056782605	0.00523223399236608	0.0277908821889608	0	0	0	0.00162971222713042	0.00690483338336836	0.0146674100441738	0	0.000257322983231119	0.0117510829008878	0	0.0214864690997984	0	0	0	0.006132864433675	0.00574687995882832	0	0.00223013252133636	0.000128661491615559	0	0.000557533130334091	0.01342368229189	0.00720504353047133	0.000428871638718532	0.000943517605180769	0	8.57743277437063e-05	0.00128661491615559	0.000686194621949651	0.0033880859458764	0
np0527	0.00104718895215655	0.00134171084495059	0	0.00235617514235225	0.00242162445186203	0	0.0747103868054192	0	0	0	0.0216309967929838	0.000523594476078277	0.577982852280908	0	0.0286013482557759	0	0	3.27246547548923e-05	0.0038615092610773	0	0.00140716015446037	0.00202892859480332	6.54493095097847e-05	0.000785391714117416	0	0.00179985601151908	0.000163623273774462	0.00592316251063551	0	0.00687217749852739	0	0	0.00114536291642123	0.00464690097519471	0	0.00935925125989921	0.000163623273774462	0.000392695857058708	0.000327246547548923	0.00893383074808561	0	0	0	0.000687217749852739	0.00301066823745009	0	6.54493095097847e-05	0.00418875580862622	0	0.000621768440342954	0.0029779435826952	0.000392695857058708	0	0.0025525230708816	0.00121081222593102	0.000458145166568493	3.27246547548923e-05	0.125466326330257	0.000392695857058708	6.54493095097847e-05	0	0.00281432030892074	0.0025525230708816	0.00189802997578376	0.000458145166568493	0	0	0.000850841023627201	0	0.002127102559068	0.0051377707965181	0.000359971202303816	0.000392695857058708	0.0628967864389031	0.000294521892794031	0	0	0.00107991360691145	0.000130898619019569	0.0034033640945088	0	3.27246547548923e-05	0.004254205118136	0	9.8173964264677e-05	6.54493095097847e-05	6.54493095097847e-05	0.0004254205118136	0.00166895739249951	0.000294521892794031	0	0.000163623273774462	0.000130898619019569	0.00251979841612671	9.8173964264677e-05	0.000719942404607631	0.0012762615354408	0	0.000229072583284246	0	0.000621768440342954	0.000392695857058708	0.000261797238039139	0.00163623273774462	0
np0529	0	0.00529155340449513	0.00149588941192071	0.0463601405555924	0	0	0.000721010409069814	0	0	0	0.603560299675131	0.00539514685407412	0.00202214413578201	0.000120168401511636	0.0113662732878075	0.000169893257309554	4.97248557979182e-05	0.00469485513492011	0.057419777232646	0	0	0.0115651727109991	6.21560697473977e-05	0.0121950208844394	0.00132185241662799	0.00111052177948684	0.000256911754955911	0.00367135185307963	2.07186899157992e-05	0.00790210833388583	0.00146273950805543	0	0.00296277265795929	0.013972684479215	0.000128455877477955	1.24312139494795e-05	1.24312139494795e-05	0.000198899423191673	0.000306636610753829	0.0241414174898893	0	9.11622356295167e-05	4.14373798315985e-06	0.00286746668434662	0.000895047404362527	0.000849466286547769	0.000161605781343234	0.000215474375124312	4.55811178147583e-05	0	0.00188954452032089	0.00116024663528476	0.000132599615461115	0.00125555260889743	0.0321844129152025	0.0005469734137771	0.00130527746469535	2.48624278989591e-05	2.48624278989591e-05	0.000227905589073792	0	3.31499038652788e-05	0.000360505204534907	0.00360919578333223	0.00129284625074587	2.07186899157992e-05	0.000969634688059405	0.000393655108400186	0.000410230060332825	0.0054904528276868	9.53059736126765e-05	0.00459954916130743	0.0100900019889942	0.00924053570244646	0	0.00026519923092223	0.00053868593781078	0.00124312139494795	0.0142461711861036	0.00026934296890539	4.14373798315985e-05	0.000153318305376914	0.0112833985281443	0	0.00671699927070211	5.80123317642379e-05	0.00028591792083803	2.07186899157992e-05	0.0227532652655307	0.011950540343433	3.72936418484386e-05	0.00430120002651992	0.000136743353444275	0	0.000107737187562156	0.00677086786448319	0.00337300271829212	9.11622356295167e-05	0.000302492872770669	8.70184976463568e-05	0.00329841543459524	0.00026519923092223	0.000754160312935092	0.0101687330106743	2.07186899157992e-05
np0531	0	0.00900655021834061	0	0.00318413391557496	0	0	0	0.00172852983988355	0	0.00236535662299854	0.138100436681223	0	0.000363901018922853	0	0.00855167394468704	0	0	0	0.00100072780203785	0.00109170305676856	0	0.00145560407569141	0	0.06122634643377	0.00354803493449782	9.09752547307133e-05	0.00027292576419214	0	0	0.00982532751091703	0.000818777292576419	0	0.00218340611353712	0.00500363901018923	0.000181950509461427	0	0	0	0	0.123544395924309	0.000181950509461427	9.09752547307133e-05	0	0	0	0	0	0	0	9.09752547307133e-05	0.00518558951965065	9.09752547307133e-05	0	0.00400291120815138	0.00400291120815138	0	0.00100072780203785	0.000545851528384279	0.000363901018922853	0	0	0.000181950509461427	0	0.00836972343522562	0.00491266375545852	0	0	0	9.09752547307133e-05	0.00227438136826783	0.000727802037845706	0.00363901018922853	0.00391193595342067	0.197507278020378	0	9.09752547307133e-05	0.0140101892285298	0	0.000454876273653566	0.0040938864628821	0	0	0.00955240174672489	0.000363901018922853	0.0418486171761281	0	0	0	0.0624090247452693	0.0272016011644833	0	0.00145560407569141	0.0013646288209607	0	0	0.209788937409025	0.00263828238719068	0	0	0	0	0.00554949053857351	0	0.00846069868995633	0
np0534	0	0.00595740742882923	0.000358601223871274	0.00792393026941363	0	0	0.000115677814152024	0	2.31355628304048e-05	0	0.458257660763242	0.00135343042557868	0.00806274364639606	0	0.0324707624324731	0.000161948939812833	2.31355628304048e-05	0.000277626753964857	0.00554096729788194	0	0	0.00572605180052518	0.00330838548474788	0.00589956852175321	0.00260275081842053	0.000821312480479369	0.000821312480479369	0.000879151387555381	0	0.00851388712158895	0	0	0.00130715929991787	0.015778453850336	0.00414126574664245	4.62711256608095e-05	0.00115677814152024	0	0.000138813376982429	0.00625816974562449	0	8.09744699064166e-05	0	0.000902286950385786	0.00369012227144956	0.000520550163684107	0	2.31355628304048e-05	5.78389070760119e-05	0	0.0125394750540794	0.000127245595567226	5.78389070760119e-05	0.00471965481740257	0.00266058972549655	0.000404872349532083	0.00156165049105232	0.00092542251321619	0.0271148796372344	0.000393304568116881	0	0.00133029486274827	8.09744699064166e-05	0.0103184610223605	0.00235982740870129	0	0.000323897879625667	0.000323897879625667	0.000647795759251333	0.00504355269702824	3.47033442456071e-05	0.00409499462098164	0.0316610177334089	0.145071546728053	0	0.000115677814152024	0.0228463682950247	0.000798176917648964	0.000416440130947286	0.000717202447742547	0	0	0.00995985979848925	0	0.0108505789674598	0	0.000289194535380059	0	0.0955036033639108	0.00506668825985864	0.000613092415005726	0.00223258181313406	0.000751905791988155	0	1.15677814152024e-05	0.00225571737596446	0.00240609853436209	0	0.000381736786701678	0	0	0.00024292340971925	4.62711256608095e-05	0.00949714854188115	0
np0535	0	0.00651031604976431	0.00137160961285836	0.0767715014295649	0.000115910671509157	0.00566030445869716	0.00216366586817093	0.00566030445869716	0	0	0.350146820183912	0.00569894134920022	0.00270458233521366	0.000231821343018314	0.0380959740360096	0.000714782474306468	0	0	0.0152036164129511	0	0.000193184452515262	0.00318754346650182	0	0.00191252607990109	0.00119774360559462	0.00119774360559462	0.000444324240785102	0.00312958813074724	0.000309095124024419	0.0254037555057569	0	0.00121706205084615	0.00446256085310254	0.0289197125415347	0	0.00326481724750792	0	0.000135229116760683	7.72737810061046e-05	0.10924580789738	0	0	1.93184452515262e-05	0	0.000676145583803416	0	7.72737810061046e-05	0.000231821343018314	0.000115910671509157	0	0.00282049300672282	0.00256935321845298	5.79553357545785e-05	0.00212502897766788	0.00529325399891817	0.00131365427710378	0	0.00299435901398655	3.86368905030523e-05	0.000289776678772892	0	0	0.000830693145815625	0.00515802488215748	0.00349663859052623	0	0.0020670736419133	0.000173866007263735	5.79553357545785e-05	0.00801715477938336	0.00724441696932231	0.00291708523298045	0.00531257244416969	7.72737810061046e-05	5.79553357545785e-05	7.72737810061046e-05	0.0036898230430415	0.00100455915307936	0.00645236071400974	0.173228498570435	0	0.000193184452515262	0.0117069778224249	0	0.0120160729464493	0.000173866007263735	0.000135229116760683	0.000212502897766788	0.0112433351363882	0.0106058264430879	0.000135229116760683	0.00227957653968009	0.000714782474306468	1.93184452515262e-05	0.00104319604358241	0.00452051618885712	0.00647167915926126	0	0.000386368905030523	5.79553357545785e-05	0.000367050459778997	0.00102387759833089	0.000850011591067151	0.00200911830615872	0
np0536	0.000992708321022962	0.0843211175059385	0.000189087299242469	0.00553671248094355	0.00056135291962608	0	0.00106361605823889	0.000248177080255741	0.00241677204344281	0.000141815474431852	0.105280262831346	0.000183178321141142	0.00172542160558753	5.90897810132716e-05	0.0166633182457426	0.000135906496330525	4.13628467092901e-05	4.72718248106173e-05	0.00250540671496271	0.00317312124041268	0.000744531240767222	0.0010222532115296	6.49987591145987e-05	0.0720363520332794	0.000567261897727407	0.000384083576586265	0.000502263138612808	0.00527671744448515	0.000100452627722562	0.0161019653261165	0.000141815474431852	0.000129997518229197	0.00619260905019086	0.0117411394873371	0	0.0080952999988182	0.000697259415956604	2.36359124053086e-05	0.00183178321141142	0.0324639256886914	3.54538686079629e-05	6.49987591145987e-05	1.18179562026543e-05	0.000590897810132716	0.00212132313837645	0.000295448905066358	0.000118179562026543	9.45436496212345e-05	1.18179562026543e-05	0.00303721474408216	0.00121724948887339	0.000171360364938488	7.09077372159259e-05	0.00185541912381673	0.0060921564224683	0.000129997518229197	0.000366356642282284	0.000230450145951759	1.77269343039815e-05	0.000460900291903518	0.000584988832031388	0.000460900291903518	4.72718248106173e-05	0.0211777775151565	0.00168405875887824	2.95448905066358e-05	0.000112270583925216	2.95448905066358e-05	7.09077372159259e-05	0.00453218620371793	0.0109197915312526	0.000797712043679166	0.00884574021768675	0.438652989352021	0	0.000183178321141142	0.00638760532753466	0.000419537445194228	0.00504626729853339	0.0370197478048146	9.45436496212345e-05	0	0.00967299715187256	0.0202500679532482	0.00508763014524268	5.31808029119444e-05	9.45436496212345e-05	0	0.0130470236477304	0.00457945802852855	1.77269343039815e-05	0.00137679189760923	0.000555443941524753	1.18179562026543e-05	0.00060271576633537	0.00113452379545481	0.00147724452533179	2.36359124053086e-05	9.45436496212345e-05	1.18179562026543e-05	9.45436496212345e-05	0.0011758866421641	0.000277721970762376	0.00286585437914367	0
np0537	0.0164566628484154	0.0235458826524119	0.000165457553773705	0.00264732086037928	0.000229095074455899	0	5.09100165457554e-05	0	3.81825124093165e-05	0	0.0212422044037164	0.000140002545500827	0.000127275041364388	0	0.00230367824869543	5.09100165457554e-05	0	0	3.81825124093165e-05	0	8.90925289550719e-05	0.000152730049637266	0.000127275041364388	0.000789105256459208	0	0.000789105256459208	0.00273641338933435	0.00170548555428281	0	0.0022273132238768	0	5.09100165457554e-05	0.0592719867633957	0.00229095074455899	0	0.000127275041364388	0	0	0.000127275041364388	0.00514191167112129	0	0.000343642611683849	1.27275041364388e-05	1.27275041364388e-05	3.81825124093165e-05	0	0	0.000190912562046583	1.27275041364388e-05	0.00104365533918799	0.00341097110856561	0	3.81825124093165e-05	0.000292732595138093	0.00129820542191676	0.000649102710958381	5.09100165457554e-05	6.36375206821942e-05	0	0.00021636757031946	0	0.000254550082728777	0	0.00431462390225277	0.00225276823214968	1.27275041364388e-05	6.36375206821942e-05	8.90925289550719e-05	0	0.000738195239913453	0.0105638284332442	0.000165457553773705	0.0127784141529846	0.115234822451317	0	0	0	0.000394552628229604	0.0873743158966527	0.0013745704467354	0	0	0.00208731067837597	0.584077892325315	0.00204912816596665	0.000203640066183022	3.81825124093165e-05	2.54550082728777e-05	0.00577828687794324	0.0165584828815069	0	7.63650248186331e-05	0	6.36375206821942e-05	0	0.000318187603410971	0.00179457808323788	0	0	0	0.000560010182003309	0.000140002545500827	1.27275041364388e-05	0.000267277586865216	0
np0538	0.00122639987090528	0.0323382281749234	0.000193642084879781	0.0987251896078748	0.000161368404066484	0.00274326286913022	0.000903663062772309	0	0	0	0.414200419557851	0.00555107309988704	0.00274326286913022	0.000129094723253187	0.0198805873809908	0.000258189446506374	6.45473616265935e-05	0	0.00819751492657738	0	0	0.00313054703888979	0	0.00271098918831693	0	0.0020009682104244	0.000419557850572858	0.00503469420687429	0.000742294658705825	0.00764886235275133	0	0.000258189446506374	0.00154913667903824	0.0197837663385509	0	0.00258189446506374	0	0.000161368404066484	0.000806842020332419	0.0382443117637567	9.68210424398903e-05	0.000258189446506374	0	0	0.000677747297079232	9.68210424398903e-05	0.000258189446506374	0.000290463127319671	0	9.68210424398903e-05	0.00180732612554462	0.00264644182669033	0.000193642084879781	0.00112957882846539	0.00977892528642892	0.000580926254639342	0	0	0	9.68210424398903e-05	0	0.000161368404066484	0.000516378893012748	0	0.00258189446506374	0	0.000516378893012748	0.000451831531386155	0.000322736808132968	0.0175568823624334	0.0099402936904954	0.000258189446506374	0.0106180409875746	0.0730353396804906	0.00358237857027594	0.000129094723253187	0	0.00161368404066484	0.0263030498628369	0.0863966435371954	0	0	0.0105857673067613	0	0.027077618202356	0	0	0.000161368404066484	0.00935936743585606	0.0142004195578506	0	0.000516378893012748	9.68210424398903e-05	0	0.00151686299822495	0.00183959980635792	0.00384056801678231	0	0.000290463127319671	3.22736808132968e-05	0.000484105212199451	0.00116185250927868	0.00142004195578506	0.00303372599644989	0
np0539	0.000524953171790925	0.100946108784614	0.000226684324182445	0.0181108844267869	0.000190892062469427	0.000143169046852071	0.000656191464738657	0.00178961308565088	0.000190892062469427	0.00158679026927712	0.295453189687056	0.00158679026927712	0.00775499003782049	0.000190892062469427	0.035100277986566	0.000119307539043392	7.15845234260353e-05	0	0.00688404500280373	0.00954460312347137	0.000859014281112423	0.00279179641361538	0.000143169046852071	0.0586396554398272	0.00860207356502857	0.000775499003782049	0.000990252574060155	0.00231456625744181	0.000334061109321498	0.013434028896286	0.000381784124938855	0.00100218332796449	0.00257704284333727	0.0111194626388441	5.96537695216961e-05	0.00294689621437179	0.00510636267105718	0.000357922617130176	0.00133624443728599	0.0185045993056301	0.000560745433503943	8.35152773303745e-05	0	0.000990252574060155	0.00517794719448322	0.000369853371034516	0.00108569860529487	0.000214753570278106	2.38615078086784e-05	8.35152773303745e-05	0.0035911569252061	0.000178961308565088	0.000250545831991124	0.0114893160098787	0.0097951489554625	0.000131238292947731	0.00345991863225837	9.54460312347137e-05	0	0.0012765906677643	0.0012169368982426	0.00120500614433826	7.15845234260353e-05	0.0392283188374673	0.00303041149170216	0.000322130355417159	0.000357922617130176	0.000202822816373767	0.000680052972547335	0.0292303470656311	0.00460527100707494	0.00244580455038954	0.0196499516804467	0.0875717336578498	0	0.0017657515778422	0.0215469415512366	0.00100218332796449	0.00350764164787573	0.0163809251106577	9.54460312347137e-05	3.57922617130176e-05	0.0137442284977988	0.000775499003782049	0.0106183709748619	0.000107376785139053	0.000274407339799802	0	0.0457663719770452	0.0135175441736163	0.00110956011310355	0.00397294105014496	0.00360308767911044	0.00238615078086784	0.00193278213250295	0.00224298173401577	0.00139589820680769	0.000226684324182445	0.00029826884760848	0	0.000262476585895463	0.00194471288640729	0.000143169046852071	0.00931791879928893	0
np0540	0	0.000726408241431685	0.000231129895000991	0.150960839992076	0	0	0.000759426797860398	0	0	0	0.734596843426005	0.00340091131215743	0.000198111338572278	9.90556692861388e-05	0.0084197318893218	3.30185564287129e-05	0.000594334015716833	0	0	0	0	0	0.000165092782143565	0	0	0	6.60371128574259e-05	0	0.000825463910717823	0.000396222677144555	0	0	0.0314666842765634	0	0	0	0	0	0.00105659380571881	0.000264148451429703	0	0	0.00439146800501882	0	9.90556692861388e-05	0	0	0	0.000198111338572278	0.000627352572145546	0.0040943009971604	0.00056131545928812	0	0	6.60371128574259e-05	0	0	0.00208016905500892	0	0	0	0	0.000231129895000991	0	0.00171696493429307	0	0.000891501023575249	0.00320279997358515	0.000858482467146536	0.00759426797860398	0	3.30185564287129e-05	0	0	0	0	0	0.000231129895000991	0.0132404411279139	0.000330185564287129	0	0	0.000363204120715842	0	0	3.30185564287129e-05	0	0	3.30185564287129e-05	0.0119527174271941	0	0.000462259790001981	0	0	0	6.60371128574259e-05	0.000726408241431685	0	0	0	0.000231129895000991	0	3.30185564287129e-05	0.011391401967906	0
np0544	0	0.00273683879390346	0.00256382024946128	0.0654167387577269	0	0	0.000550513550497822	0	1.5728958585652e-05	0	0.495100429400569	0.00481306132720953	0.00138414835553738	9.43737515139123e-05	0.0196297403148937	0.000125831668685216	0	0.00701511552920081	0.0572376802931878	0	0	0.0153514635795964	0	0.0162480142189786	0.0011482139767526	0.000896550639382167	0.000173018544442172	0.00317724963430171	0	0.00799031096151124	0.00138414835553738	0	0.00578825675951995	0.0231530270380798	0	0.000330308130298693	0	0.000204476461613477	0.000361766047469997	0.0269122481400506	0	3.14579171713041e-05	0	0.0030828758827878	0.000487597716155213	0.000865092722210862	0.000204476461613477	0.000377495006055649	6.29158343426082e-05	0	0.00169872752725042	0.00105384022523869	4.71868757569561e-05	0.0011482139767526	0.0162165563018073	0.000550513550497822	0.000251663337370433	0	0	0.000267392295956085	0	0.000141560627270868	0.000267392295956085	0.00517482737467952	0.00380640797772779	1.5728958585652e-05	0.00130550356260912	0.000471868757569561	0.000424681881812605	0.00704657344637212	4.71868757569561e-05	0.00432546361105431	0.0159019771300942	0.0266291268855089	0	0.000125831668685216	0.000959466473724775	0.00136841939695173	0.0605407615961747	0.000629158343426082	0	6.29158343426082e-05	0.00701511552920081	0	0.0061657517655756	4.71868757569561e-05	0.000298850213127389	0	0.0201016090724633	0.00871384305645123	1.5728958585652e-05	0.0061657517655756	0.00015728958585652	0	0.000314579171713041	0.0127561854129638	0.00460858486559605	6.29158343426082e-05	0.000739261053525646	4.71868757569561e-05	0.000707803136354342	0.000314579171713041	0.000707803136354342	0.0156031269169668	6.29158343426082e-05
np0545	0	0.0207027040786024	3.39388591452498e-05	0.00257086858025267	0.00260480743939792	0	0.0107840724934031	0	2.54541443589374e-05	0	0.0586124097438465	0.00100968105957118	0.477731866043323	0	0.0100374175922076	0.000288480302734624	0	0	0	0	0	0.00103513520393012	0.000161209580939937	0	0	0.000127270721794687	0.000144240151367312	0.00895137409955964	0.000203633154871499	0.0106737712011811	0	1.69694295726249e-05	0.000212117869657811	0.00833198992015883	3.39388591452498e-05	0.00124725307358793	0	0	0.00055150646111031	0.00882410337776496	0	1.69694295726249e-05	6.78777182904997e-05	0	0.00115392121093849	0.0630668850066605	3.39388591452498e-05	0.00010181657743575	0	0.000373327450597748	0.00221451055922755	0.000975742200425933	0	5.93930035041872e-05	0.000271510873161999	4.24235739315623e-05	0	0.185993432830755	0	1.69694295726249e-05	8.48471478631246e-06	0	0.000203633154871499	0	0.000500598172392435	0	0.000246056728803061	0.000229087299230436	1.69694295726249e-05	0.00137452379538262	0.00240117428452643	0.00055150646111031	0.000729685471622871	0.0610050993135866	0	0	0	0.000118786007008374	0.00554051875546204	0.00180724424948455	0.0163670148227967	0.000135755436580999	0.00879016451861971	0	0.00104361991871643	0	3.39388591452498e-05	0	0.0021126939817918	0.00125573778837424	5.09082887178748e-05	0.000135755436580999	0	0	0.000263026158375686	0.000169694295726249	0.012328290584512	0	0.000127270721794687	2.54541443589374e-05	7.63624330768121e-05	0.000441205168888248	0.00202784683392868	0.000576960605469247	0
np0547	0.0019878863177512	0.00332349743749029	0.000683335921726976	0.0189470414660662	0.000434850132008076	0.00316819381891598	0.00295076875291194	0.000186364342289175	0.000186364342289175	0	0.479981363565771	0.00121136822487964	0.00596365895325361	0	0.0251902469327535	0.000372728684578351	9.31821711445877e-05	0.000776518092871564	0.040906973132474	0	0.000217425066004038	0.00453486566236993	0	0.0116788321167883	0.000465910855722938	0.000217425066004038	0.0002484857897189	0.00350986177977947	0	0.0130765646839571	0.000279546513433763	6.21214474297251e-05	0.00167727908060258	0.027116011803075	3.10607237148626e-05	0	0.00012424289485945	0.000434850132008076	0.000186364342289175	0.0320546668737382	0	9.31821711445877e-05	0	0	0.00285758658176736	0.000155303618574313	3.10607237148626e-05	0	0	9.31821711445877e-05	0.00264016151576332	0.000590153750582389	0.000155303618574313	0.00288864730548222	0.0164000621214474	0.00279546513433763	0	0	0	0.000590153750582389	0	0	0.000559093026867526	0.00385152974064296	0.00254697934461873	0	0.000496971579437801	0.000155303618574313	0.000217425066004038	0.00552880882124553	0.00788942382357509	0.00158409690945799	0.00969094579903712	0.0654138841435006	0.00760987731014133	0	0.0148780866594192	0.0002484857897189	0.00453486566236993	0.0507221618263706	0.00012424289485945	0	0.00900760987731014	0	0.016493244292592	9.31821711445877e-05	0	0	0.0277682870010871	0.0183879484391986	0	0.0019878863177512	0.000869700264016152	0	0.000310607237148626	0.00366516539835378	0.025531914893617	9.31821711445877e-05	0.000590153750582389	0	0.00574623388724957	0.000465910855722938	0.000403789408293213	0.000962882435160739	0
np0548	0.0012177475967393	0.0229796134725864	0.000415466827122821	0.089783813985473	0.00018624375008954	0.00167619375080586	0.000888239423503961	0	0	0	0.399779372788355	0.00621767596452773	0.00305153221300554	0.0002148966347187	0.0201429778942995	0.000744975000358161	8.59586538874801e-05	0	0.00575922981046117	0	0	0.0023638629819057	0	0.00249280096273692	0.00010028509620206	0.00153292932766006	0.00027220240397702	0.00540106875259667	0.000673342788785261	0.00939814615836449	0	0.00025787596166244	0.00108880961590808	0.0251715591467171	0	0.00018624375008954	0	0.00011461153851664	0.000616037019526941	0.0444262976175126	5.73057692583201e-05	0.00031518173092076	2.865288462916e-05	0	0.000530078365639461	0	0.00025787596166244	0.00031518173092076	2.865288462916e-05	0.00578788269509033	0.00203435480867036	0.00320912307846592	0.00027220240397702	0.000888239423503961	0.00892537356198335	0.000902565865818541	0.00011461153851664	1.432644231458e-05	4.29793269437401e-05	0.0001432644231458	0	8.59586538874801e-05	0.000759301442672741	0	0.00259308605893898	0.00022922307703328	0.000830933654245641	0.0001432644231458	0.00025787596166244	0.0180942966433146	0.0107305052936204	0.00020057019240412	0.0138679961605135	0.0917751894671996	0.00290826778985974	0.00017191730777496	0	0.000945545192762281	0.0240111173192361	0.0791535937880546	8.59586538874801e-05	2.865288462916e-05	0.00955573702382487	0	0.030973768284122	5.73057692583201e-05	0	4.29793269437401e-05	0.00760734086904199	0.0138536697181989	0	0.000472772596381141	0.00022922307703328	0	0.00247847452042234	0.00232088365496196	0.00879643558115213	0	0.00018624375008954	1.432644231458e-05	0.000530078365639461	0.000716322115729001	0.0010744831735935	0.00310883798226386	0
np0552	0	0.0141494924638573	0.00615195324515534	0.0502409515021019	0.00174305341946068	0	0.0027683789603199	0.00522916025838204	0.000512662770429611	0	0.0896134522710961	0.000717727878601456	0.075156362144981	0.000717727878601456	0.0359889264841587	0	0.000615195324515534	0	0.0207115759253563	0	0.00143545575720291	0.0109709832871937	0.00440889982569466	0.0421408797293141	0.000615195324515534	0.000205065108171845	0.00153798831128883	0.0185583922895519	0	0.0282989849277146	0.000307597662257767	0	0.00625448579924126	0.0220444991284733	0	0.00143545575720291	0.0107659181790218	0	0.00123039064903107	0.120065620834615	0	0.000102532554085922	0	0	0.00410130216343689	0.00235824874397621	0.000102532554085922	0.000307597662257767	0	0.000717727878601456	0.00420383471752281	0.00307597662257767	0	0.0109709832871937	0.0046139649338665	0.000512662770429611	0.000307597662257767	0.0018455859735466	0	0.00123039064903107	0	0.0148672203424587	0.00133292320311699	0.01056085307085	0.00143545575720291	0	0.00164052086537476	0.000307597662257767	0.000307597662257767	0.00348610683892136	0.0338357428483544	0.00666461601558495	0.00410130216343689	0.0753614272531529	0	0.000512662770429611	0.0537270583410233	0.0027683789603199	0.00543422536655388	0.0390649031067364	0	0	0.0363990567005024	0	0.00225571618989029	0	0.000410130216343689	0	0.0200963806008408	0.00594688813698349	0.000307597662257767	0.00625448579924126	0.000410130216343689	0	0.000102532554085922	0.0349636009432995	0.00727981134010048	0	0	0	0.00225571618989029	0.00287091151440582	0.000512662770429611	0.0143545575720291	0.00112785809494515
np0555	0.000781009632452134	0.0183418928833456	0.00158568622346342	0.0413698435614039	0.00120701488651693	0.000449672212623956	0.00326604028116347	9.46678342366223e-05	0	0	0.3761153054221	0.00355004378387333	0.0101531252218777	0.0006390078810972	0.0337964168224741	0.000994012259484534	0	0.00236669585591556	0.000497006129742267	0	0.00269803327574373	0.0025560315243888	2.36669585591556e-05	0.0272406693015881	0	0.00115968096939862	0.000615340922538045	0.00726575627766076	4.73339171183111e-05	0.0112418053155989	0	0	0.0055380683028424	0.0351217665017869	0	9.46678342366223e-05	0	0.000591673963978889	0.000733675715333822	0.0770359501100514	4.73339171183111e-05	0	0	0.00142001751354933	0.00186968972617329	0.001065013135162	0.000189335668473245	0.000378671336946489	0	0	0.0040470499136156	0.00153835230634511	0.000142001751354933	0.00459138996047618	0.0167798736184413	0.00378671336946489	0	2.36669585591556e-05	0	0.0004260052540648	0	2.36669585591556e-05	0.000520673088301422	0.00965611909213547	0.00409438383073391	9.46678342366223e-05	0.002130026270324	0.0004260052540648	0.000899344425247911	0.0205192530707879	0.0353584360873784	0.00568007005419733	0.014460511679644	0.054765342105886	0	4.73339171183111e-05	0	0.002130026270324	0.0123541523678792	0.037725131943294	0.000142001751354933	0.000236669585591556	0.0155491917733652	0	0.034530092537808	0.000165668709914089	0.000189335668473245	4.73339171183111e-05	0.004260052540648	0.00908811208671574	0	0.00177502189193667	4.73339171183111e-05	4.73339171183111e-05	0.000757342673892978	0.0151941873949779	0.00331337419828178	0.00160935318202258	0.000733675715333822	0	0.001065013135162	0.00224836106311978	0.000615340922538045	0.00402338295505645	0
np0560	0.0687298069477451	0.00208272142265894	0.000160209340204534	0.0139115110410937	0.00173560118554912	0	0.00445915996902619	0.000400523350511335	0	0.000400523350511335	0.317401404501882	0.000400523350511335	0.00744973431951083	0	0.00902512616485541	0.000720942030920403	2.67015567007557e-05	0	0.00018691089690529	0.00208272142265894	0.00688900162879496	0.000747643587621158	0.000293717123708312	0.00117486849483325	0.00170889962884836	0.000160209340204534	0.000961256041227204	0.00253664788657179	0.000240314010306801	0.0204533924327788	0	0.00154869028864383	0.00328429147419295	0.0094523510720675	0	0	0.000213612453606045	0.000373821793810579	2.67015567007557e-05	0.0155670075565405	0.00192251208245441	0.000240314010306801	0	0.00237643854636725	0.000827748257723425	0.00018691089690529	0.00018691089690529	0.000133507783503778	0.000240314010306801	0.00018691089690529	0.0151664842060292	0	0.000560732690715869	0.00109476382473098	0.000827748257723425	0.00141518250514005	0.000133507783503778	0.00301727590718539	0	0.000587434247416624	0.0171156978451844	0	0	0.0191450161544418	0.00168219807214761	0	0.000347120237109823	0.000320418680409068	0.00176230274224987	0.0937224640196523	0.0130837627833703	0.00752983898961309	0.00202931830925743	0.188299377853729	0	0.000534031134015113	0.0084910950308403	0.000480628020613602	0.000961256041227204	0.000694240474219647	0	0	0.00245654321646952	0.000293717123708312	0.0285706656698086	0	0	0	0.0230434434327521	0.0397853194841259	5.34031134015113e-05	0.000881151371124937	0.00152198873194307	0.000106806226803023	0.00125497316493552	0.000160209340204534	0.00237643854636725	0.000881151371124937	0.000560732690715869	0.001201570051534	0.00061413580411738	0.00216282609276121	5.34031134015113e-05	0.0138581079276922	5.34031134015113e-05
np0563	0	0.0101945282430043	0.000832206387184022	0.00936232185582024	0.000728180588786019	0	0.000832206387184022	0.0168521793404764	0	0	0.127431603037553	0.000208051596796005	0.112139810673047	0.000104025798398003	0.0286070945594507	0	0	0	0.00135233537917404	0	0	0.0125871216061583	0.00728180588786019	0.0534692603765734	0.00353687714553209	0.000832206387184022	0.00124830958077603	0.0151877665661084	0	0.0152917923645064	0.000208051596796005	0	0.00644959950067617	0.0131072505981483	0.000104025798398003	0.000624154790388016	0.0425465515447831	0	0.000624154790388016	0.0886299802350983	0	0.000104025798398003	0	0	0.00499323832310413	0.000416103193592011	0	0	0	0.000728180588786019	0.00686570269426818	0.000416103193592011	0	0.0182045147196505	0.00676167689587018	0.000312077395194008	0.00208051596796005	0.00176843857276605	0	0.000832206387184022	0	0.0156038697597004	0	0.0194528243004265	0.00332882554873609	0	0	0	0	0.000520128991990013	0.039321751794445	0.00187246437116405	0.00124830958077603	0.078955580984084	0	0.00343285134713409	0.039945906584833	0.00114428378237803	0.000624154790388016	0.0156038697597004	0	0	0.0227816498491626	0	0.000936232185582024	0	0.000208051596796005	0	0.0314157911161968	0.00291272235514408	0	0.0143555601789244	0.000208051596796005	0	0	0.0105066056381983	0.00738583168625819	0	0.000104025798398003	0	0.00135233537917404	0.00270467075834807	0	0.0698013107250598	0.000416103193592011
np0564	0.000304012971220105	0.0283455903642365	5.79072326133534e-05	0.00345995714864787	8.68608489200301e-05	0	7.23840407666918e-05	0.00096994614627367	5.79072326133534e-05	5.79072326133534e-05	0.0684463489489837	0.000130291273380045	0.00102785337888702	0	0.00626845793039551	0	0	0	0.00531298859227518	0.00360472523018125	0.000101337657073368	0.00112919103596039	0.000665933175053564	0.0340204991603451	0.00153454166425387	0.000275059354913429	0.000318489779373444	0.00263477908390758	5.79072326133534e-05	0.010654930800857	4.34304244600151e-05	0	0.00988765996873009	0.00474839307429498	0.000101337657073368	0.00017372169784006	0.00246105738606752	0	0.000144768081533384	0.0151137877120852	0.000115814465226707	2.89536163066767e-05	1.44768081533384e-05	0.000477734669060166	0.000448781052753489	0.000130291273380045	4.34304244600151e-05	2.89536163066767e-05	2.89536163066767e-05	0.00104233018704036	0.00133186635010713	2.89536163066767e-05	7.23840407666918e-05	0.00254791823498755	0.00916381956106318	0.000304012971220105	0.000304012971220105	8.68608489200301e-05	0	0.000332966587526782	2.89536163066767e-05	0.000897562105506978	0	0.0176472291389195	0.00166483293763391	4.34304244600151e-05	0.000101337657073368	5.79072326133534e-05	4.34304244600151e-05	0.00159244889686722	0.00235971972899415	0.000115814465226707	0.00425618159708148	0.267502461057386	0	0.000419827436446812	0.0136950605130581	0.000115814465226707	0.00923620360182987	0.0228878336904279	0	0	0.0105101627193236	0.386704499391974	0.00120157507672708	0	0	0	0.0220192252012276	0.00690543748914239	7.23840407666918e-05	0.00312699056112108	0.00180960101916729	0	0.000361920203833459	0.000825178064740286	0.000767270832126933	0	4.34304244600151e-05	0	0	0.000810701256586948	0.000101337657073368	0.00327175864265447	0
np0571	7.00157535445475e-05	0.00168037808506914	0.000455102398039559	0.00231051986697007	0	0	0.102398039558901	0	0.0014703308244355	0	0.0157185366707509	0.000385086644495011	0.456887799754945	0.000210047260633643	0.0916156135130404	3.50078767722738e-05	0	0.000105023630316821	0.0078767722737616	0	0.000420094521267285	0.00150533870120777	0.00084018904253457	0.00119026781025731	3.50078767722738e-05	0.00556625240679153	0.000175039383861369	0.0421144757570453	3.50078767722738e-05	0.00322072466304919	0	0	0.0019954489760196	0.00644144932609837	0	0.00350078767722738	3.50078767722738e-05	0.000385086644495011	0.000630141781900928	0.0189392613338001	0	0	0	0.000175039383861369	0.000385086644495011	0	0.00028006301417819	0.0156135130404341	0	0.00269560651146508	0.00105023630316821	0.000980220549623665	0.000105023630316821	0.0192543322247506	0.00441099247330649	0.000105023630316821	0	0.027621214773324	0.000595133905128654	0.000175039383861369	0	0.00392088219849466	0.000385086644495011	0.000525118151584106	0.00084018904253457	0	0.000140031507089095	7.00157535445475e-05	0	0.0014703308244355	0.00171538596184141	0.00171538596184141	0.00154034657798005	0.100297566952564	0.000665149658673201	0	0	0.00441099247330649	0.000245055137405916	0.01508839488885	0	0.000140031507089095	0.0116576229651672	0	0.000245055137405916	0.000105023630316821	0.000210047260633643	0.000105023630316821	0.00252056712760371	0.000140031507089095	0	0	0.000315070890950464	0.00388587432172239	0.00056012602835638	0.000910204796079118	0.00122527568702958	7.00157535445475e-05	0.000245055137405916	0	0.000210047260633643	0.0013302993173464	0.00084018904253457	0.00056012602835638	0
np0572	0.00101382260577137	0.00142182438614278	0	0.000408001780371405	0.00205237259217131	0	0.0631290027447392	9.89095225142801e-05	2.472738062857e-05	0	0.0175811676269133	0.00014836428377142	0.350448801958409	8.65458321999951e-05	0.0543507826215969	3.7091070942855e-05	0	0	0.0218590044756559	0	0.00012363690314285	0.00343710590737123	0.00012363690314285	0.00066763927697139	0	0.00071709403822853	0.000383274399742835	0.0112015034247422	0	0.00902549392942806	0	0	0.00317746841077125	0.00801167132365668	0	0.00184218985682847	7.41821418857101e-05	0.00012363690314285	0.000160727974085705	0.0262852056081699	0	9.89095225142801e-05	0	0.000791276180114241	0.00394401721025692	0	0	0.00160727974085705	1.2363690314285e-05	0.000408001780371405	0.00624366360871393	0.00044509285131426	0.00012363690314285	0.00059345713508568	0.00509384040948542	0.000408001780371405	6.1818451571425e-05	0.0660591973492248	0.000111273212828565	8.65458321999951e-05	0	0.000741821418857101	0.000816003560742811	0.00165673450211419	0.00012363690314285	0	2.472738062857e-05	0.000259637496599985	1.2363690314285e-05	0.000581093444771395	0.0010756410573428	0.000136000593457135	0.00027200118691427	0.299918399643926	0	0	0	0.000259637496599985	0.000383274399742835	0.00105091367671423	0.000136000593457135	0	0.0112880492569422	0	0.00042036547068569	0	0	0.0020647362824856	0.00333819638485695	1.2363690314285e-05	0	1.2363690314285e-05	7.41821418857101e-05	0.00037091070942855	0	0.00229964639845701	0.000828367251057096	0	2.472738062857e-05	0	0.00297964936574269	0.00136000593457135	7.41821418857101e-05	0.0033011053139141	0
np0574	0.000220159248523098	0.0259420981176384	7.33864161743661e-05	0.0207683557773456	0.000110079624261549	0.00308222947932338	0.00113748945070268	0.000366932080871831	0	7.33864161743661e-05	0.380545261072176	0.00102740982644113	0.000917330202179577	0.000110079624261549	0.0221993908927458	0.000440318497046197	0	0.000403625288959014	0.0121087586687704	0.00212820606905662	0.000366932080871831	0.00363262760063112	0	0.0323267163248083	0.00168788757201042	0.000403625288959014	0.000256852456610281	0.000880636994092394	0.000256852456610281	0.0119619858364217	0.000293545664697464	0.000403625288959014	0.00355924118445676	0.013429714159909	0	0	0.000513704913220563	0.000513704913220563	0.000146772832348732	0.0335008989835981	0	0	0	0.000550398121307746	0.0019447400286207	0	0.000183466040435915	0.000183466040435915	0	0	0.00333908193593366	0.000770557369830844	0.000220159248523098	0.00289876343888746	0.0125857703739038	0.000183466040435915	0	0	0	0.000220159248523098	0.000146772832348732	0.000256852456610281	0.000256852456610281	0.026455803030859	0.00286207023080028	0	0.000587091329394929	0.000403625288959014	0.000146772832348732	0.0117418265878986	0.0161817047664477	0.00253183135801563	0.00836605144387774	0.128573001137489	0	0.000146772832348732	0.00814589219535464	0.00047701170513338	0.0281803838109566	0.0225663229736176	3.66932080871831e-05	0	0.00829266502770337	0.055516823835908	0.0130627820790372	0	0.000183466040435915	0	0.0180897515869812	0.01823652441933	7.33864161743661e-05	0.00205481965288225	0.00264191098227718	0	0.00201812644479507	0.0107511099695446	0.00348585476828239	0.000440318497046197	0.000917330202179577	0	0.00249513814992845	0.00205481965288225	0.000990716618353943	0.00176127398818479	0
np0575	0	0.0264861798478121	0.00172140607578099	0.0558087674341269	0.000371667220907259	0	0.00228868762348154	0	0	0	0.410105436122142	0.00848966178282897	0.00150623031630837	0.000117368596075977	0.018465992449287	0.000743334441814518	0	0	0	0	0	0.00107587879736312	0	0.000528158682341895	0	0.00174096750846032	0.000176052894113965	0.00657264138025469	0.00238649478687819	0.021732751706735	0	0.000371667220907259	0.00829404745603568	0.0186811682087596	0	0.00203438899865026	0	0.000176052894113965	0.000391228653586589	0.119696406564817	0	0	3.91228653586589e-05	0	0.000841141605211166	0.000176052894113965	0.000156491461434635	0.000469474384303906	7.82457307173177e-05	5.86842980379883e-05	0.00301246063261673	0.00170184464310166	5.86842980379883e-05	0.000312982922869271	0.0115412452808044	0.00465562097768041	7.82457307173177e-05	0.00183877467185697	0	0.000293421490189942	0	5.86842980379883e-05	0.000195614326793294	0.000234737192151953	0.00492948103519102	0	0.000723773009135189	0.000410790086265918	0.0003325443555486	0.0142211615578725	0.0124410711840535	0.000410790086265918	0.0450499794604957	0.0749985328925491	0	0.000234737192151953	0	0.00115412452808044	0.0286574988752176	0.0162359891238434	0	0	0.0111304551945384	0	0.00999589209913734	0	0.00035210578822793	0.000156491461434635	0.0136734414428513	0.0153361632205943	0	0.000410790086265918	0	9.78071633966472e-05	7.82457307173177e-05	0.000371667220907259	0.00444044521820778	0	3.91228653586589e-05	5.86842980379883e-05	0.00489035816983236	0.0026603548443888	0.000156491461434635	0.000586842980379883	0
np0583	0	0.00179593355976364	0.000418740985437119	0.0075001163169404	0	0	0.000204717815102592	0	3.72214209277439e-05	0	0.407453589540781	0.00076303912901875	0.00111664262783232	1.8610710463872e-05	0.0255152840459685	5.58321313916159e-05	0	0.000400130274973247	0.0359745033266645	0	0	0.0181361373470432	0.000344298143581631	0.00528544177173964	0.00237286558414367	0.000567626669148095	0.000521099892988415	0.00493183827292607	0	0.00658819150421067	0.000102358907551296	0	0.0010608104964407	0.0107011585167264	0.000232633880798399	0.00169357465221235	0	1.8610710463872e-05	0.000353603498813567	0.0217280044665705	0	0.000232633880798399	0	0.00202856744056204	0.000279160656958079	0.000381519564509375	2.79160656958079e-05	5.58321313916159e-05	4.65267761596799e-05	0	0.00790024659191365	0.000344298143581631	0.000167496394174848	0.00320104219978598	0.131782440794677	0.000176801749406784	0.000120969618015168	0.000176801749406784	2.79160656958079e-05	0.000167496394174848	0	0.000232633880798399	0.000595542734843903	0.0093891034290234	0.00178662820453171	0	0.00018610710463872	0.000251244591262271	0.000428046340669055	0.00132136044293491	0.000111664262783232	0.00182384962545945	0.00970548550690923	0.0682454752710185	0	0.000158191038942912	0.00549015958684223	0.000893314102265854	0.0708323640254967	3.72214209277439e-05	6.51374866235518e-05	5.58321313916159e-05	0.0232913041455358	0	0.00100497836504909	2.79160656958079e-05	0.000251244591262271	0	0.0297585260317313	0.00244730842599916	0.000400130274973247	0.0121807099986042	9.30535523193598e-05	0	3.72214209277439e-05	0.00422463127529893	0.00509002931186898	0	0.000353603498813567	0	0.00161913181035686	0.000158191038942912	0.000260549946494207	0.0441259945098404	5.58321313916159e-05
np0589	0	0.00169148434683748	0.000665502038099992	0.0080692122119624	0	0	0.000194104761112498	0	2.77292515874997e-05	0	0.617336328092505	0.000859606799212489	0.000748689792862491	0	0.0111748883897624	0.000110917006349999	0	0.000221834012699997	0.0082355877214874	0	0	0.00429803399606245	0.000138646257937498	0.00119235781826249	0.00252336189446247	0.000166375509524998	0.000415938773812495	0.00133100407619998	0	0.00537947480797493	0.000526855780162493	0	0.000305021767462496	0.00906746526911239	0	0.00105371156032499	0	0	0.000277292515874997	0.00967750880403738	0	5.54585031749993e-05	0	0.000693231289687491	0.000138646257937498	0.000415938773812495	0	5.54585031749993e-05	0.000138646257937498	0	0.00524082855003743	0.00110917006349999	0	0.00221834012699997	0.0774477996838865	0.000249563264287497	0.00083187754762499	0.000166375509524998	0	0.000221834012699997	0	0.000305021767462496	0.000138646257937498	0.00845742173418739	0.000388209522224995	5.54585031749993e-05	0.000194104761112498	0.000277292515874997	0.000665502038099992	0.00227379863017497	0.000277292515874997	0.00213515237223747	0.00521309929844993	0.0124227047111998	0	0.000665502038099992	0.00299475917144996	0.000665502038099992	0.0964423370213238	0	0	0	0.00277292515874997	0	0.00246790339128747	5.54585031749993e-05	0.000277292515874997	0	0.0238194271136622	0.000859606799212489	0.000110917006349999	0.00748689792862491	0.000610043534924992	0	8.3187754762499e-05	0.00213515237223747	0.00169148434683748	5.54585031749993e-05	0.000360480270637495	0	0.000249563264287497	0.000166375509524998	0.000166375509524998	0.0483875440201869	0
np0590	3.57460422428854e-05	0.0131947578429051	0.00059427795228797	0.025160745483711	0.000187666721775148	0	0.00312777869625247	0.000120642892569738	5.80873186446888e-05	0	0.205008020518228	0.00166219096429417	0.00113046858593125	0.000138515913691181	0.0330070017560243	0.000268095316821641	8.93651056072135e-06	0.00260946108373064	0.0335565971555087	0	0.00147452424251902	0.00264967538125388	0.000151920679532263	0.00343608831059736	5.36190633643281e-05	0.000294904848503805	0.000697047823736266	0.00112600033065089	0.000558531910045085	0.0116889558134235	0	8.48968503268529e-05	0.0123994084030009	0.0204646091840519	0	0	0.0027613817632629	0.000299373103784165	0.000388738209391379	0.0379891063936265	0	1.78730211214427e-05	2.68095316821641e-05	0.00033065089074669	0.00528594599666668	0	9.83016161679349e-05	0.000442357272755707	2.68095316821641e-05	0.000281500082662723	0.0031367152068132	0.00109472254368837	0.000210007998176952	0.00743964504180053	0.00922247889866444	0.00234136576690899	6.25555739250495e-05	0.000116174637289378	0.000165325445373345	0.00019660323233587	0	4.91508080839675e-05	0.000214476253457313	0.00170687351709778	0.00443697749339815	1.3404765841082e-05	0.00121089718097774	0.000160857190092984	0.000183198466494788	0.0236326021778276	0.052515404310079	0.00363269154293323	0.00440569970643563	0.314511552674027	0.0015683576034066	0	0	0.000294904848503805	0.00704643857712879	0.0763043954227193	0	3.12777869625247e-05	0.00792668486735984	0	0.0108623285865568	0	2.23412764018034e-05	4.91508080839675e-05	0.00851649456436745	0.00949504247076644	0	0.000773008163502397	0.0016934687512567	0	0.000607682718129052	0.00691685917399833	0.00577745407750636	0.00013404765841082	0.00184985768606932	4.46825528036068e-06	0.00126898449962243	0.000777476418782758	0.000777476418782758	0.00374439792494225	0
np0592	0.000343560876344512	0.0243928222204604	0.000951399349877111	0.0245513887787732	0.000237849837469278	0.00264277597188086	0.00192922645947303	0.000660693992970216	0.000554982954094981	0	0.512117127831074	0.00116282142762758	0.0039641639578213	0.000132138798594043	0.0156980892729723	0.00018499431803166	0.000158566558312852	0.000528555194376173	0.0052062686646053	0.00385845291894606	0.000951399349877111	0.00351489204260155	0.000211422077750469	0.0193715478738867	0.00137424350537805	0.000607838473532599	0.000502127434657364	0.00311847564681942	0.00039641639578213	0.0123417637886836	0.000422844155500938	0.000634266233251407	0.00261634821216205	0.010359681809773	7.92832791564259e-05	0.00126853246650281	0.00142709902481567	0.000237849837469278	0.000528555194376173	0.0253442215703375	0	7.92832791564259e-05	5.28555194376173e-05	0.000528555194376173	0.00169137662200375	0.000369988636063321	0.000290705356906895	0.000211422077750469	7.92832791564259e-05	7.92832791564259e-05	0.00224635957609873	0.00076640503184545	2.64277597188086e-05	0.00174423214144137	0.0149845397605645	0.000502127434657364	0.000528555194376173	0.000317133116625704	2.64277597188086e-05	0.000343560876344512	0.000264277597188086	0.000369988636063321	0.00018499431803166	0.0415180105182484	0.00161209334284733	0	0.000713549512407833	0.000132138798594043	0.000264277597188086	0.0174951769338513	0.0170987605380692	0.00187637094003541	0.00806046671423663	0.0902772271994503	0	0.000290705356906895	0.00480985226882317	0.000713549512407833	0.0114960754776818	0.0132667353788419	5.28555194376173e-05	0	0.0079547556753614	0.00496841882713602	0.0130288855413727	5.28555194376173e-05	0.000237849837469278	2.64277597188086e-05	0.0198208197891065	0.0155659504743783	0	0.00110996590818996	0.00309204788710061	0	0.000475699674938555	0.00618409577420122	0.00166494886228494	0.000105711038875235	0.00039641639578213	2.64277597188086e-05	0.00110996590818996	0.00118924918734639	0.000660693992970216	0.00237849837469278	0
np0593	0	0.00773013685393601	0.00371758555278107	0.0269690235108044	4.57705471614632e-05	0	0.000818784232555065	0.0123987326644053	0.000249195201212411	0	0.117701504833878	0.000864554779716528	0.0226818489266807	0.000305136981076422	0.0367690062197088	0.00013731164148439	0.000157654106889484	0.000147482874186937	0.0147940579658552	0	0.000157654106889484	0.0117782874695499	0.000773013685393601	0.0730904782005055	0.000589931496747748	0.000462791087965906	0.00288354447117218	0.0146669175570733	6.6113012566558e-05	0.0256874481902834	0.000513647251478643	0	0.00822852725636083	0.0216443831910208	5.08561635127369e-05	2.54280817563685e-05	0.0114070374759069	0.000203424654050948	0.000244109584861137	0.0959757517812371	0	3.05136981076422e-05	0	0	0.00331582186103045	0.00136294518214135	8.64554779716528e-05	2.03424654050948e-05	0	0.000335650679184064	0.00406340746466768	0.00161722599970503	0.000457705471614632	0.0141888696200536	0.0123987326644053	0.000345821911886611	0.000549246565937559	0.000884897245121622	0	0.00120020545890059	0	0.0116969176079295	0.000905239710526717	0.010944246387941	0.00304628419441294	2.03424654050948e-05	0.00104255135201111	0.000101712327025474	0.000147482874186937	0.00375827048359126	0.0410663520365351	0.00389558212507565	0.00508053073492242	0.0997899640446924	0	0.00393626705588584	0.0727802556030778	0.00215630133294005	0.00926090737566939	0.0287032186865887	4.57705471614632e-05	6.6113012566558e-05	0.0224021400273606	0	0.00310222597427695	2.03424654050948e-05	0.000386506842696801	3.55993144589158e-05	0.0404916773888411	0.00440922937655429	0.000437363006209538	0.00832515396703504	0.00101203765390346	0	6.6113012566558e-05	0.0422004444828691	0.00198847599334801	0	0.000157654106889484	0	0.00381929787980654	0.00152568490538211	0.000478047937019727	0.0149923970035548	0.000910325326877991
np0594	0.00985969442040602	0.0145554625544411	0.000425598320305296	0.00502206017960249	0.0133779738682631	0	0.00195775227340436	0.000269545602860021	0.00141866106768432	0	0.209607172750358	0.000113492885414746	0.0325015250606478	4.25598320305296e-05	0.0401764814368199	0.000368851877597923	0	0.000226985770829491	0.00148959412106854	0	0.00031210543489055	0.00577395054547518	0.00225567109761807	0.04152420945112	0.000524904595043198	0.000113492885414746	0.000269545602860021	0.0115195278695967	0	0.0175346507965782	0.000241172381506334	8.51196640610592e-05	0.0022982309296486	0.0109236902211693	0	0.000283732213536864	0	0.000212799160152648	0.000113492885414746	0.149072904992268	1.41866106768432e-05	0.000368851877597923	0	0	0.00289406857807601	8.51196640610592e-05	4.25598320305296e-05	2.83732213536864e-05	4.25598320305296e-05	0.000950502915348494	0.0069939990636837	0.000567464427073728	0.000453971541658982	0.00205705854814226	0.0328987501595994	0.00160308700648328	0	0	0	0.0018726326093433	0	1.41866106768432e-05	0.000368851877597923	0.00573139071344465	0.00226985770829491	0	0.000269545602860021	0.000184425938798962	0.000184425938798962	0.0013477280143001	0.00822823419256905	0.00252521670047809	0.00822823419256905	0.165798918980266	0.00758983671211111	4.25598320305296e-05	0.0304444665125055	0.000241172381506334	0.00226985770829491	0.0540935465108031	0	0	0.0336648271361489	0	0.0122997914568231	2.83732213536864e-05	5.67464427073728e-05	2.83732213536864e-05	0.0238193193264197	0.00475251457674247	0	0.0031210543489055	0.000524904595043198	5.67464427073728e-05	1.41866106768432e-05	0.000737703755195846	0.00148959412106854	0	0.000865383251287435	0	0.000695143923165317	0.00113492885414746	0.00035466526692108	0.00117748868617799	0
np0595	0.000354391019045659	0.00142899604453895	3.42959050689348e-05	0.00418410041841004	0.00028579920890779	0	0.00116606077234378	0.000925989436861239	0.000171479525344674	0	0.275727644785879	0.000777373848229188	0.000537302512746645	9.14557468504927e-05	0.0644877334979537	3.42959050689348e-05	1.14319683563116e-05	1.14319683563116e-05	0.134702883142419	0	0.000480142670965087	0.0144614399707342	0	0.00318951917141093	0	0.000240071335482543	0.00106317305713698	0.000743077943160253	0.000605894322884514	0.00755653108352196	0	4.57278734252464e-05	0.00057159841781558	0.00565882433637424	0	0.000182911493700985	0.000148615588632051	5.7159841781558e-05	0.000777373848229188	0.0621327480165535	0	9.14557468504927e-05	0	0.000468710702608775	0.00540732103253538	0	6.85918101378695e-05	0.000205775430413609	1.14319683563116e-05	0.00100601321535542	0.00755653108352196	0.000194343462057297	0.000262935272195167	0.00229782563961863	0.0105402748245193	0.00452705946909939	1.14319683563116e-05	0.00050300660767771	0.000148615588632051	0.000251503303838855	0	0.000388686924114594	0.00126894848755059	0.150741934746325	0.00186341084207879	3.42959050689348e-05	0	0.000445846765896152	0	0.00313235932962938	0.0380913185632302	0.00028579920890779	0.000880261563435992	0.123076571324051	0.00028579920890779	0	0	0.000171479525344674	0.000320095113976724	0.016656377895146	0	0	0.0130667398312641	0	0.000663054164666072	0	0	0.000274367240551478	0.0152959736607449	0.000297231177264101	0	0.000171479525344674	0.000731645974803942	0.00021720739876992	0	0.00100601321535542	0.000605894322884514	0	0.000205775430413609	0	0.00663054164666072	0.0023664174497565	8.00237784941811e-05	0.0043441479753984	0
np0601	0.0001500300060012	0.00508435020337401	0.000533440021337601	0.00870174034806961	0.0001166900046676	0	0.0414582916583317	0.000333400013336001	3.33400013336001e-05	0	0.190938187637528	0.001083550043342	0.0012669200506768	0.0002000400080016	0.097619523904781	1.66700006668e-05	0	5.00100020004001e-05	0.336083883443355	0	0.000500100020004001	0.0133193305327732	6.66800026672001e-05	0.00166700006668	1.66700006668e-05	0.000483430019337201	0.000383410015336401	0.00601787024071481	0.000333400013336001	0.0246049209841968	0	0.000383410015336401	0.001416950056678	0.0214376208575048	1.66700006668e-05	0.0001500300060012	0.000800160032006401	0.0001333600053344	0.0002333800093352	0.0298559711942388	0	0	0	0.000466760018670401	0.001000200040008	0	1.66700006668e-05	0.000650130026005201	1.66700006668e-05	0.000166700006668	0.000800160032006401	0.000716810028672401	8.33500033340001e-05	0.0027005401080216	0.00848503033940121	0.000350070014002801	0	8.33500033340001e-05	5.00100020004001e-05	0.0002000400080016	0	0.000850170034006801	0.00371741014869641	0.0125025005001	0.0025171701006868	5.00100020004001e-05	0.000450090018003601	6.66800026672001e-05	6.66800026672001e-05	0.00906848036273921	0.0359071814362873	0.0024504900980196	0.00250050010002	0.0565113022604521	0.0028672401146896	0	0	0.0002833900113356	0.0024504900980196	0.00801827032073081	0	0	0.0144528905781156	0	0.001083550043342	3.33400013336001e-05	0	0.0155364406214576	0.011919050476762	0.00125025005001	0	0.0012002400480096	0.000433420017336801	0.000383410015336401	0.000316730012669201	0.00598453023938121	0.001083550043342	1.66700006668e-05	0.000400080016003201	0	0.001000200040008	0.000716810028672401	0.0002000400080016	0.0024338200973528	0
np0604	0	0.00384940196790856	0.000157118447669737	0.0102716185164091	0.00276921264017912	1.96398059587171e-05	0.00223893787929375	0.000314236895339474	0.00100163010389457	0	0.414301706699138	0.00247461555079836	0.00371192332619754	0.000216037865545888	0.0345660584873421	0.000707033014513817	0	0	0.000373156313215625	0	0.00296561069976629	0.00377084274407369	0	0.00141406602902763	0.000196398059587171	0.0006873932085551	0.00163010389457352	0.00410471944537188	0.000117838835752303	0.0405758391107096	0	0.0200915214957676	0.0138264233949369	0.0222126205393091	0	0.00622581848891333	0	0.00115874855156431	0.00100163010389457	0.0242748001649744	0.000255317477463323	3.92796119174343e-05	0.000903431074100988	0	0.00104090971581201	0	7.85592238348685e-05	0.00027495728342204	5.89194178761514e-05	0	0.0163010389457352	0.0113910874560559	9.81990297935856e-05	0.00842547675628965	0.0229982127776578	0.00219965826737632	0.00304416992360115	0.00763988451794096	0	0.000805232044307402	0	0	0.00178722234224326	0.00369228352023882	0.0103108981283265	0	0.000628473790678948	0.000117838835752303	0	0.00447787575858751	0.0222715399571852	0.0168902331244967	0.00117838835752303	0.000373156313215625	0.0470962546890037	5.89194178761514e-05	0.0262191409548874	0.00104090971581201	0.00109982913368816	0.0182453797356482	0.000255317477463323	0.000117838835752303	0.00913250977080346	0	0.0209163933460337	9.81990297935856e-05	7.85592238348685e-05	0.000589194178761514	0.028811595341438	0.0216037865545888	0.00013747864171102	0.00100163010389457	5.89194178761514e-05	0.000117838835752303	0.00221929807333504	0.000962350491977139	0.00803268063711531	0.00754168548814738	0.000235677671504606	7.85592238348685e-05	0.0042421980870829	0.00180686214820198	0.000117838835752303	0.039574209006815	0
np0607	0.000454466002447125	0.0234224785876595	0	0.00367068694284216	0.00101380877468974	0	0	0.000349589232651634	0	0	0.0872225135465828	0.000454466002447125	0.00349589232651634	0	0.0115014857542388	0	0	6.99178465303269e-05	0.000699178465303269	0	0	0.0018178640097885	0	0.00730641496241916	0	0.000279671386121307	0.000279671386121307	0.00174794616325817	0	0.00713162034609334	0	0	0.00436986540814543	0.00779583988813145	0	0.00779583988813145	0	0	0	0.0168502010138088	0.000174794616325817	0	0	0.000804055235098759	0.000524383848977452	0.000209753539590981	3.49589232651634e-05	0.000139835693060654	0	0	0.0050690438734487	0.000419507079181961	0	0.00244712462856144	0.00283167278447824	0.00188778185631883	3.49589232651634e-05	0.00681699003670687	0	0.000873973081629086	0	0.000804055235098759	0.000978849851424576	0.0289459884635553	0.00118860339101556	0	0.000279671386121307	0.00010487676979549	0	0.00171298723999301	0.0750568082503059	0.000559342772242615	0.00227233001223562	0.574235273553575	0	6.99178465303269e-05	0	0.000314630309386471	0.000489424925712288	0.0182135990211501	0.000139835693060654	0	0.00985841636077609	0.0272330012235623	0.00370564586610732	0.00010487676979549	0	0	0.0158014333158539	0.00646740080405524	6.99178465303269e-05	0.00374060478937249	0	0.000139835693060654	0.00010487676979549	0.00101380877468974	0.00146827477713686	0	0	0	0.0144380353085125	0.000174794616325817	0	0.000314630309386471	0
np0612	0	0.0115520478630303	0.00159119116570665	0.0529866658180314	0	0	0.000827419406167457	0	0	0	0.454412373102505	0.00330967762466983	0.00350062056455463	0	0.0198898895713331	0.000254590586513064	0	0.00703306495242338	0.071571778633485	0	0	0.0139070107882761	0	0.020335423097731	0.000731947936225058	0.00175031028227731	0.000286414409827197	0.00286414409827197	0	0.010533685516978	0.00054100499634026	0	0.00486904496706234	0.0184578175221971	0.000763771759539191	0	0.000795595582853324	0.000381885879769595	0.00031823823314133	0.0295325080355154	0	6.36476466282659e-05	0	0.0025140820418165	0.000827419406167457	0.00155936734239252	0.000190942939884798	0.000445533526397861	0	0	0.00162301498902078	0.000922890876109856	0.00031823823314133	0.00248225821850237	0.00989720905069535	0.00124112910925119	0.00031823823314133	0	0	0.000127295293256532	0	0.00120930528593705	0.000509181173026127	0.00197307704547624	0.00264137733507304	0	0.00203672469210451	6.36476466282659e-05	0.000445533526397861	0.0060783502529994	0	0.00404162556089489	0.0169620978264329	0.0132068866753652	0	0.000509181173026127	0.00801960347516151	0.00267320115838717	0.0657798427903128	0.00194125322216211	0	0.000222766763198931	0.0140979537281609	0	0.0172166884129459	0	0.00101836234605225	0	0.0137478916717054	0.0152436113674697	3.1823823314133e-05	0.00340514909461223	6.36476466282659e-05	0	0.00031823823314133	0.00455080673392101	0.0178531648792286	0.000127295293256532	0.000413709703083729	0	0.000763771759539191	0.000604652642968526	0.00140024822582185	0.0252681157114216	3.1823823314133e-05
np0613	0	0.0065719014701587	0.000194723006523221	0.0140687372213027	0.000129815337682147	0	0.0012332457079804	0.000421899847466978	0	0	0.238324733067212	0.00124947262519067	0.000681530522831272	0.000178496089312952	0.030652646610197	0.000227176840943757	0	0.000308311426995099	0.110959659883815	0	0.000681530522831272	0.00991464641547399	0.000340765261415636	0.00314802193879207	0	0.000178496089312952	0.00050303443351832	0.000519261350728589	0.000860026612144225	0.00678285139389219	0	0.000178496089312952	0.000730211274462078	0.0130951221886866	0	0	0.00146042254892416	0	0.000243403758154026	0.0427741537662675	1.62269172102684e-05	0	0	0.000470580599097783	0.00584169019569662	0	3.24538344205368e-05	0.000389446013046441	0	4.86807516308052e-05	0.00167137247265764	0.000178496089312952	0.000243403758154026	0.00537110959659884	0.00790250868140071	0.00165514555544738	6.49076688410736e-05	6.49076688410736e-05	0	0.000324538344205368	0	6.49076688410736e-05	0.000519261350728589	0.0221335150748061	0.00438126764677247	1.62269172102684e-05	0.000178496089312952	0.000178496089312952	4.86807516308052e-05	0.00960633498847889	0.0536461882971473	0.000876253529354493	0.00193100314802194	0.294291370525428	0.00227176840943757	0	0	6.49076688410736e-05	0.00233667607827865	0.0518287735695972	0	0	0.00681530522831273	0	0.00186609547918087	0	1.62269172102684e-05	0.000129815337682147	0.0163891863823711	0.00188232239639113	0	0.00126569954240093	0.00162269172102684	0	0.000275857592574563	0.00170382630707818	0.0018498685619706	0	0.00115211112192906	0	0.00574432869243501	0.000892480446564762	0.000129815337682147	0.00300197968389965	0
np0614	0.00013124589856567	0.014605793568951	0.00166869785319209	0.0228180369363457	0.00035623886753539	0	0.0164432361488703	7.49976563232399e-05	0.00384362988656604	0	0.208999718758789	0.0016874472672729	0.00328114746414175	0.00031874003937377	0.0997843817380707	0.00011249648448486	0	0.000543733008343489	0.0912158995031405	0	0.00232492734602044	0.00802474922658667	0.00031874003937377	0.00614980781850567	9.37470704040499e-05	0.000731227149151589	0.00273741445579826	0.00787475391394019	0.000506234180181869	0.0138558170057186	0	0.00013124589856567	0.00365613574575795	0.025255460766851	0	0.00020624355488891	0.00331864629230337	0.000487484766101059	0.00026249179713134	0.0858348176619481	0	3.74988281616199e-05	0	0.000637480078747539	0.000562482422424299	0	0.00011249648448486	0.000749976563232399	1.874941408081e-05	3.74988281616199e-05	0.00202493672072748	0.000768725977313209	0.00022499296896972	0.00823099278147558	0.0208680978719415	0.000712477735070779	0.00020624355488891	0.00028124121121215	1.874941408081e-05	0.00125621074341427	0	0.00155620136870723	0.000449985937939439	0.0304115496390738	0.00918721289959689	7.49976563232399e-05	0.00108746601668698	0.00035623886753539	0.00016874472672729	0.0147370394675166	0.0985094215805756	0.0115683884878598	0.00888722227430393	0.0347989125339833	0.00656229492828349	0	5.62482422424299e-05	0.000393737695697009	0.0115121402456173	0.030392800224993	0	0	0.0212430861535577	0	0.00397487578513171	1.874941408081e-05	3.74988281616199e-05	0	0.0174932033373957	0.00444361113715196	0	0.00245617324458611	0.00530608418486922	0	0.0014999531264648	0.00161244961094966	0.00371238398800038	0	0.00189369082216181	0	0.00483734883284897	0.00104996718852536	0.000656229492828349	0.00464985469204087	0
np0615	0.00015617679212869	0.00894467082191586	0.00205869407806	0.060085471298965	0.000766686070449931	0	0.000738290290062897	0	5.6791560774069e-05	0	0.166882001334602	0.00207289196825352	0.00129200800761007	0.000227166243096276	0.0329958968097341	0.000198770462709241	9.93852313546207e-05	0	0.000127781011741655	0	0.000780883960643448	0.000638905058708276	1.41978901935172e-05	0.00100805020373972	0	0.00137719534877117	0.00151917425070635	0.00430196072863572	7.09894509675862e-05	0.0134312041230673	5.6791560774069e-05	0	0.0205443471100194	0.0190393707495066	0	0.000241364133289793	0	0.000141978901935172	9.93852313546207e-05	0.0506580722104695	0	0.000113583121548138	1.41978901935172e-05	0.000369145145031448	0.00113583121548138	0.000227166243096276	0	0.000553717717547173	1.41978901935172e-05	0	0.00354947254837931	2.83957803870345e-05	0.000127781011741655	0.000738290290062897	0.0210980648275666	0.000553717717547173	0	0	1.41978901935172e-05	7.09894509675862e-05	0	0.000922862862578621	7.09894509675862e-05	0.000993852313546207	0.002470432893672	1.41978901935172e-05	0.000425936705805517	0.000369145145031448	0.000425936705805517	0.0101514914883648	0.0124941433702952	0.000724092399869379	0.0115854783979101	0.202674882512459	0	0	0	0.00056791560774069	0.0115712805077166	0.00847614044552979	9.93852313546207e-05	0	0.00150497636051283	0.279755228373064	0.00469950165405421	0.000340749364644414	0.00015617679212869	2.83957803870345e-05	0.00610509278321241	0.00858972356707793	4.25936705805517e-05	0.000993852313546207	4.25936705805517e-05	8.51873411611035e-05	9.93852313546207e-05	0.000610509278321241	0.0102934703903	0	0.000170374682322207	7.09894509675862e-05	0.000411738815612	0.000922862862578621	0.000283957803870345	0.00151917425070635	0
np0616	0.000127492853044873	0.0278768026753885	0.000534489268534274	0.0219140600099052	8.82642828772195e-05	0.00304511775926407	0.00105917139452663	0.00059823569505671	0.000205949993380179	0.000161817851941569	0.403774769164382	0.00124550710282299	0.0012896392442616	0.000230467849734962	0.0206783600496241	0.000289310704986442	0.000201046422109222	7.84571403353062e-05	0.0134308817111502	0.00305982847307694	0.000514874983450447	0.00351095703000495	0	0.0285289776544257	0.00236842492387206	0.000343249988966965	0.000456032128198967	0.0010738821083395	0.000446224985657054	0.0200605100694836	0.00150539638018369	0.000593332123785753	0.00488395698587281	0.0244001706442802	0	9.80714254191327e-06	0.00152010709399656	0.000147107138128699	0.000220660707193049	0.0451520842629687	6.37464265224363e-05	7.35535690643496e-05	4.90357127095664e-05	0.00108859282215237	0.00181922494152491	0.00056881426743097	0.000147107138128699	5.3939283980523e-05	4.90357127095664e-05	3.92285701676531e-05	0.00297156419019972	0.000720824976830626	0.000230467849734962	0.00381988202007522	0.0190945065291051	0.000725728548101582	0.000323635703883138	1.96142850838265e-05	0	0.000348153560237921	0	0.000201046422109222	0.000186335708296352	0.0240667277978552	0.00420236057920984	0.000117685710502959	0.000838510687333585	0.000196142850838266	0.000254985706089745	0.0133965567122535	0.0219287707237181	0.00213795707413709	0.00582544266989649	0.119034192602472	9.80714254191327e-06	0.000676692835392016	0.0107829532248336	0.000608042837598623	0.0107731460822917	0.0162259173355955	3.43249988966965e-05	0	0.00678163906773303	0.00266754277140041	0.0186286672583643	0	0	3.43249988966965e-05	0.0261899741581794	0.0146616781001603	0.000274599991173572	0.00369238916703035	0.00274599991173572	0	0.00144164995366125	0.0113517674922646	0.00160346780560282	0.000338346417696008	0.000608042837598623	5.88428552514797e-05	0.00289801062113537	0.00261360348741989	0.000671789264121059	0.00339817489077295	9.80714254191327e-06
np0617	0	0.000638355595984743	0.000430890027289702	0.00329817057925451	0	0	0.0342637366144811	0	0	0	0.048983152731896	0.000585159296319348	0.352648909741838	5.31962996653953e-05	0.0825074607810281	4.78766696988557e-05	3.19177797992372e-05	5.31962996653953e-06	0	0	0	7.44748195315534e-05	2.12785198661581e-05	1.59588898996186e-05	0	3.19177797992372e-05	3.19177797992372e-05	0.0327529617039839	7.97944494980929e-05	0.000803264124947469	0	0	0.010836086241841	1.06392599330791e-05	0	0.00034045631785853	0	0.00118627748253831	0.000132990749163488	0.000867099684545943	0	0	0.000606437816185506	0	0.000329817057925451	0	6.91551895650139e-05	3.72374097657767e-05	6.91551895650139e-05	0.000505364846821255	0.00499513253858062	0.0120861992839778	1.59588898996186e-05	1.06392599330791e-05	0.000122351489230409	2.65981498326976e-05	0	0.360729427661012	0	0	0	0	0.000175547788895804	0	0.000239383348494279	0	0.000180867418862344	0.00188314900815499	0	0.00128735045190257	0	0.000239383348494279	0	2.65981498326976e-05	5.31962996653953e-06	0	0	0.00169696195932611	0.0313379401328844	0.000526643366687413	5.31962996653953e-05	0	0.000654314485884362	0	0	1.06392599330791e-05	6.38355595984743e-05	0	0.000164908528962725	0.00140438231116644	1.59588898996186e-05	6.38355595984743e-05	0	0	0.000132990749163488	8.51140794646324e-05	0.00925083651181224	0	0.000101072969364251	5.31962996653953e-06	4.25570397323162e-05	0	1.59588898996186e-05	5.31962996653953e-05	0
np0619	0.000345225923811294	0.000458088245057294	0	0.00185226986044906	0.000597506406596471	0	0.001015760891214	0.00229708018535977	0.000292114243224941	0	0.201233518781618	0.000570950566303294	0.000551033686083412	5.3111680586353e-05	0.0946848485653207	0.000232363602565294	0	0	0.121014964216005	0	0.00154023873700424	0.016139311938178	0.000219085682418706	0.00343898131796635	0	5.97506406596471e-05	0.00532444597878188	0.000750202488282235	0.000404976564470941	0.0135036447890802	0	0	0.00410287732529577	0.00788044560700012	0	7.96675208795294e-05	3.98337604397647e-05	4.64727205130588e-05	0.00225724642492	0.0891081221037537	0	0.000385059684251059	0	0.000690451847622588	0.00171285169890988	0	5.3111680586353e-05	0.000146057121612471	6.63896007329412e-06	0.0143534316784619	0.0203417736645732	8.63064809528235e-05	0.000278836323078353	0.000497922005497059	0.0216430098389388	0.00164646209817694	2.65558402931765e-05	0.000385059684251059	3.98337604397647e-05	0.000205807762272118	0	0.000338586963738	0.000929454410261177	0.0732609244088006	0.000717007687915765	0	1.32779201465882e-05	0.000511199925643647	1.32779201465882e-05	0.00075684144835553	0.0167832910652875	0.000723646647989059	0.000511199925643647	0.192563036925896	3.31948003664706e-05	0	0	7.30285608062353e-05	5.3111680586353e-05	0.00545058622017447	0	0	0.0143733485586818	0	0.0165243716224291	0	1.32779201465882e-05	0.00104895569158047	0.00628045622933624	0.00515183301687624	0	7.96675208795294e-05	0.000511199925643647	0	1.99168802198824e-05	0.00421573964654177	9.95844010994118e-05	0	0.000139418161539176	0	0.0157741691341468	0.00412279420551565	5.3111680586353e-05	0.00626717830918965	0
np0623	0.000774921166673621	0.029578144838727	0.00021459355384808	0.0103004905847078	0.0015259986051419	0	0.00256916171412562	4.17265243593488e-05	2.38437282053422e-05	0.000202671689745409	0.0989157064598621	0.000363616855131468	0.00264665383079298	8.94139807700332e-05	0.0357298267157053	3.57655923080133e-05	5.96093205133555e-06	0	0.000864335147443654	0.0019790294410434	0.0757694073045261	0.00424418362055091	0.00162137351796327	0.0405522207452357	0.00237245095643155	0.00049475736026085	0.00110277242949708	0.00497141733081385	2.98046602566777e-05	0.0194445603514566	0	0.000202671689745409	0.0114867160629236	0.00740943853981008	0.00156176419744991	0.00238437282053422	0.000256320078207429	0.00706966541288396	0.00204459969360809	0.0195458961963293	0.00010729677692404	0.000345734058977462	6.5570252564691e-05	0.000476874564106844	0.0306034251515567	0.000536483884620199	0.0661126973813626	0.000178827961540066	0	0.00281355992823038	0.00809494572571367	0.000131140505129382	3.57655923080133e-05	0.000345734058977462	0.0138412842232011	0.00118622547821577	0.00183596707181135	0.000208632621796744	1.78827961540066e-05	0.00203863876155676	0.000262281010258764	0.00180020147950334	1.78827961540066e-05	0.0363616855131468	0.00211016994617278	0.000149023301283389	0.000131140505129382	0.000226515417950751	2.98046602566777e-05	0.0546855906389523	0.000363616855131468	0.000774921166673621	0.0070100560923706	0.219344416692994	0	0.000166906097437395	0.0186398345245263	0.00044110897179883	0.000488796428209515	0.00307584093848914	0.000369577787182804	1.19218641026711e-05	0.0051979327487646	0.00311160653079716	0.0150632752937249	7.74921166673621e-05	0.000119218641026711	2.38437282053422e-05	0.0262996322104924	0.0122556762975459	7.15311846160266e-05	0.00239629468463689	0.000757038370519614	0.000333812194874791	0.000238437282053422	0.000250359146156093	0.00671797042185516	0	2.98046602566777e-05	1.78827961540066e-05	1.78827961540066e-05	0.00696832956801125	0.000166906097437395	0.0560208394184515	0
np0624	0	0.0116948208650455	0.000185632077222944	0.0046408019305736	0.00241321700389827	0	0.00111379246333766	0.00269166511973269	0.000371264154445888	0	0.0832559866344904	9.28160386114721e-05	0.153424911824763	0	0.0153146463708929	0.000278448115834416	0	0	0.000835344347503249	0	0	0.0079821793205866	0.00974568405420457	0.0196770001856321	0.00148505661778355	0.00046408019305736	0.00241321700389827	0.0152218303322814	0	0.024781882309263	0.00046408019305736	0	0.00686838685724893	0.0273807313903843	0.000185632077222944	0.00361982550584741	0.0273807313903843	0	0.000185632077222944	0.149805086318916	0	0	0	0	0.00417672173751624	0.00157787265639503	0	0	0	0.00139224057917208	0.010024132170039	0.00297011323556711	0.000185632077222944	0.0177278633747912	0.00705401893447188	0.000371264154445888	0.00213476888806386	0.00306292927417858	0	0	0	0.0294226842398366	0.00222758492667533	0.0125301652125487	0.00250603304250975	0.000185632077222944	9.28160386114721e-05	0.000185632077222944	0.000556896231668832	0.000278448115834416	0.0237609058845368	0.00250603304250975	0.00129942454056061	0.134583255986634	0	9.28160386114721e-05	0.0372192314832003	0.00185632077222944	0.000371264154445888	0.0128086133283831	0	0.000185632077222944	0.0171709671431223	0	0.00157787265639503	9.28160386114721e-05	0.000185632077222944	0	0.0280304436606646	0.0056617783552998	0.000185632077222944	0.00426953777612771	0.000278448115834416	0	0	0.00287729719695563	0.020048264340078	0	9.28160386114721e-05	0	0.00222758492667533	0.00324856135140152	9.28160386114721e-05	0.0262669389270466	0.000371264154445888
np0625	0	0.00436644078369106	0.00402619864470215	0.0210666591057302	0	0	0.000623777254813009	0.0129008477699963	0	0	0.194079786781593	0.000992372905384332	0.00637954010604213	0.000340242138988914	0.0206697099435765	0.000113414046329638	0	5.6707023164819e-05	0.0119368283761944	0	0	0.00759874110408574	0.0017862712296918	0.0461028098329978	0.000595423743230599	0.000170121069494457	0.00127590802120843	0.00561399529331708	0	0.0159346735093141	0.000992372905384332	0	0.00791062973149225	0.012674019677337	0.000255181604241685	0.00056707023164819	0.0044798548300207	0	0.000850605347472284	0.0581814057671043	0	0	0	0	0.00124755450962602	0.000708837789560237	8.50605347472284e-05	0	0	0.00496186452692166	0.00382772406362528	0.000708837789560237	0.000255181604241685	0.0056707023164819	0.0172672885536874	0.000396949162153733	0	0.000226828092659276	0	0.000737191301142647	0	0.00385607757520769	0.000822251835889875	0.0151407751850067	0.00255181604241685	0	0.000453656185318552	0.000113414046329638	0.000425302673736142	0.00541552071224021	0.0294025915109586	0.00822251835889875	0.0105758598202387	0.123706371034053	0	0.00348748192463637	0.152456831778616	0.00102072641696674	0.0142901698375344	0.0202727607814228	0	0	0.0100087895885905	0	0.00547222773540503	0	2.83535115824095e-05	8.50605347472284e-05	0.0449119623465366	0.0182313079474893	0.00053871672006578	0.00884629561371176	0.000907312370637103	0	5.6707023164819e-05	0.0236184751481471	0.00289205818140577	0	0.000141767557912047	0	0.00589753040914117	0.000793898324307465	0.000340242138988914	0.00623777254813009	0.000141767557912047
np0626	0.00830557406173662	0.00415278703086831	2.22074172773706e-05	0.0102598267821452	0.000222074172773706	0	0.00035531867643793	0	0	0	0.572929158338885	0.000199866755496336	0.00328669775705086	8.88296691094826e-05	0.00539640239840107	0.000266489007328448	0	6.66222518321119e-05	0.0033311125916056	0	0.000266489007328448	0.00508549855651788	0	0.015101043748612	0.000532978014656895	0	0.000421940928270042	0.00284254941150344	0	0.0161225849433711	0	0.00164334887852543	0.00117699311570064	0.0151898734177215	4.44148345547413e-05	0.000111037086386853	0	2.22074172773706e-05	0.000266489007328448	0.0441927603819676	0.000133244503664224	0.000244281590051077	0	0	0.00035531867643793	2.22074172773706e-05	0	0	0	4.44148345547413e-05	0.00410837219631357	0.000399733510992672	0	0.00186542305129913	0.0112591605596269	0.000644015101043749	0.00126582278481013	0	0	0.00104374861203642	0	0	0.000244281590051077	0.00954918942926938	0.00117699311570064	0	8.88296691094826e-05	0.000288696424605818	0.000111037086386853	0.00182100821674439	0.0201643348878525	0.000377526093715301	0.0091494559182767	0.0365089940039973	0.0166999777925827	0.000288696424605818	0.0194981123695314	4.44148345547413e-05	0.00186542305129913	0.0154785698423273	6.66222518321119e-05	0.0016655562958028	0.011503442149678	0	0.00912724850099933	0	0	0	0.0605818343326671	0.00548523206751055	0	0.00326449033977348	0.000444148345547413	0	2.22074172773706e-05	0.00302020874972241	0.00248723073506551	0	0	0	0.0015101043748612	0.00857206306906507	0.000177659338218965	0.0252942482789252	0.000133244503664224
np0627	0.000396894163419774	0.0200962608097759	7.82608209560118e-05	0.056789405720866	0.000273912873346041	0	0.000313043283824047	0	0	0	0.447953759034932	0.015836636126313	0.00338198547702765	0.0011068316106636	0.0177428461224558	0.000150931583272309	0.000173291817831169	0	0.00153167606728195	0	3.91304104780059e-05	0.00335403518382908	0	0.00124658307665647	0.000899999440994136	0.000542235688052368	0.0008496889132367	0.00485217089927273	0.000536645629412653	0.00325341412831421	0	0.00622732532464266	0.0103248383075538	0.00646210778751069	0	0.000106211114154587	0	0.000178881876470884	0.000402484222059489	0.00829005696269754	0.00210186204853289	0.000128571348713448	4.4720469117721e-05	0	0.000575776039890658	4.4720469117721e-05	1.67701759191454e-05	0.000262732756066611	0.000765838033640973	0.0012913035457742	0.0244620966073934	4.4720469117721e-05	5.03105277574362e-05	0.000257142697426896	0.00713291482427651	0.00130248366305363	0.00632794638015753	5.59005863971513e-06	5.59005863971513e-06	5.03105277574362e-05	0	0.000508695336214077	0.000262732756066611	0.000491925160294931	0.000961490086031002	0.00955900027391287	0.000687577212684961	0.000749067857721828	0.00211304216581232	0.0169266975610574	0.00138074448400964	0.00044720469117721	0.00882670259211019	0.0368832069048404	0.000184471935110599	0.000559005863971513	0	0.000816148561398409	9.50309968751572e-05	0.0127509237571902	1.67701759191454e-05	1.11801172794303e-05	0.00256583691562924	0	0.0363633314513469	5.59005863971513e-05	9.50309968751572e-05	5.59005863971513e-05	0.15012661482819	0.0380850695123792	0	0.00234782462868035	0.00065403686084667	3.35403518382908e-05	6.70807036765816e-05	0.000346583635662338	0.000301863166544617	1.67701759191454e-05	0.000156521641912024	0	0	0.00114037196250189	0.000100621055514872	0.014992537271716	0
np0630	0.000886164216398396	0.00663896798186995	0	0.00216456505316985	0	2.90545644720786e-05	2.90545644720786e-05	0.000130745540124354	0	0.00646464059503748	0.223327909814632	0.000217909233540589	0.0004067639026091	2.90545644720786e-05	0.00531698529839038	0	0	0	0.000392236620373061	0.000290545644720786	0	0.00331222034981696	0.000101690975652275	0.021819977918531	0.00321052937416468	0.000217909233540589	0.000682782265093846	0.000392236620373061	1.45272822360393e-05	0.00652274972398164	0.0268173630077285	0.000857109651926318	0.00348654773664943	0.00287640188273578	0	0.000188854669068511	0.000116218257888314	2.90545644720786e-05	0.000246963798012668	0.19157127084665	0.000145272822360393	2.90545644720786e-05	0	0.000130745540124354	0.000348654773664943	4.35818467081178e-05	0	5.81091289441571e-05	5.81091289441571e-05	0.000929746063106514	0.00361729327677378	0.0016996920216166	0	0.000842582369690278	0.0100238247428671	0.00061014585391365	0.000842582369690278	0.000232436515776629	5.81091289441571e-05	5.81091289441571e-05	0.00020338195130455	0.000595618571677611	7.26364111801964e-05	0.0225027601836248	0.00326863850310884	0.000566564007205532	0.000116218257888314	0.000261491080248707	0.000421291184845139	0.0041402754372712	0.000784473240746121	0.00249869254459876	0.00464873031553257	0.118571677610553	0	0.000552036724969493	0.0936719158579813	0.000217909233540589	0.000421291184845139	0.00217909233540589	4.35818467081178e-05	0	0.00604334941019234	0.000828055087454239	0.0649514788773316	1.45272822360393e-05	2.90545644720786e-05	0.000174327386832471	0.0635278052181998	0.0234179789644953	1.45272822360393e-05	0.00181591027950491	0.00431460282410367	0	0.000464873031553257	0.0338630948922076	0.00268754721366727	0	0.000116218257888314	1.45272822360393e-05	0	0.00287640188273578	2.90545644720786e-05	0.0105613341856006	0
np0631	0.000727506513721111	0.0353771190742057	0.00037221263492708	0.00510946435218083	0.000422968903326227	1.69187561330491e-05	0.00111663790478124	0.000355293878794031	0.00130274422224478	5.07562683991473e-05	0.0876729942814604	0.000389131391060129	0.00162420058877271	6.76750245321964e-05	0.0390484891550773	5.07562683991473e-05	5.07562683991473e-05	0	0.000998206611849897	0.00451730788752411	0.0485060738334518	0.00150576929584137	0.00619226474469597	0.0543430446993537	0.00109971914864819	0.000338375122660982	0.000693669001455013	0.00675058369708659	0	0.0206408824823199	1.69187561330491e-05	0.000236862585862687	0.0145839677866883	0.0105234663147565	0	0.00109971914864819	0.000135350049064393	0.00428044530166142	0.00820559672452881	0.0285081040841877	0.000236862585862687	3.38375122660982e-05	0	0.000812100294386357	0.0291679355733766	0.000490643927858424	0.0075119277230738	0.000253781341995736	0	0.0182215003552939	0.00314688864074713	0.000118431292931344	0.000118431292931344	0.00074442526985416	0.0151930430074781	0.000406050147193178	0.000236862585862687	5.07562683991473e-05	0	0.00153960680810747	0.00219943829729638	0.00201333197983284	6.76750245321964e-05	0.0278821101072649	0.00263932595675566	0	0.000152268805197442	0.000169187561330491	0	0.00477108922951985	0.002757757249687	0.000625993976922817	0.00774879030893649	0.317395865056001	0	0.000219943829729638	0.0310966737725442	0.00037221263492708	0.000473725171725375	0.00560010828003925	0.000169187561330491	0	0.00448347037525801	0.0243799275877238	0.0116908604879369	3.38375122660982e-05	0.000101512536798295	1.69187561330491e-05	0.0280851351808615	0.0169864311575813	0.000152268805197442	0.00296078232328359	0.000795181538253308	0	0.000236862585862687	0.000439887659459277	0.00175955063783711	0	0.000219943829729638	0	5.07562683991473e-05	0.0206070449700538	0.000321456366527933	0.0151084492268128	0
np0632	0	0.000570224370893765	0.000471054915086153	0.0104871699516549	0	0	0.000297508367422834	0	0	0	0.4397421594149	0.000867732738316598	0.000520639642989959	0	0.0158919052931697	0.000223131275567125	0	0	0.0149993801909012	0	0	0.0043882484194868	0.00171067311268129	0.0299987603818024	0.00270236767075741	0.000198338911615223	0.000371885459278542	0.00404115532416016	0	0.00857815792735837	0.000148754183711417	0	0.00143795710921036	0.0127928597991819	0.00136358001735465	0.000123961819759514	0.000272716003470931	0	0.000223131275567125	0.0152473038304202	0	0	0	0.00295029131027644	0.000148754183711417	0.000272716003470931	0	0	0.000198338911615223	0.00158671129292178	0.00406594768811206	0.00079335564646089	0	0.00309904549398785	0.195363827940994	0	0.000694186190653279	0	0.00394198586835255	0	0	0.000371885459278542	0.000297508367422834	0.00180984256848891	0.00270236767075741	0.000272716003470931	0.000123961819759514	0.000198338911615223	0.000595016734845668	0.000942109830172307	0.00017354654766332	0.000867732738316598	0.00723937027395562	0.0615594396925747	0	4.95847279038056e-05	0.00401636296020826	0.000396677823230445	0.00017354654766332	0	4.95847279038056e-05	0	0.0128672368910376	0	0.000818148010412793	0	0	0	0.0327011280525598	4.95847279038056e-05	9.91694558076113e-05	0.00426428659972728	9.91694558076113e-05	0	4.95847279038056e-05	0.00121482583364324	0.00213214329986364	0	0	0	0.000545432006941862	0	7.43770918557084e-05	0.0824594025040288	0
np0636	0.000431341660102772	0.0426465623945088	0.001068977157646	0.0185289373991973	0.000262555793106035	0.00286935973894453	0.00221297025617944	0.000243801807884175	0.000618881512321368	0	0.347098758486178	0.000731405423652526	0.00236300213795432	0.000131277896553018	0.0242113949214208	0.000243801807884175	7.50159408874386e-05	0.000281309778327895	0.0129965117587487	0.00273808184239151	0.00114399309853344	0.00303814560594126	1.87539852218596e-05	0.033532125576685	0.00108773114286786	0.000562619556655789	0.000337571733993474	0.00530737781778628	0.000318817748771614	0.0218483927834665	0.000468849630546491	0.000281309778327895	0.00615130715276996	0.0162034432316867	0	7.50159408874386e-05	0.00054386557143393	0.000431341660102772	0.000731405423652526	0.037676756310716	0	0.000131277896553018	0	0.00118150106897716	0.00618881512321368	0.00050635760099021	0.000225047822662316	9.37699261092982e-05	0	0.000131277896553018	0.00288811372416639	0.000750159408874386	0.000206293837440456	0.00391958291136867	0.00881437305427403	0.0012565170098646	0.000187539852218596	0	0	0.000318817748771614	3.75079704437193e-05	0.000468849630546491	0.000131277896553018	0.0273995724091369	0.00256929597539477	5.62619556655789e-05	0.00052511158621207	0.000131277896553018	0.000243801807884175	0.0116462248227748	0.0203480739657177	0.00285060575372267	0.0132965755222985	0.150069389745321	0	0.000262555793106035	0.00978958028581074	0.000731405423652526	0.0181163497243164	0.0397396946851206	5.62619556655789e-05	0	0.00778290386707175	0.0113836690296688	0.0174036982858858	0.000112523911331158	0.000112523911331158	0	0.0159408874385807	0.013765425152845	1.87539852218596e-05	0.00144405686208319	0.00155658077341435	0	0.00105022317242414	0.00380705900003751	0.00285060575372267	0.000318817748771614	0.000468849630546491	0.000243801807884175	0.00159408874385807	0.00303814560594126	0.000656389482765088	0.00166910468474551	0
np0639	0	0.0185934171100452	0.00111651646861791	0.0244038599569344	0	0	0.00166338167773689	0	0	0	0.380754901849088	0.0041698472195322	0.00837387351463434	0.000148109327469723	0.0638806922402105	0.000239253528989553	0	0.000535472183928999	0.0318207193556105	0	4.55721007599148e-05	0.0206099825686715	0.0010139792419081	0.0373691226231301	0.00118487461975778	0.00132159092203753	0.000717760586968658	0.0012304467205177	0	0.00987775283971153	0.000182288403039659	0	0.00598133822473881	0.0154489421576111	0.00206213755938614	4.55721007599148e-05	0.0012304467205177	0.000751939662538594	0.000182288403039659	0.0279470907910177	0	0.000102537226709808	1.13930251899787e-05	0.00152666537545715	0.00248367949141536	0.00320144007838401	0.000239253528989553	0.000341790755699361	2.27860503799574e-05	0	0.00660795461018764	0.000410148906839233	5.69651259498935e-05	0.0146970024950725	0.00462556822713135	0.00052407915873902	0.000820297813678466	3.41790755699361e-05	0.0088751666229934	0.000820297813678466	0	0.000843083864058423	0.000102537226709808	0.00459138915156141	0.00457999612637144	0	0.000831690838868445	6.83581511398722e-05	0.000273432604559489	0.00712064074373668	0.000250646554179531	0.00209631663495608	0.0125209346837866	0.0302940539801533	0	0.00052407915873902	0.0221480409693186	0.00174313285406674	0.0137058093035444	0.00205074453419616	7.97511763298509e-05	0	0.0760142640675378	0	0.00862452006881387	2.27860503799574e-05	0.000854476889248402	0	0.0331992754035979	0.0259874904583414	0.000364576806079318	0.00477367755460107	0.000216467478609595	0	0.00017089537784968	0.00141273512355736	0.0136374511524045	0	0.000307611680129425	0	0.00201656545862623	0.00109373041823795	0.000751939662538594	0.0183541635810557	6.83581511398722e-05
np0643	0	0.0101795142555438	0.000422386483632524	0.00337909186906019	0.000506863780359029	0	0.00114044350580781	0.000760295670538543	0.000126715945089757	0	0.0745934530095037	0	0.143864836325238	0	0.0191763463569166	8.44772967265047e-05	0	0	0.000337909186906019	0	0	0.00460401267159451	0.00815205913410771	0.0260190073917635	0.00312565997888068	0.000422386483632524	0.00160506863780359	0.0109398099260824	0	0.0212882787750792	0.000380147835269271	0	0.00658922914466737	0.027117212249208	0.000168954593453009	0.0017740232312566	0.0580359028511088	0.000168954593453009	0.000844772967265047	0.0991341077085533	0	0.000253431890179514	0	0	0.00333685322069694	0.000929250263991552	0	4.22386483632524e-05	0	0.000971488912354805	0.00946145723336853	0.000844772967265047	8.44772967265047e-05	0.0152481520591341	0.00502639915522703	0.000295670538542767	0.00143611404435058	0.00236536430834213	0	0.000464625131995776	0	0.0114466737064414	0.000506863780359029	0.0161351636747624	0.00181626187961985	0	4.22386483632524e-05	0	0.000126715945089757	0.000464625131995776	0.067286166842661	0.00228088701161563	0.00126715945089757	0.111974656810982	0	0.000971488912354805	0.0375079197465681	0.00126715945089757	4.22386483632524e-05	0.00916578669482577	0.000253431890179514	4.22386483632524e-05	0.0140232312565998	0	0.0008870116156283	4.22386483632524e-05	0.000126715945089757	0	0.0313833157338965	0.00464625131995776	0.000295670538542767	0.00371700105596621	0.000295670538542767	0	0	0.00359028511087645	0.0155438225976769	0	0	0	0.00130939809926082	0.00253431890179514	0	0.0930939809926082	0.000211193241816262
np0645	0.0266589950134254	0.0601585475003197	0	0.00102288709883647	0.000255721774709117	0	0	0.000191791331031837	0	0	0.0270425776754891	6.39304436772791e-05	0.000319652218386396	0	0.00070323488045007	0.000191791331031837	0	0	6.39304436772791e-05	0	0.000191791331031837	0.000319652218386396	0.000383582662063675	0.00204577419767293	6.39304436772791e-05	0.000895026211481908	0.00210970464135021	0.00217363508502749	0	0.00210970464135021	0	0	0.102480501214678	0.000319652218386396	0	0.00345224395857307	0	0	0	0.00421940928270042	0.000319652218386396	0.000383582662063675	0	0	0	0	0	0.000255721774709117	0	0.000191791331031837	0.00594553126198696	0.000127860887354558	0	6.39304436772791e-05	0.0061373225930188	0.0012146784298683	0.000447513105740954	0.000255721774709117	0	0.000639304436772791	0	0	0	0.00255721774709116	0.00517836593785961	0	6.39304436772791e-05	0	0	0.000191791331031837	0.00684055747346887	0	0.00658483569875975	0.0932745173251502	0	0	0	0.000319652218386396	0.00166219153560926	0.00198184375399565	0	0	0.000958956655159187	0.571026722925457	0.00383582662063675	0	0	0	0.0249968034778161	0.0244214294847206	0	0.000127860887354558	0	0.000127860887354558	0	0.000511443549418233	0.000575373993095512	0	0	0	0.000319652218386396	0.000127860887354558	0	0.000895026211481908	0
np0651	0.00234558248631744	0.00801407349491791	0	0.000418854015413828	0.000530548419524182	0	0	0.000251312409248297	0	0	0.00597565061990394	2.79236010275885e-05	0.000363006813358651	2.79236010275885e-05	0.00435608176030381	0	0	0	0.000167541606165531	0.000390930414386239	0	0.000726013626717301	0	0.00460739416955211	0.000446777616441416	0.000139618005137943	0.000390930414386239	0.00108902044007595	0	0.0123980788562493	0.000335083212331062	0	0.0121188428459734	0.00617111582709706	0	0	0	0	0.000335083212331062	0.261309058416173	2.79236010275885e-05	0.000390930414386239	0	5.5847202055177e-05	5.5847202055177e-05	0.000167541606165531	5.5847202055177e-05	0	0	0	0.00390930414386239	0.0157489109795599	0	0.00720428906511784	0.000642242823634536	0.000809784429800067	0	0.000390930414386239	0	0.000111694404110354	0.00337875572433821	0.000474701217469005	2.79236010275885e-05	0.00337875572433821	0.000446777616441416	0	5.5847202055177e-05	2.79236010275885e-05	0	0.00055847202055177	0.000251312409248297	0.000502624818496593	0.00418854015413828	0.502820283703786	0	0.000167541606165531	0.0151625153579806	0.000363006813358651	0.000390930414386239	0.00198257567295878	0.00122863844521389	0	0.0175918686473808	0.000223388808220708	0.00226181168323467	0.000111694404110354	0.000139618005137943	0.000111694404110354	0.0285658438512231	0.00957779515246286	0	2.79236010275885e-05	0.000446777616441416	0	0.000390930414386239	0.0296269406902714	0.00999664916787669	0	0	0	0	0.00228973528426226	0	0.010722662794594	0
np0652	0	0.00315139291566873	0.0148745745619564	0.117357872179503	0.000126055716626749	0	0.00327744863229547	0.00605067439808395	0.000504222866506996	0	0.114458590697088	0.00340350434892222	0.0214294718265473	0.000126055716626749	0.037690659271398	0	0.000126055716626749	0.000252111433253498	0.0127316273793017	0	0	0.0205470818101601	0	0.0417244422034539	0.00226900289928148	0.000630278583133745	0.000252111433253498	0.0128576830959284	0	0.0365561578217572	0.000756334299760494	0	0.0059246186814572	0.0282364805243918	0	0	0.00907601159712593	0.000882390016387243	0.00100844573301399	0.0737425942266482	0	0	0	0	0.0064288415479642	0.00365561578217572	0.000630278583133745	0	0	0.000126055716626749	0.00352956006554897	0.00289928148241523	0.000630278583133745	0.00756334299760494	0.00504222866506996	0.000882390016387243	0.000126055716626749	0	0	0.00113450144964074	0	0.0151266859952099	0.000756334299760494	0.0150006302785831	0.00831967729736544	0	0.00252111433253498	0	0.000126055716626749	0.0059246186814572	0.0069330644144712	0.00441195008193622	0.00226900289928148	0.117988150762637	0	0.00113450144964074	0.0308836505735535	0.00453800579856297	0.0185301903441321	0.0344132106391025	0.000252111433253498	0.000378167149880247	0.0194125803605193	0	0.00504222866506996	0	0.000630278583133745	0	0.0180259674776251	0.00226900289928148	0.000378167149880247	0.00403378293205597	0.00252111433253498	0	0.000882390016387243	0.0172696331778646	0.0221858061263078	0	0.000882390016387243	0	0	0.00214294718265473	0.00176478003277449	0.027101979074751	0.00327744863229547
np0653	0	0.0766264962958477	0	0.000928561335513434	0.000767072407598054	0	0.0125153919134419	0	0	0	0.107147903671855	0.000444094551767294	0.0475383031550899	0	0.0305617796079856	0.000343163971820182	0	0	0	0	0	0.000585397363693252	4.0372231978845e-05	0	0	2.01861159894225e-05	0.00024223339187307	0.00801388804780072	0.00024223339187307	0.00694402390036133	0	0	0.000100930579947112	0.00385554815397969	2.01861159894225e-05	8.07444639576899e-05	0	4.0372231978845e-05	0.000423908435777872	0.0602757423444155	0	2.01861159894225e-05	0	0	0.000868002987545166	0.0150790286440986	0	0	0	6.05583479682674e-05	0.0039564787339268	0.000201861159894225	6.05583479682674e-05	0	6.05583479682674e-05	0	0	0.000706514059629787	0	6.05583479682674e-05	0	0	0	0	0.000201861159894225	0	6.05583479682674e-05	0.000100930579947112	0	0.000868002987545166	0.00401703708189507	0.000222047275883647	0.00123135307535477	0.56868325965401	0	0	0	0	0.00954803286299683	0.000262419507862492	0.00662104604453057	0	0.00882133268737762	0	0.00349219806617009	0	0	0	0.00240214780274127	0.00246270615070954	0	0	0	0	0.000121116695936535	0	0.00785239911988534	0	6.05583479682674e-05	0	0	0.00167544762712207	0.00189749490300571	0.000565211247703829	0
np0660	0.00298476472267643	0.0218796231410107	0.00532066754911885	0.0281086973448571	0.00381530794985595	0.000155726855096161	0.0635106024033845	0	0.00334812738456747	0	0.0790313789613019	0.00210231254379818	0.0747748449220068	0.000181681330945522	0.0699992213657245	0.00425653403929508	0	0.00589166601780477	0.00454203327363804	0	0.00116795141322121	0.00529471307326949	0	0.0108749253808819	0.000363362661891043	0.00555425783176309	0.000752679799631446	0.0045679877494874	0	0.0179085883360586	0.000129772379246801	0.000181681330945522	0.0113940148978691	0.0363362661891043	0.000181681330945522	0.000726725323782086	0	0.00218017597134626	0.00781229723065743	0.189260037893535	0	5.19089516987204e-05	0	0	0.00586571154195541	0.00121986036491993	0.000441226089439124	0.000648861896234006	0.000155726855096161	0.00134963274416673	0.00934361130576968	0.00490539593552908	0.000804588751330167	0.00345194528796491	0.00773443380310935	0.00682602714838174	0.00147940512341353	0.027952970489761	7.78634275480807e-05	0.000700770847932726	0	0	0.00155726855096161	0.00352980871551299	0.00324430948117003	0	0.0024137662539905	0.000752679799631446	0.000415271613589764	0.0071115263827247	0.00150535959926289	0.00140154169586545	0.00397103480495211	0.00975888291935944	0.00223208492304498	0.000441226089439124	0.00147940512341353	0.00615121077629837	0.00638480105894261	0.0484050974590568	0.000285499234342962	0.000648861896234006	0.0548677619455475	0	0.00807184198915103	0.000622907420384645	0.00150535959926289	0.000129772379246801	0.018946767370033	0.00809779646500039	0	0.00246567520568922	0.000700770847932726	0.000103817903397441	0.00225803939889434	0.0145345064756417	0.0232552103610268	0.00277712891588154	0.0052168496457214	0.000207635806794882	0.000856497703028887	0.00181681330945522	0.00903215759557736	0.00524280412157076	0
np0664	0	0.0112542203326247	0.0041890709015881	0.0337626609978742	0.000812804801800675	0	0.00275103163686382	0.00606477429035888	6.25234462923596e-05	0	0.0787795423283731	0.000437664124046517	0.0812804801800675	0.000375140677754158	0.0406402400900338	0.000125046892584719	0.000500187570338877	0	0.0268225584594223	0	0.000625234462923596	0.00869075903463799	0.00143803926472427	0.0435788420657747	0.000187570338877079	0.000625234462923596	0.00212579717394023	0.0188195573340003	0	0.0290108790796549	0.000437664124046517	0	0.00750281355508316	0.0215080655245717	0	0	0.00537701638114293	0.000250093785169439	0	0.130173815180693	0	0.000187570338877079	0	0	0.00737776666249844	0.00225084406652495	0	0	0	0.000750281355508316	0.00568963361260473	0.00187570338877079	0.000437664124046517	0.0127547830436414	0.00587720395148181	0.000625234462923596	0.000625234462923596	0.000125046892584719	0	0.000625234462923596	0	0.0146930098787045	0.000625234462923596	0.0118794547955483	0.0026259847442791	0	0.000750281355508316	0	6.25234462923596e-05	0.00225084406652495	0.0203826434913092	0.00493935225709641	0.00275103163686382	0.104289108415656	0	0.000625234462923596	0.0550831561835688	0.00231336751281731	0.00587720395148181	0.0438289358509441	0	0	0.0316993872702263	0	0.00212579717394023	0	0.000375140677754158	0.000250093785169439	0.0212579717394023	0.00750281355508316	0.000375140677754158	0.00412654745529574	0.000562711016631237	0	0.000125046892584719	0.0348880830311367	0.00862823558834563	0	0	0	0.00343878954607978	0.0029386019757409	0.000375140677754158	0.010253845191947	0.000687757909215956
np0665	0	0.0128884407370061	0.00157667980566505	0.010780089834082	0.00768173068108901	0	0.000165001375011458	7.33339444495371e-05	0.000861673847282061	0	0.0509487579063159	0.000476670638921991	0.0290585754881291	0.000110000916674306	0.0189568246402053	0	0.00012833440278669	3.66669722247685e-05	0.00375836465303878	0	0.000165001375011458	0.00177834815290127	0.00183334861123843	0.0215418461820515	3.66669722247685e-05	0.000183334861123843	0.000458337152809607	0.00999174993124943	0	0.0239618663488862	0.000201668347236227	0	0.00707672563938033	0.0196534971124759	0.00025666880557338	0.00416170134751123	0.000550004583371528	0.000146667888899074	0.00132001100009167	0.0709505912549271	0	3.66669722247685e-05	0	0	0.00225501879182327	0.000311669263910533	0	0	0	0.024475203960033	0.00797506645888716	0.00236501970849757	5.50004583371528e-05	0.00493170776423137	0.00309835915299294	0.000330002750022917	0.000146667888899074	0.0023283527362728	0	0.000293335777798148	0	0.00482170684755706	0.00113667613896782	0.00449170409753415	0.00243835365294711	0	0.000440003666697223	9.16674305619214e-05	0.000311669263910533	0.00289669080575671	0.00553671280594005	0.0161518012650105	0.0143917865982217	0.234338619488496	0	0.0010450087084059	0.214960124667706	0.000898340819506829	0.00108167568063067	0.0265102209185077	0.000201668347236227	0	0.0247502062517188	0	0.00141167843065359	0	0.00012833440278669	5.50004583371528e-05	0.0273168943074526	0.0350352919607663	0.000110000916674306	0.00249335411128426	1.83334861123843e-05	0	3.66669722247685e-05	0.0140434503620864	0.00159501329177743	0	0	0	0.00117334311119259	0.00782839856998808	0.000146667888899074	0.00159501329177743	0.000146667888899074
np0667	0.000210472159210496	0.0102195926194429	0.00133299034166647	0.0670470756062767	0.000561259091227988	0	0.00268936647880078	0	7.01573864034985e-05	0	0.154276092701293	0.00144991931900564	0.00168377727368396	0.000140314772806997	0.0436145085475082	0.000257243750146161	9.35431818713314e-05	0	0	0	0.00116928977339164	0.000654802273099319	0	0.000935431818713314	2.33857954678328e-05	0.00152007670540913	0.00173054886461963	0.00385865625219242	9.35431818713314e-05	0.014966909099413	0	0	0.0165571431912256	0.0213512312621314	0	0.000140314772806997	0	0.000116928977339164	7.01573864034985e-05	0.0646851102640256	0	0.00016370056827483	2.33857954678328e-05	0.000187086363742663	0.00166039147821613	0.00032740113654966	0	0.00049110170482449	9.35431818713314e-05	0	0.0047005448890344	2.33857954678328e-05	0.000187086363742663	0.00126283295526297	0.0121606136432731	0.000187086363742663	0	0	0	0.000257243750146161	0	0.000444330113888824	0.00016370056827483	0.00130960454619864	0.00212810738757279	4.67715909356657e-05	0.000701573864034985	9.35431818713314e-05	0.000514487500292322	0.00858258693669465	0.0153176960314305	0.000537873295760155	0.0110848670517528	0.170505834755969	0	0	0	0.000701573864034985	0.00979864830102196	0.0115291971656416	2.33857954678328e-05	0	0.00154346250087697	0.297022988236945	0.00549566193494072	0.000537873295760155	0.000280629545613994	0	0.00682865227660719	0.00993896307382896	0	0.000982203409648979	0	0	0	0.000608030682163654	0.0046303875026309	0	0.000187086363742663	9.35431818713314e-05	0.00191763522836229	0.00152007670540913	0.000280629545613994	0.00140314772806997	0
np0668	0	0.00211457131872357	0.000144175317185698	0.0144175317185698	0.00173010380622837	0.000192233756247597	0.000865051903114187	0.00110534409842368	0.00067281814686659	0	0.449682814302191	0.00278738946559016	0.00192233756247597	0.000288350634371396	0.0221068819684737	0.000528642829680892	0	0	0.000288350634371396	0	0.000624759707804691	0.00326797385620915	4.80584390618993e-05	0.00163398692810458	0.000192233756247597	0.000624759707804691	0.00105728565936178	0.00605536332179931	0.000192233756247597	0.0543060361399462	0	0.0196078431372549	0.0217224144559785	0.0134563629373318	0	0.00273933102652826	0	0.000384467512495194	0.00067281814686659	0.0185024990388312	0.000576701268742791	0	0.000432525951557093	0	0.000816993464052288	0	0	9.61168781237985e-05	0.000240292195309496	0	0.00773740868896578	0.00576701268742791	9.61168781237985e-05	0.00499807766243752	0.0458958093041138	0.00192233756247597	0.00216262975778547	0.00744905805459439	0	0.000384467512495194	0	0	0.00153787004998078	0.00523836985774702	0.00475778546712803	0	0.000720876585928489	0	0	0.0063917723952326	0.0275374855824683	0.010957324106113	0.00139369473279508	9.61168781237985e-05	0.0232602845059592	0	0.030036524413687	0.000432525951557093	0.000336409073433295	0.017156862745098	9.61168781237985e-05	0	0.00845828527489427	0	0.012879661668589	0	0.000144175317185698	0.00067281814686659	0.0543540945790081	0.0288350634371396	0	0.00158592848904268	0.000288350634371396	9.61168781237985e-05	0.00307574009996155	0.000961168781237985	0.00490196078431373	0.000576701268742791	0.000192233756247597	0	0.00740099961553249	0.00100922722029988	0.000144175317185698	0.021962706651288	0
np0669	0	0.00289403383793411	0.0106856634016028	0.0937221727515583	0.000222617987533393	0	0.00222617987533393	0.00289403383793411	0	0	0.144479073909172	0.00267141585040071	0.0213713268032057	0.00133570792520036	0.0293855743544078	0	0.00155832591273375	0.000222617987533393	0.0142475512021371	0	0.000222617987533393	0.0129118432769368	0	0.0572128227960819	0.00222617987533393	0.000222617987533393	0.000890471950133571	0.0115761353517364	0.000445235975066785	0.0293855743544078	0.00111308993766696	0	0.00489759572573464	0.0242653606411398	0	0	0.00489759572573464	0.000445235975066785	0.00111308993766696	0.0565449688334817	0	0	0	0	0.00445235975066785	0.00534283170080142	0	0	0	0	0.00534283170080142	0.00422974176313446	0.000890471950133571	0.00645592163846839	0.00400712377560107	0.00178094390026714	0.000222617987533393	0	0	0.00244879786286732	0	0.0146927871772039	0.000667853962600178	0.0162511130899377	0.00690115761353517	0	0.00267141585040071	0	0	0.0060106856634016	0.0117987533392698	0.0031166518254675	0.00578806767586821	0.124443455031167	0	0.00222617987533393	0.0485307212822796	0.00445235975066785	0.0224844167408727	0.0483081032947462	0	0.000445235975066785	0.0155832591273375	0	0.00534283170080142	0.000222617987533393	0.000445235975066785	0.000222617987533393	0.0262689225289403	0.00512021371326803	0.000667853962600178	0.00445235975066785	0.00133570792520036	0	0.00133570792520036	0.0138023152270703	0.0102404274265361	0	0	0	0.00178094390026714	0.00244879786286732	0.00111308993766696	0.0180320569902048	0.00133570792520036
np0672	0	0.00169974680854831	0	0.0527541210007259	0.000557729421554914	0	0.000867579100196533	0	0.000318702526602808	0	0.690796579259548	0.000123939871456648	0.000115087023495458	3.54113918447565e-05	0.0287363444820199	0.00039837815825351	0	0	0	0	0	1.77056959223782e-05	0	0.00107119460330388	0	3.54113918447565e-05	5.31170877671347e-05	0.00285946989146408	0.000177056959223782	0.00565696984719984	0	0	4.42642398059456e-05	0.0100745409798332	0	0.000185909807184971	0	7.08227836895129e-05	0.000150498415340215	0.0139786469307176	0	0	5.31170877671347e-05	0	0.0124028399936259	0	0	1.77056959223782e-05	0	0.000973813275730803	0.00069937498893394	0.000168204111262593	8.85284796118912e-06	0.0014607199135962	0.0114555852617787	0.00436445404486623	0	9.73813275730803e-05	0	6.19699357283238e-05	0	0	0.000513465181748969	0	0.000106234175534269	0	0.000779050620584642	0.00177942244019901	0.000221321199029728	0.0141999681297473	0	0.000212468351068539	0.00195647939942279	4.42642398059456e-05	0	0	0	0	0.00039837815825351	0.0688751571380513	0	8.85284796118912e-06	0.00282405849961933	0	0.0198834965208308	0	1.77056959223782e-05	0	0.0138724127551833	0.0256378476956037	1.77056959223782e-05	8.85284796118912e-06	0	1.77056959223782e-05	1.77056959223782e-05	0.000389525310292321	0.000708227836895129	0	8.85284796118911e-05	8.85284796118912e-06	0.0013810442819455	0.000132792719417837	0.00318702526602808	0.000168204111262593	0
np0674	0.000523752160477662	0.048394699628136	0.00167600691352852	0.0243282878541874	0.000157125648143299	0.00246163515424501	0.00149269365736134	0.000576127376525428	0.00109987953700309	2.61876080238831e-05	0.371890221547164	0.00133556800921804	0.00240925993819725	0.000235688472214948	0.0165243806630702	0.000235688472214948	0.000130938040119415	0.000445189336406013	0.0120724872990101	0.00345676425915257	0.000654690200597077	0.0032472633949615	0	0.0280993034096266	0.00193788299376735	0.000890378672812025	0.000314251296286597	0.00329963861100927	0.000707065416644844	0.0193526423296496	0.000523752160477662	0.000549939768501545	0.00416382967579741	0.0166291310951658	2.61876080238831e-05	0.000314251296286597	0.00115225475305086	0.000183313256167182	0.000445189336406013	0.0245901639344262	0	0	0	0.000680877808620961	0.00167600691352852	0.000366626512334363	0.000130938040119415	0.000261876080238831	2.61876080238831e-05	0	0.00288063688262714	0.000471376944429896	0.000209500864191065	0.00199025820981512	0.0117320483946996	0.000680877808620961	0.000288063688262714	0	0	0.000235688472214948	0.000235688472214948	0.000707065416644844	0.000288063688262714	0.0469543811868224	0.00175456973760017	2.61876080238831e-05	0.000497564552453779	0.00034043890431048	0.000130938040119415	0.0158173152464254	0.0162363169748075	0.00214738385795841	0.0124653014193684	0.154218823652648	0	0.000314251296286597	0.00866809825590531	0.000811815848740376	0.0146650604933745	0.0196668936259362	0	0	0.00620646310166029	0.00539464725291992	0.0143769968051118	7.85628240716493e-05	0.000209500864191065	0	0.0176766354161211	0.0228094065888022	2.61876080238831e-05	0.00130938040119415	0.00175456973760017	0	0.000838003456764259	0.00513277117268109	0.00343057665112869	0.000523752160477662	0.000523752160477662	5.23752160477662e-05	0.00112606714502697	0.00146650604933745	0.000445189336406013	0.00248782276226889	0
np0676	0.00207446227754122	0.00255486406812971	0.0010117552862394	0.00600502238235615	0.0165593041452851	7.27881500891655e-06	0.0032099574189322	0	2.91152600356662e-05	0	0.0266113476725989	0.000349383120427994	0.198347708992976	0.000167412745205081	0.0210794482658223	0.000858900171052153	0	0.00021108563525858	0.000582305200713324	0	0.00058958401572224	0.00210357753757688	0.000393056010481494	0.00040033482549041	0	0.00152127233686356	0.000480401790588492	0.00566291807693708	0	0.00850165593041453	1.45576300178331e-05	0.000167412745205081	0.00173963678713106	0.0122648032900244	0.0011864468464534	0.00213997161262147	0	0.00018924919023183	0.000480401790588492	0.0650580485496961	0	2.18364450267496e-05	2.91152600356662e-05	0	0.000946245951159151	0.000152855115187248	0	0.000262037340320996	5.82305200713324e-05	0.00323179386395895	0.00161589693197947	0.00148487826181898	0.000429450085526076	0.000327546675401245	0.000407613640499327	0.00104814936128398	0.000225643265276413	0.415736798049278	0	0.000240200895294246	0	0	0.000378498380463661	0.000298431415365579	0.0010117552862394	0	0.00021108563525858	8.0066965098082e-05	1.45576300178331e-05	0.00125923499654256	8.0066965098082e-05	0.00122284092149798	0.0029915929686647	0.0145867452778688	0.000640535720784656	0	0.000174691560213997	0.00230738435782655	0.000567747570695491	0.00363940750445827	3.63940750445827e-05	0.114830585580667	0.0178622120318812	0	0.000829784911016487	0.000349383120427994	0.00063325690577574	0	0.00679841321832806	0.00109182225133748	0	0.000312989045383412	0	0	0.000152855115187248	0.00500054591112567	0.0116097099392219	1.45576300178331e-05	0.000131018670160498	7.27881500891655e-06	2.18364450267496e-05	0.000385777195472577	0.00133202314663173	0.000349383120427994	1.45576300178331e-05
np0677	0	0.00959046137895283	0	0.012182477967859	0.00259201658890617	0	0.00336962156557802	0.00233281493001555	0.00181441161223432	0	0.120787973043027	0.000777604976671851	0.175997926386729	0	0.0251425609123898	0.000259201658890617	0	0	0.00414722654224987	0	0.00129600829445308	0.00984966303784344	0.00596163815448419	0.0165889061689995	0	0.00103680663556247	0.00259201658890617	0.0316226023846553	0	0.0196993260756869	0.000259201658890617	0	0.00207361327112494	0.0238465526179368	0.000518403317781234	0.00362882322446864	0.00725764644893727	0	0	0.0759460860549507	0	0	0	0	0.00285121824779679	0.00259201658890617	0	0	0	0.000259201658890617	0.012182477967859	0.0015552099533437	0	0.0184033177812338	0.00207361327112494	0.00103680663556247	0.0015552099533437	0.0134784862623121	0	0	0	0.0254017625712805	0	0.012182477967859	0.00129600829445308	0.000518403317781234	0	0.000259201658890617	0	0.000518403317781234	0.0539139450492483	0.00544323483670296	0.00622083981337481	0.0712804561949196	0	0.000518403317781234	0.0510627268014515	0.00285121824779679	0.000259201658890617	0.0207361327112494	0	0	0.0264385692068429	0	0.00129600829445308	0	0	0	0.017625712804562	0.00570243649559357	0	0.00648004147226542	0	0	0	0.0300673924313116	0.017625712804562	0	0	0	0.00233281493001555	0.00259201658890617	0	0.0165889061689995	0.00362882322446864
np0682	0	0.0012154285005581	0	0.0209599404688081	0	0	0.000272851296043656	0	4.9609326553392e-05	0	0.370804911323329	0.00012402331638348	0.00205878705196577	0	0.0181570135185415	0	0	0	0.00915292074910083	0	0	0.0164206870891728	0.000545702592087312	0.00568026789036339	0.00240605233783951	0.000471288602257224	0.000272851296043656	0.000744139898300881	0	0.00595311918640704	0.00183554508247551	0	0.000843358551407665	0.00818553888130969	0.00233163834800943	9.92186531067841e-05	0.0012154285005581	0.000148827979660176	9.92186531067841e-05	0.0212824010914052	0	0	0	0.000694530571747488	2.4804663276696e-05	0.000272851296043656	0	0.00012402331638348	0	0.000396874612427136	0.0081111248914796	0.000421679275703832	0	0.00404316011410145	0.0856256976311547	0.00012402331638348	0.0012650378271115	9.92186531067841e-05	0.00565546322708669	0	0	0.00379511348133449	7.44139898300881e-05	0.00607714250279052	0.000942577204514449	0.000446483938980528	0	0.000396874612427136	0.00109140518417462	0.0012154285005581	0	0.00158749844970855	0.0108396378519162	0.0228202902145603	0	0.00049609326553392	0.0211583777750217	0.000545702592087312	0.00895448344288726	0	0	0	0.00726776634007193	0	0.00114101451072802	0	0.000396874612427136	0	0.0318987969738311	0.00200917772541238	0.000272851296043656	0.00816073421803299	0.000868163214684361	0	0	0.00265409897060647	0.00290214560337343	0	0	0	4.9609326553392e-05	0.000198437306213568	7.44139898300881e-05	0.26230931415106	0.00116581917400471
np0683	0.00478468899521531	0.00398724082934609	0	0.000797448165869219	0.00797448165869218	0	0.134768740031898	0	0	0	0.0586124401913876	0	0.363237639553429	0	0.069377990430622	0	0	0	0.0103668261562998	0	0.00318979266347687	0	0.00358851674641148	0.00159489633173844	0	0.000797448165869219	0	0.0426634768740032	0	0.0307017543859649	0	0	0	0.0103668261562998	0	0.0111642743221691	0	0	0	0.0087719298245614	0	0	0	0.00119617224880383	0.0223285486443381	0	0	0.00119617224880383	0	0	0.00119617224880383	0.00478468899521531	0	0.000398724082934609	0.00119617224880383	0	0	0.0426634768740032	0.00318979266347687	0	0	0.00239234449760766	0.00159489633173844	0.00318979266347687	0.000398724082934609	0	0	0	0	0.00159489633173844	0.00398724082934609	0	0	0.0817384370015949	0.00279106858054226	0	0.00279106858054226	0.000797448165869219	0	0.00398724082934609	0	0	0.0111642743221691	0	0	0	0	0	0.00398724082934609	0	0	0	0	0.0179425837320574	0	0.0087719298245614	0	0	0.000398724082934609	0	0	0.00478468899521531	0	0.00279106858054226	0
np0685	0	0.0140714640646881	0.00110674436463839	0.0141166373040611	0.00160364999774134	0	0.000745358449654425	0.000655011970908434	0.000745358449654425	0	0.0911370104350183	0.00110674436463839	0.0718254506030628	0.000406559154356959	0.0148619957537155	0.000203279577178479	0	0	0.00621132041378687	0	0.000722771829967927	0.00257487464426074	0.00551113520350544	0.0235126710936441	0.00029362605592447	0.000338799295297466	0.00137778380087636	0.0123548809685143	0	0.0194922527894475	0.000135519718118986	0	0.0105253647739079	0.0173239372995438	0.000158106337805484	0.000338799295297466	0.00169399647648733	6.77598590594932e-05	0.000745358449654425	0.0842932646700095	2.25866196864977e-05	0.000316212675610968	0	0	0.00110674436463839	0.000587252111848941	0	0	0	0.0177982563129602	0.00849256900212314	0.00252970140488774	0.000112933098432489	0.00444956407824005	0.00225866196864977	0.00106157112526539	0.000677598590594932	0.00503681619008899	0	0.000225866196864977	0	0.00607580069566789	0.0010163978858924	0.00512716266883498	0.00142295704024936	0	0.000542078872475945	0.000180692957491982	0.0010163978858924	0.00219090210959028	0.0178886027917062	0.0217735013777838	0.00765686407372273	0.218886931381849	0	0.000474319013416452	0.111781180828477	0.00180692957491982	0.00271039436237973	0.0355965126259204	0.000180692957491982	0	0.0346478745990875	0	0.00451732393729954	2.25866196864977e-05	0.000406559154356959	0	0.015336314767132	0.024416135881104	0.000429145774043457	0.000609838731535438	0.000135519718118986	0	0	0.0182725753263767	0.00781497041152821	0	0	0	0.00241676830645526	0.00322988661516917	4.51732393729954e-05	0.00636942675159236	6.77598590594932e-05
np0687	0.00664266010226382	0.2148955783499	0.000151911145789817	0.00171245291617612	0.000731935520623664	0	0.000200246510359304	1.0357578122033e-05	3.45252604067766e-06	0.000897656770576192	0.0388236553274203	8.97656770576192e-05	0.0524887533964225	3.45252604067766e-05	0.0330268641051225	5.86929426915202e-05	1.0357578122033e-05	0	0.000455733437369451	0.00172281049429815	0.00152601650997953	0.000870036562250771	5.52404166508426e-05	0.0701967594590582	0.000749198150827053	0.000638717317525367	0.000542046588386393	0.00297952997310482	1.38101041627106e-05	0.0103265053876669	1.72626302033883e-05	0.000120838411423718	0.00421208176962675	0.0103782932782771	3.45252604067766e-06	0.000876941614332126	0.000231319244725403	0.000314179869701667	0.000110480833301685	0.0107649761948329	2.76202083254213e-05	0.00020715156244066	0	0.000331442499905056	0.00848630900798569	4.83353645694873e-05	0.00234426518162013	0.000110480833301685	0	1.38101041627106e-05	0.00852428679443315	1.0357578122033e-05	0.000245129348888114	0.00149839630165411	0.00147422861936936	3.79777864474543e-05	4.48828385288096e-05	0.00707767838338921	2.41676822847436e-05	0.00135684273398632	0.0148631246051173	0.00134303262982361	6.90505208135532e-06	0.00822046450285351	0.00510283348812158	1.38101041627106e-05	6.21454687321979e-05	0.000179531354115238	0.000863131510169415	0.00188507921821	0.000182983880155916	0.000642169843566045	0.0222722454884116	0.289269894318178	0	6.21454687321979e-05	0.0367176144426069	0.00069395773417621	0.000217509140562693	0.00283452387939636	0.000182983880155916	0	0.0260976443414824	0.00239260054618962	0.00493365971212838	5.52404166508426e-05	0.000248581874928792	0	0.0194066488746491	0.0238914802014894	0.000452280911328774	0.000466091015491484	0.000359062708230477	0.00915955158591784	0.000776818359152474	0.000134648515586429	0.00728828247187054	1.38101041627106e-05	1.38101041627106e-05	0	0	0.00468853036324026	2.0715156244066e-05	0.0152359974175105	0
np0688	0	0.0128356717091069	0.000694808440094104	0.021782854078038	0.000268171678632812	0	0.00474176286309836	0.000121896217560369	9.75169740482953e-05	0	0.163828516401136	0.00130428952789595	0.00132866877140802	0.000207223569852627	0.0414325243487695	0.000243792435120738	6.09481087801846e-05	0.00207223569852627	0.0328632202542755	0	0.00134085839316406	0.00206004607677024	0.000536343357265624	0.00425417799285688	4.87584870241476e-05	0.000280361300388849	0.000646049953069956	0.000853273522922584	0.000402257517949218	0.0121408632690128	0	0.000121896217560369	0.0114582444506747	0.0236112973414435	0	0	0.0022794592683789	0.000195033948096591	0.000390067896193181	0.0404329753647744	0	3.65688652681107e-05	3.65688652681107e-05	0.000402257517949218	0.00572912222533735	0	0.000146275461072443	0.000402257517949218	0	0.000341309409169033	0.00252325170349964	0.0010239282275071	0.000219413191608664	0.00603386276923827	0.00781354754561966	0.00308397430427734	6.09481087801846e-05	6.09481087801846e-05	9.75169740482953e-05	0.000304740543900923	0	8.53273522922584e-05	0.000219413191608664	0.00136523763667613	0.00380316198788352	1.21896217560369e-05	0.00168216780233309	0.000207223569852627	0.000134085839316406	0.0202591513585333	0.0391652547021466	0.00277923376037642	0.00341309409169033	0.347806477565001	0.0011214452015554	0	1.21896217560369e-05	0.000231602813364701	0.00719187683606178	0.100930068139986	1.21896217560369e-05	0	0.00847178712044565	0	0.00814266733303266	0	2.43792435120738e-05	2.43792435120738e-05	0.00692370515742897	0.00952009459146483	0	0.000633860331313919	0.0017187366676012	0	0.000950790496970879	0.00530248546387606	0.00669210234406426	0.000121896217560369	0.0015846508282848	1.21896217560369e-05	0.00119458293209162	0.00106049709277521	0.00101173860575106	0.00292550922144886	0
np0690	0	0.0089212337244418	0.00362889251943166	0.029318283083321	0.00342591217386999	0	0.000495074013565028	0.00120302985296302	0.000247537006782514	0	0.124055646319125	0.00112381801079261	0.020045546809248	0.000381206990445072	0.0196049309371751	8.41625823060548e-05	0.000212881825832962	9.90148027130056e-06	0.00903510074756176	0	0.000504975493836329	0.00322788256844398	0.000490123273429378	0.0244467547898411	0.000198029605426011	0.000202980345561661	0.000910936184959651	0.00859943561562454	4.45566612208525e-05	0.0280954502698153	0.000222783306104263	3.4655180949552e-05	0.00660923808109312	0.020228724194267	0.000475271053022427	0.00108421208970741	0.00179711866924105	0.000123768503391257	0.00305955740383187	0.0687509282637754	0	2.97044408139017e-05	0	0	0.00151492648150899	0.000608941036684984	3.96059210852022e-05	4.95074013565028e-06	1.98029605426011e-05	0.0121441655527501	0.0069904450715382	0.00192583791276796	8.9113322441705e-05	0.00639635625526016	0.00593593742264469	0.00052477845437893	0.000242586266646864	0.00246051784741819	9.90148027130056e-06	0.000450517352344175	0	0.00342591217386999	0.000811921382246646	0.010262884301203	0.00313876924600228	1.98029605426011e-05	0.000722808059804941	0.000123768503391257	0.000673300658448438	0.00552007525125006	0.0229268775681964	0.0214416555275014	0.015104708153869	0.147437991979801	0	0.0025892370909451	0.15896826575573	0.000925788405366602	0.00600029704440814	0.0312342195158176	0.000108916282984306	0	0.0278182088222189	0	0.00336155255210654	1.48522204069508e-05	0.00017822664488341	4.95074013565028e-05	0.0313678894994802	0.0304767562750631	0.000128719243526907	0.00498044457646418	0.000306945888410317	0	1.98029605426011e-05	0.0236298826674588	0.00236645378484083	0	7.42611020347542e-05	0	0.00370315362146641	0.0018218723699193	0.000193078865290361	0.00742115946333977	0.00036140402990247
np0691	0.000135795763172189	0.00616900752696516	0	0.00645999844804842	0.000155195157911073	0	0.00176534492123846	0.000174594552649957	7.75975789555366e-05	0.00645999844804842	0.35256459998448	0.000116396368433305	0.000426786684255451	0.000174594552649957	0.0135795763172189	7.75975789555366e-05	0	3.87987894777683e-05	0.00234732676340498	0.00529603476371537	0.00411267168464344	0.00116396368433305	0.000116396368433305	0.0207767517653449	0.0012221618685497	0.000349189105299915	0.000155195157911073	0.000931170947466439	5.81981842166524e-05	0.00539303173740979	7.75975789555366e-05	0.000387987894777683	0.00533483355319314	0.00471405292154885	0	0.00190114068441065	0.00267711647396601	0.000116396368433305	5.81981842166524e-05	0.0104368743695197	0.000213393342127726	0	0	0.000484984868472104	0.00969969736944207	0.00106696671063863	0.000387987894777683	0	0	0.00752696515868705	0.000678978815860945	0	0.000116396368433305	0.0173624582913013	0.0108054628695585	9.69969736944207e-05	0.000989369131683091	0.000213393342127726	0	0.000290990921083262	0	0.000543183052688756	0	0.0637076123224955	0.00112516489485528	0	9.69969736944207e-05	7.75975789555366e-05	9.69969736944207e-05	0.0051408396058043	0.00056258244742764	0	0.012396213238147	0.330701482113758	0	0.000834173973772018	0.0109024598432529	0.000426786684255451	0.00341429347404361	0.00228912857918833	0	0	0.00475285171102662	0.00424846744781563	0.0030651043687437	9.69969736944207e-05	0	0	0.02277488942345	0.00876852642197563	1.93993947388841e-05	0.00508264142158765	0.00310390315822146	7.75975789555366e-05	0.00112516489485528	0.000543183052688756	0.000407387289516567	7.75975789555366e-05	0.000640180026383177	7.75975789555366e-05	0	0.00153255218437185	9.69969736944207e-05	0.0052572359742376	0
np0697	0	0.00304842665593786	0	0.00117604277081866	0.00208902334290158	0	0.00549335767948192	0	4.64227409533684e-05	0	0.0178650181435546	0.000425541792072543	0.498324912763933	0	0.00441016039056999	0.000216639457782386	0	0	0	0	0	0.000425541792072543	0.000139268222860105	0	0	4.64227409533684e-05	3.86856174611403e-05	0.00208902334290158	3.09484939689122e-05	0.00402330421595859	0	0	9.28454819067367e-05	0.00417804668580315	6.96341114300525e-05	0.00302521528546117	0	7.73712349222806e-06	0.000626707002870473	0.00370608215277724	0	0	0	0	0.000804660843191718	0.0206581197242489	7.73712349222806e-06	6.96341114300525e-05	0	0.000572547138424876	0.00157837319241452	0.000340433433658035	0	6.18969879378245e-05	7.73712349222806e-05	3.09484939689122e-05	7.73712349222806e-06	0.39733223981988	0	7.73712349222806e-06	1.54742469844561e-05	0	0.000100582605398965	0	0.000170216716829017	0	0.000108319728891193	0.000510650150487052	1.54742469844561e-05	0.000464227409533684	0.000340433433658035	0.00020116521079793	0.000386856174611403	0.0110718237173784	0	0	0	6.18969879378245e-05	0.000889769201606227	0.000564810014932648	0.00187238388511919	3.09484939689122e-05	0.00221281731877722	0	0.000448753162549227	0	0	0	0.00130757387018654	0.000154742469844561	2.32113704766842e-05	7.73712349222806e-05	0	0	0.000100582605398965	7.73712349222806e-06	0.00451074299596896	0	0	7.73712349222806e-06	0	6.18969879378245e-05	0.00075823810223835	0.000379119051119175	0
np0700	0	0.00598598598598599	0.00222222222222222	0.0554754754754755	8.00800800800801e-05	0	0.00112112112112112	0	0	0	0.437277277277277	0.00448448448448448	0.0047047047047047	0	0.0325725725725726	0.00042042042042042	2.002002002002e-05	0.0034034034034034	0.0485685685685686	0	0	0.0201201201201201	4.004004004004e-05	0.0446646646646647	0.000980980980980981	0.00166166166166166	0.0002002002002002	0.00206206206206206	0	0.0191791791791792	0.0016016016016016	0	0.00750750750750751	0.0194594594594595	0.00024024024024024	0	0.001001001001001	0.000540540540540541	4.004004004004e-05	0.0332732732732733	0	0	0	0.00322322322322322	0.000820820820820821	0.00208208208208208	0.00036036036036036	0.00028028028028028	0	0	0.00226226226226226	0.00164164164164164	0.0004004004004004	0.00384384384384384	0.0145145145145145	0.00034034034034034	0.00034034034034034	0	0.00294294294294294	0.00046046046046046	0	0.000780780780780781	0.00036036036036036	0.00308308308308308	0.00278278278278278	0	0.00176176176176176	8.00800800800801e-05	0.00046046046046046	0.00830830830830831	0	0.00206206206206206	0.0102302302302302	0.0194194194194194	0	0.0005005005005005	0.00764764764764765	0.00284284284284284	0.0232032032032032	0.000740740740740741	2.002002002002e-05	0.0002002002002002	0.0196796796796797	0	0.00818818818818819	0.0002002002002002	0.00108108108108108	0	0.0184584584584585	0.0158358358358358	0	0.00384384384384384	0.00022022022022022	0	0.00016016016016016	0.0114314314314314	0.0222822822822823	0	0.000600600600600601	6.00600600600601e-05	0.000560560560560561	0.000760760760760761	0.00114114114114114	0.0284484484484484	0.00014014014014014
np0703	0	0.00392310710082385	0.00353079639074147	0.0643389564535112	0	0	0.00392310710082385	0.0190270694389957	0.00156924284032954	0	0.166732051785014	0.00235386426049431	0.0615927814829345	0.000392310710082385	0.0404080031384857	0	0.00078462142016477	0	0.00921930168693605	0	0.00176539819537073	0.0139270302079247	0	0.043742644174186	0.00117693213024716	0.000392310710082385	0.0025500196155355	0.0141231855629659	0	0.0329540996469204	0.000392310710082385	0	0.00078462142016477	0.0170655158885838	0.00137308748528835	0.000980776775205963	0.0105923891722244	0.000196155355041193	0	0.0712043938799529	0	0	0	0	0.00372695174578266	0.00176539819537073	0	0	0	0	0.00608081600627697	0.00156924284032954	0	0.0151039623381718	0.00549234994115339	0	0.00117693213024716	0.00137308748528835	0	0.000588466065123578	0	0.0207924676343664	0.000980776775205963	0.0205963122793252	0.00333464103570027	0.000196155355041193	0.000588466065123578	0.000196155355041193	0	0.00294233032561789	0.0237347979599843	0.00470772852098862	0.00510003923107101	0.0262848175755198	0	0.0027461749705767	0.0568850529619459	0.0027461749705767	0.00706159278148293	0.0215770890545312	0	0	0.015300117693213	0	0.00196155355041193	0.000196155355041193	0.000588466065123578	0	0.0292271479011377	0.00294233032561789	0.00078462142016477	0.0158885837583366	0.000392310710082385	0	0	0.0276579050608082	0.00627697136131816	0	0	0	0.00196155355041193	0.00294233032561789	0.000588466065123578	0.0451157316594743	0.0198116908591605
np0705	0	0.0199742191842382	0.000484868553317802	0.00760415804349626	0.00321668893908395	0	0.00910606795255384	0.00050852067786989	0.00707198524107428	0	0.0240542106694734	0.000212869120968791	0.0621341311983349	8.27824359323076e-05	0.0258162939486039	7.09563736562637e-05	0	0	0.00561737958112087	0	0.00784067928901714	0.00519164133918329	0.008881372769309	0.0219846497711657	3.54781868281318e-05	0.000271999432349011	0.000579477051526153	0.0234510814933951	0	0.0228124741304888	0.000141912747312527	0	0.00968554500407999	0.0268215092420677	5.91303113802197e-05	0.00247164701569318	0.00180938752823472	0.00206956089830769	0.000366607930557362	0.163258789720787	0	7.09563736562637e-05	0	0	0.00298016769356307	0.0113766719095543	5.91303113802197e-05	1.18260622760439e-05	0	0.00188034390189099	0.0118260622760439	0.000815998297047032	0.000106434560484396	0.0149363166546435	0.00199860452465143	0.00083965042159912	0.000248347307796923	0.00377251386605802	0	0.000638607362906373	0	0.00703650705424615	0.000768694047942856	0.00436381697986022	0.00176208327913055	0	0.000189216996416703	7.09563736562637e-05	1.18260622760439e-05	0.000662259487458461	0.0097683274400123	0.00727302829976703	0.00106434560484396	0.27549994678272	0	0.000910606795255384	0.0475407703496967	0.00108799772939604	0.00111164985394813	0.0330538440615428	9.46084982083516e-05	4.73042491041758e-05	0.0386593975803877	0	0.000815998297047032	2.36521245520879e-05	0.000248347307796923	2.36521245520879e-05	0.00985110987594461	0.00366607930557362	0.000106434560484396	0.00114712804077626	0.000165564871864615	0	4.73042491041758e-05	0.0127130169467472	0.0164618786882532	0	0	0	0.00222329970789626	0.00295651556901099	0.000366607930557362	0.00269634219893802	0.000260173370072967
np0708	0	0.00276243093922652	0.000318742031449214	0.0313783822071115	0.000885394531803372	0	0.000602068281626293	0.000991641875619776	0	0	0.500513528828446	0.00203640742314775	0.00194786796996742	0.000141663125088539	0.0238348207961468	0.000796855078623034	0	0	0.00138121546961326	0	0.000495820937809888	0.0029926335174954	0	0.00720711148887944	0.000424989375265618	0.000354157812721349	0.000318742031449214	0.0191422297775889	7.08315625442697e-05	0.0522914010483071	0	0.00823416914577136	0.0329898002549936	0.0186818246210511	0	0.00201869953251169	0	0.000212494687632809	0	0.0131569627425981	0.000655191953534495	0	0	0	0.000849978750531237	0	1.77078906360674e-05	0.000106247343816405	0.000194786796996742	0	0.00658733531661708	0.000956226094347641	0.000159371015724607	0.00352387023657742	0.0515830854228644	0.00290409406431506	0.00387802804929877	0.0125017707890636	0	0.000371865703357416	1.77078906360674e-05	0	0.00166454171979034	0.0105539028190962	0.00594985125371866	0	0.000531236719082023	0.000141663125088539	0	0.00727794305142371	0.0114747131321717	0.00745502195778439	0.00198328375123955	0.000407281484629551	0.00281555461113472	0	0.0161673041507296	0.00054894460971809	0.000265618359541011	0.0156537753222836	0.000159371015724607	3.54157812721349e-05	0.0148392123530245	0	0.0304929876753081	8.85394531803372e-05	0.000123955234452472	0.000956226094347641	0.0255701940784814	0.0138829862586769	0	0.00161141804788214	0.000265618359541011	0.000230202578268877	5.31236719082023e-05	0.000672899844170562	0.00644567219152855	0	0.000177078906360674	0	0.00134579968834112	0.000867686641167304	0.000106247343816405	0.00869457430230911	0
np0711	0.00341060888842572	0.0283459494282493	4.73695678948017e-05	0.000805282654211628	0.000890547876422271	0	0.000104213049368564	6.63173950527223e-05	0.000994760925790835	0.00130740007389653	0.0135192746771764	1.89478271579207e-05	0.00540960465358635	2.8421740736881e-05	0.0297386147243565	9.47391357896033e-05	0	0	0.000502117419684898	0.00113686962947524	0.000322113061684651	0.000672647864106184	0.00154424791337053	0.00636646992506134	0.0192036228245526	0.000407378283895294	0.00136424355537029	0.00432010459200591	0	0.0540581508815477	0.000388430456737374	0.000180004358000246	0.0553655509554442	0.0558487205479712	0.000265269580210889	0.000833704394948509	8.5265222210643e-05	8.5265222210643e-05	0.000805282654211628	0.0415431110437411	0.000322113061684651	0.000142108703684405	9.47391357896033e-06	0.000255795666631929	0.000208426098737127	9.47391357896033e-05	0.000170530444421286	0.000151582617263365	0	0.000445273938211136	0.00726649171506258	4.73695678948017e-05	3.78956543158413e-05	0.00342955671558364	0.00122213485168588	0.00108950006158044	0.0012410826788438	0.00028421740736881	1.89478271579207e-05	0.00163898704916014	0.000966339185053954	0.00028421740736881	0.00108002614800148	0.0149877312819152	0.00585487859179749	0.000151582617263365	3.78956543158413e-05	0.000104213049368564	1.89478271579207e-05	0.000426326111053215	0.00163898704916014	0.000142108703684405	0.0210036664045551	0.522164220817978	0	9.47391357896033e-06	0.0125624094057014	0.000426326111053215	2.8421740736881e-05	0.00270953928358266	0.000142108703684405	0	0.0159635443805482	0.0038937784809527	0.00137371746894925	0	9.47391357896033e-05	1.89478271579207e-05	0.0226142317129783	0.00815703959148485	9.47391357896033e-06	0.000331586975263612	0.0011463435430542	7.57913086316827e-05	0.000426326111053215	0.000464221765369056	0.00479380027095393	0	0.000113686962947524	0	0	0.000701069604843065	0.000104213049368564	0.00682121777685144	0
np0713	0.000138711996065623	0.0146782512200351	3.78305443815336e-05	0.00810834667910871	6.30509073025561e-05	0.000592678528644027	0.000277423992131247	0.000605288710104538	0	0.00187891703761617	0.208547180993934	0.000504407258420449	0.000479186895499426	0	0.0109330273262632	0.000138711996065623	0	0	0.0107817051487371	0.0039343766156795	0.000214373084828691	0.00286251119153605	0	0.0462541455971551	0.00464054677746813	0.000479186895499426	0.000353085080894314	0.000479186895499426	0.000126101814605112	0.00627987036733459	0.000479186895499426	0.000214373084828691	0.00424963115219228	0.00730129506563599	0	2.52203629210224e-05	0.00204284939660282	5.04407258420449e-05	0	0.122079166719209	0.000138711996065623	5.04407258420449e-05	0	0.00041613598819687	0.000567458165723005	0.00031525453651278	0.000113491633144601	0.00010088145168409	0	0	0.00124840796459061	0.000983594153919875	0.000138711996065623	0.00701126089204424	0.00907933065156808	0.000390915625275848	0.000907933065156808	0	0	0.000529627621341471	0	0.000264813810670736	0.000264813810670736	0.0166580497093353	0.00284990101007554	7.56610887630673e-05	0.000176542540447157	0.000189152721907668	0.000151322177526135	0.00412352933758717	0.00335430826849598	0.00211851048536588	0.00754088851338571	0.342580799737708	1.26101814605112e-05	0.00102142469830141	0.0197601543486211	0.000592678528644027	0.00472881804769171	0.0064059721819397	0	0	0.0130515378116291	0.00384610534545592	0.0189531027351484	8.82712702235785e-05	0	0.000290034173591758	0.0290160275406363	0.00688515907743912	6.30509073025561e-05	0.00466576714038915	0.00332908790557496	0.00031525453651278	0.000706170161788628	0.011248281862776	0.00277423992131247	0.000138711996065623	0.000138711996065623	2.52203629210224e-05	0	0.00283729082861502	0.000290034173591758	0.00664556562968941	0
np0719	0.000205228188091634	0.0346322567404633	0.00194966778687053	0.0272696954926759	0.000666991611297812	0.0024114312100767	0.00295015520381724	0.00017957466458018	0	5.13070470229086e-05	0.292809317359739	0.00148790436366435	0.0020779354044278	0.000307842282137452	0.0311946845899284	0.000513070470229086	0.000153921141068726	0.000487416946717632	0.0126984941381699	0.0017957466458018	0	0.00664426258946666	0	0.0289628280444319	0.00120571560503835	0.0008978733229009	0.000256535235114543	0.00156486493419871	0.00035914932916036	0.0220363766963392	0.000128267617557271	0.000795259228855083	0.00592596393114594	0.0264231292167979	0	0	0.00105179446396963	0.00035914932916036	0.000333495805648906	0.05838741951207	2.56535235114543e-05	0	0	0.000384802852671814	0.00169313255175598	0.00128267617557271	0.000461763423206177	0.000230881711603089	5.13070470229086e-05	2.56535235114543e-05	0.0020779354044278	0.00120571560503835	0.000102614094045817	0.00248839178061107	0.0107231728277879	0.000795259228855083	0.000282188758625997	0	0	0.00017957466458018	0.000384802852671814	0.000153921141068726	0.000307842282137452	0.0267822785459583	0.00443805956748159	0	0.00153921141068726	0.000666991611297812	0	0.013211564608399	0.00820912752366538	0.00259100587465688	0.00613119211923758	0.184577101664914	0	0.000128267617557271	0.00577204279007722	0.0008978733229009	0.0264231292167979	0.0260383263641261	0	0	0.0134424463200021	0.00997922064595572	0.0152381929658039	0.000153921141068726	0.00017957466458018	0	0.014006823837254	0.00844000923526846	0.000128267617557271	0.0033093045329776	0.00228316359251943	0	0.00259100587465688	0.00702906544213848	0.0139555167902311	0.000564377517251995	0.000615684564274903	0.000153921141068726	0.00161617198122162	0.00230881711603089	0.00159051845771017	0.00292450168030579	5.13070470229086e-05
np0720	0	0.00442954627080091	0.00179576200167604	0.0243026457560158	0.000239434933556806	0	0.00155632706811924	0.00167604453489764	0	0	0.182808571770621	0.000598587333892015	0.00634502573925536	0.000359152400335209	0.0293307793607087	0	0.000239434933556806	0	0.00646474320603376	0	0.000478869867113612	0.00778163534059619	0.00682389560636897	0.022866036154675	0.000838022267448821	0.000119717466778403	0.00167604453489764	0.00442954627080091	0.000119717466778403	0.0198730994852149	0.000239434933556806	0.000119717466778403	0.00945767987549383	0.0114928768107267	0.00263378426912487	0.00119717466778403	0.00838022267448821	0	0.000598587333892015	0.0594995809888663	0	0	0	0	0.000718304800670418	0.000598587333892015	0	0	0	0.0175984676164252	0.00478869867113612	0.00143660960134084	0.000239434933556806	0.00826050520770981	0.0123308990781755	0.000359152400335209	0.000718304800670418	0.00107745720100563	0	0.000239434933556806	0	0.00454926373757931	0.00107745720100563	0.0111337244103915	0.00347180653657369	0.000119717466778403	0.000239434933556806	0.000239434933556806	0	0.00383095893690889	0.0272955824254759	0.0107745720100563	0.0119717466778403	0.117801987309949	0	0.00502813360469292	0.170597390159224	0.00119717466778403	0.0079013528073746	0.0227463186878966	0	0	0.016042140548306	0	0.0041901113372441	0	0	0.000119717466778403	0.0328025858972824	0.0185562073506525	0	0.00838022267448821	0.000359152400335209	0	0	0.0271758649586975	0.00526756853824973	0	0	0	0.00454926373757931	0.000957739734227224	0	0.0140069436130731	0.000478869867113612
np0724	0	0.0614172753063319	0.000181082875596064	0.0124947184161284	0.00356129655338927	0	0.00395364278384741	0	0	0	0.0583388664211988	0.00464779380696565	0.486901671998551	6.03609585320215e-05	0.016810526951168	0.000663970543852236	0	0	0	0	0	0.000724331502384258	0	0.000181082875596064	0	0.000965775336512344	0.000603609585320215	0.116828635238728	0	0.00941630953099535	0	0	0.00190137019375868	0.00974829480292147	0	0	0	6.03609585320215e-05	0.000150902396330054	0.016750165992636	0	0	3.01804792660107e-05	0	0.0158145711353896	0	0	0.000543248626788193	0	0	0.00138830204623649	0.00579465201907406	0.000301804792660107	0.000241443834128086	0.00286714553027102	0.000905414377980322	0	0.101647854167924	0	0	0	0	0.00144866300476852	0	0.00298786744733506	0	0.00165992635963059	0.000211263354862075	3.01804792660107e-05	0.00211263354862075	0	0.0042252670972415	0.000241443834128086	0	0	0.000150902396330054	0	0.000633790064586226	0.00416490613870948	0.0137622985453009	0	0.000452707188990161	0.0125550793746605	0	6.03609585320215e-05	0.000241443834128086	0.000120721917064043	0	0.00256534073761091	0.00108649725357639	0.000301804792660107	0.000784692460916279	0	0.00368201847045331	0.00150902396330054	0.00184100923522666	0.00265588217540895	0	0.00126758012917245	0.000241443834128086	0.000331985271926118	0.000452707188990161	0.00081487294018229	0.00150902396330054	0
np0725	0	0.00378266850068776	0.00101253247745682	0.0785190279688216	0	0.0044513220235366	0.000936114931988385	0.00838682561516124	0	0	0.521358703958429	0.00401192113709308	0.00414565184166285	0.000286565795506648	0.0179581231850833	0.000458505272810637	0	0	0.0141754546843955	0	0.000152835090936879	0.00340058077334556	0	0.00191043863671099	0.000936114931988385	0.000859697386519945	0.000324774568240868	0.00126088950022925	0.000152835090936879	0.0163915635029803	3.82087727342198e-05	0.00322864129604157	0.00355341586428244	0.0185694635488308	0	0.00246446584135718	0	0.000191043863671099	0.00108895002292526	0.0599877731927251	0.000114626318202659	0	0.000840593000152835	0	0.000611340363747516	0	0	0.000343878954607978	0.000171939477303989	1.91043863671099e-05	0.00305670181873758	0.00649549136481736	0	0.00215879565948342	0.0106220388201131	0.000840593000152835	0.000324774568240868	0.00229252636405319	0	0.000248357022772429	0	0	0.000573131591013297	0.00777548525141372	0.00282744918233226	0	0.00158566406847012	0.000191043863671099	0.000210148250038209	0.0081193642060217	0.012341433593153	0.00233073513678741	0.00662922206938713	0.000324774568240868	0.000171939477303989	0	0.00580773345560141	0.000706862295583066	0.0115581537521015	0.0445323246217331	0	0.000114626318202659	0.00825309491059147	0	0.0359735595292679	0.000171939477303989	0.000229252636405319	0.000210148250038209	0.016162310866575	0.0109086046156197	5.73131591013297e-05	0.00361072902338377	0.000725966681950176	1.91043863671099e-05	0.000362983340975088	0.00993428091089714	0.00110805440929237	0	0.000152835090936879	0	0.000496714045544857	0.000783279841051505	0.000267461409139538	0.00263640531866116	0
np0726	0	0.00323025635130475	0.000505805264972985	0.00502356592711806	0	0	0.000804690194275204	0	0.000126451316243246	0	0.197884814346477	0.000528796413380848	0.0173583170479365	0	0.0173928037705483	0.000160938038855041	0	9.19645936314519e-05	0.0111277158294057	0	0	0.0228532015174158	0.00559834463731463	0.00687435337395103	0.000689734452235889	0.00135647775606392	0.000218415909874698	0.0027014599379239	0	0.00554086676629498	0.000436831819749397	0	0.000678238878031958	0.0263018737785952	0.00282791125416715	0.000747212323255547	0.00085067249109093	5.74778710196574e-05	0.000804690194275204	0.0208874583285435	0	4.59822968157259e-05	0	0.000597769858604437	6.89734452235889e-05	0.000689734452235889	0	0.00022991148407863	3.44867226117945e-05	0.000172433613058972	0.0043453270490861	0.000333371651914013	8.04690194275204e-05	0.00157489366593861	0.206368548108978	1.14955742039315e-05	0.000528796413380848	0.185665018967697	0.0146223703874009	5.74778710196574e-05	0	0.0552822163467065	0.000137946890447178	0.00331072537073227	0.00600068973445224	0.000160938038855041	0.000206920335670767	0.000206920335670767	0.00031038050350615	0.00110357512357742	0.000172433613058972	0.00181630072422117	0.00506954822393379	0.0170824232670422	0	0.000505805264972985	0.00303483158983791	0.00123002643982067	0.00950683986665134	0.000609265432808369	0.000218415909874698	0	0.0375100586274284	0	0.0022991148407863	0.000114955742039315	0.000436831819749397	0	0.0319576962869295	0.00290838027359467	1.14955742039315e-05	0.00488561903667088	0.000149442464651109	0	0	0.00413840671341534	0.0033222209449362	1.14955742039315e-05	0.000195424761466835	0	0.000862168065294861	0.000172433613058972	0.000206920335670767	0.0357627313484309	0
np0727	0	0.00886707307418257	0.000791702953052015	0.0109255007521178	0.000316681181220806	0	0.00403768506056528	0.00102921383896762	0.00126672472488322	0	0.115905312326815	0.000316681181220806	0.012588076953527	7.91702953052015e-05	0.0191592114638588	7.91702953052015e-05	0	7.91702953052015e-05	0.0052252394901433	0	0.00197925738263004	0.00783785923521495	0.0146465046314623	0.0254928350882749	0.000316681181220806	0	0.00118755442957802	0.00799619982582535	0	0.0150423561079883	0.000316681181220806	0.000316681181220806	0.0275512627662101	0.0133006096112739	7.91702953052015e-05	7.91702953052015e-05	0.0054627503760589	0.000950043543662418	0.000395851476526007	0.0587443591164595	0	0.000237510885915604	0	0	0.00102921383896762	0.00277096033568205	7.91702953052015e-05	0	0	0.00245427915446125	0.00862956218826696	0.00126672472488322	0	0.0115588631145594	0.0054627503760589	0.00055419206713641	0.000950043543662418	0.000475021771831209	0	0.000158340590610403	0	0.018842530282638	0.000870873248357216	0.00870873248357216	0.00150423561079883	0	0	7.91702953052015e-05	7.91702953052015e-05	0.00134589502018843	0.0365766764310031	0.00760034834929934	0.00625445332911092	0.247169661942839	0	0.00277096033568205	0.123426490380809	0.000633362362441612	0.00878790277887737	0.033805716095321	0	0	0.0159132293563455	0	0.00411685535587048	0	0	0	0.0297680310347558	0.01963423323569	0.000237510885915604	0.00261261974507165	0.000791702953052015	0	0	0.0146465046314623	0.00316681181220806	0	0	0	0.00752117805399414	0.000712532657746813	0.000158340590610403	0.00427519594648088	0
np0729	0	0.00996090113572892	0	0.000837832805808974	0.000651647737851424	0	0	0	0	0	0.0606032396201825	0	0.0003723701359151	0	0.0105194563396016	0	0	0	0.0011171104077453	0.000837832805808974	0	0.00158257307763917	0	0.0193632470675852	0.00130329547570285	9.30925339787749e-05	0	0.0003723701359151	0	0.0174083038540309	0.0011171104077453	0	0.00437534909700242	0.0121020294172407	0	0	0	0	0	0.155278346676597	0.00018618506795755	0	0	0	0	0.000465462669893875	0	0	0	0	0.0107056414075591	0.00884379072798362	0	0.015732638242413	0.00232731334946937	0	0	0.0011171104077453	0	0.000465462669893875	0	0	0.000279277601936325	0.00558555203872649	0.00195494321355427	0	0	0.00018618506795755	0	0.000558555203872649	0.0003723701359151	0.00139638800968162	0.00772668032023832	0.48100912306833	0	0	0.028951778067399	0.000279277601936325	0	0.00465462669893874	0.000279277601936325	0	0.031837646620741	0.00167566561161795	0.00875069819400484	0	0	0.00018618506795755	0.0333271271644014	0.0147086203686464	0	0.0003723701359151	0.0014894805436604	0	0.000930925339787749	0.011171104077453	0.00958853099981381	0	0	0	0	0.0044684416309812	0	0.0105194563396016	0
np0731	0.000420170050845297	0.0492448741614303	0.00232745882097451	0.0267303688526525	0.000198282495904522	0.00156265490819993	0.00108583271566762	0.000453217133496051	0.000764803912774586	8.0257200723259e-05	0.405364957817759	0.000944202361450106	0.00181758954579145	0.000259655649398779	0.0187282538393629	0.000387122968194543	0.000132188330603015	0.000297423743856783	0.00803044108413315	0.00238883197446877	0.000882829207955849	0.00294119035591708	0	0.0220707301988962	0.000911155278799352	0.000613731534942569	0.000363517909158291	0.00319140398170136	0.000292702732049533	0.0161411393689896	0.000184119460482771	0.000557079393255562	0.00452272931134601	0.0161789074634476	2.36050590362527e-05	0.000136909342410265	0.000514590286990308	0.000302144755664034	0.000490985227954055	0.0357050122982358	0	2.83260708435032e-05	1.88840472290021e-05	0.000283260708435032	0.00148711871928392	0.000415449039038047	0.000136909342410265	0.000188840472290021	5.66521416870064e-05	7.08151771087579e-05	0.00208668721880473	0.000632615582171571	0.000198282495904522	0.00160514401446518	0.00532058030677135	0.00104334360940237	0.000278539696627781	2.36050590362527e-05	0	0.000165235413253769	0.00017939844867552	0.000457938145303301	0.000321028802893036	0.0559015008096535	0.00259655649398779	4.24891062652548e-05	0.000632615582171571	0.000231329578555276	0.000165235413253769	0.0156359911056138	0.0241621384295082	0.00299312148579684	0.0084270060759422	0.117638172213069	0	0.000184119460482771	0.00868666172534097	0.000670383676629575	0.01547075569236	0.0223634329309458	4.72101180725053e-05	1.88840472290021e-05	0.00616564142026919	0.00977721545281585	0.0162119545460983	9.91412479522611e-05	0.000127467318795764	9.44202361450106e-06	0.0129780614581317	0.0163583059121231	4.72101180725053e-06	0.00135020937687365	0.00159098097904343	0	0.0013360463414519	0.0053158592949641	0.002204712513986	0.0004484961216888	0.000424891062652548	0.000198282495904522	0.00331415028868987	0.0012982782469939	0.000580684452291815	0.00209612924241924	0
np0732	6.20869664556538e-05	0.00925592495920886	6.20869664556538e-05	0.00615654359374263	7.20208810885584e-05	0	0.0111880713553088	0.000404807021290863	3.72521798733923e-05	0	0.0601076339650475	0.000740076640151393	0.000628320100531216	8.1954795721463e-05	0.0538691355755834	0.000874184487695605	9.9339146329046e-06	0.000151492198151795	0.013177337760548	0	0.0181219437690762	0.00282123175574491	0	0.0179456167843422	0.000263248737771972	9.68556676708199e-05	0.000610935749923633	0.00116971844802452	0.000126657411569534	0.00894797360558882	0	5.46365304809753e-05	0.00985444331584137	0.00974020329756296	0	0.000171360027417604	0.000509113124936361	0.000109273060961951	0.000412257457265541	0.109310313141824	8.69217530379153e-05	5.96034877974276e-05	1.73843506075831e-05	0.000119206975594855	0.00808123955386789	0	3.72521798733923e-05	0.000198678292658092	9.9339146329046e-06	0.00106541234437902	0.00354889100260517	0.000104306103645498	0.00019371133534164	0.0350716856114697	0.00398101628913652	0.00102070972853095	0.000312918310936495	1.49008719493569e-05	5.21530518227492e-05	0.000973523634024651	0	9.43721890125937e-05	2.98017438987138e-05	0.0015099550242015	0.00542640086822414	2.73182652404877e-05	0.000397356585316184	9.9339146329046e-05	6.20869664556538e-05	0.00645207755407154	0.0127551463886495	0.00210598990217578	0.00132866108215099	0.50893183099431	0.00391892932268087	2.23513079240354e-05	0	8.1954795721463e-05	0.00130879325288518	0.0128072994404723	0	9.9339146329046e-06	0.0071325507064255	0	0.00560769481027465	7.45043597467845e-06	2.48347865822615e-06	7.45043597467845e-06	0.0197933249060624	0.00411512413668073	0	0.00110514800291064	0.00164654635040394	0	0.000720208810885584	0.000317885268252947	0.004425558968959	7.45043597467845e-06	0.000931304496834806	2.48347865822615e-06	0.000134107847544212	0.00163661243577103	0.000278149609721329	0.00266477260027666	0
np0738	0.00010027934961679	0.0160303703173125	0	0.00239237876942912	0.000229209941981233	0	0.000171907456485925	1.43256213738271e-05	4.29768641214813e-05	0	0.0442804956664995	8.59537282429625e-05	0.00034381491297185	0	0.0132798510135377	0	0	2.86512427476542e-05	0.0181648879020128	0	0.000200558699233579	0.00151851586562567	0	0.00525750304419454	0.00010027934961679	5.73024854953084e-05	7.16281068691354e-05	0.000644652961822219	2.86512427476542e-05	0.00399684836329776	0	0	0.00720578755103503	0.00611704032662417	0	0.000157581835112098	0.000171907456485925	0	0.000845211661055798	0.0214454551966192	0	4.29768641214813e-05	0	0.000114604970990617	0.000530047990831602	0	0	4.29768641214813e-05	0	0.000114604970990617	0.00381061528543801	5.73024854953084e-05	5.73024854953084e-05	0.00392522025642862	0.00657546021058663	0.00226344817706468	0	0.000200558699233579	5.73024854953084e-05	0.000229209941981233	0	0	1.43256213738271e-05	0.00110307284578469	0.00184800515722369	0	0.000186233077859752	1.43256213738271e-05	1.43256213738271e-05	0.00229209941981233	0.02137382708975	0.00111739846715851	0.00034381491297185	0.739775087744431	0.00764988181362367	0	0	0	0.00464150132511998	0.0440226344817706	0	0	0.00138958527326123	0	0.00191963326409283	0	0	0	0.00439796576176492	0.00176205142898073	0	0.000386791777093331	0.00110307284578469	0	0	0.000229209941981233	0.00138958527326123	0	0.000300838048850369	0	0.000272186806102715	0.000128930592364444	7.16281068691354e-05	0.00124632905952296	0
np0741	0	0.000542207302353651	0.000122585998792999	0.121383713035607	0	4.71484610742305e-06	0.0010844146047073	0	0.000127300844900422	0	0.639757468316234	0.00305050543150272	0.000127300844900422	0.000245171997585999	0.0130742682558841	2.82890766445383e-05	0.000306464996982499	0	0	0	0	2.35742305371153e-05	0.000579926071213036	0	9.42969221484611e-06	3.30039227519614e-05	2.82890766445383e-05	0.000117871152685576	0.000410191611345806	0.000334754073627037	0	0	0.0417688216656608	0.000306464996982499	0	0.000207453228726614	0	3.30039227519614e-05	0.000518633071816536	0.000476199456849728	0	0	0.00501188141219071	0	8.01523838261919e-05	4.71484610742305e-06	1.41445383222692e-05	4.71484610742305e-06	1.88593844296922e-05	0.000980687990343995	0.006954398008449	0.000744945684972842	0	0	7.07226916113458e-05	0	0	0.00340883373566687	0	0	0	0	0.000311179843089922	0	0.00198023536511768	0	0.00078737929993965	0.00687424562462281	0.000165019613759807	0.00551636994568497	0.000240457151478576	0.000150875075437538	2.35742305371153e-05	5.65781532890766e-05	0	0	0	0.000179164152082076	0.0300099954737477	0.000344183765841883	0	1.41445383222692e-05	0.000391332226916113	0	0	0	0	0	0.00010844146047073	0.0152195232347616	2.35742305371153e-05	0.00276761466505733	0	0	4.71484610742305e-05	5.65781532890766e-05	0.000608215147857574	0	2.82890766445383e-05	4.71484610742305e-06	0.00249886843693422	0	9.42969221484611e-06	0.0895867908871454	0
np0742	0.00294764579123075	0.0276565099427219	0	0.023480678405145	0.000859730022442303	5.58266248339158e-05	0.00606277145696326	0.000122818574634615	0	0	0.37503210030928	0.000826234047541954	0.00275783526679544	0.000156314549534964	0.0088206067237587	0.00122818574634615	0	0.000167479874501747	0.000223306499335663	0	0.00163013744515034	0.00169712939495104	0	0.00748076772774472	0.00021214117436888	0.000312629099069928	0.0012616817212465	0.00477875908578319	2.23306499335663e-05	0.0208903230128513	0	7.81572747674821e-05	0.00234471824302446	0.0165135156258723	0	0.00104954054687762	0	0.000178645199468531	7.81572747674821e-05	0.161774393443721	0.000156314549534964	0.000100487924701048	0.000100487924701048	0.00302580306599824	0.000625258198139857	0.000290298449136362	0	6.69919498006989e-05	5.58266248339158e-05	3.34959749003495e-05	0.00787155410158213	0.00063642352310664	5.58266248339158e-05	0.000971383272110135	0.00714580797874122	0.00163013744515034	0.000267967799202796	0.000748076772774472	0	0.000256802474236013	0	0.000401951698804194	0.00217723836852272	0.0161562252269352	0.0225427911079352	0.000223306499335663	0.00021214117436888	0.000681084822973773	0.00246753681765908	0.0121367082388933	0.0206893471634492	0.00471176713598249	0.00644239250583388	0.0972053191608142	0	0.000334959749003495	0	0.000357290398937061	0.00195393186918705	0.00653171510556815	0.000122818574634615	5.58266248339158e-05	0.00269084331699474	0	0.0123711800631957	0	3.34959749003495e-05	0	0.0327367328026082	0.0227326016323705	0	0.00351707736453669	0.000401951698804194	2.23306499335663e-05	0.00206558511885488	0.00123935107131293	0.011790583164923	0.0119580630394248	0.000480108973571676	7.81572747674821e-05	0.000223306499335663	0.000346125073970278	4.46612998671326e-05	0.00712347732880766	0
np0744	0	0.0117557067514795	0.00104674101211804	0.0298321188453641	0.000161037078787391	0	0.000966222472724345	0.0475059382422803	0.000201296348484238	0	0.141269777366239	0.000402592696968477	0.0547526067877129	0.000241555618181086	0.0472643826240992	0.000201296348484238	0.000241555618181086	4.02592696968477e-05	0.00652200169088933	0	0.00052337050605902	0.0130842626514755	0.0017714078666613	0.0448488264422883	0.0016908893272676	0.000603889045452716	0.00201296348484238	0.0146141148999557	0	0.0223036354120536	0.000563629775755868	0	0.00768952051209791	0.0202101533878175	0	0.000402592696968477	0.0204114497363018	0.000281814887877934	0.000563629775755868	0.0670316840452514	0	4.02592696968477e-05	0	0	0.00571681629695237	0.00108700028181489	0	0	0	0	0.0034622971939289	0.00052337050605902	0.000362333427271629	0.0277386368211281	0.0160231893393454	0.000483111236362172	0.00197270421514554	0.000483111236362172	0	0.00128829663029913	0	0.0149361890575305	0.000322074157574782	0.0264100809211321	0.00277788960908249	0.000120777809090543	0	4.02592696968477e-05	8.05185393936954e-05	0.00229477837272032	0.0245178952453802	0.00297918595756673	0.00152985224848021	0.0442046781271388	0	0.0034622971939289	0.0508071983574218	0.00217400056362978	0.00434800112725955	0.0322074157574782	8.05185393936954e-05	0	0.0296710817665768	0	0.00124803736060228	0.000120777809090543	0.000442851966665325	0	0.0270944885059785	0.00265711179999195	0.000563629775755868	0.0156205966423769	0.000362333427271629	0	4.02592696968477e-05	0.0247191915938645	0.00281814887877934	0	4.02592696968477e-05	0	0.0026973710696888	0.00386488989089738	0	0.0513708281331777	0.00318048230605097
np0746	0.000666838754087076	0.0546807778351402	2.1510927551196e-05	0.0165634142144209	0.000279642058165548	0	0.00178540698674927	0.00086043710204784	8.6043710204784e-05	0.00782997762863535	0.388293753226639	0.0021726036826708	0.00124763379796937	0	0.0118094992256066	4.3021855102392e-05	0	0	0.00202202718981242	0.00789451041128894	0.00907761142660471	0.00152727585613492	0.00251677852348993	0.0147134744450181	0.0048614696265703	0.00032266391326794	0.00064532782653588	0.000989502667355016	0.00043021855102392	0.00445276200309757	0	0.00296850800206505	0.00176389605919807	0.00303304078471864	6.4532782653588e-05	0.00174238513164688	0.000258131130614352	0.00150576492858372	0.000795904319394252	0.00456031664085355	0.00043021855102392	4.3021855102392e-05	0	0.000344174840819136	0.00232318017552917	0.000172087420409568	0.00191447255205644	0.00010755463775598	4.3021855102392e-05	0.0037859232490105	0.00352779211839615	4.3021855102392e-05	2.1510927551196e-05	0.00103252452245741	0.00471089313371193	8.6043710204784e-05	0.00146274307348133	0.000236620203063156	0	0.000193598347960764	0.000688349681638272	0.000193598347960764	8.6043710204784e-05	0.183359146446395	0.00111856823266219	0.00114007916021339	8.6043710204784e-05	0.00010755463775598	0.000387196695921528	0.0624247117535708	0.00124763379796937	0.000795904319394252	0.0191447255205644	0.0494751333677508	0	0.00180691791430046	0.0201987609705731	0.000236620203063156	0.000279642058165548	0.00516262261228704	0	0	0.00176389605919807	0.000838926174496644	0.00739975907761143	4.3021855102392e-05	0	0	0.0325460333849596	0.0113362588194803	0.00122612287041817	0.00202202718981242	0.00369987953880571	0.000838926174496644	0.000817415246945448	0.00131216658062296	0.00096799173980382	0.000623816898984684	0.000129065565307176	4.3021855102392e-05	4.3021855102392e-05	0.000709860609189468	0	0.012734469110308	0
np0748	0.00157728706624606	0.187113780735491	0.00056177347564928	0.0062227215764228	0.000367313426386068	0	0.000237673393543926	0.000151246704982499	0	0.00287368739466747	0.124151938118491	0.000432133442807139	0.0195972516313037	0.000216066721403569	0.0324748282269565	4.32133442807139e-05	6.48200164210708e-05	0	0.00254958731256212	0.00460222116589603	0.0015556803941057	0.00153407372196534	4.32133442807139e-05	0.0319346614234476	0.00166371375480748	0.000734626852772136	0.000929086902035349	0.00319778747677283	2.16066721403569e-05	0.00955014908603777	0.000129640032842142	0.000259280065684283	0.00518560131368567	0.0088803422496867	0	0.00118836696771963	0.000648200164210708	0.000302493409964997	0.000345706754245711	0.0119484896936174	0	0.000302493409964997	0	0.000432133442807139	0.0065252149863878	0.000108033360701785	0.00177174711550927	0.000129640032842142	0	8.64266885614278e-05	0.00445097446091353	0	0.000367313426386068	0.00345706754245711	0.00324100082105354	6.48200164210708e-05	0.000216066721403569	0.00503435460870317	0	0.00112354695129856	0.00175014044336891	0.00183656713193034	4.32133442807139e-05	0.0192083315327773	0.00404044769024675	2.16066721403569e-05	0.000259280065684283	0.000151246704982499	0.00077784019705285	0.00589862149431745	0.00123158031200035	0.00162050041052677	0.0210016853204269	0.272568169050603	0	0.000237673393543926	0.0553779006957348	0.000885873557754635	0.000540166803508924	0.0094853290696167	0.000302493409964997	0	0.0206559785661812	0.00697895510133529	0.00749751523270386	8.64266885614278e-05	0.000151246704982499	0	0.024998919666393	0.0205911585497602	0.000410526770666782	0.00133961367270213	0.00138282701698284	0.00237673393543926	0.0015556803941057	0.00056177347564928	0.00337064085389568	6.48200164210708e-05	6.48200164210708e-05	0	0	0.00321939414891318	4.32133442807139e-05	0.0168099909251977	0
np0749	0.000406401795908889	0.052638708803437	0.00112244305536741	0.0180945561511815	0.000290286997077778	0.00255452557428444	0.00174172198246667	0.000387049329437037	0.00145143498538889	0	0.361426663828305	0.0010837381224237	0.00236100090956592	0.000270934530605926	0.0182880808159	0.000328991930021481	0.000154819731774815	0.000832156058289629	0.0102955121630252	0.00296092737019333	0.000696688792986666	0.00338668163257407	0	0.0311381185532096	0.00112244305536741	0.000754746192402222	0.000290286997077778	0.00379308342848296	0.000638631393571111	0.015288448512763	0.00021287713119037	0.000367696862965185	0.0057863874750837	0.0149013991833259	3.87049329437037e-05	0.00042575426238074	0.000967623323592592	0.00021287713119037	0.000348344396493333	0.0321444468097459	0	1.93524664718518e-05	3.87049329437037e-05	0.000928918390648888	0.00187718924776963	0.000677336326514814	0.000116114798831111	0.000290286997077778	5.80573994155555e-05	5.80573994155555e-05	0.00238035337603778	0.000657983860042963	9.67623323592592e-05	0.00195459911365704	0.00921177404060147	0.00104503318948	0.000174172198246667	0	0	0.000251582064134074	0.000387049329437037	0.00112244305536741	0.000232229597662222	0.0455363536082674	0.00168366458305111	0	0.000909565924177036	0.000174172198246667	0.000232229597662222	0.0169914655622859	0.0167398834981518	0.00207071391248815	0.0153852108451222	0.173862558783117	0	0.000328991930021481	0.00700559286281037	0.000928918390648888	0.01410794805798	0.0195846960695141	7.74098658874074e-05	0	0.00768292918932518	0.00510905114856889	0.0166237686993207	7.74098658874074e-05	0.000387049329437037	0	0.0108567336907089	0.0151723337139318	0	0.00170301704952296	0.00147078745186074	0	0.0010063282565363	0.00423819015733555	0.00328991930021481	0.000445106728852592	0.000251582064134074	7.74098658874074e-05	0.000890213457705185	0.00174172198246667	0.000580573994155555	0.00199330404660074	0
np0751	0.0374290186371578	0.0236786546301689	0.000373107163657542	0.00500509609784508	0.0120304309842749	0	0.005542006406523	9.10017472335469e-05	0.00100101921956902	0	0.10099373907979	0.000209304018637158	0.0856963453698311	5.46010483401281e-05	0.0880168899242866	0.0015470297029703	0	0.000391307513104252	0.000618811881188119	0	0.000273005241700641	0.00442268491555038	0.00351266744321491	0.0399406668608037	0.000227504368083867	0.000354906814210833	0.00110112114152592	0.0121123325567851	0	0.0310042952824694	0.000100101921956902	0.000245704717530577	0.00262085032032615	0.0165441176470588	9.10017472335469e-06	0.000673412929528247	0	0.00015470297029703	0.000209304018637158	0.1363388177053	0	0.000245704717530577	0	0	0.00223864298194525	0.000109202096680256	5.46010483401281e-05	0	7.28013977868375e-05	0.0015470297029703	0.00797175305765871	0.000564210832847991	0.000627912055911473	0.00257534944670938	0.0351903756552126	0.00157433022714036	5.46010483401281e-05	0.000227504368083867	0	0.00262085032032615	0	0.00015470297029703	0.000418608037274316	0.00389487478159581	0.00187463599301107	0	0.000100101921956902	0.00042770821199767	0.000209304018637158	0.000955518345952242	0.00850866336633663	0.00520529994175888	0.00671592894583576	0.122160745486313	0.0047593913803145	0.000163803145020384	0.00647932440302854	0.000527810133954572	0.00208394001164822	0.0448638613861386	0.00015470297029703	0	0.0438810425160163	0	0.00831755969714618	5.46010483401281e-05	0.000209304018637158	0	0.0529357163657542	0.00571490972626674	9.10017472335469e-06	0.00201113861386139	0.000282105416423995	0	8.19015725101922e-05	0.000964618520675597	0.00265725101921957	0	0.000755314502038439	0	0.000418608037274316	0.00151972917880023	0.0014651281304601	0.000864516598718695	0
np0754	0.000715307582260372	0.0544010240192757	0.0009411941871847	0.0152096980649048	0.000489420977336044	0.00323770800391537	0.00308711693396582	0.00018823883743694	0.000414125442361268	0	0.268466229952564	0.00116708079210903	0.00342594684135231	7.5295534974776e-05	0.0306452827347338	0.000263534372411716	0.000150591069949552	0	0.0153979369023417	0.00229651381673067	0.00150591069949552	0.00316241246894059	0	0.0378736540923123	0.000677659814772984	0.000790603117235148	0.00037647767487388	0.00545892628567126	0.000414125442361268	0.0193886002560048	0.000414125442361268	0.000225886604924328	0.0050071530758226	0.0182968149988706	0	0.000150591069949552	0.000301182139899104	0.000527068744823432	0.000715307582260372	0.0367065733002033	0	0	7.5295534974776e-05	0.000790603117235148	0.00884722535953618	0.00056471651231082	0.000225886604924328	0.000225886604924328	0	7.5295534974776e-05	0.00301182139899104	0.000865898652209924	0.000263534372411716	0.0040659588886379	0.00820721331225058	0.00161885400195768	0.000112943302462164	0	0	0.000225886604924328	0.000150591069949552	0.00018823883743694	0.000150591069949552	0.0180332806264589	0.002522400421655	0.000112943302462164	0.000489420977336044	7.5295534974776e-05	0.000225886604924328	0.0118213989910398	0.0184474060688201	0.00256004818914238	0.0097131240117461	0.232663203072058	0	0.00018823883743694	0.00756720126496499	0.00131767186205858	0.0132520141555606	0.0350877192982456	0	0	0.00896016866199834	0.00790603117235148	0.020856863188013	0	0.000112943302462164	3.7647767487388e-05	0.0118213989910398	0.0150214592274678	0	0.0012423763270838	0.000790603117235148	0	0.00161885400195768	0.00380242451622619	0.00481891423838566	0.000301182139899104	0.00018823883743694	0.000150591069949552	0.000790603117235148	0.0034635946088397	0.000640012047285596	0.00116708079210903	0
np0755	0	0.00586306653809065	0.0057473481195757	0.0799421407907425	0.000192864030858245	0	0.00231436837029894	0.00277724204435873	0.000192864030858245	0	0.175467695274831	0.00256509161041466	0.0161620057859209	0.000636451301832208	0.0335969141755063	0.000250723240115718	0.000675024108003857	0.000405014464802314	0.0158341369334619	0	0.000887174541947927	0.0188235294117647	0.000231436837029894	0.0463259402121504	0.00104146576663452	0.000829315332690453	0.00108003857280617	0.0139054966248795	0.000212150433944069	0.030106075216972	0.000443587270973963	0	0.00534233365477339	0.0281002892960463	0	0.000115718418514947	0.00541947926711668	0.000578592092574735	0.000925747348119576	0.0527675988428158	1.92864030858245e-05	5.78592092574735e-05	0	3.8572806171649e-05	0.00495660559305689	0.00352941176470588	0.000443587270973963	5.78592092574735e-05	1.92864030858245e-05	3.8572806171649e-05	0.00320154291224687	0.00277724204435873	0.000713596914175506	0.00997107039537126	0.00678881388621022	0.00108003857280617	0.000135004821600771	0.000135004821600771	3.8572806171649e-05	0.00108003857280617	0	0.00482160077145612	0.000366441658630665	0.0112439729990357	0.00514946962391514	0	0.00248794599807136	9.64320154291225e-05	0.000752169720347155	0.00690453230472517	0.00927675988428158	0.00595949855351977	0.00810028929604629	0.115101253616201	0	0.00135004821600771	0.0295853423336548	0.00345226615236258	0.0223722275795564	0.0661330761812922	0.000115718418514947	0.000578592092574735	0.0181870781099325	0	0.00549662487945998	0.000115718418514947	0.000810028929604629	0.00017357762777242	0.0249180327868852	0.00401157184185149	0.000366441658630665	0.00680810028929605	0.00208293153326905	0	0.000713596914175506	0.0166634522661524	0.0130376084860174	1.92864030858245e-05	0.000462873674059788	0	0.0017357762777242	0.00115718418514947	0.000848601735776278	0.0222372227579556	0.00146576663452266
np0756	0.00932196125492885	0.0660466312360706	0	0.000557174695696897	0.00169295388307903	0	0.000150008571918395	2.14297959883422e-05	0.000257157551860106	0	0.00640750900051431	0	0.00497171266929539	0	0.0148508486199211	0	0	0	0.000300017143836791	0.000321446939825133	0.000535744899708555	0.000342876735813475	0.000664323675638608	0.00715755186010629	0.000900051431510372	0.00019286816389508	0	0.00531458940510886	0	0.0482599005657466	4.28595919766844e-05	0	0.0339233670495457	0.037137836447797	0	0.00317160980627464	0	0	0.00983627635864907	0.0396879821704097	4.28595919766844e-05	0	0	8.57191839533688e-05	0.000342876735813475	0.000257157551860106	6.42893879650266e-05	0	0	0.00325732899022801	0.00409309103377336	0.000128578775930053	4.28595919766844e-05	0.0015215155151723	0.00120006857534716	0.000857191839533688	4.28595919766844e-05	0.000171438367906738	0	0.000407166123778502	0.00248585633464769	0.000385736327790159	0.000171438367906738	0.00390022286987828	0.00267872449854277	0	0	4.28595919766844e-05	0	0.00019286816389508	0.000942911023487056	0	0.0132864735127722	0.633850505743185	0	0	0.00087862163552203	0.000235727755871764	2.14297959883422e-05	0.0015215155151723	2.14297959883422e-05	0	0.0160080576032916	0.00117863877935882	0.000535744899708555	0	2.14297959883422e-05	0	0.00514315103720213	0.00270015429453112	0	0.000257157551860106	0.000342876735813475	2.14297959883422e-05	0.000342876735813475	0.00068575347162695	0.00516458083319047	0	6.42893879650266e-05	0	0	0.000792902451568661	4.28595919766844e-05	0.00150008571918395	0
np0757	0	0.00577538883806038	0.000514638609332113	0.0026875571820677	0.00365965233302836	0	0.00331655992680695	5.71820677035682e-05	0.00102927721866423	0	0.0647586916742909	0.000314501372369625	0.184898215919488	0	0.0172689844464776	0.000114364135407136	5.71820677035682e-05	0	0.00105786825251601	0	0.000400274473924977	0.00423147301006404	0.0174119396157365	0.00637580054894785	0.000486047575480329	0.000600411710887466	0.00131518755718207	0.0160681610247027	0	0.024502516010979	0.000228728270814273	0	0.00637580054894785	0.0270471180237877	0.000200137236962489	0.00514638609332113	0.00511779505946935	0	0.000571820677035682	0.152047118023788	0	0.000200137236962489	0	0	0.00134377859103385	0.00102927721866423	0	0	0	0.00245882891125343	0.017211802378774	0.0010864592863678	0	0.00374542543458371	0.000914913083257091	0.00114364135407136	0.00148673376029277	0.00568961573650503	0	0.000257319304666057	0	0.00829139981701738	0.000886322049405306	0.00568961573650503	0.00188700823421775	5.71820677035682e-05	0	0	8.57731015553522e-05	0.00105786825251601	0.0643870082342178	0.0043172461116194	0.00508920402561757	0.181238563586459	0	0.000400274473924977	0.0340805123513266	0.00225869167429094	2.85910338517841e-05	0.01298032936871	2.85910338517841e-05	0	0.0104071363220494	0	0.00368824336688015	2.85910338517841e-05	0.000200137236962489	0	0.022644098810613	0.00554666056724611	0.000228728270814273	0.000800548947849954	0.00014295516925892	0	0	0.0116079597438243	0.0184126258005489	0	0	0	0.0037740164684355	0.00137236962488564	0.000228728270814273	0.00786253430924062	8.57731015553522e-05
np0758	0	0.00260612729483987	7.72185865137739e-05	0.0361189938418177	0.000521225458967974	0.000115827879770661	0.000656357985367078	0.00316596204706473	0.000559834752224861	0	0.558078029381672	0.00154437173027548	0.00241308082855543	0.000212351112912878	0.0238798478793846	0.000482616165711087	0	0	0.00229725294878477	0	0.000308874346055095	0.00233586224204166	0	0.00187255072295902	7.72185865137739e-05	0.000521225458967974	0.000772185865137739	0.00303082952066562	0.000212351112912878	0.0484546630373931	0	0.0166406053937183	0.0100963301866759	0.0142661338584197	0	0.00274125982123897	0	0.000250960406169765	0.0004440068724542	0.0167564332734889	0.000405397579197313	0	0.000308874346055095	0	0.000637053338738634	0	5.79139398853304e-05	0.000193046466284435	0.000154437173027548	0	0.00675662631995521	0.00364857821277582	9.65232331422173e-05	0.00330109457346383	0.0237061060597286	0.00179533213644524	0.00349414103974827	0.0041311943784869	0	0.000231655759541322	0	0	0.000694967278623965	0.0128375900079149	0.00332039922009228	0	0.000405397579197313	0.000115827879770661	0	0.00766394471149206	0.0193818652149572	0.00528947317619351	0.00264473658809675	0.000772185865137739	0.0027991737611243	0	0.0164861682206907	0.000656357985367078	0.000521225458967974	0.0229918341344762	0	0	0.00596513580818903	0	0.0223354761491091	7.72185865137739e-05	9.65232331422173e-05	7.72185865137739e-05	0.0276056446786742	0.0229532248412193	0	0.002220034362271	0.000231655759541322	7.72185865137739e-05	0.000193046466284435	0.00183394142970213	0.00559834752224861	0	0.000231655759541322	0.000193046466284435	0.00428563155151445	0.000907318391536843	9.65232331422173e-05	0.00801142835080404	0
np0759	0.0365155197943732	0.000921967982566424	0	0.000558768474282681	0.00120135221970776	0	0.0156455172799151	0	0	0	0.00198362808370352	8.38152711424021e-05	0.00994607884223172	0	0.0457910764674657	0.00106166010113709	0	0	2.79384237141341e-05	0	0.0274914089347079	0	5.58768474282681e-05	0.000307322660855475	8.38152711424021e-05	0.000502891626854413	0	0.00673316011510631	0	0.000810214287709887	0	0	0.0129354901796441	0.0118458916547928	0	0	0	0	0.000279384237141341	0.222780990696505	0	2.79384237141341e-05	0	0	0.000614645321710949	0.000391137931997877	0	8.38152711424021e-05	0	0.00293353448998408	0.00192775123627525	0	0.000335261084569609	0	0.00013969211857067	0.000279384237141341	0	0.00421870198083424	0	0	0.0217081552258822	0.00550386947168441	0	0.00089402955885229	0.00231888916827313	0	0	0	0	0.000167630542284804	0	0.000391137931997877	0.00181599754141871	0.491939764758472	0	0	0.000530830050568547	0.000447014779426145	0	0.000782275863995753	0	0	0.00709635962339005	0.000279384237141341	0.00874472662252396	0	0	0	0.000810214287709887	0.00891235716480876	0	5.58768474282681e-05	2.79384237141341e-05	0.000111753694856536	0	0	0.00871678819880982	2.79384237141341e-05	0	0	0.00013969211857067	0.0172380074316207	0	0.0128237364847875	0
np0761	0	0.0113264192139738	0.000818777292576419	0.0342521834061135	0	0	0.00245633187772926	0.02742903930131	0	0	0.0832423580786026	0.00027292576419214	0.0727347161572052	0.00027292576419214	0.044896288209607	0	0	0	0.0147379912663755	0	0	0.0126910480349345	0.00641375545851528	0.0517194323144105	0.00109170305676856	0	0.00313864628820961	0.0150109170305677	0	0.0231986899563319	0	0	0.00655021834061135	0.0178766375545852	0	0.000682314410480349	0.0085971615720524	0.00040938864628821	0	0.105349344978166	0	0	0	0	0.00709606986899563	0.0027292576419214	0	0	0	0.00109170305676856	0.00313864628820961	0.000545851528384279	0.000545851528384279	0.0221069868995633	0.00791484716157205	0	0.00027292576419214	0.00013646288209607	0	0.00177401746724891	0	0.0166484716157205	0.000682314410480349	0.0154203056768559	0.00286572052401747	0	0	0	0.00013646288209607	0.00150109170305677	0.0319323144104803	0.00259279475982533	0.00218340611353712	0.0985262008733624	0	0.00163755458515284	0.0704148471615721	0.00218340611353712	0.00382096069868996	0.0324781659388646	0	0	0.037117903930131	0	0.000955240174672489	0	0.00040938864628821	0	0.0287936681222707	0.0040938864628821	0.00027292576419214	0.00846069868995633	0.000955240174672489	0	0.00013646288209607	0.0182860262008734	0.00477620087336245	0	0	0	0.00873362445414847	0.00368449781659389	0.00013646288209607	0.00682314410480349	0.000818777292576419
np0762	9.42702539640642e-05	0.00727766360602575	0	0.00595788005052886	0.000169686457135316	0	5.65621523784385e-05	0.000207394558720941	0	0.00358226965063444	0.240917061030562	0.000339372914270631	0.00039593506664907	0.00013197835554969	0.010577122494768	0	3.77081015856257e-05	1.88540507928128e-05	0.00725880955523294	0.0041101830728332	0	0.00130092950470409	0	0.0500009427025396	0.0055807990346726	0.000282810761892193	0.000490205320613134	0.000282810761892193	0.000113124304756877	0.00624069081242105	7.54162031712513e-05	0.00039593506664907	0.00254529685702973	0.00503403156168103	0	7.54162031712513e-05	0.000659891777748449	0	0	0.140010181187428	0.000339372914270631	1.88540507928128e-05	0	0.000150832406342503	0.000490205320613134	1.88540507928128e-05	1.88540507928128e-05	0.000113124304756877	0	0	0.00277154546654349	0.0184958238277494	0.000169686457135316	0.00192311318086691	0.0143479326533306	0.000527913422198759	0.000565621523784385	7.54162031712513e-05	0	0	0	0.000150832406342503	0.000113124304756877	0.0110484737645883	0.00258300495861536	0	0.000301664812685005	0.000659891777748449	5.65621523784385e-05	0.00311091838081412	0.000471351269820321	0.000848432285676578	0.00622183676162824	0.254925620769622	0	0.000678745828541262	0.022266633986312	0.000509059371405947	0.00111238899677596	0.00407247497124757	0	0	0.0124059654216708	0.00188540507928128	0.00586360979656479	7.54162031712513e-05	0	0.000282810761892193	0.076962235336262	0.0124248194724637	9.42702539640642e-05	0.00299779407605724	0.00297894002526443	0	0.00182884292690285	0.0200795640943457	0.00115009709836158	0	0.000207394558720941	0	0	0.00414789117441882	0.000113124304756877	0.0131224193517977	0
np0764	0	0.00900948090723377	0.00284601819356416	0.017739598065406	0.000768250309919159	0	0.000488886560857647	0.00303808077104395	0.000838091247184537	0	0.0974455677195188	0.000750790075602815	0.0298570006809491	0.000314284217694201	0.0355315768337611	0.000261903514745168	0	3.4920468632689e-05	0.0121174026155431	0	0.000331744452010546	0.00824123059731462	0.00275871702198243	0.0375220435458244	0.00019206257747979	0.000419045623592269	0.00233967139839017	0.0164475407259965	6.98409372653781e-05	0.0185078483753252	0.000157142108847101	0	0.00902694114155012	0.0223316396906046	0.000628568435388403	0.00113491523056239	0.00721107677265029	0.000209522811796134	0.000331744452010546	0.125242260751139	0	6.98409372653781e-05	0	0	0.00392855272117752	0.000523807029490336	6.98409372653781e-05	0	0	0.00314284217694201	0.00801424755120214	0.00127459710509315	5.23807029490336e-05	0.014491994482566	0.0112793113683586	0.000331744452010546	0.000523807029490336	0.00773488380214062	0	0.000558727498123025	0	0.0142300909678208	0.000820631012868193	0.0122221640214412	0.00275871702198243	0	0.000698409372653781	5.23807029490336e-05	0	0.00268887608471706	0.0266966982696908	0.0054126726380668	0.00588409896460811	0.157770677282489	0	0.00621584341661865	0.0985804829500812	0.00213014858659403	0.00775234403645697	0.0235363958584324	0.00019206257747979	8.73011715817226e-05	0.0222792589876556	0	0.00261903514745168	3.4920468632689e-05	0.000453966092224958	3.4920468632689e-05	0.0464442232814764	0.00560473521554659	0.00034920468632689	0.00532537146648508	0.000471426326541302	0	0	0.0163776997887312	0.00202538718069597	0	0	0	0.00267141585040071	0.0017634836659508	0.00034920468632689	0.00907932184449915	0.000244443280428823
np0766	0	0.0158948147794311	0.00106283885452244	0.0131660655855167	0.00243616995868065	0	0.000155246124817884	8.95650720103179e-05	0.000567245456065347	0	0.0728940266067974	0.000447825360051589	0.0120196326637847	7.16520576082543e-05	0.0155664095153933	8.95650720103179e-05	5.97100480068786e-05	5.97100480068786e-06	0.00724879982803506	0	6.56810528075665e-05	0.00234063388186964	0.0125271680718431	0.036441042298598	0.000155246124817884	0.000119420096013757	0.000423941340848838	0.00841911676896988	0	0.0148797439633141	2.38840192027514e-05	0	0.0117509374477537	0.0191430413910053	0.000889679715302491	0.00145692517136784	0.00265112613150541	3.58260288041272e-05	0.000394086316845399	0.0649525902218825	0	5.97100480068786e-05	0	0	0.00149872220497265	0.000292579235233705	0	1.79130144020636e-05	0	0.0192982875158232	0.0108970837612553	0.00278248823712054	0.000101507081611694	0.00765482815448184	0.00395280517805536	0.000232869187226827	0.000322434259237144	0.00426329742769113	0	0.000232869187226827	0	0.00596503379588717	0.00112254890252932	0.00746375600085982	0.00151663521937472	2.38840192027514e-05	0.000155246124817884	0.000214956172824763	0.000113449091213069	0.00283622728032673	0.00564259953665003	0.0155305834865891	0.0109149967756574	0.224420215433853	0	0.000985215792113497	0.209194153192099	0.00086579569609974	0.00414984833647806	0.0328047003749791	0.000107478086412381	0	0.0256394946141537	0	0.00159425828178366	0	8.95650720103179e-05	5.97100480068786e-05	0.0295445317538035	0.0323210489861234	2.38840192027514e-05	0.00407222527406912	0.000143304115216509	0	0	0.00558288948864315	0.0011822589505362	0	1.79130144020636e-05	0	0.00139124411856027	0.00168382335379398	0.000131362105615133	0.0022630108194607	0.000179130144020636
np0768	0	0.0089213300892133	0.00263584752635848	0.0362935928629359	0	0	0.00182481751824818	0.0366991078669911	0.00040551500405515	0	0.279197080291971	0	0.0350770478507705	0.0008110300081103	0.032441200324412	0.000202757502027575	0	0.00040551500405515	0.00689375506893755	0	0.00040551500405515	0.0111516626115166	0.00385239253852393	0.039132197891322	0.00344687753446878	0	0.00141930251419303	0.0129764801297648	0	0.0208840227088402	0.00040551500405515	0	0.00689375506893755	0.0154095701540957	0	0	0.0216950527169505	0	0.00121654501216545	0.055352798053528	0	0	0	0	0.00669099756690998	0.0008110300081103	0	0	0	0.00141930251419303	0.00425790754257908	0	0	0.022911597729116	0.014801297648013	0.0008110300081103	0.00141930251419303	0.00040551500405515	0	0.000202757502027575	0	0.0247364152473642	0.00040551500405515	0.0188564476885645	0.00304136253041363	0	0.000608272506082725	0	0.0024330900243309	0.00182481751824818	0.0117599351175994	0.00385239253852393	0.00770478507704785	0.0322384428223844	0	0.00182481751824818	0.039132197891322	0.00263584752635848	0.0024330900243309	0.033860502838605	0	0	0.0131792376317924	0	0.0016220600162206	0	0	0	0.0227088402270884	0.00121654501216545	0	0.00952960259529603	0.00040551500405515	0	0	0.0218978102189781	0.00446066504460665	0	0	0	0.00263584752635848	0.00304136253041363	0	0.0369018653690187	0.00527169505271695
np0771	0	0.00286668346774194	0	0.0248550907258065	0	0	0.000945060483870968	0	0.000189012096774194	0	0.453125	0.000378024193548387	0.00198462701612903	0.000126008064516129	0.023405997983871	0	3.15020161290323e-05	0.000189012096774194	0.0134828629032258	0	0	0.0145854334677419	0.000409526209677419	0.0183026713709677	0.00122857862903226	0.000472530241935484	0.000504032258064516	0	0	0.00529233870967742	0.00198462701612903	6.30040322580645e-05	0.00126008064516129	0.00828503024193548	0.00154359879032258	0	0.00166960685483871	0	0.000346522177419355	0.0192162298387097	0	0.000220514112903226	0	0.000661542338709677	0.000409526209677419	0.000567036290322581	0	6.30040322580645e-05	9.45060483870968e-05	0.000441028225806452	0.00573336693548387	0.000441028225806452	0	0.00352822580645161	0.123865927419355	0.000126008064516129	0.000661542338709677	9.45060483870968e-05	0.0018586189516129	0.000220514112903226	0	0.0020476310483871	0.000220514112903226	0.00749747983870968	0.00135458669354839	0	0.000126008064516129	0.000189012096774194	0.000882056451612903	0.00154359879032258	9.45060483870968e-05	0.0010710685483871	0.0166960685483871	0.0109942036290323	0	0.0020476310483871	0.014679939516129	0.000441028225806452	0.00740297379032258	0.000882056451612903	0	0	0.0101121471774194	0	0.00217363911290323	0	0	0	0.0281943044354839	0.00258316532258065	0	0.0145539314516129	9.45060483870968e-05	0	0	0.00620589717741935	0.00340221774193548	0	0	0	0.000220514112903226	0	0.000126008064516129	0.128213205645161	0.000220514112903226
np0772	0.00160480044655317	0.002511861568518	0	0.000244208763605917	0.00526793190064192	0	0.0210717276025677	0	0	0	0.0018838961763885	0	0.473590566564332	0	0.05442366731789	0	0	0	0.00457019257605359	0	0.000348869662294167	0	0.00223276583868267	0.000348869662294167	0	0.00198855707507675	0	0.0194320401897851	0	0.0103963159363662	0	0	0.0114080379570193	0.00373290538654759	0	0.0188040747976556	0	0.0002093217973765	0.00289561819704159	0.00655874965113034	0	0	0	0	0.000383756628523584	0	3.48869662294167e-05	0.00512838403572425	0	0.00195367010884733	0.00108149595311192	0.000383756628523584	0	0.00101172202065308	0.000593078425900084	0	0	0.0978579402735138	0.000453530560982417	0.000139547864917667	0	0.000732626290817751	0.000732626290817751	0	0.00010466089868825	0	3.48869662294167e-05	3.48869662294167e-05	0	3.48869662294167e-05	0.0002093217973765	0	0	0.229486463857103	0	0	0	0.000976835054423667	0.00031398269606475	0.000244208763605917	0.000139547864917667	0	0.00143036561540608	0	0	0.000139547864917667	0.000139547864917667	0.000802400223276584	0.00052330449344125	0	0	0	0	0.00921015908456601	3.48869662294167e-05	0.000453530560982417	0.0010466089868825	0	6.97739324588334e-05	0	0	0	0.000244208763605917	0.00031398269606475	0
np0773	0	0.002322340919647	0.020901068276823	0.113330236878774	0	0	0.0025545750116117	0.00534138411518811	0.000464468183929401	0	0.140037157454714	0.00278680910357641	0.0225267069205759	0	0.0348351137947051	0	0.0011611704598235	0	0.00882489549465862	0	0	0.0253135160241523	0.0002322340919647	0.0285647933116582	0.000928936367858802	0.000696702275894101	0.000928936367858802	0.0141662796098467	0.000464468183929401	0.0336739433348816	0.0013934045517882	0	0.00696702275894101	0.0329772410589875	0	0.000928936367858802	0.00789595912679981	0.000928936367858802	0.000464468183929401	0.0798885276358569	0	0	0	0	0.00650255457501161	0.00418021365536461	0.0002322340919647	0	0	0	0.00348351137947051	0.0020901068276823	0.000464468183929401	0.00905712958662332	0.00510915002322341	0	0.000696702275894101	0	0	0.000464468183929401	0	0.0109150023223409	0.0011611704598235	0.0137018114259173	0.00743149094287041	0	0.00464468183929401	0	0	0.00673478866697631	0.00859266140269392	0.00348351137947051	0.00325127728750581	0.0847654435671157	0	0.0018578727357176	0.0376219228982815	0.00348351137947051	0.0181142591732466	0.0390153274500697	0	0.000696702275894101	0.0215977705527171	0	0.00441244774732931	0	0.000928936367858802	0.0011611704598235	0.0202043660009289	0.00301904319554111	0.000696702275894101	0.00441244774732931	0.0013934045517882	0	0.0002322340919647	0.0109150023223409	0.0220622387366465	0	0.0011611704598235	0	0.000696702275894101	0.000464468183929401	0.000928936367858802	0.0332094751509522	0.00325127728750581
np0774	0	0.00436005797172052	0.00054805197968554	0.0476074486353506	0	0	0.00165633487193852	0	7.30735972914053e-05	0	0.425458841296326	0.00170505060346612	0.00332484867675894	6.08946644095044e-05	0.0325786454590849	0.000207041858992315	0	0.00112046182513488	0.0330658027743609	0	0	0.0186459462421903	0.000304473322047522	0.0370483138267425	0.00282551242860101	0.000852525301733062	0.000377546919338928	0.001351861549891	0	0.00858614768174013	0.00153454554311951	0	0.00121789328819009	0.0110341131910022	0.00203388179127745	2.43578657638018e-05	0.000669841308504549	0.00013396826170091	0.000219220791874216	0.0259533059713308	0	3.65367986457027e-05	0	0.00129096688548149	0.000706378107150251	0.00124225115395389	0.00013396826170091	0	0	7.30735972914053e-05	0.00460363662935854	0.000365367986457027	0.000182683993228513	0.00358060626727886	0.0533924417542535	0.000231399724756117	0.00192427139534034	3.65367986457027e-05	0.000755093838677855	0.000219220791874216	0	0.00159544020752902	0.000584588778331243	0.00834256902410211	0.00256975483808109	0	0.000511515181039837	0.000146147194582811	0.000645483442740747	0.00377546919338928	4.87157315276036e-05	0.00203388179127745	0.0212157010802713	0.0135429733646738	0	0.00205823965704125	0.0248572020119597	0.00125443008683579	0.0130923528480435	0.000815988503087359	0	0.000194862926110414	0.0172697268265355	0	0.00601639284365904	7.30735972914053e-05	0	0	0.035391978954804	0.0144198565321707	0.000341010120693225	0.0209843013555152	0.000401904785102729	0	6.08946644095044e-05	0.0095726412451741	0.00600421391077714	3.65367986457027e-05	0.00068202024138645	0	0.00312998575064853	0.000584588778331243	0.000657662375622648	0.0533559049556078	0.000377546919338928
np0775	0	0.00837530417067512	0.000169769679135306	0.0123931865768774	0	0	0	0	0	0	0.533699281308358	0.00186746647048837	0.00645124780714164	0	0.033218267217475	0	0	0	0.010525720106389	0	0	0.0109784392507498	0.000509309037405919	0.00458378133665327	0.00248995529398449	0.000509309037405919	0.000622488823496124	0	0	0.0126761360421029	0	0	0.00124497764699225	0.0126195461490578	0.00413106219229246	0	0.000962028181766737	0.000226359572180409	0.000226359572180409	0.00616829834191613	0	0	0	0.00147133721917266	0.00130156754003735	0.00113179786090204	0	0	0.000339539358270613	0	0.0132420349725539	0.000113179786090204	0	0.00396129251315715	0.00639465791409654	0.00079225850263143	0.00226359572180409	0	0.0363873012280007	0	0	0.00175428668439817	0.000169769679135306	0.00758304566804369	0.00164110689830796	0.000113179786090204	0	0.000226359572180409	0.00141474732612755	0.00492332069492389	0.000169769679135306	0.00186746647048837	0.0305585422443552	0.028238356629506	0	0.000622488823496124	0.0112047988229302	0.00101861807481184	0.000282949465225511	0.000396129251315715	5.65898930451021e-05	0.000282949465225511	0.0324260087148435	0	0.0078094052402241	0	0	0	0.101352498443778	0.0052062701601494	0	0.00362175315488654	0.0026597249731198	0	0.000113179786090204	0.00333880368966103	0.00209382604266878	0	0.000622488823496124	0	0.000396129251315715	0.000282949465225511	0	0.015505630694358	0
np0776	0.00037196845707484	0.0172593364082726	0.00245499181669394	0.0319892873084362	0.000818330605564648	0	0.00319892873084362	0.000223181074244904	0	0	0.185612260080345	0.0034965034965035	0.00223181074244904	0.000446362148489808	0.0247730992411843	0.00111590537122452	0.000297574765659872	0.00260377919952388	0.018672816545157	0	0.000595149531319744	0.00379407826216337	0	0.00468680255914298	0	0	0.00119029906263949	0.00461240886772802	0.00141348013688439	0.0183752417794971	0	0.000297574765659872	0.0055795268561226	0.0267817289093885	0	0	0.00178544859395923	0	0.000818330605564648	0.0502157417051034	7.4393691414968e-05	0	0	0.000595149531319744	0.00074393691414968	0	0	0.000669543222734712	0	0.00141348013688439	0.00379407826216337	0.00305014134801369	0	0.00453801517631305	0.0108614789465853	0.00200862966820414	0.00037196845707484	0.000818330605564648	0	0	0	0	0.00074393691414968	0.00610028269602738	0.00453801517631305	0	0.0018598422853742	0.000297574765659872	0.000520755839904776	0.0357089718791846	0.0579526856122601	0.0126469275405446	0.00669543222734712	0.221990775182265	0.0127957149233745	0	0.000297574765659872	0.000148787382829936	0.0245499181669394	0.0898675792292814	0	7.4393691414968e-05	0.01167980955215	0	0.01153102216932	0	0	0	0.00967117988394584	0.0133908644546942	0	0.00104151167980955	0.00156226751971433	0	0.00133908644546942	0.0107870852551704	0.0074393691414968	0	0.0016366612111293	0	0.00104151167980955	0.000967117988394584	0.00126469275405446	0.00520755839904776	0
np0783	0	0.0293117874699299	0.00121587700031377	0.0118188474008995	0.00415751490429871	0	0.000313774709758393	0.000117665516159398	0.000653697311996653	0	0.0800386988808702	0.000614475473276854	0.0416666666666667	0.000209183139838929	0.0359010563748562	0.000261478924798661	7.84436774395984e-05	0	0.00227486664574835	0	0.000457588118397657	0.00524265244221316	0.00343844786110239	0.021101349231252	0.000117665516159398	0.000431440225917791	0.000719067043196318	0.020905240037653	0	0.0221734128229265	5.22957849597322e-05	5.22957849597322e-05	0.0130085765087334	0.0298478192657672	0.000379144440958059	0.00189572220479029	0.0016211693337517	5.22957849597322e-05	0.000431440225917791	0.12693494404351	0	2.61478924798661e-05	0	1.30739462399331e-05	0.00403984938813932	0.000614475473276854	0	2.61478924798661e-05	0	0.00270630687166614	0.0118449952933794	0.00186957431231043	0.000352996548478193	0.0110605585189834	0.00896872712059408	0.00033992260223826	7.84436774395984e-05	0.0145382282188056	0	0.000431440225917791	0	0.00826273402363769	0.00143813408639264	0.00521650454973329	0.00124202489279364	0	0.000666771258236586	0	0.000235331032318795	0.00223564480702855	0.00541261374333229	0.0144859324338458	0.00739985357180211	0.225251019767807	0	0.0015427256563121	0.0712137851689154	0.0016211693337517	0.003320782344943	0.0233239200920406	0.000326848655998327	2.61478924798661e-05	0.0370123418052505	0	0.00186957431231043	1.30739462399331e-05	0.000313774709758393	1.30739462399331e-05	0.034567513858383	0.00719067043196318	6.53697311996653e-05	0.0029677857964648	5.22957849597322e-05	0	0	0.0107860056479448	0.00469354670013597	0	0	0	0.00194801798975003	0.00364763100094132	0.000444514172157724	0.006641564689886	0.000143813408639264
np0784	0.0962281379504109	0.00257544894757791	0.000585329306267706	0.0137435321111657	0.00222425136381728	0.000187305378005666	0.0110978436468357	0.000889700545526913	0	4.68263445014165e-05	0.222191004659221	0.00079604785652408	0.0221722741214207	0.000117065861253541	0.0100676640678045	0.00159209571304816	0	7.02395167521247e-05	0.000210718550256374	0.000187305378005666	0.00969305331179321	0.000585329306267706	0.000819461028774789	0.000421437100512748	0.000140479033504249	0.000749221512022664	0.000444850272763457	0.00721125705321814	0.000163892205754958	0.011636346608602	0	0.000117065861253541	0.00688347264170823	0.0134157476996558	7.02395167521247e-05	0	2.34131722507082e-05	0.00039802392826204	0.000187305378005666	0.0236004776287139	0	0.000257544894757791	0	0.000959940062279038	0.000608742478518414	0.000327784411509915	7.02395167521247e-05	0.000140479033504249	0	0.00107700592353258	0.0106998197185737	0	0.000702395167521247	0.00138137716279179	0.000889700545526913	0.00299688604809066	0	0.00416754466062607	0	0.00053850296176629	0.0263164056097961	9.3652689002833e-05	0	0.0162955678864929	0.00206035915806233	4.68263445014165e-05	0.000140479033504249	0.000234131722507082	0.000280958067008499	0.0601484395120695	0.00976329282854534	0.0153122146519632	0.00135796399054108	0.27009435508417	0	0	0.00208377233031303	0.000772634684273372	0.00173257474655241	0.000889700545526913	0.000444850272763457	7.02395167521247e-05	0.0056894008569221	0.000678981995270539	0.0547868230666573	4.68263445014165e-05	0	2.34131722507082e-05	0.00248179625857507	0.0263164056097961	0	0.000234131722507082	0.000280958067008499	4.68263445014165e-05	7.02395167521247e-05	0.001123832268034	0.00479970031139519	0	0	0.00241155674182295	0.000702395167521247	0.00273934115333287	0.000187305378005666	0.00287982018683711	0
np0789	4.82827437473847e-05	0.0069205266037918	0.000370167702063283	0.0129558695722149	0.000177036727073744	0	0.00226928895612708	0.000209225222905334	4.82827437473847e-05	0	0.11661892039785	0.00243023143528503	0.00104612611452667	0.000144848231242154	0.0401229600540767	0.000193130974989539	3.21884958315898e-05	0.000289696462484308	0.119338848295619	0	0.000901277883284514	0.00653426465381273	0	0.00217272346863231	0	9.65654874947694e-05	0.000160942479157949	0.000772523899958155	0.000675958412463386	0.00572955225802298	0	0.000177036727073744	0.00130363408117939	0.0155309492387421	0	0	0.000804712395789745	0.000177036727073744	0.000305790710400103	0.060031544725915	1.60942479157949e-05	0	6.43769916631796e-05	0.000836900891621335	0.0066147358933917	0	0.000193130974989539	0.000193130974989539	0	0.000112659735410564	0.00325103807899057	0.000515015933305437	0.000337979206231693	0.00511797083722278	0.00524672482054914	0.00196349824572698	0	1.60942479157949e-05	6.43769916631796e-05	0.000354073454147488	0	9.65654874947694e-05	0.000740335404126565	0.00513406508513857	0.00526281906846493	6.43769916631796e-05	0.000321884958315898	9.65654874947694e-05	3.21884958315898e-05	0.00877136511410822	0.0823864550809541	0.00159333054366369	0.00186693275823221	0.360881321015869	0.00370167702063283	3.21884958315898e-05	0	0.000225319470821129	0.00296134161650626	0.0584060256864197	0	0	0.0116200469952039	0	0.0018991212540638	0	0	0.000321884958315898	0.0119580262014356	0.00207615798113754	0	0.00152895355200051	0.00159333054366369	0	0.000354073454147488	0.00106222036244246	0.00296134161650626	0	0.000852995139537129	1.60942479157949e-05	0.00321884958315898	0.00143238806450575	0.000547204429137026	0.00249460842694821	0
np0790	0	0.00452496748793045	0	0.00276129905759535	0.000160333493666827	0	0.00605704309408013	0.000516630146259776	5.34444978889423e-05	0	0.0264550264550265	0.000427555983111539	0.00076603780307484	0	0.0447864892309337	0.0010510751251492	0	0.000213777991555769	0.00448933782267116	0	0.0581297988705396	0.00181711292822404	0	0.0236937273974311	0.000605704309408013	3.56296652592949e-05	0.000445370815741186	0.00090855646411202	0	0.00894304598008302	0	0	0.00582545026989471	0.00628863591826555	0	0.00154989043877933	7.12593305185898e-05	7.12593305185898e-05	0.00112233445566779	0.135606505976876	0.000231592824185417	0.000106888995777885	0	0	0.00557604261307965	0	1.78148326296474e-05	0.000178148326296474	0	0.00744660003919263	0.00406178183955962	3.56296652592949e-05	8.90741631482372e-05	0.06114050558495	0.00160333493666827	0.000160333493666827	0.000659148807296955	0.000338481819963301	0.000124703828407532	0.000944186129371315	0	0.000195963158926122	0	0.000783852635704488	0.00309978087755866	1.78148326296474e-05	0.000320666987333654	0.000124703828407532	5.34444978889423e-05	0.00220903924607628	0.00406178183955962	0.00183492776085369	0.000463185648370834	0.504498245238986	0.00190618709137228	0	0	0.000106888995777885	7.12593305185898e-05	0.00669837706874744	0	0	0.00831952683804536	0	0.00598578376356154	0	0	0	0.0186521297632409	0.00308196604492901	0	0.000748222970445193	0.000481000481000481	0	0.000178148326296474	8.90741631482372e-05	0.0100475656031212	1.78148326296474e-05	0.000463185648370834	0	0	0.00203089091977981	5.34444978889423e-05	0.00331355886911442	0
np0798	0	0.03419185282523	0.00299605781865966	0.0115111695137976	0.00730617608409987	0	0.000289093298291721	0.000210249671484888	2.6281208935611e-05	0	0.0601314060446781	0.000604467805519054	0.0334822601839685	0.000131406044678055	0.0286990801576873	0.000183968462549277	7.88436268068331e-05	0	0.00218134034165572	0	0.000473061760840999	0.00386333771353482	0.00417871222076216	0.0515111695137976	0.000157687253613666	0.000183968462549277	0.00113009198423127	0.0159001314060447	0	0.0195532194480946	2.6281208935611e-05	0	0.00985545335085414	0.0213929040735874	2.6281208935611e-05	0.00120893561103811	0.000840998685939553	0	0.00026281208935611	0.100893561103811	0	0	0	0	0.00402102496714849	0.000551905387647832	0	0	0	0.00144546649145861	0.00888304862023653	0.00323258869908016	0.000131406044678055	0.0117214191852825	0.00777923784494087	0.000315374507227332	0.00026281208935611	0.0144283837056505	0	0.000420499342969777	0	0.00917214191852825	0.000919842312746386	0.00278580814717477	0.0023915900131406	0	0.00076215505913272	0	0.000473061760840999	0.00197109067017083	0.0064388961892247	0.012772667542707	0.00538764783180026	0.272851511169514	0	0.00115637319316689	0.0854139290407359	0.00131406044678055	0.00302233902759527	0.0255190538764783	0.000289093298291721	5.25624178712221e-05	0.0343495400788436	0	0.00189224704336399	0	0.000446780551905388	0	0.0283048620236531	0.00730617608409987	0.000105124835742444	0.00254927726675427	2.6281208935611e-05	0	0	0.0116951379763469	0.00323258869908016	0	0	0	0.000367936925098555	0.00494086727989488	0.00026281208935611	0.0049934296977661	0.000157687253613666
np0799	0.000146606069491277	0.0277671895616479	0.000586424277965108	0.0214631285735229	0.000205248497287788	0.0032839759566046	0.000615745491863363	0.000557103064066852	0.000410496994575575	0.000146606069491277	0.435156135464008	0.00196452133118311	0.00161266676440405	0.00038117578067732	0.0194399648145433	0.000527781850168597	0.000146606069491277	0.000146606069491277	0.0123149098372673	0.00214044861457264	0.000293212138982554	0.00419293358745052	0	0.0274739774226653	0.00252162439524996	0.00038117578067732	0.000469139422372086	0	0.000322533352880809	0.0186189708253922	0.00178859404779358	0.000557103064066852	0.0038117578067732	0.0192640375311538	0	0	0.00146606069491277	0.000293212138982554	0.000205248497287788	0.0450373845477203	0.000146606069491277	5.86424277965108e-05	0	0.000908957630845917	0.00175927283389532	0.000322533352880809	0.000293212138982554	8.79636416947662e-05	5.86424277965108e-05	8.79636416947662e-05	0.00340126081219762	0.00114352734203196	0.000175927283389532	0.00313736988711333	0.0187069344670869	0.000967600058642428	0.000733030347456385	0	0	0.000498460636270342	0	0.000117284855593022	0.000234569711186043	0.0191467526755608	0.00351854566779065	8.79636416947662e-05	0.00120216976982847	0.000322533352880809	0.000234569711186043	0.0125201583345551	0.0251576015247031	0.0021697698284709	0.00733030347456385	0.0912182964374725	0	0.000674387919659874	0.0101451400087964	0.000703709133558129	0.0124615159067585	0.0188535405365782	0	8.79636416947662e-05	0.00829790353320627	0.00234569711186043	0.0169183404192934	0	0	2.93212138982554e-05	0.02571470458877	0.0150711039437033	0.000645066705761619	0.00290280017592728	0.00281483653423252	0	0.00131945462542149	0.0174754434833602	0.00202316375897962	0.000351854566779065	0.000557103064066852	2.93212138982554e-05	0.00266823046474124	0.00278551532033426	0.000645066705761619	0.00302008503152031	0
np0801	0.000600584204635418	0.0255111790559908	8.87226665938686e-05	0.0436447271436761	0.000245693538259944	7.50730255794273e-05	0.000566460102099315	6.14233845649859e-05	0	0	0.379951407277989	0.00937047855641397	0.00391744697114466	0.000443613332969343	0.0228904479812181	0.000136496410144413	3.41241025361033e-05	0	0.00260708143375829	0	4.0948923043324e-05	0.00539160820070432	3.41241025361033e-05	0.00357620594578363	0.000771204717315935	0.000470912614998226	0.000900876306953127	0.00530971035461767	0.000334416204853812	0.00797821517294095	0.000395839589418798	0.00197919794709399	0.0119980344516939	0.0155605907564631	0	0.00010237230760831	0	0.000116021948622751	0.000559635281592094	0.0233681854167235	0.000798503999344817	8.18978460866479e-05	3.41241025361033e-05	0	0.000900876306953127	8.18978460866479e-05	4.0948923043324e-05	0.000143321230651634	0.000191094974202178	0.000873577024924244	0.0103259534274249	0.000163795692173296	0.00010237230760831	0.000600584204635418	0.0822049630094728	0.000586934563620977	0.0043269362015779	3.41241025361033e-05	0	0.000177445333187737	0	0.00113974502470585	0.000136496410144413	0.00221806666484671	0.0014195626655019	0.00289372389506156	0.000354890666375474	0.000648357948185963	0.00126941661434304	0.00870164614670634	0.00139226338347301	0.00021156943572384	0.008722120608228	0.0645423275367858	0.00361033004831973	0.00227266522890448	0	0.000498211897027108	0.002443285741585	0.0480057874477901	3.41241025361033e-05	2.0474461521662e-05	0.00413584122737572	0	0.0200171985476782	5.45985640577653e-05	0.00010237230760831	7.50730255794273e-05	0.0871529578772078	0.0258387704403374	0	0.00424503835549125	0.00114656984521307	0.000143321230651634	4.77737435505446e-05	0.00430646174005624	0.00072343097376539	2.72992820288826e-05	6.82482050722066e-05	0	0.0118956621440856	0.00176762851137015	0.000150146051158855	0.0168641314733423	0
np0802	0.000409789040601898	0.0764666349763142	0.000475355287098202	0.00832691330503057	0.000278656547609291	0.000147524054616683	0.00127854180667792	0.000393397478977822	0.00262264985985215	0.000262264985985215	0.156736112249414	0.000426180602225974	0.00134410805317423	0.000180307177864835	0.0194076089629059	0.000163915616240759	6.55662464963037e-05	8.19578081203796e-05	0.00586817906141918	0.00381923385840969	0.000639270903338961	0.00206533676463357	6.55662464963037e-05	0.0900060648778009	0.00158998147753536	0.000704837149835265	0.000590096218466733	0.0040159325978986	6.55662464963037e-05	0.018997819922304	0.000229481862737063	0.000163915616240759	0.00462242037798941	0.0149982788860295	0	0.00513055878833577	0.00147524054616683	0.000213090301112987	0.00116380087530939	0.0357008212172374	1.63915616240759e-05	0	0	0.000672054026587113	0.00286852328421329	0.000262264985985215	0.000163915616240759	9.83493697444556e-05	1.63915616240759e-05	0.00152441523103906	0.00150802366941499	0.000295048109233367	6.55662464963037e-05	0.00336027013293556	0.00799908207254905	0.000180307177864835	0.000393397478977822	1.63915616240759e-05	1.63915616240759e-05	0.000327831232481519	0.000409789040601898	0.000672054026587113	0.000147524054616683	0.0248496074220991	0.00191781271001688	8.19578081203796e-05	0.000163915616240759	0.000131132492992607	0	0.00704837149835265	0.0198010064418837	0.00113101775206124	0.0143590079826905	0.320373071942564	0	0.00036061435572967	0.00960545511170849	0.000786794957955644	0.00750733522382677	0.0321110692215647	1.63915616240759e-05	0	0.00768764240169161	0.0215057288507876	0.00894979264674546	9.83493697444556e-05	0.000131132492992607	3.27831232481519e-05	0.0156703329126166	0.00881866015375285	6.55662464963037e-05	0.00213090301112987	0.000786794957955644	1.63915616240759e-05	0.000622879341714885	0.00344222794105594	0.00154080679266314	8.19578081203796e-05	0.000147524054616683	0	0.000508138410346354	0.00191781271001688	0.000344222794105594	0.00303243890045405	1.63915616240759e-05
np0803	0.000799259633181895	0.0406500645016546	0	0.00235571260306243	0.000434685063660329	0	0.0077401985529194	0.000813281732009647	0.000224353581244041	0.000154243087105278	0.0396264512872287	0.000224353581244041	0.00799259633181895	2.80441976555051e-05	0.0469880531717988	0.000336530371866061	0	0	0.00176678445229682	0.00302877334679455	0.0683437096864659	0.000897414324976162	0.000925458522631668	0.0347748050928263	0.00270626507375624	0.000252397778899546	0.000602950249593359	0.0223652476302653	0	0.0206545515732795	0	4.20662964832576e-05	0.00862359077906781	0.0160833473554322	0	0.0033372595210051	0.000182287284760783	0.00144427617925851	0.00729149139043132	0.0880587806382859	5.60883953110102e-05	4.20662964832576e-05	0	0.000420662964832576	0.00465533681081384	0.00935273991811094	7.01104941387627e-05	8.41325929665152e-05	0	0.00615570138538336	0.00175276235346907	0.000140220988277525	0.00016826518593303	0.0104604857255034	0.00270626507375624	0.000140220988277525	0.000126198889449773	5.60883953110102e-05	1.40220988277525e-05	0.00164058556284705	0.000616972348421112	0.00093948062145942	9.81546917942678e-05	0.0101800437489483	0.00141623198160301	7.01104941387627e-05	0.00011217679062202	0	1.40220988277525e-05	0.00120590049918672	0.000673060743732122	0.000224353581244041	0.0027483313702395	0.425514611026979	0	0.000392618767177071	0.00887598855796736	0.000154243087105278	0.000406640866004824	0.00759997756464188	8.41325929665152e-05	0	0.00548264064165124	0.0100117785630153	0.00365976779404341	0	0	0	0.0195047394694038	0.0101800437489483	0.000154243087105278	0.00144427617925851	0.00107970160973695	0	0.000588928150765607	0.000378596668349319	0.00752986707050311	1.40220988277525e-05	7.01104941387627e-05	1.40220988277525e-05	0	0.00385607717763195	0.000238375680071793	0.00667451904201021	0
np0807	0.000348837209302326	0.00872093023255814	0	0.00298449612403101	0.000116279069767442	0	0.00391472868217054	0	0	0	0.0878682170542636	3.87596899224806e-05	0.0232170542635659	0	0.0374418604651163	0.000852713178294574	0	3.87596899224806e-05	0.000387596899224806	0	0.00236434108527132	0.00143410852713178	0	0.00651162790697674	7.75193798449612e-05	0.000426356589147287	0.00062015503875969	0.00414728682170543	0	0.00798449612403101	0	0	0.00197674418604651	0.00841085271317829	0	0.00689922480620155	0	0.000271317829457364	0	0.0989147286821705	0.000232558139534884	0	3.87596899224806e-05	0.000232558139534884	0.00275193798449612	0.00182170542635659	0	0.000193798449612403	0	0.00116279069767442	0.00930232558139535	3.87596899224806e-05	0	0.0755038759689922	0.0010077519379845	0.000581395348837209	0.000658914728682171	0.000891472868217054	0.0108914728682171	0.00352713178294574	0	0.000310077519379845	0	0.0249612403100775	0.00104651162790698	0	0	0.000116279069767442	0.000193798449612403	0.00213178294573643	0.000697674418604651	0.00135658914728682	0.00813953488372093	0.491124031007752	0	0.000310077519379845	0	0.00116279069767442	0	0.00255813953488372	0	0	0.00147286821705426	0	0.0077906976744186	0	0	0	0.0156589147286822	0.0158914728682171	0	0.00329457364341085	3.87596899224806e-05	0.000232558139534884	0	7.75193798449612e-05	0.0036046511627907	0	7.75193798449612e-05	0	0	0.00255813953488372	3.87596899224806e-05	0.000348837209302326	0
np0811	0	0.00390126014155015	0.000241670982219921	0.0442948385983083	0.000552390816502676	0.000241670982219921	0.00153633695839807	0.000103573278094252	0	0	0.391886759882617	0.00317624719489038	0.00177800794061799	0.000207146556188503	0.0151216986017607	0.000535128603486967	0	0	0.00488520628344554	0	0.00150181253236665	0.00317624719489038	0	0.00857931986880718	0.00117383048506819	0.000327982047298464	0.000241670982219921	0.0242534092870706	0.000241670982219921	0.0437942344208528	8.63110650785431e-05	0.00238218539616779	0.0112377006732263	0.0225271879854997	0	0.00148455031935094	0	0.000966683928879682	3.45244260314172e-05	0.0734334541688244	5.17866390471258e-05	0	6.90488520628345e-05	0	0.00105299499395823	0	1.72622130157086e-05	8.63110650785431e-05	0.000776799585706888	0	0.00752632487484896	0.00115656827205248	0.000103573278094252	0.00203694113585362	0.0121353357500432	0.0196271361988607	0.00037976868634559	0.00407388227170723	0	0.000155359917141378	0	0	0.000845848437769722	0.018660452269981	0.00253754531330917	0	0.000362506473329881	0	8.63110650785431e-05	0.0113067495252891	0.0215950284826515	0.00478163300535129	0.00132919040220956	3.45244260314172e-05	0.000362506473329881	0	0.00928707060245123	0.000397030899361298	0.00467805972725703	0.0188158121871224	8.63110650785431e-05	5.17866390471258e-05	0.0106335232176765	0	0.0623511134127395	1.72622130157086e-05	5.17866390471258e-05	0.000138097704125669	0.0430864836872087	0.0468496461246332	0	0.00146728810633523	0.00101847056792681	0.00188158121871224	5.17866390471258e-05	0.00336613153806318	0.0100293457621267	0	1.72622130157086e-05	0.00012083549110996	0.000327982047298464	0.00037976868634559	0.00074227515967547	0.00909718625927844	0
np0817	0.00918722285653594	0.0266323252170681	0.00507155943814556	0.0341467300390324	0.0032925307347123	0.000504500677093014	0.0533974137702132	0	0.000106210668861687	0	0.103422638804068	0.00454050609383713	0.0751971535540745	0.00029207933936964	0.0476354849844667	0.00199145004115663	0.000185868670507953	0.0118690422452935	0.010514856217307	0	0.0012214226919094	0.00467326942991424	0	0.0227556358036165	0.00138073869520193	0.00172592336900242	0.000716922014816388	0.0112583308993388	0	0.0334829133586469	2.65526672154218e-05	5.31053344308436e-05	0.00937309152704389	0.0338546506996628	0.0012214226919094	0.000106210668861687	0	0.00716922014816388	0.00212421337723374	0.114734075037838	2.65526672154218e-05	2.65526672154218e-05	0.000106210668861687	0	0.00642574546613207	0.00334563606914315	0.000318632006585061	0.000477948009877592	7.96580016462654e-05	5.31053344308436e-05	0.00788614216298027	0.00469982209712966	0.000637264013170123	0.00260216138711134	0.0202862377525822	0.00472637476434508	0.00119487002469398	2.65526672154218e-05	0.000159316003292531	0.00045139534266217	0	0.000557606011523858	0.00161971270014073	0.00762061549082605	0.0026818193887576	0	0.00276147739040387	0.000690369347600966	0.000557606011523858	0.00971827620084438	0.00398290008231327	0.00262871405432676	0.00273492472318844	0.0059743501234699	0.00246939805103423	0.00276147739040387	0.00454050609383713	0.00355805740686652	0.0315976739863519	0.0672844587238788	0.000185868670507953	0.00106210668861687	0.0290486179336714	0	0.0262605878760521	0.000318632006585061	0.00159316003292531	7.96580016462654e-05	0.0129577016011258	0.0113645415682005	0	0.00220387137888001	0.00493879610206845	0	0.0047529274315605	0.0104883035500916	0.0265261145482064	0.0070630094793022	0.00252250338546507	0.000637264013170123	0.00148694936406362	0.000716922014816388	0.00626642946283954	0.00817822150234991	0.000212421337723374
np0818	0.000769563246502704	0.00177104966318431	0.000590349887728102	0.00777996816327391	0.000853898944749576	0	0.00129666136054565	5.27098114042948e-05	7.37937359660127e-05	0	0.0332493490338292	0.000600891850008961	0.000969860529839024	7.37937359660127e-05	0.0186381893125586	0.000274091019302333	1.0541962280859e-05	0	6.32517736851538e-05	0	0.00108582211492847	0.000295174943864051	0	0.000527098114042948	0.000115961585089449	0.00106473819036675	0.00290958158951707	0.00444870808252248	0	0.00746370929484814	0.000147587471932025	0	0.0708525284896531	0.0104049167712078	0	0.000432220453515217	0	2.10839245617179e-05	0	0.039985662931298	0	0.000527098114042948	2.10839245617179e-05	0.000210839245617179	0.000253007094740615	0.000210839245617179	0	0.000411136528953499	3.16258868425769e-05	0	0.00591404083956188	4.21678491234358e-05	4.21678491234358e-05	0.000253007094740615	0.0290536480460473	0.00195026302195891	3.16258868425769e-05	7.37937359660127e-05	2.10839245617179e-05	0.00020029728333632	0	0.000411136528953499	1.0541962280859e-05	0.00260386468337216	0.0015918363044097	2.10839245617179e-05	7.37937359660127e-05	0.000137045509651166	8.43356982468717e-05	0.00301500121232566	0.0147692891554834	0.000411136528953499	0.0166563004037572	0.270464584277717	0	0	0	0.000390052604391781	0.000621975774570679	0.00964589548698595	6.32517736851538e-05	3.16258868425769e-05	0.00217164422985695	0.379215467167058	0.00586133102815758	6.32517736851538e-05	0.00010541962280859	1.0541962280859e-05	0.0231185232819237	0.0136307572291506	0	0.000843356982468717	0	0.000179213358774602	2.10839245617179e-05	0.00337342792987487	0.00158129434212884	0	2.10839245617179e-05	3.16258868425769e-05	0.00112798996405191	0.000885524831592153	0.00010541962280859	0.000579807925447243	0
np0819	0.0155141954266093	0.00210256537858618	1.24412152579064e-05	0.0205777700365772	0.00654407922565876	0	0.0023265072532285	0.00013685336783697	0.00339645176540844	0	0.306091218990271	0.000223941874642315	0.00842270272960263	0.000236383089900221	0.0260643459653139	0.000833561422279728	0	0	0	0	0.00143073975465924	0.00268730249570778	8.70885068053448e-05	0.00143073975465924	0	0.000398118888253005	0.00352086391798751	0.00342133419592426	0	0.018612058025828	0	0.000534972256089975	0.00980367762323024	0.014892134663714	3.73236457737192e-05	0.0113215058846948	0	0	0.00017417701361069	0.021398890243599	0.000273706735673941	0.000273706735673941	0	0.000597178332379507	0.000846002637537635	0	0.000149294583094877	0.000273706735673941	0	1.24412152579064e-05	0.0262509641941825	0.00477742665903605	4.97648610316256e-05	0.00354574634850332	0.00904476349249795	0.00345865784169798	0.00242603697529175	0.02472069471746	0.000186618228868596	0.00124412152579064	0	0.000423001318768817	0.00660628530194829	0.0300828584936177	0.00353330513324542	0.000808678991763916	1.24412152579064e-05	0.000323471596705566	0	0.00904476349249795	0.0154768717808356	0.0123790091816169	0.00763890616835452	0.184266839184852	0	0	0	0.00075891413073229	0	0.0359053472343178	0.000646943193411132	7.46472915474384e-05	0.00327203961282938	0.00013685336783697	0.0265122297145985	2.48824305158128e-05	7.46472915474384e-05	0.000646943193411132	0.0141705441787554	0.0200552389957451	0	0.00165468162930155	0.000559854686605788	0.000385677672995098	0.00757670009206499	0.00187862350394387	0.0148174873721665	0.0295354450222698	9.95297220632511e-05	0	0.00339645176540844	0.00129388638682226	2.48824305158128e-05	0.00553634078976834	0
np0822	0.00161745603517186	0.00400304756195044	0.000199840127897682	0.03308603117506	0.00193595123900879	4.99600319744205e-05	0.00208583133493205	0.000287270183852918	0.00149880095923261	0	0.413956334932054	0.000911770583533174	0.00572666866506795	0.000181105115907274	0.018566396882494	0.000974220623501199	0	0	6.24500399680256e-05	0	0.00118655075939249	0.00209832134292566	0	0.00497726818545164	3.12250199840128e-05	0.000449640287769784	0.000655725419664269	0.00237934652278177	4.37150279776179e-05	0.0142448541167066	0	0.000149880095923261	0.00444019784172662	0.0114408473221423	0	0.00549560351718625	0	3.74700239808153e-05	0.000112410071942446	0.00788744004796163	0.000143635091926459	1.87350119904077e-05	6.24500399680256e-06	0.00226693645083933	0.000905525579536371	0.000112410071942446	3.74700239808153e-05	0.000118655075939249	1.24900079936051e-05	0	0.00657598920863309	0.00189223621103118	6.86950439648281e-05	0.00207958633093525	0.0111473321342926	0.00109287569944045	0.000768135491606715	0.0107976119104716	0.000524580335731415	0.000824340527577938	0	0.000137390087929656	0.00786870503597122	0.052283173461231	0.0102980115907274	0.000143635091926459	0.000412170263788969	0.000711930455635492	0.000143635091926459	0.0163119504396483	0.0385504096722622	0.0082996103117506	0.00423411270983213	0.0900217326139089	0	1.87350119904077e-05	0	0.00104291566746603	0.000162370103916867	0.019515637490008	0.000231065147881695	6.24500399680256e-05	0.00242930655475619	0.00021857513988809	0.0387002897681855	0.000106165067945643	3.12250199840128e-05	0.000324740207833733	0.0211455835331735	0.0114346023181455	0	0.00312250199840128	1.87350119904077e-05	0.000868055555555556	0.00248551159072742	0.00336605715427658	0.00720673461231015	0.0633180955235811	0.000393435251798561	0	0.0118467725819345	0.000655725419664269	0.000124900079936051	0.00158623101518785	0
np0827	0.00661332793194248	0.115049625278509	0.000688677334413612	0.00258254000405104	0.00204577678752279	1.01276078590237e-05	0.00171156572817501	0.000141786510026332	0.00104314360947944	0	0.0428802916751063	0.00019242454932145	0.0885355479035852	4.05104314360948e-05	0.0441766254810614	0.000516508000810209	4.05104314360948e-05	6.07656471541422e-05	0.00552967389102694	0.000881101883735062	0.000860846668017014	0.00186347984606036	0.00129633380595503	0.0225845655256228	6.07656471541422e-05	0.00194450070893255	0.000212679765039498	0.00956046181891837	8.10208628721896e-05	0.023070690702856	4.05104314360948e-05	0.000141786510026332	0.00702855985416245	0.02178448450476	0.000475997569374114	0.00258254000405104	4.05104314360948e-05	4.05104314360948e-05	0.00101276078590237	0.0825501316589022	5.06380392951185e-05	6.07656471541422e-05	0	0.000182296941462427	0.00279521976909054	0.000506380392951185	6.07656471541422e-05	0.00054689082438728	0	0.00245088110188374	0.00466882722300993	0.000172169333603403	0.000182296941462427	0.00100263317804335	0.0185233947741543	0.000354466275065829	0	0.062396192019445	0.00100263317804335	0.00105327121733846	0.0114036864492607	0.00107352643305651	8.10208628721896e-05	0.00474984808588211	0.00511444196880697	0	0.000182296941462427	0.000131658902167308	0	0.00126595098237796	0.0061980960097225	0.00190399027749646	0.00338262102491392	0.242039700222807	0	4.05104314360948e-05	0.00151914117885355	0.0021774356896901	0.00414219161434069	0.0344237391128216	0.000597528863682398	3.03828235770711e-05	0.0133785699817703	0.0497164269799473	0.0033319829856188	0.000202552157180474	0.000475997569374114	9.11484707312133e-05	0.0102086287218959	0.00466882722300993	0	0.00168118290459793	0.000202552157180474	0.000222807372898521	0.00144824792384039	0.0011545472959287	0.00156977921814867	7.08932550131659e-05	0.000253190196475592	3.03828235770711e-05	2.02552157180474e-05	0.00303828235770711	0.000850719060157991	0.000941867530889204	0
np0830	0	0.0126519719284373	0.000593061184145498	0.00276761885934566	0.000197687061381833	0	0.000494217653454581	0.000593061184145498	0	0	0.10675101314619	0.000691904714836414	0.0163091825640012	0	0.0418108134822576	9.88435306909163e-05	0	0	0.00177918355243649	0	0	0.00632598596421864	0.0102797271918553	0.043688840565385	0.001186122368291	0.000395374122763665	0.00217455767520016	0.00662251655629139	0	0.0402293169912029	0.000494217653454581	0	0.00207571414450924	0.0463576158940397	0	0.00148265296036374	0.0180883661164377	0	0	0.124542848670555	0	0	0	0	0.0111693189680735	0.000494217653454581	0	0	0	0.000593061184145498	0.0148265296036374	0.00128496589898191	0	0.0252051003261837	0.00761095186320055	0.000395374122763665	0.00177918355243649	0.0102797271918553	0	0.000691904714836414	0	0.0079074824552733	0.00158149649105466	0.00593061184145498	0.0036572106355639	0	0	0	0.000494217653454581	0.000494217653454581	0.0589107442917861	0.00276761885934566	0.0179895225857468	0.111396659088663	0	0.00454680241178215	0.0527824453889493	0.00177918355243649	0.000593061184145498	0.0206582979144015	0	0	0.0222397944054562	0	0.000988435306909163	0	0	0	0.0515963230206583	0.00563408124938223	0.000593061184145498	0.00385489769694573	0.000395374122763665	0	0	0.0300484333300385	0.00158149649105466	0	0	0	0.00079074824552733	0.00138380942967283	0.000296530592072749	0.025995848571711	9.88435306909163e-05
np0834	8.74941670555296e-05	0.0144657022865142	0.000145823611759216	0.010965935604293	0.000174988334111059	0.000291647223518432	0.000787447503499767	0.00139990667288847	0	0.00285814279048063	0.307162855809613	0.000699953336444237	0.000291647223518432	0.000116658889407373	0.0131241250583294	8.74941670555296e-05	0.000174988334111059	5.83294447036864e-05	0.017294680354643	0.00446220251983201	0.000204153056462902	0.00189570695286981	0	0.0409764349043397	0.00411222585160989	0.000204153056462902	0.000583294447036864	0.000437470835277648	0.000291647223518432	0.0116367242183854	0.000758282781147923	0.000524965002333178	0.00262482501166589	0.00883691087260849	5.83294447036864e-05	0	0.00122491833877741	0	0.000174988334111059	0.0757991133924405	0.000116658889407373	0	2.91647223518432e-05	0.000641623891740551	0.00174988334111059	0.000408306112925805	5.83294447036864e-05	0	0	0	0.00212902473168455	0.000670788614092394	0	0.00382057862809146	0.0085744283714419	0.000408306112925805	0.00081661222585161	0	0	5.83294447036864e-05	0	5.83294447036864e-05	0.000204153056462902	0.0224860009332711	0.00352893140457303	0	0.000145823611759216	0.000349976668222119	0.000174988334111059	0.00714535697620159	0.0049288380774615	0.00402473168455436	0.0049288380774615	0.170292813812413	0	0.000874941670555296	0.015253149790014	0.000495800279981335	0.00764115725618292	0.00804946336910873	5.83294447036864e-05	0	0.00942020531964536	0.00396640223985068	0.0422888474101727	8.74941670555296e-05	0	0	0.0338019132057863	0.0157781147923472	8.74941670555296e-05	0.00387890807279515	0.00259566028931405	0	0.000933271115258983	0.0767907139524032	0.00239150723285114	0.000320811945870275	0.000233317778814746	0	0.000204153056462902	0.00335394307046197	0.000174988334111059	0.0085744283714419	0
np0837	0.0596909590669341	0.0426974221826016	0.00024143822895773	7.42886858331476e-05	0.00616596092415125	0	0.00053859297229032	0	0.000222866057499443	0	0.00213579971770299	0	0.104357031424114	1.85721714582869e-05	0.000278582571874304	0	0	0	3.71443429165738e-05	0	0	0.000111433028749721	0.000315726914790877	0	0	0.000705742515414902	0	0.0164735160835005	0	5.57165143748607e-05	0	0	0.000798603372706337	0.00117004680187207	0	0.000872892058539484	0	1.85721714582869e-05	0.006667409553525	0.0014114850308298	0	0	0	0	3.71443429165738e-05	0	0	7.42886858331476e-05	0	0.0500891464229998	0.000482876457915459	0.000705742515414902	0	0	0.000148577371666295	0.000222866057499443	0	0.293978902013223	0.000315726914790877	0	0	0	0	0	0	0	0	0	0	0	0	0	0.00206151103186985	0.31548547656192	1.85721714582869e-05	0	0	0.000631453829581755	0.000408587772082312	0.00024143822895773	0.000167149543124582	0	0.000204293886041156	0	0.0187021766584949	9.28608572914345e-05	0.000111433028749721	0	3.71443429165738e-05	0	0	0	1.85721714582869e-05	0	0	0.0563665403759007	0.0142634276799643	0	0	0	1.85721714582869e-05	0	0	5.57165143748607e-05	0
np0843	0.000619732275656916	0.0257312840852752	0	0.0921665840356966	9.91571641051066e-05	0	0.000793257312840853	0	0	0	0.385299950421418	0.0120475954387705	0.00200793257312841	9.91571641051066e-05	0.0168567178978681	0.00022310361923649	0.000247892910262766	0	0.00473475458601884	2.47892910262766e-05	0	0.00185919682697075	0	0.00225582548339118	0.000842835894893406	0.00118988596926128	0.00059494298463064	0.00421417947446703	0.000768468021814576	0.00850272682201289	0	0.000470996529499256	0.00285076846802181	0.0146752602875558	0	7.436787307883e-05	0	0	0.00044620723847298	0.0218145761031234	0.000793257312840853	0.00052057511155181	0	0	0.00770946950917204	0	0.00188398611799703	0.000198314328210213	7.436787307883e-05	0.0191373326722856	0.00547843331680714	0.00128904313336639	9.91571641051066e-05	0.000470996529499256	0.00689142290530491	0.00114030738720873	0.00200793257312841	0	0	0.000272682201289043	0	9.91571641051066e-05	7.436787307883e-05	7.436787307883e-05	0.0018096182449182	0.00118988596926128	0.00044620723847298	0.000470996529499256	0.00037183936539415	0.0540654437283094	0.0087010411502231	0.00044620723847298	0.00582548339117501	0.0654685176003966	0.00141298958849777	0.000495785820525533	0	0.000793257312840853	0.0101140307387209	0.0251363411006445	4.95785820525533e-05	0	0.00535448686167576	0	0.0354982647496282	0	0	4.95785820525533e-05	0.0480664352999504	0.0489340604858701	0	0.00022310361923649	0.00059494298463064	0.000123946455131383	0.000198314328210213	0.00014873574615766	0.00123946455131383	0.00014873574615766	0.000322260783341596	4.95785820525533e-05	0.0148239960337134	0.00114030738720873	0.00022310361923649	0.0163361427863163	0
np0845	0	0.00683965590184741	0.000423071499083345	0.0468199125652235	0	0	0.00274996474404174	0	0	0	0.507121703567903	0.00641658440276407	0.00274996474404174	0.000141023833027782	0.0185446340431533	0.000282047666055563	0	0.00500634607248625	0.0621209984487378	0	0	0.0105767874770836	0	0.0281342546890424	0.00246791707798618	0.00204484557890283	0.000423071499083345	0.00169228599633338	0	0.0119165138908476	0.00274996474404174	0	0.00274996474404174	0.0150895501339726	0.000352559582569454	0	0	0	0.000282047666055563	0.0318713862642787	0	0	0	0.00133972641376393	0.00141023833027782	0.00211535749541673	0.000211535749541673	0	0.000282047666055563	0	0.00253842899450007	0.00133972641376393	0	0.00253842899450007	0.0227753490339867	0.00133972641376393	0.0023268932449584	0	0	0.000493583415597236	0	0.00289098857706952	0.000211535749541673	0.00338457199266676	0.00472429840643069	0	0.00148075024679171	0	0.000211535749541673	0.003878155408264	0	0.00669863206881963	0.0208010153715978	0.00712170356790298	0	0.00162177407981949	0.00549992948808349	0.00282047666055563	0.0258073614440841	0	0.000282047666055563	0	0.0169933718798477	0	0.00817938231561134	0	0	0	0.0234804681991257	0.0227753490339867	7.05119165138909e-05	0.0053589056550557	0	0	0	0.00578197715413905	0.00331406007615287	0	0.000423071499083345	0	0.0023268932449584	0.000775631081652799	0.000141023833027782	0.0146664786348893	0
np0846	4.80030721966206e-05	0.0151785714285714	0.000144009216589862	0.00208333333333333	0.000259216589861751	0	0.00115207373271889	0	0.000105606758832565	0	0.0215917818740399	0.000153609831029186	0.00137288786482335	0.000220814132104455	0.0111751152073733	4.80030721966206e-05	0	1.92012288786482e-05	0.00724846390168971	0	5.76036866359447e-05	0.00173771121351767	0.000144009216589862	0.00347542242703533	9.60061443932412e-06	0.000134408602150538	0.000259216589861751	0.000643241167434716	0.000134408602150538	0.00476190476190476	0	8.64055299539171e-05	0.00201612903225806	0.00668202764976959	0	9.60061443932412e-05	0	0.000806451612903226	0.00171850998463902	0.019815668202765	0	9.60061443932412e-06	5.76036866359447e-05	0.000672043010752688	0.00121927803379416	0	9.60061443932412e-05	9.60061443932412e-05	9.60061443932412e-06	0.000739247311827957	0.00315860215053763	0.000288018433179724	4.80030721966206e-05	0.00299539170506912	0.00537634408602151	0.000595238095238095	0.000288018433179724	0.000288018433179724	0	0.000220814132104455	0	0.000105606758832565	0.000192012288786482	0.000950460829493088	0.000624039938556068	0	0.000230414746543779	0.000115207373271889	0	0.00120007680491551	0.00934139784946237	0.000624039938556068	0.000307219662058372	0.804617895545315	0.0273617511520737	0	9.60061443932412e-06	0.000259216589861751	0.00432987711213518	0.00725806451612903	0	0.000316820276497696	0.00388824884792627	2.88018433179724e-05	0.00197772657450077	0	0	0	0.00615399385560676	0.000950460829493088	0	0.000422427035330261	0.000969662058371736	5.76036866359447e-05	0.000336021505376344	0.000240015360983103	0.00451228878648233	6.72043010752688e-05	0.00016321044546851	2.88018433179724e-05	0.000537634408602151	0.000547235023041475	0.000758448540706605	0.00097926267281106	0
np0847	0	0.0101212192538543	0	0.0233023420030599	0	0	0	0	0	0	0.505413675414852	0.00294221489937625	0.00441332234906438	0	0.0270683770742615	0	0	0.00082382017182535	0.0231258091090973	0	0	0.0145933859009062	0.0002353771919501	0.00653171707661528	0.00253030481346358	0.000882664469812875	0	0	0	0.00788513593032835	0	0	0.00105919736377545	0.00617865128869013	0.00370719077321408	0	0.00111804166176298	0.000294221489937625	5.8844297987525e-05	0.0134753442391432	0	0.0004707543839002	0	0.00200070613157585	0.000411910085912675	0.00082382017182535	0	0.0002353771919501	0	0	0.0051782982229022	0.00011768859597505	5.8844297987525e-05	0.00511945392491468	0.0101800635518418	0.00129457455572555	0.00170648464163823	0	0.0098858420619042	0	0	0.00276568200541368	0	0.0109450394256797	0.00264799340943863	0	0.000882664469812875	0.000411910085912675	0.00129457455572555	0.00764975873837825	0	0.0028245263034012	0.0213604801694716	0.0224785218312346	0	0.00276568200541368	0.0135341885371308	0.00100035306578793	0.0103565964458044	0	0	0	0.0476050370719077	0	0.0101800635518418	0.00011768859597505	0.000882664469812875	0	0.0712016005649053	0.0407790985053548	0.000882664469812875	0.00511945392491468	0.00158879604566318	0	0	0.00388372366717665	0.00323643638931388	0	0.000882664469812875	0.00011768859597505	0.00105919736377545	0.00082382017182535	0.0002353771919501	0.0169471578204072	0.000294221489937625
np0848	0	0.00916346438072716	0.00517292344073308	0.0227608631392255	0.000295595625184747	0	0.000886786875554242	0.0226130653266332	0.000443393437777121	0	0.141590304463494	0.000738989062961868	0.0180313331362696	0	0.0326633165829146	0	0	0	0.0103458468814662	0	0	0.00990245344368903	0.000295595625184747	0.0511380431569613	0.000295595625184747	0.000443393437777121	0.00295595625184747	0.0121194206325746	0	0.03798403783624	0.000295595625184747	0	0.00413833875258646	0.0229086609518179	0	0.000147797812592374	0.0107892403192433	0	0	0.0761158734850724	0	0	0	0	0.00679869937924919	0.00177357375110848	0	0	0	0	0.00576411469110257	0.00177357375110848	0	0.026899201891812	0.0100502512562814	0.00103458468814662	0.00118238250073899	0.000738989062961868	0	0.00162577593851611	0	0.016996748448123	0.000738989062961868	0.0137451965710907	0.0028081584392551	0	0	0	0	0.00177357375110848	0.0467041087791901	0.00354714750221697	0.00857227313035767	0.109370381318356	0	0.00310375406443985	0.0557197753473249	0.00399054093999409	0.00635530594147207	0.0252734259532959	0	0	0.0276381909547739	0	0.00295595625184747	0	0.000147797812592374	0	0.0369494531480934	0.00399054093999409	0.000443393437777121	0.00960685781850429	0.00251256281407035	0	0	0.0209872893881171	0.00162577593851611	0	0	0	0.00339934968962459	0.00103458468814662	0	0.0366538575229087	0.00147797812592374
np0849	0.00282066337397391	0.00046051646922023	0	0.000472029380950736	0.00117431699651159	0	0.126434796624414	0	5.75645586525288e-05	0	0.0142414718106356	0.000126642029035563	0.232376610368528	9.21032938440461e-05	0.0396850067350534	0.00168088511265384	0	2.30258234610115e-05	0.0151855305725371	0	8.05903821135403e-05	0.000610184321716805	0.000840442556326921	0.000126642029035563	0	0.000506568116142254	0	0.0431503931659356	2.30258234610115e-05	0.0369103950080015	0	2.30258234610115e-05	0.0609033030543755	0.00297033122647049	0	0.000828929644596415	3.45387351915173e-05	0	0.000587158498255794	0.00657387259811879	0	5.75645586525288e-05	0	0	0.000195719499418598	0	0	0.000794390909404898	0	0.000103616205574552	0.0077942412415524	8.05903821135403e-05	2.30258234610115e-05	0.000126642029035563	9.21032938440461e-05	0.000103616205574552	0	0.0382228669452791	0.000218745322879609	4.6051646922023e-05	0	0.000656235968638828	0.00192265625899446	0.00141608814285221	0.000161180764227081	0	0	9.21032938440461e-05	0	0.000161180764227081	0.0019917337293775	0.000149667852496575	0.000103616205574552	0.340056873783949	3.45387351915173e-05	0	0	0.000425977734028713	0.000518081027872759	0.000103616205574552	0.000402951910567702	0	0.000621697233447311	0	0.000172693675957586	0	9.21032938440461e-05	0.0061939465110121	0.000425977734028713	6.90774703830346e-05	0	2.30258234610115e-05	2.30258234610115e-05	0.00512324572007506	6.90774703830346e-05	0.000541106851333771	6.90774703830346e-05	0	0	0	4.6051646922023e-05	0.00029933570499315	0.000115129117305058	0.00105918787920653	0
np0851	0.00154187507051258	0.00315896355909894	0.000488887217479598	0.00780339212515513	0.000451280508442706	0.00101538114399609	0.00105298785303298	0.000507690571998044	0.000263246963258245	0	0.410759279455455	0.000488887217479598	0.00502049565642511	9.40167725922305e-05	0.0213230040239179	0.000169230190666015	0	0.000413673799405814	0.00723929148960174	0	0.000188033545184461	0.00759655522545222	0	0.0256853822721974	0.00131623481629123	7.52134180737844e-05	0.000488887217479598	0.00392990109435523	0	0.0152119138054229	0.000376067090368922	7.52134180737844e-05	0.00139144823436501	0.0108495355571434	5.64100635553383e-05	5.64100635553383e-05	7.52134180737844e-05	0.000169230190666015	0.000451280508442706	0.0328306569892069	0	0.000225640254221353	3.76067090368922e-05	0	0.00297093001391448	7.52134180737844e-05	3.76067090368922e-05	3.76067090368922e-05	0	0.000789740889774736	0.00400511451242902	0.000808544244293182	0.000169230190666015	0.00297093001391448	0.0263058929713061	0.00125982475273589	7.52134180737844e-05	0	0	0.000507690571998044	0	0	0.000827347598811628	0.0031401602045805	0.00139144823436501	0	0.000319657026813584	0.000131623481629123	0.000244443608739799	0.00291451995035914	0.00957090744988906	0.00137264487984656	0.00806663908841337	0.118856003911098	0.0125230341092851	0.000112820127110677	0.0236358166296867	0.000225640254221353	0.00161708848858636	0.0655672972058215	0	0	0.012560640818322	0	0.0140837125343161	3.76067090368922e-05	0.000112820127110677	0	0.0683878003835884	0.0211537738332519	0	0.00242563273287955	0.00159828513406792	0	5.64100635553383e-05	0.00539656274679403	0.00507690571998044	0	0.000300853672295137	0	0.0136324320258734	0.000601707344590275	0.000188033545184461	0.000977774434959197	0
np0856	0	0.0135064482398048	0.00261415127222029	0.0157284768211921	0.000130707563611014	0	0.00069710700592541	0.00618682467758801	0.000609968630184733	0	0.180507145346811	0.000653537818055071	0.0182119205298013	0.000392122690833043	0.0277535726734054	0.000130707563611014	0	0	0.0054897176716626	0	0.000348553502962705	0.0102823283373998	0.00161205995120251	0.0531108400139421	0.0012635064482398	0.000348553502962705	0.00287556639944231	0.0128093412338794	0.000261415127222029	0.0249651446497037	0.00069710700592541	0	0.00383408853258975	0.0184733356570234	0.000174276751481352	0.000566399442314395	0.0226559776925758	0	0.000609968630184733	0.0753746950156849	0	0	0	0	0.00853956082258627	0.000566399442314395	0	0	0	0.003093412338794	0.00400836528407111	0.000740676193795748	0	0.0257493900313698	0.00958522133147438	0.000261415127222029	0.0012635064482398	0.00261415127222029	0	0.00117636807249913	0	0.00967235970721506	0.000479261066573719	0.0127222028581387	0.00300627396305333	8.71383757406762e-05	0.000479261066573719	8.71383757406762e-05	0.000174276751481352	0.00252701289647961	0.036598117811084	0.00522830254444057	0.00893168351341931	0.105393865458348	0	0.00762460787730917	0.0523701638201464	0.00100209132101778	0.00614325548971767	0.0267514813523876	0	0	0.0258365284071105	0	0.00230916695712792	0	0.000392122690833043	0	0.036336702683862	0.0042262112234228	0.000479261066573719	0.0175148135238759	0.00108922969675845	0	4.35691878703381e-05	0.0282328337399791	0.00156849076333217	0	0.000130707563611014	0	0.00352910421749739	0.0009149529452771	0.00021784593935169	0.0362495643081213	0.00117636807249913
np0858	0	0.00742437741292266	0.00428492639260108	0.043909889270714	0	0	0.000933350303338849	0.00666072716473633	8.4850027576259e-05	0	0.183615459675024	0.000593950193033813	0.00691527724746511	0.000254550082728777	0.0211276568664885	0	0.000127275041364388	0	0.0215943320181579	0	0.000636375206821942	0.00691527724746511	0.000296975096516906	0.0412371134020619	0.000296975096516906	0.000212125068940647	0.000509100165457554	0.00606677697170252	0.000169700055152518	0.0178609308048025	0.000593950193033813	0	0.00967290314369352	0.0148487548258453	0.000551525179245683	0	0.012133553943405	0.000212125068940647	0.000636375206821942	0.0586737940689831	0	0	0	0	0.00161215052394892	0.000381825124093165	4.24250137881295e-05	0	0	0.00721225234398201	0.00263035085486403	0.0018667006066777	0	0.00907895295065971	0.0131941792881083	0.000212125068940647	0.00084850027576259	0.00127275041364388	0	0.000975775317126978	0	0.00492130159942302	0.000678800220610072	0.0216791820457342	0.00250307581349964	8.4850027576259e-05	0.000593950193033813	0	0.000636375206821942	0.00568495184760935	0.0267701837003097	0.0125153790674982	0.00818802766110899	0.0820075516524543	0	0.00369097619956726	0.143141996521149	0.00110305035849137	0.0116244537779475	0.0421280386916126	0	0	0.0119638538882525	0	0.00521827669593993	4.24250137881295e-05	0	4.24250137881295e-05	0.0345763862373255	0.0140002545500827	0.000381825124093165	0.0080607526197446	0.00084850027576259	0	4.24250137881295e-05	0.0323702855203428	0.00123032539985576	0	8.4850027576259e-05	0	0.00195155063425396	0.000339400110305036	0.000296975096516906	0.011454753722795	0.000763650248186331
np0860	0.000845174581374465	0.0203687074111246	0.00025355237441234	0.0846125402778511	0.000105646822671808	0	0.000433151972954413	1.05646822671808e-05	0	0	0.349648724314616	0.00998362474248587	0.00136284401246633	0.000285246421213882	0.0133431937034494	0.000211293645343616	9.50821404046273e-05	0	0.00613808039723205	0	4.22587290687233e-05	0.00293698167027627	0.00142623210606941	0.00438434314088004	0.000676139665099572	0.00106703290898526	0.000507104748824679	0.00408853203739898	0.000665574982832391	0.0080397232053246	0	0.000876868628176008	0.00259891183772648	0.0134065817970525	0	4.22587290687233e-05	0	0	0.000971950768580635	0.0503512756853838	0.000676139665099572	0.000971950768580635	2.11293645343616e-05	0	0.000433151972954413	2.11293645343616e-05	6.33880936030849e-05	0.000221858327610797	2.11293645343616e-05	0.0285669008504569	0.00514500026411706	0.00117267973165707	0.000137340869473351	0.000538798795626222	0.00707833711901115	0.000950821404046273	0.000813480534572923	0	0	7.39527758702657e-05	0	0.00025355237441234	6.33880936030849e-05	0	0.00271512334266547	0.0010459035444509	0.000739527758702657	0.000454281337488775	0.000454281337488775	0.0133114996566478	0.00947651999366119	0.000232423009877978	0.00820875812159949	0.0966774074269716	0.00514500026411706	0.000433151972954413	0	0.000570492842427764	0.0115049389889599	0.0519782367545296	0.000137340869473351	0	0.00658179705245365	1.05646822671808e-05	0.0348106280703608	3.16940468015424e-05	0	0	0.0571760604299826	0.040431039036501	0	0.000929692039511912	0.000422587290687233	8.45174581374465e-05	0.000686704347366753	0.000718398394168295	0.00133114996566478	0.00012677618720617	0.000443716655221594	0	0.0157413765780994	0.000866303945908827	0.000232423009877978	0.00928635571285194	0
np0862	0.0030896955116866	0.0161324559541499	0.000188683695370174	0.0194815915469704	0.000471709238425435	0	0.00327837920705677	9.43418476850869e-05	0	0	0.229368617184368	0.000943418476850869	0.0218873086629402	9.43418476850869e-05	0.0162032123399137	0.000754734781480695	0	0.00082549116724451	0.000306611004976532	0	0.000613222009953065	0.000448123776504163	0	0.0124767093563527	0.000212269157291446	0.000424538314582891	0.000731149319559424	0.00212269157291446	0	0.0115568763414231	0	0	0.00426896860775018	0.0110379961791552	0	0.00452840868888417	0	0.00014151277152763	0.00014151277152763	0.0611335172999363	0	0.000117927309606359	0.00014151277152763	0.000754734781480695	0.00127361494374867	0.000471709238425435	0	0.000165098233448902	0	9.43418476850869e-05	0.00830208259628765	0.00113210217222104	0	0.00436331045543527	0.0037500884454822	0.00806622797707493	0	0.000990589400693413	0.00188683695370174	0.00120285855798486	0	0.000660392933795608	0.000212269157291446	0.0296705110969598	0.00273591358286752	4.71709238425435e-05	0.000306611004976532	0.00054246562418925	0.000259440081133989	0.0104955305549659	0.0249534187127055	0.00389160121700984	0.00563692539918394	0.408971909714852	0	9.43418476850869e-05	0	0.000330196466897804	0.00408028491238001	0.00485860515578198	2.35854619212717e-05	9.43418476850869e-05	0.00245288803981226	0	0.0187268567654898	7.07563857638152e-05	0	0	0.00811339890091748	0.00731149319559424	0	0.00120285855798486	4.71709238425435e-05	0.000235854619212717	9.43418476850869e-05	0.000990589400693413	0.00323120828321423	0.000471709238425435	0.000188683695370174	0.000165098233448902	0	0.00160381141064648	9.43418476850869e-05	0.00146229863911885	0
np0864	0.000722079589216945	0.0357429396662388	4.01155327342747e-05	0.0162467907573813	0.000441270860077022	0	0.00172496790757381	0	0.000120346598202824	0.0230263157894737	0.473042362002567	0.00112323491655969	0.00232670089858793	0	0.0165275994865212	8.02310654685494e-05	0	4.01155327342747e-05	0.000280808729139923	0.0144817073170732	0.0105503851091142	0.00336970474967908	0.000441270860077022	0.0154043645699615	0.00373074454428755	0.000361039794608472	0.000641848523748395	0.00100288831835687	0.000200577663671374	0.00441270860077022	4.01155327342747e-05	0.00393132220795892	0.00272785622593068	0.00256739409499358	0	0.00120346598202824	0.000802310654685494	0.00104300385109114	0.00068196405648267	0.0034900513478819	0.000722079589216945	4.01155327342747e-05	0	0.000521501925545571	0.00236681643132221	0.000120346598202824	0.00192554557124519	0	0.000160462130937099	0.000160462130937099	0.00541559691912709	4.01155327342747e-05	8.02310654685494e-05	0.00076219512195122	0.00621790757381258	0	0.00180519897304236	0.000441270860077022	0	0.00068196405648267	0.000160462130937099	0.000842426187419769	8.02310654685494e-05	0.0572849807445443	0.00100288831835687	0.00108311938382542	0.000240693196405648	0.000401155327342747	0.00104300385109114	0.0675144415917843	0.000561617458279846	0.000962772785622593	0.0270779845956354	0.0553995507060334	0	0.00172496790757381	0.0162467907573813	0.000240693196405648	0.000521501925545571	0.00216623876765083	0	0	0.00128369704749679	0.000441270860077022	0.00477374839537869	0	8.02310654685494e-05	0	0.0461328626444159	0.010951540436457	0.000441270860077022	0.00320924261874198	0.00304878048780488	0	0.000962772785622593	0.000441270860077022	0.000882541720154044	0.00068196405648267	0	0	4.01155327342747e-05	0.00104300385109114	4.01155327342747e-05	0.0269576379974326	0
np0867	0.00199687812012206	0.00750938673341677	0.000140625219726906	0.00812813770021516	0.000168750263672287	0	0.00102656410400641	0	0	0	0.0768657451027267	0.000337500527344574	0.0091125142383035	9.84376538088341e-05	0.0117000182812786	0.000646876010743767	0	0	0.000210937829590359	0	0.000998439060061031	0.000323438005371883	0	0.0034312553613365	0.000126562697754215	0.000196875307617668	0.000773438708497982	0.00300937970215578	0	0.00589219670655735	0	0	0.00867657605715009	0.00779063717287058	0	0.00416250650391641	0	4.21875659180717e-05	0.000323438005371883	0.0502875785743415	4.21875659180717e-05	0.000407813137208027	0.000267187917481121	0.000365625571289955	0.00206719072998552	0.000660938532716457	0	0.000112500175781525	0	4.21875659180717e-05	0.00580782157472121	0.00168750263672287	8.43751318361435e-05	0.00898595154054928	0.000689063576661839	0.00590625922853004	0	0.00095625149414296	0.00210937829590359	0.0011953143676787	0	0.000660938532716457	9.84376538088341e-05	0.0131906456103838	0.0011953143676787	1.40625219726906e-05	0.000154687741699596	0.000112500175781525	0.000196875307617668	0.00281250439453812	0.00376875588868108	0.00147656480713251	0.00442969442139753	0.67663230723798	0	0.000182812785644978	0	0.000309375483399193	0.000196875307617668	0.00225000351563049	0	0	0.00167344011475018	0	0.0136125212695645	0	0	0	0.0224719101123595	0.0117422058471966	0	0.00109687671386987	9.84376538088341e-05	0.000267187917481121	0.000140625219726906	0.000281250439453812	0.00344531788330919	0	9.84376538088341e-05	2.81250439453812e-05	0	0.00125156445556946	4.21875659180717e-05	0.000703126098634529	0
np0868	0	0.000481044553888443	0.00105371664185088	0.0195395716412782	0	0	0.0372236857175581	0	0	0	0.309792692704158	0.00208452640018326	0.00923147405795442	9.16275340739892e-05	0.247577597067919	0	0.00025197571870347	0	0	0	0	2.29068835184973e-05	4.58137670369946e-05	4.58137670369946e-05	0	0	0	0.00059557897148093	0.000412323903332952	0.00137441301110984	0	0	0.016813652502577	4.58137670369946e-05	0	4.58137670369946e-05	0	0.00107662352536937	0.000389417019814454	0.000572672087962433	0	0	0.00235940900240522	0	0.000618485854999427	0	2.29068835184973e-05	0	4.58137670369946e-05	0.000114534417592487	0.021372122322758	0.0138128507616539	0	0	4.58137670369946e-05	0	0	0.140968961172832	0	0	0	0	0.00492497995647692	0	0.000389417019814454	0	0.000320696369258962	0.00444393540258848	6.87206505554919e-05	0.00554346581147635	0	4.58137670369946e-05	0	0.000435230786851449	0	0	0	0.000618485854999427	0.136181422517467	0.000320696369258962	0	0	0.000412323903332952	0	4.58137670369946e-05	0	4.58137670369946e-05	0	0.000114534417592487	0.00886496392165846	0	0.000114534417592487	0	0	9.16275340739892e-05	4.58137670369946e-05	0.00845264001832551	0	0.000206161951666476	0	0	0	0	0.000183255068147978	0
np0869	0	0.01289173941955	0.000686415410025955	0.0255904245050301	0.000235955297196422	0	0.00274566164010382	0.000171603852506489	0	0	0.222119736588086	0.00186619189600807	0.00124412793067204	0.0001930543340698	0.0271777601407152	0.000300306741886355	2.14504815633111e-05	0.00278856260323044	0.0301379265964521	0	0.00100817263347562	0.00257405778759733	0.000514811557519466	0.00429009631266222	4.29009631266222e-05	0.000150153370943178	0.000536262039082777	0.00186619189600807	0.0003861086681396	0.0119693687123276	0	6.43514446899333e-05	0.012548531714537	0.0155515991334005	0	0	0.00394688860764924	0.000257405778759733	0.000364658186576289	0.0357794032476029	0	0	6.43514446899333e-05	0.0005791630022094	0.0044402496836054	0	4.29009631266222e-05	0.000364658186576289	2.14504815633111e-05	0.000278856260323044	0.00343207705012978	0.00126557841223535	0.0001930543340698	0.00819408395718484	0.00960981574036337	0.00143718226474184	0.000171603852506489	0.000429009631266222	0.000343207705012978	0.0001930543340698	0	0	0.000257405778759733	0.00253115682447071	0.00439734872047877	4.29009631266222e-05	0.00117977648598211	6.43514446899333e-05	0.000235955297196422	0.0243033956112315	0.0470838070314679	0.00459040305454857	0.004826358351745	0.306548832021279	0.00203779574851455	0	0	0.000257405778759733	0.00750766854715888	0.0771359317016667	0	0	0.00823698492031146	0	0.0126772346039169	0	0	8.58019262532444e-05	0.00963126622192668	0.00997447392693966	0	0.00111542504129218	0.00268131019541389	0	0.000707865891589266	0.00789377721529848	0.00356077993950964	0.000171603852506489	0.00203779574851455	0	0.00120122696754542	0.00098672215191231	0.000793667817842511	0.00416139342328235	0
np0870	0.000324840117754543	0.011430311643488	0	0.00318749365546645	0.000466957669272155	0	0.000121815044157954	8.12100294386357e-05	2.03025073596589e-05	0.000345142625114202	0.102608872195716	0.000284235103035225	0.000690285250228403	8.12100294386357e-05	0.0154908131154198	6.09075220789768e-05	0	0	0.00554258450918688	0.00255811592731702	0	0.0027205359861943	0	0.0246675464419856	0.00265962846411532	0.000284235103035225	0.000365445132473861	0.00198964572124657	2.03025073596589e-05	0.0186377017561669	0.000548167698710791	0.000121815044157954	0.00753223023043346	0.021845497918993	0	4.06050147193178e-05	0.000203025073596589	0	0	0.108659019388895	8.12100294386357e-05	0.000426352654552837	0	0.00162420058877271	0.00056847020607045	0.000345142625114202	4.06050147193178e-05	0	0	6.09075220789768e-05	0.00615165972997665	0.00696376002436301	0	0.0163638209318851	0.00404019896457212	0	0.000527865191351132	0.000690285250228403	0	0.00162420058877271	0	0.000243630088315907	0.000142117551517612	0.0111866815551721	0.00152268805197442	4.06050147193178e-05	0.000142117551517612	0.000101512536798295	0.000101512536798295	0.00243630088315907	0.00164450309613237	0.00105573038270226	0.0153893005786215	0.435082732717491	0	0.000507562683991473	0.0283016952593645	0.000385747639833519	0.000527865191351132	0.00525834940615166	0.000304537610394884	0	0.0144756877474368	0.00278144350827327	0.0108009339153385	0	0	0.000142117551517612	0.0391026291747031	0.0145772002842351	0	0.00198964572124657	0.00207085575068521	0	0.000873007816465333	0.0135620749162522	0.00858796061313572	0	8.12100294386357e-05	0	0	0.00430413156024769	0.000162420058877271	0.00901431326768856	0
np0872	0.000386390469035097	0.0189438660513041	0.000826446280991736	0.0244821294408071	0.000193195234517549	0.00500160996028765	0.000965976172587743	0.000515187292046796	2.14661371686165e-05	6.43984115058495e-05	0.396694214876033	0.00112697220135237	0.00229687667704197	0.000128796823011699	0.0136202640334872	0.000472255017709563	0.000128796823011699	0.000515187292046796	0.0122356981861114	0.0024686057743909	0.000654717183642804	0.00579585703552646	0.000128796823011699	0.0175271009981754	0.00186755393366964	0.000547386497799721	0.000354191263282172	0.00266180100890845	0.000364924331866481	0.0100461521949125	0.000225394440270473	0.000579585703552646	0.0050767414403778	0.0097563593431362	3.21992057529248e-05	0	0.00118063754427391	0.000214661371686165	0.000160996028764624	0.0225179778898787	6.43984115058495e-05	4.2932274337233e-05	5.36653429215413e-05	0.00189975313942256	0.00101964151550928	0.000386390469035097	0.000214661371686165	0.000160996028764624	3.21992057529248e-05	0.000343458194697864	0.00164215949339916	0.00108403992701513	0.000107330685843083	0.00229687667704197	0.0131158098100247	0.000515187292046796	0.00106257378984652	0	0	0.000193195234517549	6.43984115058495e-05	0.000343458194697864	0.000332725126113556	0.0464312546957175	0.00153482880755608	0	0.000719115595148653	0.000139529891596007	0.000225394440270473	0.0135880648277342	0.017967156810132	0.00197488461951272	0.00958463024578727	0.117559300203928	0	0.00024686057743909	0.0100461521949125	0.000418589674788022	0.025662766985081	0.0232370934850274	4.2932274337233e-05	0	0.00870451862187399	0.0682945154019534	0.0117097778254803	4.2932274337233e-05	0.000107330685843083	3.21992057529248e-05	0.0183535472791671	0.0143608457658044	0.000139529891596007	0.00154556187614039	0.00471181710851132	0	0.001567028013309	0.00460448642266824	0.00241494043146936	0.00049372115487818	0.00042932274337233	8.5864548674466e-05	0.00258666952881829	0.00108403992701513	0.000794247075238811	0.00280133090050445	0
np0873	0.0489996176882885	0.0021345737224417	9.55779278705238e-05	0.000286733783611571	0.00124251306231681	0	0.023352873709698	0	9.55779278705238e-05	0	0.00121065375302663	0	0.0166942780680515	0	0.0457181088314005	0.00146552822734803	0	0	0.000159296546450873	0	0.029374283165541	6.37186185803492e-05	0.000223015165031222	0.000477889639352619	0	0.000254874474321397	0	0.00716834459028928	0	0.00105135720657576	0	0	0.0149738753663821	0.0145597043456098	0	0	0	0	0.000286733783611571	0.0993054670574742	0	0.000159296546450873	0	3.18593092901746e-05	0.000477889639352619	0.000828342041544539	0	9.55779278705238e-05	0	0.0110233210144004	0.00159296546450873	0	0.000318593092901746	0	0	0.000605326876513317	0	0.00149738753663821	0	0.000127437237160698	0.0210908627500956	0.000541608257932968	0	0.000796482732254365	0.00149738753663821	0	0	0	0	0	0	0.00133809099018733	0.00207085510386135	0.592678730725118	0	0	0	0.000637186185803492	0	0.00219829234102205	0.000191155855741048	0	0.00818784248757487	0.000446030330062444	0.00630814323945457	3.18593092901746e-05	0	0	0.000254874474321397	0.00305849369185676	0	0	0	0.000191155855741048	0	0	0.00640372116732509	0	0	0	6.37186185803492e-05	0.0145597043456098	0	0.011501210653753	0
np0875	0	0.00656342939185725	0.0101528048405292	0.0746590093323762	0	0	0.00225617885345093	0.00574300071787509	0.000102553584247769	0	0.163470413290945	0.00215362526920316	0.0176392164906163	0.000615321505486617	0.0271766998256589	0.000205107168495539	0.000512767921238847	0.000512767921238847	0.0168187878166342	0	0	0.0183570915803507	0.000102553584247769	0.0372269510819403	0.000410214336991078	0.000307660752743308	0.00112808942672546	0.0161009127268998	0.000410214336991078	0.0308686288585786	0.000512767921238847	0	0.00625576863911394	0.0308686288585786	0	0	0.00451235770690186	0.000615321505486617	0.00164085734796431	0.0614295969644139	0	0	0	0.000102553584247769	0.00543533996513178	0.00461491129114963	0.000307660752743308	0	0	0	0.00174341093221208	0.00420469695415855	0.000615321505486617	0.0128191980309712	0.00851194749256486	0.00112808942672546	0.000205107168495539	0	0	0.00112808942672546	0	0.00902471541380371	0.000615321505486617	0.0123064301097323	0.00492257204389293	0	0.00266639319044201	0.000102553584247769	0.000205107168495539	0.00769151881858271	0.0114860014357502	0.00584555430212286	0.00779407240283048	0.114244692852015	0	0.000410214336991078	0.0319967182853041	0.00410214336991078	0.0308686288585786	0.0655317403343247	0.000102553584247769	0.000307660752743308	0.0210234847707927	0	0.00338426828017639	0.000307660752743308	0.000820428673982156	0.000307660752743308	0.0242026458824736	0.00410214336991078	0	0.00646087580760948	0.00205107168495539	0	0.000410214336991078	0.00933237616654702	0.00984514408778587	0	0.000102553584247769	0	0.00215362526920316	0.00112808942672546	0.000717875089734386	0.0218439134447749	0.00143575017946877
np0879	0.00373257899820615	0.00712018766386091	0.000476059058920933	0.0077342348558024	0.000765834138264109	0.00109700565751345	0.000827928798123361	0.000213881606181868	0.000179384572926728	0	0.362329239685387	0.000586449565337381	0.00642334759210708	0.000110390506416448	0.0356492341658617	0.000365668552504485	6.89940665102801e-06	0.000731337105008969	0.00264937215399476	0	0.00010349109976542	0.00558851938733269	0	0.0222229888229612	0.00106250862425831	0.000158686352973644	0.000407064992410653	0.00429833034359045	0	0.0145577480336691	0.000213881606181868	8.27928798123361e-05	0.00153166827652822	0.00854146543397268	0	0.000227680419483924	0.000110390506416448	0.0001724851662757	0.00252518283427625	0.0596453704981372	0	0.000338070925900373	0	0	0.00400165585759625	9.65916931143922e-05	0	4.13964399061681e-05	4.13964399061681e-05	0.00101421277770112	0.00427763212363737	0.00187663860907962	0.000393266179108597	0.00384986891127363	0.0213536635849317	0.00348420035876915	3.44970332551401e-05	5.51952532082241e-05	0	0.000655443631847661	0	6.89940665102801e-05	0.000717538291706913	0.00353249620532634	0.00214571546846971	0	0.000317372705947289	0.000131088726369532	0.000186283979577756	0.00298744307989513	0.0063543535255968	0.00140747895680971	0.0106457844625362	0.127349247964675	0.00392576238443494	0.000262177452739064	0.0180488477990893	0.000131088726369532	0.00373947840485718	0.0824341106664827	1.3798813302056e-05	0	0.0183386228784325	0	0.0184283151648958	3.44970332551401e-05	3.44970332551401e-05	0	0.0496619290740996	0.0217400303573893	1.3798813302056e-05	0.00223540775493308	0.00155926590313233	0	6.89940665102801e-05	0.00457430660963157	0.00609217607285773	0	0.000310473299296261	0	0.0164412860493998	0.000855526424727473	0.000427763212363737	0.000800331171519249	2.0698219953084e-05
np0881	0	0.0541790913874759	0	0.0103490615681459	0.000263111734783371	0	0.00317926679529907	0	0	0	0.570974390457814	0.000109629889493071	0.00116207682862656	4.38519557972286e-05	0.120812138221365	0.0001534818452903	0	0	0	0	0	0	0	0	0	0	0	0.00241185756884757	0	0.00385897211015611	0	0	0.000109629889493071	0.0113795825293808	0	0	0	0	0	0.0651201543588844	0	0	0	0	0.0219479038765129	0	0	0	0	2.19259778986143e-05	0.0003069636905806	0.000241185756884757	4.38519557972286e-05	0.00149096649710577	0.0112261006840905	0.00765216628661638	0	0	0	0.000131555867391686	0	0	0.00210489387826697	0	0.000131555867391686	0	0.000350815646377828	0.000438519557972286	6.57779336958428e-05	0.00488949307139098	0	0.000350815646377828	0.00219259778986143	0	0	0	0	0	0.000701631292755657	0.0626863708121382	0	4.38519557972286e-05	0.00407823188914226	0	0.00986669005437642	0	0	0	0.0033766005963866	0.0123881775127171	4.38519557972286e-05	2.19259778986143e-05	0	0.000241185756884757	8.77039115944571e-05	0.0003069636905806	0.0021487458340642	2.19259778986143e-05	0.000350815646377828	0	0.00127170671811963	0.00179793018768637	0.00258726539203648	0.000285037712681986	0
np0882	0	0.00692849560937952	0.00663900414937759	0.0394673357135965	0.000250892598668339	0	0.0012351635626749	0.0102479976840683	0.000636881212004246	0	0.214628968445431	0.00148605616134324	0.0160957251761073	0.000347389752002316	0.027906976744186	0.000308790890668725	0.00028949146000193	0.000231593168001544	0.0219627520988131	0	0.00057898292000386	0.0110006754800733	0.000192994306667953	0.0492135482003281	0.000964971533339766	0.000366689182669111	0.00192994306667953	0.0116568561227444	0.000135096014667567	0.0270192029335135	0.000733378365338222	0	0.00719868763871466	0.0228505259094857	1.92994306667953e-05	0.000115796584000772	0.0111936697867413	0.000463186336003088	0.000424587474669497	0.0716587860658111	0	5.7898292000386e-05	0	0	0.00596352407603976	0.00194924249734633	0.000173694876001158	0	0	0.000771977226671813	0.00677410016404516	0.00133166071600888	0.000270192029335135	0.0174080864614494	0.00714078934671427	0.000636881212004246	0.000887773810672585	0.000694779504004632	0	0.00117726527067452	0	0.00912863070539419	0.000501785197336679	0.0234102093988227	0.00358969410402393	0.000115796584000772	0.000964971533339766	7.71977226671813e-05	0.000501785197336679	0.00426517417736177	0.0407024992762713	0.00584772749203898	0.00771977226671813	0.0763292482871755	0	0.0037247901186915	0.0408375952909389	0.00202644022001351	0.00926372672006176	0.0224066390041494	0	0	0.0238347968734922	0	0.00440027019202934	0	0.000231593168001544	5.7898292000386e-05	0.0293544340441957	0.00364759239602432	0.00102286982534015	0.010749782881405	0.00152465502267683	0	5.7898292000386e-05	0.0105760880054038	0.00264402200135096	0	0.000154395445334363	0	0.00544243944803628	0.00117726527067452	0.000443886905336293	0.0395252340055968	0.00212293737334749
np0885	0.000444694097270983	0.0229485559144315	0.000842578289566072	0.0138323269203764	0.000573421335954688	5.85123812198661e-05	0.00262135467865	0.00138089219678884	0.000421289144783036	8.19173337078126e-05	0.216168141178673	0.00076066095585826	0.00140429714927679	0.000222347048635491	0.0259326873566447	0.000163834667415625	0	8.19173337078126e-05	0.00587464307447456	0.00558208116837523	0.0120769554837804	0.00191920610401161	0.00320647849084866	0.0360436268314375	0.00174366896035201	0.000421289144783036	0.000432991621027009	0.00322988344333661	0.000105322286195759	0.0230538782006273	9.36198099517858e-05	0.000280859429855357	0.0105790385245518	0.00998221223610916	0	5.85123812198661e-05	0.00102981790946964	0.00165004915040022	0.000351074287319197	0.0413916584749333	7.02148574638394e-05	7.02148574638394e-05	0	0.0011351401956654	0.0166877311239058	0.000573421335954688	0.00160323924542433	0.000245752001123438	0	0.0245752001123438	0.0031479661096288	0.000187239619903572	0.000105322286195759	0.00189580115152366	0.0132940130131536	0.000444694097270983	0.000292561906099331	0.000105322286195759	2.34049524879465e-05	0.00107662781444554	0.000503206478490849	0.00143940457800871	0.000105322286195759	0.0300051490895473	0.00365117258811965	4.68099049758929e-05	0.000280859429855357	0.000140429714927679	0.000105322286195759	0.00638955202920938	0.0125567570097833	0.000947900575761831	0.00858961756307635	0.186713008472593	0	0.000456396573514956	0.0305668679492581	0.00039788419229509	0.00527781678603192	0.0135982773954969	7.02148574638394e-05	0	0.00609699012311005	0.0621869587604737	0.0135163600617891	7.02148574638394e-05	0.000117024762439732	0	0.0387703037962833	0.0187005570378692	0.000128727238683705	0.00424799887656228	0.00223517296259889	0	0.000620231240930581	0.000702148574638393	0.00154472686420447	0.000105322286195759	0.000444694097270983	3.51074287319197e-05	8.19173337078126e-05	0.0307072976641857	0.000304264382343304	0.00496184992744465	0
np0888	0.00926611667039837	0.00614870567162123	0	0.00585591016344879	0.00105061917638346	0	0.00093005632007716	8.61163259330704e-05	0	0	0.373572621897659	0.000223902447425983	0.00883553504073302	5.16697955598422e-05	0.0504986135271525	0.000172232651866141	0	0.000413358364478738	6.88930607464563e-05	0	0.000275572242985825	0.00458138853963934	0	0.0357382752622242	0.00037891183410551	6.88930607464563e-05	0.00106784244157007	0.00785380892509602	0	0.0236647663664077	6.88930607464563e-05	0.000688930607464563	0.00897332116222594	0.0231136218804361	0	0.000172232651866141	0	6.88930607464563e-05	1.72232651866141e-05	0.0458311086615801	0	0.000137786121492913	0	0	0.00117118203268976	0	0	0	1.72232651866141e-05	1.72232651866141e-05	0.00547699832934328	0.00137786121492913	0.000172232651866141	0.00187733590534093	0.0096622517696905	0.000809493463770862	0.00182566610978109	3.44465303732282e-05	1.72232651866141e-05	0.000327242038545667	0	0	0.000568367751158265	0.00527031914710391	0.000964502850450388	0	5.16697955598422e-05	8.61163259330704e-05	6.88930607464563e-05	0.00297962487728424	0.0667573758633162	0.000826716728957476	0.00504641669967792	0.0389245793217478	0.0473812025283753	3.44465303732282e-05	0.0171199255954944	0	0.000396135099292124	0.0264721585918258	0.000120562856306299	0.00344465303732282	0.0330342226279258	0	0.0148809011212346	0	0	0	0.0628993644615146	0.00840495341106767	0	0.000792270198584248	0.000792270198584248	0	0	0.0124868672602952	0.00771602280360311	0	0.000103339591119684	0	6.88930607464563e-05	0.00136063794974251	0.000637260811904721	0.00764712974285665	0
np0891	0.00288518832125945	0.0104744880358767	0.000156803713111926	0.0149904349735002	0.000156803713111926	0	0.00188164455734312	0.00125442970489541	0	0.00454730768024587	0.339542760372566	0.000627214852447706	0.00103490450653871	0.000156803713111926	0.0121993288801079	0	0.000156803713111926	6.27214852447706e-05	0.00667983817856807	0.0111644243735692	0.00053313262458055	0.00228933421143413	0.000219525198356697	0.0253708407815097	0.00564493367202935	0.000313607426223853	0.00175620158685358	0.0010662652491611	0.000219525198356697	0.0131715119014018	0	0.00498635807695926	0.00131715119014018	0.00699344560479192	0	0	0.00053313262458055	0.0021325304983222	0	0.023520556966789	0.00100354376391633	0.000125442970489541	0	0.00323015649010569	0.00228933421143413	0.000125442970489541	0.000376328911468624	9.40822278671559e-05	0	0	0.014488663091542	0.000125442970489541	0.000376328911468624	0.00112898673440587	0.0109448991752125	0.000501771881958165	0.00244613792454605	0.000689936337692477	0	0.000282246683601468	0	0.000344968168846238	0	0.0365979866403236	0.00301063129174899	0.00156803713111926	0.000407689654091009	0.000846740050804403	0.00250885940979082	0.0328974190108822	0.0129519867030451	0.00382601059993101	0.0105372095211215	0.1067519678866	0	0.00141123341800734	0.0274720105372095	0.000219525198356697	0.000439050396713394	0.0103176843227648	9.40822278671559e-05	0	0.00686800263430238	0.0429642173926679	0.0350299495092044	0	0.000125442970489541	0	0.0497381377991031	0.0308276099978047	0.000156803713111926	0.00304199203437137	0.00605262332612036	0.00144259416062972	0.00194436604258789	0.00172484084423119	0.00232069495405651	0	0.000313607426223853	0.00194436604258789	0	0.00479819362122495	6.27214852447706e-05	0.0218584376078026	0.000313607426223853
np0892	0.000434507821140781	0.0340891136040449	0.000316005688102386	0.0218043924790646	0	0.00114552061937115	0.00110601990835835	0.000316005688102386	0	3.95007110127982e-05	0.471835993047875	0.000750513509243166	0.00106651919734555	0.000197503555063991	0.0163532943592985	0.000395007110127982	0.000197503555063991	0.000474008532153579	0.00754463580344446	0.00252804550481909	0.000355506399115184	0.00260704692684468	0	0.0173803128456312	0.000948017064307158	0.000750513509243166	0.000316005688102386	0.000592510665191973	0.000355506399115184	0.00841365144572602	0.000592510665191973	0.000513509243166377	0.00359456470216464	0.00845315215673882	0	0	0.000750513509243166	0.000197503555063991	0.000158002844051193	0.0310080581450466	0	0	0	0.000632011376204772	0.00161952915152473	0.000316005688102386	0.000237004266076789	0.000197503555063991	0	7.90014220255965e-05	0.00248854479380629	0.000711012798230368	0.000118502133038395	0.00240954337178069	0.0194738505293095	0.000474008532153579	0.000592510665191973	0	0	0.000237004266076789	0	0.000395007110127982	0.000197503555063991	0.0412387422973614	0.00177753199557592	0	0.000987517775319956	0.000197503555063991	0.000237004266076789	0.0107836941064939	0.0132327381892874	0.00205403697266551	0.0113762047716859	0.106691420445568	0	0.000237004266076789	0.00833465002370043	0.000869015642281561	0.0305735503239058	0.0103491862853531	0	0	0.00691262442723969	0.0185258334650024	0.0117712118818139	0.000237004266076789	0.000355506399115184	0	0.0207378732817191	0.0123637225470058	0	0.0023305419497551	0.00284405119292147	0	0.00067151208721757	0.00347606256912624	0.00150102701848633	0.000395007110127982	0.000553009954179175	0	0.00541159740875336	0.00237004266076789	0.000553009954179175	0.0022910412387423	0
np0894	0	0.00235056086167396	8.92618048736945e-05	0.029515903478235	0	0	0.000386801154452676	0	0	0	0.450117528043084	0.00187449790234759	0.00110089559344223	0	0.0155613079829807	8.92618048736945e-05	0	0.000476062959326371	0.0379362670713202	0	0	0.0158886012675176	0.00104138772352644	0.00892618048736945	0.0033324407152846	0.000267785414621084	0.000119015739831593	0.00127941920318962	0	0.00785503882888512	0.00270760808116873	0	0.000535570829242167	0.00767651521913773	0.00208277544705287	8.92618048736945e-05	0.000803356243863251	0	0.000178523609747389	0.0148769674789491	0	8.92618048736945e-05	0	0.00104138772352644	0.000535570829242167	0.00124966526823172	0	8.92618048736945e-05	8.92618048736945e-05	0	0.00306465530066351	0.000357047219494778	8.92618048736945e-05	0.00249933053646345	0.134428278139784	8.92618048736945e-05	0.0016662203576423	5.95078699157964e-05	0.000178523609747389	0.000267785414621084	0	0.0016662203576423	0.000386801154452676	0.00684340504031658	0.00205302151209497	5.95078699157964e-05	0	0.000208277544705287	0.000357047219494778	0.00241006873158975	0	0.00243982266654765	0.016662203576423	0.0184771936088548	0	0.00116040346335803	0.0119313279181172	0.00145794281293701	0.0178523609747389	0.000476062959326371	5.95078699157964e-05	0.000208277544705287	0.0133000089261805	0	0.00428456663393734	0	0.000416555089410575	0	0.0446011485018894	0.0138355797554227	0.000357047219494778	0.0203516915112024	0.000862864113779047	0	0	0.00764676128417983	0.0033324407152846	8.92618048736945e-05	0.000505816894284269	0	0.00464161385343212	0.000267785414621084	0	0.0477550656074266	8.92618048736945e-05
np0895	0.000496247131071274	0.0229337067002224	0.00217108119843682	0.0255478656942586	0.000141784894591792	0.00572456511914362	0.00140012583409395	0.00114314071264633	0	3.54462236479481e-05	0.371600485613264	0.00112541760082235	0.00288886722730777	0.000372185348303455	0.0154102457309454	0.000664616693399027	0.000186092674151728	0.00056713957836717	0.010952883107216	0.00301292901007559	0.000779816920254858	0.00708924472958962	7.97540032078832e-05	0.0228273680292786	0.00220652742208477	0.000620308913839092	0.00032787756874352	0.00142671050182991	0.000443077795599351	0.0120162698166544	0.000132923338679805	0.000708924472958962	0.00677022871675809	0.0132834723120686	2.65846677359611e-05	0	0.000850709367550755	0.000372185348303455	0.000150646450503779	0.0291633805063493	3.54462236479481e-05	2.65846677359611e-05	6.20308913839092e-05	0.00134695649862203	0.00116972538038229	0.000646893581575053	0.000389908460127429	0.000265846677359611	1.77231118239741e-05	7.08924472958962e-05	0.0019140960769892	0.00146215672547786	0.000177231118239741	0.00176344962648542	0.00998697351280938	0.000691201361134988	0.000363323792391468	0	2.65846677359611e-05	0.000230400453711663	0.000106338670943844	0.000487385575159286	0.000354462236479481	0.040958111425204	0.00206474252749298	3.54462236479481e-05	0.00115200226855831	0.000319016012831533	0.000177231118239741	0.0152684608363536	0.0158710466383688	0.00233945076076457	0.0119099311457106	0.130956073267344	0	0.000203815785975702	0.0106338670943844	0.000762093808430884	0.024564232988028	0.0195751770095793	0	4.43077795599351e-05	0.00835644722500377	0.0579102678848352	0.0118833464779746	3.54462236479481e-05	0.000194954230063715	0.000150646450503779	0.0168015100091274	0.0128049482928213	0.00023926200962365	0.0018432036296933	0.0038281921539784	0	0.00208246563931695	0.00453711662693736	0.00705379850594167	0.000717786028870949	0.000531693354719222	6.20308913839092e-05	0.00124947938359017	0.00104566359761447	0.000912740258934664	0.00367754570347462	0
np0902	0.000986208731860804	0.0620998418935208	0.000453969098793068	0.0433305677744556	0.000453969098793068	0.000250465709678934	0.00259858173791894	0	0	0	0.478937399226687	0.00781139932061176	0.0104256351653856	0.000234811602824001	0.0219940201311814	0.000704434808472003	6.26164274197336e-05	0	0.00372567743147415	0	0	0.00212895853227094	0	0.00217592085283574	1.56541068549334e-05	0.00162802711291307	0.000187849282259201	0.00887587858674723	0.000939246411296003	0.0089071868004571	0.000125232854839467	6.26164274197336e-05	0.00704434808472003	0.0129929086895947	0	0	0	0.000375698564518401	0.000626164274197336	0.0391978835647532	0	0.000563547846777602	0	0	0.00206634210485121	0	4.69623205648002e-05	0.000328736243953601	0	4.69623205648002e-05	0.00198807157057654	0.0012679826552496	0.000109578747984534	0.00114274980041014	0.0123980526291072	0.00378829385889388	0.00248900298993441	0	0	0.000266119816533868	0	0.000266119816533868	0.000547893739922669	0.0096116216089291	0.0010331710524256	0	0.000500931419357869	0.000422660885083202	0.00128363676210454	0.0139478092077457	0.00577636542947042	0.000266119816533868	0.0191449726835835	0.0757032607504579	0.000563547846777602	0.000219157495969067	0	0.00115840390726507	0.0132277202924187	0.0335937133106871	0	3.13082137098668e-05	0.0101908235625616	0	0.0215087428186785	0.000187849282259201	0.000219157495969067	0.000125232854839467	0.0108639501573238	0.0124919772702368	0	0.00142452372379894	0.000125232854839467	0	0.000422660885083202	0.00245769477622454	0.0088602244798923	4.69623205648002e-05	4.69623205648002e-05	7.8270534274667e-05	0.00396048903429815	0.00230115370767521	0.000453969098793068	0.0010801333729904	0
np0903	0.000790938109092963	0.020013558939013	1.41238948052315e-05	0.00107341600519759	0.000621451371430186	0	0.000127115053247083	0.000141238948052315	0.000197734527273241	0.00115815937402898	0.0287562498234513	2.8247789610463e-05	0.00340385864806079	5.6495579220926e-05	0.0197310810429084	8.47433688313889e-05	0	1.41238948052315e-05	0.00117228326883421	0.00197734527273241	0.00028247789610463	0.000607327476624954	0.00128527442727607	0.00540945171040366	0.00579079687014491	0.000480212423377871	0.000310725685715093	0.00163837179740685	0	0.0205078952571961	0.000211858422078472	7.06194740261574e-05	0.0405214541962091	0.0330357899494365	0.000621451371430186	0.00038134515974125	0.000141238948052315	4.23716844156945e-05	0.000494336318183102	0.0270472585520183	0.000141238948052315	0	0	0.000310725685715093	0.000197734527273241	7.06194740261574e-05	0.000112991158441852	0.000112991158441852	0	0.000550831897404028	0.00419479675715375	8.47433688313889e-05	9.88672636366204e-05	0.00514109770910426	0.00182198242987486	0.000536708002598797	0.00038134515974125	0.000197734527273241	0	0.000720318635066806	0.000268354001299398	0.000437840738962176	0	0.0150843196519872	0.000734442529872037	9.88672636366204e-05	1.41238948052315e-05	2.8247789610463e-05	1.41238948052315e-05	0.000819185898703427	0.00105929211039236	0.000211858422078472	0.012810372588345	0.680178526030338	0	8.47433688313889e-05	0.00697720403378436	0.000451964633767408	8.47433688313889e-05	0.00197734527273241	0.000127115053247083	0	0.00788113330131917	0.00819185898703426	0.00121465495324991	0	7.06194740261574e-05	0	0.00803649614417672	0.0069065845597582	0	0.000635575266235417	0.0007626903194825	4.23716844156945e-05	0.000225982316883704	0.00056495579220926	0.00689246066495297	2.8247789610463e-05	5.6495579220926e-05	0	0	0.000734442529872037	0.000112991158441852	0.00326261970000847	0
np0905	0.000389679071450441	0.0117460405822919	0.000278342193893172	0.00448130932168007	0.000222673755114538	0	0.00108553455618337	8.35026581679517e-05	0.000194839535725221	0.000890695020458151	0.200545550700031	0.00050101594900771	0.00136387675007654	0	0.0160325103682467	0.000306176413282489	0	0	0.00264425084198514	0.00289475881648899	0.000695855484732931	0.00200406379603084	0	0.023603418042141	0.00487098839313051	0.000194839535725221	0.000361844852061124	0.00172572160213767	0	0.0256074818381718	0	0.00105770033679405	0.0114676983883987	0.0153088206641245	0	0.000250507974503855	0.000417513290839758	0.000111336877557269	0.000835026581679517	0.0627661647229103	0.000417513290839758	0.000111336877557269	0	0.00114120299496201	0.000584518607175662	0.000194839535725221	0.000139171096946586	5.56684387786345e-05	0	0.000361844852061124	0.00478748573496256	8.35026581679517e-05	0.000167005316335903	0.0050101594900771	0.00818326050045926	0.000167005316335903	0.000723689704122248	0.000612352826564979	0	0.000417513290839758	0.000612352826564979	0.000111336877557269	0	0.00879561332702424	0.00289475881648899	5.56684387786345e-05	0.000334010632671807	0.000389679071450441	0.000862860801068834	0.00331227210732875	0.258552063907368	0.00114120299496201	0.00999248476076488	0.170762935953461	0	0.000111336877557269	0.0088791159851922	0.000250507974503855	0.000584518607175662	0.00528850168397027	0	0	0.00971414256687171	0.0108275113424444	0.00526066746458096	2.78342193893172e-05	0	0	0.0423915161299301	0.0185375901132853	0	0.00428646978595485	0.0022545717705347	0.0022545717705347	0.00100203189801542	0.000695855484732931	0.00208756645419879	0	2.78342193893172e-05	0	0	0.00269991928076377	0.000222673755114538	0.00668021265343613	0
np0906	0.000584346809831635	0.0133251942170535	0.000177390995841746	0.0195130095425921	0.000323477698299655	0.000119999791304711	0.000678259689983148	0.000866085450286173	0	0	0.405614946756614	0.001606953727037	0.00926607084161593	0.00013043455576599	0.0292225578738124	0.000328695080530295	0	7.8260733459594e-05	0.000641738014368671	0	0.000479999165218843	0.00157564943365316	0	0.0167477969603531	0.00012521717353535	0.000354781991683493	0.000892172361439371	0.00231130032817334	3.65216756144772e-05	0.0163617106752858	0	4.69564400757564e-05	0.00174260566503363	0.0284086462458326	0	0.00375129782382987	0	7.30433512289544e-05	0.000850433303594255	0.043747750003913	8.34781156902336e-05	1.04347644612792e-05	0.000740868276750823	0.00202434430548816	0.000714781365597625	0.000166956231380467	3.13042933838376e-05	0.000250434347070701	1.04347644612792e-05	0	0.00462781803857732	0.00518607793725576	0.000119999791304711	0.00255129991078276	0.00284869069792922	0.000746085658981463	5.2173822306396e-05	0.00365216756144772	0	0.000725216130058904	0	5.2173822306396e-05	0.000584346809831635	0.0227373517611274	0.00281216902231474	6.78259689983148e-05	0.000584346809831635	0.000281738640454538	0.000699129218905706	0.0112799803826428	0.098874610652851	0.00267651708431811	0.00716868318489881	0.113832845508095	0	0.000109565026843432	0	0.000558259898678437	0.00694433574898131	0.0177599691130972	5.2173822306396e-06	0.00013043455576599	0.00980867859360245	0.000532172987525239	0.033599941565319	0.000104347644612792	4.17390578451168e-05	1.56521466919188e-05	0.0143425837520283	0.0113895454094862	9.39128801515128e-05	0.00374086305936859	0.00025565172930134	0.000104347644612792	0.000474781782988203	0.00184173592741578	0.00230086556371206	0.000839998539132975	0.00025565172930134	1.56521466919188e-05	0.00344868965445277	0.000944346183745767	0.000109565026843432	0.00405390599320697	0
np0908	0.00129604028833811	0.0227362496297028	0.000111089167571838	0.00164165103189493	0	0	1.23432408413153e-05	6.17162042065765e-05	0	0.00020983509430236	0.047681939370001	0.000123432408413153	0.000518416115335242	2.46864816826306e-05	0.00385109114249037	0.000123432408413153	0	1.23432408413153e-05	0.000481386392811297	0.00114792139824232	0.000123432408413153	0.000789967413844179	0	0.0129233731608571	0.000876370099733386	0.000246864816826306	0.000456699911128666	0.00122198084329021	0	0.00624567986570554	8.64026858892071e-05	0.000135775649254468	0.0125407326947763	0.00272785622593068	0	6.17162042065765e-05	2.46864816826306e-05	3.70297225239459e-05	0.000296237780191567	0.212242026266417	9.87459267305224e-05	0.000172805371778414	0	8.64026858892071e-05	0.00112323491655969	0.000111089167571838	0	0.000135775649254468	0	3.70297225239459e-05	0.00304878048780488	0.00148118890095784	0	0.00143181593759257	0.001370099733386	0.000592475560383134	0.000530759356176558	0.00122198084329021	0.000160462130937099	0.000111089167571838	0.000222178335143675	0.000320924261874198	0	0.0109978275896119	0.00357953984398144	3.70297225239459e-05	9.87459267305224e-05	0.000111089167571838	9.87459267305224e-05	0.00122198084329021	0.000333267502715513	0.000518416115335242	0.00320924261874198	0.375814653895527	0	0.000234521575984991	0.0192554557124519	0.000308581021032882	0.00083934037720944	0.0020983509430236	0.000111089167571838	0	0.0199096474770416	0.000283894539350252	0.0193912313617063	8.64026858892071e-05	0	0.000654191764589711	0.0379554655870445	0.0176138046805569	0	0.000802310654685494	0.00139478621506863	0	0.000469043151969981	0.127172410388072	0.00412264244099931	0	6.17162042065765e-05	0	0	0.00216006714723018	0	0.0057272637503703	0
np0910	0.000586300950827194	0.0778505697315761	0.00068826633357975	0.0390527415942288	0.000356878839633944	0.000178439419816972	0.00173341150679344	2.54913456881389e-05	0	0	0.468607407785057	0.0067552066073568	0.00851410945983838	0.000152948074128833	0.0158046343266461	0.000254913456881389	0.000178439419816972	0	0.00405312396441408	0	0	0.00196283361798669	0	0.00201381630936297	2.54913456881389e-05	0.00140202401284764	0.000407861531010222	0.00810624792882816	0.000484335568074639	0.00701012006423819	0.000101965382752556	0	0.0078003517805705	0.0106553824976421	0	5.09826913762778e-05	0	0.000254913456881389	0.000433352876698361	0.0406841877182696	0	0.0004588442223865	0	0	0.00175890285248158	0	0	0.000484335568074639	0	0.000152948074128833	0.00178439419816972	0.00068826633357975	5.09826913762778e-05	0.000943179790461138	0.00889647964516047	0.00349231435927503	0.001835376889546	0	0	0.000127456728440694	0	0.000356878839633944	0.000535318259450916	0.010833821917459	0.00150398939560019	0	0.000611792296515333	0.000433352876698361	0.00147849804991205	0.0123123199673711	0.00741798159524841	0.000484335568074639	0.0197812842539958	0.0909531214152795	0.000560809605139055	0.000356878839633944	0	0.00114711055596625	0.0121593718932422	0.0395625685079915	0	5.09826913762778e-05	0.0081317392745163	0	0.0230951591934538	0.000127456728440694	0.000127456728440694	0.000127456728440694	0.0100690815468149	0.0117260190165439	0	0.00160595477835275	0.000254913456881389	7.64740370644166e-05	0.000433352876698361	0.0026256086058783	0.00650029315047541	0	0	7.64740370644166e-05	0.00441000280404803	0.00130005863009508	0.000535318259450916	0.0013765326671595	0
np0912	0.000169775683877677	0.0117145221875597	0.00494471679293733	0.036756435559517	0.000339551367755353	0	0.00108231998472019	0.000169775683877677	2.12219604847096e-05	0	0.29852931813841	0.00316207211222173	0.00135820547102141	0.000381995288724772	0.025721016107468	0.000254663525816515	4.24439209694192e-05	0.00188875448313915	0.0712633433076548	0	0.00108231998472019	0.00522060227923856	0	0.0068759151970459	2.12219604847096e-05	0.000339551367755353	0.000806434498418964	0.00150675919441438	0.00112476390568961	0.0143460452876637	0	0.000318329407270644	0.0113537488593196	0.0297531885995628	0	4.24439209694192e-05	0.00490227287196791	0.000318329407270644	0.00144309331296025	0.0430805797839604	0	2.12219604847096e-05	0	0.000424439209694192	0.00048810509114832	0	0.000127331762908257	0.000445661170178901	0	0.00112476390568961	0.00269518898155812	0.00190997644362386	0.000169775683877677	0.00303474034931347	0.0131788374610046	0.000594214893571868	0.000212219604847096	0	8.48878419388383e-05	0.000339551367755353	0	0.000297107446785934	0.000466883130663611	0.0108231998472019	0.00388361876870185	0	0.00231319369283334	0.000551770972602449	0.000466883130663611	0.0368837673224252	0.0919759767407313	0.0161074680078946	0.00541159992360094	0.101334861314488	0.00479616306954436	0	0	0.000190997644362386	0.0115871904246514	0.022431612232338	0	0	0.0102077629931453	0	0.0127543982513105	0	0	0	0.0160650240869252	0.0133486131448823	0	0.000679102735510706	0.00205853016701683	0	0.00195242036459328	0.0112476390568961	0.00184631056216973	0.000297107446785934	0.00322573799367586	0	0.00299229642834405	0.000275885486301225	0.000954988221811931	0.00738524224867893	0
np0914	0	0.00142731018246027	0.00960859329017069	0.115406121247793	0.000117716303708064	0	0.00206003531489111	0.00153031194820483	0	0	0.247042377869335	0.0033254855797528	0.00929958799293702	0.000897586815773985	0.0140670982931136	0.000323719835197175	0.000559152442613302	0.000515008828722778	0.00657739846968805	0	0.000206003531489111	0.0114331959976457	0	0.013816951147734	0.00108887580929959	0.000456150676868746	0.000735726898175397	0.0057386698057681	0.000264861683343143	0.0210270747498529	0.000941730429664509	0	0.0113449087698646	0.0168040023543261	2.94290759270159e-05	0.000117716303708064	0.00150088287227781	0.000250147145379635	0.00298705120659211	0.0591671571512654	0	0	2.94290759270159e-05	0	0.00172160094173043	0.0020306062389641	0.000206003531489111	0	0.000103001765744556	0.00142731018246027	0.00491465567981165	0.00254561506768687	0.000397292525014715	0.00317834020011772	0.00488522660388464	0.0011035903472631	0.000353148911124191	0	2.94290759270159e-05	0.000397292525014715	0	0.00382577987051207	0.000412007062978223	0.0237934078869924	0.00382577987051207	0	0.0023984696880518	0.000338434373160683	0.000603296056503826	0.0128457916421424	0.0342260153031195	0.00918187168922896	0.00957916421424367	0.0372719246615656	0	0.00392878163625662	0.084299587992937	0.00260447321954091	0.0140670982931136	0.0426868746321366	5.88581518540318e-05	0.000338434373160683	0.00960859329017069	0	0.0105208946439082	0.000117716303708064	0.000294290759270159	0.000147145379635079	0.0434667451442025	0.0135226603884638	0.000235432607416127	0.00619482048263685	0.00170688640376692	0	0.000412007062978223	0.00595938787522072	0.0220276633313714	0	0.00050029429075927	0.000117716303708064	0.00042672160094173	0.000779870512065921	0.000779870512065921	0.0113154796939376	0.00158917010005886
np0915	0.000885448289819875	0.0136359036632261	0.000202388180530257	0.0830044525399717	0.000202388180530257	0	0.000202388180530257	0	0	0	0.419550698239223	0.0119409026512852	0.00126492612831411	0.000430074883626796	0.00989172232341631	0.000177089657963975	0.000328880793361668	0	0.00402246508803886	0	0	0.00187209066990488	0.000809552722121028	0.00174559805707347	0.000531268973891925	0.00101194090265129	0.000379477838494232	0.00483201781015989	0.000379477838494232	0.00604634689334143	0	0.00371888281724347	0.00366828577211091	0.0104482898198745	0	0.000177089657963975	0	0	0.000227686703096539	0.00880388585306618	0.00197328476017001	0.00035417931592795	0	0	0.000278283748229103	0	0	0.000227686703096539	0.000531268973891925	0.000227686703096539	0.0227686703096539	0	0	0.000328880793361668	0.00855090062740336	0.0035417931592795	0.00139141874114552	0	0	0	0	0	5.05970451325643e-05	5.05970451325643e-05	0.000961343857518721	0.00546448087431694	0.000860149767253592	0.000404776361060514	0.000151791135397693	0.01381299332119	0.00293462861768873	0.000278283748229103	0.00346589759158065	0.040983606557377	0.00245395668892937	0	2.52985225662821e-05	0.000683060109289617	0.000278283748229103	0.0147237401335762	0.000126492612831411	0	0.00407306213317142	0.000202388180530257	0.0489779396883222	0	0.000126492612831411	0	0.157002631046347	0.0488008500303582	0	0.000657761586723335	0.000581866019024489	0	0	0.000227686703096539	0.000303582270795386	2.52985225662821e-05	0.000202388180530257	0	0	0.000531268973891925	7.58955676988464e-05	0.0199352357822303	0
np0916	0	0.0176661131828946	0.00103437950839753	0.00781228733973923	0.000462748727441	0	0.00451860522089447	8.1661540136647e-05	0	0	0.0664452731578518	0.000734953861229823	0.00179655388300623	0.000217764107031059	0.0421645752238887	0.000244984620409941	0.000108882053515529	0.00155156926259629	0.0378909546234042	0	0.00103437950839753	0.002776492364646	0.000408307700683235	0.00342978468573917	2.72205133788823e-05	0.00035386667392547	0.000517189754198764	0.00160601028935406	0.000136102566894412	0.021749190189727	0	0	0.00174211285624847	0.0243351389607208	0	0	0.00201431799003729	0.000598851294335411	0.000272205133788823	0.0368837956283855	0	5.44410267577647e-05	0	0.000979938481639764	0.00236818466396276	5.44410267577647e-05	0.000217764107031059	0.00070773334785094	0	0	0.00255872825761494	0.00310313852519259	0.000217764107031059	0.00457304624765223	0.015733456732994	0.0012249231020497	0.000217764107031059	0	5.44410267577647e-05	0.000489969240819882	0	0.000108882053515529	0.000190543593652176	0.000163323080273294	0.00579796934970193	0	0.00141546669570188	0.000190543593652176	0.000108882053515529	0.00421917957372676	0.00803005144677029	0.00204153850341617	0.00146990772245965	0.516427579824155	0.00163323080273294	0	0	0.000462748727441	0.0245529030677519	0.0408579905817024	0	0	0.0190815798785965	0	0.00236818466396276	0	0	0	0.00958162070936658	0.00206875901679506	0	0.00144268720908076	0.00114326156191306	0.000979938481639764	0.00136102566894412	0.0135830361760623	0.018727713204671	0.000108882053515529	0.000871056428124234	0	0.000626071807714294	0.000680512834472058	0.00220486158368947	0.00432806162724229	0
np0917	0.00127142588058015	0.0917781126389151	0.00470898474288943	0.0207195328687135	0.00174232435486909	0.00131851572800904	0.0082878131474854	0.00032962893200226	0	0	0.120926728197401	0.00131851572800904	0.0154925598041062	0.00032962893200226	0.0335279713693728	0.00258994160858919	0	0.000235449237144472	0.0121020907892258	0.00113015633829346	0.00282539084573366	0.00452062535317386	0	0.00988886796006781	0.000376718779431155	0.00254285176116029	0.000282539084573366	0.0074401958937653	0.000423808626860049	0.0137031456018083	0	0.000612168016575626	0.0134206065172349	0.0137502354492371	9.41796948577887e-05	0	0	0.00145978527029572	0.000706347711433415	0.0896590695046148	0	0.000141269542286683	0.00032962893200226	0.000141269542286683	0.00386136748916933	0.00193068374458467	0.000800527406291204	0.00136560557543794	9.41796948577887e-05	0	0.00480316443774722	0.00659257864004521	0.000517988321717838	0.00235449237144472	0.00470898474288943	0.00367300809945376	0.000470898474288943	0	4.70898474288943e-05	0.000565078169146732	0.000753437558862309	0.000282539084573366	0.000565078169146732	0.0105010359766434	0.0041909964211716	0	0.00193068374458467	0.000847617253720098	0.000141269542286683	0.0119137313995103	0.00376718779431155	0.00626294970804295	0.00550951214918064	0.262572989263515	0	0	0.00145978527029572	0.00230740252401582	0.00517988321717838	0.0646543605198719	0	0.000141269542286683	0.0277359201356188	0.00395554718402712	0.0242041815784517	0.000235449237144472	0	0.00032962893200226	0.00720474665662083	0.00386136748916933	4.70898474288943e-05	0.00174232435486909	0.000423808626860049	0	0.000941796948577887	0.00720474665662083	0.0151158410246751	0.000376718779431155	0.00145978527029572	0.000141269542286683	0	0.0024957619137314	0.00357882840459597	0.00404972687888491	0
np0918	0.000739909169770883	0.0342144205745777	0	0.017859876511711	0.000229626983721998	0.000408225748839108	0.00135224779302955	0	0	0	0.262973924580293	0.00119916313721488	0.00341889064652753	0	0.02860131652804	0.000331683420931775	2.55141093024443e-05	0.00104607848140021	0.000510282186048885	0	0.000510282186048885	0.00339337653722509	0	0.0205643720977701	0.000204112874419554	0.000280655202326887	0.000612338623258662	0.000944022044190437	0	0.0198244629279992	0	0	0.00369954584885442	0.0199520334745114	0	0.00392917283257641	0	0.000127570546512221	0.00017859876511711	0.0502117671072103	0.000382711639536664	0	0	0.000969536153492882	0.00173495943256621	0.000484768076746441	0	0.00017859876511711	0	0.00387814461397153	0.00676123896514773	0.000484768076746441	7.65423279073328e-05	0.0091085370209726	0.0106648976884217	0.0013267336837271	0	0.000944022044190437	0.000331683420931775	0.00102056437209777	0	0.000280655202326887	0.000561310404653774	0.0222483033117314	0.00275552380466398	7.65423279073328e-05	0.000816451497678216	0.000229626983721998	0.000331683420931775	0.00839414196050416	0.0535541154258305	0.00160738888605399	0.00696535183956728	0.240878705924376	0	0.000102056437209777	0	0.00104607848140021	0.00574067459304996	0.0319436648466602	0	0	0.0170944532326376	0	0.010741440016329	5.10282186048885e-05	0	0.000153084655814666	0.0292136551512987	0.0110986375465632	0	0.00523039240700107	0	0.00102056437209777	0.000229626983721998	0.00637852732561106	0.00273000969536154	0.000535796295351329	0	0	0.00790937388375772	0.00165841710465888	0.000229626983721998	0.0125019135581977	0
np0919	0.00239745433939235	0.0116167560263284	0.000130770236694128	0.0218386295279194	0.010134693343795	0	0.00176539819537073	0	0	0	0.223311974194673	0.000566671025674556	0.0130770236694128	0.000196155355041193	0.0219693997646136	0.00124231724859422	0	0	4.35900788980428e-05	0	0.00154744780088052	0.000697441262368685	0	0.0019397585109629	0	0.000675646222919664	0.000958981735756942	0.00734492829432021	2.17950394490214e-05	0.0465542042631097	0	0	0.0188309140839545	0.0149513970620287	0	8.71801577960856e-05	0	0	0.020334771805937	0.0127718931171265	8.71801577960856e-05	0.00132949740639031	0	0.003051305522863	0.00137308748528835	0	0	0.000130770236694128	0	0	0.00671287215029859	0.00695261758423783	0.000348720631184342	0.00124231724859422	0.00237565929994333	0.0046859334815396	0.000108975197245107	0.014210365720762	0	0.000479490867878471	0	0	0.0108757246850617	0.0359836101303343	0.00706159278148293	0	0.000217950394490214	2.17950394490214e-05	0	0.0108757246850617	0.0259578919837845	0.0146680615491914	0.00769364892550455	0.25166732051785	0	0	0	0.00148206268253346	0.000544875986225535	0.0327361492524301	0.000370515670633364	0.00015256527614315	0.0112898304345931	0	0.0462272786713744	0.000108975197245107	0	0.000108975197245107	0.0121398369731049	0.00326925591735321	0	0.00119872716969618	0	0.00108975197245107	0.00143847260363541	0.0025500196155355	0.00411926245586504	0.0320822980689595	0	0	0.00518721938886709	0.000501285907327492	0.000108975197245107	0.000174360315592171	0
np0920	0.000566011037215226	0.0264767385186233	0.000864739084634373	0.0170432212317029	0.000361618162665283	0.00510982186374857	0.00100624184393818	0.000644623681272896	1.5722528811534e-05	1.5722528811534e-05	0.344512051318334	0.000754681382953634	0.00245271449459931	0.000204392874549943	0.0190085373331447	0.000361618162665283	0.000188670345738409	0.000393063220288351	0.0190714274483908	0.00259421725390312	0.000754681382953634	0.00426080530792573	0	0.0203449522821251	0.00116346713205352	0.000440230806722953	0.000267282989796079	0.00305017058943761	9.43351728692043e-05	0.0149364023709573	0.000330173105042215	0.000345895633853749	0.00561294278571766	0.0126566356932849	1.5722528811534e-05	0	0.000896184142257441	0.00015722528811534	0.000172947816926875	0.0333317610804522	0	0.000125780230492272	6.28901152461362e-05	0.00124207977611119	0.00141502759303806	0.000597456094838294	0.000110057701680738	0.00015722528811534	0	0.00150936276590727	0.00128924736254579	0.00130496989135733	0.00015722528811534	0.00190242598619562	0.0174362844519913	0.000204392874549943	0.000283005518607613	0	0	0.000172947816926875	4.71675864346021e-05	0.000345895633853749	0.000188670345738409	0.0445890917095106	0.0021697089759917	0	0.000424508277911419	0.000125780230492272	0.000141502759303806	0.0106598745342201	0.0149521248997689	0.00103768690156125	0.00644623681272896	0.129946700627329	0	0.000220115403361477	0.00699652532113265	0.000644623681272896	0.0282219392167036	0.0288665628979765	4.71675864346021e-05	4.71675864346021e-05	0.00823860509724384	0.0853418863890068	0.0132698143169347	6.28901152461362e-05	7.86126440576702e-05	9.43351728692043e-05	0.0173891168655567	0.0112573306290584	4.71675864346021e-05	0.00191814851500715	0.00193387104381869	0	0.00106913195918432	0.00611606370768674	0.00196531610144176	0.000471675864346021	0.000628901152461362	4.71675864346021e-05	0.00128924736254579	0.0014779177082842	0.000754681382953634	0.00198103863025329	0
np0922	3.18420633657061e-05	0.00067929735180173	0.000870349731995967	0.0152841904155389	8.49121689752163e-05	1.0614021121902e-05	0.0104548108050735	0.000753595499655044	0	0	0.439133895876453	0.0020803481398928	0.00131613861911585	0.000286578570291355	0.0549594013692087	0.000169824337950433	8.49121689752163e-05	0.000222894443559943	0.131783686249536	0	0.000424560844876081	0.0127474393674043	0	0.00160271718940721	0	0.000307806612535159	0.000509473013851298	0.00164517327389482	0.00116754232340922	0.0183728705620124	0	0.00226078649896513	0.00245183887915937	0.0146685771904686	0	4.24560844876081e-05	0.00619858833519079	0.000148596295706628	0.000392718781510375	0.0481558138300695	3.18420633657061e-05	0	5.30701056095102e-05	0.000191052380194237	0.000689911372923632	0	3.18420633657061e-05	0.000445788887119885	1.0614021121902e-05	0.000254736506925649	0.00193175184418617	0.0015814891471634	0.000329034654778963	0.00178315554847954	0.00217587432998992	0.000604999203948416	0.000307806612535159	0.000212280422438041	2.12280422438041e-05	0.000201666401316139	0	0.00078543756302075	0.00298253993525447	0.0312370641617577	0.00441543278671125	0.00010614021121902	0.000594385182826514	0.000435174865997983	7.42981478533142e-05	0.00673990341240779	0.0676856126943693	0.00303561004086398	0.00281271559730404	0.0368306532930001	0.005742185426949	0	0	0.000254736506925649	0.00296131189301067	0.00220771639335562	0	4.24560844876081e-05	0.00410762617417609	0	0.000647455288436024	0	0	0.00057315714058271	0.0117603354030675	0.00139043676696917	0	0.00100833200658069	0.00143289285145677	8.49121689752163e-05	0.00113570026004352	0.0169399777105556	0.000774823541898848	3.18420633657061e-05	0.00212280422438041	0	0.00143289285145677	0.000912805816483575	0.000297192591413257	0.00624104441967839	0
np0923	0.0121479070811357	0.00833239815957805	0.00370328807092358	0.0462911008865447	0.00381550892155763	0.000504993827853215	0.0168892380204242	0	0	0	0.355655930871956	0.00266524520255864	0.0159073055773763	0.000448883402536191	0.0336381999775558	0.00109415329368197	0.000476938615194703	0.00311412860509483	0.0106609808102345	0	0.000504993827853215	0.00524632476714173	0	0.0122601279317697	0.000953877230389406	0.000392772977219167	0.000561104253170239	0.00648075412411626	0	0.0240152620356862	0.000280552126585119	0.000757490741779823	0.00448883402536191	0.0533610144764897	0.000476938615194703	0.000112220850634048	0	0.0030580181797778	0.000729435529121311	0.0754965772640557	0	0	0	0	0.00524632476714173	0.00103804286836494	8.41656379755358e-05	0.000168331275951072	0.000168331275951072	0.000476938615194703	0.00740657614184716	0.00474133093928852	0.000504993827853215	0.00238469307597352	0.00880933677477275	0.0072663000785546	0.000785545954438335	0	2.8055212658512e-05	0.000757490741779823	0	0.000252496913926608	0.000925822017730894	0.0125687352710134	0.00361912243294804	0	0.00325440466838739	0.000533049040511727	0.000476938615194703	0.0123162383570867	0.00555493210638537	0.00434855796206935	0.00765907305577376	0.00732241050387162	0.00440466838738638	0.000785545954438335	0.00886544720008978	0.00129053978229155	0.00723824486589608	0.0518179777802716	0.000504993827853215	0.000196386488609584	0.0232577712939064	0	0.0288127034002918	5.61104253170239e-05	0.000645269891145775	0.000112220850634048	0.0108012568735271	0.0154023117495231	0	0.00193580967343732	0.00103804286836494	0	0.00238469307597352	0.00721018965323757	0.0165525754685221	0.0030580181797778	0.000701380316462799	0.000280552126585119	0.000448883402536191	0.00126248456963304	0.00238469307597352	0.0051621591291662	0.000168331275951072
np0924	0.000288063107979348	0.00199428305524164	0	0.0020090555223175	0.000199428305524164	0	0.00106361762946221	0.000155110904296572	8.8634802455184e-05	0.00448344375752473	0.0822900278461004	0.000169883371372436	0.000347152976282804	7.386233537932e-06	0.0227126681291409	8.1248568917252e-05	0	0	0.000391470377510396	0.0014550880069726	0.0211689453197131	0.000878961791013908	0.00204598669000716	0.0113157097801118	0.00176530981556575	0.00029544934151728	0.000398856611048328	0.000605671150110424	0	0.00450560245813852	0	0.000162497137834504	0.0196104500432095	0.00354539209820736	0	0.00116702489899326	0.000391470377510396	0.000140338437220708	5.9089868303456e-05	0.0103037957854151	7.386233537932e-05	2.2158700613796e-05	0	0.00014772467075864	0.0103333407195669	0.000598284916572492	0.000472718946427648	8.8634802455184e-05	0	0.0112566199118084	0.00342721236160045	0.000103407269531048	0.00011079350306898	0.0033238050920694	0.00282154121149003	5.1703634765524e-05	0.00070169218610354	0.000155110904296572	2.2158700613796e-05	0.000354539209820736	8.1248568917252e-05	0.000753395820869064	1.4772467075864e-05	0.0168627711670988	0.000657374784875948	0.000125565970144844	3.693116768966e-05	0.000192042071986232	6.6476101841388e-05	0.00119656983314498	3.693116768966e-05	0.00014772467075864	0.0343385997178459	0.657640689283314	0	8.8634802455184e-05	0.0121872853375878	0.0003693116768966	9.6021035993116e-05	0.000760782054406996	1.4772467075864e-05	3.693116768966e-05	0.00333119132560733	0.00272552017549691	0.00133690827036569	4.4317401227592e-05	0	0	0.0170104958378574	0.0096242622999254	2.2158700613796e-05	0.00236359473213824	0.00133690827036569	2.2158700613796e-05	0.0003693116768966	0.000155110904296572	0.000864189323938044	1.4772467075864e-05	9.6021035993116e-05	0	2.2158700613796e-05	0.00156588151004158	0	0.00322778405607629	0
np0932	0.00059996400215987	0.0156790592564446	0.000439973601583905	0.0256184628922265	0.00013999160050397	0.000319980801151931	0.00211987280763154	0.000439973601583905	0.000359978401295922	0.000299982001079935	0.257604543727376	0.000499970001799892	0.00171989680619163	0.000199988000719957	0.0274383536987781	0.000239985600863948	0	1.99988000719957e-05	0.00525968441893486	0.00621962682239066	0.0119792812431254	0.00389976601403916	0.000159990400575965	0.0839549627022379	0.00329980201187929	0.000579965202087875	0.000979941203527788	0.00313981161130332	0.000199988000719957	0.0123792572445653	5.9996400215987e-05	0.000299982001079935	0.0102593844369338	0.00691958482491051	0.00783952962822231	3.99976001439914e-05	0.00169989800611963	0.004639721616703	0.000219986800791952	0.0173789572625642	0.00059996400215987	1.99988000719957e-05	3.99976001439914e-05	0.00111993280403176	0.0204587724736516	0.000779953202807832	0.00389976601403916	0.00013999160050397	1.99988000719957e-05	0.000499970001799892	0.00103993760374378	0.000479971201727896	1.99988000719957e-05	0.00271983680979141	0.013779173249605	0.000399976001439914	0.0032398056116633	0	0	0.00155990640561566	0	0.000899946003239806	0	0.032298062116273	0.00225986440813551	0.000159990400575965	0.000199988000719957	0.000219986800791952	0.000119992800431974	0.0658760474371538	0.00653960762354259	0.000859948403095814	0.00909945403275803	0.117352958822471	0	0.00087994720316781	0.0311381317120973	0.000459972401655901	0.00605963642181469	0.00951942883426994	0	0	0.00809951402915825	0.0312581245125292	0.00729956202627842	7.99952002879827e-05	0.000159990400575965	0	0.0443773373597584	0.0177789332640042	0.000559966402015879	0.00597964122152671	0.00485970841749495	1.99988000719957e-05	0.00379977201367918	0.000779953202807832	0.00103993760374378	7.99952002879827e-05	0.000319980801151931	3.99976001439914e-05	0.00027998320100794	0.013799172049677	0.000359978401295922	0.00911945283283003	0
np0933	0	0.0148451198129749	0.000649392817715436	0.0110396779011624	0.00109097993376193	0	0.00105201636469901	0.0164426261445548	0.000441587116046497	0	0.137879083057341	0.000129878563543087	0.119670108448601	7.79271381258523e-05	0.0220663679459705	7.79271381258523e-05	0	2.59757127086174e-05	0.00287031625430223	0	0.000324696408857718	0.0164036625754919	0.00718228456393272	0.0514189233067082	0.00305214624326255	0.000558477823235275	0.00203909344762647	0.0139619455808819	0	0.0169491525423729	0.000285732839794792	0	0.0059614260666277	0.016195856873823	9.09149944801611e-05	0.00220793558023248	0.0335476329631794	2.59757127086174e-05	0.000194817845314631	0.105643223585947	0	0.00010390285083447	0	0	0.00340281836482889	0.00116890707188778	0	2.59757127086174e-05	0	0.0020910448730437	0.00537697253068381	0.000662380674069745	6.49392817715436e-05	0.0251704656146503	0.00993571011104617	0.000623417105006819	0.00202610559127216	0.00236378985648419	0	0.000779271381258523	0	0.0245080849405806	0.000311708552503409	0.0222611857912851	0.00310409766867978	0.00010390285083447	0.000129878563543087	0.000116890707188778	0.000155854276251705	0.00100006493928177	0.0140658484317163	0.00254561984544451	0.00105201636469901	0.0713293070978635	0	0.0028313526852393	0.0430287681018248	0.00172738489512306	0.00162348204428859	0.020066238067407	0.000142866419897396	0	0.0265991298136243	0	0.000896162088447302	3.89635690629262e-05	0.000324696408857718	0	0.0232612507305669	0.00370153906097799	0.000324696408857718	0.012156633547633	0.000311708552503409	0	0	0.00855899733748945	0.00887070588999286	0	3.89635690629262e-05	0	0.000844210663030067	0.00316903695045133	0.000129878563543087	0.0413793103448276	0.00109097993376193
np0936	0.000398432830865263	0.0154060694601235	9.96082077163158e-05	0.00677335812470948	0	6.64054718108772e-05	0.00577727604754632	0.000564446510392456	0.000564446510392456	0.000564446510392456	0.213161564512916	0.000564446510392456	0.000730460189919649	0	0.0268942160834053	0	0	3.32027359054386e-05	0.00537884321668105	0.00262301613652965	0.00561126236801912	0.00192575868251544	0.00023241915133807	0.0331031276977223	0.00152732585165018	0.000531243774487018	0.000531243774487018	0.00139451490802842	6.64054718108772e-05	0.0126170396440667	0.000132810943621754	0.000199216415432632	0.00577727604754632	0.00554485689620825	0.00527923500896474	6.64054718108772e-05	0.00116209575669035	0.000166013679527193	0.000564446510392456	0.0175974500298825	0.000398432830865263	3.32027359054386e-05	0	0.00116209575669035	0.0152732585165018	0.000697257454014211	0.000630851982203334	0.000132810943621754	0	0.0149080284215419	0.00179294773889368	0.000199216415432632	0.000730460189919649	0.00896473869446842	0.0124842287004449	0	0.00136131217212298	0	0	0.000730460189919649	0.000166013679527193	0.000763662925825088	6.64054718108772e-05	0.0158709077627997	0.00185935321070456	0	3.32027359054386e-05	9.96082077163158e-05	0.000132810943621754	0.00534564048077562	0.00381831462912544	0.000730460189919649	0.013546716249419	0.40726475861611	0	0.000664054718108772	0.00879872501494123	0.000531243774487018	0.00428315293180158	0.00996082077163158	0	0	0.0137127299289461	0.0115545520950926	0.00424995019589614	0	0	0	0.0278238926887576	0.0189255594661	0.000132810943621754	0.00428315293180158	0.00272262434424597	0	0.000763662925825088	0.00166013679527193	0.00142771764393386	0	0.000996082077163158	0.00023241915133807	6.64054718108772e-05	0.00272262434424597	0.00023241915133807	0.00142771764393386	0
np0942	0.00425929773530023	0.126289909273495	0.00138513747489438	0.00380912805595955	0.00322044462912944	0	0.00256250432855461	0.000554054989957753	0.000380912805595955	0	0.052773737793476	0.000138513747489438	0.0519772837454117	0	0.0447745688759609	0.000103885310617079	0	0	0.00678717362698248	0.00221621995983101	0.000727197174319551	0.00166216496987326	0.000519426553085394	0.0346976937461043	3.46284368723596e-05	0.00166216496987326	0.000380912805595955	0.0147863425444975	0.000173142184361798	0.0291225154096544	0	0.000242399058106517	0.00834545328623866	0.0225431124039061	0.000450169679340675	0.000173142184361798	0	0.000415541242468315	0.00152365122238382	0.0930466098760302	0	0	0	0.000207770621234157	0.00159290809612854	0.000934967795553709	0	0.000450169679340675	0	0.00186993559110742	0.00332432993974652	0.000242399058106517	0.000103885310617079	0.00131588060114966	0.0130549207008796	0.000207770621234157	0.000173142184361798	0.0235473370732045	0.000138513747489438	0.000969596232426068	0.00616386176328001	0.00422466929842787	0.000138513747489438	0.00941893482928181	0.00367061430847012	0	0.000311655931851236	0.000380912805595955	0.000207770621234157	0.00193919246485214	0.0157213103400512	0.00543666458896045	0.00844933859685574	0.246242814599349	6.92568737447192e-05	0	0.00141976591176674	0.00193919246485214	0.00754899923817439	0.0390608767920216	0.000554054989957753	0	0.018872498095436	0.032931643465614	0.00955744857677124	0.000207770621234157	0	0.000138513747489438	0.0095920770136436	0.00474409585151326	6.92568737447192e-05	0.00110810997991551	0.000450169679340675	0.000623311863702472	0.00121199529053259	0.00100422466929843	0.00221621995983101	3.46284368723596e-05	0.000138513747489438	0	0.000138513747489438	0.00214696308608629	0.00114273841678787	0.000900339358681349	0
np0943	0.00049188758132914	0.0450077136916163	0.00134896442758446	0.0208903165222057	0.000201226737816466	0.00283953285585458	0.00137132295400851	0.000566416002742646	0.00118500190047475	0	0.418126802656193	0.00132660590116041	0.00218368274741573	0.000216132422099168	0.0161130447096	0.000320472212078076	0.000134151158544311	0.000320472212078076	0.00811614509193081	0.00204953158887142	0.000827265477689917	0.00356991138570694	9.68869478375579e-05	0.0352966603814365	0.00115519053190934	0.000529151792035893	0.000283208001371323	0.0030333067515297	0.000432264844198335	0.0126921901667201	0.000454623370622387	0.000387547791350231	0.00357736422784829	0.0131095493266357	8.19812635548566e-05	0.00144585137542202	0.000931605267668826	0.000178868211392415	0.00105830358407179	0.0334856197410883	0	2.23585264240518e-05	2.23585264240518e-05	0.000566416002742646	0.00196009748317521	0.000484434739187789	0.000163962527109713	0.000171415369251064	0.000104339789978908	7.4528421413506e-05	0.0024594379066457	0.000894341056962073	0.000201226737816466	0.00216877706313303	0.0143169097535345	0.000760189898417762	0.000342830738502128	0	2.98113685654024e-05	0.000231038106381869	0.000313019369936725	0.000566416002742646	0.000320472212078076	0.0264501367596533	0.00278736296086513	5.96227371308048e-05	0.000722925687711009	0.000178868211392415	0.000163962527109713	0.0200928624130812	0.0130201152209395	0.00225821116882923	0.0114177541605491	0.123679915335713	0	0.000566416002742646	0.00648397266297503	0.000760189898417762	0.0164037055531127	0.0237298493780603	3.7264210706753e-05	4.47170528481036e-05	0.00925642993955745	0.00322708064720481	0.0167614419758975	5.96227371308048e-05	0.000290660843512674	6.70755792721554e-05	0.0178421040863933	0.0208306937850749	5.96227371308048e-05	0.00143839853328067	0.00219113558955708	0	0.00144585137542202	0.00785529561698354	0.00258613622304866	0.000253396632805921	0.000298113685654024	0.000104339789978908	0.000767642740559112	0.00125953032188825	0.000670755792721554	0.00226566401097058	0
np0944	0.00108212095707587	0.100036070698569	7.21413971383913e-05	0.00307803294457136	4.80942647589275e-05	0	0.00038475411807142	0	0	0.00625225441866057	0.28565588553565	0.000889743898040159	0.000745461103763376	0	0.0141637609715041	0	0	0	0.000264518456174101	0.0024528075027053	0.00779127089094625	0.00161115786942407	4.80942647589275e-05	0.00579535890345076	0.00149092220752675	0.000288565588553565	0.000408801250450884	0.000673319706624985	0.000120235661897319	0.00387158831309366	0	0.000336659853312493	0.00146687507514729	0.00264518456174101	0	0.000144282794276783	0	0.00100997955993748	0.000240471323794638	0.00324636287122761	0.000144282794276783	2.40471323794638e-05	0	0.000336659853312493	0.00302993867981243	0	0.003318504268366	4.80942647589275e-05	0	0.000144282794276783	0.00250090176746423	9.6188529517855e-05	2.40471323794638e-05	0.000288565588553565	0.00264518456174101	0	0.00096188529517855	0	0	0.000360706985691956	0.00108212095707587	0.000625225441866058	0	0.163135746062282	0.00096188529517855	0.000480942647589275	0	0.000120235661897319	0.000480942647589275	0.0226043044366959	0.000336659853312493	0.000312612720933029	0.0284237104725262	0.249368762775039	9.6188529517855e-05	7.21413971383913e-05	0.00596368883010701	0.000360706985691956	0.000601178309486594	0.00168329926656246	2.40471323794638e-05	0	0.000913791030419623	0.000312612720933029	0.00319826860646868	0	0	0	0.0258025730431646	0.0140435253096068	0.000240471323794638	0.00149092220752675	0.00132259228087051	0.00019237705903571	0.000456895515209811	0.000264518456174101	0.000529036912348203	0.000168329926656246	0.000120235661897319	7.21413971383913e-05	0	0.00120235661897319	7.21413971383913e-05	0.0126247444992185	0
np0945	0	0.0320014971460653	0.00233929072705156	0.0138486011041452	0.00308786375970806	0	0.00205857583980537	0.000374286516328249	9.35716290820623e-05	0	0.0351829325348554	9.35716290820623e-05	0.142696734350145	0	0.023954337045008	0	0	0	0.00486572471226724	0	0.001497146065313	0.0049592963413493	0.00626929914849818	0.0410779451670254	9.35716290820623e-05	0.000467858145410312	0.000842144661738561	0.0226443342378591	0	0.0214279030597923	9.35716290820623e-05	0	0.0049592963413493	0.0205857583980537	9.35716290820623e-05	0.0057078693740058	0.00271357724337981	0.000280714887246187	0.00102928791990269	0.136614578459811	0	0	0	0	0.00402358005052868	0.00159071769439506	9.35716290820623e-05	0	0	0.00776644521381117	0.00832787498830355	0.00159071769439506	9.35716290820623e-05	0.010480022457191	0.00449143819593899	0.00131000280714887	0.000187143258164125	0.00524001122859549	0	0	0	0.0131000280714887	0.000280714887246187	0.00439786656685693	0.00187143258164125	0	9.35716290820623e-05	0	9.35716290820623e-05	0.000842144661738561	0.012070740151586	0.00954430616637036	0.00177786095255918	0.168522503976794	0	0.000187143258164125	0.0535229718349396	0.00205857583980537	0.000561429774492374	0.0443529521848975	0	0	0.0412650884251895	0	0.00112285954898475	0	0.000280714887246187	0	0.0146907457658838	0.00655001403574436	0	0.00177786095255918	0.000187143258164125	0	0	0.0215214746888743	0.011977168522504	0	0	0	0.000748573032656499	0.00626929914849818	0.000467858145410312	0.00252643398521568	0.000187143258164125
np0947	0.00779553548162946	0.01250760010423	0.000152002084600017	0.0186528272387736	0.00862068965517241	0	0.0014765916789716	0.000217145835142882	0	0	0.143945974116216	0.000456006253800052	0.0135064709458873	0.000108572917571441	0.0207157126726309	0.00125944584382872	0	0	0	0	0.00540693129505776	0.00060800833840007	0	0.00364805003040042	0	0.000542864587857205	0.00160687918005733	0.00701381047511509	0	0.0413228524276904	0	0	0.0230174585251455	0.0171979501433163	0	8.68583340571528e-05	0	0	0.0082732563189438	0.0142230522018588	0.000108572917571441	0.00288803960740033	0	0.00223660210197168	0.000651437505428646	0	6.51437505428646e-05	0.000173716668114306	0	0	0.0160253626335447	0.0204334230869452	0.000260575002171458	0.00214974376791453	0.00358290627985755	0.0159167897159732	0.000651437505428646	0.0356553461304612	0	0.000673152088942934	0	0.000152002084600017	0.0144836272040302	0.0242769043689742	0.0221705897680882	0	2.17145835142882e-05	6.51437505428646e-05	0	0.00714409797620082	0.00651437505428646	0.00948927299574394	0.00471206462260054	0.243051333275428	0	0	0	0.00143316251194302	6.51437505428646e-05	0.0334187440284895	0.00186745418222878	8.68583340571528e-05	0.0117041605142013	0	0.0362633544688613	6.51437505428646e-05	0	0.000304004169200035	0.0213671501780596	0.0119430209328585	0	0.00134630417788587	2.17145835142882e-05	0.00206288543385738	0.00866411882220099	0.00138973334491444	0.0079041083992009	0.0578476504820638	4.34291670285764e-05	0	0.0158516459654304	0.000195431251628594	0	0.00023886041865717	0
np0952	0.0468803691522262	0.00304354229051102	0	0.00240538019733935	0.00638162093171666	0	0.000490893917824358	0.000196357567129743	0	0	0.281773108831182	0.000343625742477051	0.0121741691620441	4.90893917824358e-05	0.00461440282754897	0.000294536350694615	0	0	0.000147268175347307	0	0	0.00363261499190025	0	0.0272937018310343	9.81787835648716e-05	0	0.000441804526041922	0.012615973688086	0	0.0228265671788327	0	0.00107996661921359	0.00107996661921359	0.0274409700063816	0	0.000147268175347307	4.90893917824358e-05	0	0	0.0623435275636935	0.000196357567129743	9.81787835648716e-05	0	0	0.000736340876736537	0	0	0	4.90893917824358e-05	9.81787835648716e-05	0.00765794511805999	0.00171812871238525	0	0.000687251484954101	0.00343625742477051	0.00058907270138923	0.000687251484954101	0.000196357567129743	0	0.00132541357812577	0	0	0.000294536350694615	0.00132541357812577	0.000343625742477051	0	4.90893917824358e-05	0	4.90893917824358e-05	0.00309263168229346	0.0162485886799863	0.00240538019733935	0.011830543419567	0.134603112267439	0.00751067694271268	0	0.0392715134259487	0	0.0039762407343773	0.0238574444062638	0.000196357567129743	0.0052034755289382	0.08222473123558	0	0.0193412203622797	0	0	4.90893917824358e-05	0.0559619066319768	0.00824701781944922	0.000147268175347307	0.000834519660301409	0.000392715134259487	9.81787835648716e-05	4.90893917824358e-05	0.00643071032349909	0.00255264837268666	0	0	0	0.00240538019733935	0.033233518236709	0.000539983309606794	0.001914486279515	0
np0953	0	0.0253972705178538	0	0.0067956627406992	0	0	3.73901663862404e-05	0	0.000607590203776407	0	0.879519536361937	0.000271078706300243	0.00710413161338568	0	0.0233968966161899	0.00173864273696018	0	0	0	0	0	4.67377079828005e-05	0.000102822957562161	9.3475415965601e-06	0	0	4.67377079828005e-05	2.80426247896803e-05	0	0.000514114787810806	0	0	0.000458029538231445	0.0056926528323051	3.73901663862404e-05	0.000654327911759207	0	9.3475415965601e-06	0.00125257057393905	0.000972144326042251	0	0	0	0	0.000168255748738082	0	0	0	0	0.00566461020751542	0.00647784632641615	0.000392596747055524	1.86950831931202e-05	1.86950831931202e-05	0.000280426247896803	5.60852495793606e-05	0	0.000149560665544962	2.80426247896803e-05	0	0	0	0.000112170499158721	0	0.000327163955879604	0	7.47803327724808e-05	0.00087866891007665	0	0.0131239484015704	0	0.000252383623107123	1.86950831931202e-05	3.73901663862404e-05	0	0	0	2.80426247896803e-05	0.000719760702935128	0.000747803327724808	0	0.000112170499158721	0.000691718078145448	0	2.80426247896803e-05	0	0	0	0.000177603290334642	9.3475415965601e-06	3.73901663862404e-05	7.47803327724808e-05	0	0.000121518040755281	9.3475415965601e-05	0.000186950831931202	0.0140867451860161	0	2.80426247896803e-05	9.3475415965601e-06	1.86950831931202e-05	0	3.73901663862404e-05	1.86950831931202e-05	0
np0956	0.000344560254974589	0.0197117179200046	0.000100496741034255	0.0305366525971229	0	0	0.000445056996008844	0.000890113992017687	0	0	0.343038447181784	0.00653228816722658	0.00345995922703649	0.000301490223102765	0.0197260745972952	4.30700318718236e-05	8.61400637436472e-05	0	0.00106239411950498	0	0	0.00334510580871163	0	0.0062020845895426	0.00060298044620553	0.000373273609555804	0.000646050478077354	0.00598673443018348	0.000172280127487294	0.0106813679042122	0.000143566772906079	0.0012777442788641	0.0136962701352399	0.00980561058948517	0	0.00020099348206851	0	0.000172280127487294	0.000358916932265197	0.0241048611709306	0.000717833864530393	0	0	0	0.000789617250983432	2.87133545812157e-05	0.000100496741034255	0.000129210095615471	0.000100496741034255	0.000918827346598903	0.00930312688431389	1.43566772906079e-05	8.61400637436472e-05	0.000646050478077354	0.108995893990295	0.000574267091624315	0.00284262210354036	0.000114853418324863	1.43566772906079e-05	0.000229706836649726	0	0.00251241852585638	5.74267091624314e-05	0.00147873776093261	0.00206736152984753	0.0018232980159072	0.000215350159359118	0.000430700318718236	0.00100496741034255	0.00653228816722658	0.000746547219111609	0.000172280127487294	0.00661842823097022	0.0791627185804118	0.0131220030436156	0.00116289086053924	0	0.000559910414333707	0.00140695437447957	0.0827231745484825	4.30700318718236e-05	0	0.00308668561748069	0	0.0146868808682918	0	1.43566772906079e-05	2.87133545812157e-05	0.0695868148275763	0.0215924426450742	0	0.00463720676486634	0.00107675079679559	0.000488127027880667	5.74267091624314e-05	0.0056565308524995	0.00120596089241106	1.43566772906079e-05	7.17833864530393e-05	0	0.0104516610675625	0.00209607488442875	7.17833864530393e-05	0.033680764923766	0
np0957	0.000451846924303089	0.0310895786527431	6.90321689907497e-05	0.00706010819223576	3.13782586321589e-05	0	0.000564808655378861	0.000389090407038771	0.000445571272576657	0.00857254025830582	0.267349039197721	0.00017571824834009	0.000759353858898247	8.78591241700451e-05	0.0115095452662759	2.51026069057272e-05	1.25513034528636e-05	1.88269551792954e-05	0.00271735719754496	0.0103297227417067	0.000389090407038771	0.00105430949004054	0.000746802555445383	0.0517301971809772	0.0032570632460181	0.000294955631142294	0.000476949531208816	0.00222158071115685	0	0.0154192762918429	0.000263577372510135	0.000483225182935248	0.00381559624967053	0.00832778984097498	4.39295620850225e-05	0.00435530229814366	0.00532175266401416	0	0.000445571272576657	0.0204335220212619	8.78591241700451e-05	2.51026069057272e-05	6.27565172643179e-06	0.000307506934595158	0.00240985026294981	5.64808655378861e-05	1.25513034528636e-05	2.51026069057272e-05	4.39295620850225e-05	0.00048950083466168	0.000709148645086792	9.41347758964768e-05	9.41347758964768e-05	0.00436785360159653	0.0127207460494772	8.15834724436133e-05	0.000859764286521155	0.000282404327689431	0	0.000382814755312339	8.78591241700451e-05	0.000357712148406612	5.02052138114543e-05	0.0401390684422577	0.00183876595584451	0.000156891293160795	7.53078207171815e-05	0.000138064337981499	0.00010668607934934	0.00383442320484982	0.00209606767662822	0.000307506934595158	0.00967705496215782	0.218982591342111	0	0.000502052138114543	0.014258280722453	0.000257301720783703	0.0032382362908388	0.0142833833293588	6.27565172643179e-05	0	0.00446826402921943	0.146090896539606	0.00331981976328242	1.88269551792954e-05	6.27565172643179e-05	0	0.0247448947573205	0.00722955078884942	1.25513034528636e-05	0.00454357184993662	0.00153125902124936	0	0.000627565172643179	0.00264832502855422	0.000433019969123794	0	4.39295620850225e-05	0	0.000257301720783703	0.000966450365870496	0.000100410427622909	0.00863529677557014	1.88269551792954e-05
np0961	0	0.030278232405892	0.00130932896890344	0.00703764320785597	0.0044189852700491	0	0.00392798690671031	0	0.00490998363338789	0	0.0337152209492635	0.000327332242225859	0.0414075286415712	0	0.0193126022913257	0	0	0	0.00261865793780687	0	0.00327332242225859	0.0016366612111293	0.0072013093289689	0.0700490998363339	0	0.000327332242225859	0	0.0157119476268412	0	0.0265139116202946	0	0	0.0160392798690671	0.0284779050736498	0	0.00261865793780687	0	0.00147299509001637	0	0.11227495908347	0	0	0	0	0.00261865793780687	0.00851063829787234	0	0	0	0.00507364975450082	0.0145662847790507	0.000490998363338789	0	0.00769230769230769	0.000654664484451719	0.00114566284779051	0	0.00360065466448445	0	0.000327332242225859	0	0.0016366612111293	0.000490998363338789	0.000981996726677578	0.000490998363338789	0	0.000490998363338789	0	0	0.0016366612111293	0.0016366612111293	0.00589198036006547	0.0016366612111293	0.377250409165303	0	0	0.0415711947626841	0.000490998363338789	0.00180032733224223	0.0296235679214403	0.00016366612111293	0	0.0240589198036007	0	0.00114566284779051	0	0	0	0.00261865793780687	0.00180032733224223	0	0.000327332242225859	0	0	0	0.00916530278232406	0.00818330605564648	0	0	0	0	0.00425531914893617	0.00016366612111293	0.00294599018003273	0
np0962	0.00176676793643375	0.0388128067305445	8.41318064968451e-05	0.00135545688244917	0.000813274129469502	0	0.0144426267819584	0.000392615096985277	8.41318064968451e-05	0.000112175741995793	0.0275671885954662	0.000102827763496144	0.0217620939471839	0	0.0563496143958869	0.000355223182986679	0	0	0.000560878709978967	0.00116849731245618	0.0903856041131105	0.000495442860481421	0.000551530731479318	0.0274737088104697	0.00153306847394251	0.000252395419490535	0.000467398924982473	0.0286328581444263	9.34797849964945e-06	0.0270063098854873	0	1.86959569992989e-05	0.00880579574666978	0.017172236503856	9.34797849964945e-06	0.0094321103061463	3.73919139985978e-05	0.00131806496845057	0.015947651320402	0.0989296564617901	6.54358494975462e-05	0.000130871698995092	0	0.000205655526992288	0.00594531432577705	0.0122551998130404	1.86959569992989e-05	0.000121523720495443	0	0.0034774480018696	0.00333722832437485	1.86959569992989e-05	0.000102827763496144	0.000925449871465296	0.000860014021967749	0.000130871698995092	0.000205655526992288	0.00034587520448703	9.34797849964945e-06	0.00151437251694321	0.00229960271091376	0.0033652722598738	0	0.00774947417620939	0.00191633559242814	1.86959569992989e-05	5.60878709978967e-05	9.34797849964945e-06	0	0.000785230193970554	0.000215003505491937	0.000317831268988081	0.00277634961439589	0.373657396587988	0	0.000112175741995793	0.0076559943912129	0.000299135311988782	0.000102827763496144	0.00450572563683104	1.86959569992989e-05	5.60878709978967e-05	0.00459920542182753	0.0043281140453377	0.00133676092544987	9.34797849964945e-06	4.67398924982473e-05	0	0.0206216405702267	0.00874035989717224	0.000102827763496144	0.000766534236971255	0.000420659032484225	0	0.000439354989483524	0.000158915634494041	0.00905819116616032	0	4.67398924982473e-05	1.86959569992989e-05	1.86959569992989e-05	0.00391680299135312	0.000140219677494742	0.0154335125029212	0
np0963	0	0.00425050694119482	0.000818905007019186	0.00380205896116051	0	0	0.000116986429574169	0	0	0	0.0734089845577913	0.000799407268756824	0.0206481048198409	0	0.0435384495398534	0.000565434409608485	0	0	0.000350959288722508	0	0	0.0024372172827952	0.000799407268756824	0.00232023085322103	1.94977382623616e-05	0.00167680549056309	0.000818905007019186	0.00157931679925129	0	0.00809156137888005	5.84932147870847e-05	0	0.00489393230385275	0.0157346747777258	0.00758462018405865	0.00037045702698487	0.000779909530494463	0.000428950241771954	0.00087739822180627	0.0389759787864608	0	0.00155981906098893	3.89954765247231e-05	0.00107237560442989	0.00569333957260958	0.00037045702698487	1.94977382623616e-05	0.000233972859148339	0	0	0.011757136172204	0	0.000389954765247231	0.00957338948681953	0.00233972859148339	0.0012673529870535	5.84932147870847e-05	0.00350959288722508	0.0358368429262206	0.00113086881921697	0	0.00280767430978007	0	0.00193027608797379	0.00196927156449852	0	0.00037045702698487	3.89954765247231e-05	3.89954765247231e-05	0.00120885977226642	1.94977382623616e-05	0.00569333957260958	0.0218179691155826	0.460848541569178	0	0	0.0161051318047107	0.00142333489315239	0.000311963812197785	0.000701918577445016	0	0.000194977382623616	0.111858524411168	0	0.0067462174387771	0.000194977382623616	0.000643425362657932	0	0.0326977070659803	0.00902745281547341	0	0.00115036655747933	0	0	0	0.000506941194821401	0.00581032600218375	5.84932147870847e-05	0	0	7.79909530494463e-05	0.000682420839182655	3.89954765247231e-05	0.00440648884729371	1.94977382623616e-05
np0964	0	0.0109442060085837	0.003295524218271	0.0340282035561006	0.000352544451256898	0	0.000812385039852851	0.000214592274678112	1.53280196198651e-05	0	0.305073574494175	0.00280502759043532	0.00157878602084611	0.000444512568976088	0.023405885959534	0.000122624156958921	0.000107296137339056	0.00248313917841815	0.0517780502759044	0	0.000904353157572042	0.00649908031882281	0	0.00729613733905579	0.000183936235438381	0.000199264255058246	0.00105763335377069	0.00225321888412017	0.00137952176578786	0.0133966891477621	0	0.000613120784794605	0.00901287553648069	0.0205088902513795	0	3.06560392397302e-05	0.00596259963212753	0.000199264255058246	0.000873697118332311	0.0510116492949111	3.06560392397302e-05	4.59840588595953e-05	0	0.00102697731453096	0.000613120784794605	0	9.19681177191907e-05	0.000245248313917842	6.13120784794605e-05	0.000352544451256898	0.00222256284488044	0.00159411404046597	0	0.00286633966891478	0.0220723482526058	0.000413856529736358	0.000291232372777437	1.53280196198651e-05	0	0.000260576333537707	0	0.000199264255058246	0.000490496627835684	0.0166309012875536	0.00521152667075414	0.000122624156958921	0.0016707541385653	0.000321888412017167	0.000643776824034335	0.0297516860821582	0.104659717964439	0.0116339668914776	0.010453709380748	0.0836756591048437	0.0133507050889025	3.06560392397302e-05	4.59840588595953e-05	0.000245248313917842	0.0232066217044758	0.0205548743102391	0	4.59840588595953e-05	0.00770999386879215	0	0.00935009196811772	1.53280196198651e-05	1.53280196198651e-05	1.53280196198651e-05	0.0215511955855303	0.0129368485591662	0	0.00153280196198651	0.00418454935622318	0	0.00174739423666462	0.0101471489883507	0.00229920294297977	0.000137952176578786	0.00369405272838749	1.53280196198651e-05	0.00208461066830166	0.000490496627835684	0.000751072961373391	0.00732679337829552	0
np0965	0	0.0347284060552093	0.000667853962600178	0.00222617987533393	0.0060106856634016	0	0.00200356188780053	0	0.000222617987533393	0	0.0109082813891362	0	0.185218165627783	0	0.0164737310774711	0	0	0	0.00155832591273375	0	0.00111308993766696	0.00244879786286732	0.00734639358860196	0.0418521816562778	0	0.000222617987533393	0.000890471950133571	0.0129118432769368	0	0.0169189670525378	0	0	0.00467497773820125	0.0264915405164737	0	0.00690115761353517	0.000890471950133571	0	0.000445235975066785	0.15093499554764	0	0	0	0	0.00356188780053428	0.000890471950133571	0	0	0	0.0100178094390027	0.0151380231522707	0.00222617987533393	0	0.00979519145146928	0.00133570792520036	0.00133570792520036	0.000445235975066785	0.0122439893143366	0	0	0	0.0155832591273375	0.00200356188780053	0.000667853962600178	0.000890471950133571	0	0	0	0	0	0.00155832591273375	0.0111308993766696	0.00155832591273375	0.240650044523598	0	0	0.03739982190561	0.00111308993766696	0	0.0251558325912734	0	0	0.0178094390026714	0	0.000222617987533393	0	0.000890471950133571	0	0.00556544968833482	0.00957257346393589	0	0	0	0	0	0.011353517364203	0.0173642030276046	0	0	0	0.000222617987533393	0.00734639358860196	0.000222617987533393	0.000667853962600178	0
np0966	0	0.0136123164714974	0.000148606075016347	0.00817333412589907	0.00199132140521905	0	0.000475539440052309	0	0.00344766094037924	0	0.0653866730071925	0.000148606075016347	0.0150983772216608	2.97212150032693e-05	0.0210128990073114	0.000148606075016347	0	0	0.00243713963026809	0	0	0.00573619449563098	0.00496344290554598	0.0247577720977234	2.97212150032693e-05	0.000148606075016347	0.000356654580039232	0.0101052131011116	0	0.0227961719075076	0.000118884860013077	0	0.00826249777090888	0.018100219936991	0	0.000713309160078464	0.00439873982048386	8.9163645009808e-05	0.000416097010045771	0.0573025025263033	0	8.9163645009808e-05	0	0	0.00187243654520597	0.000356654580039232	0	0	0	0.0032990548653629	0.0108779646911966	0.00044581822504904	5.94424300065387e-05	0.0101052131011116	0.00546870356060156	0.000297212150032693	0.000624145515068656	0.00353682458538905	0	0.000326933365035963	0	0.00425013374546751	0.000534981870058848	0.00977827973607561	0.00139689710515366	0	0.000148606075016347	0.000118884860013077	0	0.00213992748023539	0.0172680259168995	0.00573619449563098	0.00154550318017001	0.292337870772157	0	0.00169410925518635	0.181477738809963	0.00089163645009808	0.00130773346014385	0.0353385246388872	0.000237769720026155	0	0.0488913986803781	0	0.00160494561017654	0	0.000148606075016347	0	0.0272246329429947	0.0159305712417524	0	0.0032990548653629	8.9163645009808e-05	0	0	0.0101646555311181	0.00124829103013731	0	0	0	0.00148606075016347	0.0032990548653629	0.000178327290019616	0.00237769720026155	8.9163645009808e-05
np0967	0.01279296875	0.004052734375	0.000160435267857143	0.00315987723214286	0.000279017857142857	0	0.000230189732142857	0.000111607142857143	0	0	0.0303989955357143	0.000272042410714286	0.000320870535714286	0	0.00314592633928571	0.000167410714285714	0	0	3.48772321428571e-05	0	0.000411551339285714	0.000383649553571429	0.000118582589285714	0.00124860491071429	8.37053571428571e-05	0.000571986607142857	0.003369140625	0.00295758928571429	6.97544642857143e-06	0.00791015625	1.39508928571429e-05	0	0.0900390625	0.00511300223214286	5.58035714285714e-05	0.00183454241071429	0	0	0	0.00779157366071429	0.000167410714285714	0.000411551339285714	6.97544642857143e-06	4.8828125e-05	4.18526785714286e-05	0	6.97544642857143e-06	0.000202287946428571	0	4.18526785714286e-05	0.00569893973214286	0	0	0.00029296875	0.0126604352678571	0.000676618303571429	0.000432477678571429	0.000272042410714286	0	0.000348772321428571	0	0.000571986607142857	0	0.00359235491071429	0.00474330357142857	1.39508928571429e-05	2.79017857142857e-05	6.97544642857143e-05	6.97544642857143e-05	0.00111607142857143	0.0115094866071429	0.000111607142857143	0.0169991629464286	0.0974679129464286	0	0	0	0.000348772321428571	0.00029296875	0.00407366071428571	0.000146484375	0	0.001513671875	0.594900948660714	0.00463169642857143	8.37053571428571e-05	0.000118582589285714	2.09263392857143e-05	0.0254743303571429	0.0289620535714286	0	0.000216238839285714	6.97544642857143e-06	0.000146484375	6.97544642857143e-06	0.00101143973214286	0.00173688616071429	0	0	0	0.000927734375	0.000258091517857143	2.79017857142857e-05	0.000453404017857143	0
np0968	0.00104394817104374	0.065591331818585	0.00026269284042604	0.0175014840439686	0.000146698599198957	7.16435019343745e-05	0.00165462373515103	0.000945011906467702	9.89362645760411e-05	0.00262010521359998	0.376316022898628	0.00120088155623333	0.00127934824882812	0.000225165291793749	0.0181087480127457	8.18782879249995e-05	4.43507392927081e-05	2.38811673114582e-05	0.00375616645855935	0.00607946287843121	0.00461930007710205	0.00223800653661665	1.70579766510416e-05	0.025368622875429	0.00377322443521039	0.000532208871512497	0.000750550972645829	0.00175697159505728	0.000354805914341664	0.00982198295566973	5.4585525283333e-05	0.000709611828683329	0.0040632100382781	0.00514127416262393	0	0.000771020544627079	0.00160686140052812	0.00108147571967603	0.000225165291793749	0.00996868155486869	0.000344571128351039	5.11739299531247e-05	0	0.000924542334486453	0.00391309984374893	0.000167168171180207	0.00214589346270103	0.000173991361840624	8.18782879249995e-05	0.00024222326844479	0.00196166731486978	9.21130739156244e-05	0.000105759455236458	0.00196507891019999	0.0137691987527207	0.000160344980519791	0.00142945844335728	5.11739299531247e-05	3.41159533020831e-06	0.000487858132219789	0.000371863890992706	0.00149086715930103	3.07043579718748e-05	0.0634556731418746	0.00111900326830833	0.000272927626416665	0.000122817431887499	0.000218342101133332	0.000627733540758329	0.0311922161040946	0.00315572568044269	0.00132711058345103	0.0322668686331102	0.129487100758056	0	0.00133734536944166	0.0163893039663207	0.000593617587456246	0.0055813699602208	0.00729399081598537	4.09391439624997e-05	0	0.00389263027176768	0.00235058918251353	0.0114766066908208	6.14087159437496e-05	0.000180814552501041	3.41159533020831e-06	0.0418568631063258	0.020667444510402	0.000474211750898955	0.00294420676996977	0.00448965945455414	2.04695719812499e-05	0.00395062739238123	0.00112241486363853	0.000962069883118744	0.00179791073901978	0.000289985603067707	1.02347859906249e-05	0.000423037820945831	0.00170579766510416	0.000129640622547916	0.00683683704173746	0
np0975	0.000569962952408094	0.0113897596656217	0.000389474684145531	0.0348627339222951	0.000560463569867959	0.000351477153984991	0.00104493207941484	6.64956777809442e-05	0	0	0.545312054716443	0.00173838700484469	0.00349577277476964	0.000208986415882968	0.0137646053006555	0.000322979006364586	0	0.0071340362876413	0.0004084734492258	0	0.000503467274627149	0.00104493207941484	0	0.0139640923339983	3.79975301605396e-05	0.000417972831765935	0.000417972831765935	0.0014439061461005	9.49938254013489e-05	0.0108292960957538	0	2.84981476204047e-05	0.00346727462714924	0.0194737342072765	0	0.00237484563503372	0	4.74969127006745e-05	0.000151990120642158	0.0573382730122542	0	1.89987650802698e-05	4.74969127006745e-05	0.00136791108577942	0.000484468509546879	0.000322979006364586	3.79975301605396e-05	0.000132991355561888	3.79975301605396e-05	4.74969127006745e-05	0.00505367151135176	0.000750451220670656	1.89987650802698e-05	0.00106393084449511	0.0132326398784079	0.00116842405243659	0	0.00260283081599696	0	0.000265982711123777	0	6.64956777809442e-05	0.000522466039707419	0.0320604160729553	0.00210886292390995	7.59950603210791e-05	0.000693454925429847	0.000484468509546879	0.00116842405243659	0.0233399829011114	0.0443716158449701	0.0032677875938064	0.010772299800513	0.0325163864348817	0	0	0	0.00113042652227605	0.0101453405528641	0.0155314904531205	0	0.000104493207941484	0.00442671226370286	0	0.019226750261233	4.74969127006745e-05	3.79975301605396e-05	3.79975301605396e-05	0.00492068015578987	0.00798898071625344	0	0.0018238814477059	5.69962952408093e-05	7.59950603210791e-05	0.00046546974446661	0.0107817991830531	0.00087394319369241	0.00269782464139831	0.000531965422247554	7.59950603210791e-05	0.0028593141445806	0.000531965422247554	0.000199487033342833	0.00406573572717773	0
np0976	0	0.00861745312903302	2.93310181383016e-05	0.0112983081868738	0.000299176385010677	0	0.000715676842574559	0	0.000199450923340451	0	0.575011145786893	0.00161907220123425	0.00183025553183002	0	0.00428232864819204	0.000404768050308562	0	0	1.17324072553206e-05	0	0	0.000844733322383087	0.00072154304620222	0	0	5.86620362766032e-06	0.00146068470328742	0.0086937137761926	0.00125536757631931	0.0119905202149377	0	0	9.38592580425652e-05	0.00405941291034094	2.34648145106413e-05	8.21268507872445e-05	0	5.86620362766032e-06	0.00257526339254288	0.00692212028063918	2.93310181383016e-05	0	0.000105591665297886	0	9.38592580425652e-05	0.000615951380904334	2.93310181383016e-05	5.86620362766032e-06	0	0.000657014806297956	0.00637069713963911	0.000428232864819204	0	0.000111457868925546	0.00183612173545768	2.34648145106413e-05	0	0.000146655090691508	0	3.51972217659619e-05	0	0	5.86620362766032e-05	0	9.97254616702255e-05	0	5.86620362766032e-05	0.000627683788159655	5.86620362766032e-05	0.00275711570500035	0.0115094915174696	0.000211183330595772	0.00525611845038365	0.253795433747096	0	0	0	1.7598610882981e-05	0.0260283454959289	0.000527958326489429	0.000299176385010677	0	0.00415913837201117	0	0.012037449843959	0	1.17324072553206e-05	0	0.0115622873501185	0.0120433160475866	1.17324072553206e-05	5.27958326489429e-05	0	0	8.21268507872445e-05	9.38592580425652e-05	0.000745007860712861	0	3.51972217659619e-05	0	3.51972217659619e-05	0.000158387497946829	0.00108524767111716	0.00303869347912805	0
np0977	0	0.049514356928098	2.2354111479954e-05	0.00195598475449597	0	0	1.1177055739977e-05	0	0	0	0.894186813309638	0.000279426393499424	0.00445964524025081	2.2354111479954e-05	0.0210240418468967	0.000860633291978227	0	0	0	0	0	2.2354111479954e-05	0.00119594496417754	6.70623344398618e-05	0	0.00011177055739977	5.58852786998849e-05	0.00011177055739977	0	0.000782393901798388	0	0	0.00136360080027719	0.004370228794331	4.47082229599079e-05	0.00202304708893583	0	0	0.00197833886597592	0.00122947613139747	0	0	0	0	0.000167655836099655	0	0	5.58852786998849e-05	0	0.00139713196749712	0.00109535146251774	0.000558852786998849	1.1177055739977e-05	0	0.000190009947579609	1.1177055739977e-05	0	0.000268249337759447	0.00011177055739977	0	0	0	0.000100593501659793	0	0.000245895226279493	0	7.82393901798388e-05	0.000100593501659793	0	0.00357665783679263	0	0.000312957560719355	2.2354111479954e-05	1.1177055739977e-05	0	0	0	5.58852786998849e-05	0.000324134616459332	0.00110652851825772	0	6.70623344398618e-05	0.000882987403458181	0	1.1177055739977e-05	0	0	0	0.000145301724619701	2.2354111479954e-05	2.2354111479954e-05	0.000156478780359678	0	0.000357665783679263	0.000201187003319586	0.00248130637427489	0	0	5.58852786998849e-05	4.47082229599079e-05	5.58852786998849e-05	0	0	0	0
np0978	0.00120034295513004	0.00695913118033724	0.00010002857959417	0.00651614747070592	5.71591883395256e-05	0.000142897970848814	8.57387825092884e-05	0.00164332666476136	0	0.00871677622177765	0.282094884252644	0.000342955130037153	0.000657330665904544	0.000128608173763933	0.00724492712203487	5.71591883395256e-05	5.71591883395256e-05	2.85795941697628e-05	0.0020005715918834	0.00398685338668191	0	0.00192912260645899	7.1448985424407e-05	0.028436696198914	0.00550157187767934	0.000257216347527865	0.000528722492140612	0.000771649042583595	0.000171477565018577	0.00435838811088883	0.0192912260645899	0.000814518433838239	0.00464418405258645	0.00404401257502143	0	0.000114318376679051	0.000457273506716205	8.57387825092884e-05	0.000528722492140612	0.0958273792512146	0.000371534724206916	5.71591883395256e-05	0	0.000185767362103458	0.00150042869391255	5.71591883395256e-05	0	4.28693912546442e-05	2.85795941697628e-05	0.000785938839668477	0.00165761646184624	0.00127179194055444	0.00010002857959417	0.00175764504144041	0.0255787367819377	0.000214346956273221	0.00114318376679051	0.00010002857959417	0	0.000185767362103458	0.000157187767933695	0.000300085738782509	5.71591883395256e-05	0.0405544441268934	0.00287224921406116	0.000485853100885967	0.000300085738782509	0.000457273506716205	0.000457273506716205	0.00620177193483853	0.00275793083738211	0.00311517576450414	0.010960274364104	0.122192054872821	1.42897970848814e-05	0.00172906544727065	0.0743069448413833	0.000357244927122035	0.000385824521291798	0.00382966561874821	0	1.42897970848814e-05	0.00515861674764218	0.00250071448985424	0.0799799942840812	5.71591883395256e-05	8.57387825092884e-05	0.000128608173763933	0.0519005430122892	0.0184624178336668	4.28693912546442e-05	0.00194341240354387	0.00315804515575879	0	0.000885967419262647	0.0214632752214919	0.00147184909974278	0	0.000300085738782509	0	0	0.00350100028579594	5.71591883395256e-05	0.0125035724492712	0
np0979	0.000492210482938611	0.0486830507892538	0.000732592346699328	0.0108515241354838	0.000560891015441673	6.8680532503062e-05	0.00439555408019597	2.2893510834354e-05	0.00241526539302435	4.5787021668708e-05	0.0995867721294399	0.000492210482938611	0.000972974210460045	0.000148807820423301	0.0298416913725804	0.000286168885429425	9.1574043337416e-05	0.000194594842092009	0.0130493011755818	0.00230079783885258	0.000972974210460045	0.00357138769015922	0	0.0356680898799235	0.000297615640846602	0.000526550749190142	9.1574043337416e-05	0.00217488352926363	0.000183148086674832	0.0118588386121954	0.000263275374595071	0.000400636439601195	0.00465882945479104	0.0143771248039743	2.2893510834354e-05	0.0045787021668708	0.000446423461269903	0.000171701331257655	0.00106454825379746	0.0434518835636039	3.4340266251531e-05	0.000137361065006124	0	0.000160254575840478	0.00605533361568663	0.000641018303361912	0.000309062396263779	0.000160254575840478	0	0.00863085358455146	0.00432687354769291	0.000286168885429425	0.000274722130012248	0.00329666556014698	0.0085621730520484	0.000400636439601195	8.0127287920239e-05	6.8680532503062e-05	1.1446755417177e-05	0.000366296173349664	0.000331955907098133	0.000331955907098133	8.0127287920239e-05	0.0192191023454402	0.00377742928766841	6.8680532503062e-05	0.000400636439601195	0.000160254575840478	9.1574043337416e-05	0.00608967388193816	0.00766932612950859	0.00209475624134339	0.00552878286649649	0.458511234990442	0	1.1446755417177e-05	0.0044298943464475	0.000789826123785213	0.0213710923638695	0.0402010050251256	5.7233777085885e-05	1.1446755417177e-05	0.0118473918567782	0.00738315724407917	0.00789826123785213	6.8680532503062e-05	0.000148807820423301	5.7233777085885e-05	0.00967250832751457	0.00454436190061927	8.0127287920239e-05	0.00233513810510411	0.000995867721294399	3.4340266251531e-05	0.000641018303361912	0.000652465058779089	0.00195739517633727	0.000160254575840478	0.000331955907098133	0	0.000595231281693204	0.00202607570884033	0.000858506656288275	0.00266709401220224	0
np0980	0	0.00396811337466785	0.00747564216120461	0.0699025686448184	0.000318866253321523	0	0.00187776793622675	0.000460584588131089	0.000106288751107174	0	0.366306465899026	0.00549158547387068	0.0029052258635961	0.000602302922940655	0.015659875996457	0.00095659875996457	7.0859167404783e-05	0.00400354295837024	0.0139946855624446	0	0.00240921169176262	0.00765279007971656	0	0.00988485385296723	0.00024800708591674	0.000602302922940655	0.000637732506643047	0.00191319751992914	0.00152347209920283	0.0130735163861825	0	0.00276350752878654	0.00534986713906112	0.0126129317980514	0	7.0859167404783e-05	0.00949512843224092	0.00162976085031001	0.00194862710363153	0.04651904340124	0.000106288751107174	3.54295837023915e-05	0	0.000460584588131089	0.0012400354295837	0	0.00024800708591674	0.000460584588131089	0.000141718334809566	0.00145261293179805	0.00634189548272808	0.00354295837023915	3.54295837023915e-05	0.00350752878653676	0.00513728963684677	0.000425155004428698	0.000992028343666962	0	7.0859167404783e-05	0.000389725420726306	0	0.000141718334809566	0.000637732506643047	0.0121877767936227	0.00868024800708592	7.0859167404783e-05	0.00485385296722764	0.000637732506643047	0.000212577502214349	0.0464481842338353	0.0859875996457042	0.010947741364039	0.010132860938884	0.029229406554473	0.0123649247121346	0	0	0.000389725420726306	0.0139592559787422	0.00906997342781222	0	0.000106288751107174	0.0108768821966342	0	0.00616474756421612	0	7.0859167404783e-05	7.0859167404783e-05	0.0292648361381754	0.0130735163861825	0	0.00297608503100089	0.0041806908768822	0	0.00577502214348981	0.0109123117803366	0.00191319751992914	0.000283436669619132	0.0105580159433127	0	0.00187776793622675	0.000354295837023915	0.00446412754650133	0.0140655447298494	3.54295837023915e-05
np0984	0.00196910027264465	0.0133797839038675	0.000908815510451378	0.0191861052206402	5.04897505806321e-05	0	0.00161567201858023	0	0	0.00121175401393517	0.356053721094618	0.00100979501161264	0.00121175401393517	0.000302938503483793	0.0172170049479956	0.000302938503483793	0	0.000302938503483793	0.00747248308593356	0.00509946480864385	0.000807836009290114	0.00272644653135414	0.000151469251741896	0.0322124608704433	0.00318085428657982	0	0.00131273351509644	0	0.000302938503483793	0.0124709683934161	0	0.00111077451277391	0.000908815510451378	0.00727052408361103	0	0	0.000403918004645057	0.00070685650812885	0.000252448752903161	0.0327678481268303	0.00116126426335454	0	0	0.00191861052206402	0.00237301827728971	0.000201959002322529	0.000100979501161264	0.000151469251741896	0	0	0.00802787034232051	0.00100979501161264	0.000151469251741896	0.00116126426335454	0.0105018681207715	0	0.00212056952438655	5.04897505806321e-05	0	0.000302938503483793	0	0.000403918004645057	0.000252448752903161	0.0316570736140563	0.00277693628193477	0.000757346258709482	0.000252448752903161	0.000252448752903161	0.00237301827728971	0.0184287589619307	0.023326264768252	0.00378673129354741	0.0165606381904473	0.122942542663839	0	0.000353428254064425	0.00999697061496516	0.000807836009290114	0.00449358780167626	0.0132283146521256	0	0	0.0124709683934161	0.054074522871857	0.0273654448147026	5.04897505806321e-05	0	0	0.0405432697162476	0.0275169140664445	0.000302938503483793	0.00378673129354741	0.00686660607896597	0.000353428254064425	0.00403918004645057	0.00212056952438655	0.00106028476219327	0.000302938503483793	0.000504897505806321	0	0.000302938503483793	0.00403918004645057	0.000555387256386953	0.00792689084115925	5.04897505806321e-05
np0985	0.0380183002225703	0.0478773390487182	3.29733740004946e-05	0.000807847663012118	0.000148380183002226	0	0	4.94600610007419e-05	3.29733740004946e-05	0	0.0163218201302448	3.29733740004946e-05	8.24334350012365e-05	1.64866870002473e-05	0.00372599126205589	6.59467480009892e-05	0	0	0	0	8.24334350012365e-05	0.000313247053004699	0.000445140549006677	0.00126947489901904	0.000280273679004204	0.000675954167010139	0.00199488912702992	0.00189596900502844	0	0.00250597642403759	0	0	0.0709587008490644	0.00135190833402028	0	0.000346220427005193	0	0	0	0.00623196768609348	4.94600610007419e-05	0.000741900915011128	0	1.64866870002473e-05	0	0	0	0.000230813618003462	0	0.00163218201302448	0.00286868353804303	0	4.94600610007419e-05	0.000164866870002473	0.000626494106009397	0.00103866128101558	0.000115406809001731	9.89201220014838e-05	0	0.000445140549006677	0	0.000148380183002226	0	0.00392383150605886	0.00657818811309867	0	0	8.24334350012365e-05	0	0.000230813618003462	0.00522627977907839	0.000148380183002226	0.00326436402604897	0.131629709009974	0	0	0	0.000346220427005193	0.0130244827301954	0.000329733740004946	9.89201220014838e-05	0	0.00253894979803808	0.593850465748908	0.00499546616107493	3.29733740004946e-05	4.94600610007419e-05	0	0.0101722858791526	0.0154315390322315	0	0	1.64866870002473e-05	0	0	0.000494600610007419	0.00217624268403264	0	0	0	0.000197840244002968	9.89201220014838e-05	4.94600610007419e-05	0.0012200148380183	0
np0987	0	0.011804257087276	0.000207754924736057	0.00181313388860559	0.000113320868037849	0	0.155986174854099	3.77736226792831e-05	0	0	0.0321642397114095	0.000302188981434264	0.00751695091317733	0	0.187243847621206	3.77736226792831e-05	0	0.000132207679377491	0.226755056943736	0	0.000547717528849604	0.0133718624284662	7.55472453585661e-05	0.00194534156798308	1.88868113396415e-05	0.000585491151528887	0.000132207679377491	0.00955672653785861	0	0.0365837535648856	0	0	0.000415509849472114	0.0156760534119025	0	0.00117098230305777	0.000302188981434264	0.000377736226792831	0.00241751185147412	0.0709388633916936	0	0	3.77736226792831e-05	0.00540162804313748	0.00224753054941734	0	9.44340566982076e-05	0.000509943906170321	0	0	0.00285190851228587	0.00134096360511455	0.00049105709483068	0.00394734356998508	0.00683702570495023	0.00107654824635957	7.55472453585661e-05	0.000377736226792831	0.000264415358754981	0.000887680132963152	0	0.001001001001001	0.00494834457098608	0.000661038396887454	0.00135985041645419	3.77736226792831e-05	0.000207754924736057	0.000151094490717132	0	0.00135985041645419	0.0148450337129582	0.000831019698944227	0.000453283472151397	0.0645173475362155	0.00237973822879483	0	0	0.000302188981434264	0.00396623038132472	0.0344495438835061	0	9.44340566982076e-05	0.024817270100289	0	0.00062326477420817	0	0	0.00974559465125503	0.00610044006270421	0.00118986911439742	0	0.000982114189661359	0.000377736226792831	0.00602489281734565	0.000169981302056774	0.00502389181634465	0.00309743705970121	0	0.000169981302056774	0	0.00279524807826695	0.000585491151528887	0.000509943906170321	0.00154871852985061	0
np0988	0	0.00196696157487513	0.000987561620580458	0.021807972315628	0	0	0.000138748326858411	1.63233325715778e-05	2.44849988573667e-05	0	0.571651268322941	0.00202409323887565	0.00097123828800888	0.000122424994286834	0.0106346511703829	0.000138748326858411	3.26466651431556e-05	0.0021301949005909	0.0200940223956123	0	0	0.0144461493258464	0.000408083314289445	0.00315040318631452	0.00207306323659038	0.000636609970291535	0.000293819986288401	0.00204857823773302	0	0.00615389637948484	0.00167314158858673	0	0.00194247657601776	0.00859423459893572	8.9778329143678e-05	0.00115079494629624	1.63233325715778e-05	0.000130586660572623	0.000187718324573145	0.0232281022493552	0	4.89699977147334e-05	8.16166628578891e-06	0.00219548823087722	0.000326466651431556	0.000473376644575757	5.71316640005223e-05	0.000114263328001045	8.16166628578891e-05	0	0.00703535633835004	0.000628448304005746	0.000106101661715256	0.00167314158858673	0.0365234566289054	0.000367274982860501	0.0011752799451536	0.000326466651431556	0	0.00037543664914629	0	0.00030198165257419	0.000808004962293102	0.00806372629035944	0.00188534491201724	1.63233325715778e-05	0.00044889164571839	0.00052234664229049	0.000497861643433123	0.00366458816231922	8.16166628578891e-05	0.00350135483660344	0.0130423427246907	0.0340341484117397	0	0.000432568313146812	0.00297900819431295	0.00101204661943782	0.0528957591981979	0.000106101661715256	0	4.08083314289445e-05	0.00688844634520584	0	0.00443994645946917	5.71316640005223e-05	0.000187718324573145	0	0.0357072900003265	0.0103081845189514	0.000195879990858934	0.0172129541967288	0.000350951650288923	0	0.000106101661715256	0.00590088472462538	0.0020567399040188	4.08083314289445e-05	0.000946753289151513	0	0.00159968659201463	0.000244849988573667	0.000285658320002612	0.0384904182037805	0.000163233325715778
np0990	0.000134890353412726	0.0115620302925194	3.85401009750646e-05	0.00886422322426485	0	0.000327590858288049	0.000289050757312984	0.000231240605850387	3.85401009750646e-05	0.0048945928238332	0.242937526496319	0.000539561413650904	0.000385401009750646	7.70802019501291e-05	0.00959648514279107	0	0.000134890353412726	0	0.00738042933672486	0.0048945928238332	0	0.00140671368558986	0	0.0429336724862219	0.00323736848190542	0.000366130959263113	0.00042394111072571	0.00067445176706363	0.000115620302925194	0.00643619686283578	0.000231240605850387	0.000289050757312984	0.00219678575557868	0.0054341542374841	0	0	0.000963502524376614	9.63502524376614e-05	9.63502524376614e-05	0.134986703665164	9.63502524376614e-05	0	0	0.000366130959263113	0.000790072069988823	0.00025051065633792	5.78101514625968e-05	3.85401009750646e-05	0	0	0.00121401318071453	0.00724553898331214	0.000154160403900258	0.00402744055189425	0.0112344394342313	0.00017343045438779	0.000558831464138436	0	0	0.000211970555362855	0	0.000192700504875323	0.00025051065633792	0.0261494585115813	0.00292904767410491	0.00017343045438779	0.00025051065633792	0.000269780706825452	0.00017343045438779	0.00481751262188307	0.00225459590704128	0.00131036343315219	0.00672524762014876	0.297587389678961	0	0.00150306393802752	0.0194434809419201	0.000443211161213242	0.00512583342968359	0.00435503141018229	0	0	0.010425097313755	0.00479824257139554	0.0118510810498324	0	0	0.000269780706825452	0.0315065325471153	0.0119088912012949	0.000154160403900258	0.00279415732069218	0.00396963040043165	0	0.000539561413650904	0.017921146953405	0.00131036343315219	0.000134890353412726	0.000134890353412726	0	0.000134890353412726	0.00263999691679192	5.78101514625968e-05	0.00686013797356149	0
np0994	0	0.00717237078038513	0.00218289545489982	0.0126296094176347	0.000935526623528495	0	7.79605519607079e-05	0.000389802759803539	0.000233881655882124	0	0.149294457004756	0.000155921103921416	0.010134871754892	0.000233881655882124	0.0179309269509628	0	0	7.79605519607079e-05	0.00420986980587823	0	0	0.00327434318234973	0.00919934513136353	0.0336009978950651	0.000311842207842832	7.79605519607079e-05	0.00210493490293911	0.00857566071567787	0	0.0205036251656662	0.000155921103921416	0	0.0128634910735168	0.0151243470803773	0.00382006704607469	0.00163717159117487	0.00880954237155999	0	0.000233881655882124	0.0562095579636704	0	7.79605519607079e-05	0	0	0.00124736883137133	0.000233881655882124	0	0	0	0.030170733608794	0.00779605519607079	0.00257269821470336	0	0.0059250019490138	0.00732829188430654	0.000155921103921416	0.000233881655882124	0.00335230373431044	0	0.000233881655882124	0	0.0123177672097918	0.000779605519607079	0.00366414594215327	0.00148125048725345	0	0.000389802759803539	0	0	0.00171513214313557	0.0141888204568488	0.0141888204568488	0.0173072425352771	0.138847743042021	0	0.00265065876666407	0.211584938021361	0.000779605519607079	0.00210493490293911	0.02642862711468	0	0	0.0166055975676308	0	0.00148125048725345	0	0	0	0.0297029702970297	0.0274421142901692	0.000623684415685663	0.0049115147735246	0	0	0	0.0235440866921338	0.000701644967646371	0	7.79605519607079e-05	0	0.000779605519607079	0.00171513214313557	0.000233881655882124	0.0020269743509784	0.000233881655882124
np0995	0.000267502292876796	0.00164322837052889	0.000229287679608682	0.0404692754509324	0	0	0.000267502292876796	0.000229287679608682	0	0	0.109867013145827	0.000458575359217365	0.000152858453072455	0	0.00424182207276062	0	7.64292265362274e-05	0	3.82146132681137e-05	0	0.000267502292876796	0.000458575359217365	0.000535004585753592	0.000687863038826047	0.00030571690614491	0.000840721491898502	0.00145215530418832	0.00164322837052889	0	0.00515897279119535	0.000458575359217365	0	0.0335142158361357	0.00309538367471721	0	7.64292265362274e-05	0	0	3.82146132681137e-05	0.0119229593396515	0.000535004585753592	0.00061143381228982	3.82146132681137e-05	3.82146132681137e-05	0.000191073066340569	0	0	0.000343931519413024	0.000152858453072455	0.000382146132681137	0.00374503210027515	0	0	0.000382146132681137	0.00856007337205747	0	0.00137572607765209	0	3.82146132681137e-05	0.000191073066340569	0	0.000649648425557933	0	0.00420360745949251	0.00175787221033323	0.000114643839804341	0.000152858453072455	0.000152858453072455	0.00030571690614491	0.00435646591256496	0.0396285539590339	3.82146132681137e-05	0.0125726077652094	0.0748242127789667	0	0	0	0.000496789972485478	0.0248394986242739	0.00206358911647814	7.64292265362274e-05	0	0.00103179455823907	0.531641699785998	0.00191073066340569	0.000191073066340569	0	0	0.0384821155609905	0.0170437175175787	0	0.00122286762457964	0.000114643839804341	0	0	0.000764292265362275	0.00122286762457964	0	0	0	0.00152858453072455	0.000191073066340569	0	0.00343931519413024	0
np1006	0.000275141009767506	0.00550282019535012	0	0.0049525381758151	0	0	0.00206355757325629	0	0	0.00577796120511762	0.250791030403082	0	0	0	0.0182968771495391	0	0	0	0.00343926262209382	0.0023386985830238	0.00481496767093135	0.000275141009767506	0	0.0202228642179117	0.000962993534186271	0.000412711514651259	0.000412711514651259	0.000687852524418765	0	0.00550282019535012	0	0	0.0070160957490714	0.00261383959279131	0	0	0.00178841656348879	0.000137570504883753	0.000275141009767506	0.0229742743155867	0	0.000137570504883753	0	0.000412711514651259	0.0070160957490714	0.000687852524418765	0.000687852524418765	0.000275141009767506	0	0.0193974411886092	0.000825423029302518	0	0	0.0237996973448893	0.0125189159444215	0	0	0.000275141009767506	0	0.000137570504883753	0	0.000550282019535012	0	0.0251754023937268	0.000825423029302518	0	0	0.000137570504883753	0	0.00343926262209382	0.00123813454395378	0	0.0112807814004677	0.443389737240336	0	0.000412711514651259	0.0104553583711652	0.000412711514651259	0.00619067271976888	0.00357683312697758	0	0	0.00536524969046636	0.0125189159444215	0.00178841656348879	0	0	0	0.0209107167423304	0.00784151877837392	0	0.00577796120511762	0.00220112807814005	0	0.000962993534186271	0.000550282019535012	0.00151327555372128	0	0.000687852524418765	0.000275141009767506	0	0.00151327555372128	0	0.00330169211721007	0
np1007	0.000999500249875062	0.0103448275862069	0	0.00229885057471264	0.000899550224887556	0	0.000299850074962519	0	0	0.000649675162418791	0.11984007996002	0	0.00384807596201899	0	0.0119940029985007	0.000349825087456272	0	0	0.000749625187406297	0.00329835082458771	0.000749625187406297	0.00124937531234383	0	0.0179410294852574	0.00474762618690655	0	0.000699650174912544	0.00214892553723138	9.99500249875062e-05	0.0370814592703648	0	0.000699650174912544	0.0138430784607696	0.015192403798101	0	0.000199900049975012	0	0	0.00134932533733133	0.07976011994003	0.000149925037481259	9.99500249875062e-05	0	0.000899550224887556	0.000499750124937531	0	0.000199900049975012	9.99500249875062e-05	0	0.000649675162418791	0.00679660169915042	0	9.99500249875062e-05	0.0024487756121939	0.0056471764117941	0.000449775112443778	0.000349825087456272	0.00334832583708146	0	0.000749625187406297	0.00119940029985007	0.000449775112443778	0	0.00609695152423788	0.00549725137431284	0	0	0.000399800099950025	0.000249875062468766	0.00189905047476262	0.248225887056472	0.000999500249875062	0.00694652673663168	0.239630184907546	0	0.000149925037481259	0.0131434282858571	0.000399800099950025	0.000249875062468766	0.00414792603698151	9.99500249875062e-05	0	0.0113943028485757	0.00594702648675662	0.00424787606196902	0	0	0	0.0507246376811594	0.019640179910045	0	0.00314842578710645	0.00224887556221889	0.00494752623688156	0.000499750124937531	0	0.00079960019990005	0	0	0	0	0.004047976011994	0	0.0087456271864068	0
np1008	0	0.0194555432133561	0.00191488303463369	0.00833927416814497	0.00140093174395278	0	0.00213870053218827	0.0010527711922012	0.000140922128089925	0	0.0217434554105808	0.000323291940912181	0.132193245685296	8.28953694646617e-05	0.0255898005537411	4.9737221678797e-05	5.80267586252632e-05	0	0.00658189233549414	0	0.000373029162590978	0.00470845698559279	0.00426911152743008	0.0297925957855994	0.000116053517250526	0.000530530364573835	0.00095329674884361	0.01543511779432	2.48686108393985e-05	0.0227299103072102	4.9737221678797e-05	0	0.00596017706450918	0.0219341147603495	0.000124343054196993	0.00175738183265083	0.00193146210852662	0.000190659349768722	0.000596846660145564	0.133527861133677	0	0.000157501201982857	0	0	0.00436029643384121	0.000978165359683008	3.31581477858647e-05	1.65790738929323e-05	0	0.00549596299550707	0.00593530845366978	0.0022796226602782	0.00021552796060812	0.0112323225624617	0.00464214069002106	0.00099474443357594	0.000290133793126316	0.00262778321202978	0	0.000439345458162707	0	0.0110996899713182	0.00131803637448812	0.00417792662101895	0.00187343534990135	8.28953694646617e-06	0.00017408027587579	1.65790738929323e-05	0.00017408027587579	0.00077921647296782	0.00606794104481324	0.00635807483793955	0.00245370293615399	0.227489762421871	0	0.000489082679841504	0.0622046852462821	0.00214699006913474	0.00128487822670226	0.0390354294809092	0.000124343054196993	3.31581477858647e-05	0.0399887262297528	0	0.000820664157700151	3.31581477858647e-05	0.000406187310376842	9.11849064111279e-05	0.0295107515294196	0.00761808445380241	0.000571978049306166	0.00135948405922045	0.000132632591143459	0	2.48686108393985e-05	0.0251753237064178	0.0105194223850656	1.65790738929323e-05	3.31581477858647e-05	0	0.00164961785234677	0.0060762305817597	0.000331581477858647	0.00244541339920752	0.000116053517250526
np1009	0.000628181522798657	0.0133867648651576	0.000606520090978014	0.010809054478501	6.498429546193e-05	2.16614318206433e-05	0.00032492147730965	8.66457272825734e-05	0.00012996859092386	0.000758150113722517	0.364778511859634	0.000498212931874797	0.000823134409184447	4.33228636412867e-05	0.0121737246832016	0.000151630022744503	0	8.66457272825734e-05	0.0038990577277158	0.00383407343225387	0	0.00214448175024369	0.000606520090978014	0.0202101158886602	0.00411567204592224	0.00045489006823351	0.000606520090978014	0.0011480558864941	0.00019495288638579	0.011718834614968	0.000151630022744503	0.000866457272825734	0.00550200368244341	0.00805805263727932	0	0.000238275750027077	0.000433228636412867	0.000108307159103217	0.00012996859092386	0.041784901982021	0.00051987436369544	4.33228636412867e-05	0	0.00116971731831474	0.000433228636412867	0.00019495288638579	8.66457272825734e-05	4.33228636412867e-05	2.16614318206433e-05	0.0134950720242608	0.00266435611393913	0.000433228636412867	6.498429546193e-05	0.00535037365969891	0.0114372360012997	0.000151630022744503	0.000931441568287664	0	0	0.000303260045489007	8.66457272825734e-05	0.000736488681901874	8.66457272825734e-05	0.0216181089570021	0.0019495288638579	0.000108307159103217	0.00025993718184772	0.000368244340950937	0.000996425863749594	0.00353081338676487	0.104299794216398	0.00140799306834182	0.0183472327520849	0.122473735513917	0	6.498429546193e-05	0.00929275425105599	0.00038990577277158	0.00753817827358388	0.0056969565688292	2.16614318206433e-05	0	0.00697498104624716	0.0423047763457165	0.011718834614968	0	0	0	0.0407451532546301	0.0201234701613777	8.66457272825734e-05	0.0106574244557565	0.00511209790967183	0.00012996859092386	0.00155962309108632	0.00123470161377667	0.00077981154554316	6.498429546193e-05	0.000238275750027077	4.33228636412867e-05	2.16614318206433e-05	0.00214448175024369	0.00012996859092386	0.00771146972814903	2.16614318206433e-05
np1012	0.000251487970492078	0.259312040685165	0	8.38293234973594e-05	0.000922122558470953	0	0.0201749238550312	0	0	0	0.00293402632240758	0	0.0031575711850672	0	0.0723167630703887	0	0	0	0.0119596501522899	0	0.00108978120546567	0.000335317293989438	0	0.000335317293989438	0	0.000586805264481516	2.79431078324531e-05	0.00279431078324531	0	0.0539301981166345	0	0	0.000195601754827172	0.0226618604521195	0	0.000335317293989438	0	8.38293234973594e-05	0.000111772431329812	0.00793584262441669	0	0	0	0.000502975940984156	0.0847235029479979	0	8.38293234973594e-05	0.00044708972531925	0	2.79431078324531e-05	0.00100595188196831	0.001788358901277	0	0.000530919048816609	0.00164864336211473	0.000139715539162266	0	0.0108139827311594	0	0	0	0.000810350127141141	0.000307374186156984	0.000111772431329812	0.000111772431329812	0	0	0	0	0.000195601754827172	0.000139715539162266	0	0.000558862156649062	0.380082152737027	0	0	0	0.00044708972531925	0.000111772431329812	0.000866236342806047	0	0	0.0313521669880124	0	0	0	0	0.000922122558470953	0.000726520803643781	5.58862156649062e-05	0	8.38293234973594e-05	0	0.0031016849694023	0	0.0114566742113058	0.00402380752787325	0	0	0	0	0.000670634587978875	0.000111772431329812	0.000502975940984156	0
np1013	0.00207057657593884	0.105475524723038	0.00014157788553428	0.00327398860298021	4.42430892294624e-05	0	0.000495522599369978	0	0	0.0151842282235515	0.185033447775457	0.000548614306445333	0.000451279510140516	0	0.0189094963366722	2.65458535376774e-05	0	0	0.000176972356917849	0.00169008600856546	0.0324655788765795	0.00190245283686688	0.000150426503380172	0.0199270873889498	0.00184936112979153	0.000371641949527484	0.00071673804551729	0.000840618695359785	0	0.00584008777828903	0	0.000353944713835699	0.003291685838672	0.00294658974268219	0	0.000194669592609634	8.84861784589247e-06	0.00541535412168619	0.000513219835061763	0.00287580079991505	0.000168123739071957	0.000185820974763742	0	0.000212366828301419	0.00404381835557286	0.00010618341415071	0.0179007539022405	2.65458535376774e-05	0	0.000407036420911054	0.00480479949031961	8.84861784589247e-06	0.000238912681839097	0.000256609917530882	0.00203518210455527	0.000132729267688387	0.0011768661735037	0.000212366828301419	7.96375606130322e-05	0.000619403249212473	0.00126535235196262	0.00294658974268219	0	0.220746469401479	0.00137153576611333	0.00071673804551729	8.84861784589247e-06	7.96375606130322e-05	0.00071673804551729	0.0287491593813046	5.30917070753548e-05	0.000973347963048172	0.0246257034651187	0.16607085973171	0	0.000115032031996602	0.0180777262591583	0.000353944713835699	0.000203518210455527	0.000840618695359785	7.07889427671398e-05	0	0.000982196580894064	0.000424733656602839	0.00374296534881252	2.65458535376774e-05	4.42430892294624e-05	0	0.0446412770325275	0.0178653594308569	0.000300853006760344	0.00125650373411673	0.00170778324425725	0.000477825363678193	0.000371641949527484	9.73347963048172e-05	0.0021148196651683	7.07889427671398e-05	8.84861784589247e-06	2.65458535376774e-05	0	0.00107953137719888	1.76972356917849e-05	0.0109545888932149	0
np1015	0	0.00145432593364981	0.000246961007600911	0.0112230057898636	0.000301841231512225	0	0.00244216996405345	0.000521362127157479	0.0024147298520978	0	0.18277858573663	0.000795763246714047	0.00123480503800456	0.000164640671733941	0.0951897483741734	0	0	5.48802239113136e-05	0.206185001234805	0	0.000356721455423538	0.0227204126992838	0.000713442910847076	0.0060917048541558	0	0.000109760447822627	0.000246961007600911	0.00205800839667426	0.000356721455423538	0.00592706418242186	0	0.000164640671733941	0.000576242351068792	0.00776555168345087	0	0.00093296380649233	0.0024147298520978	0	0.00107016436627061	0.137721921905441	0	2.74401119556568e-05	0	0.00274401119556568	0.000521362127157479	0	8.23203358669703e-05	0.000246961007600911	0	0.00411601679334852	0.00433553768899377	0.000466481903246165	0.000411601679334852	0.00257937052383174	0.00814971325083006	0.000466481903246165	0.000164640671733941	0	0	0.000740883022802733	0	0.0010152841423593	0.00208544850862992	0.0209093653102105	0.00156408638147244	0.000164640671733941	0.000466481903246165	0.00112504459018193	5.48802239113136e-05	0.00633866586175672	0.0224734516916829	0.00145432593364981	0.00137200559778284	0.135554153060944	0.00150920615756112	0	0	0.000137200559778284	0.00159152649342809	0.013034053178937	0	0	0.0330927750185221	0	0.00126224514996021	0	0	0.000439041791290508	0.0163543067255714	0.000411601679334852	0	0.000631122574980106	0.00389649589770326	0.000137200559778284	0.000109760447822627	0.00455505858463903	0.00131712537387153	0	0.000411601679334852	0	0.00205800839667426	0.000713442910847076	0.000137200559778284	0.00433553768899377	0
np1018	0	0.00836666608443521	0.00429686817697507	0.0286632547903093	5.24008314265253e-05	0	0.00104801662853051	0.00576409145691778	0.00029693804475031	0	0.168486139980088	0.000681210808544829	0.013467013676617	0.000157202494279576	0.0346893504043597	8.73347190442088e-05	0.000139735550470734	0.000122268606661892	0.0143578278108679	0	0.00059387608950062	0.0137115508899408	0.00625316588356535	0.0711428621334125	0.000646276920927145	0.000331871932367994	0.00143228939232502	0.0116679184643063	0	0.0240345146809663	0.000733611639971354	0	0.0146547658556182	0.0180957537859601	1.74669438088418e-05	0.000104801662853051	0.0155281130460603	0.000244537213323785	0.00048907442664757	0.0711428621334125	0	0.000157202494279576	0	0	0.00262004157132626	0.00181656215611954	0.000122268606661892	0	0	0.000366805819985677	0.00419206651412202	0.00244537213323785	0.00029693804475031	0.0166809313374439	0.00887320745489162	0.000349338876176835	0.00118775217900124	0.00113535134757471	0	0.000803479415206721	0	0.00730118251209586	0.000786012471397879	0.0138687533842204	0.00305671516654731	0	0.000698677752353671	8.73347190442088e-05	0.000244537213323785	0.00363312431223909	0.0478943599238441	0.00399993013222476	0.00394752930079824	0.0838238633386316	0	0.00564182285025589	0.0574313112434717	0.00139735550470734	0.00925748021868614	0.0377635325147159	5.24008314265253e-05	8.73347190442088e-05	0.020977799514419	0	0.00289951267226773	8.73347190442088e-05	0.000384272763794519	0	0.0321042427206512	0.00422700040173971	0.000506541370456411	0.00754571972541964	0.00167682660564881	0	3.49338876176835e-05	0.043387888421163	0.00239297130181132	1.74669438088418e-05	6.98677752353671e-05	0	0.00253270685228206	0.00146722327994271	0.00029693804475031	0.0252397338037764	0.000628809977118304
np1021	0.000181106925528832	0.0292125470878006	0	0.00110475224572588	0	0	0.000108664155317299	0.000289771080846132	0	0.000162996232975949	0.0515068096203999	0.000126774847870183	0.000199217618081715	0	0.00450956244566792	0	0	3.62213851057664e-05	0.00161185163720661	0.000814981164879745	7.24427702115329e-05	0.000543320776586497	0.000488988698927847	0.0381411185163721	0.000325992465951898	0.000144885540423066	0.000380324543610548	0.000977977397855694	0	0.00659229208924949	0	5.43320776586497e-05	0.00393002028397566	0.00405679513184584	0	0	0.000724427702115329	1.81106925528832e-05	5.43320776586497e-05	0.0128767024051	9.05534627644161e-05	0	0	0.000235439003187482	0.000670095624456679	5.43320776586497e-05	0	0	0	0.00516154737757172	0.00150318748188931	7.24427702115329e-05	3.62213851057664e-05	0.00162996232975949	0.00623007823819183	0	0.000144885540423066	7.24427702115329e-05	0	0.000289771080846132	0	0.000181106925528832	0	0.00563242538394668	0.00130396986380759	5.43320776586497e-05	0	5.43320776586497e-05	7.24427702115329e-05	0.000778759779773979	0.0050709939148073	0.000144885540423066	0.00300637496377862	0.392802810779484	0	0.000126774847870183	0.00682773109243697	0.000126774847870183	0.00608519269776876	0.00416545928716314	0	0	0.00249927557229788	0.365310779484207	0.00121341640104318	0	0	1.81106925528832e-05	0.0142350043465662	0.00642929585627354	5.43320776586497e-05	0.00266227180527383	0.000651984931903796	0	0.000235439003187482	0.000996088090408577	0.000470878006374964	0	0	0	5.43320776586497e-05	0.000778759779773979	3.62213851057664e-05	0.002481164879745	0
np1023	0.000607097050021377	0.0677554510474562	0.000256519880290723	0.0122188969645147	0.000102607952116289	4.27533133817871e-05	0.000889268918341171	0.000897819581017529	7.69559640872168e-05	0.00139375801624626	0.347772552372809	0.00105173150919196	0.000701154339461308	0.000111158614792646	0.0132364258230013	8.55066267635742e-05	1.71013253527148e-05	4.27533133817871e-05	0.00301838392475417	0.00554938007695596	0.00359982898674647	0.00146216331765712	2.56519880290723e-05	0.0208636169303121	0.00493373236425823	0.000487387772552373	0.00053014108593416	0.00143651132962805	0.000384779820436084	0.00776400171013254	7.69559640872168e-05	0.000367678495083369	0.00290722530996152	0.0041556220607097	0	0.000367678495083369	0.000632749038050449	0.0010431808465156	0.000247969217614365	0.0119794784095767	0.000222317229585293	3.42026507054297e-05	0	0.000444634459170586	0.004497648567764	0.000119709277469004	0.00153056861906798	0.000119709277469004	4.27533133817871e-05	0.000119709277469004	0.00197520307823856	6.84053014108593e-05	0.000102607952116289	0.0010431808465156	0.00737922188969645	0.000162462590850791	0.00122274476271911	0	8.55066267635742e-06	0.000410431808465156	0.000461735784523301	0.00101752885848653	1.71013253527148e-05	0.0737409149209064	0.000949123557075673	0.000128259940145361	0.000188114578879863	0.000162462590850791	0.000461735784523301	0.026626763574177	0.00376229157759726	0.00117144078666097	0.0239076528430953	0.197973492945703	0	0.00119709277469004	0.0239162035057717	0.000624198375374091	0.00365968362548097	0.00711415134672937	4.27533133817871e-05	0	0.00332620778110304	0.00263360410431808	0.0105515177426251	6.84053014108593e-05	9.40572894399316e-05	0	0.0338948268490808	0.0197263787943566	0.00029927319367251	0.00254809747755451	0.00370243693886276	0.000162462590850791	0.0029927319367251	0.00128259940145361	0.000718255664814023	0.00205215904232578	0.000290722530996152	0.00100042753313382	0.000453185121846943	0.0019067977768277	0.000136810602821719	0.00643864899529714	0
np1026	0.0610603082357633	0.00388570777426431	0.000478591573369797	0.0170982537105091	0.00876848132638236	7.97652622282996e-05	0.00255248839130559	1.70925561917785e-05	0	0	0.425593254137823	0.00128194171438339	0.0211491895279606	0.000102555337150671	0.000962880665470188	0.00052417172321454	5.69751873059283e-05	0.000159530524456599	0.0171039512292397	0	0.000427313904794462	0.00244423553542432	0	0.00273480899068456	0.000119647893342449	5.69751873059283e-05	0.000780560066091217	0.0115773580605646	0	0.023815628293878	2.27900749223713e-05	0.00130473178930576	0.00180041591886733	0.00728712645642823	2.84875936529641e-05	0.000125345412073042	0.000102555337150671	2.84875936529641e-05	0.000142437968264821	0.107409623109136	0	1.13950374611857e-05	0	0	0.00101985585277612	0.000136740449534228	0	2.27900749223713e-05	0.000273480899068456	8.54627809588924e-05	0.00688830014528673	0.00121357148961627	1.70925561917785e-05	0.00104264592769849	0.00348118394439222	0.0154801583910207	0.000170925561917785	4.55801498447426e-05	0	0.000108252855881264	0	5.69751873059283e-06	6.26727060365211e-05	0.00414209611714098	0.000296270973990827	0	0.000330456086374384	0.000102555337150671	9.11602996894852e-05	0.00872290117653762	0.0142267042702903	0.0051619519699171	0.0109905136313136	0.037136427086004	0.0116400307666011	4.55801498447426e-05	0.0099307751474233	6.83702247671139e-05	0.00645528872176167	0.0286642167336125	0.000176623080648378	0.00224482237985357	0.0176907956584907	0	0.0297638378486169	5.69751873059283e-06	3.98826311141498e-05	0	0.0169672107797054	0.0176794006210295	1.13950374611857e-05	0.000347548642566162	0.000592541947981654	0	3.98826311141498e-05	0.00165797795060251	0.00675725721448309	5.69751873059283e-06	0.000102555337150671	1.70925561917785e-05	0.0139304332962995	0.00170925561917785	0.000165228043187192	0.000922998034356038	1.70925561917785e-05
np1027	0	0.0107670800987478	0.000684096249367955	0.0361381279557419	0.000208203206329377	0	0.00184408554177449	0.000208203206329377	0	0	0.338389696915618	0.00208203206329377	0.000535379673418399	0.0002676898367092	0.014038844769638	0	0.000208203206329377	0.00327176467089022	0.052496951310193	0	0.000327176467089022	0.00229023526962315	0.000535379673418399	0.00803069510127599	0	0	0.000981529401267065	0	0.000624609618988132	0.0127301389012819	0	0.000208203206329377	0.00904196781773296	0.0157639570506529	0	0	0.00776300526456679	0.000327176467089022	0.000148716575949555	0.0258171975848428	0	5.94866303798221e-05	8.92299455697332e-05	0.00118973260759644	0.000743582879747777	0	0	0.000327176467089022	0	5.94866303798221e-05	0.00312304809494066	0.0016061390202552	0.000208203206329377	0.00172511228101484	0.0295351119835817	0.00127896255316618	0.000803069510127599	0.000148716575949555	0.000148716575949555	0.0002676898367092	0	5.94866303798221e-05	0.000654352934178043	0.00642455608102079	0.00532405341899408	0	0.0018738288569644	0	0.000386663097468844	0.0296243419291514	0.0493144165848726	0.00285535825823146	0.00347996787721959	0.197703816067339	0.00743582879747777	0	0	0.000118973260759644	0.017727015853187	0.0299515183962404	0	0.000118973260759644	0.00660301597216026	0	0.00452098390886648	0	0	5.94866303798221e-05	0.0147526843341959	0.00568097320127301	0	0.00142767912911573	0.00449124059367657	0	0.00101127271645698	0.0085958180898843	0.00282561494304155	0.000178459891139466	0.00190357217215431	5.94866303798221e-05	0.00157639570506529	0.000208203206329377	0.000803069510127599	0.00520508015823444	0
np1028	0.00898094583114204	0.0013639016834939	0.000832211196708142	0.0473782457681483	0.000335196176451891	0.000335196176451891	0.0012540960394838	0.000190715065912283	0	0	0.520120439453746	0.00133500546138598	0.00204585252524085	0.000202273554755451	0.0204007328081927	0.00025428675454971	9.24679107453492e-05	0.00163552617130836	0.00323059763166564	0	0.000121364132853271	0.00881334774291609	0	0.00698132726127386	0.000664613108482197	0.000190715065912283	0.000531690486785758	0.0019533846144955	0	0.0102292626262042	0.000554807464472095	0.000757081019227546	0.00268734865603671	0.0797593522622852	5.77924442158432e-05	3.46754665295059e-05	8.09094219021805e-05	0.000479677286991499	0.000138701866118024	0.0325660423156277	0	1.7337733264753e-05	2.88962221079216e-05	0	0.00097669230724775	0.000219611288020204	9.24679107453492e-05	1.15584888431686e-05	0.00025428675454971	0	0.00394144469552051	0.00157195448267094	0.000288962221079216	0.00145636959423925	0.0105297833361266	0.0104026399588518	0.000283182976657632	4.62339553726746e-05	1.7337733264753e-05	0.000433443331618824	0	4.62339553726746e-05	0.000317858443187138	0.0134887564799778	0.00614911606456572	0	0.000699288575011703	0.000248507510128126	0.000340975420873475	0.0092525703189565	0.00707957441644079	0.00163552617130836	0.0192911178792485	0.0118185548421399	0.00653632544081187	0.000878445152080817	0.00922945334127016	0.000150260354961192	0.00319592216513613	0.022648858888189	6.35716886374275e-05	4.04547109510903e-05	0.00876133454312183	0	0.0104084192032734	2.31169776863373e-05	0.000127143377274855	0	0.0365132662555697	0.0179156577069114	0	0.00188981292585807	0.000785977241335468	5.77924442158432e-06	0.00145636959423925	0.00712002912739189	0.00486034455855242	0.000115584888431686	0.0002947414655008	4.04547109510903e-05	0.00454248611536528	0.000381430131824565	0.000329416932030306	0.00410326353932487	5.20131997942589e-05
np1030	0.000548230585784381	0.00140255658196504	8.6803176082527e-05	0.0823350968083843	0.00029695823396654	0	0.000232997998958362	0	0	0	0.295688166442806	0.0110651206564148	0.00200561022632786	0.000758385643668394	0.0112341584203649	0.000123351881801486	0.00125179317087434	0	0.00175890646272489	0	0	0.00209698199062526	0.00600312491433897	0.0119285838290252	7.76659996527873e-05	0.000995952230841625	0.000475133174346463	0.00472392021417542	0.000137057646446095	0.0140164286432207	0	0.00331222645578063	0.00405233774658955	0.00976307301517685	0	0.000507113291850552	0	4.56858821486984e-05	0.00318430598576428	0.00508483868315013	0.0040294948055152	0.00107818681870928	9.13717642973968e-06	0	0.0235053863655053	2.28429410743492e-05	0.00162641740449366	0.000232997998958362	0.000552799173999251	0.0271465511727566	0.0126915380609084	7.76659996527873e-05	0.000100508940727136	0.000420310115768025	0.00381020257120145	0.00318887457397915	0.00220205951956726	3.65487057189587e-05	0.00111016693621337	7.30974114379174e-05	0	0.000109646117156876	6.39602350081778e-05	6.85288232230476e-05	0.000881737525469879	0.0108366912456713	0.000680719644015606	0.000374624233619327	0.000328938351470629	0.0455625302668969	0.00199647304989812	0.000406604351123416	0.00409345504052338	0.00756558208382446	0.00296501375145053	0.000264978116462451	0	0.000680719644015606	1.82743528594794e-05	0.00833767349213746	0.000123351881801486	1.82743528594794e-05	0.00244419469495536	9.13717642973968e-06	0.0367817037179171	3.19801175040889e-05	4.11172939338286e-05	1.82743528594794e-05	0.230645176027704	0.0623566605447585	0	0.000836051643321181	0.000900011878329359	0.000169037763950184	3.65487057189587e-05	0	0.000228429410743492	4.56858821486984e-06	0.000232997998958362	0	0	0.000635033761866908	0.000127920470016356	0.0210794660234094	0.000936560584048317
np1032	0.000587274027167807	0.0240399346338474	0	0.0130093963844347	0.000191502400163415	0	0.00122561536104586	1.2766826677561e-05	0	0.0614978041058115	0.448268818302523	0.000880911040751711	0.0025533653355122	0.000102134613420488	0.0179246246552957	2.55336533551221e-05	0	0	7.66009600653661e-05	0.0103794300888571	0.0146690838525176	0.00583443979164539	0.000472372587069758	0.0166479419875396	0.00223419466857318	0.000331937493616587	0.00037023797364927	0.000829843734041467	6.38341333878051e-05	0.00631957920539271	0	0.00426412011030538	0.00201715861505464	0.00237462976202635	0	0.000804310080686345	8.93677867429272e-05	0.00109794709427025	0.000472372587069758	0.00162138698805025	0.000242569706873659	2.55336533551221e-05	0	0.000165968746808293	0.00149371872127464	0.000102134613420488	0.0032427739761005	3.83004800326831e-05	6.38341333878051e-05	0.00037023797364927	0.00690685323256051	0	5.10673067102441e-05	0.000804310080686345	0.00247676437544684	7.66009600653661e-05	0.00109794709427025	0.000459605760392197	0.000102134613420488	0.000344704320294148	0.000319170666939026	0.00137881728117659	0	0.0757583495046471	0.00116178122765805	0.00114901440098049	0	0.000140435093453171	0.00130221632111122	0.0601700541313451	6.38341333878051e-05	0.000536206720457563	0.0283168215708304	0.0488203452149934	0	0.000548973547135124	0.0134307016647942	0.000421305280359514	0.000102134613420488	0.00062557450720049	3.83004800326831e-05	0	0.000842610560719028	0	0.00330660810948831	3.83004800326831e-05	3.83004800326831e-05	0	0.0444923909713002	0.0128434276376264	0.000114901440098049	0.00277040138903074	0.00449392299050148	3.83004800326831e-05	0.000485139413747319	0.000102134613420488	0.000663874987233173	0.000153201920130732	3.83004800326831e-05	0	0	0.00099581248084976	0	0.0348789704830967	6.38341333878051e-05
np1034	0.0287416232315711	0.00213452469595433	0	0.00471581037478282	0.00368991478447919	0	0.00127409613634483	0.000198560436832961	0	0	0.499660792587077	0.000529494498221229	0.0180193596425912	0	0.00188632414991313	0.000132373624555307	0	0	0.000330934061388268	0	0.000215107139902374	0.00251509886655084	0	0.00747910978737487	0.00057913460742947	3.30934061388268e-05	0.000496401092082403	0.00744601638123604	0	0.015289153636138	0	0.00152229668238603	0.00506329113924051	0.0112186646810623	0	4.96401092082403e-05	0	0	0	0.0548523206751055	0	3.30934061388268e-05	0	0	0.000959708778025978	0	0	0	0	1.65467030694134e-05	0.00459998345329693	0.000694961528915364	0	0.000479854389012989	0.00527839827914288	0.000645321419707123	0.000512947795151816	0.000165467030694134	0	0.000926615371887151	0	0	0.000115826921485894	0.00233308513278729	0.000165467030694134	0	6.61868122776537e-05	0	6.61868122776537e-05	0.00339207412922975	0.030297013320096	0.00225035161744023	0.0161330354926781	0.0751882187474146	0.0137337635476131	0	0.023215024406387	0	0.00282948622486969	0.022453876065194	8.27335153470671e-05	0.00279639281873087	0.0406552494415488	0	0.0193100024820055	3.30934061388268e-05	0	1.65467030694134e-05	0.0296020517911806	0.00514602465458757	1.65467030694134e-05	0.000314387358318855	0.000512947795151816	0	3.30934061388268e-05	0.00344171423843799	0.00191941755605196	0	0	0	0.00602299991726648	0.0132208157524613	0.000297840655249442	0.00195251096219078	0
np1038	0	0.00359743411927878	0.000679033749422099	0.0115724687933426	0	0	0.000231160425335183	1.44475265834489e-05	4.33425797503467e-05	0	0.558888118354138	0.00182038834951456	0.000881299121590384	2.88950531668978e-05	0.0100843735552473	0.00013002773925104	5.77901063337957e-05	0.00119914470642626	0.0193163430420712	0	4.33425797503467e-05	0.0116158113730929	0.000505663430420712	0.00323624595469256	0.00140141007859454	0.000621243643088303	0.000433425797503467	0.00252831715210356	0	0.00634246417013407	0.000967984281091077	0	0.000895746648173833	0.00888522884882108	2.88950531668978e-05	0.000953536754507628	0	0	0.000476768377253814	0.0143463938973648	0	0.00013002773925104	1.44475265834489e-05	0.00143030513176144	0.000332293111419325	0.000158922792417938	4.33425797503467e-05	0.00013002773925104	8.66851595006935e-05	0	0.00459431345353675	0.000462320850670365	0.000115580212667591	0.0020371012482663	0.0694637078132224	0.000173370319001387	0.00164701803051318	0.000231160425335183	0	0.000332293111419325	0	0.000346740638002774	0.000303398058252427	0.00738268608414239	0.000823509015256588	0	0.000173370319001387	0.00013002773925104	0.000447873324086916	0.00242718446601942	0.00013002773925104	0.0019504160887656	0.00679033749422099	0.0159789644012945	0	0.000491215903837263	0.00218157651410079	0.000679033749422099	0.0931432038834951	0.000101132686084142	4.33425797503467e-05	0	0.00950647249190938	0	0.00381414701803051	0	0.00026005547850208	0	0.0373757512713823	0.0121214748035136	7.22376329172446e-05	0.0123815302820157	0.000187817845584836	0	0	0.00430536292186778	0.0033373786407767	4.33425797503467e-05	0.000693481276005548	2.88950531668978e-05	0.00171925566343042	0.000274503005085529	0.000231160425335183	0.0367978502080444	0.000115580212667591
np1039	0.00465398749434519	0.00612888632743994	7.4364647046794e-05	0.00295599472011006	0.000557734852850955	0	0.000266473318584345	0.000247882156822646	0.000297458588187176	0	0.325295754398359	0.00037182323523397	0.00358189716608724	0	0.0225510792169403	0.000216896887219816	1.85911617616985e-05	6.81675931262278e-05	0.000421399666598499	0	0.000167320455855286	0.00315430044556818	0	0.0372876734400466	0.00053294663716869	0.000105349916649625	0.000427596720519065	0.00722576487138015	0	0.0139247801595122	9.29558088084924e-05	8.67587548879263e-05	0.00547819566578049	0.00743026765075883	8.67587548879263e-05	0.000117744024490757	0	5.57734852850955e-05	0.0024726245143059	0.0299379674902551	0	0.000378020289154536	0	0	0.0024354421907825	4.33793774439631e-05	1.85911617616985e-05	0	1.85911617616985e-05	0.0016670075046323	0.00522411645503728	0.00132616953900116	0.000117744024490757	0.00463539633258349	0.0592872148580565	0.00125180489195436	4.33793774439631e-05	0	0	0.000768434686150204	0	3.7182323523397e-05	0.000731252362626807	0.00135095775468342	0.00200784547026344	0	8.67587548879263e-05	0.000130138132331889	0.000198305725458117	0.00149968704877701	0.0057322748765237	0.00189010144577268	0.00737449416547373	0.225405442252753	0.0105659769345653	0.000198305725458117	0.0360172773863305	8.05617009673601e-05	0.00153686937230041	0.0481139266392757	6.19705392056616e-05	3.7182323523397e-05	0.014984476379929	0	0.0122019991695948	1.85911617616985e-05	4.33793774439631e-05	0	0.0460007312523626	0.00775871150854884	6.19705392056616e-06	0.00342697081807309	0.000805617009673601	0	5.57734852850955e-05	0.00686633574398731	0.000861390494958697	0	0.000179714563696419	0	0.00900431934658263	0.000204502779378683	0.000266473318584345	0.000743646470467939	6.19705392056616e-06
np1041	0.000913536460852276	0.0558869364286098	0	0.0419152023214574	0.000376162072115643	0.000591111827610296	0.000913536460852276	0	0	0	0.425493041001666	0.00467515718200871	0.0058573808372293	0	0.0292869041861465	0.000376162072115643	0	0	0.00499758181525068	0	0	0.00548121876511366	0	0.0020420226771992	5.37374388736633e-05	0.000591111827610296	0.000806061583104949	0.00682465473695524	0.000107474877747327	0.00875920253640712	0.0010210113385996	0	0.00978021387500672	0.0119297114299532	0	0	0	0.000268687194368316	0.000376162072115643	0.0274598312644419	0	0	0	0	0.00193454779945188	0	0	0.000268687194368316	0	0.000376162072115643	0.00376162072115643	0.000967273899725939	5.37374388736633e-05	0.00107474877747327	0.0505131925412435	0.00112848621634693	0.00311677145467247	0	0	0.000376162072115643	0	0.000376162072115643	0.000537374388736633	0.00741576656456553	0.00209576011607287	0.00016121231662099	0.000107474877747327	0.00048363694986297	0.000752324144231286	0.00537374388736633	0.00225697243269386	0.000107474877747327	0.0137030469127841	0.0865710140254715	0.00155838572733624	0.00236444731044118	0	0.000537374388736633	0.00553495620398732	0.0514804664409694	0	0	0.00897415229190177	0	0.0167123434897093	0	0	0.000214949755494653	0.0333172121016712	0.0141329464237734	0	0.00510505669299801	0.000752324144231286	0.000107474877747327	0.000107474877747327	0.00607233059272395	0.0020420226771992	5.37374388736633e-05	0	0	0.0156913321511097	0.00252565962706217	0.000214949755494653	0.00220323499382019	0
np1042	0.000568595844282023	0.0256585775167267	4.96831320246428e-05	0.00465917371431095	0.000165610440082143	0	0.000281537748139643	1.10406960054762e-05	0.000828052200410714	0.00551482765473535	0.205693686930024	1.65610440082143e-05	0.000999182988495595	4.96831320246428e-05	0.00680658908737607	4.41627840219047e-05	0	0	0.00163402300881048	0.00815355400004416	0.000436107492216309	0.00119791551659417	0.00095502020447369	0.0430366330293462	0.00501247598648619	0.000204252876101309	0.000436107492216309	0.00280985713339369	1.65610440082143e-05	0.0158544394638638	0.000121447656060238	0.000298098792147857	0.004868946938415	0.00645328681520083	5.52034800273809e-05	0.00627663567911321	0.00215845606907059	1.65610440082143e-05	0.000618278976306666	0.0217832932188045	0.000149049396073929	8.83255680438095e-05	0	0.000121447656060238	0.00252279903725131	3.31220880164286e-05	1.65610440082143e-05	2.76017400136905e-05	2.20813920109524e-05	0.000745246980369643	0.00183275553690905	5.52034800273809e-05	2.76017400136905e-05	0.00123103760461059	0.0163181486960938	0.000126968004062976	0.0012034358645969	0.000943979508468214	0	0.000336741228167024	0.000149049396073929	0.000325700532161547	0	0.0287444520502572	0.00210325258904321	0.000132488352065714	0	8.28052200410714e-05	0.000226334268112262	0.00206461015302405	0.000701084196347738	0.000126968004062976	0.0107260361693201	0.179240179300903	0	0.0001159273080575	0.0131660299865304	0.000264976704131428	0.0019707642369775	0.00898160620045488	0	0	0.004405237706185	0.28118996621547	0.00168922648883786	3.31220880164286e-05	6.62441760328571e-05	0	0.0263541413650717	0.0124594254421799	0	0.00399673195398238	0.00128624108463798	0	0.000292578444145119	0.00131384282465167	0.000761808024377857	2.20813920109524e-05	3.31220880164286e-05	0	4.41627840219047e-05	0.000844613244418928	2.20813920109524e-05	0.0165113608761896	5.52034800273809e-06
np1046	0	0.00607438687672568	0.00355692707487413	0.027757024524931	9.74500568458665e-05	1.62416761409777e-05	0.00786097125223323	0.00789345460451519	0.000129933409127822	0	0.169092090303719	0.000552216988793243	0.0183693357154458	0.000178658437550755	0.0360402793568296	0.000194900113691733	0.000194900113691733	4.87250284229332e-05	0.013107032645769	0	0.00271235991554328	0.0137566996914082	0.00550592821179146	0.0517459801851551	0.000763358778625954	0.000308591846678577	0.000714633750203021	0.013886633100536	1.62416761409777e-05	0.0223485463699854	0.000406041903524444	0	0.0162254344648368	0.0185155108007146	0	0.000129933409127822	0.0149585837258405	0.00177034269936657	0.000259866818255644	0.0811596556764658	0	6.4966704563911e-05	0	0	0.00172161767094364	0.0048887445184343	9.74500568458665e-05	3.24833522819555e-05	0	0.000129933409127822	0.00293974338151697	0.00229007633587786	0.000227383465973688	0.0183855773915868	0.00480753613772941	0.000227383465973688	0.00064966704563911	0.000211141789832711	0	0.000600942017216177	0	0.0127009907422446	0.000665908721780088	0.0144226084131882	0.00274484326782524	0	0.000844567159330843	4.87250284229332e-05	0.000259866818255644	0.0019002761084944	0.028455416598993	0.00425531914893617	0.00313464349520871	0.142699366574631	0	0.00300471008608088	0.0513236966054897	0.00147799252882898	0.0104596394347897	0.0277895078772129	0	6.4966704563911e-05	0.0185804775052785	0	0.00250121812571057	0	0.000308591846678577	8.12083807048887e-05	0.0279519246386227	0.00378431054084782	0.00126685073899626	0.00560337826863732	0.000633425369498132	0	0.000129933409127822	0.0245249309728764	0.00482377781387039	0	8.12083807048887e-05	0	0.0111255481565698	0.00154295923339289	0.000324833522819555	0.0162741594932597	0.000584700341075199
np1050	0.00179315841098578	0.0120463462481609	0.000137935262383521	0.00153261402648357	0.0002145659637077	1.53261402648357e-05	6.13045610593428e-05	0.000659024031387935	0	0	0.023878126532614	0.000137935262383521	0.00119543894065718	4.59784207945071e-05	0.010544384502207	4.59784207945071e-05	4.59784207945071e-05	0	0.000781633153506621	0.00133337420304071	0.0002145659637077	0.00133337420304071	0	0.0193415890142227	0.00105750367827366	0.000521088769004414	0.0004291319274154	0.00202305051495831	0	0.012965914664051	0.000275870524767043	0	0.00996199117214321	0.00944090240313879	0	4.59784207945071e-05	0	3.06522805296714e-05	0.000705002452182442	0.156648479646886	3.06522805296714e-05	0.000444458067680235	0	0.000183913683178028	0.000934894556154978	0.000199239823442864	9.19568415890142e-05	6.13045610593428e-05	0	6.13045610593428e-05	0.00327979401667484	0.0181461500735655	4.59784207945071e-05	0.00846002942618931	0.00263609612555174	0.0006436978911231	0.00032184894556155	0.000183913683178028	0	0.000582393330063757	0.00266674840608141	0.000352501226091221	3.06522805296714e-05	0.00738719960765081	0.00154794016674841	1.53261402648357e-05	0.000137935262383521	0.000137935262383521	0.000168587542913193	0.00131804806277587	0.00153261402648357	0.000720328592447278	0.0127206964198136	0.523678886709171	0	0.00032184894556155	0.0174104953408534	0.000582393330063757	0.000705002452182442	0.0069120892594409	0.000490436488474743	0	0.0118164541441883	0.000689676311917607	0.00576262873957822	7.66307013241785e-05	0	0.000245218244237371	0.0443385237861697	0.0198780039234919	3.06522805296714e-05	0.000475110348209907	0.000582393330063757	0	0.000735654732712114	0.009701446787641	0.00882785679254536	0	1.53261402648357e-05	0	0	0.00355566454144188	3.06522805296714e-05	0.0086286169691025	0
np1052	0.00134256456156053	0.00131623976623582	0	0.00139521415220997	0.0109774396504067	0	0.000263247953247163	0	0	0	0.0082133361413115	0.000500171111169611	0.0403559112327902	5.26495906494327e-05	0.00302735146234238	0	0	5.26495906494327e-05	0.000105299181298865	0	0	0.000105299181298865	0.000263247953247163	0.000131623976623582	0	0.000789743859741491	5.26495906494327e-05	0.000605470292468476	0	0.00168478690078185	0	0	0.000500171111169611	0.00184273567273014	0	0.00118461578961224	0	0	0.000763419064416774	0.00689709637507568	0	0	0	0	0.000236923157922447	0	0	0.000157948771948298	0	0.00173743649143128	0.000105299181298865	0.000342222339221313	7.89743859741491e-05	7.89743859741491e-05	0.00028957274857188	0.000131623976623582	0	0.806881301497881	0	0.000105299181298865	0	0	0.000263247953247163	0	0.00028957274857188	0	2.63247953247164e-05	0	0	0.000263247953247163	0	0.000263247953247163	0.000895043041040356	0.00236923157922447	7.89743859741491e-05	0	0	0.00107931660831337	0.00131623976623582	0.00155316292415826	0	0.0923210572037802	0.00271145391844578	0	7.89743859741491e-05	0.000157948771948298	0.000315897543896596	0	0.000789743859741491	0.000105299181298865	0	5.26495906494327e-05	0	0	0.000105299181298865	0.000500171111169611	0.00131623976623582	0	5.26495906494327e-05	0	7.89743859741491e-05	0	0.000394871929870745	5.26495906494327e-05	0
np1053	0	0.0137033945464663	0.00215637173066222	0.0158597662771285	0.000278241513633834	0	0.00097384529771842	0.00146076794657763	0.0014259877573734	0	0.111470506399555	0.000278241513633834	0.0211811352253756	0.000139120756816917	0.0298761825264329	0.000278241513633834	0	3.47801892042293e-05	0.00518224819143016	0	0.000104340567612688	0.0137033945464663	0.00841680578742348	0.0349540901502504	0.000139120756816917	0.000452142459654981	0.000626043405676127	0.0191986644407346	0	0.0270242070116861	0.000208681135225376	0	0.0107818586533111	0.0217723984418475	6.95603784084585e-05	0.000591263216471898	0.0172161936560935	0.000173900946021146	0.000313021702838063	0.0978714524207012	0	0.000104340567612688	0	0	0.00313021702838063	0.00093906510851419	6.95603784084585e-05	0	0	0.00257373400111297	0.00779076238174736	0.0011825264329438	0.000104340567612688	0.0203464106844741	0.00827768503060657	0.000417362270450751	0.00184335002782415	0.00455620478575403	0	0.000904284919309961	0	0.0108861992209238	0.000417362270450751	0.013494713411241	0.00264329437952142	0	0.000347801892042293	0	0	0.00159988870339455	0.0357540345019477	0.0034432387312187	0.00253895381190874	0.158075959933222	0	0.00678213689482471	0.0882721202003339	0.00121730662214802	0.00417362270450751	0.0313717306622148	0.000104340567612688	3.47801892042293e-05	0.0290066777963272	0	0.00111296605453534	0	0.000278241513633834	6.95603784084585e-05	0.0448316638842515	0.00514746800222593	0.000313021702838063	0.00580829159710629	0.000417362270450751	0	0	0.0212854757929883	0.00288675570395103	0	0	0	0.0014259877573734	0.00229549248747913	0.000347801892042293	0.0129730105731775	0.00048692264885921
np1055	0	0.0102264252733129	0.000745759484632594	0.0111467242117957	5.55352807705124e-05	0	0.00030941085000714	0	0	0	0.230169937959158	0.00173746092696317	0.0119480189771988	3.96680576932231e-05	0.0507909810704029	0.00041254780000952	5.55352807705124e-05	0.0011741745077194	0.00623581866937467	0	0	0.0106548402963997	0.00167399203465402	0.01270171207337	0.000261809180775273	0.00118210811925805	0.000793361153864462	0.00129317868079907	0	0.00996461609253765	0	0	0.00205480538850896	0.017525347888866	0.0122018945464354	0.000261809180775273	0.00116624089618076	0.000261809180775273	0.000119004173079669	0.0166209161734605	0	0.000190406676927471	2.38008346159339e-05	0.00221347761928185	0.00287196737698935	0.0011027720038716	0.000261809180775273	0.000245941957697983	0	2.38008346159339e-05	0.00762420068863748	7.93361153864462e-05	0.000190406676927471	0.0106389730733224	0.00505371055011662	0.000468083080780033	0.000380813353854942	0.000833029211557685	0.0194532154927566	0.000698157815400727	0	0.00178506259619504	0.000174539453850182	0.00450629135395015	0.00371293020008568	0	0.00073782587309395	0.000214207511543405	0.000126937784618314	0.00304650683083953	0.000150738619234248	0.00910778604636403	0.0188740618504356	0.250805261571172	0	9.52033384637355e-05	0.0271726195198578	0.00180092981927233	0.00318931183853514	0.0025070212462117	8.72697269250908e-05	9.52033384637355e-05	0.107397299398632	0	0.00934579439252336	7.93361153864462e-05	0.000301477238468496	3.17344461545785e-05	0.0369944306046999	0.0255700299890516	4.76016692318677e-05	0.00476810053472542	2.38008346159339e-05	0	0	0.00138044840772416	0.00513304666550307	0	0.000174539453850182	0	0.000444282246164099	0.000491883915395967	0.000460149469241388	0.0130269901464545	0
np1057	0	0.0150520491418925	0.000679921222920379	0.00215699146581637	0.00372784394635656	0	0.00175841695582857	0.000726812341742474	0.00206320922817218	0	0.0385679452311732	0.000234455594110475	0.185430929381975	0.000140673356466285	0.0256025508768639	0.000140673356466285	0	0	0.00199287254993904	0	0.000304792272343618	0.00511113195160837	0.00881553033855388	0.0162243271124449	0.000211010034699428	0.000445465628809903	0.00157085248054019	0.0149582669042483	0	0.0266576010503611	0.000164118915877333	0	0.00206320922817218	0.0258604520303854	0.00131295132701866	0.00403263621870018	0.00218043702522742	9.37822376441902e-05	0.000398574509987808	0.141071930976273	0	0.000211010034699428	0	0	0.00279002156991466	0.00152396136171809	4.68911188220951e-05	0	0	0.00281346712932571	0.0111600862796586	0.00103160461408609	0.000140673356466285	0.0140438900872175	0.00196942699052799	0.000281346712932571	0.000586138985276189	0.00534558754571884	0	9.37822376441902e-05	0	0.0146769201913158	0.00112538685173028	0.00696333114508112	0.00262590265403733	0	7.03366782331426e-05	0	0.000211010034699428	0.000797149019975617	0.0259776798274407	0.00691644002625903	0.0216636968958079	0.178702053831004	0	0.00154740692112914	0.054721935665385	0.00175841695582857	0.000539247866454094	0.0140438900872175	0	4.68911188220951e-05	0.0263293632186064	0	0.000656475663509331	0	0.000234455594110475	0	0.0203741911282003	0.00837006470974397	0.000234455594110475	0.000890931257619807	0.000117227797055238	0	0	0.0157085248054019	0.0130591765919535	0	0	0	0.00239144705992685	0.00400919065928913	0.000211010034699428	0.00318859607990247	4.68911188220951e-05
np1060	0.00225740339204562	0.0250789596142612	0.000574251740081781	0.0289106048454966	0.000801972257700419	0.000207918733477886	0.00180196235680835	0.000168315165196384	0	0	0.445431233354125	0.00200988109028623	0.00586132810566232	0.000346531222463144	0.0156137067949822	0.000495044603518777	2.97026762111266e-05	0.00377223987881308	0.000445540143166899	0	0.000613855308363284	0.0017821605726676	0	0.0398510905832615	0	0.000623756200433659	0.000663359768715161	0.00399996039643172	6.93062444926288e-05	0.0137226364095405	0	9.90089207037554e-06	0.00349501490084257	0.0208413778081405	0	1.98017841407511e-05	0	0.000148513381055633	0.0112969178522985	0.0648904466292413	1.98017841407511e-05	0	7.92071365630043e-05	0.00199007930614548	0.00109899901981169	0.000544549063870655	5.94053524222532e-05	0.000237621409689013	4.95044603518777e-05	3.96035682815022e-05	0.00629696735675884	0.000970287422896803	0.000118810704844506	0.00257423193829764	0.0216433500658409	0.00358412292947595	0	2.97026762111266e-05	0	0.000336630330392768	0	4.95044603518777e-05	0.000396035682815022	0.0158216255284601	0.00346531222463144	8.91080286333799e-05	0.00082177404184117	0.000415837466955773	0.00152473737883783	0.0267423094820843	0.0256631122464134	0.00540588707042504	0.00847516361224146	0.061771665627073	0	2.97026762111266e-05	0	0.00126731418500807	0.0151186621914635	0.0192869377530916	2.97026762111266e-05	0.000118810704844506	0.0108414768170612	0	0.0219601786120929	0.000158414273126009	5.94053524222532e-05	0	0.00683161552855912	0.0100593063435015	0	0.000752467797348541	2.97026762111266e-05	0	0.000396035682815022	0.0109503866298353	0.00262373639864952	0.00244552034138276	0.000504945495589153	0.000168315165196384	0.00300987118939416	0.000891080286333799	0.00026732408590014	0.00604944505499946	0
np1066	0.000630554888301705	0.056779966370406	0.00102089839058371	0.00882776843622388	0.000630554888301705	0	0.000900792697573865	0.000210184962767235	0.000270237809272159	0	0.125420369925534	0.000600528465049243	0.00153134758587557	0.000210184962767235	0.0310773480662983	0.000360317079029546	0.000180158539514773	0.000210184962767235	0.00942829690127312	0.00201177035791496	0.000480422772039395	0.00318280086476099	0	0.0374729762190728	0.000180158539514773	0.000720634158059092	0.000180158539514773	0.00303266874849868	0.000150132116262311	0.0125210184962767	0.000120105693009849	0.000180158539514773	0.00387340859956762	0.0143226038914245	9.00792697573865e-05	0	0	0.000330290655777084	0.00114100408359356	0.0403855392745616	0	3.00264232524622e-05	0	0.000150132116262311	0.00219192889742974	0.000480422772039395	6.00528465049243e-05	0	0	0.000450396348786932	0.00456401633437425	0.000360317079029546	0.000120105693009849	0.00231203459043959	0.00978861398030267	0.000360317079029546	0	0	0	0.000630554888301705	9.00792697573865e-05	0.000180158539514773	0.000120105693009849	0.0119505164544799	0.00363319721354792	0	0.000570502041796781	0	0	0.0060353110737449	0.0146228681239491	0.00243214028344944	0.00681599807830891	0.372868123949075	0	0	0.00552486187845304	0.000480422772039395	0.0187965409560413	0.031767955801105	0	0	0.0112599087196733	0.0962346865241412	0.0122507806870046	0	0.000180158539514773	3.00264232524622e-05	0.00792697573865001	0.00636560172952198	0	0.000930819120826327	0.000540475618544319	0	0.000390343502282008	0.000930819120826327	0.00126110977660341	0.00042036992553447	0.000150132116262311	6.00528465049243e-05	0.000630554888301705	0.00297261590199375	0.000330290655777084	0.00108095123708864	0
np1067	0.00412087912087912	0.0321800595238095	0.000228937728937729	0.0250257554945055	0.001058836996337	4.29258241758242e-05	0.00321943681318681	0.000114468864468864	0	0	0.277114812271062	0.0010731456043956	0.00570913461538462	7.15430402930403e-05	0.0133070054945055	0.001058836996337	0	5.72344322344322e-05	0.000143086080586081	0	0.0058522206959707	0.00274725274725275	0	0.00741185897435897	0.000600961538461538	0.00037202380952381	0.000930059523809524	0.0109031593406593	2.86172161172161e-05	0.0200463598901099	0	4.29258241758242e-05	0.00572344322344322	0.0158110119047619	0	2.86172161172161e-05	0	0.0014165521978022	8.58516483516484e-05	0.0640882554945055	4.29258241758242e-05	0.000329097985347985	2.86172161172161e-05	0.00276156135531136	0.00157394688644689	0.00147378663003663	1.43086080586081e-05	0.000143086080586081	1.43086080586081e-05	0	0.0115613553113553	0.00103021978021978	0.000114468864468864	0.00143086080586081	0.00801282051282051	0.00456444597069597	0.00183150183150183	0.00296188186813187	0.000271863553113553	0.000314789377289377	0	0.000329097985347985	0.00350560897435897	0.0336681547619048	0.00678228021978022	0.000186011904761905	0.000286172161172161	0.00044356684981685	0.000486492673992674	0.0134644001831502	0.0325234661172161	0.00698260073260073	0.00725446428571429	0.171402815934066	0	0.000186011904761905	5.72344322344322e-05	0.000643887362637363	0.000143086080586081	0.00984432234432234	0.000300480769230769	0	0.00413518772893773	0	0.0441563644688645	4.29258241758242e-05	0	0	0.0544442536630037	0.0243389423076923	0	0.00234661172161172	0.000701121794871795	0.00693967490842491	0.00274725274725275	0.0028331043956044	0.00699690934065934	0.0121909340659341	0.00349130036630037	1.43086080586081e-05	0.000457875457875458	0.00051510989010989	0.000186011904761905	0.00588083791208791	0
np1068	0.000819415323066541	0.0558889451232738	2.41004506784277e-05	0.01532788663148	0.000385607210854843	0	0.000265104957462705	0	4.82009013568554e-05	0	0.336418191020172	0.000482009013568554	0.00318125948955245	0.000120502253392138	0.0113513122695394	4.82009013568554e-05	0	9.64018027137107e-05	0.00031330585881956	0	0.000289205408141132	0.0026992504759839	0	0.0115200154242884	0	0.000192803605427421	0.000795314872388114	0.00390427300990529	2.41004506784277e-05	0.0113995131708963	0.000144602704070566	0	0.00918227170848095	0.00595281131757164	0	0.0026992504759839	0	2.41004506784277e-05	0.000168703154748994	0.0484901067649965	0.000241004506784277	0	0	0.000723013520352831	0.00137372568867038	0.000120502253392138	0	4.82009013568554e-05	0	0.00848335863880655	0.0069650302460656	0.000241004506784277	0.000144602704070566	0.00614561492299906	0.00588050996553636	0.000554310365603837	0.000168703154748994	0.000337406309497988	0.000723013520352831	0.000409707661533271	0	0.00062661171763912	0.000867616224423397	0.0680596727158798	0.00151832839274094	0	0.000192803605427421	0.000241004506784277	0.000554310365603837	0.00694092979538717	0.0946906707155424	0.00212083965970164	0.0108693032559709	0.168992360157135	0	0.00031330585881956	0.000361506760176415	0.000602511266960692	0.00530209914925409	0.0152314848287663	4.82009013568554e-05	0	0.00551900320535994	0	0.00667582483792447	0	0	2.41004506784277e-05	0.0300773624466778	0.0109175041573277	0	0.00491649193839925	0.000409707661533271	0.000964018027137107	4.82009013568554e-05	0.00161473019545466	0.00209673920902321	0	7.23013520352831e-05	0	0.00228954281445063	0.000747113971031258	7.23013520352831e-05	0.00120502253392138	0
np1069	0	0.0337554751475909	0.000119024947629023	0.000976004570557989	0.00426109312511903	0	0.00245191392115787	0.00030946486383546	9.52199581032184e-05	0	0.00761759664825747	0	0.162088173681204	4.76099790516092e-05	0.0220910302799467	0.000214244905732241	0	0	0.00107122452866121	0	0.000261854884783851	0.00245191392115787	0.00364216339744811	0.0791277851837745	0.000285659874309655	0.000214244905732241	0.00133307941344506	0.00940297086269282	0	0.0160683679299181	0	0	0.00483241287373834	0.0230908398400305	0.000190439916206437	0.00414206817749	0.00092839459150638	7.14149685774138e-05	0.000357074842887069	0.144853361264521	0	0.000119024947629023	0	0	0.00447533803085127	0.000952199581032184	4.76099790516092e-05	0	0	0.00733193677394782	0.0088078461245477	0.00404684821938678	0.000142829937154828	0.0142115787469054	0.00219005903637402	0.00140449438202247	0.00030946486383546	0.00711769186821558	0	0.00061892972767092	0	0.0137116739668635	0.000404684821938678	0.00114263949723862	0.000404684821938678	0	0	0	0.000190439916206437	0.000119024947629023	0.00169015425633213	0.00388021329270615	0.000404684821938678	0.259807655684631	0	9.52199581032184e-05	0.039468672633784	0.00159493429822891	0.000690344696248334	0.0258760236145496	9.52199581032184e-05	0	0.0243048943058465	0	0.000119024947629023	0	0.000380879832412874	0	0.00814130641782518	0.00687964197295753	0	0.000357074842887069	0.000142829937154828	0	2.38049895258046e-05	0.0106408303180347	0.0100933155589412	0	0	0	0.00092839459150638	0.00921253094648638	9.52199581032184e-05	0.000976004570557989	0
np1072	0	0.00584852997741461	0.000690382965293462	0.0675983549160198	0.000848184785931968	0	0.00214018719240973	0	0	0	0.436509423727476	0.0125353821269713	0.00165691911670431	0.000167664434428412	0.0135906818024913	0.0013413154754273	0	0	0	0	0	0.000858047399721874	0	0.000177527048218319	3.94504551596264e-05	0.00139062854437683	0.000562168986024676	0.00429023699860937	0.0016470565029144	0.0100204156105451	0	0.00244592821989684	0.0276843569082678	0.0151292495537167	0	0.00245579083368674	0	0	0.00673616521850621	0.015947846498279	0	0	6.90382965293462e-05	0	0.011933762685787	6.90382965293462e-05	0.000157801820638506	0.00043395500675589	0.000167664434428412	0.00613454577732191	0.0163916641188248	0.000512855917075143	3.94504551596264e-05	0.000276153186117385	0.00683479135640527	0.00398449597112227	0.00264318049569497	0.00220922548893908	5.91756827394396e-05	0.000295878413697198	0	0	5.91756827394396e-05	0	0.00316589902656002	0	0.00043395500675589	0.000818596944562248	7.89009103192528e-05	0.0270038365567643	0.0193504482557968	0.00112433797204935	0.0230587910408016	0.0902330535638555	0	0.00139062854437683	0	0.000818596944562248	0.00248537867505646	0.00383655676427367	1.97252275798132e-05	6.90382965293462e-05	0.0106220350517294	0	0.0271912262187725	8.87635241091594e-05	0.000216977503377945	2.95878413697198e-05	0.0571538469125088	0.0382866667324174	0	0.00132159024784748	0.000108488751688973	8.87635241091594e-05	0	0.000483268075705423	0.000838322172142061	0	4.9313068949533e-05	1.97252275798132e-05	4.9313068949533e-05	0.00264318049569497	7.89009103192528e-05	0.00225853855788861	0
np1073	0.000378519822918552	0.0207527607260998	0.000246860754077317	0.0213945986867008	0.000164573836051545	0.000115201685236081	0.000658295344206178	0.00088869871467834	0.000773497029442259	0.00294587166532265	0.370225301581555	0.000789954413047414	0.00116847423596597	8.22869180257723e-05	0.0126721853759689	0	0	0.000197488603261853	0.00615506146832777	0.00839326563862877	0.000279775521287626	0.00146470714085875	0.000872241331073186	0.0877343119990784	0.00363708177673913	0.000394977206523707	0.000510178891759788	0.00200780079982884	8.22869180257723e-05	0.0126228132251535	0.000625380576995869	0.000773497029442259	0.00279775521287626	0.00819577703536692	0.000164573836051545	0.00376874084558037	0.00469035432746902	0.000131659068841236	0.000938070865493804	0.0279775521287626	9.87443016309267e-05	4.93721508154634e-05	3.29147672103089e-05	0.000411434590128861	0.00156345144248967	6.58295344206178e-05	9.87443016309267e-05	8.22869180257723e-05	3.29147672103089e-05	0.000460806740944325	0.00141533499004328	0.000131659068841236	3.29147672103089e-05	0.00441057880618139	0.0132481938021493	9.87443016309267e-05	0.00154699405888452	0.000197488603261853	0	0.000427891973734016	0.000181031219656699	0.000460806740944325	0.000115201685236081	0.0527623718381252	0.00144824975725359	9.87443016309267e-05	0.000246860754077317	0.000164573836051545	0.000181031219656699	0.00982505801227721	0.0114214242219772	0.00088869871467834	0.0144002106545101	0.112058324967497	0	0.00204071556703915	0.0203742409031812	0.000378519822918552	0.00467389694386386	0.0162598950018926	0	0	0.00658295344206178	0.036551848987048	0.00857429685828547	1.64573836051545e-05	8.22869180257723e-05	0	0.0311538271645574	0.0106314698089298	6.58295344206178e-05	0.00454223787502263	0.00488784293073087	0	0.00162928097691029	0.00360416700952882	0.000608923193390715	0.000394977206523707	0.00029623290489278	0	0.000905156098283495	0.0011191020851505	0.000131659068841236	0.00816286226815661	0
np1076	0.00302706193368716	0.00443969083607451	0	0.0258107480879059	0.00354166246241398	3.02706193368716e-05	0.00217948459225476	0.00107965208968175	0.00230056706960224	0	0.39746332209957	0.000645773212519928	0.00639719088652554	0.000201804128912478	0.0230157609024681	0.000716404657639295	0	0	4.03608257824955e-05	0	0.00213912376647226	0.00453050269408512	0	0.00798135329848849	9.08118580106149e-05	0.000433878877161827	0.00100902064456239	0.00257300264363409	2.01804128912478e-05	0.0180513793312211	0	0.000565051560954937	0.00348112122374024	0.0113313018384356	2.01804128912478e-05	0.0116037374124675	0	0	0.000171533509575606	0.0103525518132101	0.000302706193368716	0	0	0.00141262890238734	0.00104938147034488	7.06314451193671e-05	6.05412386737433e-05	0.000110992270901863	2.01804128912478e-05	0	0.0126430286763667	0.00344076039795774	0	0.00268399491453595	0.0126228482634755	0.00080721651564991	0.00301697172724154	0.025861199120134	0.000534780941618066	0.00120073456702924	0	0.000605412386737433	0.00570096664177749	0.0403910964018324	0.0148124230621759	0.000766855689867415	0.000201804128912478	0.000696224244748048	4.03608257824955e-05	0.0119568946380643	0.0227937763606643	0.00661917542832926	0.00486347950679071	0.10933747704478	0	9.08118580106149e-05	0	0.00080721651564991	4.03608257824955e-05	0.0260630032490465	0.00049442011583557	8.0721651564991e-05	0.00212903356002664	0.000171533509575606	0.0134603353984623	9.08118580106149e-05	2.01804128912478e-05	0.000332976812705588	0.0347910318245111	0.0130769075535285	0	0.00424797691360765	0.000242164954694973	0.000353157225596836	0.00677052852501362	0.000797126309204286	0.0101911085100801	0.0399572175246706	0.00145298972816984	0	0.00773918834379351	0.00098884023167114	4.03608257824955e-05	0.00570096664177749	0
np1077	0	0.0235607255520505	0.000246451104100946	0.00251380126182965	0.0032038643533123	0	0.00478115141955836	0.000147870662460568	0.00133083596214511	0	0.0762026813880126	0.000246451104100946	0.218010646687697	0	0.0141955835962145	0.000739353312302839	0	0	0.000295741324921136	0	0.000394321766561514	0.00428824921135647	0.0096608832807571	0.00300670347003155	0	0.000394321766561514	0.00266167192429022	0.0132097791798107	0	0.032038643533123	0	0	0.000591482649842271	0.032038643533123	0.00448541009463722	0.0183852523659306	0.00113367507886435	0.000147870662460568	9.85804416403785e-05	0.0723580441640378	0	0	0	0	0.00069006309148265	0.000591482649842271	0	0	0	0.00522476340694006	0.014836356466877	0.00128154574132492	9.85804416403785e-05	0.00739353312302839	0.00118296529968454	0.000788643533123028	0.00187302839116719	0.0165122239747634	0	0	0	0.0112381703470032	0.000936514195583596	0.00473186119873817	0.000345031545741325	0.000788643533123028	0	0.000197160883280757	9.85804416403785e-05	0.000640772870662461	0.0164629337539432	0.00709779179810726	0.0104495268138801	0.211110015772871	0	0.000147870662460568	0.027356072555205	0.00211947949526814	0	0.0131111987381703	0.000492902208201893	0	0.0263209779179811	0	0.00177444794952681	4.92902208201893e-05	9.85804416403785e-05	0	0.0113860410094637	0.0108438485804416	4.92902208201893e-05	0.000837933753943218	0	0	9.85804416403785e-05	0.0197653785488959	0.0155757097791798	0	0	0	0.00621056782334385	0.00280954258675079	0.000147870662460568	0.00512618296529968	0.000739353312302839
np1080	0.000241294825154057	0.0265424307669463	9.28057019823298e-05	0.000426906229118717	0	0	7.42445615858638e-05	5.56834211893979e-05	1.8561140396466e-05	3.71222807929319e-05	0.0263939416437746	0	0.000259855965550523	0	0.0034338109733462	0	0	1.8561140396466e-05	0.000519711931101047	0.000482589650308115	0	0.000538273071497513	0.000519711931101047	0.020157398470562	0.000389783948325785	5.56834211893979e-05	0.000222733684757592	0.00120647412577029	0	0.00766575098374044	0	0	0.0051228747494246	0.00296978246343455	0	0	9.28057019823298e-05	0	0	0.0088907862499072	0.00018561140396466	5.56834211893979e-05	0	5.56834211893979e-05	0.000835251317840968	3.71222807929319e-05	1.8561140396466e-05	0	3.71222807929319e-05	0.00393496176405078	0.00155913579330314	1.8561140396466e-05	0	0.0008723735986339	0.00412057316801544	0.000426906229118717	0.000315539386739921	0.000928057019823298	0.000129927982775262	0.000315539386739921	0.000204172544361126	0.000241294825154057	0	0.00462172395872002	0.00176330833766427	0	0	0	0	0.000445467369515183	0.00445467369515183	7.42445615858638e-05	0.00319251614819215	0.357765981141881	0	9.28057019823298e-05	0.00438042913356597	0.00018561140396466	0.000686762194669241	0.00215309228599005	3.71222807929319e-05	0	0.00358230009651793	0.472158289405301	0.0008723735986339	0	5.56834211893979e-05	0	0.0114893459054124	0.0052342415918034	0	0.00105798500259856	0.000259855965550523	7.42445615858638e-05	0.000222733684757592	0.000556834211893979	0.000259855965550523	0	0	0	7.42445615858638e-05	0.000519711931101047	3.71222807929319e-05	0.00296978246343455	0
np1082	0	0.00442978034399536	0.000672104603916537	0.0521492072220695	0.000244401674151468	0.000397152720496135	0.00070265481318547	0.000580453976109736	0	0	0.437051293801363	0.00336052301958268	0.000824855650261204	0.000152751046344667	0.00818745608407418	0.000183301255613601	0	0	0.0105398221977821	0	6.1100418537867e-05	0.00149696025417774	0	0.00168026150979134	0.000274951883420401	0.000213851464882534	0	0.00354382427519629	0.000152751046344667	0.0185134268169737	0	0.000305502092689335	0.00669049582989643	0.00870680964164604	3.05502092689335e-05	0.000885956068799071	0	6.1100418537867e-05	0	0.27039990223933	0	0	0	0	0.000244401674151468	0	0	0	9.16506278068005e-05	0	0.00262731799712828	0.000458253139034002	6.1100418537867e-05	0.00103870711514374	0.00953166529190725	0.00244401674151468	3.05502092689335e-05	0.00155806067271561	0	0	0	0	0.000183301255613601	0.00834020713041884	0.00070265481318547	0	0.00103870711514374	0.000152751046344667	0.000122200837075734	0.00827910671188098	0.0212934958604466	0.00351327406592735	0.00314667155470015	0.000305502092689335	0.000244401674151468	0	0.00549903766840803	0.000488803348302936	0.0177802217945193	0.0176274707481746	0	0	0.00586564017963523	0	0.0158861088198454	3.05502092689335e-05	0	0.000458253139034002	0.0145418996120123	0.0148474017047017	0	0.000672104603916537	0.000305502092689335	3.05502092689335e-05	0.000122200837075734	0.00339107322885162	0.000885956068799071	0	0	0	0.000916506278068005	0.000183301255613601	0.000519353557571869	0.00204686402101854	0
np1084	0.000194348349982509	0.00861611018255788	0.00182687448983558	0.045140643422604	0.00138635156320856	0	0.00185278760316658	5.18262266620023e-05	5.18262266620023e-05	0	0.107176636737021	0.00159365646985657	0.00314844326971664	3.88696699965017e-05	0.0318213031704694	0.000310957359972014	6.47827833275029e-05	0	0.000181391793317008	0	0.00138635156320856	0.000583045049947526	0	0.000466436039958021	3.88696699965017e-05	0.0023321801997901	0.00189165727316308	0.00593410295279926	5.18262266620023e-05	0.00971741749912543	0.000103652453324005	0	0.0286210336740908	0.022155711898006	0	0.000375740143299517	0	0.000116609009989505	0.000129565566655006	0.0472396056024151	0	0.000362783586634016	0	0.000116609009989505	0.000868089296588539	0.000285044246641013	2.59131133310012e-05	0.00104948108990555	0	0	0.00430157681294619	7.77393399930035e-05	0.000194348349982509	0.000997654863243544	0.00988585273577694	0.000945828636581542	0	1.29565566655006e-05	5.18262266620023e-05	0.000129565566655006	0	0.000777393399930035	0.000129565566655006	0.00121791632655705	0.00260426788976562	1.29565566655006e-05	0.000531218823285524	0.000155478679986007	0.00023321801997901	0.0100024617457664	0.011907075575595	0.000829219626592037	0.0133452533654656	0.243997875124707	0	0	0	0.00115313354322955	0.0067633225793913	0.0126455993055286	0.000142522123320506	9.0695896658504e-05	0.00248765887977611	0.313147018048483	0.00593410295279926	0.000686697503271531	0.000492349153289022	1.29565566655006e-05	0.00434044648294269	0.00586932016947176	3.88696699965017e-05	0.000842176183257537	1.29565566655006e-05	0.000155478679986007	5.18262266620023e-05	0.000997654863243544	0.00966559127246343	0	0.000129565566655006	0.000129565566655006	0.0022285277464661	0.00124382943988806	0.000349827029968516	0.000738523729933533	0
np1085	0.00115596100974756	0.0128405398650337	0.000156210947263184	0.00249937515621095	0	0	0	0.000187453136715821	0	0.000437390652336916	0.080698575356161	6.24843789052737e-05	0.000656085978505374	9.37265683579105e-05	0.00434266433391652	0.000218695326168458	0	0	0.00121844538865284	0.00268682829292677	6.24843789052737e-05	0.000906023494126468	0	0.01255936015996	0.00209322669332667	0.000281179705073732	0.000781054736315921	0.00106223444138965	6.24843789052737e-05	0.00340539865033742	0.000531117220694826	0.000249937515621095	0.014715071232192	0.00381154711322169	0	9.37265683579105e-05	0.000156210947263184	0	0.000718570357410647	0.193889027743064	0.000124968757810547	0.000156210947263184	0	9.37265683579105e-05	0.00112471882029493	9.37265683579105e-05	0	0	3.12421894526368e-05	9.37265683579105e-05	0.00309297675581105	0.00149962509372657	0.000156210947263184	0.00209322669332667	0.00552986753311672	0.000468632841789553	0.00134341414646338	0.000999750062484379	9.37265683579105e-05	0.000124968757810547	9.37265683579105e-05	0.000249937515621095	0	0.0140902274431392	0.00246813296675831	9.37265683579105e-05	6.24843789052737e-05	9.37265683579105e-05	0.000156210947263184	0.0023744063984004	0.0005936015996001	0.00165583604098975	0.00999750062484379	0.417083229192702	0	0.000374906273431642	0.0190889777555611	0.000343664083979005	0.00156210947263184	0.00384278930267433	0	0	0.0124031492126968	0.000406148462884279	0.0225256185953512	3.12421894526368e-05	0.000124968757810547	0.000437390652336916	0.0585791052236941	0.0217445638590352	0	0.000937265683579105	0.0021244688827793	0	0.00159335166208448	0.0346788302924269	0.00343664083979005	0	3.12421894526368e-05	0	0	0.00196825793551612	9.37265683579105e-05	0.00490502374406398	0
np1088	0.000412941819845761	0.0290286938761844	0.000970971306123816	0.0178569435608978	0.000357138871217955	0.00515619245320923	0.000669635383533666	0.000647314204082544	0.000156248256157855	3.34817691766833e-05	0.354873271503666	0.000926328947221571	0.00158480374102968	0.000256693563687905	0.0178457829711722	0.000412941819845761	7.81241280789277e-05	0.000837044229417082	0.0158033950513945	0.00148435843349963	0.000669635383533666	0.00449771765940112	0	0.0280912043392373	0.00156248256157855	0.000390620640394638	0.000312496512315711	0.00350442517382619	0.000178569435608978	0.0150556355397819	0.000245532973962344	0.000323657102041272	0.00539056483744601	0.0141404671822859	1.11605897255611e-05	0	0.00127230722871397	0.000145087666432294	0.0002008906150601	0.0335264115355855	4.46423589022444e-05	0.000178569435608978	0	0.000747759511612594	0.00116070133145835	0.000279014743139027	0.000223211794511222	0.000122766486981172	0	0.00245532973962344	0.00181917612526646	0.000725438332161471	0.000167408845883416	0.00142855548487182	0.0139060947980491	0.000636153614356983	0.000290175332864589	0	3.34817691766833e-05	0.000178569435608978	0.000111605897255611	0.000212051204785661	0.000345978281492394	0.0315509871541612	0.00197542438142431	7.81241280789277e-05	0.000546868896552494	0.000167408845883416	6.69635383533666e-05	0.012053436903606	0.0135935982857334	0.00190846084307095	0.00738831039832145	0.141873416591333	0	0.000122766486981172	0.00651778439972768	0.000424102409571322	0.0298992198747782	0.0293523509782257	4.46423589022444e-05	3.34817691766833e-05	0.00876106293456546	0.0687715538889075	0.0127119116974141	4.46423589022444e-05	0.000133927076706733	7.81241280789277e-05	0.0146315331302106	0.010323545496144	5.58029486278055e-05	0.00177453376636421	0.00304684099507818	0	0.000848204819142643	0.00727670450106584	0.00351558576355175	0.000379460050669077	0.000491065947924688	8.92847178044888e-05	0.000892847178044888	0.00150667961295075	0.00104909543420274	0.00204238791977768	0
np1089	0.000657395701643489	0.00748419721871049	0.000252844500632111	0.00611883691529709	0	0.000202275600505689	0.000202275600505689	0	0	0.000404551201011378	0.147661188369153	0	0.000303413400758533	0	0.00920353982300885	0	0	0	0.006826801517067	0.00257901390644753	0	0.000353982300884956	0	0.0349936788874842	0.000960809102402023	0.000556257901390645	0.000707964601769912	0.000202275600505689	0	0.00404551201011378	0	0.000252844500632111	0.00146649810366625	0.00566371681415929	5.05689001264223e-05	0.000252844500632111	0.0004551201011378	0	0.000910240202275601	0.246472819216182	0	0	0	0	0.0027307206068268	0	0	0	0	0	0.00146649810366625	0.00783817951959545	0	0.00192161820480405	0.00328697850821745	0.000556257901390645	0.000657395701643489	0	0	0.000404551201011378	5.05689001264223e-05	0.000101137800252845	0.000202275600505689	0.0119342604298357	0.00217446270543616	0	0	0	0	0.00212389380530973	0.00419721871049305	0.000859671302149178	0.00601769911504425	0.305385587863464	0	5.05689001264223e-05	0.0105689001264223	0	0.00303413400758534	0.00566371681415929	0	0	0.00829329962073325	0.00429835651074589	0.00991150442477876	0	0	0.000303413400758533	0.0184576485461441	0.0170417193426043	0	0.000202275600505689	0.00111251580278129	0	0.000809102402022756	0.0805056890012642	0.00106194690265487	0	0	0	0	0.00202275600505689	0.000151706700379267	0.00536030341340076	0
np1090	0	0.0899028591987471	2.11635732577088e-05	0.00473005862309792	0	0	4.23271465154177e-05	0	1.05817866288544e-05	0	0.558062263232524	0.000423271465154177	0.012359526782502	0	0.222937080696705	0.00247613807115193	0	0	0	0	0	7.40725064019809e-05	0	6.34907197731265e-05	0	7.40725064019809e-05	8.46542930308353e-05	0	0	0.0007195614907621	0	0	0.000328035385494487	0.00784110389198112	0	0.000275126452350215	0	0	5.29089331442721e-05	0.00151319548792618	0	0	0	0	0.00325919028168716	0	0	2.11635732577088e-05	0	0.000476180398298449	0.0114918202789359	0.000328035385494487	0	1.05817866288544e-05	0.00884637362172229	6.34907197731265e-05	0	0.000190472159319379	5.29089331442721e-05	0	0	0	0.000211635732577088	0	0.000296290025607924	0	0.000201053945948234	0.00102643330299888	0	0.00830670250365072	0	0.000465598611669594	1.05817866288544e-05	0	0	0	0	4.23271465154177e-05	0.00142854119489535	0.00116399652917399	0	0.000275126452350215	0.00112166938265857	0	2.11635732577088e-05	0	0	0	0.000296290025607924	4.23271465154177e-05	8.46542930308353e-05	5.29089331442721e-05	0	0.000423271465154177	0.000190472159319379	0.0048041311294999	0.052623224905293	0	0.000137563226175107	0	2.11635732577088e-05	0	0	2.11635732577088e-05	0
np1093	0.010594281685437	0.0121899178061859	3.71078167616008e-05	0.0046755849119617	0.0134701374844611	0	0.00189249865484164	7.42156335232017e-05	0	0	0.0759225930942353	7.42156335232017e-05	0.0124496725235171	0.000129877358665603	0.0204278531272613	0.000723602426851216	0	0	0	0	0.00816371968755218	0.00179972911293764	0	0.00179972911293764	0	0.000797818060374418	0.00142865094532163	0.00562183423938253	0	0.0262537803588326	0	3.71078167616008e-05	0.024639590329703	0.0170695957103364	0	0.000296862534092807	0	0	0.00769987197803217	0.0467001873944746	3.71078167616008e-05	0.00131732749503683	0	0.00133588140341763	0.00194816037998404	0.000222646900569605	0.000129877358665603	9.27695419040021e-05	0	9.27695419040021e-05	0.0325621092083047	0.00831215095459859	0.000148431267046403	0.00198526819674564	0.00161419002912964	0.0045271536449153	0	0.0489637642169323	7.42156335232017e-05	0.000538063343043212	0	0.000408185984377609	0.00935116982392341	0.00975935580830102	0.0042302911108225	0.000148431267046403	0	0.000129877358665603	0	0.00411896766053769	0.00181828302131844	0.00243056199788485	0.00723602426851216	0.386088279496076	0	1.85539083808004e-05	0	0.00100191105256322	0	0.0425070041004138	0.00102046496094402	0.000111323450284802	0.0116704083715235	0	0.0413010000556617	0.000111323450284802	0	0.00111323450284802	0.00955526281611221	0.0180529528545188	0	3.71078167616008e-05	0	0.00233779245598085	0.00528786388852812	0.017663320778522	0.0209844703786853	0.000686494610089615	0.000185539083808004	0	0.00102046496094402	0.000556617251424012	0	0.000185539083808004	0
np1096	0	0.00885940419457099	0.000293913883232213	0.00497554216614532	0.000335901580836815	0	0.0254865324459933	6.29815464069028e-05	0	0	0.0793987361703021	0.000566833917662125	0.00340100350597275	0	0.0704973442781265	4.19876976046019e-05	0	0.000167950790418407	0.418596351269078	0	0.00394684357483257	0.0129532047110197	0.000692797010475931	0.00174248945059098	0	0.000545840068859824	0.000146956941616106	0.0045976528877039	0.000167950790418407	0.0162282451241786	0	0.000104969244011505	0.000776772405685134	0.0214137257783469	0	0.000335901580836815	0.000881741649696639	0.000860747800894338	0.000146956941616106	0.0595175613545231	0	0	4.19876976046019e-05	0.006697037767934	0.00191044024100938	0	2.09938488023009e-05	0.000545840068859824	0	0.00023093233682531	0.00373690508680956	0.00184745869460248	0.000734784708080532	0.00667604391913169	0.00533243759578444	0.00111267398652195	0.000104969244011505	0.000146956941616106	0.000146956941616106	0.000944723196103542	0	0.00111267398652195	0.00623517309428337	0.0022673356706485	0.0045766590389016	6.29815464069028e-05	0.000755778556882833	0.000167950790418407	0	0.00310708962274054	0.0259483971196439	0.00247727415867151	0.000692797010475931	0.0801965024247895	0.00652908697751559	0	0	0.000335901580836815	0.00241429261226461	0.0168790544370499	0	0.000104969244011505	0.0373690508680956	0	0.00182646484580018	0	0	0.0102869859131275	0.00652908697751559	0.00163752020657947	0	0.00132261247454496	0.00067180316167363	0.00260323725148531	0.000188944639220708	0.00323305271555434	0.00579430226943506	0	0.000755778556882833	0	0.0022883295194508	0.000440870824848319	0.000881741649696639	0.0023303172170554	0
np1098	0.00179891198335465	0.00257916296408678	0.000325104575305056	0.0125923838834825	0.000910292810854158	0	0.000303430936951386	0.000130041830122023	8.66945534146817e-05	0	0.0401612518693513	0.000325104575305056	0.000585188235549102	8.66945534146817e-05	0.00780250980732135	0.000130041830122023	2.16736383536704e-05	0	2.16736383536704e-05	0	0.00049849368213442	0.000476820043780749	0	0.000390125490366068	0	0.000715230065671124	0.00327271939140423	0.00231907930384274	0	0.00606861873902772	4.33472767073409e-05	0	0.0281757298597716	0.00420468584061206	0	6.50209150610113e-05	0	0	8.66945534146817e-05	0.0206549773510479	4.33472767073409e-05	0.000346778213658727	2.16736383536704e-05	0.000216736383536704	0.000195062745183034	6.50209150610113e-05	0	0.000151715468475693	2.16736383536704e-05	0.00052016732048809	0.00531004139664926	2.16736383536704e-05	2.16736383536704e-05	0.000260083660244045	0.00669715425128416	0.000975313725915169	0	0	0	6.50209150610113e-05	0	0.000650209150610113	0	0.00182058562170832	0.00119205010945187	8.66945534146817e-05	0.000108368191768352	0.000130041830122023	0	0.00216736383536704	0.0148464422722642	0.000325104575305056	0.0129391620971412	0.221959730379939	0	0	0	0.000411799128719738	0.00244912113396476	0.00643707059104012	6.50209150610113e-05	0	0.00244912113396476	0.541840958841761	0.00390125490366068	0.000108368191768352	6.50209150610113e-05	0	0.0167320488090336	0.0129825093738486	0	0.00099698736426884	2.16736383536704e-05	0	2.16736383536704e-05	0.00108368191768352	0.000823598257439476	0	0	0	0.00199397472853768	0.000650209150610113	0.000130041830122023	0.000845271895793147	0
np1101	0	0.0212000757145561	0.000984289229604391	0.0187014953624834	0	0	0.000340715502555366	0	0	0	0.489343176225629	0.00212000757145561	0.00791217111489684	0	0.044633730834753	0	0	0.00106000378572781	0.0267272383115654	0	0	0.0170357751277683	0.000340715502555366	0.0263486655309483	0.00162786295665342	0.000870717395419269	0.00071928828317244	0.00121143289797464	0	0.0107136096914632	0	0	0.00212000757145561	0.00685216732916903	0.0020442930153322	3.78572780617074e-05	0.00314215407912171	0.000265000946431952	0.000378572780617074	0.0174522051864471	0	0.000302858224493659	0	0.00155214840053	0.000908574673480977	0.000757145561234147	7.57145561234147e-05	0	0	0	0.00363429869392391	0.000113571834185122	0.000227143668370244	0.0066628809388605	0.0105621805792164	0.00106000378572781	0.00071928828317244	0	0.00870717395419269	0.000530001892863903	0	0.000908574673480977	0	0.00942646223736513	0.00276358129850464	0.000113571834185122	0.000681431005110733	0.000227143668370244	0.000795002839295855	0.00590573537762635	0	0.00295286768881317	0.0236986560666288	0.0215407912171115	0	0.0010221465076661	0.0146886238879425	0.00109786106378951	0.0138179064925232	0.00200643573727049	0	0.000113571834185122	0.0377815635055839	0	0.012682188150672	7.57145561234147e-05	0.000454287336740488	0	0.0428544387658527	0.02173007760742	0.000454287336740488	0.00764717016846489	0.000265000946431952	0	0	0.0041264433087261	0.00628430815824342	0	0.000492144614802196	0	0.00143857656634488	0.000340715502555366	0.000416430058678781	0.0212000757145561	0
np1103	0	0.00710097872042232	0.00378407418654084	0.0823853682464787	0	0	0.00182196164537152	0	0	0	0.307093971175632	0.0105813926327346	0.00544252645348158	0	0.0338931583004368	0.000163509378430777	0.000186867861063745	0.00392422508233865	0.0779472565462148	0	0	0.023498633528766	0	0.0395225526149821	0.00140150895797809	0.00247599915909463	0.000327018756861554	0.00658709210249702	0	0.0147158440587699	0.000420452687393427	0	0.0156034663988227	0.0252738782088716	0	4.67169652659363e-05	0.00100441475321763	0.00123799957954731	0.000233584826329682	0.0492863983555628	0	7.00754478989045e-05	0	0.00221905585013198	0.000910980822685758	0.00504543224872112	0	0.000467169652659363	0	0	0.00198547102380229	0.000607320548457172	0.000583962065824204	0.00380743266917381	0.00770829926887949	0.000397094204760459	0	0	0	0.000490528135292331	0	0.00100441475321763	0.000443811170026395	0.00373735722127491	0.00457826259606176	0	0.0046249795613277	7.00754478989045e-05	9.34339305318727e-05	0.00882950643526197	7.00754478989045e-05	0.00406437597813646	0.0248067085562122	0.0281703300553596	0	9.34339305318727e-05	0.00635350727616734	0.00345705542967929	0.0177524468010558	0.00165845226694074	0.000116792413164841	0.000303660274228586	0.0153231646072271	0	0.0127537315176006	0.000303660274228586	0.000981056270584663	0	0.013921655649249	0.00981056270584663	0.000116792413164841	0.00369064025600897	0.000163509378430777	0	0.000397094204760459	0.010301090841139	0.062343790147392	0	0.000443811170026395	9.34339305318727e-05	0.000490528135292331	0.00112120716638247	0.0016117353016748	0.0156268248814557	2.33584826329682e-05
np1105	0.000445431818308361	0.0283127599512252	0.000879727841159014	0.0240254787000072	0.000178172727323345	0.00230510965974577	0.00158128295499468	0.00057906136380087	0.000361913352375544	6.12468750173997e-05	0.475286885930479	0.000929838920718704	0.00200444318238763	0.000278394886442726	0.0175500136413494	0.000206012215967617	8.90863636616723e-05	0.000506678693325761	0.00728837812707056	0.00304007215995457	0.000796209375226196	0.00319597329636249	0	0.017911926993725	0.00122493750034799	0.000712690909293378	0.000395320738748671	0.00258907244391735	0.000356345454646689	0.0143763119359024	0.000334073863731271	0.000567925568343161	0.0029621215917506	0.0168651622207003	1.1135795457709e-05	0.000412024431935234	0.000668147727462542	0.000256123295527308	0.000306234375086998	0.0301668698949338	0	6.68147727462542e-05	2.22715909154181e-05	0.000740530397937651	0.00178172727323345	0.00040645653420638	0.000155901136407926	0.000167036931865635	6.68147727462542e-05	5.56789772885452e-06	0.00281735625080039	0.000562357670614306	0.000194876420509908	0.00204341846648961	0.0116424741510348	0.000562357670614306	0.000389752841019816	5.56789772885452e-06	2.78394886442726e-05	0.000261691193256162	0.000295098579629289	0.000128061647763654	0.000139197443221363	0.0479507352408951	0.00168707301184292	5.56789772885452e-05	0.00057906136380087	0.000228283806883035	0.000206012215967617	0.0175722852322649	0.0194709383578042	0.00167593721638521	0.0151669534133997	0.0981843085506205	0	0.000334073863731271	0.00685408210421991	0.000868592045701305	0.0126613994354152	0.0163083724478149	8.35184659328177e-05	2.78394886442726e-05	0.00684851420649106	0.00457681193311841	0.0130010411968753	4.45431818308361e-05	0.000161469034136781	2.78394886442726e-05	0.0187081363689512	0.0171602608003296	3.34073863731271e-05	0.00133072755719623	0.00218818380743982	1.1135795457709e-05	0.000785073579768487	0.0041258122170812	0.00237749233022088	0.000217148011425326	0.000528950284241179	2.78394886442726e-05	0.00097438210254954	0.00139197443221363	0.000484407102410343	0.00257793664845964	0
np1107	0.000379806931476499	0.00583425647518067	4.22007701640555e-05	0.000643561745001846	0.00218388985598987	0	0.04942765205465	7.38513477870971e-05	0	0	0.0163527984385715	0.000158252888115208	0.057055441261803	1.05501925410139e-05	0.151859471435354	1.05501925410139e-05	0	1.05501925410139e-05	0.0891807775491903	0	0.000242654428443319	0.00551775069895026	0.0013715250303318	0.000485308856886638	0	0.000727963285329957	5.27509627050694e-05	0.012966186632906	0	0.0243814949622831	0	0	0.00124492271983964	0.012934536055283	0	0.00127657329746268	3.16505776230416e-05	0.000179353273197236	3.16505776230416e-05	0.0147069684021733	0	0	2.11003850820277e-05	0.000559160204673735	0.0241493907263808	0	1.05501925410139e-05	0.000833465210740096	0	0.000158252888115208	0.00138207522287282	0.00311230679959909	0.000147702695574194	0.00051695943450968	0.00215223927836683	0.000274305006066361	0	0.00561270243181938	0.000590810782296777	0.000179353273197236	0	0.000780714248035027	0.00239489370681015	0.00278525083082766	0.000284855198607375	0	2.11003850820277e-05	0.000295405391148388	2.11003850820277e-05	0.000960067521232263	0.00211003850820277	0.000232104235902305	0.000527509627050694	0.458986126496809	0.000126602310492166	0	7.38513477870971e-05	0.000316505776230416	0.000875665980904151	0.0029646041040249	5.27509627050694e-05	0	0.00861950730600834	0	0.00018990346573825	1.05501925410139e-05	5.27509627050694e-05	0.00133987445270876	0.00202563696787466	4.22007701640555e-05	0	0.000116052117951153	6.33011552460832e-05	0.00192013504246453	0.000105501925410139	0.0168908582581632	0.0011394207944295	0	0	0	0.000358706546394472	0.00272194967558158	7.38513477870971e-05	0.0014453763781189	0
np1108	0	0.0140835818542507	0.000249615723163025	0.0106152370692487	3.94130089204777e-05	0	0.000604332803447324	0.000302166401723662	6.56883482007961e-05	0	0.143134910729535	0.000578057464167006	0.000275891062443344	7.88260178409554e-05	0.019220410683553	5.25506785606369e-05	3.94130089204777e-05	0.000183927374962229	0.0407399135541338	0	0.00034157941064414	0.00252243257091057	7.88260178409554e-05	0.0214932275313005	0.000380992419564618	0	0.000302166401723662	0.000420405428485095	0.00017078970532207	0.00890734001602796	0	0.000183927374962229	0.00726513131100805	0.0108254397834912	0	0	0.00123494094617497	3.94130089204777e-05	0.000223340383882707	0.0311756900560979	0	9.19636874811146e-05	0	0.000144514366041752	0.00157652035681911	0	6.56883482007961e-05	0.000197065044602388	0	2.62753392803185e-05	0.00382306186528634	0.000289028732083503	0.000157652035681911	0.00688413889144344	0.0119027286939843	0.000564919794526847	9.19636874811146e-05	0	0	0.000433543098125255	0	3.94130089204777e-05	5.25506785606369e-05	0.00398071390096825	0.0034814824546422	5.25506785606369e-05	0.000328441741003981	6.56883482007961e-05	0.000105101357121274	0.00920950641775162	0.0512500492662612	0.0024173312137893	0.0019969257853042	0.461394957762392	0.013610625747205	0	0	5.25506785606369e-05	0.00595136434699213	0.0540746482388954	0	0	0.00244360655306962	0	0.00580684998095038	0	0	0	0.0162907103537974	0.00814535517689872	0	0.000945912214091464	0.00536016921318497	0	0.000538644455246528	0.00144514366041752	0.00246988189234993	0	0.000867086196250509	0	0.00109042658013322	0.000420405428485095	0.000210202714242548	0.00382306186528634	0
np1112	0	0.0244857982370225	0.000718250081619327	0.00238328436173686	0.00326477309826967	0	0.00169768201110023	0.000685602350636631	0.000228534116878877	0	0.0099249102187398	6.52954619653934e-05	0.164675155076722	6.52954619653934e-05	0.0182174338883448	0.000130590923930787	0	0	0.00241593209271956	0	0.000652954619653934	0.00267711394058113	0.00852105778648384	0.0335292197192295	0.00019588638589618	0.000652954619653934	0.00150179562520405	0.0111655239960823	0	0.0147241266731962	3.26477309826967e-05	0	0.00744368266405485	0.027130264446621	0.000130590923930787	0.00359125040809664	0.00163238654913484	0	0.000652954619653934	0.119066274893895	0	9.79431929480901e-05	0	0	0.00365654587006203	0.000914136467515508	0	0	0	0.00685602350636631	0.00770486451191642	0.00235063663075416	0.000261181847861574	0.00803134182174339	0.00212210251387529	0.000457068233757754	0.000130590923930787	0.00652954619653934	0	0.000457068233757754	0	0.0101860920666014	0.00107737512242899	0.000718250081619327	0.00156709108716944	0	0	0	0.000228534116878877	6.52954619653934e-05	0.00421155729676787	0.00995755794972249	0.00274240940254652	0.283088475350963	0	0.000424420502775057	0.0477636304276853	0.00176297747306562	3.26477309826967e-05	0.029709435194254	0.000326477309826967	0	0.0321906627489389	0	0.000457068233757754	3.26477309826967e-05	0.00019588638589618	3.26477309826967e-05	0.0233104799216454	0.00721514854717597	0.00124061377734247	0.000424420502775057	0.000163238654913484	0	0	0.0121776036565459	0.0136793992817499	0	0	0	0.00248122755468495	0.00930460333006856	0.00019588638589618	0.00117531831537708	3.26477309826967e-05
np1113	0.000598682897625224	0.0203108716379521	0.00359209738575135	0.00339253641987627	0	4.43468813055722e-05	0.000199560965875075	0.000953457948069802	0	0.000598682897625224	0.101110889376705	0.000199560965875075	0.000532162575666866	8.86937626111444e-05	0.00922415131155901	8.86937626111444e-05	0	0	0.00314862857269562	0.00106432515133373	4.43468813055722e-05	0.00179604869287567	0	0.0320627951839287	0.00465642253708508	0.000133040643916717	0.000842590744805872	0.000443468813055722	0	0.00849242777001707	0.00011086720326393	4.43468813055722e-05	0.00545466640058538	0.00864764185458658	0	0	0	8.86937626111444e-05	0	0.240138362269673	0.000177387525222289	6.65203219583583e-05	6.65203219583583e-05	0.000266081287833433	0.000643029778930797	0.000243907847180647	8.86937626111444e-05	2.21734406527861e-05	0	2.21734406527861e-05	0.00536597263797423	0.00352557706379299	0.000221734406527861	0.00410208652076543	0.004146433402071	0.000709550100889155	0.000177387525222289	0.000465642253708508	0.00119736579525045	0.00050998913501408	0	0.000199560965875075	0	0.00607552273886339	0.00627508370473846	0.000199560965875075	8.86937626111444e-05	0.000776070422847513	0.000155214084569503	0.0025499456750704	0.000753896982194727	0.000620856338278011	0.00731723541541941	0.218275349786026	0.00356992394509856	0.000155214084569503	0.0402891416661123	0.000354775050444577	4.43468813055722e-05	0.00208430342136189	0	0	0.0498680680281159	0.000354775050444577	0.0291580744584137	4.43468813055722e-05	8.86937626111444e-05	0.000776070422847513	0.0660768531453026	0.0164083460830617	0	0.00150779396438945	0.00119736579525045	0.000288254728486219	0.000487815694361294	0.0545023171245482	0.00569857424776603	2.21734406527861e-05	0.000532162575666866	6.65203219583583e-05	4.43468813055722e-05	0.00474511629969622	0	0.00822634648218364	0
np1115	0.000970344526820759	0.0414740514609682	0.000223506323593546	0.00212058438726559	0.000648713475795901	0	0.00191888355865678	0.000119930222416049	0.000523331879633668	4.90623637156563e-05	0.0476232010466638	0.000365242040994331	0.0018425643262102	2.72568687309202e-05	0.0334605320540776	6.54164849542085e-05	1.63541212385521e-05	2.72568687309202e-05	0.000343436546009594	0.00136284343654601	0.0574138682948103	0.00128652420409943	0.00255669428696031	0.0745366332315744	0.000245311818578282	0.000332533798517226	0.00085041430440471	0.00623637156563454	0	0.0146260357610118	0	8.17706061927606e-05	0.0199738334060183	0.00855320540776276	0	0.00380505887483646	3.27082424771042e-05	0.00298735281290885	0.02458569559529	0.0376962494548626	5.99651112080244e-05	0.000185346707370257	2.72568687309202e-05	0.000185346707370257	0.0403837767117314	0.00028347143480157	0.0259866986480593	0.000212603576101177	2.18054949847362e-05	0.00709768861753162	0.00559310946358482	0.000125381596162233	4.90623637156563e-05	0.000218054949847362	0.0208406018316616	0.00103030963802878	0.000686873092019189	0.000278020061055386	8.17706061927606e-05	0.00229502834714348	0.00442651548190144	0.00172263410379416	3.81596162232883e-05	0.032315743567379	0.00260575665067597	0	7.63192324465765e-05	8.72219799389446e-05	1.09027474923681e-05	0.00306912341910161	0.000403401657217619	0.000447012647187091	0.0056367204535543	0.292597034452682	0	0.000130832969908417	0.0273440907108591	0.00033798517226341	0.000610553859572612	0.00193523767989533	0.000250763192324466	2.72568687309202e-05	0.00315089402529437	0.00649258613170519	0.0185019624945486	2.18054949847362e-05	9.81247274313127e-05	1.63541212385521e-05	0.0315089402529437	0.0230211513301352	0.000130832969908417	0.00160815525512429	0.000212603576101177	0	0.000152638464893153	0.000136284343654601	0.00264391626689926	0	4.90623637156563e-05	4.36109899694723e-05	5.45137374618404e-06	0.0109845180985608	0.000114478848669865	0.0324084169210641	0
np1116	0	0.0250731469440832	0.00207249674902471	0.0151576723016905	8.12743823146944e-05	0	0.000609557867360208	0	0	0	0.280355981794538	0.00321033810143043	0.00256014304291287	0.000121911573472042	0.0193839401820546	0	0	0.00142230169050715	0.090702210663199	0	0	0.0073146944083225	0.00028446033810143	0.0232038361508453	0.000162548764629389	0.000528283485045514	0.00028446033810143	0.0150763979193758	0	0.0160110533159948	0.000447009102730819	0	0.00410435630689207	0.0214970741222367	0.00170676202860858	0	0.00109720416124837	0.000162548764629389	0.000812743823146944	0.0493335500650195	0	0.000325097529258778	0	0.00186931079323797	0.00109720416124837	0.00170676202860858	0	0.000243823146944083	0	0	0.0073146944083225	0.000325097529258778	0.000406371911573472	0.00556729518855657	0.0324691157347204	0.00105656697009103	0	0	0	0	0	0.00243823146944083	0.00073146944083225	0.00540474642392718	0.00113784135240572	0	0.00162548764629389	0.000203185955786736	4.06371911573472e-05	0.00418563068920676	4.06371911573472e-05	0.00333224967490247	0.0086963589076723	0.101836801040312	0	0	0.016742522756827	0.00134102730819246	0.047992522756827	0.000772106631989597	0.000121911573472042	0	0.0180835500650195	0	0.00759915474642393	0.000203185955786736	0.000934655396618986	4.06371911573472e-05	0.0189775682704811	0.019668400520156	0	0.00426690507152146	0	0	0	0.005851755526658	0.0105250325097529	0	0.00028446033810143	0	0.008777633289987	0.000609557867360208	0.000609557867360208	0.0717652795838752	0
np1119	0	0.0168824493205256	0.00385517396472516	0.0204966749124554	0.00110836251485848	0	0.000449770295884602	0.00179908118353841	0.000465833520737623	0	0.0972467632601921	0.00075497156809201	0.0279500112442574	0.000273074822501365	0.036624152664889	0.000192758698236258	9.6379349118129e-05	0	0.00587914029620587	0	0.000497959970443666	0.00740514665724291	0.00371060494104796	0.0616827834356025	0.000401580621325537	0.000417643846178559	0.00146175346162496	0.0193079962733318	3.2126449706043e-05	0.0273717351495486	0.000128505798824172	1.60632248530215e-05	0.00817618145018794	0.0259902978121888	3.2126449706043e-05	0.000931667041475247	0.00377485784046005	0.000289138047354387	0.000578276094708774	0.104491277668905	0	0	0	0	0.00480290423105343	0.0012689947633887	0	0	0	0.00178301795868539	0.00714813505959456	0.00244161017765927	0.000176695473383236	0.0160632248530215	0.0103768432550519	0.000417643846178559	0.000369454171619494	0.00788704340283355	0	0.00064252899412086	0	0.0115333954444694	0.00120474186397661	0.00610402544414817	0.00258617920133646	0	0.000979856716034311	8.03161242651075e-05	0.000305201272207408	0.00308413917178013	0.0127863269830051	0.00713207183474154	0.00648954284062068	0.160070035660359	0	0.00350178301795869	0.0692967520159347	0.00157419603559611	0.00565425514826357	0.0274841777235198	0.000240948372795322	4.81896745590645e-05	0.0352427153275292	0	0.00289138047354387	6.4252899412086e-05	0.00032126449706043	3.2126449706043e-05	0.0451055353872844	0.00758184213062614	0.000353390946766473	0.00420856491149163	0.000417643846178559	0	1.60632248530215e-05	0.0292511324573521	0.00268255855045459	0	6.4252899412086e-05	0	0.00147781668647798	0.00395155331384329	0.00032126449706043	0.0112763838468211	0.00043370707103158
np1121	0	0.0233730794328765	0.000385596488105831	0.0105000889838049	0.000177967609894999	5.93225366316664e-05	0.00133475707421249	0.000207628878210832	5.93225366316664e-05	0.00065254790294833	0.324998516936584	0.000266951414842499	0.00103814439105416	2.96612683158332e-05	0.0156018271341283	8.89838049474995e-05	0	0	0.00990686361748828	0.00278815922168832	0.000355935219789998	0.00269917541674082	0	0.0379664234442665	0.00314409444147832	0.000593225366316664	0.000474580293053331	0.000444919024737498	0.000207628878210832	0.0132882482054933	0.000118645073263333	0.000830515512843329	0.00403393249095331	0.0102627988372783	2.96612683158332e-05	0.000148306341579166	0.000860176781159162	0	0.000593225366316664	0.039301180518479	0.000237290146526665	0	0	0.000860176781159162	0.00127543453758083	0.000296612683158332	0.000118645073263333	0.000177967609894999	0	8.89838049474995e-05	0.00447885151569081	0.000326273951474165	0.000177967609894999	0.00456783532063831	0.00839413893338079	0.000385596488105831	0.00151272468410749	0.000385596488105831	0	0	0.000118645073263333	0.000326273951474165	5.93225366316664e-05	0.0173815032330782	0.00272883668505665	8.89838049474995e-05	0.000296612683158332	0.000148306341579166	0.000326273951474165	0.00575428605327164	0.0434537580826956	0.00272883668505665	0.00613988254137747	0.235302841549505	0	0.00065254790294833	0.0131696031322299	0.000415257756421665	0.00771192976211663	0.00952126712938245	0	0	0.00676276917600997	0.0235510470427715	0.0127840066441241	5.93225366316664e-05	8.89838049474995e-05	0	0.0351486029542623	0.0207925490893991	0.000118645073263333	0.00501275434537581	0.00263985288010915	0	0.00311443317316248	0.00172035356231832	0.00142374087915999	0.000266951414842499	0.000266951414842499	0	0.000118645073263333	0.00275849795337249	0.000504241561369164	0.0064364952245358	0
np1122	0	0.0105599086710601	0.00330375521076574	0.0156106757995607	0.000311348658606196	0	0.00065729161261308	0.00633940463217615	0.000735128777264629	0	0.174709840347327	0.000769723072665317	0.0189749710272776	0.000233511493954647	0.0222354833687925	0.000129728607752582	0.000121080033902409	8.64857385017211e-06	0.00479995848684552	0	0.000345942954006884	0.00959126839984087	0.00652967325687994	0.0519260373964333	0.00100323456661996	0.000389185823257745	0.00240430353034785	0.0144258211820871	8.64857385017211e-05	0.0202463113832529	0.000397834397107917	6.91885908013769e-05	0.00535346721325653	0.0235500665940186	6.05400169512047e-05	0.00120215176517392	0.0107761230173144	7.7837164651549e-05	0.000795668794215834	0.0910435369207618	0	9.51343123518932e-05	0	0	0.00794803936830817	0.000830263089616522	4.32428692508605e-05	1.72971477003442e-05	0	0.00175566049158494	0.00866587099787245	0.00102053171432031	0.000121080033902409	0.0305208171172574	0.00702264196633975	0.000570805874111359	0.00167782332693339	0.00826803660076453	0	0.000691885908013768	0	0.0101707228478024	0.000683237334163596	0.0147198726929929	0.00375348105097469	0.000103782886202065	0.000570805874111359	2.59457215505163e-05	0.000337294380156712	0.00237835780879733	0.0633767491740612	0.00505941570235068	0.0121685434071922	0.0905332710636016	0	0.0084323595039178	0.0500233511493955	0.0017037690484839	0.00255132928580077	0.0213446802622248	4.32428692508605e-05	3.45942954006884e-05	0.0252970785117534	0	0.00262051787660215	1.72971477003442e-05	0.000415131544808261	2.59457215505163e-05	0.0342310552989812	0.00390915538027779	0.000467022987909294	0.00862262812862159	0.000735128777264629	0	8.64857385017211e-06	0.0238960095480255	0.00233511493954647	1.72971477003442e-05	8.64857385017211e-05	0	0.00132323179907633	0.00115890889592306	0.000259457215505163	0.037085084669538	0.00044972584020895
np1123	0	0.0118336429898528	0.000686008289266829	0.00811776475632414	0	0	0.000400171502072317	0	0	0	0.482378162069458	0.00137201657853366	0.0096612834071745	0	0.0461912248106331	0.000114334714877805	0	0.000343004144633414	0.0132056595683865	0	0	0.00983278547949121	0.000543089895669573	0.0226668572245248	0.00314420465913963	0.00134343289981421	0.000600257253108475	0.000543089895669573	0	0.00786051164784908	0	0	0.000800343004144633	0.0120908960983279	0.00322995569529799	0	0.00417321709303987	0.000114334714877805	0.000400171502072317	0.00737458910961841	0	0	0	0.0012290981849364	0.00200085751036158	0.00105759611261969	0.000285836787194512	8.57510361583536e-05	0.00022866942975561	0	0.00846076890095755	0	0	0.00877518936687152	0.00620265828212091	0.000771759325425182	0.00114334714877805	0.000257253108475061	0.0155495212233814	0.000600257253108475	0	0.0025153637273117	8.57510361583536e-05	0.00654566242675432	0.00220094326139774	0	0.000114334714877805	0.00022866942975561	0.000971845076461341	0.00520222952694012	2.85836787194512e-05	0.00288695155066457	0.0265542375303702	0.0733457195941118	0	0.00148635129341146	0.026354151779334	0.00191510647420323	0.000343004144633414	0.000828926682864085	0	0	0.0380448763755895	0	0.00957553237101615	2.85836787194512e-05	0.000686008289266829	0	0.0675146491353437	0.00686008289266829	0.00100042875518079	0.00377304559096756	0.0011719308274975	0	0	0.00157210232956982	0.00343004144633414	0	0	0	0	0.000200085751036158	0.000343004144633414	0.0185222238102044	0
np1125	0	0.0037325464927475	0.00768482240441057	0.114815755455425	4.85116898904492e-05	0	0.00221441596205815	0.011782633385745	0.000519360444709515	0	0.141910961073649	0.00200039380077676	0.0178180583338803	0.000562164876965794	0.0355961658643214	0.000208314903647223	0.000753358007710505	0.000282509252891439	0.0115315140498415	0	0.000242558449452246	0.0195245283664973	1.42681440854262e-05	0.0555572994398327	0.0012955474829567	0.000679163658466289	0.000787601553515528	0.01124900479695	0.000273948366440184	0.0400192905308035	0.000898893077381853	0	0.00528777419805896	0.0294779856804906	5.70725763417049e-06	1.1414515268341e-05	0.0117027317788666	0.000473702383636151	0.00040806892084319	0.0593269431072023	0	1.42681440854262e-05	0	0	0.00458863513787308	0.00259965585236466	0.000271094737623098	2.85362881708525e-05	2.85362881708525e-05	2.56826593537672e-05	0.00145820432553056	0.00171503091906823	0.000573579392234135	0.00920580656391701	0.0056872822324509	0.0005222140735266	0.000139827812037177	3.99508034391935e-05	1.42681440854262e-05	0.000944551138455217	0	0.0103929161518245	0.000465141497184895	0.0139114404832906	0.00608679026684283	1.71217729025115e-05	0.00170361640379989	0.000111291523866325	0.000102730637415069	0.00540191935074237	0.00726533896829904	0.00329594128373346	0.00259394859473049	0.101315237521795	0	0.00190907767863003	0.0394057603351302	0.00299345662912242	0.0213109000059926	0.0467167573645026	7.41943492442164e-05	0.000325313685147718	0.0184087594990169	0	0.00331877031427014	9.98770085979836e-05	0.000422337064928616	0.000159803213756774	0.0214478741892127	0.00260821673881592	0.000485116898904492	0.00759065265344676	0.00212880709754559	0	0.000542189475246197	0.0107524733827772	0.0115743184820978	1.99754017195967e-05	0.000239704820635161	3.4243545805023e-05	0.000799016068783869	0.00145249706789639	0.000781894295881357	0.029994492496383	0.00518504356064389
np1126	0.00269951770123078	0.0105909948306307	0.00184109366234568	0.0189681592451892	0.00229289578807468	0.000131775620004292	0.0165397228193959	7.53003542881669e-06	0.000105420496003434	0	0.105819587881161	0.00112197527889369	0.0815653437649424	0.000124245584575475	0.0826647289375497	0.00178085337891515	0.000176955832577192	0.00136293641261582	0.00463473680643667	0	0.00393820852927113	0.00400597884813048	0	0.00697281280708426	0.000304966434867076	0.000707823330308769	0.00045556714344341	0.00793665734197279	0	0.0171534207068444	4.89452302873085e-05	0.000244726151436543	0.00408127920241865	0.156108929492513	0.000173190814862784	0.000297436399438259	1.50600708576334e-05	0.0011257402966081	0.000229666080578909	0.169132125766652	0	2.63551240008584e-05	5.64752657161252e-05	0	0.00186744878634654	0.000960079517174128	9.03604251458003e-05	0.000150600708576334	7.53003542881669e-05	0.000579812728018885	0.0071723587459479	0.00199922440635083	0.000557222621732435	0.00115962545603777	0.00445778097385948	0.00533503010131663	0.00041038693087051	0.00353158661611503	0	0.00107303004860638	0	6.02402834305335e-05	0.000643818029163827	0.00344499120868364	0.00344875622639805	0	0.0011295053143225	0.000308731452581484	0.000143070673147517	0.00501123857787751	0.00265810250637229	0.00224395055778737	0.00386667319269737	0.0178612440371532	0.00330945057096494	0.000331321558867934	0.00467238698358076	0.00124245584575475	0.00385161312183974	0.0362270004480371	0.000146835690861926	0.0257451911311243	0.0334258272685173	0	0.00568141173104219	0.000128010602289884	0.00052333746230276	6.40053011449419e-05	0.00991329164203718	0.0113176432495115	0	0.00124998588118357	0.00034261661201116	0	0.000907369269172411	0.00499241348930547	0.0716671121937629	0.000271081275437401	0.00163401768805322	8.6595407431392e-05	9.7890460574617e-05	0.00143823676690399	0.00243220144350779	0.00259033218751294	2.63551240008584e-05
np1127	0	0.00436625451991156	0.00366382234851811	0.0470070801970003	5.58752863608426e-05	7.98218376583466e-06	0.0008062005603493	0.0113107543961877	9.57862051900159e-05	0	0.232975997573416	0.001013737338261	0.00770280733403044	0.000399109188291733	0.0176246617549629	0.000135697124019189	0.000215518961677536	0.000143679307785024	0.0134419974616656	0	0.000295340799335882	0.00834138203529722	0.000933915500602655	0.0436306164640522	0.000646556885032607	0.000159643675316693	0.000870058030475978	0.00546779587959674	5.58752863608426e-05	0.0138730353850206	0.000782254009051796	7.98218376583466e-05	0.00993781878846415	0.011007431413086	0.00192370628756615	0.000383144820760064	0.011246896926061	7.18396538925119e-05	0.00110952354345102	0.038043087827968	0	6.38574701266773e-05	0	0.000103768388955851	0.00102171952202684	0.001013737338261	5.58752863608426e-05	1.59643675316693e-05	3.99109188291733e-05	0.00878838432618396	0.00371969763487895	0.00110952354345102	0.000175608042848362	0.00732764469703622	0.0159084922453085	0.000367180453228394	0.000574717231140095	0.000646556885032607	1.59643675316693e-05	0.000774271825285962	0	0.00310506948490968	0.000630592517500938	0.020035281252245	0.00324874879269471	3.19287350633386e-05	0.00068646780386178	0.000111750572721685	0.000534806312310922	0.00678485620095946	0.0413157831719602	0.0117178457682453	0.0117737210546061	0.0637696661052531	0	0.00484518554586164	0.133214664868015	0.000989790786963498	0.0121887946104295	0.0285921822492197	6.38574701266773e-05	0	0.0143519664109707	0	0.0064496044827944	0	0.000127714940253355	3.99109188291733e-05	0.0296139017712466	0.0122207233454929	0.000447002290886741	0.012356420469512	0.00126118503500188	0	6.38574701266773e-05	0.02510396794355	0.00261017409142793	1.59643675316693e-05	0.00011973275648752	0	0.00403898498551234	0.000790236192817631	0.000215518961677536	0.0142003049194199	0.000782254009051796
np1128	0	0.00125598289147629	0.000339454835534132	0.00458264027971078	0	0	0	0	0	0	0.540683662038766	0.000712855154621678	0.00186700159543773	3.39454835534132e-05	0.0152754675990359	0.000135781934213653	0	0	0.0181608337010761	0	0	0.0178892698326488	0.00145965579279677	0.00247802029939916	0.00190094707899114	0.000237618384873893	0.000271563868427306	0.00169727417767066	0	0.00794324315149869	0.000475236769747785	0	0.00115414644081605	0.00838453443769306	0	0.00366611222376863	0	0	0.000271563868427306	0.0163277775891918	0	6.78909671068264e-05	0	0.000780746121728504	0.000203672901320479	0.000203672901320479	0	0.000203672901320479	3.39454835534132e-05	0	0.00780746121728504	0.000678909671068264	0	0.00234223836518551	0.0877151295020198	0.000271563868427306	0	0.00142571030924336	0	3.39454835534132e-05	0	6.78909671068264e-05	0.000135781934213653	0.0146983943786279	0.00084863708883533	0	0	0.000373400319087545	0.000577073220408025	0.000882582572388744	0	0.0023082928816321	0.010760718286432	0.0313656268033538	0	0.000169727417767066	0.00566889575342001	0.000305509351980719	0.0595064326691334	0	0	0	0.00560100478631318	0	0.00149360127635018	3.39454835534132e-05	6.78909671068264e-05	0	0.0351335754777827	0.00173121966122407	6.78909671068264e-05	0.00624596897382803	0.000644964187514851	0	3.39454835534132e-05	0.00207067449675821	0.00190094707899114	0	0.000305509351980719	0	6.78909671068264e-05	0.000339454835534132	0.000169727417767066	0.0673817848535252	6.78909671068264e-05
np1129	0.000348480624477279	0.00202118762196822	0	0.00250906049623641	0	0	0.00195149149707276	6.96961248954558e-05	0.00032524858284546	0.00652820369854103	0.208252021187622	0.000116160208159093	0.000209088374686367	0	0.0252067651705232	9.29281665272744e-05	0	0	0.00083635349874547	0.00315955766192733	0.0170755505993867	0.00132422637301366	0.0013706904562773	0.0116624848991729	0.00141715453954093	2.32320416318186e-05	0.000604033082427284	0.000720193290586377	0	0.00557568999163646	0	0.000487872874268191	0.0147755784778366	0.00506458507573646	0	0.00243936437134095	0.000278784499581823	0	9.29281665272744e-05	0.00987361769352291	0.000302016541213642	0	0	0.000371712666109098	0.0158210203512685	0.00146361862280457	0.000278784499581823	0.000116160208159093	0	0.0139159929374593	0.00369389461945916	4.64640832636372e-05	0.000139392249790912	0.000859585540377288	0.00353127032803643	0	0.00083635349874547	0.000534336957531828	0	0.000348480624477279	0	0.000859585540377288	0	0.0344995818232506	0.000929281665272744	0	0	0.000255552457950005	9.29281665272744e-05	0.00264845274602732	2.32320416318186e-05	0	0.0273905770839141	0.491636465012545	0	6.96961248954558e-05	0.0111513799832729	0.000302016541213642	9.29281665272744e-05	0.00116160208159093	0	0	0.00297370132887278	0.00157977883096367	0.00227674007991822	0	0	0	0.0283430907908187	0.0129170151472911	0	0.00281107703745005	0.0012545302481182	0.000255552457950005	0.000557568999163646	4.64640832636372e-05	0.000906049623640926	0	0.000116160208159093	6.96961248954558e-05	4.64640832636372e-05	0.00141715453954093	0	0.00664436390670012	0
np1130	0.0212910986367281	0.0129310344827586	0	0.0115477145148356	0.00984362469927827	0	0.00152365677626303	0.000200481154771451	0	0	0.057457898957498	0.000140336808340016	0.0148556535685646	0.000140336808340016	0.0282678428227747	0.000902165196471532	0	0	0	0	0.00513231756214916	0.0006214915797915	0	0.00228548516439455	0	0.000441058540497193	0.000481154771451484	0.00557337610264635	0	0.046271050521251	0	2.00481154771451e-05	0.0281074578989575	0.0222534081796311	0	0.000140336808340016	0	2.00481154771451e-05	0.00406976744186047	0.00583400160384924	8.01924619085806e-05	6.01443464314354e-05	0	0.00196471531676022	0.000421010425020048	0	8.01924619085806e-05	0.000100240577385726	0	0	0.0190256615878107	0.0103849238171612	0.000180433039294306	0.00246591820368885	0.00819967923015237	0.00541299117882919	0	0.0426623897353649	0	0.0010224538893344	0	0.000421010425020048	0.0196271050521251	0.0116479550922213	0.0142742582197273	4.00962309542903e-05	0	0	0	0.00298716920609463	0.000801924619085806	0.00246591820368885	0.00463111467522053	0.386006415396953	0	0	0	0.00100240577385726	0	0.0314354450681636	0.00140336808340016	4.00962309542903e-05	0.0131515637530072	0	0.00846030473135525	4.00962309542903e-05	0	0.000220529270248597	0.0134322373696872	0.00160384923817161	0	0.00118283881315156	6.01443464314354e-05	0.00178428227746592	0.0131716118684844	0.00136327185244587	0.0121090617481957	0.071551724137931	0.000180433039294306	0	0.0105653568564555	0.000842020850040096	4.00962309542903e-05	0.00104250200481155	0
np1132	0	0.00182729635988774	0.000358563814015708	0.00376492004716493	0	0	8.9640953503927e-05	0	0	0	0.591271729311902	0.000689545796184054	0.000751604917840618	0	0.00846072691917834	0.000227550112740738	0	6.20591216565648e-05	0.00477855236755549	0	0	0.00248236486626259	0.000358563814015708	0.00103431869427608	0.00342014714907291	0.000337877440130186	0.000606800300641967	0.000855036787268226	0	0.00585424380960261	0.000393041103824911	0	0.00104810961019976	0.00977086393192804	5.51636636947243e-05	0.00173765540638381	0	2.75818318473621e-05	0.000241341028664419	0.0106190052612344	0	0	0	0.00230308295925474	0.000117222785351289	0.000137909159236811	6.89545796184054e-06	4.13727477710432e-05	0.000303400150320984	0	0.00257890127772836	0.000682650338222213	0	0.00317880612040849	0.0688994159547106	3.44772898092027e-05	0.00104121415223792	0.00117912331147473	0	0.000117222785351289	0	0.000110327327389449	0.000358563814015708	0.00575081194017501	0.000986050488543197	0.000317191066244665	4.82682057328838e-05	0.000303400150320984	0.000455100225481475	0.000689545796184054	0.000151700075160492	0.0022617102114837	0.00316501520448481	0.00610937575419071	0	0.00012411824331313	0.0036063245140426	0.00038614564586307	0.120311950518194	1.37909159236811e-05	5.51636636947243e-05	0	0.00139977796625363	0	0.00302021058728615	2.75818318473621e-05	0.000179281907007854	0	0.0290712507671197	0.00026202740254994	0.000151700075160492	0.00760569013191011	0.000917095908924791	0	2.06863738855216e-05	0.000303400150320984	0.00319949249429401	2.06863738855216e-05	0.000103431869427608	0	0.0002551319445881	0.000103431869427608	0.00013101370127497	0.0761741241044524	0.000103431869427608
np1133	0.00332418420250076	0.0644251296126868	0.000930161634644709	0.0163159499847515	0.0013418725221104	0	0.00320219579139982	0	0	0	0.192116498932601	0.0021805428484294	0.0273711497407746	0.000304971027752364	0.0196553827386398	0.000701433363830436	4.57456541628545e-05	0.000182982616651418	0.000365965233302836	0	0.00102165294297042	0.000792924672156145	4.57456541628545e-05	0.00565721256480634	0	0.00120463555962184	1.52485513876182e-05	0.00948459896309851	0	0.0201890820372065	0	0	0.00521500457456542	0.0276913693199146	0	0	0	0.000396462336078073	0.0265019823116804	0.140057944495273	0	0	9.14913083257091e-05	0.0011741384568466	0.00262275083867033	0.00105215004574565	9.14913083257091e-05	0.0006709362610552	0	0	0.0119853613906679	0.00541323574260445	0.000228728270814273	0.00222628850259225	0.00355291247331504	0.00449832265934736	0	3.04971027752364e-05	0	0.000304971027752364	0	0	0.000365965233302836	0.00446782555657213	0.00308020738029887	6.09942055504727e-05	0.00102165294297042	0.000213479719426654	0	0.0176425739554742	0.0154315340042696	0.00658737419945105	0.00477279658432449	0.219380908813663	0	0	0	0.00190606892345227	0.0105519975602318	0.0331808478194572	9.14913083257091e-05	0	0.0253125953034462	9.14913083257091e-05	0.0206312900274474	0.000304971027752364	0.000106739859713327	0.000106739859713327	0.00164684354986276	0.00474229948154925	0	0.000884415980481854	3.04971027752364e-05	0	0.0010064043915828	0.0146538578835011	0.00280573345532174	0.000289722476364745	9.14913083257091e-05	0.000198231168039036	9.14913083257091e-05	0.00144861238182373	0.000808173223543763	0.00131137541933516	0
np1134	0	0.0065615350683723	0.00232962064402294	0.055414644905161	0	0	0.000923577415086017	0	0	0	0.454537935597706	0.00430083811204235	0.00406649757388619	0	0.0306986104984561	0.000399757388619321	0.000137847375385973	0.00274316277018086	0.0572066607851787	0	0	0.0205806131451257	0	0.0401273709748566	0.00168173797970887	0.0020401411557124	0.000165416850463167	0.00260531539479488	0	0.0145842523158359	0.000992501102779003	0	0.00712670930745479	0.0186093956771063	0.000110277900308778	0	0.000716806352007058	0.000192986325540362	0.000165416850463167	0.0317600352889281	0	1.37847375385973e-05	0	0.00314292015880018	0.0010062858403176	0.00166795324217027	0.00030326422584914	0.000261910013233348	0	0	0.00161281429201588	0.00154389060432289	0.000385972651080723	0.00363917071018968	0.0108761579179532	0.00045489633877371	0.000192986325540362	4.13542126157918e-05	0.00175066166740185	0.000372187913542126	0	0.000592743714159682	0.000385972651080723	0.00314292015880018	0.00326698279664755	0	0.00221934274371416	0.00015163211292457	0.000330833700926334	0.0080640714600794	0.00015163211292457	0.00184715483017203	0.0101455668284076	0.0196846052051169	0	0.000716806352007058	0.00584472871636524	0.00272937803264226	0.0218488089986767	0.00161281429201588	0	0.000137847375385973	0.0168863034847817	0	0.0107658800176445	0.000110277900308778	0.000923577415086017	4.13542126157918e-05	0.0170930745478606	0.0174790471989413	9.64931627701809e-05	0.00417677547419497	0.000289479488310543	0	0.000220555800617556	0.011262130569034	0.017148213498015	5.51389501543891e-05	0.000510035288928099	6.89236876929863e-05	0.000799514777238641	0.000923577415086017	0.00118548742831936	0.0288376709307455	0.000206771063078959
np1135	0	0.00424386040499785	0.0001723395088324	0.0274881516587678	0.00122791900043085	0.0002585092632486	0.0138948728996122	0.00023696682464455	0	0	0.307862990090478	0.00316673847479535	0.00152951314088755	8.61697544161999e-05	0.0123653597587247	0.00032313657906075	0	0	0.00256355019388195	0	0.00588108573890564	0.00568720379146919	0	0.0037483843171047	0.000926324859974149	8.61697544161999e-05	0.0005170185264972	0.0414476518741922	0.00036622145626885	0.0478888410168031	0	0.00697975010771219	0.0140456699698406	0.0339939681171909	0	0.000883239982766049	0	0.00980180956484274	8.61697544161999e-05	0.106053425247738	6.46273158121499e-05	0	2.154243860405e-05	0	0.000926324859974149	0	0	0	0.00032313657906075	0	0.0101895734597156	0.00523481258078414	0.00010771219302025	0.00260663507109005	0.0140456699698406	0.0315596725549332	0.0015079707022835	0.004739336492891	0	0.00010771219302025	0	2.154243860405e-05	0.000904782421370099	0.0160922016372253	0.0018095648427402	0	0.0003877638948729	2.154243860405e-05	6.46273158121499e-05	0.00857389056441189	0.0290822921154675	0.01553209823352	0.000883239982766049	6.46273158121499e-05	0.001292546316243	0	0.00995260663507109	0.0001292546316243	0.00036622145626885	0.0151658767772512	0.00023696682464455	0	0.0104049978457561	0	0.0209823352003447	6.46273158121499e-05	4.30848772081e-05	0.00028005170185265	0.0593063334769496	0.0424816889271866	0	0.0011632916846187	0.000775527789745799	0.00286514433433865	4.30848772081e-05	0.0035760448082723	0.0114605773373546	2.154243860405e-05	0.0001292546316243	0.0003877638948729	0.00015079707022835	0.00023696682464455	0.000926324859974149	0.0188711762171478	0
