feature	Acidaminococcus	Agathobacter	Akkermansia	Alistipes	Allisonella	Anaeroplasma	Anaerostipes	Asteroleplasma	Bacillus	Bacteroidales_RF16_group	Bacteroides	Barnesiella	Bifidobacterium	Bilophila	Blautia	Butyricicoccus	Butyricimonas	Butyrivibrio	CAG.352	CAG.873	Catenibacterium	Christensenellaceae_R.7_group	Citrobacter	Clostridia_UCG.014	Clostridia_vadinBB60_group	Clostridium_sensu_stricto_1	Colidextribacter	Collinsella	Coprobacter	Coprococcus	Defluviitaleaceae_UCG.011	Desulfovibrio	Dialister	Dorea	Enterobacter	Enterococcus	Erysipelatoclostridiaceae	Erysipelotrichaceae_UCG.003	Escherichia.Shigella	Faecalibacterium	Family_XIII_AD3011_group	Family_XIII_UCG.001	Flavonifractor	Fournierella	Fusicatenibacter	Holdemanella	Incertae_Sedis	Intestinibacter	Intestinimonas	Klebsiella	Lachnoclostridium	Lachnospira	Lachnospiraceae_FCS020_group	Lachnospiraceae_ND3007_group	Lachnospiraceae_NK4A136_group	Lachnospiraceae_UCG.004	Lachnospiraceae_UCG.010	Lactobacillus	Lactococcus	Marvinbryantia	Megasphaera	Methanobrevibacter	Monoglobus	Muribaculaceae	NK4A214_group	Negativibacillus	Odoribacter	Oscillibacter	Oscillospira	Parabacteroides	Paraprevotella	Parasutterella	Phascolarctobacterium	Prevotella	Prevotellaceae_NK3B31_group	RF39	Rikenellaceae_RC9_gut_group	Romboutsia	Roseburia	Ruminococcus	Slackia	Streptococcus	Subdoligranulum	Succinivibrio	Sutterella	Terrisporobacter	Turicibacter	Tyzzerella	UCG.002	UCG.003	UCG.004	UCG.005	UCG.010	Weissella	X.Eubacterium._coprostanoligenes_group	X.Eubacterium._eligens_group	X.Eubacterium._hallii_group	X.Eubacterium._ruminantium_group	X.Eubacterium._siraeum_group	X.Eubacterium._ventriosum_group	X.Eubacterium._xylanophilum_group	X.Ruminococcus._gauvreauii_group	X.Ruminococcus._torques_group	uncultured	vadinBE97
np0002	56	1013	0	5552	7	0	20	0	0	0	18724	761	145	31	892	10	32	0	225	3	0	154	131	332	138	60	51	359	19	1108	0	90	316	767	0	12	0	10	182	673	222	20	0	0	1077	0	115	21	19	1728	509	10	14	24	836	99	159	3	12	7	0	12	3	22	64	220	27	27	15	4004	263	40	453	1406	71	34	16	52	18	690	4	0	225	0	2310	3	9	0	8590	4417	0	60	62	7	5	4	20	0	12	0	5	32	15	1070	0
np0004	0	195	13	639	7	0	38	11	0	0	6616	18	30	8	1016	0	2	24	4999	0	0	323	8	197	2	5	13	40	5	361	0	10	57	394	0	12	234	0	10	1856	0	0	0	78	12	0	2	13	0	18	81	63	6	82	484	35	17	14	12	11	0	40	47	220	172	0	33	8	6	348	2179	111	82	5318	274	0	0	3	450	868	0	0	682	0	58	0	0	4	669	89	0	111	246	1	23	364	93	0	49	0	242	16	11	191	0
np0005	177	3385	28	3987	96	4	1474	37	3	0	52177	91	3487	33	8797	222	0	65	50	0	671	611	0	8532	68	85	184	699	0	2241	0	0	479	4169	0	1160	0	59	17	20120	47	0	6	287	209	304	4	32	4	219	1624	21	16	4611	1246	226	82	260	1247	605	0	49	6	12569	728	12	12	80	151	1483	885	841	2821	34882	0	32	0	210	493	1805	9	12	672	33	3195	13	12	2	3384	2093	0	1212	48	51	39	190	393	180	28	1	31	393	21	441	0
np0006	0	79	0	385	18	1	48	30	16	0	11019	40	102	7	707	12	0	0	10	0	40	65	0	24	2	19	20	41	0	842	0	376	254	340	0	53	0	23	27	442	10	0	36	0	28	0	3	6	1	0	220	248	0	88	971	35	83	80	0	7	0	0	53	184	112	0	15	5	1	146	438	189	49	27	219	0	375	9	20	402	0	0	182	0	618	4	0	7	764	401	2	33	3	0	69	16	142	16	5	4	124	25	2	461	0
np0008	0	1117	1092	13391	52	0	585	3125	84	0	43237	212	23095	100	9239	40	54	14	2747	0	175	3425	479	9662	306	152	506	5243	47	7271	114	0	2137	5821	569	418	3591	103	320	26671	0	32	1	0	1085	610	22	7	2	1826	2000	363	89	2845	1293	204	416	76	7	195	0	3896	265	4396	797	15	175	10	48	814	15979	1109	835	14346	0	800	13184	893	1908	7276	11	19	5700	0	663	6	109	47	11262	917	243	2798	233	0	25	7523	1050	0	38	0	1318	567	120	5368	470
np0009	1037	784	5	99	102	0	9	9	14	0	16909	16	402	3	2362	30	0	1	23	0	0	116	13	4370	27	8	50	937	0	1558	3	10	691	1172	20	18	0	4	248	3902	0	24	0	0	176	0	2	0	0	199	663	160	2	665	6570	64	0	7	0	71	0	10	99	62	286	0	6	1	1	56	135	134	459	21451	647	11	4625	9	123	2625	0	0	2277	0	1113	0	4	0	1800	726	0	262	25	2	2	504	133	0	2	0	486	33	34	63	0
np0011	0	141	0	127	0	0	2816	3	0	0	2731	13	43	6	4778	0	0	3	8118	0	9	457	0	81	0	4	0	203	0	968	0	2	24	493	0	0	20	3	0	685	0	0	0	40	45	0	1	9	0	1	30	5	6	78	250	12	0	30	0	13	0	31	129	91	54	2	5	0	0	111	461	40	49	2493	82	0	0	0	74	491	0	2	413	0	19	0	0	384	312	16	0	30	27	4	11	99	33	0	10	0	60	16	8	64	0
np0012	0	120	1016	6424	2	0	82	324	0	0	14317	158	407	46	1008	19	23	45	621	0	11	996	5	2664	104	15	46	398	9	1430	79	0	548	1087	2	0	397	15	126	3352	0	0	2	0	104	124	10	3	9	89	121	162	18	241	481	43	21	0	0	36	0	348	39	2444	254	0	103	22	20	731	1333	672	376	3178	0	199	4905	119	940	1295	2	22	643	0	847	4	13	14	2803	971	32	406	111	0	24	657	473	0	39	10	106	36	41	863	137
np0013	28	980	3	2012	21	3	8	40	0	0	18765	445	232	49	1124	5	36	0	57	0	0	203	204	317	13	32	41	297	10	497	5	201	816	487	0	148	0	3	80	1032	64	6	0	0	45	0	2	8	7	522	791	4	0	32	4770	59	297	3	0	11	0	74	9	67	106	405	36	18	83	549	30	7	266	4303	545	55	0	27	36	3517	5	0	152	0	890	3	4	4	5928	1324	0	226	33	19	0	292	32	0	4	0	445	116	5	1498	7
np0014	10	3242	81	2478	29	358	134	65	43	14	56570	119	150	21	2735	14	18	19	1417	335	65	483	0	3256	247	56	49	138	48	2177	180	70	514	2357	0	5	123	24	20	4465	0	5	6	155	200	84	27	13	4	1	292	116	25	619	2645	73	41	0	0	33	0	27	20	3881	384	0	122	26	17	1710	2778	245	1054	13633	0	75	1143	76	1469	1457	0	6	920	637	1957	5	12	5	2551	1475	16	405	298	1	129	1654	214	35	87	7	411	270	81	372	0
np0015	167	513	0	709	34	2	194	2	0	0	8642	18	112	0	577	32	0	2	7	0	85	213	0	777	23	6	43	42	2	655	0	0	156	563	0	3	0	78	0	2301	9	11	0	104	73	52	1	6	0	1	575	202	2	58	284	119	58	330	1	14	0	0	112	349	301	5	5	16	11	289	803	165	113	8667	0	7	0	20	0	540	0	0	207	0	1507	2	0	0	4160	1110	0	106	30	436	48	288	323	1443	548	0	294	0	3	274	0
np0017	0	833	0	1304	0	0	1	0	2	0	43454	20	262	0	1783	28	0	0	0	0	0	0	0	0	0	5	4	0	0	37	0	0	6	119	0	155	0	0	6	63	0	0	0	0	14	0	0	0	0	10	225	25	0	0	42	5	0	7	0	0	0	0	7	0	9	0	8	31	0	1141	0	6	3	0	0	0	0	2	26	43	0	31	38	0	0	0	0	0	14	1	2	5	4	0	8	4	122	0	2	0	0	0	2	0	0
np0021	0	914	17	376	0	0	5	0	0	0	36204	70	1014	0	3851	0	0	2	338	0	0	380	170	917	231	50	57	26	0	675	2	0	95	1236	286	0	518	7	20	305	0	6	0	67	366	16	5	11	2	0	874	1	2	630	135	39	96	20	1464	91	0	145	3	587	176	6	17	23	82	344	4	208	2399	17082	0	35	1964	77	8	29	6	4	532	0	412	0	28	4	6351	662	59	202	150	0	0	67	353	0	9	0	3	21	4	1104	0
np0023	35	550	12	1734	26	8	73	0	0	0	30337	96	179	10	603	29	0	255	21	0	29	60	3	404	1	27	20	53	4	368	0	0	96	866	0	130	0	5	4	2298	0	0	0	43	24	11	0	2	1	0	254	64	1	61	647	219	0	123	0	14	0	0	21	1681	73	0	36	15	58	1405	3420	291	318	2639	0	0	0	35	413	521	0	3	168	11	1249	3	0	1	174	428	0	64	0	0	23	623	47	96	28	1	236	28	11	196	0
np0025	3	32	0	468	0	0	0	19	0	0	4453	1	1	0	116	2	0	0	0	0	0	32	14	16	1	6	12	14	0	218	26	1	2322	70	2	21	0	0	7	276	8	19	0	0	0	1	2	7	4	42	111	0	1	6	54	22	27	5	2	3	0	7	0	300	41	0	3	0	5	40	237	0	203	1137	0	0	0	8	3670	5	0	0	35	22111	19	3	0	0	1728	586	0	23	0	0	0	8	86	0	0	0	11	0	1	115	0
np0026	7	99	1	32	0	0	2	12	0	28	4198	0	6	0	278	4	0	0	11	28	0	30	0	383	29	1	14	0	0	503	0	5	383	235	0	1	0	0	1	1619	2	3	0	5	7	2	0	0	0	71	83	0	1	21	122	13	0	34	0	14	0	5	0	119	69	1	0	5	15	14	7077	6	208	3583	0	1	375	0	4	27	0	0	121	91	54	1	0	0	624	406	0	140	27	24	3	1	12	0	0	0	0	65	0	102	0
np0027	643	185	9	118	25	0	11	0	5	0	12691	10	263	0	1561	9	0	5	42	0	7	153	0	1718	26	0	14	195	0	646	6	0	151	395	5	34	2	4	337	1602	0	10	0	0	187	0	0	0	1	451	320	135	8	147	876	84	1	8	3	49	0	2	31	98	76	0	3	2	10	100	115	56	312	14953	159	17	1779	8	165	2820	0	0	1383	0	727	2	3	0	2040	326	0	99	48	0	1	279	34	0	12	0	307	43	14	21	0
np0029	15	335	29	1988	23	0	450	434	73	0	79317	571	246	21	19427	17	0	8	57671	0	247	3691	18	443	0	35	383	136	295	1705	0	15	141	1790	0	18	42	30	503	31885	0	4	5	129	970	0	14	58	7	932	3253	43	93	608	555	219	4	103	6	71	0	59	319	10322	912	5	11	138	0	1039	15200	124	363	29093	83	3	0	22	79	3755	0	0	3493	0	819	0	6	187	2340	132	0	103	237	4	7	322	96	0	78	0	2216	744	36	1115	0
np0031	1	53	0	16	3	0	0	1	0	0	513	0	20	0	111	0	0	0	0	0	0	7	0	48	1	0	6	12	0	50	0	0	6	58	0	11	0	0	0	63	0	0	0	7	2	0	0	0	0	0	5	0	0	19	8	0	0	12	0	1	0	1	0	50	12	0	0	0	4	2	206	4	8	632	0	0	0	0	4	43	0	0	42	0	21	0	0	0	73	35	0	13	2	0	0	3	3	1	0	0	9	0	0	8	0
np0032	79	4148	36	2791	83	13	191	11	0	0	44174	256	430	38	1020	47	2	619	46	0	47	60	3	1265	0	42	47	292	3	1188	0	0	297	1204	0	223	0	14	13	14928	0	0	13	149	62	19	5	24	1	0	945	103	4	142	1136	644	0	252	0	17	0	64	33	2891	249	3	119	20	79	2503	5231	595	515	4391	1	3	0	88	2080	1004	3	19	449	0	1614	10	7	1	344	423	2	117	8	0	55	314	94	573	11	39	61	45	13	414	0
np0033	69	1440	4	75	39	0	14	0	0	0	800	5	29	0	1073	0	0	0	761	0	23	96	0	250	2	6	11	105	4	235	0	1	451	527	0	0	1	0	139	1253	0	2	0	15	20	0	0	9	0	54	535	12	4	233	272	307	0	5	0	17	0	5	2	39	156	0	0	4	0	88	165	66	45	28091	234	0	0	3	170	2542	0	1	133	0	262	0	0	0	215	194	0	24	45	0	4	9	126	0	14	0	11	9	0	84	0
np0036	2	18	3	151	1	1	10	0	0	0	1945	10	71	0	76	6	0	2	3	0	0	6	0	12	0	7	2	8	0	35	0	1	8	180	0	18	0	1	23	349	0	0	19	0	0	0	0	3	0	0	44	100	2	8	19	13	0	18	0	0	0	0	0	16	19	4	6	0	1	50	81	15	54	59	0	0	0	5	18	98	0	0	26	0	376	1	3	1	25	21	0	11	0	0	2	24	12	24	3	0	1	2	0	37	0
np0039	0	973	326	7835	0	0	68	0	14	0	86287	818	331	12	3851	47	6	1236	24118	0	0	2990	222	2230	193	187	86	1155	0	1518	173	0	856	3365	2	39	5	22	33	4664	0	14	0	608	118	170	28	34	6	0	332	173	29	296	3752	84	48	2	0	46	0	19	109	646	608	2	158	29	88	994	12	494	2640	4185	0	26	117	292	10377	59	0	14	2071	0	1241	12	56	1	3132	1891	0	998	18	0	34	1959	1979	7	91	18	170	120	147	3063	18
np0041	0	577	74	374	44	0	80	374	36	0	2795	8	5505	5	1561	0	0	0	137	0	24	382	281	1288	29	8	107	762	0	995	13	0	124	737	18	26	254	5	19	5040	0	3	0	0	117	52	0	0	3	71	248	88	8	610	219	21	56	179	0	30	0	498	32	456	137	5	2	4	14	71	2454	208	303	8218	0	116	3527	46	72	869	0	0	1339	0	58	1	5	0	1265	239	20	83	10	0	1	1031	276	0	0	0	200	121	0	338	7
np0042	1035	22622	391	42037	681	810	633	875	85	0	665313	1443	5182	362	30959	359	4	1185	452	1	620	4551	56	85350	659	550	953	4720	57	12405	0	45	4242	18778	0	537	0	74	837	69960	477	6	35	1694	1781	196	48	234	10	7938	8118	1126	135	6810	8448	748	187	25	817	1005	0	151	1001	62911	5945	199	465	710	1098	23442	130271	4571	15344	88278	0	422	1	1127	10303	27485	96	99	7243	108	19675	104	36	147	32924	10097	0	6090	768	412	160	2180	4330	1629	673	28	5991	1422	186	12721	0
np0048	904	572	0	177	173	0	393	0	45	0	1426	10	2226	0	1724	33	0	0	33	8	1069	39	130	618	0	38	3	158	4	174	0	12	331	192	0	622	0	0	181	1913	0	0	0	21	438	85	6	14	0	529	107	7	12	59	146	11	0	568	1	7	1928	16	2	131	42	0	6	2	0	38	24	38	150	13378	0	3	51	53	42	176	13	0	577	117	204	3	0	0	395	126	0	42	0	40	16	11	100	2	5	0	1	104	23	59	0
np0050	0	450	123	1008	57	0	180	178	27	0	7325	39	11304	17	2211	7	3	0	325	0	49	618	582	1615	163	30	83	1605	0	1862	20	0	881	1518	59	275	1107	15	49	7521	0	9	0	0	207	133	2	1	0	254	826	121	16	524	239	51	96	73	0	31	0	913	58	1047	193	6	17	2	22	95	6060	275	205	8538	0	151	3646	147	46	2207	0	1	1424	0	200	2	16	0	2410	274	89	248	56	0	0	1911	704	0	4	0	307	174	23	1021	59
np0052	0	173	1024	10768	12	0	113	218	0	0	23961	191	621	89	1172	20	39	65	682	0	30	1270	41	3986	159	27	43	430	19	1762	82	2	825	1603	6	7	287	28	182	3833	0	1	2	0	119	184	28	0	13	85	284	224	17	267	604	71	26	17	0	43	0	319	41	3187	434	2	165	42	47	1268	2205	948	644	3503	0	386	6062	171	1283	1873	1	28	866	0	1110	6	36	21	3799	1055	26	710	170	0	46	618	765	3	51	16	90	70	56	1256	141
np0055	0	520	231	6052	0	0	243	0	0	0	22247	716	487	5	3129	31	13	124	3108	0	7	1753	5	3537	119	173	41	257	0	1175	33	0	577	2402	0	5	121	81	32	3974	0	3	0	187	115	524	20	63	0	0	133	137	24	407	478	91	18	0	0	40	0	33	11	259	323	0	368	10	9	747	19	311	994	1852	0	17	358	236	1043	120	5	27	1632	0	1737	20	111	0	1120	768	3	268	27	0	13	478	3643	5	25	6	21	104	190	1640	6
np0062	81	2239	0	136	37	0	14	37	63	5	2084	0	121	6	1489	11	0	0	65	143	29	71	61	1210	345	23	13	114	1	1379	13	5	1361	2153	1	242	13	5	952	1841	7	3	0	24	39	12	2	9	0	352	517	11	18	780	262	84	18	3	0	79	32	24	1	1070	270	0	3	0	2	76	250	19	769	29139	0	11	241	16	97	331	0	0	816	320	90	0	4	7	1063	467	1	48	32	0	37	68	159	3	9	0	0	71	13	139	0
np0063	0	7601	533	6912	4	0	401	0	4	0	163794	1612	1197	0	17749	91	1	522	11722	0	7	5067	0	6543	481	455	194	398	0	3250	47	0	5182	4853	832	3	530	68	79	12178	0	44	3	648	523	804	46	67	8	0	2045	164	52	2727	1825	121	76	10	2307	156	0	98	81	1605	1427	2	470	54	173	2222	62	720	4570	9864	0	83	7729	599	5287	548	30	38	13260	0	4395	33	161	8	10391	10269	436	1221	80	0	16	720	7027	0	231	0	1128	177	177	6109	14
np0064	1048	300	3	37	29	0	868	0	14	0	146	0	1669	0	536	25	0	0	22	6	785	6	0	8	0	23	0	286	0	34	0	0	255	325	0	0	0	0	11	577	0	5	0	0	13	12	0	3	0	308	26	11	3	5	5	114	2	6	0	0	196	10	1	23	10	0	2	0	0	10	0	52	77	11395	0	0	0	17	0	126	9	0	170	45	126	4	0	0	10	8	0	0	1	3	2	9	99	0	0	0	0	78	5	0	0
np0067	0	427	2	196	6	0	12	0	2	0	2155	9	26	1	254	6	0	4	65	0	0	92	0	157	12	12	6	18	3	95	0	0	30	182	0	0	230	0	21	357	0	0	0	0	9	33	2	0	0	0	37	3	3	39	68	15	2	0	7	2	0	3	0	29	38	0	32	8	0	131	39	0	26	145	0	0	0	43	160	262	0	0	52	0	311	0	9	3	213	131	0	29	2	0	2	86	220	0	0	0	0	4	8	21	0
np0071	0	32	10	51	0	0	1086	0	0	0	506	17	29863	6	1218	2	0	0	0	0	0	1	0	0	0	0	1	1198	0	33	0	0	305	4	0	20	0	23	5	46	0	0	9	0	0	0	2	0	3	9	99	85	0	0	9	5	0	20629	0	1	0	0	8	0	16	0	10	37	0	19	0	11	0	2	0	0	0	88	417	37	28	0	38	0	0	0	11	0	15	23	0	3	0	0	10	6	210	0	5	0	3	1	2	2	0
np0076	30	72	0	68	19	0	29	125	3	0	8231	14	12	0	2899	5	0	0	4493	0	21	764	89	152	0	3	122	26	8	486	0	2	79	331	0	16	2	4	65	2977	2	23	0	17	124	0	1	9	3	271	383	2	13	31	1778	151	0	208	35	12	0	33	38	9113	29	0	1	35	0	41	1016	73	57	3307	2	0	0	2	30	204	0	0	701	0	200	0	0	23	893	56	0	0	24	3	0	39	9	0	3	0	176	147	0	218	0
np0080	0	1120	8	2201	222	0	86	0	82	0	112044	154	138	0	670	113	0	0	3	0	0	231	173	4	0	4	346	1393	91	4864	0	0	12	1478	12	87	0	0	866	1520	16	0	50	0	30	40	2	9	0	237	1947	62	0	22	514	22	0	70	0	20	0	0	14	0	25	0	14	175	22	515	639	39	825	42378	0	0	0	3	18955	139	69	14	644	1	3310	0	0	0	3071	3491	3	24	0	0	16	16	167	0	9	0	6	56	146	1119	0
np0081	584	277	9	2128	584	3	291	47	308	0	35724	67	883	22	3177	143	0	0	3	0	277	364	8	382	2	58	167	370	3	1517	0	42	715	1498	6	1156	0	5	13	976	18	30	0	192	152	15	16	23	0	2	840	432	16	444	1148	105	259	2830	53	128	0	36	973	5464	1094	37	17	44	0	1270	3017	1324	573	13672	0	0	0	125	0	3704	125	5	408	21	2886	6	0	67	1996	693	0	324	14	99	716	40	1768	5225	20	0	970	116	10	198	0
np0089	26	1728	3	301	34	0	7	27	0	0	6828	28	239	4	2287	5	0	0	24	0	5	107	0	597	13	8	54	170	0	1484	0	1	217	1152	0	502	0	0	1	2745	11	0	0	64	43	3	1	6	0	0	344	26	11	481	135	55	0	362	1	58	0	19	77	1671	178	0	11	3	27	111	5496	53	223	21183	0	22	0	27	69	1003	7	3	1061	0	189	0	0	0	2777	1128	10	291	36	3	9	50	162	0	0	0	310	76	0	167	0
np0094	22	1456	50	510	0	75	41	10	0	1	9994	25	39	8	581	0	0	24	593	60	0	120	0	1167	8	25	14	58	7	615	12	15	245	594	0	0	5	7	10	1443	1	3	2	35	42	11	10	6	2	280	88	42	8	66	640	40	4	0	0	6	5	16	6	699	86	0	28	0	3	377	457	70	314	9905	0	9	181	23	1131	940	0	0	280	435	447	0	0	0	650	511	2	105	43	0	43	257	87	22	13	7	97	82	24	56	0
np0097	0	44	0	7	19	0	402	0	0	0	55	0	148	0	1472	0	0	0	961	0	2	6	5	1	0	9	0	99	0	1021	0	0	52	75	0	17	0	4	29	72	0	0	0	2	8	0	0	14	0	4	13	10	1	20	11	1	0	30	0	3	0	3	72	4	7	0	0	0	0	2	0	0	1	27603	1	0	0	5	1	31	0	0	37	1	3	0	0	180	17	0	0	1	2	30	2	25	6	3	0	1	5	3	7	7	0
np0100	0	36	27	554	0	0	18	114	3	0	961	11	140	6	217	1	6	1	86	0	7	111	0	236	1	3	4	98	4	225	2	0	49	158	0	1	89	6	8	394	0	0	0	0	32	17	2	0	0	0	7	7	4	91	42	3	0	1	0	11	0	78	4	125	37	0	7	2	0	35	39	20	17	347	0	9	261	21	87	188	1	0	129	0	30	0	5	2	99	16	6	56	10	0	0	51	80	0	0	0	7	8	6	174	34
np0101	138	215	57	1355	29	381	203	4	2	0	17270	114	589	5	1841	24	0	103	3694	0	19	296	0	643	22	19	21	322	3	814	8	2	123	1728	6	2	7	23	11	2533	0	3	0	0	229	18	4	0	2	7	140	167	20	148	752	240	8	0	0	34	0	3	48	269	113	0	54	5	10	395	234	75	701	1724	219	9	613	19	1841	6888	2	1	760	0	1230	0	22	0	605	1195	0	79	43	0	25	273	2170	9	30	3	53	44	54	71	1
np0102	0	411	17	1386	90	0	341	0	15	0	106090	357	330	0	1150	102	0	1	0	0	0	133	0	5	0	4	18	1543	2021	1498	0	0	7	411	0	0	0	3	459	1462	0	0	0	0	34	125	4	4	1	3	637	80	1	0	23	6	0	49	0	0	0	0	13	0	19	0	31	21	0	1051	2884	35	2333	2280	0	2	0	5	939	78	21	4	334	0	3245	1	0	0	92	631	3	13	0	0	22	11	70	0	3	2	5	20	598	386	0
np0104	0	419	22	839	17	0	64	11	0	0	7200	68	20	8	907	7	0	77	2474	0	19	60	7	263	5	10	39	56	15	892	0	4	315	1141	0	8	238	6	8	1616	0	1	3	25	23	0	3	17	0	17	150	57	9	90	827	57	0	4	9	7	0	5	5	98	206	1	70	7	6	743	1604	80	71	9933	197	0	0	8	1189	2860	0	0	228	0	126	0	0	1	423	196	0	40	104	0	39	267	314	7	62	0	56	15	24	166	0
np0108	0	199	877	11941	11	0	126	462	0	0	30052	245	638	80	1684	30	56	35	899	0	28	1404	5	3624	219	30	68	587	21	2582	166	0	901	1877	1	13	568	32	188	4177	2	3	3	1	186	222	33	4	12	26	272	254	20	378	729	119	35	3	2	70	0	231	53	4057	461	0	146	37	44	1402	3432	1087	734	4289	0	355	6309	225	1420	2327	7	17	1211	0	1408	3	21	29	3420	1174	52	737	152	0	39	873	751	0	75	10	110	88	83	1440	168
np0115	6	834	23	543	0	37	66	3	1	0	8512	23	28	8	498	16	0	15	290	35	7	143	1	796	25	18	7	14	4	332	8	18	141	346	1	0	20	10	7	1123	2	2	0	9	51	13	10	6	0	0	79	49	4	66	393	25	3	0	0	13	6	8	6	519	97	0	20	5	0	295	211	53	174	4362	0	0	154	21	686	570	0	0	257	381	334	2	3	0	487	353	5	77	46	0	52	238	196	15	12	0	82	48	25	55	0
np0119	0	111	6	22	0	0	0	0	0	0	2367	12	108	0	405	0	0	0	13	0	0	22	0	58	30	5	2	0	0	64	0	0	8	105	45	0	6	1	2	28	0	0	0	10	26	3	0	0	0	0	59	0	0	66	8	3	3	0	227	0	0	2	0	8	26	0	0	0	5	23	0	10	80	685	0	0	192	14	0	0	0	0	45	0	29	0	0	0	289	38	0	3	0	0	0	0	20	0	3	0	0	7	1	39	0
np0122	13	216	0	82	0	0	6	7	5	69	6950	0	23	3	488	8	0	0	31	99	0	69	18	572	84	10	14	37	3	507	2	9	374	343	0	25	11	0	2	2142	1	2	0	26	25	4	5	2	0	161	88	3	6	69	347	4	10	8	0	23	4	17	0	221	76	4	2	18	24	53	9278	12	476	1928	0	4	538	13	58	84	0	0	304	467	88	0	6	0	1273	567	2	390	77	4	11	18	25	0	1	0	0	94	1	174	0
np0123	29	3493	0	184	211	0	10	6	14	0	1652	11	75	7	1398	0	0	4	465	0	0	146	29	597	3	2	16	289	0	261	0	2	2718	444	0	35	9	2	144	877	0	8	0	6	4	0	0	7	3	633	337	2	3	57	295	92	1	20	0	8	0	30	3	74	88	0	11	4	0	157	157	180	35	29308	942	0	0	0	551	1021	0	0	347	0	30	0	0	0	207	86	0	105	115	6	0	5	79	0	21	0	11	9	6	104	0
np0124	13	891	40	937	16	241	68	33	5	1	13879	53	104	9	660	13	3	27	519	67	31	266	10	741	110	26	12	113	12	498	8	21	213	375	4	1	64	13	4	1166	2	3	4	60	50	17	3	6	3	54	71	46	6	105	550	12	29	0	0	11	0	20	16	1738	60	0	44	8	5	534	512	71	332	4115	0	12	464	29	1225	821	2	0	423	2972	462	2	8	6	582	601	11	46	161	0	42	201	272	36	23	1	103	46	41	120	1
np0125	724	11431	11	992	12	0	230	39	0	2829	41027	146	794	15	5488	10	2	0	23	609	5859	650	281	7580	521	127	205	315	16	2328	3	74	1270	674	0	319	8	841	140	742	63	62	0	48	657	30	6773	25	3	533	1548	4	12	204	1108	101	407	229	0	95	40	609	2	21577	633	74	8	62	417	4741	18	285	10873	73783	0	26	3341	77	93	201	43	0	985	43	1101	10	15	0	14327	5172	99	423	397	72	111	68	308	19	7	0	0	234	3	2091	0
np0126	18	341	83	618	14	0	10071	0	82	0	4640	104	1628	27	4303	3	2	9	2826	0	47	586	9	123	2	54	32	3202	25	805	0	10	122	947	0	58	39	15	35	4562	1	0	2	372	73	0	4	70	1	17	130	68	16	314	262	33	2	276	5	58	0	143	66	170	177	0	31	12	0	968	1061	443	283	9390	632	0	0	38	92	3268	2	0	1111	0	106	1	6	40	463	127	0	48	40	12	55	272	110	0	53	0	47	24	33	93	0
np0128	0	3193	145	3545	0	0	99	0	0	0	51597	346	893	0	6568	34	3	247	7279	0	0	2163	86	2650	109	151	91	188	0	1459	22	0	726	1986	957	7	210	47	47	3185	0	38	0	264	221	202	33	45	5	0	792	32	28	1119	1339	84	71	14	1311	79	0	260	43	698	514	0	175	21	43	677	28	908	2761	6774	0	46	2718	206	4719	247	11	17	10276	0	1719	10	68	4	4519	3777	10	834	16	0	12	359	1150	0	28	0	303	50	133	3350	3
np0133	64	947	16	3595	23	2	60	0	0	0	22392	781	257	19	642	14	8	0	268	0	0	153	0	164	53	47	40	261	38	304	0	75	323	481	0	0	0	17	33	1660	39	10	0	0	65	0	0	15	4	58	521	91	4	10	690	53	293	0	2	6	0	8	6	220	60	61	25	31	86	732	263	13	691	2112	25	28	0	43	723	1529	0	0	292	0	2092	3	0	0	3114	1911	0	142	185	0	7	161	157	1	20	0	605	66	22	352	0
np0136	15	428	2	270	0	0	4	50	0	229	10363	32	26	0	523	6	3	0	248	269	0	77	0	2240	287	10	35	55	6	430	59	9	285	290	10	0	35	0	3	4971	14	2	0	32	29	6	0	3	1	1	179	21	9	174	275	25	49	16	4	6	0	15	0	1135	190	6	11	18	6	202	130	207	263	13321	0	23	1236	17	23	263	17	0	394	64	2739	0	0	1	3202	1393	0	107	93	0	28	11304	102	0	0	0	0	181	10	546	0
np0137	71	4938	122	1753	32	181	239	36	35	0	31456	96	253	20	3159	47	12	16	953	234	107	368	2	3340	86	103	38	395	23	1755	37	54	614	1847	3	6	47	24	80	3661	0	11	5	100	738	57	22	20	2	7	212	94	21	499	828	116	23	0	2	35	11	39	27	3170	280	2	58	19	21	1232	2217	305	1115	16364	0	25	939	87	1225	2727	7	7	947	838	2203	9	23	8	1079	1301	2	150	131	0	129	346	371	31	29	7	218	293	70	197	0
np0138	17	1621	6	182	7	4	11	20	4	9	6841	15	19	0	394	0	0	28	256	82	0	45	0	3327	59	10	21	34	6	551	6	15	237	284	0	0	76	0	4	1225	0	0	0	25	45	4	2	1	0	604	60	2	1	132	493	5	15	1	1	11	4	21	0	500	101	2	7	7	7	131	700	16	280	12477	0	25	705	14	516	531	1	0	270	8755	205	3	0	0	995	516	3	230	87	1	15	115	27	3	3	0	25	43	0	192	0
np0141	25	62	18	199	35	0	39	6	0	0	1263	8	22	0	581	5	0	0	2	0	28	4	0	20	0	40	84	102	0	199	0	0	2178	337	0	13	0	0	1	1295	0	9	1	0	10	9	0	6	0	0	234	1	1	8	903	65	0	0	0	9	0	10	0	72	51	0	2	8	4	97	531	16	561	10524	0	0	0	17	31	297	7	0	54	16647	217	4	6	0	630	392	0	31	0	9	0	86	61	0	0	1	33	30	2	18	0
np0147	0	647	6	675	8	67	34	8	4	8	13550	48	7	9	594	8	7	1	394	100	0	87	0	692	44	11	8	25	16	414	37	6	124	581	0	0	44	4	6	1234	0	5	2	31	47	11	7	0	6	0	84	19	8	147	559	18	8	0	0	6	0	3	6	1138	82	2	25	0	4	378	650	38	295	3893	0	27	279	14	365	303	1	0	195	157	470	0	0	0	836	449	11	80	66	0	25	289	22	16	19	0	60	75	18	89	0
np0149	0	467	0	7405	187	0	668	0	0	0	160933	24	100	0	9248	87	0	0	0	0	0	2	0	0	0	5	6	515	139	711	0	0	9	1881	0	0	0	51	11	3072	0	0	1	0	1474	0	0	4	0	0	134	46	14	184	1844	1210	0	6	0	13	0	0	24	1	27	0	224	46	20	3426	0	65	1782	1	1	0	0	9	253	1966	0	4	642	0	4506	1	2	0	199	1244	7	3	0	1	17	349	248	0	19	0	9	44	1389	11	0
np0156	115	78	9	582	7	0	102	27	0	284	11930	18	18	0	361	4	0	0	122	654	55	111	10	920	158	12	78	37	8	554	0	290	40	352	0	0	5	62	3	775	32	5	0	69	50	0	23	4	3	0	213	0	16	24	138	5	129	17	0	4	11	10	2	894	153	112	10	26	246	1741	195	159	396	845	0	27	1380	13	15	215	0	0	215	1147	1710	1	1	0	2356	1836	2	127	199	19	35	88	28	1	3	172	0	159	5	991	30
np0159	0	2	5	71	0	0	2	8	0	0	376	1	11	0	43	0	0	0	32	0	0	15	6	53	1	0	1	2	0	25	0	0	14	34	0	0	21	0	1	63	0	0	0	0	0	0	0	0	0	9	6	1	0	8	21	0	3	1	0	0	0	6	3	52	2	0	3	0	1	4	44	11	7	64	0	1	180	2	16	37	0	0	20	0	15	0	0	0	48	32	0	15	0	0	0	43	1	0	0	0	0	1	0	6	0
np0162	0	660	49	724	0	0	23	0	0	0	26132	114	430	0	1798	6	0	72	577	0	0	445	122	513	153	40	15	63	0	464	0	0	84	578	194	0	40	7	4	598	0	19	0	68	85	37	6	10	0	0	1122	14	4	278	348	130	69	22	1072	35	0	96	9	306	127	2	14	19	27	311	3	259	1536	1993	0	68	1192	54	87	35	0	0	1675	0	698	2	14	0	3741	467	13	199	53	0	0	193	157	0	27	0	3	26	10	1206	0
np0164	0	66	19	890	0	0	5	0	0	0	17861	77	37	0	290	0	1	11	1323	0	0	658	9	482	43	17	9	92	0	116	22	0	16	235	10	1	2	1	11	291	0	0	2	49	14	13	0	0	2	0	118	15	0	43	3935	0	16	0	10	4	0	0	13	131	38	1	8	9	16	86	0	38	178	549	0	10	78	18	258	3	0	0	258	0	91	0	4	0	923	312	14	303	9	0	0	164	31	0	6	0	26	6	3	732	0
np0166	0	57	84	739	0	0	19	70	1	0	1848	15	224	0	585	0	2	2	184	0	8	194	0	576	18	8	7	199	0	433	8	0	61	312	0	0	118	6	3	827	0	0	0	0	37	29	4	0	1	0	31	24	11	97	125	15	3	0	2	12	0	257	7	156	63	0	24	2	0	72	116	26	42	1384	0	9	377	68	308	801	2	13	253	0	34	0	10	1	285	46	6	62	7	0	5	192	105	0	5	1	17	21	10	125	14
np0167	301	180	25	740	36	61	73	41	42	0	25856	39	253	0	1767	14	0	31	158	0	11	443	13	1616	66	9	33	295	0	761	19	15	89	437	0	5	0	19	13	3002	0	14	0	0	177	14	2	0	3	4	273	106	16	138	1650	178	0	1	0	39	0	3	52	281	72	0	17	3	19	268	692	97	591	6266	380	19	1153	10	139	5535	2	1	852	0	922	1	4	0	2566	757	0	142	77	0	2	357	264	3	33	0	806	68	25	71	0
np0168	103	981	14	1144	11	33	16	117	0	145	30083	35	80	15	838	11	10	1	641	726	18	142	6	2078	449	44	40	132	21	413	999	71	354	425	0	7	69	7	57	7307	12	4	0	25	259	10	3	5	8	17	89	143	4	240	968	67	149	1	0	13	8	23	8	5714	150	14	30	41	23	583	708	383	865	24824	3	176	2427	37	200	718	3	0	706	484	5302	5	6	6	3469	1531	6	171	463	0	312	7494	127	19	26	0	6	241	18	865	0
np0169	9	671	1	533	5	0	1010	11	0	0	9276	45	59	8	4045	5	0	19	32145	0	46	1549	0	202	8	16	16	133	7	1979	0	10	48	2618	0	7	148	24	9	2041	0	0	2	61	218	0	7	27	0	7	76	48	22	224	692	29	22	773	11	24	0	50	411	444	178	6	18	10	2	373	1124	72	95	8761	403	0	0	9	214	860	0	3	3675	0	45	0	0	787	825	45	0	123	159	20	20	247	79	1	43	0	112	24	19	244	0
np0170	11260	558	143	1623	224	5	807	205	0	0	86071	102	1488	26	2419	105	11	3	79	1714	1989	515	33	810	607	60	399	595	29	5348	2	802	720	2123	2	5	20	126	37	3598	398	56	10	614	217	66	207	13	36	30	2708	99	159	193	283	257	68	713	2	171	3135	33	19	900	450	39	60	224	688	30428	1039	1820	573	4621	4	107	5718	89	202	194	14	0	521	51	6898	12	10	11	8865	11755	3	300	471	12	279	114	532	104	46	604	4	380	44	5799	196
np0171	98	8491	4	2061	43	0	204	49	2	3142	49501	197	180	8	1385	4	1	0	50	581	2407	228	483	1040	311	28	56	93	14	694	0	346	205	319	2	166	1	189	108	243	48	4	1	82	177	14	232	6	15	448	581	0	21	32	205	11	111	68	0	20	33	60	0	28169	131	188	8	22	92	9288	23	36	2188	2545	0	64	1390	34	14	126	6	0	91	30	484	3	4	0	5021	2259	90	191	405	158	58	30	44	6	3	3	0	59	1	1486	1
np0176	0	4161	0	175	0	0	0	2	0	0	4569	68	6309	0	17703	21	0	0	0	2	0	4	4	0	0	5	8	446	0	73	0	0	18	17	0	43	0	0	6	181	0	0	0	0	1214	0	0	0	0	30	36	53	0	3	28	4	0	2222	23	0	0	0	17	0	31	0	21	9	0	96	0	42	4	0	3	7	0	7	26	120	0	21	109	0	0	0	0	0	28	5	7	6	0	425	22	203	14	0	10	0	3	0	0	1	0
np0177	27	70	20	295	45	0	26	5	0	0	1097	11	22	2	395	10	1	0	0	0	26	10	0	19	0	23	73	154	0	222	2	0	1333	310	0	15	0	0	0	835	0	18	0	5	8	0	1	10	0	3	266	0	0	9	1214	41	0	21	0	4	0	23	0	47	22	0	2	5	0	76	358	12	356	8280	0	0	0	12	4	363	17	0	31	14253	151	1	3	0	496	383	0	34	0	10	0	56	52	0	0	0	37	27	2	21	0
np0179	12	1407	27	526	5	107	40	0	1	0	14515	27	48	5	764	7	4	25	542	48	13	136	0	1325	30	9	11	68	10	539	18	13	116	365	5	0	22	7	11	1298	1	2	0	49	70	12	6	4	1	4	96	21	9	102	755	12	5	0	0	9	11	12	5	898	128	0	20	9	4	466	750	63	280	5611	0	0	155	19	1071	986	2	0	266	939	301	0	5	0	887	547	5	109	81	0	56	306	113	8	23	3	87	57	35	60	0
np0181	0	261	9	798	128	0	268	7	0	0	12763	138	116	10	623	39	0	0	68	0	625	368	0	128	11	6	20	3572	10	2217	0	608	388	2087	0	28	0	1157	15	4502	2	0	8	0	43	0	1	4	5	0	665	400	6	158	1030	1667	143	372	0	0	0	0	59	435	119	0	11	2	5	271	1541	1426	45	14	107	0	669	9	12	507	24	0	554	0	331	0	0	9	2759	1315	0	55	20	147	45	166	688	9	9	8	6	11	79	1122	0
np0182	13	297	0	214	9	0	8	18	0	0	5122	15	78	0	299	3	0	21	6	0	3	21	0	478	2	7	10	18	0	115	0	0	18	180	0	33	0	0	6	489	5	0	8	21	8	0	0	3	0	0	55	82	0	30	73	7	0	45	0	7	0	1	11	465	55	0	4	7	2	116	1367	32	94	1656	0	0	0	10	93	214	0	5	107	118	419	1	0	0	125	101	0	68	3	0	7	27	14	9	7	2	54	6	0	44	0
np0191	0	84	32	489	0	0	6	0	0	0	32032	46	47	3	436	4	0	17	719	0	0	465	65	88	127	24	7	68	0	215	44	0	26	316	4	72	1	1	12	697	0	17	0	53	12	7	2	2	3	0	358	24	4	64	2000	28	6	35	0	12	0	7	6	785	47	1	10	23	25	110	8	96	430	1432	0	29	231	22	3826	3	0	0	221	0	138	0	6	0	1513	293	15	564	39	0	2	148	33	0	11	0	41	3	8	2767	2
np0192	0	99	316	3578	0	0	34	125	4	0	5235	89	407	24	757	5	35	10	355	0	11	441	0	1752	47	23	15	286	10	910	35	0	120	757	7	0	194	10	15	1393	0	2	0	0	105	88	7	0	0	0	147	69	13	229	177	31	12	0	1	37	0	304	10	483	192	2	77	5	4	214	268	102	106	2464	0	100	1296	105	891	2221	0	10	476	0	132	8	15	0	737	129	8	199	49	0	17	510	201	1	17	0	54	21	33	722	165
np0196	57	708	12	8939	29	0	21	0	0	0	44630	1461	125	85	1024	24	86	0	293	0	0	339	4961	1650	18	114	32	471	43	1010	0	393	1273	1578	0	523	0	0	229	481	667	97	2	0	33	0	4	17	71	5489	1875	11	0	37	725	185	434	5	1	5	0	64	0	2	183	1430	135	67	58	1526	282	38	819	4887	872	60	9	93	0	1296	18	0	265	0	3396	0	13	2	28827	6994	0	162	111	11	8	16	20	0	27	0	0	165	9	3129	65
np0197	0	238	156	1155	2	0	81	905	27	0	7323	29	2548	24	1691	4	14	2	417	0	23	563	44	2391	33	18	75	645	5	996	20	0	160	739	5	1	287	19	19	3467	0	4	0	0	165	69	5	0	0	34	177	64	13	730	229	15	53	93	0	38	0	460	31	722	148	2	21	1	3	109	2683	165	175	3449	0	105	2507	100	291	1225	4	4	947	0	104	3	8	6	1309	179	21	246	30	0	0	956	126	0	3	0	181	80	15	778	49
np0204	20	444	15	318	20	0	11	28	0	0	3037	17	25	8	601	2	0	13	3320	0	16	158	1	1333	6	0	32	175	3	550	0	8	201	473	0	3	70	3	27	1079	0	3	0	39	16	0	1	3	1	33	200	18	0	174	853	36	4	8	2	8	0	10	6	127	22	2	23	9	6	256	1349	120	35	12360	800	0	0	0	684	865	1	0	191	0	229	0	1	0	810	340	0	105	426	2	15	72	127	0	18	0	45	8	10	228	0
np0208	0	30	26	307	0	0	3	85	0	0	1798	14	32	4	225	1	0	0	145	0	3	96	3	367	5	2	9	36	0	120	5	0	66	111	3	2	114	0	9	392	0	0	0	0	13	0	0	0	0	37	36	9	0	75	199	0	4	4	0	7	0	47	5	154	21	1	4	0	0	38	312	54	76	497	0	33	1178	13	92	212	0	0	116	0	31	0	0	1	294	128	5	111	5	0	0	298	8	0	1	0	25	10	0	98	0
np0210	16	810	42	437	5	19	18	52	18	126	5896	25	137	9	1019	9	4	0	268	148	15	185	14	748	391	30	29	98	0	822	17	32	460	982	30	9	124	6	15	1733	26	3	3	18	25	8	6	13	3	2	112	21	7	444	260	23	52	1	2	59	6	32	12	803	200	0	13	18	5	257	266	50	494	12995	0	7	748	37	306	442	5	0	381	1695	210	5	6	7	1105	333	2	190	216	0	86	74	203	9	23	2	8	60	13	267	1
np0211	19	112	0	89	12	0	0	13	0	8	4499	2	12	0	373	0	0	0	52	71	0	47	0	724	107	7	12	45	0	294	0	9	109	217	0	0	4	0	0	9146	0	6	0	0	6	4	0	0	0	0	170	1318	0	18	70	17	5	18	0	0	0	5	0	309	83	0	6	14	3	78	10	32	140	8743	0	0	1434	14	7	36	0	0	740	41	585	0	0	53	1519	800	0	34	32	0	3	1492	171	0	0	0	0	99	0	387	0
np0213	0	7	35	337	0	0	10	29	0	0	827	11	30	1	75	2	0	4	50	0	0	39	0	142	0	0	0	32	1	138	1	0	42	91	0	0	16	1	9	193	0	0	0	0	8	13	0	0	0	8	11	7	1	12	29	5	0	0	0	2	0	14	2	64	15	0	3	0	3	66	46	35	17	271	0	6	367	12	51	138	0	3	45	0	50	0	0	0	100	47	0	26	4	0	0	39	42	0	0	0	1	3	2	19	2
np0223	0	137	34	500	3	0	204	115	4	0	2054	12	399	8	699	4	4	3	307	0	56	129	90	632	3	9	16	300	3	347	4	2	158	336	0	21	134	30	24	1548	0	3	0	0	56	111	2	0	0	9	95	48	4	321	77	14	32	27	0	16	0	105	10	157	48	0	26	0	4	34	381	81	70	1990	0	21	880	47	150	466	2	4	475	0	46	0	8	1	311	61	9	107	9	0	1	511	124	0	0	0	190	32	8	243	8
np0225	31	3129	6	2016	39	7	55	3	0	0	32320	101	137	12	594	17	0	266	23	0	15	65	0	931	3	23	45	118	4	673	0	0	227	866	0	81	0	3	16	15550	0	0	0	117	45	16	1	17	0	2	258	14	9	119	1024	145	0	85	0	24	0	23	27	1222	291	3	42	32	75	1318	2134	187	537	3418	0	5	2	36	1362	592	0	0	201	15	1024	6	0	0	381	307	1	151	6	5	24	93	62	369	14	12	83	49	10	146	0
np0228	30	1859	12	3449	6	68	33	3	0	0	14811	322	110	6	712	24	0	0	210	0	0	113	0	101	0	57	30	209	32	277	0	12	41	562	0	0	0	5	15	1483	0	13	7	0	31	0	4	14	1	8	119	143	5	59	229	43	12	0	0	8	0	8	24	0	88	2	25	15	19	710	440	10	627	2394	58	9	0	30	791	2295	2	0	407	0	1291	0	4	2	411	738	0	20	6	0	59	76	128	0	3	4	40	18	44	121	0
np0230	0	138	54	1155	0	0	0	0	6	0	25374	131	46	0	708	3	0	104	4354	0	0	1082	15	474	86	27	17	218	0	282	102	0	54	492	19	27	0	5	27	1303	0	3	0	56	9	10	2	5	5	0	312	36	7	87	3204	14	14	0	0	17	0	12	44	278	88	0	18	23	27	147	5	102	498	1635	0	18	222	36	4598	5	4	8	439	0	200	0	0	0	1863	552	18	897	21	0	2	468	88	0	30	0	131	23	16	2299	11
np0232	225	4102	195	13977	185	64	231	9	0	0	186558	545	1325	103	4185	121	7	1913	188	0	157	500	8	4707	4	189	193	499	24	2803	0	10	741	5709	0	970	0	22	69	23562	4	2	29	366	181	61	12	53	19	8	2139	458	20	644	3879	596	22	1190	0	130	0	23	106	13003	981	13	196	178	595	8128	13230	2947	3443	11963	0	4	0	397	2739	6319	6	33	1556	34	8505	46	20	14	1566	2952	0	615	26	28	116	4535	218	865	181	13	1806	173	77	2089	0
np0233	0	283	23	155	6	0	5	21	2	0	8895	5	197	3	582	0	0	5	93	0	0	177	229	1398	93	5	30	106	0	477	27	0	378	567	9	94	1431	0	35	1271	0	4	0	0	41	4	0	0	0	351	319	73	3	238	411	8	32	58	0	24	0	168	26	580	81	7	0	9	12	27	775	216	596	3867	0	137	7649	22	269	595	0	0	428	0	96	0	0	0	1060	454	18	287	8	0	0	101	17	0	0	0	29	40	2	504	1
np0234	5	1034	0	1064	8	0	4	39	0	0	8742	51	55	0	693	4	0	0	45	0	2	88	3	285	4	9	17	219	10	367	0	12	458	513	0	2	0	1	7	1565	13	8	0	0	20	0	4	5	0	43	135	38	0	33	2079	48	13	0	1	6	0	126	27	9	38	2	0	9	15	109	20	3	237	1636	1301	59	6	15	183	6706	5	0	155	0	215	0	4	0	997	243	0	65	14	62	0	38	22	0	0	0	4	44	12	225	0
np0236	58	861	11	457	8	30	16	16	0	13	9230	26	72	0	578	5	5	4	589	184	10	79	0	1049	127	30	18	102	14	268	14	6	346	278	0	9	27	4	43	6696	3	3	0	23	156	17	4	5	1	3	63	76	7	242	373	33	66	6	0	17	10	16	5	1166	92	0	16	7	9	269	249	101	648	23268	0	33	724	31	156	692	5	2	842	167	1597	0	9	14	1238	786	2	73	180	0	46	1433	190	5	10	0	4	125	6	227	0
np0237	636	180	0	1368	281	0	38	31	114	0	27582	27	375	16	1320	54	0	0	1	0	92	320	3	277	1	19	187	158	0	1025	0	62	465	447	2	822	0	4	12	985	53	26	0	39	43	5	0	11	0	1	2739	377	3	193	957	152	367	2542	15	60	0	31	351	1747	652	135	0	27	0	866	1078	444	500	9015	0	2	0	46	0	1712	31	4	153	0	1398	2	0	36	2261	864	0	167	26	17	597	130	528	2768	41	0	486	41	1	858	0
np0238	0	9909	1	402	218	0	3368	0	0	0	10469	89	5743	0	9134	22	0	0	0	1	0	5	0	4	0	0	7	7680	0	1196	0	0	18	1587	0	5	0	0	12	1220	0	0	0	0	4096	0	0	2	0	0	73	88	7	157	447	78	0	5850	0	0	0	0	41	0	52	0	33	54	0	159	0	63	167	2	0	4	0	6	55	2105	0	7	1365	0	4	0	0	0	265	985	4	4	0	625	17	23	539	0	31	0	13	80	152	145	0
np0240	0	750	127	537	24	0	11	272	15	0	6681	32	544	3	1296	0	4	0	316	0	16	190	159	2079	11	14	55	390	2	701	14	0	439	564	73	43	137	2	38	4439	0	0	0	0	83	23	0	0	0	1168	290	36	10	369	677	17	0	106	0	21	0	397	48	577	132	0	18	8	0	237	792	730	885	11726	0	172	12324	43	488	1447	0	0	906	0	155	2	5	1	2219	1199	15	583	16	0	3	818	25	0	4	0	91	75	15	156	5
np0242	0	1085	69	420	0	0	11	0	0	0	16488	132	302	2	1831	9	1	30	408	0	0	249	0	898	195	41	9	60	0	273	0	0	76	506	182	0	36	5	7	709	0	5	0	103	114	64	3	4	0	0	611	17	0	300	182	21	25	0	937	26	0	40	3	168	126	0	25	7	40	243	8	108	698	3987	0	29	1545	48	20	31	2	6	1007	0	398	3	18	0	1778	1173	72	76	32	0	1	73	203	3	19	0	7	18	4	338	0
np0244	0	81	0	14	4	0	12	0	0	0	315	0	44	0	459	0	0	0	330	0	0	0	0	95	0	1	7	0	0	61	0	0	21	94	0	0	0	0	0	367	0	0	0	64	10	12	0	3	0	0	18	0	2	228	440	0	0	0	34	7	0	0	4	16	15	0	0	0	2	5	0	8	29	1786	0	0	113	19	28	0	0	0	603	0	13	0	0	0	123	53	0	5	0	0	0	15	32	0	0	0	0	5	2	88	0
np0245	723	1449	11	1559	911	0	269	53	1	0	30869	65	1493	33	2584	132	0	0	1	0	456	344	0	558	0	74	402	938	0	3210	0	3	1529	1447	0	33	0	14	1562	4850	22	238	1	343	298	71	8	33	0	23	2380	928	17	485	726	525	344	5787	5	89	0	41	1170	2885	595	35	11	59	2	1360	883	667	691	21204	0	13	0	161	27	4797	105	10	1102	0	2185	12	7	89	4075	2518	0	100	4	234	747	1985	2388	1918	39	0	493	74	18	148	0
np0250	77	48	0	162	66	0	166	24	40	0	4593	17	24	0	3069	3	0	0	6270	0	0	1047	55	304	0	6	78	61	0	1019	0	0	202	292	0	161	67	5	86	5353	0	21	0	124	11	7	0	11	0	302	702	13	11	39	1173	61	8	1	6	8	0	83	67	858	49	0	5	97	1	117	226	27	72	12771	11	0	0	3	128	233	0	0	2119	0	228	0	0	55	945	23	0	18	55	3	6	332	22	0	9	0	680	39	4	240	0
np0253	0	27	0	4807	0	0	38	0	2	0	15659	113	6	10	518	0	5	0	0	0	0	0	14	0	0	0	2	13	12	8	0	0	1976	97	0	16	0	1	5	32	0	1	95	0	5	0	0	0	0	18	356	59	0	0	3	0	0	186	0	0	0	0	23	0	68	0	48	224	21	171	71	12	0	0	0	0	0	7	1869	28	0	0	19	0	0	0	0	0	24	493	2	322	0	0	5	0	32	0	0	0	144	0	0	5866	0
np0255	0	489	28	231	68	0	3	3	11	0	1466	10	163	5	576	0	0	0	81	0	0	44	255	790	5	0	13	127	1	345	0	0	218	402	16	26	90	0	8	1669	0	2	1	0	39	8	2	0	0	323	230	74	2	126	129	6	6	84	0	7	0	182	27	170	36	2	5	5	0	45	97	265	270	5569	0	20	4474	14	76	623	2	0	432	0	28	0	3	5	526	680	0	85	4	0	0	111	12	0	0	0	25	38	0	19	3
np0259	24	183	24	262	134	0	8623	16	27	0	10890	33	1042	31	21144	283	0	0	37051	0	17	812	148	84	0	73	15	291	11	9811	0	14	9050	1087	0	83	19	7	169	4346	0	31	4	4	96	0	5	130	1	18	2324	32	27	69	54	99	3	1472	48	37	0	198	622	959	61	0	14	64	0	99	1261	60	69	66929	63	0	5	78	179	35	0	0	153	0	178	4	3	852	209	7	0	11	24	1375	32	479	17	0	17	0	73	137	14	282	0
np0260	0	48	122	1324	1	0	35	65	9	0	2611	51	282	9	561	0	10	0	157	0	7	322	4	1356	35	10	8	166	5	515	10	0	113	390	0	0	155	10	12	966	0	0	1	0	24	41	4	0	0	0	43	57	3	112	60	22	4	3	0	10	0	123	8	252	100	0	50	0	1	118	200	75	56	1285	0	36	554	55	269	889	0	5	342	0	79	2	0	5	383	60	8	110	24	0	11	158	140	0	4	0	11	22	15	364	51
np0264	20	1470	12	1627	4	0	69	45	12	59	11236	13	135	8	1833	0	3	3	117	282	2557	336	44	5167	230	30	75	212	5	1133	1	21	1010	458	490	207	85	498	38	528	27	0	0	70	1927	40	2143	12	2	114	197	5	2	75	831	27	92	1	0	137	0	252	0	1476	156	13	4	11	3	6184	67	57	429	12377	0	47	2071	26	43	305	6	0	398	741	752	2	9	0	2334	768	26	312	149	11	33	12	146	1	3	0	0	439	12	1691	0
np0270	53	249	0	129	6	0	1	8	0	21	3939	6	38	0	230	0	0	0	37	175	3	34	0	1179	71	19	21	41	8	224	1	13	201	285	0	0	8	1	12	13755	0	5	0	9	41	0	1	4	0	0	94	1758	1	96	86	39	27	0	0	10	4	11	0	545	134	0	3	8	6	106	59	60	393	11046	0	10	1728	23	193	153	0	1	244	39	518	1	0	35	1303	807	0	36	51	0	36	1072	92	0	0	0	0	124	2	413	0
np0272	20	648	4	141	0	3	0	9	0	59	6087	10	14	0	494	5	0	0	293	135	6	103	0	1751	322	9	21	65	4	262	15	11	439	313	0	0	14	5	0	9278	6	5	0	16	25	8	0	5	0	0	172	98	11	448	212	22	28	0	9	28	0	8	0	661	163	11	11	7	1	104	49	37	635	24087	0	19	1609	23	10	155	5	0	936	49	1322	1	0	18	1835	501	0	130	115	17	34	1416	161	0	0	0	0	206	8	370	0
np0273	32	0	0	0	0	0	0	0	0	0	13	0	0	0	0	0	0	0	0	0	0	0	0	3	0	2	3	0	0	1	0	0	147	8	0	6	0	0	0	10	0	2	0	0	0	0	0	0	0	0	10	0	0	0	14	8	0	0	1	0	0	0	0	13	14	0	0	0	0	1	13	1	15	252	0	0	0	0	1	2	0	0	8	858	9	0	0	0	21	12	0	0	0	0	0	0	0	0	0	0	2	0	0	1	0
np0274	31	3706	24	5100	48	12	79	21	0	0	53274	1128	395	17	3170	39	0	0	289	0	0	798	0	547	32	110	93	745	57	1277	101	242	2359	2291	0	211	0	7	557	3062	21	0	4	0	439	1	18	25	7	767	1214	42	8	89	14759	178	451	71	4	35	0	169	16	262	326	18	28	71	63	1186	388	93	1063	8998	521	505	0	59	342	7887	5	1	578	0	1612	4	0	14	7962	1935	0	724	89	19	2	799	93	0	4	0	2327	299	14	1747	0
np0277	60	5570	146	2308	42	212	188	65	135	1	42283	108	191	30	1917	44	9	36	1203	271	78	357	0	2900	107	79	47	295	43	2168	39	34	516	1914	1	30	59	27	45	3091	0	8	0	66	193	46	14	28	5	7	255	105	18	187	962	94	15	0	1	20	40	60	28	4488	197	4	65	10	22	1856	1628	198	1446	20176	0	15	746	81	1672	1976	4	0	767	459	1458	8	27	0	1428	1773	4	122	129	0	81	516	295	29	31	13	71	188	63	170	0
np0278	0	18	3	212	55	0	35	11	0	0	5154	6	42	3	366	12	0	0	2	0	54	122	0	5	6	2	15	124	1	696	0	421	154	543	0	13	0	22	2	153	2	0	0	0	11	0	0	2	0	0	229	41	0	51	851	16	131	583	0	0	0	2	8	76	72	0	3	2	0	88	46	186	11	2	184	0	203	5	0	183	39	0	134	0	155	0	1	6	335	61	0	58	3	13	53	5	86	0	0	2	13	16	1	562	0
np0282	56	1180	19	8852	42	0	28	0	0	0	44692	1392	130	58	1269	36	74	0	464	1	0	176	1390	662	73	135	64	433	53	1074	0	331	875	1593	0	280	1	3	108	1319	733	95	0	0	38	5	4	25	43	4297	1558	35	8	39	1771	123	179	3	0	8	0	41	9	22	135	455	76	80	37	1453	742	41	1002	5354	459	38	2	79	55	2138	15	0	435	5	3963	4	0	0	16004	7362	0	106	72	12	22	41	61	8	25	2	8	99	25	2587	0
np0283	74	19606	201	2650	53	4	82	98	31	289	49007	95	535	36	4758	33	9	8	1074	979	134	420	21	6049	347	115	87	396	23	2150	29	99	705	2228	0	307	218	32	52	4378	0	4	3	91	705	52	164	27	4	20	542	30	30	1009	888	60	83	28	0	161	61	217	12	7246	898	11	59	20	67	1809	1766	458	2647	31865	0	39	5070	171	793	3044	12	0	1392	1721	2056	11	41	4	4024	2462	37	451	278	23	361	192	174	34	35	5	154	419	66	1448	0
np0286	0	305	9	163	3	0	0	0	0	0	18851	48	669	0	2477	3	1	3	81	0	0	216	21	499	163	27	14	49	0	271	0	0	55	626	55	0	301	12	4	211	0	6	0	37	185	24	9	2	0	0	579	2	1	400	38	7	32	82	1075	25	0	34	0	236	136	2	0	12	44	325	2	97	504	4654	0	70	1061	83	4	10	0	4	1419	0	140	0	18	0	1875	446	104	88	41	0	0	23	145	0	5	0	0	28	11	447	0
np0287	96	741	13	1734	453	0	175	29	0	0	29803	82	690	12	1868	88	0	0	10	0	94	309	0	306	1	47	31	609	5	2933	0	0	648	1361	0	12	0	13	1254	959	24	13	3	332	161	26	3	19	0	14	611	288	12	283	1105	90	64	1026	0	66	0	16	712	2428	522	14	13	54	11	1167	704	506	409	12375	0	10	0	83	53	2104	22	7	537	0	1329	8	4	22	3147	459	0	116	4	77	492	153	1352	4239	2	3	304	73	7	101	0
np0291	0	21	184	5398	0	0	271	0	3	0	48566	447	34	17	679	0	86	0	0	0	0	0	0	0	0	2	0	0	173	44	0	0	164	0	0	0	0	6	97	22	0	0	166	0	3	0	0	0	42	14	532	77	0	0	4	0	0	343	0	0	0	0	31	0	18	0	100	286	31	737	0	9	0	0	0	0	0	30	1330	22	0	0	35	0	0	0	2	0	4	576	1	3	0	0	4	0	186	0	11	0	0	0	0	35	0
np0292	0	2902	2	94	0	0	5	0	0	0	1054	46	26539	0	4783	2	0	0	0	0	0	7	2	2	0	14	3	4845	0	53	0	0	17	205	0	71	0	0	0	89	0	0	2	0	326	0	0	0	0	12	26	22	2	0	16	3	0	3115	46	0	0	0	11	0	22	0	3	5	0	33	0	21	4	0	0	0	0	1	17	54	0	29	69	0	0	0	2	0	22	4	0	5	0	119	6	332	17	0	8	0	2	1	0	0	0
np0294	0	357	85	2625	0	0	51	0	0	0	28063	311	194	5	1255	10	8	279	2426	0	0	1083	0	2187	125	86	13	118	0	816	115	0	284	984	36	0	57	16	20	1500	0	0	0	171	34	90	18	13	0	0	120	93	9	144	695	17	37	0	94	15	0	32	23	193	135	3	129	8	31	394	5	161	832	1149	0	98	364	110	873	61	5	10	1066	0	992	6	42	0	1374	959	4	281	15	0	5	602	368	0	57	2	58	27	84	1793	5
np0295	55	834	4	490	45	2	292	3	0	0	7481	24	118	8	220	40	0	0	2	0	102	105	0	248	6	14	34	150	2	642	0	3	128	389	0	30	0	14	4	2264	0	7	0	141	24	11	0	2	4	2	445	48	1	31	142	80	43	73	0	13	0	31	60	658	247	13	13	12	16	272	527	198	231	6204	0	8	0	5	2	171	0	4	97	0	601	2	0	2	3020	953	0	151	26	27	107	99	92	1121	68	0	0	12	3	324	0
np0297	4	459	0	161	6	0	4	10	0	0	4118	15	70	2	346	4	0	10	4	0	0	25	0	365	3	12	9	28	0	148	0	0	42	210	0	109	0	0	2	429	4	0	1	13	19	4	0	5	0	0	94	45	3	55	74	15	0	92	1	11	0	5	15	550	44	0	5	3	1	74	1857	23	85	3319	0	5	0	15	29	292	0	0	112	297	244	0	0	0	300	152	0	86	5	1	1	20	27	0	2	0	60	6	1	49	0
np0298	1	1250	199	11405	32	401	167	46	0	0	68437	918	481	42	2326	38	0	0	1592	0	23	357	8	915	94	98	28	1621	26	5899	9	91	2012	2888	0	401	0	34	118	33963	3	0	87	0	143	0	14	48	35	0	594	542	12	281	2704	784	13	553	5	6	0	0	88	2002	275	0	250	11	33	1932	2290	570	730	7	29	0	942	134	5130	6138	0	13	1207	0	4608	18	21	35	4365	3239	8	202	140	9	60	1090	566	0	12	28	16	105	162	373	0
np0300	670	303	4	150	201	0	31	6	0	0	12128	8	335	0	2585	14	0	5	3	0	9	97	0	1433	4	0	16	529	0	1180	2	8	245	1156	0	6	0	3	2	2194	2	11	0	0	42	3	0	0	0	0	441	63	4	93	284	24	42	10	0	7	0	0	23	123	49	0	0	3	3	77	3315	30	122	2148	1311	0	1338	1	70	990	6	207	1662	0	520	0	0	0	6474	378	0	31	13	8	0	752	341	2	4	0	3	113	9	164	0
np0301	0	225	8	920	31	4	25	25	10	0	15261	121	74	0	725	27	0	0	89	0	13	69	0	68	5	39	26	50	0	1523	0	258	513	360	0	63	0	6	0	692	9	0	0	0	32	0	3	18	0	0	161	161	4	98	757	58	19	104	0	16	0	0	29	275	121	0	39	4	0	251	998	146	49	3	117	7	543	25	55	866	0	9	389	0	1291	4	5	4	1366	741	7	75	10	3	36	92	177	0	15	5	186	52	7	281	0
np0305	6	10	0	7	0	0	10	0	0	14	227	0	6	0	416	0	0	0	1	0	261	2	39	186	20	8	1	7	0	58	0	0	186	29	0	21	0	0	0	89	0	0	0	1	136	8	7	0	0	110	58	0	3	5	18	1	8	0	0	0	0	9	0	132	18	3	0	0	0	2	1	0	117	7420	0	0	128	6	0	1	0	0	43	14	6	0	0	0	148	100	0	9	7	0	4	0	11	0	0	0	1	30	0	31	0
np0307	1828	631	0	813	20	2	39	5	0	0	68418	11	425	7	644	25	0	0	90	0	34	551	0	2477	87	3	87	616	0	2837	5	204	1153	2200	0	12	0	11	0	4186	18	25	2	0	54	7	0	2	3	0	613	15	0	487	1444	108	150	15	1	212	0	3	24	1065	404	0	5	34	26	149	2661	51	732	2959	1938	47	5069	0	244	1734	14	463	3414	0	1210	2	0	0	9031	1282	0	949	72	5	0	31	442	0	2	2	40	1413	17	6127	11
np0308	108	449	89	595	69	2	1137	0	136	0	2128	37	1688	7	2167	78	0	174	113	0	23	187	0	198	0	104	13	174	0	405	0	4	245	700	2	142	2	52	444	4337	0	0	0	0	134	36	8	13	4	339	138	103	20	64	107	124	38	8175	45	10	0	4	53	49	102	0	37	19	10	214	39	41	150	248	31	11	38	121	194	992	8	11	1647	0	132	9	42	0	527	132	0	63	5	4	32	512	559	40	93	2	13	35	235	80	0
np0310	43	355	0	44	36	0	121	0	0	0	1279	0	3624	0	1615	55	0	0	3	0	56	67	0	95	0	20	28	351	0	552	0	0	162	380	0	454	0	2	0	8227	6	20	0	0	158	104	1	8	0	102	509	0	4	5445	16	59	29	165	873	150	0	33	0	323	25	0	0	2	0	13	6	30	277	31123	0	4	0	52	2	36	0	0	67	0	220	8	0	0	781	1022	0	56	2	28	1	0	375	0	0	0	0	101	0	17	0
np0314	1515	405	19	2281	160	9	76	6	0	0	32374	38	567	19	427	25	4	28	1714	0	39	435	0	853	45	3	87	806	0	1676	18	215	328	1336	1	10	16	29	21	5019	0	9	3	0	81	10	3	0	22	3	539	81	0	102	425	443	249	7	0	42	0	0	19	791	49	0	29	21	22	402	2653	123	1312	1846	979	32	1223	9	164	2049	4	128	815	0	1541	0	5	1	3855	511	0	145	59	0	18	291	278	1	27	0	454	250	10	617	21
np0316	261	44	62	3442	19	24	84	1	0	0	15045	77	102	16	501	11	3	22	77	0	6	286	0	217	29	9	16	58	0	559	37	95	93	2111	6	3	0	18	19	1338	0	0	0	0	44	13	2	0	8	0	169	67	9	36	114	199	57	0	0	9	0	6	16	399	154	0	55	7	12	376	744	75	522	273	192	33	345	9	101	158	4	3	243	0	592	4	5	0	1643	686	0	72	39	0	75	241	166	9	15	3	39	9	24	216	11
np0317	31	590	2	769	7	0	38	0	0	0	5721	151	119	5	239	5	0	0	59	0	0	41	2	21	10	20	8	93	8	154	1	16	69	179	0	30	0	0	4	540	8	5	0	0	22	0	0	4	0	77	167	15	2	9	88	11	80	0	0	7	0	4	2	83	11	14	23	12	24	173	64	5	217	1683	16	5	3	14	101	322	0	0	106	0	526	1	0	3	860	553	0	13	44	3	4	38	42	2	3	0	129	25	4	107	0
np0318	119	3511	14	6324	11	133	49	0	0	0	34850	573	244	12	1555	38	3	0	562	0	0	214	2	146	0	144	40	432	58	441	0	13	81	1437	0	0	1	8	27	3024	4	32	3	0	74	1	13	26	0	3	139	190	14	103	539	282	0	1	2	13	0	15	46	0	218	2	48	13	6	1356	939	11	663	8172	199	19	0	106	1206	9238	5	0	967	0	3100	8	0	6	399	1246	0	13	10	0	28	127	219	2	7	0	21	50	86	212	0
np0320	33	4296	157	2980	42	536	123	97	19	4	47688	98	298	50	2789	59	15	90	2880	232	124	702	0	4740	166	81	41	509	34	3330	54	74	1012	3416	1	0	178	42	27	7269	7	14	0	170	151	80	27	46	0	152	199	105	35	247	2005	149	6	2	8	46	19	154	41	6407	548	3	84	42	19	1587	1772	166	926	17236	0	31	1149	92	4562	4689	14	10	1135	13225	1683	11	41	0	2622	1617	4	481	520	0	228	753	370	58	87	14	188	234	110	305	0
np0321	47	17858	2	373	168	2	13	34	22	8	10701	11	238	4	1437	8	1	0	370	709	42	281	140	9052	518	30	71	1284	0	4089	4	5	4440	1543	40	133	133	2	53	2903	40	33	0	72	88	4	10	14	1	151	598	13	4	266	1771	344	117	82	3	111	6	333	0	2262	455	16	10	12	5	143	249	23	838	69053	0	17	1632	54	878	5890	78	0	5960	99746	174	2	7	0	4521	1052	3	565	188	9	16	62	237	0	4	0	23	251	6	570	0
np0324	33	723	4	55	182	0	4465	0	0	0	821	20	31182	0	4971	0	0	6	1685	0	30	98	0	45	1	53	3	1567	0	655	0	5	79	154	0	311	2	40	3	720	0	0	0	44	235	2	3	226	0	13	243	38	0	246	134	19	0	7114	37	5	0	101	99	28	14	0	6	6	0	39	157	26	59	5480	22	0	0	40	34	255	0	7	613	0	11	6	2	133	121	6	0	9	6	60	21	52	88	0	10	1	76	25	21	57	0
np0326	9	2566	260	6563	52	0	563	11	7	0	57841	518	329	55	9852	56	10	536	7016	0	233	470	93	990	14	72	84	182	137	3257	0	10	2205	5051	0	51	719	70	95	10656	5	3	13	77	672	0	21	110	3	98	458	290	55	1277	1955	489	14	23	27	78	0	23	55	653	1062	5	366	47	38	5966	13478	951	958	93423	900	0	0	53	2594	16915	0	11	1673	0	1520	2	4	8	2221	1924	0	196	464	1	210	1474	1599	47	485	13	256	123	240	890	0
np0327	0	610	42	961	0	0	32	0	0	0	24281	71	198	0	1585	8	0	89	1219	0	0	533	31	365	96	30	21	25	0	472	4	0	71	389	71	0	58	7	17	902	0	7	0	74	65	56	1	9	0	0	357	19	5	210	493	51	58	12	374	26	0	58	18	276	178	0	54	11	53	238	0	100	1002	955	0	47	479	100	691	59	0	13	1863	0	653	6	15	4	1856	1311	24	283	9	0	9	167	328	1	16	0	66	39	24	827	3
np0328	14	571	191	6124	108	0	221	0	4	0	16139	202	92	2	3266	11	14	0	22	0	74	84	0	54	6	148	146	325	3	816	10	0	1861	1168	0	18	0	14	13	5263	3	15	1	19	94	37	2	49	1	305	618	0	6	87	1554	35	1	0	1	19	0	51	8	126	191	0	64	19	23	974	1588	49	1048	19262	0	0	1	90	756	862	5	4	144	32508	739	18	14	0	522	1159	5	76	1	5	6	86	403	0	11	4	133	66	17	137	0
np0329	10	1042	0	815	3	41	21	9	0	2	13417	21	43	6	358	9	7	29	252	85	10	83	0	896	48	14	11	44	10	393	14	29	153	399	0	0	24	0	11	1251	2	4	0	30	35	0	4	7	3	127	86	6	0	48	853	18	8	0	0	10	6	47	6	1258	78	0	15	12	6	385	650	56	421	4216	0	19	336	24	1458	337	0	0	177	993	464	0	6	0	922	549	0	105	75	0	27	146	40	17	22	1	174	39	18	104	0
np0330	0	111	426	6682	5	0	69	223	1	0	15579	138	315	53	809	18	24	42	400	0	5	683	0	2068	70	22	28	300	13	1253	63	0	409	1112	3	0	274	13	116	3274	0	0	0	0	90	76	14	0	6	63	160	209	18	234	360	86	10	1	0	36	0	159	30	1872	235	0	99	20	23	757	1647	436	302	2450	0	210	4409	121	1005	4824	2	6	562	0	726	8	27	10	1691	726	20	267	85	0	23	657	429	2	42	4	41	47	25	724	121
np0332	0	5119	0	2238	0	0	1	0	0	0	145787	27	2476	0	3291	262	0	0	0	0	0	5	0	0	0	11	3	3	0	58	0	0	17	462	1	1633	0	1	8	145	0	3	0	0	39	0	0	6	0	107	655	43	2	0	29	5	0	8	0	0	0	0	14	0	32	0	13	42	1	3637	0	42	4	1	0	0	0	4	64	108	0	106	97	0	2	1	0	0	22	9	2	9	0	0	19	13	960	0	7	2	5	0	2	6	0
np0333	42	2864	58	676	26	37	61	97	96	6	10906	46	254	9	2545	17	0	4	432	235	29	220	24	3025	377	68	32	323	8	2274	14	14	851	3152	3	115	92	15	825	4370	15	0	12	45	65	25	17	16	0	611	179	45	25	969	1026	25	61	3	0	155	20	59	8	1630	380	0	16	22	5	381	657	68	1033	65138	0	15	640	56	1007	1145	6	4	1104	2506	504	3	11	5	1812	771	9	271	200	0	101	187	428	16	35	4	51	171	40	222	0
np0334	0	21	0	297	0	0	552	0	0	0	5511	13	19	0	2906	17	5	0	31	0	1120	35	5	477	50	17	38	13	8	1938	0	20	135	1078	0	53	6	47	294	3936	2	3	0	11	89	0	4	13	0	36	80	18	5	105	9	20	71	1	5	65	0	3	7	36	95	0	152	6	0	62	9	88	69	17341	8	0	0	13	20	26	0	0	91	0	61	0	0	0	993	105	0	69	27	21	46	4	285	0	9	0	3	61	14	161	0
np0336	0	98	212	1348	28	0	43	133	8	0	4470	34	530	14	620	0	6	1	679	0	0	177	0	553	14	3	38	249	2	625	13	0	225	491	3	3	144	5	89	2248	0	0	0	0	40	32	1	0	0	182	158	43	12	212	200	20	11	7	0	17	0	181	25	449	72	0	22	6	7	183	846	388	371	3145	0	85	4451	39	280	575	0	0	637	0	127	0	2	0	872	427	6	143	15	0	3	688	162	0	1	0	268	34	1	288	22
np0338	56	938	17	200	8	16	28	45	0	0	2805	21	79	1	720	5	0	5	299	121	20	85	0	979	55	17	30	160	4	580	6	4	491	420	0	9	13	6	110	8037	1	19	1	34	118	15	7	0	0	10	105	527	4	919	289	21	25	1	0	23	25	25	7	451	117	0	7	6	0	135	191	52	1290	30139	0	25	583	35	147	902	5	0	465	125	473	4	8	17	1243	799	4	52	58	0	40	987	265	3	6	0	4	119	8	208	1
np0340	28	489	19	1482	20	7	49	29	0	0	26509	91	156	8	938	12	4	197	28	0	43	94	0	826	1	28	19	118	7	463	0	4	118	1249	0	116	0	3	13	1896	0	0	4	108	41	17	3	12	0	0	116	64	6	125	573	94	0	128	0	31	0	0	26	1421	191	5	42	15	38	1059	3089	196	705	2493	0	0	0	49	448	562	0	8	243	0	1102	9	0	2	233	348	0	131	6	0	5	397	57	122	31	0	256	57	13	110	0
np0341	0	2202	0	124	0	0	0	0	0	0	65300	22	156	0	950	8	0	0	0	0	0	4	121	0	0	6	4	123	0	55	0	0	2137	556	3	90	0	3	82	99	0	0	0	0	12	0	0	4	0	63	186	44	0	0	28	2	0	30	0	0	0	0	9	0	23	0	5	58	0	89	0	20	1	6	0	0	0	6	28	81	0	7	71	0	0	3	2	0	21	5	2	6	0	28	14	367	15	0	4	0	0	0	3	1	0
np0343	26	540	451	14083	95	0	523	29	0	0	23970	1169	535	101	9011	105	145	362	1009	0	225	652	103	1858	30	247	604	187	100	7807	0	103	338	10237	0	26	254	158	213	7931	4	46	23	209	404	0	58	257	12	177	1654	320	71	293	629	531	2754	4	27	55	0	18	65	325	3429	85	3242	52	22	2191	1026	1131	535	2707	54	14	2	159	2266	490	0	23	1325	0	1460	10	4	15	9494	2017	0	338	285	4	851	360	2645	27	789	3	40	107	431	4782	0
np0344	94	7	2	8	6	0	262	0	11	0	141	0	6859	0	571	2	0	4	20	0	1	3	20	9	0	83	2	211	0	19	0	1	102	51	0	43	0	9	2	123	0	0	0	0	3	0	0	291	0	82	11	6	0	153	11	0	0	1140	76	1	0	25	2	5	7	0	1	1	0	6	10	7	3	737	0	0	5	39	10	39	0	0	37	0	3	1	4	0	17	3	0	0	4	228	6	1	12	0	1	0	1	17	9	4	0
np0346	156	112	95	1754	27	17	189	4	0	0	9769	104	138	10	379	24	8	55	91	0	5	171	0	167	10	10	15	60	0	312	8	18	122	477	9	1	0	44	10	1423	0	0	0	0	56	16	2	0	1	13	135	96	7	32	94	108	20	3	1	0	0	2	21	179	71	0	83	8	0	434	155	114	249	142	59	14	205	11	91	399	5	4	262	0	606	0	0	0	314	410	1	56	32	0	70	204	310	37	7	6	8	13	37	108	4
np0347	18	439	0	2426	13	0	6	1	0	0	12359	339	46	11	306	4	4	0	115	0	0	36	1	21	21	24	23	114	14	165	0	45	41	398	0	2	0	1	4	325	37	9	1	0	14	0	0	5	13	2	326	7	5	9	242	72	28	0	0	1	0	0	3	0	31	75	12	10	10	433	159	10	97	1035	67	0	0	21	48	516	0	0	127	0	1149	0	0	0	2507	1342	0	14	23	0	2	5	18	10	6	0	7	17	5	418	0
np0352	0	750	412	11726	0	0	63	0	3	0	109141	1013	322	33	3147	48	5	1218	13388	1	0	3359	0	3288	263	221	69	1023	0	1403	270	0	1345	4056	11	27	2	25	65	4491	0	2	0	664	128	134	45	49	13	0	460	222	27	254	3651	137	34	3	1	43	0	29	88	777	623	3	203	65	74	1356	27	704	3151	5360	0	22	159	285	10680	71	0	16	4903	0	1582	19	70	0	3446	1892	2	880	23	0	43	2112	850	13	154	8	162	86	167	2725	10
np0359	0	24	79	583	0	0	26	45	0	0	883	23	100	2	216	0	2	1	79	0	0	110	0	359	7	6	8	101	3	220	6	0	38	143	4	2	67	2	3	478	0	0	0	0	32	24	3	0	0	16	13	12	2	45	38	6	1	0	0	5	0	84	4	80	39	0	9	0	0	35	66	21	10	613	0	9	247	28	106	260	0	3	93	0	18	0	5	3	136	19	2	44	9	0	2	69	90	0	2	0	8	9	7	139	18
np0360	113	926	12	1657	33	12	260	8	0	0	21618	60	157	0	1298	44	1	29	31	0	92	102	0	1169	13	14	76	46	1	635	0	0	111	1099	0	5	0	32	6	4652	0	0	0	212	96	54	4	8	2	2	417	105	8	121	516	142	24	47	12	21	0	0	69	991	246	4	34	27	66	804	1834	322	339	8547	0	5	0	43	362	930	3	3	246	0	2711	2	0	0	1441	940	0	99	40	166	17	336	262	751	332	0	466	41	13	226	0
np0361	48	3405	24	2585	14	19	120	86	1	277	61176	137	133	20	1373	4	0	5	211	1623	380	279	19	2353	1087	38	34	127	76	695	8	166	249	358	0	106	457	99	35	1007	49	4	0	41	241	8	72	7	11	9	295	12	11	188	1179	12	130	3	0	52	10	109	4	6100	108	28	20	31	52	5195	287	141	1884	8173	0	250	2592	35	410	607	9	0	313	234	1134	6	7	0	4460	2100	100	303	572	0	512	106	55	197	19	1	59	116	10	1095	3
np0362	198	143	36	1710	43	281	220	7	2	0	20549	98	332	11	1650	21	7	95	3145	0	13	362	0	687	36	8	31	238	0	728	22	5	131	2209	4	1	13	30	18	2105	0	4	0	0	129	23	5	2	7	0	153	154	21	107	674	259	5	0	0	23	0	4	38	345	164	0	50	8	12	469	243	101	675	1051	153	19	743	20	1441	6737	3	0	557	0	1192	3	5	0	1072	1429	0	101	49	0	46	251	1653	12	49	2	82	35	30	68	1
np0365	1	68	31	3345	71	0	43	0	0	0	17865	1101	99	25	461	52	0	0	0	0	0	46	13	14	14	83	19	199	59	327	0	600	1438	609	0	417	0	0	759	601	0	0	13	0	759	0	28	36	14	924	1087	20	2	8	107	193	203	95	7	9	0	0	4	3	247	0	85	55	1	1337	400	156	463	1651	0	118	0	74	2	151	0	0	247	0	1134	8	20	0	3712	1584	0	64	5	8	0	22	8	0	0	0	0	64	0	335	0
np0368	0	598	318	9745	3	0	237	0	0	0	37769	660	644	14	3390	56	13	93	2416	0	0	2138	0	5882	362	213	34	151	0	1310	25	0	253	3474	51	0	104	66	15	4405	0	2	0	292	173	414	54	38	0	0	158	257	39	296	540	76	98	2	7	56	0	92	9	270	551	2	382	14	31	1058	9	377	629	1907	0	166	779	252	1371	195	9	33	1966	0	1302	15	66	2	1627	1365	21	514	22	0	65	871	1858	12	110	14	69	94	178	1325	65
np0369	0	99	0	1232	59	0	155	0	0	0	26669	9	27	0	4194	21	0	0	0	0	0	0	0	0	0	0	3	185	37	191	0	0	5	686	0	3	0	14	2	939	0	1	2	0	445	0	0	0	0	5	22	9	8	41	524	167	0	3	0	0	0	0	5	0	8	0	24	14	4	758	0	20	207	11	0	0	0	0	89	472	0	1	185	0	1393	0	1	0	42	221	0	0	0	0	4	126	103	0	4	0	2	17	648	9	0
np0371	72	636	6	84	2	0	0	23	0	12	3026	8	25	0	161	2	0	1	13	145	5	36	0	812	70	15	24	70	0	363	6	7	222	249	0	5	3	0	14	26994	5	12	0	3	6	2	0	4	0	0	154	3132	1	49	41	131	19	15	0	9	7	14	2	612	288	0	0	13	12	101	26	102	292	11573	0	6	2443	21	161	78	0	0	320	22	744	2	2	37	2027	1769	0	31	31	0	8	1066	92	0	0	0	0	178	1	953	0
np0372	0	101	5	495	29	0	48	0	1	0	46977	91	91	0	251	26	0	0	0	0	0	31	9	0	0	2	2	489	582	284	0	0	3	78	1	0	0	0	100	496	0	0	0	0	12	43	4	1	0	2	172	30	0	0	8	0	0	16	0	1	0	0	7	0	7	0	10	3	0	442	835	12	448	855	0	0	0	0	277	33	3	0	91	0	1043	0	0	0	20	231	2	0	0	0	8	0	11	0	2	0	4	7	116	103	0
np0378	72	758	0	218	13	0	286	10	17	45	7553	16	40	0	2298	4	0	1	109	90	636	70	277	1331	49	26	54	17	0	768	0	3	1064	347	490	109	19	13	20	528	6	4	0	26	2054	98	87	3	0	1862	385	3	36	611	286	7	27	20	7	26	11	22	0	675	177	6	2	8	5	126	31	22	842	32178	0	10	416	26	24	413	1	0	791	432	179	5	0	0	1647	931	2	99	81	6	39	42	61	0	22	5	0	82	6	146	0
np0384	0	2547	182	1888	2	0	46	1424	15	0	36575	31	939	22	2708	7	3	5	769	0	27	952	447	5549	313	24	124	745	0	2245	114	0	1492	1887	196	160	4871	6	85	8094	0	6	1	0	164	44	4	0	0	1150	607	98	20	1758	2138	31	76	103	0	146	0	904	75	2220	337	25	17	13	52	260	4331	949	2610	14415	0	1125	34299	140	1720	3254	8	0	1939	0	493	0	15	0	4650	1607	74	887	89	0	1	2267	60	0	7	0	259	102	29	1792	25
np0386	141	3791	151	1096	92	11	742	99	13	0	5538	74	3432	26	1549	97	6	8	274	28	51	166	27	305	25	212	31	396	0	433	2	34	349	227	0	0	11	23	91	4176	0	0	9	38	245	62	35	115	0	21	295	212	36	134	205	63	53	736	0	14	49	27	52	446	122	0	56	13	9	440	66	232	188	1663	1	0	12	238	200	514	9	17	866	15	756	21	32	18	547	173	0	96	10	0	115	195	377	22	46	7	14	70	144	189	0
np0387	0	193	1	21	105	1	8744	0	0	0	699	7	32792	6	8545	0	0	0	2341	0	35	171	3	74	0	149	7	2244	0	773	0	2	16	156	0	602	12	30	8	1152	0	0	1	111	433	0	10	225	0	4	129	39	2	403	147	27	0	4166	21	7	0	342	106	43	27	0	0	10	0	45	192	13	16	5480	49	0	0	71	7	404	0	5	932	0	0	7	4	169	167	15	0	11	5	175	11	65	186	0	7	0	57	37	53	50	0
np0388	0	4051	217	1800	244	0	229	1289	20	0	10568	106	14508	27	3384	28	15	2	727	0	61	880	592	5540	71	58	147	2078	0	2743	21	8	598	2526	25	607	629	12	62	12603	0	8	0	0	704	238	7	2	0	755	874	224	28	3031	778	156	96	452	0	88	0	1482	125	602	322	1	75	5	41	218	1070	641	477	19979	0	275	6969	235	232	4026	10	4	6042	0	202	3	39	4	1704	790	34	295	45	0	3	2065	1358	0	4	0	142	973	36	1293	30
np0389	18	1093	0	1900	24	0	13	419	0	3	17399	102	152	1	1976	9	0	0	43	0	0	117	19	805	16	75	53	825	15	1039	0	20	1443	1849	0	6	0	0	29	4407	38	18	0	0	33	0	9	14	1	95	657	85	0	162	6200	125	17	6	0	21	0	499	47	10	168	16	2	17	23	210	20	10	538	5108	7630	134	0	45	274	14527	17	0	511	1	511	2	0	5	3027	1100	0	158	17	171	0	212	97	0	1	0	40	95	22	637	0
np0391	112	344	0	28	23	0	102	0	10	8	1181	3	49	1	2195	3	1	0	13	10	835	15	262	614	9	9	30	65	0	273	0	0	740	130	85	49	4	3	10	272	0	0	0	6	507	61	56	2	0	548	264	0	20	230	33	33	9	11	10	12	21	7	0	229	101	0	2	2	0	27	5	10	427	15922	0	0	127	10	1	102	1	0	450	52	37	0	0	0	529	292	0	18	31	1	12	6	31	1	4	6	0	15	1	72	0
np0392	78	4944	29	721	25	26	915	73	20	14	17629	45	683	20	4496	105	5	6	452	401	2962	227	309	3455	368	55	81	744	7	1792	0	28	1329	1681	3	105	99	89	54	11633	17	3	0	62	564	314	14	18	0	2537	151	17	18	2270	1119	31	70	5	3	141	44	171	8	2437	248	5	24	16	7	492	607	108	996	57780	0	45	1641	39	715	1754	15	1	772	5364	886	5	12	0	3630	1654	10	376	241	0	98	102	794	12	35	7	5	512	38	439	0
np0395	84	1897	12	4350	50	0	64	2	0	0	27998	936	461	73	1058	32	34	0	189	0	0	156	158	270	48	69	64	317	32	412	0	260	852	832	0	147	0	14	66	1224	171	25	2	0	64	7	1	14	22	795	1329	7	8	22	700	154	677	1	1	10	0	35	0	181	68	544	74	77	211	1105	179	41	383	6836	52	43	0	62	46	1030	1	0	291	0	2338	4	7	7	10382	3088	0	110	97	0	8	88	49	1	10	0	16	131	13	944	0
np0397	0	1026	1758	17594	15	0	360	1387	0	0	25311	398	5707	88	8113	75	98	66	3358	0	72	3692	1	8894	302	162	226	6368	36	6044	95	0	1293	5557	0	0	1657	81	81	13294	0	8	2	0	790	517	64	21	3	0	532	617	110	1611	1143	200	29	4	13	198	0	2309	90	2700	1209	4	409	36	34	1155	1707	719	560	23233	0	184	6525	836	3184	10617	35	185	5672	0	1021	38	148	47	5894	742	78	1048	253	0	108	3321	3347	4	94	0	128	387	288	2226	337
np0401	117	17	0	11	8	0	582	0	193	0	117	5	20491	0	1076	0	0	4	90	0	19	13	63	32	0	163	1	728	0	301	0	0	680	38	0	1224	0	19	13	392	0	0	0	0	2	0	0	454	0	6	10	17	0	155	20	0	0	4193	19	3	0	49	8	13	6	0	0	0	0	7	14	6	5	8940	4	0	5	107	6	33	0	6	125	0	1	5	17	38	49	4	0	0	8	600	2	14	6	0	2	0	4	21	14	7	0
np0403	10	88	0	54	6	0	381	25	1	0	320	19	122	1	2037	75	0	0	51	0	4465	23	0	2855	12	8	31	151	0	325	0	0	204	230	0	135	0	3	110	6459	17	7	0	7	115	0	1	7	0	878	151	1	2	2601	22	0	22	9	2	90	0	32	0	55	141	0	0	17	0	26	22	40	10	26041	15	0	0	2	0	152	0	0	308	1	316	0	0	0	791	247	0	14	8	0	0	0	372	0	10	0	0	65	0	93	0
np0406	32	1649	44	741	10	128	71	7	0	0	11779	41	69	6	1111	22	6	11	655	60	38	164	0	1117	23	39	11	62	4	574	3	11	207	659	0	1	8	21	15	1632	0	2	0	18	121	28	15	10	1	0	128	60	9	164	368	43	6	0	0	18	0	5	3	528	117	0	38	16	11	523	772	100	220	9862	0	8	258	40	932	1080	0	0	447	1369	672	5	0	2	510	621	0	74	59	0	63	511	241	12	16	5	90	91	48	65	0
np0410	7	1139	83	3751	30	0	134	22	0	0	29368	280	128	38	1360	33	4	459	5286	0	43	336	0	1266	37	26	139	106	64	1510	0	15	1191	1431	0	0	1154	22	17	3466	3	5	8	105	61	0	7	25	4	13	489	267	7	328	3507	342	199	5	0	22	0	23	21	546	541	7	277	19	23	2432	2932	414	486	22531	636	0	0	16	2214	6749	0	9	1252	0	628	0	1	7	2191	626	0	164	774	3	222	1098	327	13	285	6	175	28	86	808	0
np0412	0	127	0	747	27	0	21	0	0	0	17486	42	16	0	1247	13	0	0	0	0	0	5	53	34	0	6	4	304	6	1733	0	0	48	491	2	138	0	3	52	1227	0	0	0	0	1225	0	0	2	0	157	58	36	0	212	12105	26	4	129	6	3	0	1	9	0	19	0	14	716	0	280	0	18	27	0	0	0	0	5	31	2085	0	4	147	0	33	0	0	0	2673	555	1	3	0	3	14	25	151	0	10	0	2	2	22	26	0
np0413	63	4269	23	2359	18	29	147	0	0	0	29639	403	415	8	1448	25	4	1	258	0	6	176	0	140	0	88	23	573	54	1001	16	2	368	1075	0	0	0	12	24	3005	0	10	0	0	111	4	5	25	5	6	149	56	9	37	854	76	161	0	0	13	0	52	32	557	131	6	29	28	75	845	284	17	1585	4910	27	22	0	75	1289	3144	5	2	468	0	1057	3	0	7	1255	986	0	121	19	0	26	157	771	4	5	9	176	115	40	105	0
np0415	0	23	38	601	0	0	38	75	5	0	735	15	143	6	241	3	6	3	95	0	0	113	6	212	5	3	4	81	2	238	3	0	42	197	0	0	74	0	5	405	0	0	0	0	30	22	1	0	0	0	17	18	4	54	35	0	0	0	0	2	0	62	4	86	42	0	12	0	0	44	73	15	14	357	0	6	242	24	110	171	0	3	136	0	20	0	2	0	122	21	4	58	9	0	0	62	112	0	1	0	3	12	4	129	15
np0418	0	184	75	3764	0	0	40	0	5	0	81855	295	135	7	2108	19	0	15	4011	0	0	1599	415	1578	417	62	146	736	0	1140	53	0	106	1844	160	12	58	5	37	2713	0	3	0	393	45	62	1	11	7	97	1008	70	0	344	50950	17	120	0	375	30	0	84	51	518	331	12	20	57	156	274	40	173	1080	4603	0	53	536	84	919	10	10	0	2311	0	247	2	24	1	3411	160	42	1138	24	0	1	708	367	6	22	0	97	16	31	8314	0
np0419	0	210	17	227	7	0	10	26	4	0	1494	9	66	3	309	0	2	0	66	0	3	47	19	379	0	2	16	67	1	193	4	0	79	165	9	9	95	3	5	702	0	2	0	0	10	1	0	0	0	191	48	5	1	87	126	5	4	11	0	5	0	81	12	163	23	1	2	0	0	39	169	139	167	1948	0	40	2192	12	74	309	3	0	203	0	19	0	4	0	363	225	0	112	4	0	0	215	9	0	0	0	17	15	0	48	4
np0421	0	293	32	108	50	0	4	7	8	0	1295	0	190	2	439	0	1	0	72	0	0	46	89	685	2	1	19	126	0	358	3	0	170	322	46	16	25	0	7	1453	0	0	0	0	26	3	0	0	0	381	149	41	0	90	170	3	1	70	0	10	0	115	18	89	37	0	7	0	12	51	103	230	318	5391	0	19	4703	22	127	385	0	0	398	0	34	0	1	1	644	717	6	153	2	0	0	166	12	0	0	0	29	31	2	22	0
np0422	0	438	779	10946	18	0	400	498	110	0	23534	430	2145	49	5744	46	101	58	1761	0	62	3010	50	9808	184	69	108	1624	15	5690	90	2	1032	4607	0	12	1082	100	68	9663	0	7	2	0	430	520	40	3	3	14	517	386	92	1210	791	162	32	26	3	128	0	597	62	2173	823	1	437	18	62	962	2090	684	535	11099	0	280	4936	366	2807	9921	19	78	3295	0	873	3	103	32	2812	437	80	914	244	0	72	2208	1860	0	48	5	88	246	111	3119	273
np0428	2	475	58	1732	17	0	55	10	0	0	12344	93	59	17	836	9	5	133	2611	0	31	174	1	607	10	7	34	109	52	999	0	13	238	846	0	2	729	14	15	1687	2	0	2	35	33	0	8	23	0	2	180	86	0	90	1179	29	41	0	3	18	0	18	14	294	242	0	140	6	16	1358	1661	156	155	7536	344	0	0	8	1380	1941	0	5	489	0	228	0	2	0	750	257	0	59	194	0	106	707	193	4	127	0	69	16	45	364	0
np0430	0	1026	20	434	24	0	102	14	0	0	4724	48	87	7	2165	9	0	153	2391	0	30	209	44	243	0	27	23	67	11	1158	0	7	88	1365	0	7	114	21	11	1763	0	3	0	71	81	0	12	28	0	6	174	172	8	259	1649	52	11	19	11	18	0	11	26	34	355	0	69	2	5	205	606	94	115	26002	279	0	0	22	1760	3055	0	0	763	0	133	0	1	0	809	237	0	100	115	18	103	555	661	5	58	1	72	38	62	282	0
np0431	0	9	3	221	0	0	390	0	0	0	6589	11	13	3	1461	26	0	0	12	0	1462	15	0	618	89	3	31	50	8	477	0	18	111	419	0	69	2	18	5	5473	6	0	0	2	64	0	1	6	0	103	89	0	3	95	0	10	11	0	1	75	0	3	0	163	24	3	50	3	0	129	9	58	12	19370	2	0	0	4	0	15	0	0	106	0	66	0	0	0	664	92	0	43	22	0	0	1	544	0	8	0	0	40	6	73	0
np0433	154	351	9	1642	92	2	107	25	66	0	24413	56	314	9	1201	67	1	0	11	0	54	237	0	228	8	25	11	147	5	1012	0	2	161	689	0	429	0	3	5	426	6	0	0	174	38	0	3	9	0	1	215	66	8	67	581	6	25	524	10	51	0	19	524	2848	611	10	15	44	10	917	2035	306	296	3867	0	6	0	61	7	990	10	4	140	0	498	6	4	9	833	795	0	294	2	11	366	43	418	1521	26	2	301	45	4	139	0
np0436	0	76	2	19	5	0	2	0	0	0	376	0	73	0	107	0	0	0	13	0	3	17	17	116	3	1	4	45	0	144	0	0	13	86	1	5	78	0	2	338	0	0	0	0	36	3	0	0	0	8	21	8	0	113	29	0	8	20	0	2	0	98	0	13	14	3	0	0	0	2	67	9	25	609	0	17	355	9	9	88	0	0	111	0	5	1	0	0	131	22	0	53	1	0	0	16	9	0	0	0	6	4	1	40	0
np0439	152	91	1	14	9	0	0	0	0	0	2819	3	95	0	797	0	0	0	4	0	1	25	0	511	3	0	5	77	0	267	0	0	86	277	0	15	0	0	61	845	0	3	0	0	40	0	0	0	0	77	184	41	0	33	684	40	0	14	0	20	0	2	19	11	58	0	0	1	0	23	5	36	169	14820	60	3	574	1	66	440	0	1	468	0	216	0	0	0	438	72	0	51	1	0	0	41	20	0	2	0	53	26	5	1	0
np0440	16	27	0	20	4	0	36	0	6	92	3142	0	16	0	651	4	0	0	5	6	380	50	37	855	39	4	30	20	0	168	1	11	342	152	0	92	1	0	14	141	4	3	0	0	525	45	8	0	0	318	82	1	0	8	23	7	10	29	3	4	0	11	0	497	42	8	0	4	0	13	0	0	537	11119	0	0	298	6	0	13	3	0	68	6	59	1	0	0	975	292	0	53	34	16	9	1	9	0	1	1	0	34	2	639	0
np0441	0	1204	97	1258	33	0	17	66	17	0	7432	23	490	12	1508	2	8	0	555	0	5	173	94	2232	7	7	23	428	0	970	6	0	427	1148	159	34	322	6	25	3910	0	1	0	0	119	16	6	0	0	914	341	119	1	829	382	8	15	107	0	32	0	254	61	715	115	0	17	6	10	199	870	851	744	12805	0	150	12892	55	433	2386	4	0	1191	0	128	0	2	0	1598	1207	3	318	12	0	0	1281	89	0	1	0	73	128	9	182	9
np0442	12	1550	0	1080	9	53	28	71	2	35	28117	68	78	11	1354	0	10	5	1654	594	16	215	0	5303	448	57	50	149	16	1121	27	60	455	1021	0	0	179	7	15	7025	31	0	0	82	113	34	17	5	1	0	277	104	8	953	1100	40	84	12	0	72	0	25	23	2288	268	0	38	17	10	554	551	170	805	21621	0	140	2409	82	761	1156	6	0	1179	463	835	9	0	19	3099	607	17	425	307	0	208	854	185	22	23	0	41	275	22	889	1
np0444	119	40610	25	1178	25	5	65	155	10	915	33282	189	5646	25	5660	8	4	0	339	1539	234	347	27	7964	987	150	225	563	20	2733	41	147	460	1200	4	258	191	69	135	1125	103	28	1	86	1222	10	708	27	4	22	749	7	43	1316	769	11	436	497	0	224	955	190	4	9149	439	48	21	29	224	2472	155	315	3636	29341	0	138	3864	171	53	1320	20	0	2675	69	1378	21	37	0	9172	2904	304	306	372	645	220	182	412	3	25	2	5	413	8	2867	0
np0447	259	16359	9	307	27	1	81	7	0	441	12187	57	15002	0	5124	4	0	0	47	559	254	236	3	4496	371	165	230	429	7	2936	15	44	414	955	0	159	38	71	45	901	59	53	0	42	1766	10	1231	32	0	6	851	0	61	534	333	14	170	669	1	197	317	213	0	6101	640	35	15	11	224	959	19	112	2890	38775	0	25	2125	156	7	307	0	0	3496	39	726	14	22	0	8736	2905	229	98	158	1206	90	28	835	3	6	0	0	376	1	1947	0
np0452	18	2561	114	1765	14	212	141	57	79	0	23696	67	167	27	1363	27	5	14	594	147	46	304	6	1441	98	60	28	198	24	1258	23	64	215	1564	3	105	66	16	53	2634	0	3	5	39	93	41	12	16	3	5	252	65	11	140	1006	65	28	0	1	13	35	23	29	1319	264	5	51	15	9	1210	567	281	533	5419	0	18	291	70	637	3237	3	4	725	176	1408	9	24	2	1268	1186	5	147	129	0	85	436	285	13	22	8	31	90	47	175	0
np0455	0	2889	146	2254	0	0	89	0	0	0	99388	536	2053	12	11500	34	1	28	1765	0	0	2445	232	6360	601	220	101	148	3	1479	0	0	389	2972	361	35	641	57	35	2801	0	12	0	504	500	366	38	41	0	0	2385	54	40	3231	500	66	202	234	4469	155	0	144	13	707	913	6	105	53	107	1390	36	419	2765	13801	0	195	6420	356	657	280	13	8	25055	0	1075	12	81	11	8782	4904	526	580	48	0	13	253	948	3	51	0	176	138	112	2376	0
np0456	0	348	20	220	9	0	16	0	0	0	4270	51	122	0	1245	0	0	20	2229	0	0	184	11	1147	3	21	6	65	0	328	5	0	54	638	55	0	19	0	0	1799	0	0	0	88	41	33	0	3	0	0	201	2	0	412	651	3	2	7	35	21	0	11	24	92	139	0	18	0	0	59	16	45	183	3436	0	0	558	31	280	18	0	0	1327	0	157	3	11	0	689	462	19	74	0	0	0	307	94	0	0	0	48	34	27	1328	0
np0459	4	3	6	94	1	0	264	0	0	0	4123	9	15	0	870	27	0	0	2	0	2478	7	1	478	35	0	8	22	2	216	0	6	84	131	0	117	0	5	5	5860	3	1	0	0	58	0	1	7	0	40	74	7	0	84	1	3	17	8	0	50	0	5	0	111	27	0	20	2	0	60	0	32	5	17018	1	0	0	4	0	14	0	0	109	0	40	0	0	0	432	73	0	38	4	0	0	0	440	0	0	0	0	50	0	93	0
np0462	0	261	25	484	0	0	9	0	0	0	29442	47	295	0	1491	5	0	4	469	0	0	440	95	201	133	23	21	17	0	479	0	0	70	739	203	0	220	4	10	176	0	8	0	19	133	16	3	0	3	0	618	4	3	162	230	14	45	6	2600	15	0	54	0	550	78	4	13	7	60	385	0	170	1337	928	0	48	606	59	0	17	0	0	481	0	234	3	7	0	8140	302	34	160	164	0	0	197	62	0	46	0	0	15	12	617	0
np0467	0	16	8	65	0	0	1040	0	176	0	446	7	10813	3	2089	0	0	3	855	0	19	46	77	38	0	144	2	917	0	326	0	0	34	100	0	278	0	10	9	819	0	0	0	2	5	0	0	275	1	2	16	18	0	539	45	3	0	900	13	2	0	129	4	42	22	0	1	0	0	24	74	34	31	650	0	0	1	89	7	68	0	5	299	0	6	6	10	9	126	8	0	4	8	302	4	34	10	1	4	0	1	27	13	6	0
np0468	32	55	6	19	132	0	1991	0	0	0	227	0	9614	0	1025	3	0	0	48	0	0	10	0	7	0	17	4	1657	0	313	0	0	182	294	0	48	0	9	0	209	0	0	0	21	106	0	2	60	0	8	139	37	0	15	8	9	0	5777	5	0	0	64	53	36	1	0	0	12	0	17	10	4	14	13829	1	0	0	15	6	10	41	0	119	0	0	0	0	117	14	1	0	3	0	20	0	67	31	0	0	0	24	39	23	101	0
np0469	30	131	6	2082	4	0	0	54	2	0	12823	18	22	2	304	4	0	0	2	0	16	83	79	119	17	39	82	86	2	327	78	0	9092	188	0	18	1	0	18	614	58	80	9	0	0	2	0	22	26	86	334	0	4	19	773	21	205	3	7	12	0	34	0	888	109	8	8	11	15	267	2504	2	1587	8327	0	0	0	33	4833	121	1	2	79	49452	90	6	8	0	7038	1295	0	329	9	3	0	130	48	0	4	2	28	20	2	571	0
np0472	118	298	29	124	32	0	100	0	29	0	1086	5	230	0	422	9	0	0	60	16	131	28	0	1028	0	25	0	30	0	54	1	2	186	127	0	160	3	0	16	965	1	0	0	0	227	13	0	5	0	129	28	12	4	36	69	4	0	60	3	4	90	26	0	114	74	0	10	0	0	39	43	30	62	3551	0	0	26	15	116	363	0	0	244	71	95	2	0	0	94	27	0	28	8	7	14	12	66	0	3	0	0	18	6	16	0
np0473	1	90	5	876	93	1	65	38	52	0	22834	57	184	10	1771	13	0	0	9	0	98	208	0	143	21	28	60	143	1	1985	3	1215	394	795	0	314	0	165	41	952	17	0	50	0	30	0	6	7	0	0	596	408	3	151	2057	135	185	419	0	31	0	0	106	440	426	0	35	9	0	372	1162	1099	173	70	1155	1	2101	22	19	664	14	5	331	0	987	4	9	21	2186	1663	0	88	10	0	144	27	358	738	19	0	342	44	8	1663	0
np0474	0	31	12	403	0	0	7	0	0	0	1829	55	20	0	221	0	0	6	383	0	0	129	0	218	0	9	3	28	0	113	0	0	47	176	16	0	0	2	0	232	0	0	0	13	4	18	2	5	0	0	16	12	0	27	31	7	0	0	3	2	0	1	4	15	22	0	28	0	3	68	0	18	83	300	0	0	26	15	102	3	0	4	84	0	100	0	5	0	65	55	0	12	0	0	0	50	343	0	0	0	0	11	5	118	0
np0475	18	1059	9	766	3	13	62	31	12	26	19342	51	39	10	462	2	0	3	168	247	84	66	32	855	148	9	16	48	12	314	7	25	96	284	1	64	41	35	58	508	10	2	1	20	91	4	17	7	6	91	87	10	3	60	355	9	64	4	0	8	6	9	2	2450	64	8	4	5	9	1276	294	54	614	3368	0	44	508	15	151	426	1	0	182	68	349	3	8	0	1229	460	24	77	92	12	42	89	44	38	9	4	54	57	9	181	0
np0476	0	322	4	425	77	0	18	0	22	0	15389	32	44	0	192	31	0	0	0	0	0	163	102	1	0	5	146	1095	14	1696	0	0	6	647	3	39	0	1	251	790	2	0	11	0	8	14	0	2	0	75	1425	16	0	19	90	8	0	41	0	4	0	0	0	7	5	0	9	92	3	137	94	16	140	13265	0	0	0	1	5938	31	28	0	97	0	500	0	0	0	618	580	1	6	0	0	6	6	173	0	0	5	3	17	35	169	0
np0477	0	432	0	1368	0	7	5	3	1	0	7304	63	14	0	365	0	0	0	86	1	0	70	1	53	2	12	7	80	8	115	0	3	60	347	0	0	0	0	0	431	15	6	0	0	8	0	1	4	0	4	45	28	0	19	578	13	7	3	0	4	0	4	8	0	51	0	3	4	8	161	112	1	117	803	106	18	0	16	184	4785	0	0	135	0	155	0	0	2	380	207	0	44	3	0	6	36	31	0	6	0	161	7	5	104	0
np0480	158	4665	11	599	10	0	86	12	0	921	17037	49	183	12	2011	4	1	0	56	244	1270	166	60	2360	162	41	70	132	9	607	0	40	350	298	0	103	13	246	36	419	21	3	0	31	322	8	829	8	3	102	286	0	24	129	530	19	174	48	0	37	27	196	0	4376	119	45	0	12	57	2109	42	74	3162	17003	0	25	1289	50	93	161	6	0	181	62	445	4	12	0	2935	1073	24	197	139	16	86	37	138	24	4	0	0	127	4	626	0
np0482	12	508	178	405	3	30	18	7	0	1	8592	28	40	0	257	14	5	23	135	17	0	86	0	527	26	10	0	12	4	217	7	8	96	254	1	0	17	8	9	809	0	0	2	14	25	6	2	0	0	96	60	38	1	33	488	17	4	0	0	5	0	3	7	458	82	2	8	41	7	203	353	25	263	2524	97	0	110	12	613	243	0	0	193	570	210	3	2	1	416	246	1	42	34	0	30	153	20	11	21	2	83	28	0	52	0
np0483	0	33	99	2913	0	0	58	0	2	0	20208	237	22	13	339	3	33	0	0	0	0	1	2	2	0	0	3	0	88	18	0	0	116	0	0	0	0	4	209	37	0	0	93	0	10	0	0	0	16	53	236	58	0	0	7	0	0	231	0	0	0	0	18	0	23	0	63	134	6	451	0	11	1	5	0	1	0	17	541	20	0	0	39	0	0	2	0	0	2	305	2	5	0	0	7	5	35	0	9	2	0	0	0	21	0
np0486	70	113	3	108	16	0	33	1	0	0	1011	1	632	0	640	18	0	0	3	0	40	14	0	118	0	3	19	207	0	308	0	0	270	279	0	231	0	0	0	1499	0	18	0	3	161	27	2	2	0	2	202	6	3	940	8	204	0	37	92	109	0	15	5	144	36	0	4	9	0	38	18	19	117	20332	0	3	0	14	5	57	0	0	51	0	339	1	2	0	1254	537	0	38	1	13	3	11	117	0	2	0	1	85	0	10	0
np0491	315	3852	6	2457	178	1	1694	15	0	0	23875	66	449	21	693	112	1	2	17	6	507	1010	0	1402	96	19	160	1067	0	6119	0	23	604	2169	0	111	4	85	9	15788	19	31	2	282	100	33	6	10	14	4	1399	384	15	124	816	515	162	863	0	34	0	98	632	2367	787	86	10	50	43	997	1279	821	587	31196	0	21	35	45	68	738	26	2	407	30	3915	3	0	2	11834	4730	0	509	145	335	630	282	248	2436	417	0	8	25	17	1210	0
np0492	0	152	8	1404	205	0	72	197	0	0	37269	98	182	18	2018	57	0	0	45	0	122	456	0	132	45	35	47	1025	3	3823	0	1977	2193	2467	0	108	0	45	15	757	34	0	10	0	69	0	0	12	3	0	576	211	11	353	5980	30	531	2066	0	22	0	2	60	734	526	0	27	4	0	495	694	830	144	3	1157	0	2028	38	3	438	95	0	1034	0	3260	7	9	75	2198	536	0	191	23	53	324	23	415	0	13	13	25	94	13	3133	0
np0498	0	142	2	1988	18	0	25	0	0	0	29923	24	13	0	1028	22	0	0	0	0	0	1	5	29	0	4	7	419	0	2429	0	0	13	364	0	58	0	0	36	1279	0	0	2	0	2939	0	0	2	0	131	34	32	0	66	7340	8	0	52	1	22	0	0	13	2	11	0	8	335	1	492	0	28	44	5	0	0	0	2	32	2196	0	7	185	0	73	0	0	0	3879	321	4	5	0	3	8	6	58	0	8	2	4	6	44	11	0
np0501	260	43	0	246	40	0	27	0	0	0	4924	8	60	2	386	4	1	14	33	0	5	68	0	292	2	0	9	102	0	202	0	15	76	149	0	0	0	5	0	559	0	5	0	0	21	4	0	0	0	3	100	19	0	32	261	163	20	0	0	6	0	0	4	77	6	0	2	5	0	73	477	14	466	345	155	8	136	2	71	491	0	13	311	0	231	0	0	0	754	74	0	24	10	0	3	19	51	0	8	0	4	13	3	40	0
np0502	13	1278	24	740	6	71	48	15	8	1	15011	25	63	5	770	4	0	6	285	133	23	118	0	1056	45	26	14	86	12	474	21	15	142	410	0	3	26	9	16	868	0	2	0	41	192	9	5	5	2	4	65	18	7	170	445	33	10	0	0	0	2	14	6	1540	70	0	9	5	6	415	817	66	319	4473	0	10	386	30	421	817	0	0	206	422	462	0	5	0	741	490	1	68	91	0	52	109	61	13	15	3	119	98	17	77	0
np0503	29	1149	12	4015	11	0	29	2	0	0	16895	534	81	5	376	12	9	0	350	0	0	110	0	74	14	43	26	157	36	190	0	49	75	342	0	2	0	7	9	1629	12	12	2	0	23	0	0	11	0	2	275	63	5	22	246	135	13	0	0	6	0	8	3	2	138	39	27	14	13	657	495	9	387	3572	183	14	0	21	670	2364	8	0	350	1	1880	0	2	0	1190	979	0	23	25	0	18	17	41	1	15	0	727	27	19	441	0
np0507	0	333	63	726	0	0	38	0	4	0	65599	82	204	9	4755	29	1	30	5410	2	1	1501	127	1937	412	101	115	681	0	1690	0	0	284	3184	35	464	0	0	49	6500	0	67	0	281	27	47	6	11	15	0	1582	135	34	756	38745	22	32	141	0	49	0	62	155	1330	506	7	19	70	70	196	33	268	1510	12936	0	13	878	155	8675	7	7	2	2126	0	244	4	37	0	4895	413	125	1270	15	0	0	138	1359	10	30	0	213	17	37	3107	0
np0512	15	1814	139	1136	8	33	167	98	12	16	21837	115	232	12	1212	28	5	5	960	344	43	244	70	5277	209	55	38	113	9	680	10	16	594	503	9	6	377	35	23	2261	16	1	28	44	66	15	10	45	1	89	110	188	13	439	1062	62	107	0	3	36	0	33	29	3376	116	4	32	31	19	475	610	78	491	18290	0	45	1725	22	1325	1752	6	0	812	31000	412	8	8	14	2056	686	8	351	413	0	222	206	51	11	19	16	90	84	20	527	1
np0521	202	5998	8	139	109	0	33	2	163	0	2080	6	922	1	706	2	0	0	70	129	84	39	0	3712	2	19	8	1423	0	602	0	4	795	494	0	807	11	2	123	1417	2	5	0	16	83	29	3	3	1	111	56	1	3	40	196	2	4	124	0	17	226	45	0	945	131	0	1	4	1	83	115	41	333	18461	0	7	141	32	91	1219	13	0	592	640	145	4	11	0	368	65	0	51	16	0	6	20	46	0	1	0	1	33	3	76	0
np0522	0	2127	570	3809	12	0	161	1507	48	0	18587	167	4490	40	8768	20	23	10	2769	0	41	1566	55	8811	84	70	530	2436	5	4430	74	0	1098	3814	4	11	881	23	32	17588	0	11	0	0	929	213	15	3	0	48	760	367	57	2784	1860	75	26	183	5	230	0	1240	159	1388	448	0	152	23	34	596	3800	739	788	25524	0	582	15187	307	1839	6449	22	8	5285	0	510	5	77	11	7936	979	33	936	138	0	16	7600	381	0	10	0	858	420	84	1167	70
np0523	63	1170	45	6258	84	0	54	0	0	0	38357	1910	382	102	1630	48	65	0	114	0	0	238	469	281	52	146	78	483	55	497	0	1314	2006	1147	0	745	0	6	749	1057	165	11	15	0	609	5	27	50	30	2050	2582	16	3	34	256	303	835	86	18	12	0	40	7	70	254	1203	180	92	225	2392	189	237	481	7057	50	131	0	117	0	701	7	4	333	0	2563	10	9	6	14337	3755	0	129	45	8	1	62	23	0	11	0	0	175	11	1589	14
np0524	0	116	548	6593	3	0	112	177	22	0	8875	197	1063	26	1901	12	60	10	429	0	18	1150	3	2592	112	36	30	560	4	2112	57	0	424	1835	0	1	409	43	18	4052	0	0	0	0	149	252	19	3	2	2	193	160	39	402	169	49	13	0	0	47	0	601	39	1186	331	1	196	11	11	362	968	216	250	3204	0	129	2579	178	811	3551	5	46	1149	0	330	4	31	22	1239	209	54	306	140	0	25	772	701	3	29	0	37	76	50	1975	258
np0525	17	179	12	1101	9	7	25	3	0	0	13215	74	47	6	549	7	0	34	12	0	18	38	0	514	0	28	9	6	2	236	0	0	46	991	0	0	0	0	4	1202	0	0	2	32	35	13	0	11	0	3	87	59	2	39	242	36	0	0	0	4	0	1	14	81	98	0	42	10	11	570	362	95	122	648	0	0	0	38	161	342	0	6	274	0	501	0	0	0	143	134	0	52	3	0	13	313	168	10	22	0	2	30	16	79	0
np0527	32	41	0	72	74	0	2283	0	0	0	661	16	17662	0	874	0	0	1	118	0	43	62	2	24	0	55	5	181	0	210	0	0	35	142	0	286	5	12	10	273	0	0	0	21	92	0	2	128	0	19	91	12	0	78	37	14	1	3834	12	2	0	86	78	58	14	0	0	26	0	65	157	11	12	1922	9	0	0	33	4	104	0	1	130	0	3	2	2	13	51	9	0	5	4	77	3	22	39	0	7	0	19	12	8	50	0
np0529	0	1277	361	11188	0	0	174	0	0	0	145656	1302	488	29	2743	41	12	1133	13857	0	0	2791	15	2943	319	268	62	886	5	1907	353	0	715	3372	31	3	3	48	74	5826	0	22	1	692	216	205	39	52	11	0	456	280	32	303	7767	132	315	6	6	55	0	8	87	871	312	5	234	95	99	1325	23	1110	2435	2230	0	64	130	300	3438	65	10	37	2723	0	1621	14	69	5	5491	2884	9	1038	33	0	26	1634	814	22	73	21	796	64	182	2454	5
np0531	0	99	0	35	0	0	0	19	0	26	1518	0	4	0	94	0	0	0	11	12	0	16	0	673	39	1	3	0	0	108	9	0	24	55	2	0	0	0	0	1358	2	1	0	0	0	0	0	0	0	1	57	1	0	44	44	0	11	6	4	0	0	2	0	92	54	0	0	0	1	25	8	40	43	2171	0	1	154	0	5	45	0	0	105	4	460	0	0	0	686	299	0	16	15	0	0	2306	29	0	0	0	0	61	0	93	0
np0534	0	515	31	685	0	0	10	0	2	0	39615	117	697	0	2807	14	2	24	479	0	0	495	286	510	225	71	71	76	0	736	0	0	113	1364	358	4	100	0	12	541	0	7	0	78	319	45	0	2	5	0	1084	11	5	408	230	35	135	80	2344	34	0	115	7	892	204	0	28	28	56	436	3	354	2737	12541	0	10	1975	69	36	62	0	0	861	0	938	0	25	0	8256	438	53	193	65	0	1	195	208	0	33	0	0	21	4	821	0
np0535	0	337	71	3974	6	293	112	293	0	0	18125	295	140	12	1972	37	0	0	787	0	10	165	0	99	62	62	23	162	16	1315	0	63	231	1497	0	169	0	7	4	5655	0	0	1	0	35	0	4	12	6	0	146	133	3	110	274	68	0	155	2	15	0	0	43	267	181	0	107	9	3	415	375	151	275	4	3	4	191	52	334	8967	0	10	606	0	622	9	7	11	582	549	7	118	37	1	54	234	335	0	20	3	19	53	44	104	0
np0536	168	14270	32	937	95	0	180	42	409	24	17817	31	292	10	2820	23	7	8	424	537	126	173	11	12191	96	65	85	893	17	2725	24	22	1048	1987	0	1370	118	4	310	5494	6	11	2	100	359	50	20	16	2	514	206	29	12	314	1031	22	62	39	3	78	99	78	8	3584	285	5	19	5	12	767	1848	135	1497	74235	0	31	1081	71	854	6265	16	0	1637	3427	861	9	16	0	2208	775	3	233	94	2	102	192	250	4	16	2	16	199	47	485	0
np0537	1293	1850	13	208	18	0	4	0	3	0	1669	11	10	0	181	4	0	0	3	0	7	12	10	62	0	62	215	134	0	175	0	4	4657	180	0	10	0	0	10	404	0	27	1	1	3	0	0	15	1	82	268	0	3	23	102	51	4	5	0	17	0	20	0	339	177	1	5	7	0	58	830	13	1004	9054	0	0	0	31	6865	108	0	0	164	45891	161	16	3	2	454	1301	0	6	0	5	0	25	141	0	0	0	44	11	1	21	0
np0538	38	1002	6	3059	5	85	28	0	0	0	12834	172	85	4	616	8	2	0	254	0	0	97	0	84	0	62	13	156	23	237	0	8	48	613	0	80	0	5	25	1185	3	8	0	0	21	3	8	9	0	3	56	82	6	35	303	18	0	0	0	3	0	5	16	0	80	0	16	14	10	544	308	8	329	2263	111	4	0	50	815	2677	0	0	328	0	839	0	0	5	290	440	0	16	3	0	47	57	119	0	9	1	15	36	44	94	0
np0539	44	8461	19	1518	16	12	55	150	16	133	24764	133	650	16	2942	10	6	0	577	800	72	234	12	4915	721	65	83	194	28	1126	32	84	216	932	5	247	428	30	112	1551	47	7	0	83	434	31	91	18	2	7	301	15	21	963	821	11	290	8	0	107	102	101	6	3288	254	27	30	17	57	2450	386	205	1647	7340	0	148	1806	84	294	1373	8	3	1152	65	890	9	23	0	3836	1133	93	333	302	200	162	188	117	19	25	0	22	163	12	781	0
np0540	0	22	7	4572	0	0	23	0	0	0	22248	103	6	3	255	1	18	0	0	0	0	0	5	0	0	0	2	0	25	12	0	0	953	0	0	0	0	0	32	8	0	0	133	0	3	0	0	0	6	19	124	17	0	0	2	0	0	63	0	0	0	0	7	0	52	0	27	97	26	230	0	1	0	0	0	0	0	7	401	10	0	0	11	0	0	1	0	0	1	362	0	14	0	0	0	2	22	0	0	0	7	0	1	345	0
np0544	0	174	163	4159	0	0	35	0	1	0	31477	306	88	6	1248	8	0	446	3639	0	0	976	0	1033	73	57	11	202	0	508	88	0	368	1472	0	21	0	13	23	1711	0	2	0	196	31	55	13	24	4	0	108	67	3	73	1031	35	16	0	0	17	0	9	17	329	242	1	83	30	27	448	3	275	1011	1693	0	8	61	87	3849	40	0	4	446	0	392	3	19	0	1278	554	1	392	10	0	20	811	293	4	47	3	45	20	45	992	4
np0545	0	2440	4	303	307	0	1271	0	3	0	6908	119	56305	0	1183	34	0	0	0	0	0	122	19	0	0	15	17	1055	24	1258	0	2	25	982	4	147	0	0	65	1040	0	2	8	0	136	7433	4	12	0	44	261	115	0	7	32	5	0	21921	0	2	1	0	24	0	59	0	29	27	2	162	283	65	86	7190	0	0	0	14	653	213	1929	16	1036	0	123	0	4	0	249	148	6	16	0	0	31	20	1453	0	15	3	9	52	239	68	0
np0547	64	107	22	610	14	102	95	6	6	0	15453	39	192	0	811	12	3	25	1317	0	7	146	0	376	15	7	8	113	0	421	9	2	54	873	1	0	4	14	6	1032	0	3	0	0	92	5	1	0	0	3	85	19	5	93	528	90	0	0	0	19	0	0	18	124	82	0	16	5	7	178	254	51	312	2106	245	0	479	8	146	1633	4	0	290	0	531	3	0	0	894	592	0	64	28	0	10	118	822	3	19	0	185	15	13	31	0
np0548	85	1604	29	6267	13	117	62	0	0	0	27905	434	213	15	1406	52	6	0	402	0	0	165	0	174	7	107	19	377	47	656	0	18	76	1757	0	13	0	8	43	3101	4	22	2	0	37	0	18	22	2	404	142	224	19	62	623	63	8	1	3	10	0	6	53	0	181	16	58	10	18	1263	749	14	968	6406	203	12	0	66	1676	5525	6	2	667	0	2162	4	0	3	531	967	0	33	16	0	173	162	614	0	13	1	37	50	75	217	0
np0552	0	138	60	490	17	0	27	51	5	0	874	7	733	7	351	0	6	0	202	0	14	107	43	411	6	2	15	181	0	276	3	0	61	215	0	14	105	0	12	1171	0	1	0	0	40	23	1	3	0	7	41	30	0	107	45	5	3	18	0	12	0	145	13	103	14	0	16	3	3	34	330	65	40	735	0	5	524	27	53	381	0	0	355	0	22	0	4	0	196	58	3	61	4	0	1	341	71	0	0	0	22	28	5	140	11
np0555	33	775	67	1748	51	19	138	4	0	0	15892	150	429	27	1428	42	0	100	21	0	114	108	1	1151	0	49	26	307	2	475	0	0	234	1484	0	4	0	25	31	3255	2	0	0	60	79	45	8	16	0	0	171	65	6	194	709	160	0	1	0	18	0	1	22	408	173	4	90	18	38	867	1494	240	611	2314	0	2	0	90	522	1594	6	10	657	0	1459	7	8	2	180	384	0	75	2	2	32	642	140	68	31	0	45	95	26	170	0
np0560	2574	78	6	521	65	0	167	15	0	15	11887	15	279	0	338	27	1	0	7	78	258	28	11	44	64	6	36	95	9	766	0	58	123	354	0	0	8	14	1	583	72	9	0	89	31	7	7	5	9	7	568	0	21	41	31	53	5	113	0	22	641	0	0	717	63	0	13	12	66	3510	490	282	76	7052	0	20	318	18	36	26	0	0	92	11	1070	0	0	0	863	1490	2	33	57	4	47	6	89	33	21	45	23	81	2	519	2
np0563	0	98	8	90	7	0	8	162	0	0	1225	2	1078	1	275	0	0	0	13	0	0	121	70	514	34	8	12	146	0	147	2	0	62	126	1	6	409	0	6	852	0	1	0	0	48	4	0	0	0	7	66	4	0	175	65	3	20	17	0	8	0	150	0	187	32	0	0	0	0	5	378	18	12	759	0	33	384	11	6	150	0	0	219	0	9	0	2	0	302	28	0	138	2	0	0	101	71	0	1	0	13	26	0	671	4
np0564	21	1958	4	239	6	0	5	67	4	4	4728	9	71	0	433	0	0	0	367	249	7	78	46	2350	106	19	22	182	4	736	3	0	683	328	7	12	170	0	10	1044	8	2	1	33	31	9	3	2	2	72	92	2	5	176	633	21	21	6	0	23	2	62	0	1219	115	3	7	4	3	110	163	8	294	18478	0	29	946	8	638	1581	0	0	726	26712	83	0	0	0	1521	477	5	216	125	0	25	57	53	0	3	0	0	56	7	226	0
np0571	2	48	13	66	0	0	2925	0	42	0	449	11	13051	6	2617	1	0	3	225	0	12	43	24	34	1	159	5	1203	1	92	0	0	57	184	0	100	1	11	18	541	0	0	0	5	11	0	8	446	0	77	30	28	3	550	126	3	0	789	17	5	0	112	11	15	24	0	4	2	0	42	49	49	44	2865	19	0	0	126	7	431	0	4	333	0	7	3	6	3	72	4	0	0	9	111	16	26	35	2	7	0	6	38	24	16	0
np0572	82	115	0	33	166	0	5106	8	2	0	1422	12	28345	7	4396	3	0	0	1768	0	10	278	10	54	0	58	31	906	0	730	0	0	257	648	0	149	6	10	13	2126	0	8	0	64	319	0	0	130	1	33	505	36	10	48	412	33	5	5343	9	7	0	60	66	134	10	0	2	21	1	47	87	11	22	24258	0	0	0	21	31	85	11	0	913	0	34	0	0	167	270	1	0	1	6	30	0	186	67	0	2	0	241	110	6	267	0
np0574	6	707	2	566	3	84	31	10	0	2	10371	28	25	3	605	12	0	11	330	58	10	99	0	881	46	11	7	24	7	326	8	11	97	366	0	0	14	14	4	913	0	0	0	15	53	0	5	5	0	0	91	21	6	79	343	5	0	0	0	6	4	7	7	721	78	0	16	11	4	320	441	69	228	3504	0	4	222	13	768	615	1	0	226	1513	356	0	5	0	493	497	2	56	72	0	55	293	95	12	25	0	68	56	27	48	0
np0575	0	1354	88	2853	19	0	117	0	0	0	20965	434	77	6	944	38	0	0	0	0	0	55	0	27	0	89	9	336	122	1111	0	19	424	955	0	104	0	9	20	6119	0	0	2	0	43	9	8	24	4	3	154	87	3	16	590	238	4	94	0	15	0	3	10	12	252	0	37	21	17	727	636	21	2303	3834	0	12	0	59	1465	830	0	0	569	0	511	0	18	8	699	784	0	21	0	5	4	19	227	0	2	3	250	136	8	30	0
np0583	0	193	45	806	0	0	22	0	4	0	43787	82	120	2	2742	6	0	43	3866	0	0	1949	37	568	255	61	56	530	0	708	11	0	114	1150	25	182	0	2	38	2335	0	25	0	218	30	41	3	6	5	0	849	37	18	344	14162	19	13	19	3	18	0	25	64	1009	192	0	20	27	46	142	12	196	1043	7334	0	17	590	96	7612	4	7	6	2503	0	108	3	27	0	3198	263	43	1309	10	0	4	454	547	0	38	0	174	17	28	4742	6
np0589	0	61	24	291	0	0	7	0	1	0	22263	31	27	0	403	4	0	8	297	0	0	155	5	43	91	6	15	48	0	194	19	0	11	327	0	38	0	0	10	349	0	2	0	25	5	15	0	2	5	0	189	40	0	80	2793	9	30	6	0	8	0	11	5	305	14	2	7	10	24	82	10	77	188	448	0	24	108	24	3478	0	0	0	100	0	89	2	10	0	859	31	4	270	22	0	3	77	61	2	13	0	9	6	6	1745	0
np0590	8	2953	133	5631	42	0	700	27	13	0	45881	372	253	31	7387	60	2	584	7510	0	330	593	34	769	12	66	156	252	125	2616	0	19	2775	4580	0	0	618	67	87	8502	0	4	6	74	1183	0	22	99	6	63	702	245	47	1665	2064	524	14	26	37	44	0	11	48	382	993	3	271	36	41	5289	11753	813	986	70388	351	0	0	66	1577	17077	0	7	1774	0	2431	0	5	11	1906	2125	0	173	379	0	136	1548	1293	30	414	1	284	174	174	838	0
np0592	13	923	36	929	9	100	73	25	21	0	19378	44	150	5	594	7	6	20	197	146	36	133	8	733	52	23	19	118	15	467	16	24	99	392	3	48	54	9	20	959	0	3	2	20	64	14	11	8	3	3	85	29	1	66	567	19	20	12	1	13	10	14	7	1571	61	0	27	5	10	662	647	71	305	3416	0	11	182	27	435	502	2	0	301	188	493	2	9	1	750	589	0	42	117	0	18	234	63	4	15	1	42	45	25	90	0
np0593	0	1520	731	5303	9	0	161	2438	49	0	23144	170	4460	60	7230	27	31	29	2909	0	31	2316	152	14372	116	91	567	2884	13	5051	101	0	1618	4256	10	5	2243	40	48	18872	0	6	0	0	652	268	17	4	0	66	799	318	90	2790	2438	68	108	174	0	236	0	2300	178	2152	599	4	205	20	29	739	8075	766	999	19622	0	774	14311	424	1821	5644	9	13	4405	0	610	4	76	7	7962	867	86	1637	199	0	13	8298	391	0	31	0	751	300	94	2948	179
np0594	695	1026	30	354	943	0	138	19	100	0	14775	8	2291	3	2832	26	0	16	105	0	22	407	159	2927	37	8	19	812	0	1236	17	6	162	770	0	20	0	15	8	10508	1	26	0	0	204	6	3	2	3	67	493	40	32	145	2319	113	0	0	0	132	0	1	26	404	160	0	19	13	13	95	580	178	580	11687	535	3	2146	17	160	3813	0	0	2373	0	867	2	4	2	1679	335	0	220	37	4	1	52	105	0	61	0	49	80	25	83	0
np0595	31	125	3	366	25	0	102	81	15	0	24119	68	47	8	5641	3	1	1	11783	0	42	1265	0	279	0	21	93	65	53	661	0	4	50	495	0	16	13	5	68	5435	0	8	0	41	473	0	6	18	1	88	661	17	23	201	922	396	1	44	13	22	0	34	111	13186	163	3	0	39	0	274	3332	25	77	10766	25	0	0	15	28	1457	0	0	1143	0	58	0	0	24	1338	26	0	15	64	19	0	88	53	0	18	0	580	207	7	380	0
np0601	9	305	32	522	7	0	2487	20	2	0	11454	65	76	12	5856	1	0	3	20161	0	30	799	4	100	1	29	23	361	20	1476	0	23	85	1286	1	9	48	8	14	1791	0	0	0	28	60	0	1	39	1	10	48	43	5	162	509	21	0	5	3	12	0	51	223	750	151	3	27	4	4	544	2154	147	150	3390	172	0	0	17	147	481	0	0	867	0	65	2	0	932	715	75	0	72	26	23	19	359	65	1	24	0	60	43	12	146	0
np0604	0	196	8	523	141	1	114	16	51	0	21095	126	189	11	1760	36	0	0	19	0	151	192	0	72	10	35	83	209	6	2066	0	1023	704	1131	0	317	0	59	51	1236	13	2	46	0	53	0	4	14	3	0	830	580	5	429	1171	112	155	389	0	41	0	0	91	188	525	0	32	6	0	228	1134	860	60	19	2398	3	1335	53	56	929	13	6	465	0	1065	5	4	30	1467	1100	7	51	3	6	113	49	409	384	12	4	216	92	6	2015	0
np0607	13	670	0	105	29	0	0	10	0	0	2495	13	100	0	329	0	0	2	20	0	0	52	0	209	0	8	8	50	0	204	0	0	125	223	0	223	0	0	0	482	5	0	0	23	15	6	1	4	0	0	145	12	0	70	81	54	1	195	0	25	0	23	28	828	34	0	8	3	0	49	2147	16	65	16426	0	2	0	9	14	521	4	0	282	779	106	3	0	0	452	185	2	107	0	4	3	29	42	0	0	0	413	5	0	9	0
np0612	0	363	50	1665	0	0	26	0	0	0	14279	104	110	0	625	8	0	221	2249	0	0	437	0	639	23	55	9	90	0	331	17	0	153	580	24	0	25	12	10	928	0	2	0	79	26	49	6	14	0	0	51	29	10	78	311	39	10	0	0	4	0	38	16	62	83	0	64	2	14	191	0	127	533	415	0	16	252	84	2067	61	0	7	443	0	541	0	32	0	432	479	1	107	2	0	10	143	561	4	13	0	24	19	44	794	1
np0613	0	405	12	867	8	0	76	26	0	0	14687	77	42	11	1889	14	0	19	6838	0	42	611	21	194	0	11	31	32	53	418	0	11	45	807	0	0	90	0	15	2636	1	0	0	29	360	0	2	24	0	3	103	11	15	331	487	102	4	4	0	20	0	4	32	1364	270	1	11	11	3	592	3306	54	119	18136	140	0	0	4	144	3194	0	0	420	0	115	0	1	8	1010	116	0	78	100	0	17	105	114	0	71	0	354	55	8	185	0
np0614	7	779	89	1217	19	0	877	4	205	0	11147	90	175	17	5322	6	0	29	4865	0	124	428	17	328	5	39	146	420	27	739	0	7	195	1347	0	11	177	26	14	4578	0	2	0	34	30	0	6	40	1	2	108	41	12	439	1113	38	11	15	1	67	0	83	24	1622	490	4	58	19	9	786	5254	617	474	1856	350	0	3	21	614	1621	0	0	1133	0	212	1	2	0	933	237	0	131	283	0	80	86	198	0	101	0	258	56	35	248	0
np0615	11	630	145	4232	54	0	52	0	4	0	11754	146	91	16	2324	14	7	0	9	0	55	45	1	71	0	97	107	303	5	946	4	0	1447	1341	0	17	0	10	7	3568	0	8	1	26	80	16	0	39	1	0	250	2	9	52	1486	39	0	0	1	5	0	65	5	70	174	1	30	26	30	715	880	51	816	14275	0	0	0	40	815	597	7	0	106	19704	331	24	11	2	430	605	3	70	3	6	7	43	725	0	12	5	29	65	20	107	0
np0616	26	5685	109	4469	18	621	216	122	42	33	82343	254	263	47	4217	59	41	16	2739	624	105	716	0	5818	483	70	93	219	91	4091	307	121	996	4976	0	2	310	30	45	9208	13	15	10	222	371	116	30	11	10	8	606	147	47	779	3894	148	66	4	0	71	0	41	38	4908	857	24	171	40	52	2732	4472	436	1188	24275	2	138	2199	124	2197	3309	7	0	1383	544	3799	0	0	7	5341	2990	56	753	560	0	294	2315	327	69	124	12	591	533	137	693	2
np0617	0	120	81	620	0	0	6441	0	0	0	9208	110	66292	10	15510	9	6	1	0	0	0	14	4	3	0	6	6	6157	15	151	0	0	2037	2	0	64	0	223	25	163	0	0	114	0	62	0	13	7	13	95	939	2272	3	2	23	5	0	67811	0	0	0	0	33	0	45	0	34	354	0	242	0	45	0	5	1	0	0	319	5891	99	10	0	123	0	0	2	12	0	31	264	3	12	0	0	25	16	1739	0	19	1	8	0	3	10	0
np0619	52	69	0	279	90	0	153	346	44	0	30311	86	83	8	14262	35	0	0	18228	0	232	2431	33	518	0	9	802	113	61	2034	0	0	618	1187	0	12	6	7	340	13422	0	58	0	104	258	0	8	22	1	2162	3064	13	42	75	3260	248	4	58	6	31	0	51	140	11035	108	0	2	77	2	114	2528	109	77	29005	5	0	0	11	8	821	0	0	2165	0	2489	0	2	158	946	776	0	12	77	0	3	635	15	0	21	0	2376	621	8	944	0
np0623	130	4962	36	1728	256	0	431	7	4	34	16594	61	444	15	5994	6	1	0	145	332	12711	712	272	6803	398	83	185	834	5	3262	0	34	1927	1243	262	400	43	1186	343	3279	18	58	11	80	5134	90	11091	30	0	472	1358	22	6	58	2322	199	308	35	3	342	44	302	3	6100	354	25	22	38	5	9174	61	130	1176	36797	0	28	3127	74	82	516	62	2	872	522	2527	13	20	4	4412	2056	12	402	127	56	40	42	1127	0	5	3	3	1169	28	9398	0
np0624	0	126	2	50	26	0	12	29	4	0	897	1	1653	0	165	3	0	0	9	0	0	86	105	212	16	5	26	164	0	267	5	0	74	295	2	39	295	0	2	1614	0	0	0	0	45	17	0	0	0	15	108	32	2	191	76	4	23	33	0	0	0	317	24	135	27	2	1	2	6	3	256	27	14	1450	0	1	401	20	4	138	0	2	185	0	17	1	2	0	302	61	2	46	3	0	0	31	216	0	1	0	24	35	1	283	4
np0625	0	154	142	743	0	0	22	455	0	0	6845	35	225	12	729	4	0	2	421	0	0	268	63	1626	21	6	45	198	0	562	35	0	279	447	9	20	158	0	30	2052	0	0	0	0	44	25	3	0	0	175	135	25	9	200	609	14	0	8	0	26	0	136	29	534	90	0	16	4	15	191	1037	290	373	4363	0	123	5377	36	504	715	0	0	353	0	193	0	1	3	1584	643	19	312	32	0	2	833	102	0	5	0	208	28	12	220	5
np0626	374	187	1	462	10	0	16	0	0	0	25799	9	148	4	243	12	0	3	150	0	12	229	0	680	24	0	19	128	0	726	0	74	53	684	2	5	0	1	12	1990	6	11	0	0	16	1	0	0	0	2	185	18	0	84	507	29	57	0	0	47	0	0	11	430	53	0	4	13	5	82	908	17	412	1644	752	13	878	2	84	697	3	75	518	0	411	0	0	0	2728	247	0	147	20	0	1	136	112	0	0	0	68	386	8	1139	6
np0627	71	3595	14	10159	49	0	56	0	0	0	80134	2833	605	198	3174	27	31	0	274	0	7	600	0	223	161	97	152	868	96	582	0	1114	1847	1156	0	19	0	32	72	1483	376	23	8	0	103	8	3	47	137	231	4376	8	9	46	1276	233	1132	1	1	9	0	91	47	88	172	1710	123	134	378	3028	247	80	1579	6598	33	100	0	146	17	2281	3	2	459	0	6505	10	17	10	26856	6813	0	420	117	6	12	62	54	3	28	0	0	204	18	2682	0
np0630	61	457	0	149	0	2	2	9	0	445	15373	15	28	2	366	0	0	0	27	20	0	228	7	1502	221	15	47	27	1	449	1846	59	240	198	0	13	8	2	17	13187	10	2	0	9	24	3	0	4	4	64	249	117	0	58	690	42	58	16	4	4	14	41	5	1549	225	39	8	18	29	285	54	172	320	8162	0	38	6448	15	29	150	3	0	416	57	4471	1	2	12	4373	1612	1	125	297	0	32	2331	185	0	8	1	0	198	2	727	0
np0631	43	2091	22	302	25	1	66	21	77	3	5182	23	96	4	2308	3	3	0	59	267	2867	89	366	3212	65	20	41	399	0	1220	1	14	862	622	0	65	8	253	485	1685	14	2	0	48	1724	29	444	15	0	1077	186	7	7	44	898	24	14	3	0	91	130	119	4	1648	156	0	9	10	0	282	163	37	458	18760	0	13	1838	22	28	331	10	0	265	1441	691	2	6	1	1660	1004	9	175	47	0	14	26	104	0	13	0	3	1218	19	893	0
np0632	0	23	19	423	0	0	12	0	0	0	17737	35	21	0	641	9	0	0	605	0	0	177	69	1210	109	8	15	163	0	346	6	0	58	516	55	5	11	0	9	615	0	0	0	119	6	11	0	0	8	64	164	32	0	125	7880	0	28	0	159	0	0	15	12	73	109	11	5	8	24	38	7	35	292	2483	0	2	162	16	7	0	2	0	519	0	33	0	0	0	1319	2	4	172	4	0	2	49	86	0	0	0	22	0	3	3326	0
np0636	23	2274	57	988	14	153	118	13	33	0	18508	39	126	7	1291	13	4	15	693	146	61	162	1	1788	58	30	18	283	17	1165	25	15	328	864	0	4	29	23	39	2009	0	7	0	63	330	27	12	5	0	7	154	40	11	209	470	67	10	0	0	17	2	25	7	1461	137	3	28	7	13	621	1085	152	709	8002	0	14	522	39	966	2119	3	0	415	607	928	6	6	0	850	734	1	77	83	0	56	203	152	17	25	13	85	162	35	89	0
np0639	0	1632	98	2142	0	0	146	0	0	0	33420	366	735	13	5607	21	0	47	2793	0	4	1809	89	3280	104	116	63	108	0	867	16	0	525	1356	181	4	108	66	16	2453	0	9	1	134	218	281	21	30	2	0	580	36	5	1290	406	46	72	3	779	72	0	74	9	403	402	0	73	6	24	625	22	184	1099	2659	0	46	1944	153	1203	180	7	0	6672	0	757	2	75	0	2914	2281	32	419	19	0	15	124	1197	0	27	0	177	96	66	1611	6
np0643	0	241	10	80	12	0	27	18	3	0	1766	0	3406	0	454	2	0	0	8	0	0	109	193	616	74	10	38	259	0	504	9	0	156	642	4	42	1374	4	20	2347	0	6	0	0	79	22	0	1	0	23	224	20	2	361	119	7	34	56	0	11	0	271	12	382	43	0	1	0	3	11	1593	54	30	2651	0	23	888	30	1	217	6	1	332	0	21	1	3	0	743	110	7	88	7	0	0	85	368	0	0	0	31	60	0	2204	5
np0645	417	941	0	16	4	0	0	3	0	0	423	1	5	0	11	3	0	0	1	0	3	5	6	32	1	14	33	34	0	33	0	0	1603	5	0	54	0	0	0	66	5	6	0	0	0	0	0	4	0	3	93	2	0	1	96	19	7	4	0	10	0	0	0	40	81	0	1	0	0	3	107	0	103	1459	0	0	0	5	26	31	0	0	15	8932	60	0	0	0	391	382	0	2	0	2	0	8	9	0	0	0	5	2	0	14	0
np0651	84	287	0	15	19	0	0	9	0	0	214	1	13	1	156	0	0	0	6	14	0	26	0	165	16	5	14	39	0	444	12	0	434	221	0	0	0	0	12	9358	1	14	0	2	2	6	2	0	0	0	140	564	0	258	23	29	0	14	0	4	121	17	1	121	16	0	2	1	0	20	9	18	150	18007	0	6	543	13	14	71	44	0	630	8	81	4	5	4	1023	343	0	1	16	0	14	1061	358	0	0	0	0	82	0	384	0
np0652	0	25	118	931	1	0	26	48	4	0	908	27	170	1	299	0	1	2	101	0	0	163	0	331	18	5	2	102	0	290	6	0	47	224	0	0	72	7	8	585	0	0	0	0	51	29	5	0	0	1	28	23	5	60	40	7	1	0	0	9	0	120	6	119	66	0	20	0	1	47	55	35	18	936	0	9	245	36	147	273	2	3	154	0	40	0	5	0	143	18	3	32	20	0	7	137	176	0	7	0	0	17	14	215	26
np0653	0	3796	0	46	38	0	620	0	0	0	5308	22	2355	0	1514	17	0	0	0	0	0	29	2	0	0	1	12	397	12	344	0	0	5	191	1	4	0	2	21	2986	0	1	0	0	43	747	0	0	0	3	196	10	3	0	3	0	0	35	0	3	0	0	0	0	10	0	3	5	0	43	199	11	61	28172	0	0	0	0	473	13	328	0	437	0	173	0	0	0	119	122	0	0	0	0	6	0	389	0	3	0	0	83	94	28	0
np0660	115	843	205	1083	147	6	2447	0	129	0	3045	81	2881	7	2697	164	0	227	175	0	45	204	0	419	14	214	29	176	0	690	5	7	439	1400	7	28	0	84	301	7292	0	2	0	0	226	47	17	25	6	52	360	189	31	133	298	263	57	1077	3	27	0	0	60	136	125	0	93	29	16	274	58	54	153	376	86	17	57	237	246	1865	11	25	2114	0	311	24	58	5	730	312	0	95	27	4	87	560	896	107	201	8	33	70	348	202	0
np0664	0	180	67	540	13	0	44	97	1	0	1260	7	1300	6	650	2	8	0	429	0	10	139	23	697	3	10	34	301	0	464	7	0	120	344	0	0	86	4	0	2082	0	3	0	0	118	36	0	0	0	12	91	30	7	204	94	10	10	2	0	10	0	235	10	190	42	0	12	0	1	36	326	79	44	1668	0	10	881	37	94	701	0	0	507	0	34	0	6	4	340	120	6	66	9	0	2	558	138	0	0	0	55	47	6	164	11
np0665	0	703	86	588	419	0	9	4	47	0	2779	26	1585	6	1034	0	7	2	205	0	9	97	100	1175	2	10	25	545	0	1307	11	0	386	1072	14	227	30	8	72	3870	0	2	0	0	123	17	0	0	0	1335	435	129	3	269	169	18	8	127	0	16	0	263	62	245	133	0	24	5	17	158	302	881	785	12782	0	57	11725	49	59	1446	11	0	1350	0	77	0	7	3	1490	1911	6	136	1	0	2	766	87	0	0	0	64	427	8	87	8
np0667	9	437	57	2867	24	0	115	0	3	0	6597	62	72	6	1865	11	4	0	0	0	50	28	0	40	1	65	74	165	4	640	0	0	708	913	0	6	0	5	3	2766	0	7	1	8	71	14	0	21	4	0	201	1	8	54	520	8	0	0	0	11	0	19	7	56	91	2	30	4	22	367	655	23	474	7291	0	0	0	30	419	493	1	0	66	12701	235	23	12	0	292	425	0	42	0	0	0	26	198	0	8	4	82	65	12	60	0
np0668	0	44	3	300	36	4	18	23	14	0	9357	58	40	6	460	11	0	0	6	0	13	68	1	34	4	13	22	126	4	1130	0	408	452	280	0	57	0	8	14	385	12	0	9	0	17	0	0	2	5	0	161	120	2	104	955	40	45	155	0	8	0	0	32	109	99	0	15	0	0	133	573	228	29	2	484	0	625	9	7	357	2	0	176	0	268	0	3	14	1131	600	0	33	6	2	64	20	102	12	4	0	154	21	3	457	0
np0669	0	13	48	421	1	0	10	13	0	0	649	12	96	6	132	0	7	1	64	0	1	58	0	257	10	1	4	52	2	132	5	0	22	109	0	0	22	2	5	254	0	0	0	0	20	24	0	0	0	0	24	19	4	29	18	8	1	0	0	11	0	66	3	73	31	0	12	0	0	27	53	14	26	559	0	10	218	20	101	217	0	2	70	0	24	1	2	1	118	23	3	20	6	0	6	62	46	0	0	0	8	11	5	81	6
np0672	0	192	0	5959	63	0	98	0	36	0	78031	14	13	4	3246	45	0	0	0	0	0	2	0	121	0	4	6	323	20	639	0	0	5	1138	0	21	0	8	17	1579	0	0	6	0	1401	0	0	2	0	110	79	19	1	165	1294	493	0	11	0	7	0	0	58	0	12	0	88	201	25	1604	0	24	221	5	0	0	0	0	45	7780	0	1	319	0	2246	0	2	0	1567	2896	2	1	0	2	2	44	80	0	10	1	156	15	360	19	0
np0674	20	1848	64	929	6	94	57	22	42	1	14201	51	92	9	631	9	5	17	461	132	25	124	0	1073	74	34	12	126	27	739	20	21	159	635	1	12	44	7	17	939	0	0	0	26	64	14	5	10	1	0	110	18	8	76	448	26	11	0	0	9	9	27	11	1793	67	1	19	13	5	604	620	82	476	5889	0	12	331	31	560	751	0	0	237	206	549	3	8	0	675	871	1	50	67	0	32	196	131	20	20	2	43	56	17	95	0
np0676	285	351	139	825	2275	1	441	0	4	0	3656	48	27250	23	2896	118	0	29	80	0	81	289	54	55	0	209	66	778	0	1168	2	23	239	1685	163	294	0	26	66	8938	0	3	4	0	130	21	0	36	8	444	222	204	59	45	56	144	31	57116	0	33	0	0	52	41	139	0	29	11	2	173	11	168	411	2004	88	0	24	317	78	500	5	15776	2454	0	114	48	87	0	934	150	0	43	0	0	21	687	1595	2	18	1	3	53	183	48	2
np0677	0	37	0	47	10	0	13	9	7	0	466	3	679	0	97	1	0	0	16	0	5	38	23	64	0	4	10	122	0	76	1	0	8	92	2	14	28	0	0	293	0	0	0	0	11	10	0	0	0	1	47	6	0	71	8	4	6	52	0	0	0	98	0	47	5	2	0	1	0	2	208	21	24	275	0	2	197	11	1	80	0	0	102	0	5	0	0	0	68	22	0	25	0	0	0	116	68	0	0	0	9	10	0	64	14
np0682	0	49	0	845	0	0	11	0	2	0	14949	5	83	0	732	0	0	0	369	0	0	662	22	229	97	19	11	30	0	240	74	0	34	330	94	4	49	6	4	858	0	0	0	28	1	11	0	5	0	16	327	17	0	163	3452	5	51	4	228	0	0	153	3	245	38	18	0	16	44	49	0	64	437	920	0	20	853	22	361	0	0	0	293	0	46	0	16	0	1286	81	11	329	35	0	0	107	117	0	0	0	2	8	3	10575	47
np0683	12	10	0	2	20	0	338	0	0	0	147	0	911	0	174	0	0	0	26	0	8	0	9	4	0	2	0	107	0	77	0	0	0	26	0	28	0	0	0	22	0	0	0	3	56	0	0	3	0	0	3	12	0	1	3	0	0	107	8	0	0	6	4	8	1	0	0	0	0	4	10	0	0	205	7	0	7	2	0	10	0	0	28	0	0	0	0	0	10	0	0	0	0	45	0	22	0	0	1	0	0	12	0	7	0
np0685	0	623	49	625	71	0	33	29	33	0	4035	49	3180	18	658	9	0	0	275	0	32	114	244	1041	13	15	61	547	0	863	6	0	466	767	7	15	75	3	33	3732	1	14	0	0	49	26	0	0	0	788	376	112	5	197	100	47	30	223	0	10	0	269	45	227	63	0	24	8	45	97	792	964	339	9691	0	21	4949	80	120	1576	8	0	1534	0	200	1	18	0	679	1081	19	27	6	0	0	809	346	0	0	0	107	143	2	282	3
np0687	1924	62243	44	496	212	0	58	3	1	260	11245	26	15203	10	9566	17	3	0	132	499	442	252	16	20332	217	185	157	863	4	2991	5	35	1220	3006	1	254	67	91	32	3118	8	60	0	96	2458	14	679	32	0	4	2469	3	71	434	427	11	13	2050	7	393	4305	389	2	2381	1478	4	18	52	250	546	53	186	6451	83785	0	18	10635	201	63	821	53	0	7559	693	1429	16	72	0	5621	6920	131	135	104	2653	225	39	2111	4	4	0	0	1358	6	4413	0
np0688	0	1053	57	1787	22	0	389	10	8	0	13440	107	109	17	3399	20	5	170	2696	0	110	169	44	349	4	23	53	70	33	996	0	10	940	1937	0	0	187	16	32	3317	0	3	3	33	470	0	12	33	0	28	207	84	18	495	641	253	5	5	8	25	0	7	18	112	312	1	138	17	11	1662	3213	228	280	28533	92	0	1	19	590	8280	1	0	695	0	668	0	2	2	568	781	0	52	141	0	78	435	549	10	130	1	98	87	83	240	0
np0690	0	1802	733	5922	692	0	100	243	50	0	25058	227	4049	77	3960	17	43	2	1825	0	102	652	99	4938	40	41	184	1737	9	5675	45	7	1335	4086	96	219	363	25	618	13887	0	6	0	0	306	123	8	1	4	2453	1412	389	18	1292	1199	106	49	497	2	91	0	692	164	2073	634	4	146	25	136	1115	4631	4331	3051	29781	0	523	32110	187	1212	6309	22	0	5619	0	679	3	36	10	6336	6156	26	1006	62	0	4	4773	478	0	15	0	748	368	39	1499	73
np0691	7	318	0	333	8	0	91	9	4	333	18174	6	22	9	700	4	0	2	121	273	212	60	6	1071	63	18	8	48	3	278	4	20	275	243	0	98	138	6	3	538	11	0	0	25	500	55	20	0	0	388	35	0	6	895	557	5	51	11	0	15	0	28	0	3284	58	0	5	4	5	265	29	0	639	17047	0	43	562	22	176	118	0	0	245	219	158	5	0	0	1174	452	1	262	160	4	58	28	21	4	33	4	0	79	5	271	0
np0697	0	394	0	152	270	0	710	0	6	0	2309	55	64407	0	570	28	0	0	0	0	0	55	18	0	0	6	5	270	4	520	0	0	12	540	9	391	0	1	81	479	0	0	0	0	104	2670	1	9	0	74	204	44	0	8	10	4	1	51354	0	1	2	0	13	0	22	0	14	66	2	60	44	26	50	1431	0	0	0	8	115	73	242	4	286	0	58	0	0	0	169	20	3	10	0	0	13	1	583	0	0	1	0	8	98	49	0
np0700	0	299	111	2771	4	0	56	0	0	0	21842	224	235	0	1627	21	1	170	2426	0	0	1005	2	2231	49	83	10	103	0	958	80	0	375	972	12	0	50	27	2	1662	0	0	0	161	41	104	18	14	0	0	113	82	20	192	725	17	17	0	147	23	0	39	18	154	139	0	88	4	23	415	0	103	511	970	0	25	382	142	1159	37	1	10	983	0	409	10	54	0	922	791	0	192	11	0	8	571	1113	0	30	3	28	38	57	1421	7
np0703	0	20	18	328	0	0	20	97	8	0	850	12	314	2	206	0	4	0	47	0	9	71	0	223	6	2	13	72	0	168	2	0	4	87	7	5	54	1	0	363	0	0	0	0	19	9	0	0	0	0	31	8	0	77	28	0	6	7	0	3	0	106	5	105	17	1	3	1	0	15	121	24	26	134	0	14	290	14	36	110	0	0	78	0	10	1	3	0	149	15	4	81	2	0	0	141	32	0	0	0	10	15	3	230	101
np0705	0	1689	41	643	272	0	770	43	598	0	2034	18	5254	7	2183	6	0	0	475	0	663	439	751	1859	3	23	49	1983	0	1929	12	0	819	2268	5	209	153	175	31	13805	0	6	0	0	252	962	5	1	0	159	1000	69	9	1263	169	71	21	319	0	54	0	595	65	369	149	0	16	6	1	56	826	615	90	23296	0	77	4020	92	94	2795	8	4	3269	0	69	2	21	2	833	310	9	97	14	0	4	1075	1392	0	0	0	188	250	31	228	22
np0708	0	156	18	1772	50	0	34	56	0	0	28265	115	110	8	1346	45	0	0	78	0	28	169	0	407	24	20	18	1081	4	2953	0	465	1863	1055	0	114	0	12	0	743	37	0	0	0	48	0	1	6	11	0	372	54	9	199	2913	164	219	706	0	21	1	0	94	596	336	0	30	8	0	411	648	421	112	23	159	0	913	31	15	884	9	2	838	0	1722	5	7	54	1444	784	0	91	15	13	3	38	364	0	10	0	76	49	6	491	0
np0711	360	2992	5	85	94	0	11	7	105	138	1427	2	571	3	3139	10	0	0	53	120	34	71	163	672	2027	43	144	456	0	5706	41	19	5844	5895	28	88	9	9	85	4385	34	15	1	27	22	10	18	16	0	47	767	5	4	362	129	115	131	30	2	173	102	30	114	1582	618	16	4	11	2	45	173	15	2217	55116	0	1	1326	45	3	286	15	0	1685	411	145	0	10	2	2387	861	1	35	121	8	45	49	506	0	12	0	0	74	11	720	0
np0713	11	1164	3	643	5	47	22	48	0	149	16538	40	38	0	867	11	0	0	855	312	17	227	0	3668	368	38	28	38	10	498	38	17	337	579	0	2	162	4	0	9681	11	4	0	33	45	25	9	8	0	0	99	78	11	556	720	31	72	0	0	42	0	21	21	1321	226	6	14	15	12	327	266	168	598	27167	1	81	1567	47	375	508	0	0	1035	305	1503	7	0	23	2301	546	5	370	264	25	56	892	220	11	11	2	0	225	23	527	0
np0719	8	1350	76	1063	26	94	115	7	0	2	11414	58	81	12	1216	20	6	19	495	70	0	259	0	1129	47	35	10	61	14	859	5	31	231	1030	0	0	41	14	13	2276	1	0	0	15	66	50	18	9	2	1	81	47	4	97	418	31	11	0	0	7	15	6	12	1044	173	0	60	26	0	515	320	101	239	7195	0	5	225	35	1030	1015	0	0	524	389	594	6	7	0	546	329	5	129	89	0	101	274	544	22	24	6	63	90	62	114	2
np0720	0	37	15	203	2	0	13	14	0	0	1527	5	53	3	245	0	2	0	54	0	4	65	57	191	7	1	14	37	1	166	2	1	79	96	22	10	70	0	5	497	0	0	0	0	6	5	0	0	0	147	40	12	2	69	103	3	6	9	0	2	0	38	9	93	29	1	2	2	0	32	228	90	100	984	0	42	1425	10	66	190	0	0	134	0	35	0	0	1	274	155	0	70	3	0	0	227	44	0	0	0	38	8	0	117	4
np0724	0	2035	6	414	118	0	131	0	0	0	1933	154	16133	2	557	22	0	0	0	0	0	24	0	6	0	32	20	3871	0	312	0	0	63	323	0	0	0	2	5	555	0	0	1	0	524	0	0	18	0	0	46	192	10	8	95	30	0	3368	0	0	0	0	48	0	99	0	55	7	1	70	0	140	8	0	0	5	0	21	138	456	0	15	416	0	2	8	4	0	85	36	10	26	0	122	50	61	88	0	42	8	11	15	27	50	0
np0725	0	198	53	4110	0	233	49	439	0	0	27290	210	217	15	940	24	0	0	742	0	8	178	0	100	49	45	17	66	8	858	2	169	186	972	0	129	0	10	57	3140	6	0	44	0	32	0	0	18	9	1	160	340	0	113	556	44	17	120	0	13	0	0	30	407	148	0	83	10	11	425	646	122	347	17	9	0	304	37	605	2331	0	6	432	0	1883	9	12	11	846	571	3	189	38	1	19	520	58	0	8	0	26	41	14	138	0
np0726	0	281	44	437	0	0	70	0	11	0	17214	46	1510	0	1513	14	0	8	968	0	0	1988	487	598	60	118	19	235	0	482	38	0	59	2288	246	65	74	5	70	1817	0	4	0	52	6	60	0	20	3	15	378	29	7	137	17952	1	46	16151	1272	5	0	4809	12	288	522	14	18	18	27	96	15	158	441	1486	0	44	264	107	827	53	19	0	3263	0	200	10	38	0	2780	253	1	425	13	0	0	360	289	1	17	0	75	15	18	3111	0
np0727	0	112	10	138	4	0	51	13	16	0	1464	4	159	1	242	1	0	1	66	0	25	99	185	322	4	0	15	101	0	190	4	4	348	168	1	1	69	12	5	742	0	3	0	0	13	35	1	0	0	31	109	16	0	146	69	7	12	6	0	2	0	238	11	110	19	0	0	1	1	17	462	96	79	3122	0	35	1559	8	111	427	0	0	201	0	52	0	0	0	376	248	3	33	10	0	0	185	40	0	0	0	95	9	2	54	0
np0729	0	107	0	9	7	0	0	0	0	0	651	0	4	0	113	0	0	0	12	9	0	17	0	208	14	1	0	4	0	187	12	0	47	130	0	0	0	0	0	1668	2	0	0	0	0	5	0	0	0	0	115	95	0	169	25	0	0	12	0	5	0	0	3	60	21	0	0	2	0	6	4	15	83	5167	0	0	311	3	0	50	3	0	342	18	94	0	0	2	358	158	0	4	16	0	10	120	103	0	0	0	0	48	0	113	0
np0731	89	10431	493	5662	42	331	230	96	162	17	85864	200	385	55	3967	82	28	63	1701	506	187	623	0	4675	193	130	77	676	62	3419	39	118	958	3427	5	29	109	64	104	7563	0	6	4	60	315	88	29	40	12	15	442	134	42	340	1127	221	59	5	0	35	38	97	68	11841	550	9	134	49	35	3312	5118	634	1785	24918	0	39	1840	142	3277	4737	10	4	1306	2071	3434	21	27	2	2749	3465	1	286	337	0	283	1126	467	95	90	42	702	275	123	444	0
np0732	25	3727	25	2479	29	0	4505	163	15	0	24203	298	253	33	21691	352	4	61	5306	0	7297	1136	0	7226	106	39	246	471	51	3603	0	22	3968	3922	0	69	205	44	166	44015	35	24	7	48	3254	0	15	80	4	429	1429	42	78	14122	1603	411	126	6	21	392	0	38	12	608	2185	11	160	40	25	2598	5136	848	535	204927	1578	9	0	33	527	5157	0	4	2872	0	2258	3	1	3	7970	1657	0	445	663	0	290	128	1782	3	375	1	54	659	112	1073	0
np0738	7	1119	0	167	16	0	12	1	3	0	3091	6	24	0	927	0	0	2	1268	0	14	106	0	367	7	4	5	45	2	279	0	0	503	427	0	11	12	0	59	1497	0	3	0	8	37	0	0	3	0	8	266	4	4	274	459	158	0	14	4	16	0	0	1	77	129	0	13	1	1	160	1492	78	24	51640	534	0	0	0	324	3073	0	0	97	0	134	0	0	0	307	123	0	27	77	0	0	16	97	0	21	0	19	9	5	87	0
np0741	0	115	26	25745	0	1	230	0	27	0	135690	647	27	52	2773	6	65	0	0	0	0	5	123	0	2	7	6	25	87	71	0	0	8859	65	0	44	0	7	110	101	0	0	1063	0	17	1	3	1	4	208	1475	158	0	0	15	0	0	723	0	0	0	0	66	0	420	0	167	1458	35	1170	51	32	5	12	0	0	0	38	6365	73	0	3	83	0	0	0	0	0	23	3228	5	587	0	0	10	12	129	0	6	1	530	0	2	19001	0
np0742	264	2477	0	2103	77	5	543	11	0	0	33589	74	247	14	790	110	0	15	20	0	146	152	0	670	19	28	113	428	2	1871	0	7	210	1479	0	94	0	16	7	14489	14	9	9	271	56	26	0	6	5	3	705	57	5	87	640	146	24	67	0	23	0	36	195	1447	2019	20	19	61	221	1087	1853	422	577	8706	0	30	0	32	175	585	11	5	241	0	1108	0	3	0	2932	2036	0	315	36	2	185	111	1056	1071	43	7	20	31	4	638	0
np0744	0	292	26	741	4	0	24	1180	5	0	3509	10	1360	6	1174	5	6	1	162	0	13	325	44	1114	42	15	50	363	0	554	14	0	191	502	0	10	507	7	14	1665	0	1	0	0	142	27	0	0	0	0	86	13	9	689	398	12	49	12	0	32	0	371	8	656	69	3	0	1	2	57	609	74	38	1098	0	86	1262	54	108	800	2	0	737	0	31	3	11	0	673	66	14	388	9	0	1	614	70	0	1	0	67	96	0	1276	79
np0746	31	2542	1	770	13	0	83	40	4	364	18051	101	58	0	549	2	0	0	94	367	422	71	117	684	226	15	30	46	20	207	0	138	82	141	3	81	12	70	37	212	20	2	0	16	108	8	89	5	2	176	164	2	1	48	219	4	68	11	0	9	32	9	4	8524	52	53	4	5	18	2902	58	37	890	2300	0	84	939	11	13	240	0	0	82	39	344	2	0	0	1513	527	57	94	172	39	38	61	45	29	6	2	2	33	0	592	0
np0748	73	8660	26	288	17	0	11	7	0	133	5746	20	907	10	1503	2	3	0	118	213	72	71	2	1478	77	34	43	148	1	442	6	12	240	411	0	55	30	14	16	553	0	14	0	20	302	5	82	6	0	4	206	0	17	160	150	3	10	233	0	52	81	85	2	889	187	1	12	7	36	273	57	75	972	12615	0	11	2563	41	25	439	14	0	956	323	347	4	7	0	1157	953	19	62	64	110	72	26	156	3	3	0	0	149	2	778	0
np0749	21	2720	58	935	15	132	90	20	75	0	18676	56	122	14	945	17	8	43	532	153	36	175	0	1609	58	39	15	196	33	790	11	19	299	770	2	22	50	11	18	1661	0	1	2	48	97	35	6	15	3	3	123	34	5	101	476	54	9	0	0	13	20	58	12	2353	87	0	47	9	12	878	865	107	795	8984	0	17	362	48	729	1012	4	0	397	264	859	4	20	0	561	784	0	88	76	0	52	219	170	23	13	4	46	90	30	103	0
np0751	4113	2602	41	550	1322	0	609	10	110	0	11098	23	9417	6	9672	170	0	43	68	0	30	486	386	4389	25	39	121	1331	0	3407	11	27	288	1818	1	74	0	17	23	14982	0	27	0	0	246	12	6	0	8	170	876	62	69	283	3867	173	6	25	0	288	0	17	46	428	206	0	11	47	23	105	935	572	738	13424	523	18	712	58	229	4930	17	0	4822	0	914	6	23	0	5817	628	1	221	31	0	9	106	292	0	83	0	46	167	161	95	0
np0754	19	1445	25	404	13	86	82	5	11	0	7131	31	91	2	814	7	4	0	409	61	40	84	0	1006	18	21	10	145	11	515	11	6	133	486	0	4	8	14	19	975	0	0	2	21	235	15	6	6	0	2	80	23	7	108	218	43	3	0	0	6	4	5	4	479	67	3	13	2	6	314	490	68	258	6180	0	5	201	35	352	932	0	0	238	210	554	0	3	1	314	399	0	33	21	0	43	101	128	8	5	4	21	92	17	31	0
np0755	0	304	298	4145	10	0	120	144	10	0	9098	133	838	33	1742	13	35	21	821	0	46	976	12	2402	54	43	56	721	11	1561	23	0	277	1457	0	6	281	30	48	2736	1	3	0	2	257	183	23	3	1	2	166	144	37	517	352	56	7	7	2	56	0	250	19	583	267	0	129	5	39	358	481	309	420	5968	0	70	1534	179	1160	3429	6	30	943	0	285	6	42	9	1292	208	19	353	108	0	37	864	676	1	24	0	90	60	44	1153	76
np0756	435	3082	0	26	79	0	7	1	12	0	299	0	232	0	693	0	0	0	14	15	25	16	31	334	42	9	0	248	0	2252	2	0	1583	1733	0	148	0	0	459	1852	2	0	0	4	16	12	3	0	0	152	191	6	2	71	56	40	2	8	0	19	116	18	8	182	125	0	0	2	0	9	44	0	620	29578	0	0	41	11	1	71	1	0	747	55	25	0	1	0	240	126	0	12	16	1	16	32	241	0	3	0	0	37	2	70	0
np0757	0	202	18	94	128	0	116	2	36	0	2265	11	6467	0	604	4	2	0	37	0	14	148	609	223	17	21	46	562	0	857	8	0	223	946	7	180	179	0	20	5318	0	7	0	0	47	36	0	0	0	86	602	38	0	131	32	40	52	199	0	9	0	290	31	199	66	2	0	0	3	37	2252	151	178	6339	0	14	1192	79	1	454	1	0	364	0	129	1	7	0	792	194	8	28	5	0	0	406	644	0	0	0	132	48	8	275	3
np0758	0	135	4	1871	27	6	34	164	29	0	28909	80	125	11	1237	25	0	0	119	0	16	121	0	97	4	27	40	157	11	2510	0	862	523	739	0	142	0	13	23	868	21	0	16	0	33	0	3	10	8	0	350	189	5	171	1228	93	181	214	0	12	0	0	36	665	172	0	21	6	0	397	1004	274	137	40	145	0	854	34	27	1191	0	0	309	0	1157	4	5	4	1430	1189	0	115	12	4	10	95	290	0	12	10	222	47	5	415	0
np0759	1307	33	0	20	43	0	560	0	0	0	71	3	356	0	1639	38	0	0	1	0	984	0	2	11	3	18	0	241	0	29	0	0	463	424	0	0	0	0	10	7974	0	1	0	0	22	14	0	3	0	105	69	0	12	0	5	10	0	151	0	0	777	197	0	32	83	0	0	0	0	6	0	14	65	17608	0	0	19	16	0	28	0	0	254	10	313	0	0	0	29	319	0	2	1	4	0	0	312	1	0	0	5	617	0	459	0
np0761	0	83	6	251	0	0	18	201	0	0	610	2	533	2	329	0	0	0	108	0	0	93	47	379	8	0	23	110	0	170	0	0	48	131	0	5	63	3	0	772	0	0	0	0	52	20	0	0	0	8	23	4	4	162	58	0	2	1	0	13	0	122	5	113	21	0	0	0	1	11	234	19	16	722	0	12	516	16	28	238	0	0	272	0	7	0	3	0	211	30	2	62	7	0	1	134	35	0	0	0	64	27	1	50	6
np0762	5	386	0	316	9	0	3	11	0	190	12778	18	21	7	561	0	2	1	385	218	0	69	0	2652	296	15	26	15	6	331	4	21	135	267	0	4	35	0	0	7426	18	1	0	8	26	1	1	6	0	0	147	981	9	102	761	28	30	4	0	0	0	8	6	586	137	0	16	35	3	165	25	45	330	13521	0	36	1181	27	59	216	0	0	658	100	311	4	0	15	4082	659	5	159	158	0	97	1065	61	0	11	0	0	220	6	696	0
np0764	0	516	163	1016	44	0	28	174	48	0	5581	43	1710	18	2035	15	0	2	694	0	19	472	158	2149	11	24	134	942	4	1060	9	0	517	1279	36	65	413	12	19	7173	0	4	0	0	225	30	4	0	0	180	459	73	3	830	646	19	30	443	0	32	0	815	47	700	158	0	40	3	0	154	1529	310	337	9036	0	356	5646	122	444	1348	11	5	1276	0	150	2	26	2	2660	321	20	305	27	0	0	938	116	0	0	0	153	101	20	520	14
np0766	0	2662	178	2205	408	0	26	15	95	0	12208	75	2013	12	2607	15	10	1	1214	0	11	392	2098	6103	26	20	71	1410	0	2492	4	0	1968	3206	149	244	444	6	66	10878	0	10	0	0	251	49	0	3	0	3232	1825	466	17	1282	662	39	54	714	0	39	0	999	188	1250	254	4	26	36	19	475	945	2601	1828	37585	0	165	35035	145	695	5494	18	0	4294	0	267	0	15	10	4948	5413	4	682	24	0	0	935	198	0	3	0	233	282	22	379	30
np0768	0	44	13	179	0	0	9	181	2	0	1377	0	173	4	160	1	0	2	34	0	2	55	19	193	17	0	7	64	0	103	2	0	34	76	0	0	107	0	6	273	0	0	0	0	33	4	0	0	0	7	21	0	0	113	73	4	7	2	0	1	0	122	2	93	15	0	3	0	12	9	58	19	38	159	0	9	193	13	12	167	0	0	65	0	8	0	0	0	112	6	0	47	2	0	0	108	22	0	0	0	13	15	0	182	26
np0771	0	91	0	789	0	0	30	0	6	0	14384	12	63	4	743	0	1	6	428	0	0	463	13	581	39	15	16	0	0	168	63	2	40	263	49	0	53	0	11	610	0	7	0	21	13	18	0	2	3	14	182	14	0	112	3932	4	21	3	59	7	0	65	7	238	43	0	4	6	28	49	3	34	530	349	0	65	466	14	235	28	0	0	321	0	69	0	0	0	895	82	0	462	3	0	0	197	108	0	0	0	7	0	4	4070	7
np0772	46	72	0	7	151	0	604	0	0	0	54	0	13575	0	1560	0	0	0	131	0	10	0	64	10	0	57	0	557	0	298	0	0	327	107	0	539	0	6	83	188	0	0	0	0	11	0	1	147	0	56	31	11	0	29	17	0	0	2805	13	4	0	21	21	0	3	0	1	1	0	1	6	0	0	6578	0	0	0	28	9	7	4	0	41	0	0	4	4	23	15	0	0	0	0	264	1	13	30	0	2	0	0	0	7	9	0
np0773	0	10	90	488	0	0	11	23	2	0	603	12	97	0	150	0	5	0	38	0	0	109	1	123	4	3	4	61	2	145	6	0	30	142	0	4	34	4	2	344	0	0	0	0	28	18	1	0	0	0	15	9	2	39	22	0	3	0	0	2	0	47	5	59	32	0	20	0	0	29	37	15	14	365	0	8	162	15	78	168	0	3	93	0	19	0	4	5	87	13	3	19	6	0	1	47	95	0	5	0	3	2	4	143	14
np0774	0	358	45	3909	0	0	136	0	6	0	34934	140	273	5	2675	17	0	92	2715	0	0	1531	25	3042	232	70	31	111	0	705	126	0	100	906	167	2	55	11	18	2131	0	3	0	106	58	102	11	0	0	6	378	30	15	294	4384	19	158	3	62	18	0	131	48	685	211	0	42	12	53	310	4	167	1742	1112	0	169	2041	103	1075	67	0	16	1418	0	494	6	0	0	2906	1184	28	1723	33	0	5	786	493	3	56	0	257	48	54	4381	31
np0775	0	148	3	219	0	0	0	0	0	0	9431	33	114	0	587	0	0	0	186	0	0	194	9	81	44	9	11	0	0	224	0	0	22	223	73	0	17	4	4	109	0	0	0	26	23	20	0	0	6	0	234	2	0	70	113	14	40	0	643	0	0	31	3	134	29	2	0	4	25	87	3	33	540	499	0	11	198	18	5	7	1	5	573	0	138	0	0	0	1791	92	0	64	47	0	2	59	37	0	11	0	7	5	0	274	0
np0776	5	232	33	430	11	0	43	3	0	0	2495	47	30	6	333	15	4	35	251	0	8	51	0	63	0	0	16	62	19	247	0	4	75	360	0	0	24	0	11	675	1	0	0	8	10	0	0	9	0	19	51	41	0	61	146	27	5	11	0	0	0	0	10	82	61	0	25	4	7	480	779	170	90	2984	172	0	4	2	330	1208	0	1	157	0	155	0	0	0	130	180	0	14	21	0	18	145	100	0	22	0	14	13	17	70	0
np0783	0	2242	93	904	318	0	24	9	50	0	6122	47	3187	16	2746	20	6	0	174	0	35	401	263	1614	9	33	55	1599	0	1696	4	4	995	2283	29	145	124	4	33	9709	0	2	0	1	309	47	0	2	0	207	906	143	27	846	686	26	6	1112	0	33	0	632	110	399	95	0	51	0	18	171	414	1108	566	17229	0	118	5447	124	254	1784	25	2	2831	0	143	1	24	1	2644	550	5	227	4	0	0	825	359	0	0	0	149	279	34	508	11
np0784	4110	110	25	587	95	8	474	38	0	2	9490	34	947	5	430	68	0	3	9	8	414	25	35	18	6	32	19	308	7	497	0	5	294	573	3	0	1	17	8	1008	0	11	0	41	26	14	3	6	0	46	457	0	30	59	38	128	0	178	0	23	1124	4	0	696	88	2	6	10	12	2569	417	654	58	11536	0	0	89	33	74	38	19	3	243	29	2340	2	0	1	106	1124	0	10	12	2	3	48	205	0	0	103	30	117	8	123	0
np0789	3	430	23	805	11	0	141	13	3	0	7246	151	65	9	2493	12	2	18	7415	0	56	406	0	135	0	6	10	48	42	356	0	11	81	965	0	0	50	11	19	3730	1	0	4	52	411	0	12	12	0	7	202	32	21	318	326	122	0	1	4	22	0	6	46	319	327	4	20	6	2	545	5119	99	116	22423	230	2	0	14	184	3629	0	0	722	0	118	0	0	20	743	129	0	95	99	0	22	66	184	0	53	1	200	89	34	155	0
np0790	0	254	0	155	9	0	340	29	3	0	1485	24	43	0	2514	59	0	12	252	0	3263	102	0	1330	34	2	25	51	0	502	0	0	327	353	0	87	4	4	63	7612	13	6	0	0	313	0	1	10	0	418	228	2	5	3432	90	9	37	19	7	53	0	11	0	44	174	1	18	7	3	124	228	103	26	28319	107	0	0	6	4	376	0	0	467	0	336	0	0	0	1047	173	0	42	27	0	10	5	564	1	26	0	0	114	3	186	0
np0798	0	1301	114	438	278	0	11	8	1	0	2288	23	1274	5	1092	7	3	0	83	0	18	147	159	1960	6	7	43	605	0	744	1	0	375	814	1	46	32	0	10	3839	0	0	0	0	153	21	0	0	0	55	338	123	5	446	296	12	10	549	0	16	0	349	35	106	91	0	29	0	18	75	245	486	205	10382	0	44	3250	50	115	971	11	2	1307	0	72	0	17	0	1077	278	4	97	1	0	0	445	123	0	0	0	14	188	10	190	6
np0799	5	947	20	732	7	112	21	19	14	5	14841	67	55	13	663	18	5	5	420	73	10	143	0	937	86	13	16	0	11	635	61	19	130	657	0	0	50	10	7	1536	5	2	0	31	60	11	10	3	2	3	116	39	6	107	638	33	25	0	0	17	0	4	8	653	120	3	41	11	8	427	858	74	250	3111	0	23	346	24	425	643	0	3	283	80	577	0	0	1	877	514	22	99	96	0	45	596	69	12	19	1	91	95	22	103	0
np0801	88	3738	13	6395	36	11	83	9	0	0	55672	1373	574	65	3354	20	5	0	382	0	6	790	5	524	113	69	132	778	49	1169	58	290	1758	2280	0	15	0	17	82	3424	117	12	5	0	132	12	6	21	28	128	1513	24	15	88	12045	86	634	5	0	26	0	167	20	325	208	424	52	95	186	1275	204	31	1278	9457	529	333	0	73	358	7034	5	3	606	0	2933	8	15	11	12770	3786	0	622	168	21	7	631	106	4	10	0	1743	259	22	2471	0
np0802	25	4665	29	508	17	9	78	24	160	16	9562	26	82	11	1184	10	4	5	358	233	39	126	4	5491	97	43	36	245	4	1159	14	10	282	915	0	313	90	13	71	2178	1	0	0	41	175	16	10	6	1	93	92	18	4	205	488	11	24	1	1	20	25	41	9	1516	117	5	10	8	0	430	1208	69	876	19545	0	22	586	48	458	1959	1	0	469	1312	546	6	8	2	956	538	4	130	48	1	38	210	94	5	9	0	31	117	21	185	1
np0803	57	2899	0	168	31	0	552	58	16	11	2826	16	570	2	3351	24	0	0	126	216	4874	64	66	2480	193	18	43	1595	0	1473	0	3	615	1147	0	238	13	103	520	6280	4	3	0	30	332	667	5	6	0	439	125	10	12	746	193	10	9	4	1	117	44	67	7	726	101	5	8	0	1	86	48	16	196	30346	0	28	633	11	29	542	6	0	391	714	261	0	0	0	1391	726	11	103	77	0	42	27	537	1	5	1	0	275	17	476	0
np0807	9	225	0	77	3	0	101	0	0	0	2267	1	599	0	966	22	0	1	10	0	61	37	0	168	2	11	16	107	0	206	0	0	51	217	0	178	0	7	0	2552	6	0	1	6	71	47	0	5	0	30	240	1	0	1948	26	15	17	23	281	91	0	8	0	644	27	0	0	3	5	55	18	35	210	12671	0	8	0	30	0	66	0	0	38	0	201	0	0	0	404	410	0	85	1	6	0	2	93	0	2	0	0	66	1	9	0
np0811	0	226	14	2566	32	14	89	6	0	0	22702	184	103	12	876	31	0	0	283	0	87	184	0	497	68	19	14	1405	14	2537	5	138	651	1305	0	86	0	56	2	4254	3	0	4	0	61	0	1	5	45	0	436	67	6	118	703	1137	22	236	0	9	0	0	49	1081	147	0	21	0	5	655	1251	277	77	2	21	0	538	23	271	1090	5	3	616	0	3612	1	3	8	2496	2714	0	85	59	109	3	195	581	0	1	7	19	22	43	527	0
np0817	346	1003	191	1286	124	19	2011	0	4	0	3895	171	2832	11	1794	75	7	447	396	0	46	176	0	857	52	65	27	424	0	1261	1	2	353	1275	46	4	0	270	80	4321	1	1	4	0	242	126	12	18	3	2	297	177	24	98	764	178	45	1	6	17	0	21	61	287	101	0	104	26	21	366	150	99	103	225	93	104	171	134	1190	2534	7	40	1094	0	989	12	60	3	488	428	0	83	186	0	179	395	999	266	95	24	56	27	236	308	8
np0818	73	168	56	738	81	0	123	5	7	0	3154	57	92	7	1768	26	1	0	6	0	103	28	0	50	11	101	276	422	0	708	14	0	6721	987	0	41	0	2	0	3793	0	50	2	20	24	20	0	39	3	0	561	4	4	24	2756	185	3	7	2	19	0	39	1	247	151	2	7	13	8	286	1401	39	1580	25656	0	0	0	37	59	915	6	3	206	35972	556	6	10	1	2193	1293	0	80	0	17	2	320	150	0	2	3	107	84	10	55	0
np0819	1247	169	1	1654	526	0	187	11	273	0	24603	18	677	19	2095	67	0	0	0	0	115	216	7	115	0	32	283	275	0	1496	0	43	788	1197	3	910	0	0	14	1720	22	22	0	48	68	0	12	22	0	1	2110	384	4	285	727	278	195	1987	15	100	0	34	531	2418	284	65	1	26	0	727	1244	995	614	14811	0	0	0	61	0	2886	52	6	263	11	2131	2	6	52	1139	1612	0	133	45	31	609	151	1191	2374	8	0	273	104	2	445	0
np0822	259	641	32	5298	310	8	334	46	240	0	66286	146	917	29	2973	156	0	0	10	0	190	336	0	797	5	72	105	381	7	2281	0	24	711	1832	0	880	0	6	18	1263	23	3	1	363	145	18	6	19	2	0	1053	303	11	333	1785	175	123	1729	84	132	0	22	1260	8372	1649	23	66	114	23	2612	6173	1329	678	14415	0	3	0	167	26	3125	37	10	389	35	6197	17	5	52	3386	1831	0	500	3	139	398	539	1154	10139	63	0	1897	105	20	254	0
np0827	653	11360	68	255	202	1	169	14	103	0	4234	19	8742	4	4362	51	4	6	546	87	85	184	128	2230	6	192	21	944	8	2278	4	14	694	2151	47	255	4	4	100	8151	5	6	0	18	276	50	6	54	0	242	461	17	18	99	1829	35	0	6161	99	104	1126	106	8	469	505	0	18	13	0	125	612	188	334	23899	0	4	150	215	409	3399	59	3	1321	4909	329	20	47	9	1008	461	0	166	20	22	143	114	155	7	25	3	2	300	84	93	0
np0830	0	128	6	28	2	0	5	6	0	0	1080	7	165	0	423	1	0	0	18	0	0	64	104	442	12	4	22	67	0	407	5	0	21	469	0	15	183	0	0	1260	0	0	0	0	113	5	0	0	0	6	150	13	0	255	77	4	18	104	0	7	0	80	16	60	37	0	0	0	5	5	596	28	182	1127	0	46	534	18	6	209	0	0	225	0	10	0	0	0	522	57	6	39	4	0	0	304	16	0	0	0	8	14	3	263	1
np0834	3	496	5	376	6	10	27	48	0	98	10532	24	10	4	450	3	6	2	593	153	7	65	0	1405	141	7	20	15	10	399	26	18	90	303	2	0	42	0	6	2599	4	0	1	22	60	14	2	0	0	0	73	23	0	131	294	14	28	0	0	2	0	2	7	771	121	0	5	12	6	245	169	138	169	5839	0	30	523	17	262	276	2	0	323	136	1450	3	0	0	1159	541	3	133	89	0	32	2633	82	11	8	0	7	115	6	294	0
np0837	3214	2299	13	4	332	0	29	0	12	0	115	0	5619	1	15	0	0	0	2	0	0	6	17	0	0	38	0	887	0	3	0	0	43	63	0	47	0	1	359	76	0	0	0	0	2	0	0	4	0	2697	26	38	0	0	8	12	0	15829	17	0	0	0	0	0	0	0	0	0	0	0	0	0	111	16987	1	0	0	34	22	13	9	0	11	0	1007	5	6	0	2	0	0	0	1	0	0	3035	768	0	0	0	1	0	0	3	0
np0843	25	1038	0	3718	4	0	32	0	0	0	15543	486	81	4	680	9	10	0	191	1	0	75	0	91	34	48	24	170	31	343	0	19	115	592	0	3	0	0	18	880	32	21	0	0	311	0	76	8	3	772	221	52	4	19	278	46	81	0	0	11	0	4	3	3	73	48	18	19	15	2181	351	18	235	2641	57	20	0	32	408	1014	2	0	216	0	1432	0	0	2	1939	1974	0	9	24	5	8	6	50	6	13	2	598	46	9	659	0
np0845	0	97	6	664	0	0	39	0	0	0	7192	91	39	2	263	4	0	71	881	0	0	150	0	399	35	29	6	24	0	169	39	0	39	214	5	0	0	0	4	452	0	0	0	19	20	30	3	0	4	0	36	19	0	36	323	19	33	0	0	7	0	41	3	48	67	0	21	0	3	55	0	95	295	101	0	23	78	40	366	0	4	0	241	0	116	0	0	0	333	323	1	76	0	0	0	82	47	0	6	0	33	11	2	208	0
np0846	5	1581	15	217	27	0	120	0	11	0	2249	16	143	23	1164	5	0	2	755	0	6	181	15	362	1	14	27	67	14	496	0	9	210	696	0	10	0	84	179	2064	0	1	6	70	127	0	10	10	1	77	329	30	5	312	560	62	30	30	0	23	0	11	20	99	65	0	24	12	0	125	973	65	32	83809	2850	0	1	27	451	756	0	33	405	3	206	0	0	0	641	99	0	44	101	6	35	25	470	7	17	3	56	57	79	102	0
np0847	0	172	0	396	0	0	0	0	0	0	8589	50	75	0	460	0	0	14	393	0	0	248	4	111	43	15	0	0	0	134	0	0	18	105	63	0	19	5	1	229	0	8	0	34	7	14	0	4	0	0	88	2	1	87	173	22	29	0	168	0	0	47	0	186	45	0	15	7	22	130	0	48	363	382	0	47	230	17	176	0	0	0	809	0	173	2	15	0	1210	693	15	87	27	0	0	66	55	0	15	2	18	14	4	288	5
np0848	0	62	35	154	2	0	6	153	3	0	958	5	122	0	221	0	0	0	70	0	0	67	2	346	2	3	20	82	0	257	2	0	28	155	0	1	73	0	0	515	0	0	0	0	46	12	0	0	0	0	39	12	0	182	68	7	8	5	0	11	0	115	5	93	19	0	0	0	0	12	316	24	58	740	0	21	377	27	43	171	0	0	187	0	20	0	1	0	250	27	3	65	17	0	0	142	11	0	0	0	23	7	0	248	10
np0849	245	40	0	41	102	0	10982	0	5	0	1237	11	20184	8	3447	146	0	2	1319	0	7	53	73	11	0	44	0	3748	2	3206	0	2	5290	258	0	72	3	0	51	571	0	5	0	0	17	0	0	69	0	9	677	7	2	11	8	9	0	3320	19	4	0	57	167	123	14	0	0	8	0	14	173	13	9	29537	3	0	0	37	45	9	35	0	54	0	15	0	8	538	37	6	0	2	2	445	6	47	6	0	0	0	4	26	10	92	0
np0851	82	168	26	415	24	54	56	27	14	0	21845	26	267	5	1134	9	0	22	385	0	10	404	0	1366	70	4	26	209	0	809	20	4	74	577	3	3	4	9	24	1746	0	12	2	0	158	4	2	2	0	42	213	43	9	158	1399	67	4	0	0	27	0	0	44	167	74	0	17	7	13	155	509	73	429	6321	666	6	1257	12	86	3487	0	0	668	0	749	2	6	0	3637	1125	0	129	85	0	3	287	270	0	16	0	725	32	10	52	0
np0856	0	310	60	361	3	0	16	142	14	0	4143	15	418	9	637	3	0	0	126	0	8	236	37	1219	29	8	66	294	6	573	16	0	88	424	4	13	520	0	14	1730	0	0	0	0	196	13	0	0	0	71	92	17	0	591	220	6	29	60	0	27	0	222	11	292	69	2	11	2	4	58	840	120	205	2419	0	175	1202	23	141	614	0	0	593	0	53	0	9	0	834	97	11	402	25	0	1	648	36	0	3	0	81	21	5	832	27
np0858	0	175	101	1035	0	0	22	157	2	0	4328	14	163	6	498	0	3	0	509	0	15	163	7	972	7	5	12	143	4	421	14	0	228	350	13	0	286	5	15	1383	0	0	0	0	38	9	1	0	0	170	62	44	0	214	311	5	20	30	0	23	0	116	16	511	59	2	14	0	15	134	631	295	193	1933	0	87	3374	26	274	993	0	0	282	0	123	1	0	1	815	330	9	190	20	0	1	763	29	0	2	0	46	8	7	270	18
np0860	80	1928	24	8009	10	0	41	1	0	0	33096	945	129	27	1263	20	9	0	581	0	4	278	135	415	64	101	48	387	63	761	0	83	246	1269	0	4	0	0	92	4766	64	92	2	0	41	2	6	21	2	2704	487	111	13	51	670	90	77	0	0	7	0	24	6	0	257	99	70	43	43	1260	897	22	777	9151	487	41	0	54	1089	4920	13	0	623	1	3295	3	0	0	5412	3827	0	88	40	8	65	68	126	12	42	0	1490	82	22	879	0
np0862	131	684	8	826	20	0	139	4	0	0	9725	40	928	4	687	32	0	35	13	0	26	19	0	529	9	18	31	90	0	490	0	0	181	468	0	192	0	6	6	2592	0	5	6	32	54	20	0	7	0	4	352	48	0	185	159	342	0	42	80	51	0	28	9	1258	116	2	13	23	11	445	1058	165	239	17340	0	4	0	14	173	206	1	4	104	0	794	3	0	0	344	310	0	51	2	10	4	42	137	20	8	7	0	68	4	62	0
np0864	18	891	1	405	11	0	43	0	3	574	11792	28	58	0	412	2	0	1	7	361	263	84	11	384	93	9	16	25	5	110	1	98	68	64	0	30	20	26	17	87	18	1	0	13	59	3	48	0	4	4	135	1	2	19	155	0	45	11	0	17	4	21	2	1428	25	27	6	10	26	1683	14	24	675	1381	0	43	405	6	13	54	0	0	32	11	119	0	2	0	1150	273	11	80	76	0	24	11	22	17	0	0	1	26	1	672	0
np0867	142	534	10	578	12	0	73	0	0	0	5466	24	648	7	832	46	0	0	15	0	71	23	0	244	9	14	55	214	0	419	0	0	617	554	0	296	0	3	23	3576	3	29	19	26	147	47	0	8	0	3	413	120	6	639	49	420	0	68	150	85	0	47	7	938	85	1	11	8	14	200	268	105	315	48116	0	13	0	22	14	160	0	0	119	0	968	0	0	0	1598	835	0	78	7	19	10	20	245	0	7	2	0	89	3	50	0
np0868	0	21	46	853	0	0	1625	0	0	0	13524	91	403	4	10808	0	11	0	0	0	0	1	2	2	0	0	0	26	18	60	0	0	734	2	0	2	0	47	17	25	0	0	103	0	27	0	1	0	2	5	933	603	0	0	2	0	0	6154	0	0	0	0	215	0	17	0	14	194	3	242	0	2	0	19	0	0	0	27	5945	14	0	0	18	0	2	0	2	0	5	387	0	5	0	0	4	2	369	0	9	0	0	0	0	8	0
np0869	0	601	32	1193	11	0	128	8	0	0	10355	87	58	9	1267	14	1	130	1405	0	47	120	24	200	2	7	25	87	18	558	0	3	585	725	0	0	184	12	17	1668	0	0	3	27	207	0	2	17	1	13	160	59	9	382	448	67	8	20	16	9	0	0	12	118	205	2	55	3	11	1133	2195	214	225	14291	95	0	0	12	350	3596	0	0	384	0	591	0	0	4	449	465	0	52	125	0	33	368	166	8	95	0	56	46	37	194	0
np0870	16	563	0	157	23	0	6	4	1	17	5054	14	34	4	763	3	0	0	273	126	0	134	0	1215	131	14	18	98	1	918	27	6	371	1076	0	2	10	0	0	5352	4	21	0	80	28	17	2	0	0	3	303	343	0	806	199	0	26	34	0	80	0	12	7	551	75	2	7	5	5	120	81	52	758	21430	0	25	1394	19	26	259	15	0	713	137	532	0	0	7	1926	718	0	98	102	0	43	668	423	0	4	0	0	212	8	444	0
np0872	36	1765	77	2281	18	466	90	48	2	6	36960	105	214	12	1269	44	12	48	1140	230	61	540	12	1633	174	51	33	248	34	936	21	54	473	909	3	0	110	20	15	2098	6	4	5	177	95	36	20	15	3	32	153	101	10	214	1222	48	99	0	0	18	6	32	31	4326	143	0	67	13	21	1266	1674	184	893	10953	0	23	936	39	2391	2165	4	0	811	6363	1091	4	10	3	1710	1338	13	144	439	0	146	429	225	46	40	8	241	101	74	261	0
np0873	1538	67	3	9	39	0	733	0	3	0	38	0	524	0	1435	46	0	0	5	0	922	2	7	15	0	8	0	225	0	33	0	0	470	457	0	0	0	0	9	3117	0	5	0	1	15	26	0	3	0	346	50	0	10	0	0	19	0	47	0	4	662	17	0	25	47	0	0	0	0	0	0	42	65	18603	0	0	0	20	0	69	6	0	257	14	198	1	0	0	8	96	0	0	0	6	0	0	201	0	0	0	2	457	0	361	0
np0875	0	64	99	728	0	0	22	56	1	0	1594	21	172	6	265	2	5	5	164	0	0	179	1	363	4	3	11	157	4	301	5	0	61	301	0	0	44	6	16	599	0	0	0	1	53	45	3	0	0	0	17	41	6	125	83	11	2	0	0	11	0	88	6	120	48	0	26	1	2	75	112	57	76	1114	0	4	312	40	301	639	1	3	205	0	33	3	8	3	236	40	0	63	20	0	4	91	96	0	1	0	21	11	7	213	14
np0879	541	1032	69	1121	111	159	120	31	26	0	52516	85	931	16	5167	53	1	106	384	0	15	810	0	3221	154	23	59	623	0	2110	31	12	222	1238	0	33	16	25	366	8645	0	49	0	0	580	14	0	6	6	147	620	272	57	558	3095	505	5	8	0	95	0	10	104	512	311	0	46	19	27	433	921	204	1543	18458	569	38	2616	19	542	11948	2	0	2658	0	2671	5	5	0	7198	3151	2	324	226	0	10	663	883	0	45	0	2383	124	62	116	3
np0881	0	2471	0	472	12	0	145	0	0	0	26041	5	53	2	5510	7	0	0	0	0	0	0	0	0	0	0	0	110	0	176	0	0	5	519	0	0	0	0	0	2970	0	0	0	0	1001	0	0	0	0	1	14	11	2	68	512	349	0	0	0	6	0	0	96	0	6	0	16	20	3	223	0	16	100	0	0	0	0	0	32	2859	0	2	186	0	450	0	0	0	154	565	2	1	0	11	4	14	98	1	16	0	58	82	118	13	0
np0882	0	359	344	2045	13	0	64	531	33	0	11121	77	834	18	1446	16	15	12	1138	0	30	570	10	2550	50	19	100	604	7	1400	38	0	373	1184	1	6	580	24	22	3713	0	3	0	0	309	101	9	0	0	40	351	69	14	902	370	33	46	36	0	61	0	473	26	1213	186	6	50	4	26	221	2109	303	400	3955	0	193	2116	105	480	1161	0	0	1235	0	228	0	12	3	1521	189	53	557	79	0	3	548	137	0	8	0	282	61	23	2048	110
np0885	38	1961	72	1182	49	5	224	118	36	7	18472	65	120	19	2216	14	0	7	502	477	1032	164	274	3080	149	36	37	276	9	1970	8	24	904	853	0	5	88	141	30	3537	6	6	0	97	1426	49	137	21	0	2100	269	16	9	162	1136	38	25	9	2	92	43	123	9	2564	312	4	24	12	9	546	1073	81	734	15955	0	39	2612	34	451	1162	6	0	521	5314	1155	6	10	0	3313	1598	11	363	191	0	53	60	132	9	38	3	7	2624	26	424	0
np0888	538	357	0	340	61	0	54	5	0	0	21690	13	513	3	2932	10	0	24	4	0	16	266	0	2075	22	4	62	456	0	1374	4	40	521	1342	0	10	0	4	1	2661	0	8	0	0	68	0	0	0	1	1	318	80	10	109	561	47	106	2	1	19	0	0	33	306	56	0	3	5	4	173	3876	48	293	2260	2751	2	994	0	23	1537	7	200	1918	0	864	0	0	0	3652	488	0	46	46	0	0	725	448	0	6	0	4	79	37	444	0
np0891	92	334	5	478	5	0	60	40	0	145	10827	20	33	5	389	0	5	2	213	356	17	73	7	809	180	10	56	34	7	420	0	159	42	223	0	0	17	68	0	750	32	4	0	103	73	4	12	3	0	0	462	4	12	36	349	16	78	22	0	9	0	11	0	1167	96	50	13	27	80	1049	413	122	336	3404	0	45	876	7	14	329	3	0	219	1370	1117	0	4	0	1586	983	5	97	193	46	62	55	74	0	10	62	0	153	2	697	10
np0892	11	863	8	552	0	29	28	8	0	1	11945	19	27	5	414	10	5	12	191	64	9	66	0	440	24	19	8	15	9	213	15	13	91	214	0	0	19	5	4	785	0	0	0	16	41	8	6	5	0	2	63	18	3	61	493	12	15	0	0	6	0	10	5	1044	45	0	25	5	6	273	335	52	288	2701	0	6	211	22	774	262	0	0	175	469	298	6	9	0	525	313	0	59	72	0	17	88	38	10	14	0	137	60	14	58	0
np0894	0	79	3	992	0	0	13	0	0	0	15128	63	37	0	523	3	0	16	1275	0	0	534	35	300	112	9	4	43	0	264	91	0	18	258	70	3	27	0	6	500	0	3	0	35	18	42	0	3	3	0	103	12	3	84	4518	3	56	2	6	9	0	56	13	230	69	2	0	7	12	81	0	82	560	621	0	39	401	49	600	16	2	7	447	0	144	0	14	0	1499	465	12	684	29	0	0	257	112	3	17	0	156	9	0	1605	3
np0895	56	2588	245	2883	16	646	158	129	0	4	41934	127	326	42	1739	75	21	64	1236	340	88	800	9	2576	249	70	37	161	50	1356	15	80	764	1499	3	0	96	42	17	3291	4	3	7	152	132	73	44	30	2	8	216	165	20	199	1127	78	41	0	3	26	12	55	40	4622	233	4	130	36	20	1723	1791	264	1344	14778	0	23	1200	86	2772	2209	0	5	943	6535	1341	4	22	17	1896	1445	27	208	432	0	235	512	796	81	60	7	141	118	103	415	0
np0902	63	3967	29	2768	29	16	166	0	0	0	30595	499	666	15	1405	45	4	0	238	0	0	136	0	139	1	104	12	567	60	569	8	4	450	830	0	0	0	24	40	2504	0	36	0	0	132	0	3	21	0	3	127	81	7	73	792	242	159	0	0	17	0	17	35	614	66	0	32	27	82	891	369	17	1223	4836	36	14	0	74	845	2146	0	2	651	0	1374	12	14	8	694	798	0	91	8	0	27	157	566	3	3	5	253	147	29	69	0
np0903	56	1417	1	76	44	0	9	10	14	82	2036	2	241	4	1397	6	0	1	83	140	20	43	91	383	410	34	22	116	0	1452	15	5	2869	2339	44	27	10	3	35	1915	10	0	0	22	14	5	8	8	0	39	297	6	7	364	129	38	27	14	0	51	19	31	0	1068	52	7	1	2	1	58	75	15	907	48158	0	6	494	32	6	140	9	0	558	580	86	0	5	0	569	489	0	45	54	3	16	40	488	2	4	0	0	52	8	231	0
np0905	14	422	10	161	8	0	39	3	7	32	7205	18	49	0	576	11	0	0	95	104	25	72	0	848	175	7	13	62	0	920	0	38	412	550	0	9	15	4	30	2255	15	4	0	41	21	7	5	2	0	13	172	3	6	180	294	6	26	22	0	15	22	4	0	316	104	2	12	14	31	119	9289	41	359	6135	0	4	319	9	21	190	0	0	349	389	189	1	0	0	1523	666	0	154	81	81	36	25	75	0	1	0	0	97	8	240	0
np0906	112	2554	34	3740	62	23	130	166	0	0	77743	308	1776	25	5601	63	0	15	123	0	92	302	0	3210	24	68	171	443	7	3136	0	9	334	5445	0	719	0	14	163	8385	16	2	142	388	137	32	6	48	2	0	887	994	23	489	546	143	10	700	0	139	0	10	112	4358	539	13	112	54	134	2162	18951	513	1374	21818	0	21	0	107	1331	3404	1	25	1880	102	6440	20	8	3	2749	2183	18	717	49	20	91	353	441	161	49	3	661	181	21	777	0
np0908	105	1842	9	133	0	0	1	5	0	17	3863	10	42	2	312	10	0	1	39	93	10	64	0	1047	71	20	37	99	0	506	7	11	1016	221	0	5	2	3	24	17195	8	14	0	7	91	9	0	11	0	3	247	120	0	116	111	48	43	99	13	9	18	26	0	891	290	3	8	9	8	99	27	42	260	30447	0	19	1560	25	68	170	9	0	1613	23	1571	7	0	53	3075	1427	0	65	113	0	38	10303	334	0	5	0	0	175	0	464	0
np0910	23	3054	27	1532	14	7	68	1	0	0	18383	265	334	6	620	10	7	0	159	0	0	77	0	79	1	55	16	318	19	275	4	0	306	418	0	2	0	10	17	1596	0	18	0	0	69	0	0	19	0	6	70	27	2	37	349	137	72	0	0	5	0	14	21	425	59	0	24	17	58	483	291	19	776	3568	22	14	0	45	477	1552	0	2	319	0	906	5	5	5	395	460	0	63	10	3	17	103	255	0	0	3	173	51	21	54	0
np0912	8	552	233	1732	16	0	51	8	1	0	14067	149	64	18	1212	12	2	89	3358	0	51	246	0	324	1	16	38	71	53	676	0	15	535	1402	0	2	231	15	68	2030	0	1	0	20	23	0	6	21	0	53	127	90	8	143	621	28	10	0	4	16	0	14	22	510	183	0	109	26	22	1738	4334	759	255	4775	226	0	0	9	546	1057	0	0	481	0	601	0	0	0	757	629	0	32	97	0	92	530	87	14	152	0	141	13	45	348	0
np0914	0	97	653	7843	8	0	140	104	0	0	16789	226	632	61	956	22	38	35	447	0	14	777	0	939	74	31	50	390	18	1429	64	0	771	1142	2	8	102	17	203	4021	0	0	2	0	117	138	14	0	7	97	334	173	27	216	332	75	24	0	2	27	0	260	28	1617	260	0	163	23	41	873	2326	624	651	2533	0	267	5729	177	956	2901	4	23	653	0	715	8	20	10	2954	919	16	421	116	0	28	405	1497	0	34	8	29	53	53	769	108
np0915	35	539	8	3281	8	0	8	0	0	0	16584	472	50	17	391	7	13	0	159	0	0	74	32	69	21	40	15	191	15	239	0	147	145	413	0	7	0	0	9	348	78	14	0	0	11	0	0	9	21	9	900	0	0	13	338	140	55	0	0	0	0	0	2	2	38	216	34	16	6	546	116	11	137	1620	97	0	1	27	11	582	5	0	161	8	1936	0	5	0	6206	1929	0	26	23	0	0	9	12	1	8	0	0	21	3	788	0
np0916	0	649	38	287	17	0	166	3	0	0	2441	27	66	8	1549	9	4	57	1392	0	38	102	15	126	1	13	19	59	5	799	0	0	64	894	0	0	74	22	10	1355	0	2	0	36	87	2	8	26	0	0	94	114	8	168	578	45	8	0	2	18	0	4	7	6	213	0	52	7	4	155	295	75	54	18972	60	0	0	17	902	1501	0	0	701	0	87	0	0	0	352	76	0	53	42	36	50	499	688	4	32	0	23	25	81	159	0
np0917	27	1949	100	440	37	28	176	7	0	0	2568	28	329	7	712	55	0	5	257	24	60	96	0	210	8	54	6	158	9	291	0	13	285	292	2	0	0	31	15	1904	0	3	7	3	82	41	17	29	2	0	102	140	11	50	100	78	10	0	1	12	16	6	12	223	89	0	41	18	3	253	80	133	117	5576	0	0	31	49	110	1373	0	3	589	84	514	5	0	7	153	82	1	37	9	0	20	153	321	8	31	3	0	53	76	86	0
np0918	29	1341	0	700	9	16	53	0	0	0	10307	47	134	0	1121	13	1	41	20	0	20	133	0	806	8	11	24	37	0	777	0	0	145	782	0	154	0	5	7	1968	15	0	0	38	68	19	0	7	0	152	265	19	3	357	418	52	0	37	13	40	0	11	22	872	108	3	32	9	13	329	2099	63	273	9441	0	4	0	41	225	1252	0	0	670	0	421	2	0	6	1145	435	0	205	0	40	9	250	107	21	0	0	310	65	9	490	0
np0919	110	533	6	1002	465	0	81	0	0	0	10246	26	600	9	1008	57	0	0	2	0	71	32	0	89	0	31	44	337	1	2136	0	0	864	686	0	4	0	0	933	586	4	61	0	140	63	0	0	6	0	0	308	319	16	57	109	215	5	652	0	22	0	0	499	1651	324	0	10	1	0	499	1191	673	353	11547	0	0	0	68	25	1502	17	7	518	0	2121	5	0	5	557	150	0	55	0	50	66	117	189	1472	0	0	238	23	5	8	0
np0920	36	1684	55	1084	23	325	64	41	1	1	21912	48	156	13	1209	23	12	25	1213	165	48	271	0	1294	74	28	17	194	6	950	21	22	357	805	1	0	57	10	11	2120	0	8	4	79	90	38	7	10	0	96	82	83	10	121	1109	13	18	0	0	11	3	22	12	2836	138	0	27	8	9	678	951	66	410	8265	0	14	445	41	1795	1836	3	3	524	5428	844	4	5	6	1106	716	3	122	123	0	68	389	125	30	40	3	82	94	48	126	0
np0922	3	64	82	1440	8	1	985	71	0	0	41373	196	124	27	5178	16	8	21	12416	0	40	1201	0	151	0	29	48	155	110	1731	0	213	231	1382	0	4	584	14	37	4537	3	0	5	18	65	0	3	42	1	24	182	149	31	168	205	57	29	20	2	19	0	74	281	2943	416	10	56	41	7	635	6377	286	265	3470	541	0	0	24	279	208	0	4	387	0	61	0	0	54	1108	131	0	95	135	8	107	1596	73	3	200	0	135	86	28	588	0
np0923	433	297	132	1650	136	18	602	0	0	0	12677	95	567	16	1199	39	17	111	380	0	18	187	0	437	34	14	20	231	0	856	10	27	160	1902	17	4	0	109	26	2691	0	0	0	0	187	37	3	6	6	17	264	169	18	85	314	259	28	0	1	27	0	9	33	448	129	0	116	19	17	439	198	155	273	261	157	28	316	46	258	1847	18	7	829	0	1027	2	23	4	385	549	0	69	37	0	85	257	590	109	25	10	16	45	85	184	6
np0924	39	270	0	272	27	0	144	21	12	607	11141	23	47	1	3075	11	0	0	53	197	2866	119	277	1532	239	40	54	82	0	610	0	22	2655	480	0	158	53	19	8	1395	10	3	0	20	1399	81	64	12	0	1524	464	14	15	450	382	7	95	21	3	48	11	102	2	2283	89	17	5	26	9	162	5	20	4649	89036	0	12	1650	50	13	103	2	5	451	369	181	6	0	0	2303	1303	3	320	181	3	50	21	117	2	13	0	3	212	0	437	0
np0932	30	784	22	1281	7	16	106	22	18	15	12881	25	86	10	1372	12	0	1	263	311	599	195	8	4198	165	29	49	157	10	619	3	15	513	346	392	2	85	232	11	869	30	1	2	56	1023	39	195	7	1	25	52	24	1	136	689	20	162	0	0	78	0	45	0	1615	113	8	10	11	6	3294	327	43	455	5868	0	44	1557	23	303	476	0	0	405	1563	365	4	8	0	2219	889	28	299	243	1	190	39	52	4	16	2	14	690	18	456	0
np0933	0	1143	50	850	84	0	81	1266	34	0	10616	10	9214	6	1699	6	0	2	221	0	25	1263	553	3959	235	43	157	1075	0	1305	22	0	459	1247	7	170	2583	2	15	8134	0	8	0	0	262	90	0	2	0	161	414	51	5	1938	765	48	156	182	0	60	0	1887	24	1714	239	8	10	9	12	77	1083	196	81	5492	0	218	3313	133	125	1545	11	0	2048	0	69	3	25	0	1791	285	25	936	24	0	0	659	683	0	3	0	65	244	10	3186	84
np0936	12	464	3	204	0	2	174	17	17	17	6420	17	22	0	810	0	0	1	162	79	169	58	7	997	46	16	16	42	2	380	4	6	174	167	159	2	35	5	17	530	12	1	0	35	460	21	19	4	0	449	54	6	22	270	376	0	41	0	0	22	5	23	2	478	56	0	1	3	4	161	115	22	408	12266	0	20	265	16	129	300	0	0	413	348	128	0	0	0	838	570	4	129	82	0	23	50	43	0	30	7	2	82	7	43	0
np0942	123	3647	40	110	93	0	74	16	11	0	1524	4	1501	0	1293	3	0	0	196	64	21	48	15	1002	1	48	11	427	5	841	0	7	241	651	13	5	0	12	44	2687	0	0	0	6	46	27	0	13	0	54	96	7	3	38	377	6	5	680	4	28	178	122	4	272	106	0	9	11	6	56	454	157	244	7111	2	0	41	56	218	1128	16	0	545	951	276	6	0	4	277	137	2	32	13	18	35	29	64	1	4	0	4	62	33	26	0
np0943	66	6039	181	2803	27	381	184	76	159	0	56103	178	293	29	2162	43	18	43	1089	275	111	479	13	4736	155	71	38	407	58	1703	61	52	480	1759	11	194	125	24	142	4493	0	3	3	76	263	65	22	23	14	10	330	120	27	291	1921	102	46	0	4	31	42	76	43	3549	374	8	97	24	22	2696	1747	303	1532	16595	0	76	870	102	2201	3184	5	6	1242	433	2249	8	39	9	2394	2795	8	193	294	0	194	1054	347	34	40	14	103	169	90	304	0
np0944	45	4160	3	128	2	0	16	0	0	260	11879	37	31	0	589	0	0	0	11	102	324	67	2	241	62	12	17	28	5	161	0	14	61	110	0	6	0	42	10	135	6	1	0	14	126	0	138	2	0	6	104	4	1	12	110	0	40	0	0	15	45	26	0	6784	40	20	0	5	20	940	14	13	1182	10370	4	3	248	15	25	70	1	0	38	13	133	0	0	0	1073	584	10	62	55	8	19	11	22	7	5	3	0	50	3	525	0
np0945	0	342	25	148	33	0	22	4	1	0	376	1	1525	0	256	0	0	0	52	0	16	53	67	439	1	5	9	242	0	229	1	0	53	220	1	61	29	3	11	1460	0	0	0	0	43	17	1	0	0	83	89	17	1	112	48	14	2	56	0	0	0	140	3	47	20	0	1	0	1	9	129	102	19	1801	0	2	572	22	6	474	0	0	441	0	12	0	3	0	157	70	0	19	2	0	0	230	128	0	0	0	8	67	5	27	2
np0947	359	576	7	859	397	0	68	10	0	0	6629	21	622	5	954	58	0	0	0	0	249	28	0	168	0	25	74	323	0	1903	0	0	1060	792	0	4	0	0	381	655	5	133	0	103	30	0	3	8	0	0	738	941	12	99	165	733	30	1642	0	31	0	7	667	1118	1021	0	1	3	0	329	300	437	217	11193	0	0	0	66	3	1539	86	4	539	0	1670	3	0	14	984	550	0	62	1	95	399	64	364	2664	2	0	730	9	0	11	0
np0952	955	62	0	49	130	0	10	4	0	0	5740	7	248	1	94	6	0	0	3	0	0	74	0	556	2	0	9	257	0	465	0	22	22	559	0	3	1	0	0	1270	4	2	0	0	15	0	0	0	1	2	156	35	0	14	70	12	14	4	0	27	0	0	6	27	7	0	1	0	1	63	331	49	241	2742	153	0	800	0	81	486	4	106	1675	0	394	0	0	1	1140	168	3	17	8	2	1	131	52	0	0	0	49	677	11	39	0
np0953	0	2717	0	727	0	0	4	0	65	0	94091	29	760	0	2503	186	0	0	0	0	0	5	11	1	0	0	5	3	0	55	0	0	49	609	4	70	0	1	134	104	0	0	0	0	18	0	0	0	0	606	693	42	2	2	30	6	0	16	3	0	0	0	12	0	35	0	8	94	0	1404	0	27	2	4	0	0	0	3	77	80	0	12	74	0	3	0	0	0	19	1	4	8	0	13	10	20	1507	0	3	1	2	0	4	2	0
np0956	24	1373	7	2127	0	0	31	62	0	0	23894	455	241	21	1374	3	6	0	74	0	0	233	0	432	42	26	45	417	12	744	10	89	954	683	0	14	0	12	25	1679	50	0	0	0	55	2	7	9	7	64	648	1	6	45	7592	40	198	8	1	16	0	175	4	103	144	127	15	30	70	455	52	12	461	5514	914	81	0	39	98	5762	3	0	215	0	1023	0	1	2	4847	1504	0	323	75	34	4	394	84	1	5	0	728	146	5	2346	0
np0957	72	4954	11	1125	5	0	90	62	71	1366	42601	28	121	14	1834	4	2	3	433	1646	62	168	119	8243	519	47	76	354	0	2457	42	77	608	1327	7	694	848	0	71	3256	14	4	1	49	384	9	2	4	7	78	113	15	15	696	2027	13	137	45	0	61	14	57	8	6396	293	25	12	22	17	611	334	49	1542	34894	0	80	2272	41	516	2276	10	0	712	23279	529	3	10	0	3943	1152	2	724	244	0	100	422	69	0	7	0	41	154	16	1376	3
np0961	0	185	8	43	27	0	24	0	30	0	206	2	253	0	118	0	0	0	16	0	20	10	44	428	0	2	0	96	0	162	0	0	98	174	0	16	0	9	0	686	0	0	0	0	16	52	0	0	0	31	89	3	0	47	4	7	0	22	0	2	0	10	3	6	3	0	3	0	0	10	10	36	10	2305	0	0	254	3	11	181	1	0	147	0	7	0	0	0	16	11	0	2	0	0	0	56	50	0	0	0	0	26	1	18	0
np0962	189	4152	9	145	87	0	1545	42	9	12	2949	11	2328	0	6028	38	0	0	60	125	9669	53	59	2939	164	27	50	3063	1	2889	0	2	942	1837	1	1009	4	141	1706	10583	7	14	0	22	636	1311	2	13	0	372	357	2	11	99	92	14	22	37	1	162	246	360	0	829	205	2	6	1	0	84	23	34	297	39972	0	12	819	32	11	482	2	6	492	463	143	1	5	0	2206	935	11	82	45	0	47	17	969	0	5	2	2	419	15	1651	0
np0963	0	218	42	195	0	0	6	0	0	0	3765	41	1059	0	2233	29	0	0	18	0	0	125	41	119	1	86	42	81	0	415	3	0	251	807	389	19	40	22	45	1999	0	80	2	55	292	19	1	12	0	0	603	0	20	491	120	65	3	180	1838	58	0	144	0	99	101	0	19	2	2	62	1	292	1119	23636	0	0	826	73	16	36	0	10	5737	0	346	10	33	0	1677	463	0	59	0	0	0	26	298	3	0	0	4	35	2	226	1
np0964	0	714	215	2220	23	0	53	14	1	0	19903	183	103	29	1527	8	7	162	3378	0	59	424	0	476	12	13	69	147	90	874	0	40	588	1338	0	2	389	13	57	3328	2	3	0	67	40	0	6	16	4	23	145	104	0	187	1440	27	19	1	0	17	0	13	32	1085	340	8	109	21	42	1941	6828	759	682	5459	871	2	3	16	1514	1341	0	3	503	0	610	1	1	1	1406	844	0	100	273	0	114	662	150	9	241	1	136	32	49	478	0
np0965	0	156	3	10	27	0	9	0	1	0	49	0	832	0	74	0	0	0	7	0	5	11	33	188	0	1	4	58	0	76	0	0	21	119	0	31	4	0	2	678	0	0	0	0	16	4	0	0	0	45	68	10	0	44	6	6	2	55	0	0	0	70	9	3	4	0	0	0	0	0	7	50	7	1081	0	0	168	5	0	113	0	0	80	0	1	0	4	0	25	43	0	0	0	0	0	51	78	0	0	0	1	33	1	3	0
np0966	0	458	5	275	67	0	16	0	116	0	2200	5	508	1	707	5	0	0	82	0	0	193	167	833	1	5	12	340	0	767	4	0	278	609	0	24	148	3	14	1928	0	3	0	0	63	12	0	0	0	111	366	15	2	340	184	10	21	119	0	11	0	143	18	329	47	0	5	4	0	72	581	193	52	9836	0	57	6106	30	44	1189	8	0	1645	0	54	0	5	0	916	536	0	111	3	0	0	342	42	0	0	0	50	111	6	80	3
np0967	1834	581	23	453	40	0	33	16	0	0	4358	39	46	0	451	24	0	0	5	0	59	55	17	179	12	82	483	424	1	1134	2	0	12908	733	8	263	0	0	0	1117	24	59	1	7	6	0	1	29	0	6	817	0	0	42	1815	97	62	39	0	50	0	82	0	515	680	2	4	10	10	160	1650	16	2437	13973	0	0	0	50	42	584	21	0	217	85285	664	12	17	3	3652	4152	0	31	1	21	1	145	249	0	0	0	133	37	4	65	0
np0968	306	19226	77	5130	43	21	485	277	29	768	110305	352	375	66	5308	24	13	7	1101	1782	1354	656	5	7436	1106	156	220	515	104	2879	16	208	1191	1507	0	226	471	317	66	2922	101	15	0	271	1147	49	629	51	24	71	575	27	31	576	4036	47	419	15	1	143	109	437	9	18600	328	80	36	64	184	9143	925	389	9458	37955	0	392	4804	174	1636	2138	12	0	1141	689	3364	18	53	1	12269	6058	139	863	1316	6	1158	329	282	527	85	3	124	500	38	2004	0
np0975	60	1199	41	3670	59	37	110	7	0	0	57405	183	368	22	1449	34	0	751	43	0	53	110	0	1470	4	44	44	152	10	1140	0	3	365	2050	0	250	0	5	16	6036	0	2	5	144	51	34	4	14	4	5	532	79	2	112	1393	123	0	274	0	28	0	7	55	3375	222	8	73	51	123	2457	4671	344	1134	3423	0	0	0	119	1068	1635	0	11	466	0	2024	5	4	4	518	841	0	192	6	8	49	1135	92	284	56	8	301	56	21	428	0
np0976	0	1469	5	1926	51	0	122	0	34	0	98021	276	312	0	730	69	0	0	2	0	0	144	123	0	0	1	249	1482	214	2044	0	0	16	692	4	14	0	1	439	1180	5	0	18	0	16	105	5	1	0	112	1086	73	0	19	313	4	0	25	0	6	0	0	10	0	17	0	10	107	10	470	1962	36	896	43264	0	0	0	3	4437	90	51	0	709	0	2052	0	2	0	1971	2053	2	9	0	0	14	16	127	0	6	0	6	27	185	518	0
np0977	0	4430	2	175	0	0	1	0	0	0	80002	25	399	2	1881	77	0	0	0	0	0	2	107	6	0	10	5	10	0	70	0	0	122	391	4	181	0	0	177	110	0	0	0	0	15	0	0	5	0	125	98	50	1	0	17	1	0	24	10	0	0	0	9	0	22	0	7	9	0	320	0	28	2	1	0	0	0	5	29	99	0	6	79	0	1	0	0	0	13	2	2	14	0	32	18	222	0	0	5	4	5	0	0	0	0
np0978	84	487	7	456	4	10	6	115	0	610	19741	24	46	9	507	4	4	2	140	279	0	135	5	1990	385	18	37	54	12	305	1350	57	325	283	0	8	32	6	37	6706	26	4	0	13	105	4	0	3	2	55	116	89	7	123	1790	15	80	7	0	13	11	21	4	2838	201	34	21	32	32	434	193	218	767	8551	1	121	5200	25	27	268	0	1	361	175	5597	4	6	9	3632	1292	3	136	221	0	62	1502	103	0	21	0	0	245	4	875	0
np0979	43	4253	64	948	49	6	384	2	211	4	8700	43	85	13	2607	25	8	17	1140	201	85	312	0	3116	26	46	8	190	16	1036	23	35	407	1256	2	400	39	15	93	3796	3	12	0	14	529	56	27	14	0	754	378	25	24	288	748	35	7	6	1	32	29	29	7	1679	330	6	35	14	8	532	670	183	483	40056	0	1	387	69	1867	3512	5	1	1035	645	690	6	13	5	845	397	7	204	87	3	56	57	171	14	29	0	52	177	75	233	0
np0980	0	112	211	1973	9	0	53	13	3	0	10339	155	82	17	442	27	2	113	395	0	68	216	0	279	7	17	18	54	43	369	0	78	151	356	0	2	268	46	55	1313	3	1	0	13	35	0	7	13	4	41	179	100	1	99	145	12	28	0	2	11	0	4	18	344	245	2	137	18	6	1311	2427	309	286	825	349	0	0	11	394	256	0	3	307	0	174	0	2	2	826	369	0	84	118	0	163	308	54	8	298	0	53	10	126	397	1
np0984	39	265	18	380	1	0	32	0	0	24	7052	20	24	6	341	6	0	6	148	101	16	54	3	638	63	0	26	0	6	247	0	22	18	144	0	0	8	14	5	649	23	0	0	38	47	4	2	3	0	0	159	20	3	23	208	0	42	1	0	6	0	8	5	627	55	15	5	5	47	365	462	75	328	2435	0	7	198	16	89	262	0	0	247	1071	542	1	0	0	803	545	6	75	136	7	80	42	21	6	10	0	6	80	11	157	1
np0985	2306	2904	2	49	9	0	0	3	2	0	990	2	5	1	226	4	0	0	0	0	5	19	27	77	17	41	121	115	0	152	0	0	4304	82	0	21	0	0	0	378	3	45	0	1	0	0	0	14	0	99	174	0	3	10	38	63	7	6	0	27	0	9	0	238	399	0	0	5	0	14	317	9	198	7984	0	0	0	21	790	20	6	0	154	36020	303	2	3	0	617	936	0	0	1	0	0	30	132	0	0	0	12	6	3	74	0
np0987	0	625	11	96	6	0	8259	2	0	0	1703	16	398	0	9914	2	0	7	12006	0	29	708	4	103	1	31	7	506	0	1937	0	0	22	830	0	62	16	20	128	3756	0	0	2	286	119	0	5	27	0	0	151	71	26	209	362	57	4	20	14	47	0	53	262	35	72	2	11	8	0	72	786	44	24	3416	126	0	0	16	210	1824	0	5	1314	0	33	0	0	516	323	63	0	52	20	319	9	266	164	0	9	0	148	31	27	82	0
np0988	0	241	121	2672	0	0	17	2	3	0	70041	248	119	15	1303	17	4	261	2462	0	0	1770	50	386	254	78	36	251	0	754	205	0	238	1053	11	141	2	16	23	2846	0	6	1	269	40	58	7	14	10	0	862	77	13	205	4475	45	144	40	0	46	0	37	99	988	231	2	55	64	61	449	10	429	1598	4170	0	53	365	124	6481	13	0	5	844	0	544	7	23	0	4375	1263	24	2109	43	0	13	723	252	5	116	0	196	30	35	4716	20
np0990	7	600	2	460	0	17	15	12	2	254	12607	28	20	4	498	0	7	0	383	254	0	73	0	2228	168	19	22	35	6	334	12	15	114	282	0	0	50	5	5	7005	5	0	0	19	41	13	3	2	0	0	63	376	8	209	583	9	29	0	0	11	0	10	13	1357	152	9	13	14	9	250	117	68	349	15443	0	78	1009	23	266	226	0	0	541	249	615	0	0	14	1635	618	8	145	206	0	28	930	68	7	7	0	7	137	3	356	0
np0994	0	92	28	162	12	0	1	5	3	0	1915	2	130	3	230	0	0	1	54	0	0	42	118	431	4	1	27	110	0	263	2	0	165	194	49	21	113	0	3	721	0	1	0	0	16	3	0	0	0	387	100	33	0	76	94	2	3	43	0	3	0	158	10	47	19	0	5	0	0	22	182	182	222	1781	0	34	2714	10	27	339	0	0	213	0	19	0	0	0	381	352	8	63	0	0	0	302	9	0	1	0	10	22	3	26	3
np0995	7	43	6	1059	0	0	7	6	0	0	2875	12	4	0	111	0	2	0	1	0	7	12	14	18	8	22	38	43	0	135	12	0	877	81	0	2	0	0	1	312	14	16	1	1	5	0	0	9	4	10	98	0	0	10	224	0	36	0	1	5	0	17	0	110	46	3	4	4	8	114	1037	1	329	1958	0	0	0	13	650	54	2	0	27	13912	50	5	0	0	1007	446	0	32	3	0	0	20	32	0	0	0	40	5	0	90	0
np1006	2	40	0	36	0	0	15	0	0	42	1823	0	0	0	133	0	0	0	25	17	35	2	0	147	7	3	3	5	0	40	0	0	51	19	0	0	13	1	2	167	0	1	0	3	51	5	5	2	0	141	6	0	0	173	91	0	0	2	0	1	0	4	0	183	6	0	0	1	0	25	9	0	82	3223	0	3	76	3	45	26	0	0	39	91	13	0	0	0	152	57	0	42	16	0	7	4	11	0	5	2	0	11	0	24	0
np1007	20	207	0	46	18	0	6	0	0	13	2398	0	77	0	240	7	0	0	15	66	15	25	0	359	95	0	14	43	2	742	0	14	277	304	0	4	0	0	27	1596	3	2	0	18	10	0	4	2	0	13	136	0	2	49	113	9	7	67	0	15	24	9	0	122	110	0	0	8	5	38	4967	20	139	4795	0	3	263	8	5	83	2	0	228	119	85	0	0	0	1015	393	0	63	45	99	10	0	16	0	0	0	0	81	0	175	0
np1008	0	2347	231	1006	169	0	258	127	17	0	2623	39	15947	10	3087	6	7	0	794	0	45	568	515	3594	14	64	115	1862	3	2742	6	0	719	2646	15	212	233	23	72	16108	0	19	0	0	526	118	4	2	0	663	716	275	26	1355	560	120	35	317	0	53	0	1339	159	504	226	1	21	2	21	94	732	767	296	27443	0	59	7504	259	155	4709	15	4	4824	0	99	4	49	11	3560	919	69	164	16	0	3	3037	1269	2	4	0	199	733	40	295	14
np1009	29	618	28	499	3	1	15	4	6	35	16840	23	38	2	562	7	0	4	180	177	0	99	28	933	190	21	28	53	9	541	7	40	254	372	0	11	20	5	6	1929	24	2	0	54	20	9	4	2	1	623	123	20	3	247	528	7	43	0	0	14	4	34	4	998	90	5	12	17	46	163	4815	65	847	5654	0	3	429	18	348	263	1	0	322	1953	541	0	0	0	1881	929	4	492	236	6	72	57	36	3	11	2	1	99	6	356	1
np1012	9	9280	0	3	33	0	722	0	0	0	105	0	113	0	2588	0	0	0	428	0	39	12	0	12	0	21	1	100	0	1930	0	0	7	811	0	12	0	3	4	284	0	0	0	18	3032	0	3	16	0	1	36	64	0	19	59	5	0	387	0	0	0	29	11	4	4	0	0	0	0	7	5	0	20	13602	0	0	0	16	4	31	0	0	1122	0	0	0	0	33	26	2	0	3	0	111	0	410	144	0	0	0	0	24	4	18	0
np1013	234	11920	16	370	5	0	56	0	0	1716	20911	62	51	0	2137	3	0	0	20	191	3669	215	17	2252	209	42	81	95	0	660	0	40	372	333	0	22	1	612	58	325	19	21	0	24	457	12	2023	3	0	46	543	1	27	29	230	15	133	24	9	70	143	333	0	24947	155	81	1	9	81	3249	6	110	2783	18768	0	13	2043	40	23	95	8	0	111	48	423	3	5	0	5045	2019	34	142	193	54	42	11	239	8	1	3	0	122	2	1238	0
np1015	0	53	9	409	11	0	89	19	88	0	6661	29	45	6	3469	0	0	2	7514	0	13	828	26	222	0	4	9	75	13	216	0	6	21	283	0	34	88	0	39	5019	0	1	0	100	19	0	3	9	0	150	158	17	15	94	297	17	6	0	0	27	0	37	76	762	57	6	17	41	2	231	819	53	50	4940	55	0	0	5	58	475	0	0	1206	0	46	0	0	16	596	15	0	23	142	5	4	166	48	0	15	0	75	26	5	158	0
np1018	0	479	246	1641	3	0	60	330	17	0	9646	39	771	9	1986	5	8	7	822	0	34	785	358	4073	37	19	82	668	0	1376	42	0	839	1036	1	6	889	14	28	4073	0	9	0	0	150	104	7	0	0	21	240	140	17	955	508	20	68	65	0	46	0	418	45	794	175	0	40	5	14	208	2742	229	226	4799	0	323	3288	80	530	2162	3	5	1201	0	166	5	22	0	1838	242	29	432	96	0	2	2484	137	1	4	0	145	84	17	1445	36
np1021	10	1613	0	61	0	0	6	16	0	9	2844	7	11	0	249	0	0	2	89	45	4	30	27	2106	18	8	21	54	0	364	0	3	217	224	0	0	40	1	3	711	5	0	0	13	37	3	0	0	0	285	83	4	2	90	344	0	8	4	0	16	0	10	0	311	72	3	0	3	4	43	280	8	166	21689	0	7	377	7	336	230	0	0	138	20171	67	0	0	1	786	355	3	147	36	0	13	55	26	0	0	0	3	43	2	137	0
np1023	71	7924	30	1429	12	5	104	105	9	163	40672	123	82	13	1548	10	2	5	353	649	421	171	3	2440	577	57	62	168	45	908	9	43	340	486	0	43	74	122	29	1401	26	4	0	52	526	14	179	14	5	14	231	8	12	122	863	19	143	0	1	48	54	119	2	8624	111	15	22	19	54	3114	440	137	2796	23153	0	140	2797	73	428	832	5	0	389	308	1234	8	11	0	3964	2307	35	298	433	19	350	150	84	240	34	117	53	223	16	753	0
np1026	10717	682	84	3001	1539	14	448	3	0	0	74698	225	3712	18	169	92	10	28	3002	0	75	429	0	480	21	10	137	2032	0	4180	4	229	316	1279	5	22	18	5	25	18852	0	2	0	0	179	24	0	4	48	15	1209	213	3	183	611	2717	30	8	0	19	0	1	11	727	52	0	58	18	16	1531	2497	906	1929	6518	2043	8	1743	12	1133	5031	31	394	3105	0	5224	1	7	0	2978	3103	2	61	104	0	7	291	1186	1	18	3	2445	300	29	162	3
np1027	0	362	23	1215	7	0	62	7	0	0	11377	70	18	9	472	0	7	110	1765	0	11	77	18	270	0	0	33	0	21	428	0	7	304	530	0	0	261	11	5	868	0	2	3	40	25	0	0	11	0	2	105	54	7	58	993	43	27	5	5	9	0	2	22	216	179	0	63	0	13	996	1658	96	117	6647	250	0	0	4	596	1007	0	4	222	0	152	0	0	2	496	191	0	48	151	0	34	289	95	6	64	2	53	7	27	175	0
np1028	1554	236	144	8198	58	58	217	33	0	0	89998	231	354	35	3530	44	16	283	559	0	21	1525	0	1208	115	33	92	338	0	1770	96	131	465	13801	10	6	14	83	24	5635	0	3	5	0	169	38	16	2	44	0	682	272	50	252	1822	1800	49	8	3	75	0	8	55	2334	1064	0	121	43	59	1601	1225	283	3338	2045	1131	152	1597	26	553	3919	11	7	1516	0	1801	4	22	0	6318	3100	0	327	136	1	252	1232	841	20	51	7	786	66	57	710	9
np1030	120	307	19	18022	65	0	51	0	0	0	64722	2422	439	166	2459	27	274	0	385	0	0	459	1314	2611	17	218	104	1034	30	3068	0	725	887	2137	0	111	0	10	697	1113	882	236	2	0	5145	5	356	51	121	5942	2778	17	22	92	834	698	482	8	243	16	0	24	14	15	193	2372	149	82	72	9973	437	89	896	1656	649	58	0	149	4	1825	27	4	535	2	8051	7	9	4	50485	13649	0	183	197	37	8	0	50	1	51	0	0	139	28	4614	205
np1032	46	1883	0	1019	15	0	96	1	0	4817	35112	69	200	8	1404	2	0	0	6	813	1149	457	37	1304	175	26	29	65	5	495	0	334	158	186	0	63	7	86	37	127	19	2	0	13	117	8	254	3	5	29	541	0	4	63	194	6	86	36	8	27	25	108	0	5934	91	90	0	11	102	4713	5	42	2218	3824	0	43	1052	33	8	49	3	0	66	0	259	3	3	0	3485	1006	9	217	352	3	38	8	52	12	3	0	0	78	0	2732	5
np1034	1737	129	0	285	223	0	77	12	0	0	30197	32	1089	0	114	8	0	0	20	0	13	152	0	452	35	2	30	450	0	924	0	92	306	678	0	3	0	0	0	3315	0	2	0	0	58	0	0	0	0	1	278	42	0	29	319	39	31	10	0	56	0	0	7	141	10	0	4	0	4	205	1831	136	975	4544	830	0	1403	0	171	1357	5	169	2457	0	1167	2	0	1	1789	311	1	19	31	0	2	208	116	0	0	0	364	799	18	118	0
np1038	0	249	47	801	0	0	16	1	3	0	38684	126	61	2	698	9	4	83	1337	0	3	804	35	224	97	43	30	175	0	439	67	0	62	615	2	66	0	0	33	993	0	9	1	99	23	11	3	9	6	0	318	32	8	141	4808	12	114	16	0	23	0	24	21	511	57	0	12	9	31	168	9	135	470	1106	0	34	151	47	6447	7	3	0	658	0	264	0	18	0	2587	839	5	857	13	0	0	298	231	3	48	2	119	19	16	2547	8
np1039	751	989	12	477	90	0	43	40	48	0	52492	60	578	0	3639	35	3	11	68	0	27	509	0	6017	86	17	69	1166	0	2247	15	14	884	1199	14	19	0	9	399	4831	0	61	0	0	393	7	3	0	3	269	843	214	19	748	9567	202	7	0	0	124	0	6	118	218	324	0	14	21	32	242	925	305	1190	36373	1705	32	5812	13	248	7764	10	6	2418	0	1969	3	7	0	7423	1252	1	553	130	0	9	1108	139	0	29	0	1453	33	43	120	1
np1041	17	1040	0	780	7	11	17	0	0	0	7918	87	109	0	545	7	0	0	93	0	0	102	0	38	1	11	15	127	2	163	19	0	182	222	0	0	0	5	7	511	0	0	0	0	36	0	0	5	0	7	70	18	1	20	940	21	58	0	0	7	0	7	10	138	39	3	2	9	14	100	42	2	255	1611	29	44	0	10	103	958	0	0	167	0	311	0	0	4	620	263	0	95	14	2	2	113	38	1	0	0	292	47	4	41	0
np1042	103	4648	9	844	30	0	51	2	150	999	37261	3	181	9	1233	8	0	0	296	1477	79	217	173	7796	908	37	79	509	3	2872	22	54	882	1169	10	1137	391	3	112	3946	27	16	0	22	457	6	3	5	4	135	332	10	5	223	2956	23	218	171	0	61	27	59	0	5207	381	24	0	15	41	374	127	23	1943	32469	0	21	2385	48	357	1627	0	0	798	50937	306	6	12	0	4774	2257	0	724	233	0	53	238	138	4	6	0	8	153	4	2991	1
np1046	0	374	219	1709	6	1	484	486	8	0	10411	34	1131	11	2219	12	12	3	807	0	167	847	339	3186	47	19	44	855	1	1376	25	0	999	1140	0	8	921	109	16	4997	0	4	0	0	106	301	6	2	0	8	181	141	14	1132	296	14	40	13	0	37	0	782	41	888	169	0	52	3	16	117	1752	262	193	8786	0	185	3160	91	644	1711	0	4	1144	0	154	0	19	5	1721	233	78	345	39	0	8	1510	297	0	5	0	685	95	20	1002	36
np1050	117	786	9	100	14	1	4	43	0	0	1558	9	78	3	688	3	3	0	51	87	14	87	0	1262	69	34	28	132	0	846	18	0	650	616	0	3	0	2	46	10221	2	29	0	12	61	13	6	4	0	4	214	1184	3	552	172	42	21	12	0	38	174	23	2	482	101	1	9	9	11	86	100	47	830	34169	0	21	1136	38	46	451	32	0	771	45	376	5	0	16	2893	1297	2	31	38	0	48	633	576	0	1	0	0	232	2	563	0
np1052	51	50	0	53	417	0	10	0	0	0	312	19	1533	2	115	0	0	2	4	0	0	4	10	5	0	30	2	23	0	64	0	0	19	70	0	45	0	0	29	262	0	0	0	0	9	0	0	6	0	66	4	13	3	3	11	5	0	30651	0	4	0	0	10	0	11	0	1	0	0	10	0	10	34	90	3	0	0	41	50	59	0	3507	103	0	3	6	12	0	30	4	0	2	0	0	4	19	50	0	2	0	3	0	15	2	0
np1053	0	394	62	456	8	0	28	42	41	0	3205	8	609	4	859	8	0	1	149	0	3	394	242	1005	4	13	18	552	0	777	6	0	310	626	2	17	495	5	9	2814	0	3	0	0	90	27	2	0	0	74	224	34	3	585	238	12	53	131	0	26	0	313	12	388	76	0	10	0	0	46	1028	99	73	4545	0	195	2538	35	120	902	3	1	834	0	32	0	8	2	1289	148	9	167	12	0	0	612	83	0	0	0	41	66	10	373	14
np1055	0	1289	94	1405	7	0	39	0	0	0	29012	219	1506	5	6402	52	7	148	786	0	0	1343	211	1601	33	149	100	163	0	1256	0	0	259	2209	1538	33	147	33	15	2095	0	24	3	279	362	139	33	31	0	3	961	10	24	1341	637	59	48	105	2452	88	0	225	22	568	468	0	93	27	16	384	19	1148	2379	31613	0	12	3425	227	402	316	11	12	13537	0	1178	10	38	4	4663	3223	6	601	3	0	0	174	647	0	22	0	56	62	58	1642	0
np1057	0	642	29	92	159	0	75	31	88	0	1645	10	7909	6	1092	6	0	0	85	0	13	218	376	692	9	19	67	638	0	1137	7	0	88	1103	56	172	93	4	17	6017	0	9	0	0	119	65	2	0	0	120	476	44	6	599	84	12	25	228	0	4	0	626	48	297	112	0	3	0	9	34	1108	295	924	7622	0	66	2334	75	23	599	0	2	1123	0	28	0	10	0	869	357	10	38	5	0	0	670	557	0	0	0	102	171	9	136	2
np1060	228	2533	58	2920	81	21	182	17	0	0	44989	203	592	35	1577	50	3	381	45	0	62	180	0	4025	0	63	67	404	7	1386	0	1	353	2105	0	2	0	15	1141	6554	2	0	8	201	111	55	6	24	5	4	636	98	12	260	2186	362	0	3	0	34	0	5	40	1598	350	9	83	42	154	2701	2592	546	856	6239	0	3	0	128	1527	1948	3	12	1095	0	2218	16	6	0	690	1016	0	76	3	0	40	1106	265	247	51	17	304	90	27	611	0
np1066	21	1891	34	294	21	0	30	7	9	0	4177	20	51	7	1035	12	6	7	314	67	16	106	0	1248	6	24	6	101	5	417	4	6	129	477	3	0	0	11	38	1345	0	1	0	5	73	16	2	0	0	15	152	12	4	77	326	12	0	0	0	21	3	6	4	398	121	0	19	0	0	201	487	81	227	12418	0	0	184	16	626	1058	0	0	375	3205	408	0	6	1	264	212	0	31	18	0	13	31	42	14	5	2	21	99	11	36	0
np1067	288	2249	16	1749	74	3	225	8	0	0	19367	75	399	5	930	74	0	4	10	0	409	192	0	518	42	26	65	762	2	1401	0	3	400	1105	0	2	0	99	6	4479	3	23	2	193	110	103	1	10	1	0	808	72	8	100	560	319	128	207	19	22	0	23	245	2353	474	13	20	31	34	941	2273	488	507	11979	0	13	4	45	10	688	21	0	289	0	3086	3	0	0	3805	1701	0	164	49	485	192	198	489	852	244	1	32	36	13	411	0
np1068	34	2319	1	636	16	0	11	0	2	0	13959	20	132	5	471	2	0	4	13	0	12	112	0	478	0	8	33	162	1	473	6	0	381	247	0	112	0	1	7	2012	10	0	0	30	57	5	0	2	0	352	289	10	6	255	244	23	7	14	30	17	0	26	36	2824	63	0	8	10	23	288	3929	88	451	7012	0	13	15	25	220	632	2	0	229	0	277	0	0	1	1248	453	0	204	17	40	2	67	87	0	3	0	95	31	3	50	0
np1069	0	1418	5	41	179	0	103	13	4	0	320	0	6809	2	928	9	0	0	45	0	11	103	153	3324	12	9	56	395	0	675	0	0	203	970	8	174	39	3	15	6085	0	5	0	0	188	40	2	0	0	308	370	170	6	597	92	59	13	299	0	26	0	576	17	48	17	0	0	0	8	5	71	163	17	10914	0	4	1658	67	29	1087	4	0	1021	0	5	0	16	0	342	289	0	15	6	0	1	447	424	0	0	0	39	387	4	41	0
np1072	0	593	70	6854	86	0	217	0	0	0	44259	1271	168	17	1378	136	0	0	0	0	0	87	0	18	4	141	57	435	167	1016	0	248	2807	1534	0	249	0	0	683	1617	0	0	7	0	1210	7	16	44	17	622	1662	52	4	28	693	404	268	224	6	30	0	0	6	0	321	0	44	83	8	2738	1962	114	2338	9149	0	141	0	83	252	389	2	7	1077	0	2757	9	22	3	5795	3882	0	134	11	9	0	49	85	0	5	2	5	268	8	229	0
np1073	23	1261	15	1300	10	7	40	54	47	179	22496	48	71	5	770	0	0	12	374	510	17	89	53	5331	221	24	31	122	5	767	38	47	170	498	10	229	285	8	57	1700	6	3	2	25	95	4	6	5	2	28	86	8	2	268	805	6	94	12	0	26	11	28	7	3206	88	6	15	10	11	597	694	54	875	6809	0	124	1238	23	284	988	0	0	400	2221	521	1	5	0	1893	646	4	276	297	0	99	219	37	24	18	0	55	68	8	496	0
np1076	300	440	0	2558	351	3	216	107	228	0	39391	64	634	20	2281	71	0	0	4	0	212	449	0	791	9	43	100	255	2	1789	0	56	345	1123	2	1150	0	0	17	1026	30	0	0	140	104	7	6	11	2	0	1253	341	0	266	1251	80	299	2563	53	119	0	60	565	4003	1468	76	20	69	4	1185	2259	656	482	10836	0	9	0	80	4	2583	49	8	211	17	1334	9	2	33	3448	1296	0	421	24	35	671	79	1010	3960	144	0	767	98	4	565	0
np1077	0	478	5	51	65	0	97	3	27	0	1546	5	4423	0	288	15	0	0	6	0	8	87	196	61	0	8	54	268	0	650	0	0	12	650	91	373	23	3	2	1468	0	0	0	0	14	12	0	0	0	106	301	26	2	150	24	16	38	335	0	0	0	228	19	96	7	16	0	4	2	13	334	144	212	4283	0	3	555	43	0	266	10	0	534	0	36	1	2	0	231	220	1	17	0	0	2	401	316	0	0	0	126	57	3	104	15
np1080	13	1430	5	23	0	0	4	3	1	2	1422	0	14	0	185	0	0	1	28	26	0	29	28	1086	21	3	12	65	0	413	0	0	276	160	0	0	5	0	0	479	10	3	0	3	45	2	1	0	2	212	84	1	0	47	222	23	17	50	7	17	11	13	0	249	95	0	0	0	0	24	240	4	172	19275	0	5	236	10	37	116	2	0	193	25438	47	0	3	0	619	282	0	57	14	4	12	30	14	0	0	0	4	28	2	160	0
np1082	0	145	22	1707	8	13	23	19	0	0	14306	110	27	5	268	6	0	0	345	0	2	49	0	55	9	7	0	116	5	606	0	10	219	285	1	29	0	2	0	8851	0	0	0	0	8	0	0	0	3	0	86	15	2	34	312	80	1	51	0	0	0	0	6	273	23	0	34	5	4	271	697	115	103	10	8	0	180	16	582	577	0	0	192	0	520	1	0	15	476	486	0	22	10	1	4	111	29	0	0	0	30	6	17	67	0
np1084	15	665	141	3484	107	0	143	4	4	0	8272	123	243	3	2456	24	5	0	14	0	107	45	0	36	3	180	146	458	4	750	8	0	2209	1710	0	29	0	9	10	3646	0	28	0	9	67	22	2	81	0	0	332	6	15	77	763	73	0	1	4	10	0	60	10	94	201	1	41	12	18	772	919	64	1030	18832	0	0	0	89	522	976	11	7	192	24169	458	53	38	1	335	453	3	65	1	12	4	77	746	0	10	10	172	96	27	57	0
np1085	37	411	5	80	0	0	0	6	0	14	2583	2	21	3	139	7	0	0	39	86	2	29	0	402	67	9	25	34	2	109	17	8	471	122	0	3	5	0	23	6206	4	5	0	3	36	3	0	0	1	3	99	48	5	67	177	15	43	32	3	4	3	8	0	451	79	3	2	3	5	76	19	53	320	13350	0	12	611	11	50	123	0	0	397	13	721	1	4	14	1875	696	0	30	68	0	51	1110	110	0	1	0	0	63	3	157	0
np1088	37	2601	87	1600	32	462	60	58	14	3	31797	83	142	23	1599	37	7	75	1416	133	60	403	0	2517	140	35	28	314	16	1349	22	29	483	1267	1	0	114	13	18	3004	4	16	0	67	104	25	20	11	0	220	163	65	15	128	1246	57	26	0	3	16	10	19	31	2827	177	7	49	15	6	1080	1218	171	662	12712	0	11	584	38	2679	2630	4	3	785	6162	1139	4	12	7	1311	925	5	159	273	0	76	652	315	34	44	8	80	135	94	183	0
np1089	13	148	5	121	0	4	4	0	0	8	2920	0	6	0	182	0	0	0	135	51	0	7	0	692	19	11	14	4	0	80	0	5	29	112	1	5	9	0	18	4874	0	0	0	0	54	0	0	0	0	0	29	155	0	38	65	11	13	0	0	8	1	2	4	236	43	0	0	0	0	42	83	17	119	6039	0	1	209	0	60	112	0	0	164	85	196	0	0	6	365	337	0	4	22	0	16	1592	21	0	0	0	0	40	3	106	0
np1090	0	8496	2	447	0	0	4	0	1	0	52738	40	1168	0	21068	234	0	0	0	0	0	7	0	6	0	7	8	0	0	68	0	0	31	741	0	26	0	0	5	143	0	0	0	0	308	0	0	2	0	45	1086	31	0	1	836	6	0	18	5	0	0	0	20	0	28	0	19	97	0	785	0	44	1	0	0	0	0	4	135	110	0	26	106	0	2	0	0	0	28	4	8	5	0	40	18	454	4973	0	13	0	2	0	0	2	0
np1093	571	657	2	252	726	0	102	4	0	0	4092	4	671	7	1101	39	0	0	0	0	440	97	0	97	0	43	77	303	0	1415	0	2	1328	920	0	16	0	0	415	2517	2	71	0	72	105	12	7	5	0	5	1755	448	8	107	87	244	0	2639	4	29	0	22	504	526	228	8	0	7	0	222	98	131	390	20809	0	1	0	54	0	2291	55	6	629	0	2226	6	0	60	515	973	0	2	0	126	285	952	1131	37	10	0	55	30	0	10	0
np1096	0	422	14	237	16	0	1214	3	0	0	3782	27	162	0	3358	2	0	8	19939	0	188	617	33	83	0	26	7	219	8	773	0	5	37	1020	0	16	42	41	7	2835	0	0	2	319	91	0	1	26	0	11	178	88	35	318	254	53	5	7	7	45	0	53	297	108	218	3	36	8	0	148	1236	118	33	3820	311	0	0	16	115	804	0	5	1780	0	87	0	0	490	311	78	0	63	32	124	9	154	276	0	36	0	109	21	42	111	0
np1098	83	119	15	581	42	0	14	6	4	0	1853	15	27	4	360	6	1	0	1	0	23	22	0	18	0	33	151	107	0	280	2	0	1300	194	0	3	0	0	4	953	2	16	1	10	9	3	0	7	1	24	245	1	1	12	309	45	0	0	0	3	0	30	0	84	55	4	5	6	0	100	685	15	597	10241	0	0	0	19	113	297	3	0	113	25000	180	5	3	0	772	599	0	46	1	0	1	50	38	0	0	0	92	30	6	39	0
np1101	0	560	26	494	0	0	9	0	0	0	12926	56	209	0	1179	0	0	28	706	0	0	450	9	696	43	23	19	32	0	283	0	0	56	181	54	1	83	7	10	461	0	8	0	41	24	20	2	0	0	0	96	3	6	176	279	28	19	0	230	14	0	24	0	249	73	3	18	6	21	156	0	78	626	569	0	27	388	29	365	53	0	3	998	0	335	2	12	0	1132	574	12	202	7	0	0	109	166	0	13	0	38	9	11	560	0
np1103	0	304	162	3527	0	0	78	0	0	0	13147	453	233	0	1451	7	8	168	3337	0	0	1006	0	1692	60	106	14	282	0	630	18	0	668	1082	0	2	43	53	10	2110	0	3	0	95	39	216	0	20	0	0	85	26	25	163	330	17	0	0	0	21	0	43	19	160	196	0	198	3	4	378	3	174	1062	1206	0	4	272	148	760	71	5	13	656	0	546	13	42	0	596	420	5	158	7	0	17	441	2669	0	19	4	21	48	69	669	1
np1105	80	5085	158	4315	32	414	284	104	65	11	85362	167	360	50	3152	37	16	91	1309	546	143	574	0	3217	220	128	71	465	64	2582	60	102	532	3029	2	74	120	46	55	5418	0	12	4	133	320	73	28	30	12	1	506	101	35	367	2091	101	70	1	5	47	53	23	25	8612	303	10	104	41	37	3156	3497	301	2724	17634	0	60	1231	156	2274	2929	15	5	1230	822	2335	8	29	5	3360	3082	6	239	393	2	141	741	427	39	95	5	175	250	87	463	0
np1107	36	553	4	61	207	0	4685	7	0	0	1550	15	5408	1	14394	1	0	1	8453	0	23	523	130	46	0	69	5	1229	0	2311	0	0	118	1226	0	121	3	17	3	1394	0	0	2	53	2289	0	1	79	0	15	131	295	14	49	204	26	0	532	56	17	0	74	227	264	27	0	2	28	2	91	200	22	50	43505	12	0	7	30	83	281	5	0	817	0	18	1	5	127	192	4	0	11	6	182	10	1601	108	0	0	0	34	258	7	137	0
np1108	0	1072	19	808	3	0	46	23	5	0	10895	44	21	6	1463	4	3	14	3101	0	26	192	6	1636	29	0	23	32	13	678	0	14	553	824	0	0	94	3	17	2373	0	7	0	11	120	0	5	15	0	2	291	22	12	524	906	43	7	0	0	33	0	3	4	303	265	4	25	5	8	701	3901	184	152	35120	1036	0	0	4	453	4116	0	0	186	0	442	0	0	0	1240	620	0	72	408	0	41	110	188	0	66	0	83	32	16	291	0
np1112	0	750	22	73	100	0	52	21	7	0	304	2	5044	2	558	4	0	0	74	0	20	82	261	1027	6	20	46	342	0	451	1	0	228	831	4	110	50	0	20	3647	0	3	0	0	112	28	0	0	0	210	236	72	8	246	65	14	4	200	0	14	0	312	33	22	48	0	0	0	7	2	129	305	84	8671	0	13	1463	54	1	910	10	0	986	0	14	1	6	1	714	221	38	13	5	0	0	373	419	0	0	0	76	285	6	36	1
np1113	27	916	162	153	0	2	9	43	0	27	4560	9	24	4	416	4	0	0	142	48	2	81	0	1446	210	6	38	20	0	383	5	2	246	390	0	0	0	4	0	10830	8	3	3	12	29	11	4	1	0	1	242	159	10	185	187	32	8	21	54	23	0	9	0	274	283	9	4	35	7	115	34	28	330	9844	161	7	1817	16	2	94	0	0	2249	16	1315	2	4	35	2980	740	0	68	54	13	22	2458	257	1	24	3	2	214	0	371	0
np1115	178	7608	41	389	119	0	352	22	96	9	8736	67	338	5	6138	12	3	5	63	250	10532	236	469	13673	45	61	156	1144	0	2683	0	15	3664	1569	0	698	6	548	4510	6915	11	34	5	34	7408	52	4767	39	4	1302	1026	23	9	40	3823	189	126	51	15	421	812	316	7	5928	478	0	14	16	2	563	74	82	1034	53674	0	24	5016	62	112	355	46	5	578	1191	3394	4	18	3	5780	4223	24	295	39	0	28	25	485	0	9	8	1	2015	21	5945	0
np1116	0	617	51	373	2	0	15	0	0	0	6899	79	63	3	477	0	0	35	2232	0	0	180	7	571	4	13	7	371	0	394	11	0	101	529	42	0	27	4	20	1214	0	8	0	46	27	42	0	6	0	0	180	8	10	137	799	26	0	0	0	0	0	60	18	133	28	0	40	5	1	103	1	82	214	2506	0	0	412	33	1181	19	3	0	445	0	187	5	23	1	467	484	0	105	0	0	0	144	259	0	7	0	216	15	15	1766	0
np1119	0	1051	240	1276	69	0	28	112	29	0	6054	47	1740	17	2280	12	6	0	366	0	31	461	231	3840	25	26	91	1202	2	1704	8	1	509	1618	2	58	235	18	36	6505	0	0	0	0	299	79	0	0	0	111	445	152	11	1000	646	26	23	491	0	40	0	718	75	380	161	0	61	5	19	192	796	444	404	9965	0	218	4314	98	352	1711	15	3	2194	0	180	4	20	2	2808	472	22	262	26	0	1	1821	167	0	4	0	92	246	20	702	27
np1121	0	788	13	354	6	2	45	7	2	22	10957	9	35	1	526	3	0	0	334	94	12	91	0	1280	106	20	16	15	7	448	4	28	136	346	1	5	29	0	20	1325	8	0	0	29	43	10	4	6	0	3	151	11	6	154	283	13	51	13	0	0	4	11	2	586	92	3	10	5	11	194	1465	92	207	7933	0	22	444	14	260	321	0	0	228	794	431	2	3	0	1185	701	4	169	89	0	105	58	48	9	9	0	4	93	17	217	0
np1122	0	1221	382	1805	36	0	76	733	85	0	20201	89	2194	27	2571	15	14	1	555	0	40	1109	755	6004	116	45	278	1668	10	2341	46	8	619	2723	7	139	1246	9	92	10527	0	11	0	0	919	96	5	2	0	203	1002	118	14	3529	812	66	194	956	0	80	0	1176	79	1702	434	12	66	3	39	275	7328	585	1407	10468	0	975	5784	197	295	2468	5	4	2925	0	303	2	48	3	3958	452	54	997	85	0	1	2763	270	2	10	0	153	134	30	4288	52
np1123	0	414	24	284	0	0	14	0	0	0	16876	48	338	0	1616	4	0	12	462	0	0	344	19	793	110	47	21	19	0	275	0	0	28	423	113	0	146	4	14	258	0	0	0	43	70	37	10	3	8	0	296	0	0	307	217	27	40	9	544	21	0	88	3	229	77	0	4	8	34	182	1	101	929	2566	0	52	922	67	12	29	0	0	1331	0	335	1	24	0	2362	240	35	132	41	0	0	55	120	0	0	0	0	7	12	648	0
np1125	0	1308	2693	40235	17	0	776	4129	182	0	49730	701	6244	197	12474	73	264	99	4041	0	85	6842	5	19469	454	238	276	3942	96	14024	315	0	1853	10330	2	4	4101	166	143	20790	0	5	0	0	1608	911	95	10	10	9	511	601	201	3226	1993	183	49	14	5	331	0	3642	163	4875	2133	6	597	39	36	1893	2546	1155	909	35504	0	669	13809	1049	7468	16371	26	114	6451	0	1163	35	148	56	7516	914	170	2660	746	0	190	3768	4056	7	84	12	280	509	274	10511	1817
np1126	717	2813	489	5038	609	35	4393	2	28	0	28106	298	21664	33	21956	473	47	362	1231	0	1046	1064	0	1852	81	188	121	2108	0	4556	13	65	1084	41463	46	79	4	299	61	44922	0	7	15	0	496	255	24	40	20	154	1905	531	148	308	1184	1417	109	938	0	285	0	16	171	915	916	0	300	82	38	1331	706	596	1027	4744	879	88	1241	330	1023	9622	39	6838	8878	0	1509	34	139	17	2633	3006	0	332	91	0	241	1326	19035	72	434	23	26	382	646	688	7
np1127	0	547	459	5889	7	1	101	1417	12	0	29187	127	965	50	2208	17	27	18	1684	0	37	1045	117	5466	81	20	109	685	7	1738	98	10	1245	1379	241	48	1409	9	139	4766	0	8	0	13	128	127	7	2	5	1101	466	139	22	918	1993	46	72	81	2	97	0	389	79	2510	407	4	86	14	67	850	5176	1468	1475	7989	0	607	16689	124	1527	3582	8	0	1798	0	808	0	16	5	3710	1531	56	1548	158	0	8	3145	327	2	15	0	506	99	27	1779	98
np1128	0	37	10	135	0	0	0	0	0	0	15928	21	55	1	450	4	0	0	535	0	0	527	43	73	56	7	8	50	0	234	14	0	34	247	0	108	0	0	8	481	0	2	0	23	6	6	0	6	1	0	230	20	0	69	2584	8	0	42	0	1	0	2	4	433	25	0	0	11	17	26	0	68	317	924	0	5	167	9	1753	0	0	0	165	0	44	1	2	0	1035	51	2	184	19	0	1	61	56	0	9	0	2	10	5	1985	2
np1129	15	87	0	108	0	0	84	3	14	281	8964	5	9	0	1085	4	0	0	36	136	735	57	59	502	61	1	26	31	0	240	0	21	636	218	0	105	12	0	4	425	13	0	0	16	681	63	12	5	0	599	159	2	6	37	152	0	36	23	0	15	0	37	0	1485	40	0	0	11	4	114	1	0	1179	21162	0	3	480	13	4	50	0	0	128	68	98	0	0	0	1220	556	0	121	54	11	24	2	39	0	5	3	2	61	0	286	0
np1130	1062	645	0	576	491	0	76	10	0	0	2866	7	741	7	1410	45	0	0	0	0	256	31	0	114	0	22	24	278	0	2308	0	1	1402	1110	0	7	0	1	203	291	4	3	0	98	21	0	4	5	0	0	949	518	9	123	409	270	0	2128	0	51	0	21	979	581	712	2	0	0	0	149	40	123	231	19254	0	0	0	50	0	1568	70	2	656	0	422	2	0	11	670	80	0	59	3	89	657	68	604	3569	9	0	527	42	2	52	0
np1132	0	265	52	546	0	0	13	0	0	0	85748	100	109	0	1227	33	0	9	693	0	0	360	52	150	496	49	88	124	0	849	57	0	152	1417	8	252	0	4	35	1540	0	0	0	334	17	20	1	6	44	0	374	99	0	461	9992	5	151	171	0	17	0	16	52	834	143	46	7	44	66	100	22	328	459	886	0	18	523	56	17448	2	8	0	203	0	438	4	26	0	4216	38	22	1103	133	0	3	44	464	3	15	0	37	15	19	11047	15
np1133	218	4225	61	1070	88	0	210	0	0	0	12599	143	1795	20	1289	46	3	12	24	0	67	52	3	371	0	79	1	622	0	1324	0	0	342	1816	0	0	0	26	1738	9185	0	0	6	77	172	69	6	44	0	0	786	355	15	146	233	295	0	2	0	20	0	0	24	293	202	4	67	14	0	1157	1012	432	313	14387	0	0	0	125	692	2176	6	0	1660	6	1353	20	7	7	108	311	0	58	2	0	66	961	184	19	6	13	6	95	53	86	0
np1134	0	476	169	4020	0	0	67	0	0	0	32974	312	295	0	2227	29	10	199	4150	0	0	1493	0	2911	122	148	12	189	0	1058	72	0	517	1350	8	0	52	14	12	2304	0	1	0	228	73	121	22	19	0	0	117	112	28	264	789	33	14	3	127	27	0	43	28	228	237	0	161	11	24	585	11	134	736	1428	0	52	424	198	1585	117	0	10	1225	0	781	8	67	3	1240	1268	7	303	21	0	16	817	1244	4	37	5	58	67	86	2092	15
np1135	0	197	8	1276	57	12	645	11	0	0	14291	147	71	4	574	15	0	0	119	0	273	264	0	174	43	4	24	1924	17	2223	0	324	652	1578	0	41	0	455	4	4923	3	0	1	0	43	0	0	0	15	0	473	243	5	121	652	1465	70	220	0	5	0	1	42	747	84	0	18	1	3	398	1350	721	41	3	60	0	462	6	17	704	11	0	483	0	974	3	2	13	2753	1972	0	54	36	133	2	166	532	1	6	18	7	11	43	876	0
