feature	Acidaminococcus	Agathobacter	Akkermansia	Alistipes	Allisonella	Anaeroplasma	Anaerostipes	Asteroleplasma	Bacillus	Bacteroidales_RF16_group	Bacteroides	Barnesiella	Bifidobacterium	Bilophila	Blautia	Butyricicoccus	Butyricimonas	Butyrivibrio	CAG.352	CAG.873	Catenibacterium	Christensenellaceae_R.7_group	Citrobacter	Clostridia_UCG.014	Clostridia_vadinBB60_group	Clostridium_sensu_stricto_1	Colidextribacter	Collinsella	Coprobacter	Coprococcus	Defluviitaleaceae_UCG.011	Desulfovibrio	Dialister	Dorea	Enterobacter	Enterococcus	Erysipelatoclostridiaceae	Erysipelotrichaceae_UCG.003	Escherichia.Shigella	Faecalibacterium	Family_XIII_AD3011_group	Family_XIII_UCG.001	Flavonifractor	Fournierella	Fusicatenibacter	Holdemanella	Incertae_Sedis	Intestinibacter	Intestinimonas	Klebsiella	Lachnoclostridium	Lachnospira	Lachnospiraceae_FCS020_group	Lachnospiraceae_ND3007_group	Lachnospiraceae_NK4A136_group	Lachnospiraceae_UCG.004	Lachnospiraceae_UCG.010	Lactobacillus	Lactococcus	Marvinbryantia	Megasphaera	Methanobrevibacter	Monoglobus	Muribaculaceae	NK4A214_group	Negativibacillus	Odoribacter	Oscillibacter	Oscillospira	Parabacteroides	Paraprevotella	Parasutterella	Phascolarctobacterium	Prevotella	Prevotellaceae_NK3B31_group	RF39	Rikenellaceae_RC9_gut_group	Romboutsia	Roseburia	Ruminococcus	Slackia	Streptococcus	Subdoligranulum	Succinivibrio	Sutterella	Terrisporobacter	Turicibacter	Tyzzerella	UCG.002	UCG.003	UCG.004	UCG.005	UCG.010	Weissella	X.Eubacterium._coprostanoligenes_group	X.Eubacterium._eligens_group	X.Eubacterium._hallii_group	X.Eubacterium._ruminantium_group	X.Eubacterium._siraeum_group	X.Eubacterium._ventriosum_group	X.Eubacterium._xylanophilum_group	X.Ruminococcus._gauvreauii_group	X.Ruminococcus._torques_group	uncultured	vadinBE97
np0002	-10.0899942386246	-5.91293070188109	-17.9648879574086	-3.45855730810397	-13.0899942386246	-18.6943578872215	-11.5754210657949	-18.0189119165308	-19.1439162732725	-17.7604210873886	-1.70474811097027	-6.32559651717868	-8.71744007066729	-10.9431528502954	-6.09644926076192	-12.5754210657949	-10.8973491606822	-18.5202426739746	-8.08356796946519	-14.3123866599611	-18.4354667979437	-8.63056261998733	-8.86392615914478	-7.5223097293353	-8.78882470390406	-9.99045856507371	-10.2249238187107	-7.40950912685918	-11.6494216472386	-5.78360699463304	-17.7361574621684	-9.40549606435255	-7.59356841250513	-6.3142663931793	-19.1439162732725	-12.3123866599611	-17.9865309296644	-12.5754210657949	-8.38955452048353	-6.50288646607191	-8.10293329433212	-11.5754210657949	-19.1027753967423	-17.6755849574782	-5.82454662613802	-18.6943578872215	-9.05185910973785	-11.5050317379035	-11.6494216472386	-5.14246165851876	-6.90582731460653	-12.5754210657949	-12.0899942386246	-11.3123866599611	-6.18999002860135	-9.26799254060262	-8.58446620539787	-14.3123866599611	-12.3123866599611	-13.0899942386246	-17.846702404935	-12.3123866599611	-14.3123866599611	-11.4379175420449	-9.89734916068223	-8.11598944715757	-11.1424616585188	-11.1424616585188	-11.9904585650737	-3.93012290184624	-7.85843017138993	-10.5754210657949	-7.07398192063599	-5.43996828160969	-9.74760204117755	-10.8098863194319	-11.8973491606822	-10.1969094425411	-11.7274241592399	-6.4668966090167	-13.8973491606822	-18.1477514775078	-8.08356796946519	-18.6583509692635	-4.72367202437881	-14.3123866599611	-12.7274241592399	-19.1611220392346	-2.8289067446564	-3.78849804364208	-18.6924724781975	-9.99045856507371	-9.94315285029535	-13.0899942386246	-13.5754210657949	-13.8973491606822	-11.5754210657949	-18.7398201567927	-12.3123866599611	-19.6192062202956	-13.5754210657949	-10.8973491606822	-11.9904585650737	-5.83395407939372	-18.4668093519586
np0004	-18.4462271471724	-7.31632215003932	-11.2232127456478	-5.60398034284194	-12.1162975417313	-18.6943578872215	-9.67572495034535	-11.4642208451516	-19.1439162732725	-17.7604210873886	-2.23190894461766	-10.7537274623466	-10.0167618681804	-11.9236524637889	-4.93496777701677	-17.5323711460796	-13.9236524637889	-10.3386899630678	-2.63622865210541	-21.5160539399953	-18.4354667979437	-6.58826210909501	-11.9236524637889	-7.30160064433256	-13.9236524637889	-12.6017243689016	-11.2232127456478	-9.60172436890157	-12.6017243689016	-6.42779743690176	-17.7361574621684	-11.6017243689016	-9.09076244962419	-6.30160064433256	-19.1439162732725	-11.3386899630678	-7.05328774420553	-18.3791414185299	-11.6017243689016	-4.06567146866136	-17.431970894603	-18.9310914392741	-19.1027753967423	-8.63825024492669	-11.3386899630678	-18.6943578872215	-13.9236524637889	-11.2232127456478	-18.9648879574086	-10.7537274623466	-8.58380246090431	-8.94637254028902	-12.3386899630678	-8.56610045917085	-6.00478922651434	-9.79436944684397	-10.8361896225386	-11.1162975417313	-11.3386899630678	-11.4642208451516	-17.846702404935	-9.60172436890157	-9.3690636121113	-7.14229275026428	-7.49738770908684	-18.4392911680949	-9.87925834443048	-11.9236524637889	-12.3386899630678	-6.48070896794021	-3.83420198267303	-8.12923659743883	-8.56610045917085	-2.54698440193127	-6.82562038082841	-17.687608057609	-21.5160539399953	-13.3386899630678	-6.1098712725719	-5.16210123134446	-18.5482424388053	-18.1477514775078	-5.51002453476476	-18.6583509692635	-9.06567146866136	-18.6592085149264	-19.6192062202956	-12.9236524637889	-5.53779006314747	-8.44791903282254	-18.6924724781975	-8.12923659743883	-6.98113795844969	-14.9236524637889	-10.4000905077319	-6.41585782359024	-8.3844936526809	-18.7398201567927	-9.30894261967373	-19.6192062202956	-7.00478922651434	-10.9236524637889	-11.4642208451516	-7.34622363575319	-18.4668093519586
np0005	-10.0963801504139	-5.83904558203455	-12.7566307784393	-5.60289781049958	-10.9790231997758	-15.5639857004969	-7.03846489140184	-12.354532334868	-15.9790231997758	-17.7604210873886	-1.89285932446449	-11.0561910602982	-5.7962150517202	-12.5195915811385	-4.46118980379309	-9.7695698341468	-19.5160539399953	-11.5416178874685	-11.9201295107222	-21.5160539399953	-8.17381674429672	-8.30895713067818	-18.6095178401463	-4.50531745015634	-11.4765228592466	-11.1545947643592	-10.0404237444399	-8.11483705512147	-18.129283016945	-6.43405876698652	-17.7361574621684	-17.6240100514525	-8.66010385476073	-5.53850004368852	-19.1439162732725	-7.38407661048197	-17.9865309296644	-11.6813426511351	-13.4765228592466	-3.26764301580402	-12.0093968488193	-18.9310914392741	-14.9790231997758	-9.39907877382122	-9.85662656841603	-9.31605818705332	-15.5639857004969	-12.5639857004969	-15.5639857004969	-9.78919864089574	-6.89864978331173	-13.1716682777181	-13.5639857004969	-5.39312175008498	-7.28089734747291	-9.74380673808172	-11.2064336958788	-9.54161788746845	-7.27973995066724	-8.32319436833495	-17.846702404935	-11.9492758563817	-14.9790231997758	-3.9464034486298	-8.05619106029821	-13.9790231997758	-13.9790231997758	-11.2420576056095	-10.3255809611718	-7.02968281804228	-7.77445205552655	-7.84802371024176	-6.10199474991134	-2.47379055986468	-18.6592085149264	-12.5639857004969	-21.5160539399953	-9.84974018283079	-8.618541864119	-6.74620257872238	-14.3940606990546	-13.9790231997758	-8.17166827771815	-12.5195915811385	-5.92238548466255	-13.8635459823558	-13.9790231997758	-16.5639857004969	-5.83947184737696	-6.5326291042412	-18.6924724781975	-7.32081171702396	-11.9790231997758	-11.8915603585254	-12.2785834816347	-9.99413009216596	-8.9456001982383	-10.0721326041672	-12.7566307784393	-17.5639857004969	-12.60978939011	-8.9456001982383	-13.1716682777181	-8.77935085493939	-18.4668093519586
np0006	-18.4462271471724	-8.12012301765949	-17.9648879574086	-5.83518913025433	-10.2539787643943	-14.4239037658366	-8.83894126511544	-9.51701317022808	-10.4239037658366	-17.7604210873886	-0.99619808438378	-9.10197567094923	-7.7514784238651	-11.616548843779	-4.9583373610272	-10.8389412651154	-19.5160539399953	-18.5202426739746	-11.1019756709492	-21.5160539399953	-9.10197567094923	-8.40153595280814	-18.6095178401463	-9.83894126511544	-13.4239037658366	-10.175976252393	-10.1019756709492	-9.06635176121851	-18.129283016945	-4.7062273427702	-17.7361574621684	-5.86931491415896	-6.43521907906443	-6.01451282969889	-19.1439162732725	-8.69598331127339	-17.9865309296644	-9.90034180977958	-9.66901626367313	-5.63600120644516	-11.1019756709492	-18.9310914392741	-9.25397876439428	-17.6755849574782	-9.61654884377899	-18.6943578872215	-12.8389412651154	-11.8389412651154	-14.4239037658366	-18.4544358573167	-6.64254405231193	-6.46970745544972	-18.0315827535454	-7.9644721471993	-4.5005762804174	-9.29462074889163	-8.04886433448967	-8.10197567094923	-19.1611220392346	-11.616548843779	-17.846702404935	-18.4212348069659	-8.69598331127339	-6.90034180977958	-7.61654884377899	-18.4392911680949	-10.5170131702281	-12.1019756709492	-14.4239037658366	-7.23407920695658	-5.64911670623542	-6.86166134161552	-8.80919392172139	-9.66901626367313	-6.64911670623542	-17.687608057609	-5.87315698045335	-11.2539787643943	-10.1019756709492	-5.77285207465767	-18.5482424388053	-18.1477514775078	-6.9161091256379	-18.6583509692635	-5.15244073793222	-12.4239037658366	-19.6192062202956	-11.616548843779	-4.84647493780084	-5.77644533938167	-13.4239037658366	-9.37950964647814	-12.8389412651154	-19.0272850912691	-8.31537930905843	-10.4239037658366	-7.27415664633191	-10.4239037658366	-12.1019756709492	-12.4239037658366	-7.46970745544972	-9.78004757606187	-13.4239037658366	-5.57528082540726	-18.4668093519586
np0008	-18.4462271471724	-7.977361926259	-8.01001825582246	-4.3937993163386	-12.4023356786012	-18.6943578872215	-8.91048258227155	-6.49313492230551	-11.7104579739636	-17.7604210873886	-2.7027965920683	-10.3748549421791	-3.60748247100592	-11.4589192069676	-4.92925440471535	-12.780847301855	-12.3478878945788	-14.2954204746847	-6.67913420166646	-21.5160539399953	-10.65156428491	-6.36088712400707	-9.19889355100614	-4.86466925931024	-9.84538755404967	-10.8548478832987	-9.11978182204801	-5.74659856622596	-12.5481865450647	-5.27483731659733	-11.2698853825776	-17.6240100514525	-7.04140420408251	-5.5957240944944	-8.95049055443573	-9.39541626466143	-6.29260545907766	-11.4162748695591	-9.78084730185495	-3.3997910990159	-17.431970894603	-13.1027753967423	-18.1027753967423	-17.6755849574782	-8.01929606941047	-8.85010996429207	-13.643343778105	-15.2954204746847	-17.1027753967423	-7.26830434675809	-7.13699111208023	-9.59894965874657	-11.6270419657759	-6.62856245954837	-7.76626883693206	-10.4303500547708	-9.40233567860122	-11.8548478832987	-15.2954204746847	-10.4954450829927	-17.846702404935	-6.17499743465997	-10.0529268472918	-6.00079972579309	-8.46433948275184	-14.1958848011338	-10.65156428491	-14.780847301855	-12.5178128960212	-8.43389041247607	-4.13888589304359	-7.98773174658061	-8.3971430093809	-4.29441448130953	-18.6592085149264	-8.45891920696759	-4.4162748695591	-8.30025903162109	-7.2049299407368	-5.27384556909083	-14.643343778105	-13.8548478832987	-5.62602919280285	-18.6583509692635	-8.72991033662973	-15.5178128960212	-11.3345910719654	-12.5481865450647	-4.64359996119029	-8.26199747314726	-10.1779628931365	-6.65259514957756	-10.238589252088	-19.0272850912691	-13.4589192069676	-5.2256830217149	-8.06660178418883	-18.7398201567927	-12.8548478832987	-19.6192062202956	-7.73864074173427	-8.95557047180009	-11.1958848011338	-5.71260644054213	-9.22625845017732
np0009	-6.30092504239114	-6.70441537708916	-13.997197126317	-9.68976860112476	-9.64669987923287	-18.6943578872215	-13.1492002197621	-13.1492002197621	-12.5117702991468	-17.7604210873886	-2.27362150051735	-12.3191252212044	-7.66807353002544	-14.7341627204832	-5.11333197180721	-11.4122346255958	-19.5160539399953	-16.3191252212044	-11.7955632651474	-21.5160539399953	-18.4354667979437	-9.46114422607679	-12.6186855030633	-4.2257076568164	-11.5642377190409	-13.3191252212044	-10.6752690314296	-6.44721998354518	-18.129283016945	-5.7136457031427	-14.7341627204832	-12.997197126317	-6.88658332081611	-6.12436836678212	-11.997197126317	-12.1492002197621	-17.9865309296644	-14.3191252212044	-8.36492891081749	-4.38912715859534	-17.431970894603	-11.7341627204832	-19.1027753967423	-17.6755849574782	-8.85969360256707	-18.6943578872215	-15.3191252212044	-18.6943578872215	-18.9648879574086	-8.68250060066072	-6.94626016109178	-8.997197126317	-15.3191252212044	-6.94191469081581	-3.63744756599467	-10.3191252212044	-17.9797712684366	-13.5117702991468	-19.1611220392346	-10.1693781016997	-17.846702404935	-12.997197126317	-9.68976860112476	-10.3649289108175	-8.15925388442598	-18.4392911680949	-13.7341627204832	-16.3191252212044	-16.3191252212044	-10.5117702991468	-9.24230962415353	-9.25303603074659	-7.47677487779056	-1.93036793698778	-6.98150331921186	-12.8596936025671	-4.14388757091333	-13.1492002197621	-9.37661071586512	-4.96102351376352	-18.5482424388053	-18.1477514775078	-5.16620664506774	-18.6583509692635	-6.19888734386241	-18.6592085149264	-14.3191252212044	-19.1611220392346	-5.50534402998733	-6.81529948320861	-18.6924724781975	-8.28570221966691	-11.6752690314296	-15.3191252212044	-15.3191252212044	-7.34184529770445	-9.26384278570318	-18.7398201567927	-15.3191252212044	-19.6192062202956	-7.39431271759858	-11.2747311018459	-11.231662379954	-10.3418452977044	-18.4668093519586
np0011	-18.4462271471724	-7.62682226350253	-17.9648879574086	-7.77768892912916	-17.4392911680949	-18.6943578872215	-3.30694199726403	-13.1814111151802	-19.1439162732725	-17.7604210873886	-3.35116001713604	-11.0659338977602	-9.34010886119922	-12.1814111151802	-2.54418247744499	-17.5323711460796	-19.5160539399953	-13.1814111151802	-1.77946499120363	-21.5160539399953	-11.596448614459	-5.93032326084325	-18.6095178401463	-8.4265236130167	-17.6943578872215	-12.7663736159013	-17.0009682812804	-7.10103769871615	-18.129283016945	-4.84751037862673	-17.7361574621684	-13.7663736159013	-10.1814111151802	-5.82092977952341	-19.1439162732725	-17.8543286673737	-10.444445521014	-13.1814111151802	-16.8252817996473	-5.34641343805343	-17.431970894603	-18.9310914392741	-19.1027753967423	-9.44444552101396	-9.27452051957165	-18.6943578872215	-14.7663736159013	-11.596448614459	-18.9648879574086	-14.7663736159013	-9.8594830202928	-12.444445521014	-12.1814111151802	-8.48097139703907	-6.80058933123924	-11.1814111151802	-17.9797712684366	-9.8594830202928	-19.1611220392346	-11.0659338977602	-17.846702404935	-9.81217730551445	-7.75514636047807	-8.25857897570263	-9.01148611373785	-13.7663736159013	-12.444445521014	-17.7069141533982	-18.3552564508737	-7.97195774955122	-5.91775067547198	-9.44444552101396	-9.15166377178612	-3.48270644840982	-8.40882161128324	-17.687608057609	-21.5160539399953	-17.0733884685424	-8.55692025027237	-5.82679440158663	-18.5482424388053	-13.7663736159013	-6.07637564448188	-18.6583509692635	-10.5184461024577	-18.6592085149264	-19.6192062202956	-6.18141111518017	-6.48097139703907	-10.7663736159013	-18.6924724781975	-9.8594830202928	-10.0114861137379	-12.7663736159013	-11.306941997264	-8.13701699582171	-9.72197949654287	-18.7398201567927	-11.444445521014	-19.6192062202956	-8.8594830202928	-10.7663736159013	-11.7663736159013	-8.76637361590132	-18.4668093519586
np0012	-18.4462271471724	-9.02680005934372	-5.94500596818007	-3.28443447743492	-14.9336906549522	-18.6943578872215	-9.57613865033415	-7.59384065206761	-19.1439162732725	-17.7604210873886	-2.12824905504551	-8.62990990677513	-7.26480567068599	-10.4101286988952	-5.95641073145232	-11.6857631415086	-11.4101286988952	-10.4418375586226	-6.65524119673175	-21.5160539399953	-12.4742590363149	-5.97368872288415	-13.6117625600649	-4.55431228788097	-9.23325093681114	-12.0268000593437	-10.4101286988952	-7.29706603440858	-12.7637656535099	-5.45189122328648	-9.62990990677513	-17.6240100514525	-6.83565857199171	-5.84755442992492	-14.9336906549522	-17.8543286673737	-7.30069545780928	-12.0268000593437	-8.95641073145232	-4.22288422125288	-17.431970894603	-18.9310914392741	-14.9336906549522	-17.6755849574782	-9.23325093681114	-8.97949434456536	-12.6117625600649	-14.3487281542311	-12.7637656535099	-9.45795722398584	-9.01482741767764	-8.59384065206761	-11.7637656535099	-8.02080131872227	-7.02379757118219	-10.5074259002501	-11.5413732321735	-18.4544358573167	-19.1611220392346	-10.7637656535099	-17.846702404935	-7.49074715910351	-10.64828843609	-4.6786620851335	-7.94500596818007	-18.4392911680949	-9.24719012776901	-11.4742590363149	-11.6117625600649	-6.4199630589998	-5.55322958986326	-6.54137323217347	-7.3791018032746	-4.29978724560371	-18.6592085149264	-8.29706603440859	-3.67365323384563	-9.03887289164429	-6.05717370838723	-5.59495427237832	-14.9336906549522	-11.4742590363149	-6.60501572762429	-18.6583509692635	-6.20747249562003	-13.9336906549522	-12.2332509368111	-12.1263357328946	-4.48093462591974	-6.01036316953304	-10.9336906549522	-7.26835473776706	-9.13927478860213	-19.0272850912691	-11.3487281542311	-6.5739410946299	-7.04799428161284	-18.7398201567927	-10.64828843609	-12.6117625600649	-9.20577020038903	-10.7637656535099	-10.5761386503341	-6.18047390577328	-8.83565857199171
np0013	-10.9641087553246	-5.83482573837959	-14.186501176661	-4.79704908757663	-11.3791462546034	-14.186501176661	-12.7714636773822	-10.4495355824948	-19.1439162732725	-17.7604210873886	-1.57570700760782	-6.9738021515284	-7.91348268225459	-10.156753833267	-5.63703735716123	-13.4495355824948	-10.6015386759398	-18.5202426739746	-9.93857366321742	-21.5160539399953	-18.4354667979437	-8.10612776019698	-8.09903833541066	-7.46312464724275	-12.0710239592411	-10.7714636773822	-10.4139116727641	-7.55714455658139	-12.4495355824948	-6.81436163581987	-13.4495355824948	-8.12041198620323	-6.09903833541066	-6.84368571529982	-19.1439162732725	-8.56201031175321	-17.9865309296644	-14.186501176661	-9.4495355824948	-5.76023642195891	-9.77146367738216	-13.186501176661	-19.1027753967423	-17.6755849574782	-10.2796105810525	-18.6943578872215	-14.7714636773822	-12.7714636773822	-12.9641087553246	-6.74355768081228	-6.14392979290937	-13.7714636773822	-18.0315827535454	-10.7714636773822	-3.55169012648929	-9.88882062802032	-7.55714455658139	-14.186501176661	-19.1611220392346	-12.3120320587449	-17.846702404935	-9.56201031175321	-12.6015386759398	-9.70537448692439	-9.04354322281896	-7.10968557961017	-10.6015386759398	-11.6015386759398	-9.39642424603523	-6.67080133837696	-10.8645730817736	-12.9641087553246	-7.71618124188097	-3.70033655243385	-6.68135125771787	-9.9901039638575	-21.5160539399953	-11.0165761752187	-10.6015386759398	-3.99133405775685	-13.4495355824948	-18.1477514775078	-8.52353616393857	-18.6583509692635	-5.9738021515284	-14.186501176661	-13.7714636773822	-13.7714636773822	-3.23813394507633	-5.40077627057494	-18.6924724781975	-7.95128471496697	-10.7270695580237	-11.5235361639386	-18.4819570601872	-7.58163911850214	-10.7714636773822	-18.7398201567927	-13.7714636773822	-19.6192062202956	-6.9738021515284	-8.91348268225459	-13.4495355824948	-5.22264176892341	-12.9641087553246
np0014	-13.6226581548815	-5.28191787425135	-10.6047362468843	-5.66962577762829	-12.0866052546413	-8.46077047250464	-9.87849705931112	-10.9222184367404	-11.5183214950668	-13.1372313277113	-1.15683669923776	-10.049768486461	-9.71576755927302	-12.5522688269901	-5.52726113208898	-13.1372313277113	-12.7746612483266	-12.6966587363253	-6.47596220685088	-8.55656896442376	-10.9222184367404	-8.02870687093312	-18.6095178401463	-5.27570126550265	-8.99621901818422	-11.1372313277113	-11.3298764056537	-9.83606179299073	-11.3596237490477	-5.85646055758069	-9.45273315343922	-10.8153032328239	-7.93896170057502	-5.74185020651873	-19.1439162732725	-14.6226581548815	-10.0020717444297	-12.3596237490477	-12.6226581548815	-4.82014178976031	-17.431970894603	-14.6226581548815	-14.3596237490477	-9.66846184449466	-9.30073005999417	-10.5522688269901	-12.1896987476054	-13.2441465316278	-14.9445862497689	-16.9445862497689	-8.75476169088888	-10.0866052546413	-12.3007300599942	-7.67079065055463	-5.57553424276751	-10.7547616908889	-11.5870342451508	-18.4544358573167	-19.1611220392346	-11.9001921304104	-17.846702404935	-12.1896987476054	-12.6226581548815	-5.02237353198345	-8.35962374904774	-18.4392911680949	-10.013848912206	-12.2441465316278	-12.8571234085186	-6.20480563999564	-5.5047553657875	-9.00794831076633	-6.90292709813168	-3.20977080192219	-18.6592085149264	-10.715767559273	-6.78597656155442	-10.6966587363253	-6.42396756921262	-6.43580108770438	-18.5482424388053	-14.3596237490477	-7.09909619882452	-7.6294366875126	-6.01015820914209	-14.6226581548815	-13.3596237490477	-14.6226581548815	-5.62773906616642	-6.41808701063233	-12.9445862497689	-8.28280815199691	-8.72541772930673	-16.9445862497689	-9.93335899434564	-6.25284273059762	-9.20311926336775	-11.8153032328239	-10.5016427539202	-14.1372313277113	-8.26159166608721	-8.86777065271806	-10.6047362468843	-8.40542743866087	-18.4668093519586
np0015	-7.9054500612493	-6.2863393381163	-17.9648879574086	-5.81951253648384	-10.201691512473	-14.2891543537234	-7.68924151153623	-14.2891543537234	-19.1439162732725	-17.7604210873886	-2.21200483813362	-11.119229352281	-8.48179943166575	-18.0467296909277	-6.11672684507787	-10.2891543537234	-19.5160539399953	-14.2891543537234	-12.4817994316658	-21.5160539399953	-8.87976341758565	-7.55444473349752	-18.6095178401463	-5.68738356531565	-10.7655923976663	-12.7041918530022	-9.86288959902126	-9.89683693094459	-14.2891543537234	-5.93380325729854	-17.7361574621684	-17.6240100514525	-8.00375213486111	-6.15216324164313	-19.1439162732725	-13.7041918530022	-17.9865309296644	-9.00375213486111	-16.8252817996473	-4.12110908549927	-12.119229352281	-11.8297227350861	-19.1027753967423	-8.58871463558226	-9.09932979484334	-9.58871463558226	-15.2891543537234	-12.7041918530022	-18.9648879574086	-15.2891543537234	-6.12173620789162	-7.63094287097156	-14.2891543537234	-9.43117335859578	-7.13940723421867	-8.39433659041541	-9.43117335859578	-6.92283213947754	-15.2891543537234	-11.4817994316658	-17.846702404935	-18.4212348069659	-8.48179943166575	-6.8420711275137	-7.05553467696365	-12.967226258836	-12.967226258836	-11.2891543537234	-11.8297227350861	-7.11422867122268	-5.63989817620604	-7.92283213947754	-8.46897539130817	-2.20783736443758	-18.6592085149264	-12.4817994316658	-21.5160539399953	-10.967226258836	-16.7398201567927	-6.21233875667253	-18.5482424388053	-18.1477514775078	-7.59566739622403	-18.6583509692635	-4.73169065212553	-14.2891543537234	-19.6192062202956	-19.1611220392346	-3.2667865406949	-5.17281039248589	-18.6924724781975	-8.56123389916016	-10.3822637581148	-6.52097002894643	-9.7041918530022	-7.11922935228104	-6.95376399902943	-4.79429876923216	-6.19112227076283	-19.6192062202956	-7.08948200888699	-16.7803347081239	-13.7041918530022	-7.19112227076283	-18.4668093519586
np0017	-18.4462271471724	-5.90512872795355	-17.9648879574086	-5.25857325908802	-17.4392911680949	-18.6943578872215	-15.6073014133191	-18.0189119165308	-14.6073014133191	-17.7604210873886	-0.20010004856999	-11.2853733184317	-7.57387841178165	-18.0467296909277	-4.8072104256941	-10.7999464912615	-19.5160539399953	-18.5202426739746	-17.8816397677299	-21.5160539399953	-18.4354667979437	-17.6592085149264	-18.6095178401463	-17.7069815832335	-17.6943578872215	-13.2853733184317	-13.6073014133191	-16.7702939501526	-18.129283016945	-10.3978480476901	-17.7361574621684	-17.6240100514525	-13.0223389125979	-8.71248365001115	-19.1439162732725	-8.33117700804486	-17.9865309296644	-18.3791414185299	-13.0223389125979	-9.63002148981918	-17.431970894603	-18.9310914392741	-19.1027753967423	-17.6755849574782	-11.7999464912615	-18.6943578872215	-18.4819570601872	-18.6943578872215	-18.9648879574086	-12.2853733184317	-7.79352022210206	-10.9634452235444	-18.0315827535454	-17.5280572417884	-10.2149839905403	-13.2853733184317	-17.9797712684366	-12.7999464912615	-19.1611220392346	-17.9797712684366	-17.846702404935	-18.4212348069659	-12.7999464912615	-18.6592085149264	-12.4373764118768	-18.4392911680949	-12.6073014133191	-10.6531051029322	-18.3552564508737	-5.45121833703042	-16.646333693381	-13.0223389125979	-14.0223389125979	-18.6592085149264	-18.6592085149264	-17.687608057609	-21.5160539399953	-14.6073014133191	-10.906861695178	-10.181036658617	-18.5482424388053	-10.6531051029322	-10.3593738998755	-18.6583509692635	-17.4491002709378	-18.6592085149264	-19.6192062202956	-19.1611220392346	-11.7999464912615	-15.6073014133191	-14.6073014133191	-13.2853733184317	-13.6073014133191	-19.0272850912691	-12.6073014133191	-13.6073014133191	-8.67656407575621	-18.7398201567927	-14.6073014133191	-19.6192062202956	-18.4849487344682	-16.7803347081239	-14.6073014133191	-17.1613090589954	-18.4668093519586
np0021	-18.4462271471724	-6.53489241559027	-12.283479929398	-7.8163539189707	-17.4392911680949	-18.6943578872215	-14.049014675761	-18.0189119165308	-19.1439162732725	-17.7604210873886	-1.22708128878048	-10.2416597537034	-6.385100833645	-18.0467296909277	-4.45992536285135	-17.5323711460796	-19.5160539399953	-15.3709427706483	-7.97006333436615	-21.5160539399953	-18.4354667979437	-7.80108716231739	-8.96155183451063	-6.53016484705328	-8.51919372923228	-10.7270865808736	-10.5380527564836	-11.6705030525072	-18.129283016945	-6.97219907871014	-15.3709427706483	-17.6240100514525	-9.80108716231739	-6.09947974274396	-8.21107143386995	-17.8543286673737	-7.35413448296178	-13.5635878485907	-12.049014675761	-8.11827733819809	-17.431970894603	-13.7859802699272	-19.1027753967423	-10.3048535801906	-7.85524293236429	-12.3709427706483	-14.049014675761	-12.911511152011	-15.3709427706483	-18.4544358573167	-6.59945330114774	-16.3709427706483	-15.3709427706483	-7.07173475226106	-9.29412717359751	-11.0855405517861	-9.78598026992718	-12.049014675761	-5.85524293236429	-9.86314813044964	-17.846702404935	-9.1910336806334	-14.7859802699272	-7.17372607753828	-8.91151115201104	-13.7859802699272	-12.283479929398	-11.8473808145913	-10.0133907660303	-7.94467801594624	-14.3709427706483	-8.67050305250724	-5.1427253283549	-2.31075349218491	-18.6592085149264	-11.2416597537034	-5.43136355633364	-10.1041562299534	-13.3709427706483	-11.5129617755208	-13.7859802699272	-14.3709427706483	-7.31566033514715	-18.6583509692635	-7.68444224346512	-18.6592085149264	-11.5635878485907	-14.3709427706483	-3.73817471591959	-7.00025536384112	-10.4882997212865	-8.71273128789654	-9.14212408015246	-19.0272850912691	-18.4819570601872	-10.3048535801906	-7.90741839737716	-18.7398201567927	-13.201017769206	-19.6192062202956	-14.7859802699272	-11.9786253478696	-14.3709427706483	-6.26241831387017	-18.4668093519586
np0023	-10.594484568633	-6.62047977716598	-12.1388050848568	-4.96387940235617	-11.0233278674369	-12.723767585578	-9.53394302669798	-18.0189119165308	-19.1439162732725	-17.7604210873886	-0.834976780269445	-9.13880508485685	-8.23995180831375	-12.4018394906906	-6.48775339367792	-10.8657865904504	-19.5160539399953	-7.72941414871914	-11.3314501627992	-21.5160539399953	-10.8657865904504	-9.81687698996948	-14.1388050848568	-7.06555610282621	-15.723767585578	-10.9688800834145	-11.4018394906906	-9.9958471310148	-13.723767585578	-7.20020562952099	-17.7361574621684	-17.6240100514525	-9.13880508485685	-5.96554437085128	-19.1439162732725	-8.70139977254955	-17.9865309296644	-13.4018394906906	-13.723767585578	-4.55760450293189	-17.431970894603	-18.9310914392741	-19.1027753967423	-10.2975028308759	-11.1388050848568	-12.2643359669407	-18.4819570601872	-14.723767585578	-15.723767585578	-18.4544358573167	-7.73508289880584	-9.723767585578	-15.723767585578	-9.79303024801512	-6.38614568358549	-7.94898052597683	-17.9797712684366	-8.78125308023876	-19.1611220392346	-11.9164126635204	-17.846702404935	-18.4212348069659	-11.3314501627992	-5.00866357634184	-9.53394302669798	-18.4392911680949	-10.5538425841357	-11.8168769899695	-9.86578659045043	-5.26741317046971	-3.98398697580474	-7.53889224266972	-7.41088463029365	-4.35799195025173	-18.6592085149264	-17.687608057609	-21.5160539399953	-10.594484568633	-7.03376961415856	-6.69862802329949	-18.5482424388053	-14.1388050848568	-8.33145016279924	-12.2643359669407	-5.43720982397005	-14.1388050848568	-19.6192062202956	-15.723767585578	-8.28082408972927	-6.98230059917686	-18.6924724781975	-9.723767585578	-18.129283016945	-19.0272850912691	-11.200205629521	-6.440679232554	-10.1691787339004	-9.13880508485685	-10.9164126635204	-15.723767585578	-7.84112453621616	-10.9164126635204	-12.2643359669407	-8.10905774146279	-18.4668093519586
np0025	-13.6598844314618	-10.244846932183	-17.9648879574086	-6.37448221259955	-17.4392911680949	-18.6943578872215	-18.3552564508737	-10.9969194187394	-19.1439162732725	-17.7604210873886	-3.12428503574005	-15.244846932183	-15.244846932183	-18.0467296909277	-8.38686593705538	-14.244846932183	-19.5160539399953	-18.5202426739746	-17.8816397677299	-21.5160539399953	-18.4354667979437	-10.244846932183	-11.4374920101254	-11.244846932183	-15.244846932183	-12.6598844314618	-11.6598844314618	-11.4374920101254	-18.129283016945	-7.47666260740603	-10.5444072140419	-15.244846932183	-4.06369467531739	-9.11556391523799	-14.244846932183	-10.8525295094042	-17.9865309296644	-18.3791414185299	-12.4374920101254	-7.13632247540479	-12.244846932183	-10.9969194187394	-19.1027753967423	-17.6755849574782	-16.2990291016585	-15.244846932183	-14.244846932183	-12.4374920101254	-13.244846932183	-9.8525295094042	-8.45043106583285	-17.786116445496	-15.244846932183	-12.6598844314618	-9.48995943001949	-10.7854153135457	-10.4899594300195	-12.9229188372956	-14.244846932183	-13.6598844314618	-17.846702404935	-12.4374920101254	-18.1439162732725	-7.01602824168708	-9.88729492756487	-18.4392911680949	-13.6598844314618	-17.7069141533982	-12.9229188372956	-9.92291883729559	-7.3561036832847	-16.6919070560448	-7.57951101499778	-5.09383039329071	-18.6592085149264	-17.687608057609	-21.5160539399953	-12.244846932183	-3.40328258445238	-12.9229188372956	-18.5482424388053	-18.1477514775078	-10.115563915238	-0.812370278161572	-10.9969194187394	-13.6598844314618	-19.6192062202956	-19.1611220392346	-4.48995943001949	-6.05009007776071	-18.6924724781975	-10.7212849761259	-18.129283016945	-19.0272850912691	-18.4819570601872	-12.244846932183	-8.81858217748086	-18.7398201567927	-17.786116445496	-19.6192062202956	-11.7854153135457	-16.7803347081239	-15.244846932183	-8.39935688123858	-18.4668093519586
np0026	-11.5825452507155	-7.76054355269345	-14.3899001727731	-9.38990017277306	-17.4392911680949	-18.6943578872215	-13.3899001727731	-10.8049376720519	-19.1439162732725	-9.58254525071546	-2.35441372148091	-16.8818468512374	-11.8049376720519	-18.0467296909277	-6.27095910004956	-12.3899001727731	-19.5160539399953	-18.5202426739746	-10.9304685541358	-9.58254525071546	-18.4354667979437	-9.48300957716455	-18.6095178401463	-5.80869959084811	-9.53191917764549	-14.3899001727731	-10.5825452507155	-16.7702939501526	-18.129283016945	-5.41548558296754	-17.7361574621684	-12.0679720778857	-5.80869959084811	-6.51338322620806	-19.1439162732725	-14.3899001727731	-17.9865309296644	-18.3791414185299	-14.3899001727731	-3.7290129024705	-13.3899001727731	-12.8049376720519	-19.1027753967423	-12.0679720778857	-11.5825452507155	-13.3899001727731	-18.4819570601872	-18.6943578872215	-18.9648879574086	-8.24015305326838	-8.01486074142614	-17.786116445496	-14.3899001727731	-9.9975827499943	-7.45916283521018	-10.689460454632	-17.9797712684366	-9.30243733152273	-19.1611220392346	-10.5825452507155	-17.846702404935	-12.0679720778857	-18.1439162732725	-7.49508240946512	-8.2813757159949	-14.3899001727731	-17.786116445496	-12.0679720778857	-10.4830095771645	-10.5825452507155	-1.60097796881245	-11.8049376720519	-6.68946045463197	-2.58294784456233	-18.6592085149264	-14.3899001727731	-5.83915338738982	-17.0733884685424	-12.3899001727731	-9.6350126706096	-18.5482424388053	-18.1477514775078	-7.47103693549847	-7.88210553257437	-8.6350126706096	-14.3899001727731	-19.6192062202956	-19.1611220392346	-5.10449795391082	-5.72456425558789	-18.6924724781975	-7.2606171558281	-9.6350126706096	-9.80493767205191	-12.8049376720519	-14.3899001727731	-10.8049376720519	-18.7398201567927	-17.786116445496	-19.6192062202956	-18.4849487344682	-8.36753235974461	-18.1166993110972	-7.71747483080157	-18.4668093519586
np0027	-6.25760779589411	-8.05490126270574	-12.4163577217797	-8.70363967386022	-10.9424265334473	-18.6943578872215	-12.1268511045848	-18.0189119165308	-13.2643546283347	-17.7604210873886	-1.9547645914203	-12.2643546283347	-7.54736373392976	-18.0467296909277	-4.97802790124415	-12.4163577217797	-19.5160539399953	-13.2643546283347	-10.1939653004433	-21.5160539399953	-12.7789278011645	-8.32889488052941	-18.6095178401463	-4.83976840208359	-10.885843005081	-18.3791414185299	-11.7789278011645	-7.97895240947245	-18.129283016945	-6.25089236852813	-13.0013202225009	-17.6240100514525	-8.34787798389698	-6.96057388015759	-13.2643546283347	-10.4988198819717	-14.5862827232221	-13.5862827232221	-7.1896779420402	-4.94062429081335	-17.431970894603	-12.2643546283347	-19.1027753967423	-17.6755849574782	-8.03938826333442	-18.6943578872215	-18.4819570601872	-18.6943578872215	-15.5862827232221	-6.76929909996668	-7.26435462833469	-8.50946712617123	-12.5862827232221	-8.38661037838569	-5.81149566362088	-9.1939653004433	-15.5862827232221	-12.5862827232221	-14.0013202225009	-9.97157287910685	-17.846702404935	-14.5862827232221	-10.6320864128352	-8.97157287910685	-9.33835520977847	-18.4392911680949	-14.0013202225009	-14.5862827232221	-12.2643546283347	-8.94242653344733	-8.74079267227768	-9.77892780116445	-7.30088050435981	-1.71813538427099	-8.2733997679377	-11.4988198819717	-4.7894319279549	-12.5862827232221	-8.21996050897624	-4.1248032759359	-18.5482424388053	-18.1477514775078	-5.15269728207156	-18.6583509692635	-6.08047116930246	-14.5862827232221	-14.0013202225009	-19.1611220392346	-4.5919292863632	-7.23755456899098	-18.6924724781975	-8.95692610314245	-10.0013202225009	-19.0272850912691	-15.5862827232221	-7.46216141139287	-10.4988198819717	-18.7398201567927	-12.0013202225009	-19.6192062202956	-7.32418787785188	-10.16001796852	-11.7789278011645	-11.1939653004433	-18.4668093519586
np0029	-14.2011947949392	-9.72006810520256	-13.2501043954201	-7.15098334898541	-13.5845234344907	-18.6943578872215	-9.29430419933066	-9.34653415810321	-11.9182608316677	-17.7604210873886	-1.83274289932876	-8.95073845518485	-10.1655708852085	-13.7157679677689	-3.86230987998163	-14.0206225492974	-19.5160539399953	-15.1080853905477	-2.29252697243306	-21.5160539399953	-10.159718158963	-6.25828936830208	-13.9381603891054	-9.31692250199267	-17.6943578872215	-12.9788023736027	-9.52688480862274	-11.0206225492974	-9.90351424629849	-7.37252936663616	-17.7361574621684	-14.2011947949392	-10.9685340381489	-7.30234151839607	-19.1439162732725	-13.9381603891054	-12.7157679677689	-13.2011947949392	-9.13367080074217	-3.14749512980068	-17.431970894603	-16.1080853905477	-15.7861572956603	-11.0968581351244	-8.1862444534732	-18.6943578872215	-14.3007304684901	-12.2501043954201	-15.3007304684901	-8.24389924589341	-6.44053028350656	-12.6818206358456	-11.5689265794397	-8.86015787710411	-8.99174142931023	-10.3332983309465	-16.1080853905477	-11.4215848633645	-15.5231228898265	-11.958338271043	-17.846702404935	-12.2254423411859	-9.79067277678282	-4.77465047526364	-8.27519537638295	-15.7861572956603	-14.6486537719104	-10.9995609337695	-18.3552564508737	-8.08710545164348	-4.21630168732938	-11.1538890801608	-9.60425965255194	-3.27970093965579	-11.7330459592008	-16.5231228898265	-21.5160539399953	-13.6486537719104	-11.8043046423706	-6.23348819814606	-18.5482424388053	-18.1477514775078	-6.33783446315283	-18.6583509692635	-8.43036574890668	-18.6592085149264	-15.5231228898265	-10.5611909306601	-6.91579257607693	-11.0636912711892	-18.6924724781975	-11.4215848633645	-10.2193421416494	-16.1080853905477	-15.3007304684901	-9.77716851243308	-11.5231228898265	-18.7398201567927	-11.8226831716854	-19.6192062202956	-6.9943432244985	-8.56892657943966	-12.9381603891054	-7.98525739574003	-18.4668093519586
np0031	-11.1098306542788	-5.38191019971559	-17.9648879574086	-7.10983065427879	-9.52486815355764	-18.6943578872215	-18.3552564508737	-11.1098306542788	-19.1439162732725	-17.7604210873886	-2.10701563867174	-16.8818468512374	-6.78790255939143	-18.0467296909277	-4.31541478792869	-17.5323711460796	-19.5160539399953	-18.5202426739746	-17.8816397677299	-21.5160539399953	-18.4354667979437	-8.30247573222119	-18.6095178401463	-5.52486815355764	-11.1098306542788	-18.3791414185299	-8.52486815355764	-7.52486815355764	-18.129283016945	-5.46597446450407	-17.7361574621684	-17.6240100514525	-8.52486815355764	-5.25184965915122	-19.1439162732725	-7.6503990356415	-17.9865309296644	-18.3791414185299	-16.8252817996473	-5.13255073077888	-17.431970894603	-18.9310914392741	-19.1027753967423	-8.30247573222119	-10.1098306542788	-18.6943578872215	-18.4819570601872	-18.6943578872215	-18.9648879574086	-18.4544358573167	-8.78790255939143	-17.786116445496	-18.0315827535454	-6.86190314083521	-8.10983065427879	-17.4491002709378	-17.9797712684366	-7.52486815355764	-19.1611220392346	-11.1098306542788	-17.846702404935	-11.1098306542788	-18.1439162732725	-5.46597446450407	-7.52486815355764	-18.4392911680949	-17.786116445496	-17.7069141533982	-9.10983065427879	-10.1098306542788	-3.42333012709558	-9.10983065427879	-8.10983065427879	-1.80604990610169	-18.6592085149264	-17.687608057609	-21.5160539399953	-17.0733884685424	-9.10983065427879	-5.6835658995767	-18.5482424388053	-18.1477514775078	-5.71751323150003	-18.6583509692635	-6.71751323150003	-18.6592085149264	-19.6192062202956	-19.1611220392346	-4.92000609539878	-5.98054763733383	-18.6924724781975	-7.4093909361377	-10.1098306542788	-19.0272850912691	-18.4819570601872	-9.52486815355764	-9.52486815355764	-11.1098306542788	-17.786116445496	-19.6192062202956	-7.93990565283648	-16.7803347081239	-18.1166993110972	-8.10983065427879	-18.4668093519586
np0032	-10.3289163172126	-4.61449688657645	-11.4627720639474	-5.1861306563236	-10.2576576340427	-12.9322573472486	-9.05526823735392	-13.1732654467524	-19.1439162732725	-17.7604210873886	-1.20178721006436	-8.63269706538967	-7.88450421580021	-11.3847695519461	-6.63834362853081	-11.078108213712	-15.6326970653897	-7.35890146617541	-11.1091351093327	-21.5160539399953	-11.078108213712	-10.7258064697812	-15.0477345646685	-6.327775395808	-17.6943578872215	-11.2403796426109	-11.078108213712	-8.44287250650966	-15.0477345646685	-6.41837794458891	-17.7361574621684	-17.6240100514525	-8.41837794458891	-6.39907738862997	-19.1439162732725	-8.83179716546937	-17.9865309296644	-12.8253421433321	-12.9322573472486	-2.76696379453791	-17.431970894603	-18.9310914392741	-12.9322573472486	-9.41352854492751	-10.6785007550028	-12.3847695519461	-14.3107689705023	-12.0477345646685	-16.6326970653897	-18.4544358573167	-6.74852654628124	-9.94619653820645	-14.6326970653897	-9.48294994588499	-6.48294994588499	-7.30178018727506	-17.9797712684366	-8.65541714188976	-19.1611220392346	-12.5452342241393	-17.846702404935	-10.6326970653897	-11.5883029460312	-5.13534417191262	-8.67269513332159	-15.0477345646685	-9.73787930208173	-12.3107689705023	-10.3289163172126	-5.34325448970134	-4.27982601071168	-7.41595120719437	-7.62426844331909	-4.53236324626313	-16.6326970653897	-15.0477345646685	-21.5160539399953	-10.1732654467524	-5.61032925236122	-6.6611535114389	-15.0477345646685	-12.3847695519461	-7.82212543064853	-18.6583509692635	-5.97627220211189	-13.3107689705023	-13.8253421433321	-16.6326970653897	-8.20643231068757	-7.90818321226972	-15.6326970653897	-9.76233234580627	-13.6326970653897	-19.0272850912691	-10.851337351865	-8.33807631649804	-10.078108213712	-7.47030573663277	-13.1732654467524	-11.3472948465274	-10.7019597278268	-11.14084396906	-12.9322573472486	-7.93921010789035	-18.4668093519586
np0033	-9.23712334413761	-4.8537947045861	-13.3456478009158	-9.11682911041989	-10.0602455820535	-18.6943578872215	-11.5382928788582	-18.0189119165308	-19.1439162732725	-17.7604210873886	-5.70179161114105	-13.0237197060284	-10.4876668057882	-18.0467296909277	-5.27821344015925	-17.5323711460796	-19.5160539399953	-18.5202426739746	-5.77389515741223	-21.5160539399953	-10.8220858448588	-8.76068530019462	-18.6095178401463	-7.37986351625369	-14.3456478009158	-12.7606853001946	-11.8862161822785	-8.63140228324965	-13.3456478009158	-7.46913085435078	-17.7361574621684	-15.3456478009158	-6.52866417766039	-6.30398864927856	-19.1439162732725	-17.8543286673737	-15.3456478009158	-18.3791414185299	-8.22670672819227	-5.05447710159391	-17.431970894603	-14.3456478009158	-19.1027753967423	-11.4387572053073	-11.0237197060284	-18.6943578872215	-18.4819570601872	-12.1757227994735	-18.9648879574086	-9.59076029875231	-6.28225271962727	-11.7606853001946	-13.3456478009158	-7.4814616562615	-7.25818495966544	-7.0835529555456	-17.9797712684366	-13.0237197060284	-19.1611220392346	-11.2581849596654	-17.846702404935	-13.0237197060284	-14.3456478009158	-10.0602455820535	-8.06024558205353	-18.4392911680949	-17.786116445496	-13.3456478009158	-18.3552564508737	-8.88621618227848	-7.97932558666996	-9.30125368155732	-9.8537947045861	-0.567827438078176	-7.47528308133237	-17.687608057609	-21.5160539399953	-13.7606853001946	-7.93625686477807	-4.03389948591082	-18.5482424388053	-15.3456478009158	-8.29036536541459	-18.6583509692635	-7.31222479937833	-18.6592085149264	-19.6192062202956	-19.1611220392346	-7.59745495132632	-7.74573495872865	-18.6924724781975	-10.7606853001946	-9.8537947045861	-19.0272850912691	-13.3456478009158	-12.1757227994735	-8.36836787741586	-18.7398201567927	-11.5382928788582	-19.6192062202956	-11.8862161822785	-12.1757227994735	-18.1166993110972	-8.95333037813702	-18.4668093519586
np0036	-11.025831668332	-7.85590666688971	-10.4408691676109	-4.78742692900695	-12.025831668332	-12.025831668332	-8.70390357344466	-18.0189119165308	-19.1439162732725	-17.7604210873886	-1.10027722845847	-8.70390357344466	-5.87608454882734	-18.0467296909277	-5.77790415488844	-9.44086916761087	-19.5160539399953	-11.025831668332	-10.4408691676109	-21.5160539399953	-18.4354667979437	-9.44086916761087	-18.6095178401463	-8.44086916761087	-17.6943578872215	-9.21847674627442	-11.025831668332	-9.02583166833203	-18.129283016945	-6.89654865138706	-17.7361574621684	-12.025831668332	-9.02583166833203	-4.53397857200235	-19.1439162732725	-7.85590666688971	-17.9865309296644	-12.025831668332	-7.50226971227501	-3.57874844212237	-17.431970894603	-18.9310914392741	-7.77790415488844	-17.6755849574782	-16.2990291016585	-18.6943578872215	-18.4819570601872	-10.4408691676109	-18.9648879574086	-18.4544358573167	-6.56640004969473	-5.3819754785573	-11.025831668332	-9.02583166833203	-7.77790415488844	-8.32539195019093	-17.9797712684366	-7.85590666688971	-19.1611220392346	-17.9797712684366	-17.846702404935	-18.4212348069659	-18.1439162732725	-8.02583166833203	-7.77790415488844	-10.025831668332	-9.44086916761087	-17.7069141533982	-12.025831668332	-6.3819754785573	-5.6859816654474	-8.11894107272351	-6.27094416616856	-6.14318861897018	-18.6592085149264	-17.687608057609	-21.5160539399953	-9.70390357344466	-7.85590666688971	-5.41112182421682	-18.5482424388053	-18.1477514775078	-7.32539195019093	-18.6583509692635	-3.47124281665439	-12.025831668332	-10.4408691676109	-12.025831668332	-7.3819754785573	-7.63351424555327	-18.6924724781975	-8.56640004969473	-18.129283016945	-19.0272850912691	-11.025831668332	-7.44086916761087	-8.44086916761087	-7.44086916761087	-10.4408691676109	-19.6192062202956	-12.025831668332	-11.025831668332	-18.1166993110972	-6.81637830270308	-18.4668093519586
np0039	-18.4462271471724	-7.58867227128266	-9.16624011183269	-4.57925070670382	-17.4392911680949	-18.6943578872215	-11.4275054248134	-18.0189119165308	-13.7076133440062	-17.7604210873886	-1.11811266718283	-7.83901123312202	-9.14428085925655	-13.9300057653426	-5.60395085826678	-11.9603794143861	-14.9300057653426	-7.24350523815939	-2.9571456106907	-21.5160539399953	-18.4354667979437	-5.9690384969783	-9.72055239971366	-6.3921402712561	-9.92251122879569	-9.96807380617613	-11.0887035113617	-7.34129112976035	-18.129283016945	-6.9470121906483	-10.080340038427	-17.6240100514525	-7.77350127966262	-5.79857747656609	-16.5149682660638	-12.2295660472015	-15.1930401711764	-13.0555366474265	-12.4705741467053	-5.32761619286327	-17.431970894603	-13.7076133440062	-19.1027753967423	-8.26704075262018	-10.6323252167019	-10.1055773299261	-12.7076133440062	-12.4275054248134	-14.9300057653426	-18.4544358573167	-9.13992883471684	-10.080340038427	-12.6569872709362	-9.30551490043482	-5.64152415354839	-11.122650843285	-11.9300057653426	-16.5149682660638	-19.1611220392346	-11.9914063100068	-17.846702404935	-13.2670407526202	-10.7467839412868	-8.17957791136984	-8.26704075262018	-16.5149682660638	-10.2111875178867	-12.6569872709362	-11.0555366474265	-7.55786622450148	-13.9300057653426	-8.56660103447909	-6.14864605181795	-5.48395635862606	-18.6592085149264	-12.8145285479227	-10.6446035464804	-9.32514370718375	-4.17386646696968	-11.6323252167019	-18.5482424388053	-13.7076133440062	-6.49885642784326	-18.6583509692635	-7.23768086593341	-13.9300057653426	-11.7076133440062	-17.5149682660638	-5.90209976877273	-6.63003461811401	-18.6924724781975	-7.55207226072651	-13.3450432646215	-19.0272850912691	-12.4275054248134	-6.57906658379618	-6.56441236901626	-14.7076133440062	-11.0071736258651	-13.3450432646215	-10.1055773299261	-10.6080776704552	-10.3152959212274	-5.93423861446481	-13.3450432646215
np0041	-18.4462271471724	-6.29839021579575	-9.26136435881228	-6.92392326455359	-10.0113861058039	-18.6943578872215	-9.14888962955387	-6.92392326455359	-10.3008927229989	-17.7604210873886	-4.02218515671068	-12.4708177244412	-3.0442908759895	-13.1488896295539	-4.86256290246332	-17.5323711460796	-19.5160539399953	-18.5202426739746	-8.3727856414807	-21.5160539399953	-10.8858552237201	-6.89338889640548	-7.3363914042203	-5.13990084632661	-10.6128367293137	-12.4708177244412	-8.72935073804008	-5.89717053694791	-18.129283016945	-5.51226500901022	-11.7703780063001	-17.6240100514525	-8.51662141405435	-5.94529691534616	-11.3008927229989	-10.7703780063001	-7.48213303766906	-13.1488896295539	-11.2228902109976	-3.17160970605395	-17.431970894603	-13.8858552237201	-19.1027753967423	-17.6755849574782	-8.60045300485782	-9.77037800630014	-18.4819570601872	-18.6943578872215	-13.8858552237201	-9.32107060493655	-7.51662141405435	-9.01138610580393	-12.4708177244412	-6.21815229199098	-7.69603066484005	-11.0785003016625	-9.66346280238362	-7.98700194717697	-19.1611220392346	-10.5639271288327	-17.846702404935	-6.51081579237315	-10.4708177244412	-6.63792771027649	-8.3727856414807	-13.1488896295539	-14.4708177244412	-13.4708177244412	-11.6634628023836	-9.32107060493655	-4.20989819077832	-7.77037800630014	-7.22764374096828	-2.46624610927357	-18.6592085149264	-8.61283672931366	-3.68659186401498	-9.94725576838422	-9.30089272299892	-5.70760535762683	-18.5482424388053	-18.1477514775078	-5.08387747911692	-18.6583509692635	-9.61283672931366	-15.4708177244412	-13.1488896295539	-19.1611220392346	-5.16589605485956	-7.56995091646048	-11.1488896295539	-9.0957782930943	-12.1488896295539	-19.0272850912691	-15.4708177244412	-5.46098910707312	-7.36229326766306	-18.7398201567927	-17.786116445496	-19.6192062202956	-7.8269615346665	-8.55195448716663	-18.1166993110972	-7.06993828815904	-12.6634628023836
np0042	-10.5006388876086	-6.05061507751378	-11.9050291426879	-5.15668184641591	-11.1045429519832	-10.8542758422233	-11.209992250567	-10.7429147332756	-14.1066630038576	-17.7604210873886	-1.17238024177035	-10.0211983555041	-8.1767606398152	-12.0162080529121	-5.59798268839313	-12.0282139061722	-18.5160539399953	-10.3053825962097	-11.6958749775801	-20.5160539399953	-11.2399295347211	-8.3640860690271	-14.7086990179377	-4.13495040719283	-11.1519192849872	-11.4127661315833	-10.6197215360854	-8.31148279574609	-14.6831639258306	-6.9174198252155	-17.7361574621684	-15.0242008436656	-8.46552503446474	-6.31929814728027	-19.1439162732725	-11.4472756620099	-17.9865309296644	-14.3066005743663	-10.806970127445	-4.42181127118628	-11.6182084839898	-17.9310914392741	-15.3867709230503	-9.7898357806631	-9.71758213889367	-12.9013440958801	-14.9310914392741	-12.6456892204119	-17.1941258451079	-7.56149409299546	-7.5291453152976	-10.3790628279151	-13.4392383429445	-7.78261485709586	-7.47165982063684	-10.9691594801077	-12.9691594801077	-15.8721977502206	-10.8418616718496	-10.543074153929	-17.846702404935	-13.2776492006702	-10.5488276811593	-4.57502926579019	-7.97859284536228	-12.8794293194516	-11.6549670339999	-11.0443787256032	-10.4153916009901	-5.99924589909046	-3.52489750838072	-8.35775983639126	-6.61066693497716	-4.08628761572599	-18.6592085149264	-11.7949547512881	-20.5160539399953	-10.3777821398231	-7.18527708178091	-5.76969708107017	-13.9310914392741	-13.8866973199157	-7.69368228003197	-13.7611664378318	-6.25197792471308	-13.8156142218542	-15.346128938553	-13.3163815951589	-5.50920193824652	-7.21441485440292	-18.6924724781975	-7.9438274272016	-10.9310914392741	-11.8295534128121	-13.1941258451079	-9.425941520331	-8.43590263038121	-9.84628305146978	-11.121591245385	-15.7086990179377	-7.96747282183016	-10.0423481903759	-12.9768951288873	-6.8811294748602	-18.4668093519586
np0048	-5.19597641374811	-5.8562840393849	-17.9648879574086	-7.5485498260803	-7.58152714852657	-18.6943578872215	-6.39776987390469	-18.0189119165308	-9.52430227983362	-17.7604210873886	-4.53839710971941	-11.6942272812759	-3.89591749882133	-18.0467296909277	-4.2646113170742	-9.97176125680484	-19.5160539399953	-18.5202426739746	-9.97176125680484	-12.0161553761633	-4.9541092384428	-9.73075315730105	-7.99378756313484	-5.74469234825892	-17.6943578872215	-9.76822786271971	-13.4311928754421	-7.71237462798619	-13.0161553761633	-7.57321188031457	-17.7361574621684	-11.4311928754421	-6.64546796935608	-7.43119287544214	-19.1439162732725	-5.73538460603269	-17.9865309296644	-18.3791414185299	-7.51630948908009	-4.11453421781718	-17.431970894603	-18.9310914392741	-19.1027753967423	-10.6238379533845	-6.24136831656212	-8.60676444002559	-12.4311928754421	-11.2088004541057	-18.9648879574086	-5.96903146404927	-8.27468838976215	-12.2088004541057	-11.4311928754421	-9.13351232680145	-7.82633081728328	-11.556723757526	-17.9797712684366	-5.86640825665861	-15.0161553761633	-12.2088004541057	-4.10326603993333	-11.0161553761633	-14.0161553761633	-7.98273237462584	-9.62383795338453	-18.4392911680949	-12.4311928754421	-14.0161553761633	-18.3552564508737	-9.76822786271971	-10.4311928754421	-9.76822786271971	-7.78733668566741	-1.30858054623632	-18.6592085149264	-13.4311928754421	-9.3437300341918	-9.2882349216001	-9.62383795338453	-7.556723757526	-11.3157156580222	-18.1477514775078	-5.84372786751781	-8.14579065657989	-7.3437300341918	-13.4311928754421	-19.6192062202956	-19.1611220392346	-6.39044653309883	-8.03887545266338	-18.6924724781975	-9.62383795338453	-18.129283016945	-9.69422728127593	-11.0161553761633	-11.556723757526	-8.37229918638857	-14.0161553761633	-12.6942272812759	-19.6192062202956	-15.0161553761633	-8.3157156580222	-10.4925934201063	-9.13351232680145	-18.4668093519586
np0050	-18.4462271471724	-7.40825896664778	-9.27952565252558	-6.2447602343649	-10.3891501437001	-18.6943578872215	-8.73018706153514	-8.74630672689842	-11.4671526557013	-17.7604210873886	-3.38342711366785	-10.9366379390026	-2.75749440753088	-12.1345773166145	-5.11155684804859	-13.4146852358072	-14.6370776571437	-18.5202426739746	-7.877744249949	-21.5160539399953	-10.6073303137496	-6.95057712996044	-7.03716481495653	-5.56472170828353	-8.87331200363374	-11.3151495622563	-9.84700072651789	-5.57368257585515	-18.129283016945	-5.35940280030603	-11.9001120629775	-17.6240100514525	-6.43904194894441	-5.65408408244935	-10.339397108503	-8.1187523494528	-6.10960065108327	-12.3151495622563	-10.6073303137496	-3.34533137630972	-17.431970894603	-13.0521151564225	-19.1027753967423	-17.6755849574782	-8.52855320036549	-9.16675772236363	-15.2220401578648	-16.2220401578648	-18.9648879574086	-8.23335547109265	-6.53204218644537	-9.30317692059023	-12.2220401578648	-7.18861715632737	-8.32117334988407	-10.5496148158933	-9.63707765714366	-10.0322155989848	-19.1611220392346	-11.2678438474779	-17.846702404935	-6.3875691078806	-10.3640591627372	-6.18999443093401	-8.62958312059674	-13.6370776571437	-12.1345773166145	-15.2220401578648	-11.7626085392275	-9.65218454953387	-3.65693807950451	-8.1187523494528	-8.54256005835937	-3.16235771061718	-18.6592085149264	-8.98363541853974	-4.38994131182568	-9.02236781302845	-10.6984782018078	-5.1141692435852	-18.5482424388053	-16.2220401578648	-5.74630672689842	-18.6583509692635	-8.57818396809009	-15.2220401578648	-12.2220401578648	-19.1611220392346	-4.9872227267475	-8.12400807490429	-9.74630672689842	-8.26784384747794	-10.4146852358072	-19.0272850912691	-18.4819570601872	-5.32192809488736	-6.76260853922752	-18.7398201567927	-14.2220401578648	-19.6192062202956	-7.95994531249464	-8.77909666201609	-11.6984782018078	-6.22627300698702	-10.339397108503
np0052	-18.4462271471724	-9.01134038072407	-6.44596860836079	-3.05150591375047	-12.8610061076396	-18.6943578872215	-9.6257896459456	-8.67778428358386	-19.1439162732725	-17.7604210873886	-1.89756810929335	-8.86853978032504	-7.16751915014031	-9.97023517739439	-6.25121175393854	-12.1240405134734	-11.1605663894985	-10.4236007953323	-7.03234067933662	-21.5160539399953	-11.5390780127523	-6.13535582670126	-11.0884166037427	-4.48524261352173	-9.13308565307644	-11.6910811061973	-11.0197038536587	-7.69777575877133	-12.1980410949172	-5.66297039944038	-10.0884166037427	-15.4459686083608	-6.75771829922761	-5.79940989820624	-13.8610061076396	-13.6386136863032	-8.2810616816851	-11.6386136863032	-8.93817396816209	-4.54171032556027	-17.431970894603	-16.4459686083608	-15.4459686083608	-17.6755849574782	-9.55115084505285	-8.92240665230378	-11.6386136863032	-18.6943578872215	-12.7455288902197	-10.0365776722231	-8.29622148885611	-8.63861368630319	-12.3585057671105	-8.38527267667324	-7.20756386903571	-10.2962214888561	-11.7455288902197	-12.3585057671105	-19.1611220392346	-11.0197038536587	-17.846702404935	-8.12855599459592	-11.0884166037427	-4.80798530458294	-7.68441737591631	-15.4459686083608	-9.07964639411497	-11.053651185582	-10.8913797566832	-6.13762957822138	-5.33940566791591	-6.55722535946253	-7.11505173024617	-4.67159333555873	-18.6592085149264	-7.85351157109271	-3.88039047157646	-9.02811609347489	-6.12066315327111	-5.57483342411775	-16.4459686083608	-11.6386136863032	-6.68774539363407	-18.6583509692635	-6.32962464712332	-13.8610061076396	-11.2760436069185	-12.053651185582	-4.55456461169577	-6.40294132476624	-11.7455288902197	-6.97429339396875	-9.03657767222309	-19.0272850912691	-10.9224066523038	-7.17450558045642	-6.86665267078078	-14.8610061076396	-10.7735432663893	-12.4459686083608	-9.95411551203112	-10.3166855914158	-10.6386136863032	-6.15134785946916	-9.306417255962
np0055	-18.4462271471724	-7.1132813595302	-8.2839001311426	-3.57245290034192	-17.4392911680949	-18.6943578872215	-8.21083666895287	-18.0189119165308	-19.1439162732725	-17.7604210873886	-1.69432599072477	-6.6518333952944	-7.20787121047631	-13.8137210776713	-4.52416322931773	-11.1814528621718	-12.4352094544176	-9.18145286217178	-4.53387838415094	-21.5160539399953	-13.3282942505011	-5.36003889179912	-13.8137210776713	-4.34733866885774	-9.24083140925071	-8.70102094492193	-10.7780971679406	-8.13002462336478	-18.129283016945	-5.93720413110629	-11.0912550532002	-17.6240100514525	-6.96322166391317	-4.90562873685302	-19.1439162732725	-13.8137210776713	-9.21678593528406	-9.79579916967403	-11.1356491725587	-4.17927301530898	-17.431970894603	-14.5506866718375	-19.1027753967423	-8.58875471267102	-9.29015912161428	-7.1022261710212	-11.8137210776713	-10.1583692490587	-18.9648879574086	-18.4544358573167	-9.08036673705747	-9.03761708959813	-11.5506866718375	-7.46676418829241	-7.23478236457791	-9.62785453235996	-11.9657241711163	-18.4544358573167	-19.1611220392346	-10.8137210776713	-17.846702404935	-11.0912550532002	-12.6762175539214	-8.1188408848721	-7.80025881786473	-18.4392911680949	-7.61208721650164	-12.8137210776713	-12.9657241711163	-6.59068473976942	-11.8877216591151	-7.85487840242805	-6.17854713099637	-5.28078078929842	-18.6592085149264	-12.0481863313083	-7.6518333952944	-8.25300612319681	-6.10912573003889	-9.22875857695014	-13.8137210776713	-11.3807616703952	-5.46322383058716	-18.6583509692635	-5.37326713384826	-11.8137210776713	-9.34123330620855	-19.1611220392346	-6.00636615561369	-6.5506866718375	-14.5506866718375	-8.06955998210088	-11.3807616703952	-19.0272850912691	-12.4352094544176	-7.23478236457791	-4.30473789281587	-13.8137210776713	-11.4917929827839	-13.5506866718375	-11.7433317497799	-9.43520945441756	-8.56579356422771	-5.45616907305321	-13.5506866718375
np0062	-9.38830967593581	-4.59952086596784	-17.9648879574086	-8.64069683757009	-10.5187063131915	-18.6943578872215	-11.9208047567628	-10.5187063131915	-9.75087975532052	-13.4062315839331	-4.70302011654192	-16.8818468512374	-8.80929644154584	-13.1431971780993	-5.18803164023833	-12.2687280601831	-19.5160539399953	-18.5202426739746	-9.70579186579198	-8.56828834204204	-10.8701786836929	-9.57841255931575	-9.79742234125755	-5.48736834665848	-7.2977071271549	-11.2045977227634	-12.0277199606793	-8.89526966465569	-15.7281596788204	-5.29875293730645	-12.0277199606793	-13.4062315839331	-5.31770832731644	-4.6560270746532	-15.7281596788204	-7.80929644154584	-12.0277199606793	-13.4062315839331	-5.83334191551249	-4.88188576747053	-12.9208047567628	-14.1431971780993	-19.1027753967423	-11.1431971780993	-10.4427574599582	-12.1431971780993	-14.7281596788204	-12.5582346773781	-18.9648879574086	-7.26872806018314	-6.7141392085055	-12.2687280601831	-11.5582346773781	-6.12082936507082	-7.69473667728298	-9.33584225604167	-11.5582346773781	-14.1431971780993	-19.1611220392346	-9.42437893064333	-10.7281596788204	-11.1431971780993	-15.7281596788204	-5.66476459753192	-7.6513440817696	-18.4392911680949	-14.1431971780993	-17.7069141533982	-14.7281596788204	-9.48023216537685	-7.76237539415835	-11.4802321653768	-6.14131989085861	-0.897495931813513	-18.6592085149264	-12.2687280601831	-7.81527034259047	-11.7281596788204	-9.12824683663331	-7.35747227201322	-18.5482424388053	-18.1477514775078	-6.05573433684894	-7.40623158393307	-9.23630658249076	-18.6592085149264	-13.7281596788204	-12.9208047567628	-5.67423379728933	-6.86088093911077	-15.7281596788204	-10.1431971780993	-10.7281596788204	-19.0272850912691	-10.5187063131915	-9.64069683757009	-8.41527672353608	-14.1431971780993	-12.5582346773781	-19.6192062202956	-18.4849487344682	-9.57841255931575	-12.0277199606793	-8.60921860609693	-18.4668093519586
np0063	-18.4462271471724	-5.54731764906934	-9.38129944533572	-5.68440366593143	-16.4392911680949	-18.6943578872215	-9.79183274163998	-18.0189119165308	-16.4392911680949	-17.7604210873886	-1.11776818361926	-7.78465513956693	-8.2140837311514	-18.0467296909277	-4.32384104481161	-11.9314965278962	-18.4392911680949	-9.41138517152502	-4.9223600460962	-21.5160539399953	-15.6319362460373	-6.13237505457236	-18.6095178401463	-5.76355461273299	-9.52939808432486	-9.60956843300884	-10.8393783259078	-9.80266654755125	-18.129283016945	-6.77306716529172	-12.8847023164173	-17.6240100514525	-6.09999786791481	-6.1946300233307	-8.73885144995381	-16.8543286673737	-9.38944261864434	-12.3518283268446	-12.1355104199178	-4.86730157049032	-17.431970894603	-12.9798595494576	-16.8543286673737	-9.09944116521028	-9.40862403184796	-8.78823947691597	-12.9157292120379	-12.3732019776371	-15.4392911680949	-18.4544358573167	-7.44140604026579	-11.0817391634768	-12.7388514499538	-7.02619218317964	-7.60561041944016	-11.5204279308203	-12.1913636546513	-15.1173630732075	-7.26748887941192	-11.1538889492327	-17.846702404935	-11.8245813239797	-12.0994411652103	-7.79093358608523	-7.96052154861914	-17.4392911680949	-9.5627742215299	-12.6844036659314	-11.0046629404582	-7.32164806670581	-12.485094857708	-8.94743807176522	-6.28131271814947	-5.17133408369206	-18.6592085149264	-12.064251736748	-5.52322511719561	-9.21287897530611	-6.07105755671396	-9.34125908513437	-13.5324005724864	-13.1913636546513	-4.74449801309495	-18.6583509692635	-6.33764371806413	-13.3948970487364	-11.1083742899803	-15.4392911680949	-5.09624428679435	-5.11328309036391	-9.67110684331797	-8.1854436831075	-12.1173630732075	-19.0272850912691	-14.4392911680949	-8.94743807176522	-5.66059798487106	-18.7398201567927	-10.5875421266788	-19.6192062202956	-8.29973981569611	-10.9716856180119	-10.9716856180119	-5.86257064301465	-14.6319362460373
np0064	-4.2552989112452	-6.05990322228677	-12.7037594120615	-9.0792685471537	-9.43074091765508	-18.6943578872215	-4.52717068033817	-18.0189119165308	-10.481366990725	-17.7604210873886	-7.09889735390263	-16.8818468512374	-3.58395367342005	-18.0467296909277	-5.22263272232488	-9.64486572300792	-19.5160539399953	-18.5202426739746	-9.82929029414535	-11.7037594120615	-4.67217306900366	-11.7037594120615	-18.6095178401463	-11.2887219127826	-17.6943578872215	-9.76515995672564	-17.0009682812804	-6.12885057600426	-18.129283016945	-9.20125907153231	-17.7361574621684	-17.6240100514525	-6.29436847592379	-5.94442600486683	-19.1439162732725	-17.8543286673737	-17.9865309296644	-18.3791414185299	-10.8292902941454	-5.11629440413717	-17.431970894603	-11.9667938178953	-19.1027753967423	-17.6755849574782	-10.5882821946416	-10.7037594120615	-18.4819570601872	-12.7037594120615	-18.9648879574086	-6.02193537208775	-9.58828219464156	-10.8292902941454	-12.7037594120615	-11.9667938178953	-11.9667938178953	-7.45583189861791	-13.2887219127826	-11.7037594120615	-19.1611220392346	-17.9797712684366	-6.67401206866744	-10.9667938178953	-14.2887219127826	-9.76515995672564	-10.9667938178953	-18.4392911680949	-13.2887219127826	-17.7069141533982	-18.3552564508737	-10.9667938178953	-16.646333693381	-8.58828219464156	-8.02193537208775	-0.812608608629989	-18.6592085149264	-17.687608057609	-21.5160539399953	-10.2012590715323	-16.7398201567927	-7.31144198928273	-11.1187969113403	-18.1477514775078	-6.87933097664495	-8.79686881645297	-7.31144198928273	-12.2887219127826	-19.6192062202956	-19.1611220392346	-10.9667938178953	-11.2887219127826	-18.6924724781975	-17.785426924465	-14.2887219127826	-12.7037594120615	-13.2887219127826	-11.1187969113403	-7.65936529270304	-18.7398201567927	-17.786116445496	-19.6192062202956	-18.4849487344682	-8.0033196939204	-11.9667938178953	-17.1613090589954	-18.4668093519586
np0067	-18.4462271471724	-3.95168736975678	-11.6897796293773	-5.07506978526207	-10.1048171286561	-18.6943578872215	-9.10481712865612	-18.0189119165308	-11.6897796293773	-17.7604210873886	-1.61630747540081	-9.51985462793496	-7.98933991123618	-12.6897796293773	-4.70109494260511	-10.1048171286561	-19.5160539399953	-10.6897796293773	-6.66741181634882	-21.5160539399953	-18.4354667979437	-6.16621767332026	-18.6095178401463	-5.39515888048565	-9.10481712865612	-9.10481712865612	-10.1048171286561	-8.51985462793496	-11.1048171286561	-6.11992402104633	-17.7361574621684	-17.6240100514525	-7.78288903376876	-5.18198498917858	-19.1439162732725	-17.8543286673737	-4.8442895784329	-18.3791414185299	-8.29746220659851	-4.20999936534817	-17.431970894603	-18.9310914392741	-19.1027753967423	-17.6755849574782	-9.51985462793496	-7.64538551001882	-11.6897796293773	-18.6943578872215	-18.9648879574086	-18.4544358573167	-7.48032626374833	-11.1048171286561	-11.1048171286561	-7.40437741051503	-6.60231678812694	-8.78288903376876	-11.6897796293773	-18.4544358573167	-9.88242470731967	-11.6897796293773	-17.846702404935	-11.1048171286561	-18.1439162732725	-7.8317986342497	-7.44185211593369	-18.4392911680949	-7.68977962937727	-9.68977962937728	-18.3552564508737	-5.65635662783982	-7.40437741051503	-16.6919070560448	-7.98933991123618	-5.50987053936234	-18.6592085149264	-17.687608057609	-21.5160539399953	-7.26351487467518	-5.36785153448991	-4.65635662783982	-18.5482424388053	-18.1477514775078	-6.98933991123618	-18.6583509692635	-4.40900885924667	-18.6592085149264	-9.51985462793496	-11.1048171286561	-4.95507000915144	-5.65635662783982	-18.6924724781975	-7.8317986342497	-11.6897796293773	-19.0272850912691	-11.6897796293773	-6.26351487467518	-4.90841991585262	-18.7398201567927	-17.786116445496	-19.6192062202956	-18.4849487344682	-10.6897796293773	-9.68977962937728	-8.29746220659851	-18.4668093519586
np0071	-18.4462271471724	-10.7803347081239	-12.4584066132365	-10.1079093661524	-17.4392911680949	-18.6943578872215	-5.69552632031953	-18.0189119165308	-19.1439162732725	-17.7604210873886	-6.79734113342959	-11.6928718668736	-0.914263224464404	-13.1953722074027	-5.53003629021756	-14.7803347081239	-19.5160539399953	-18.5202426739746	-17.8816397677299	-21.5160539399953	-18.4354667979437	-15.7803347081239	-18.6095178401463	-17.7069815832335	-17.6943578872215	-18.3791414185299	-15.7803347081239	-5.55392251533511	-18.129283016945	-10.7359405887654	-17.7361574621684	-17.6240100514525	-7.52766927567365	-13.7803347081239	-19.1439162732725	-11.4584066132365	-17.9865309296644	-11.2567727520669	-13.4584066132365	-10.2567727520669	-17.431970894603	-18.9310914392741	-12.6104097066816	-17.6755849574782	-16.2990291016585	-18.6943578872215	-14.7803347081239	-18.6943578872215	-14.1953722074027	-12.6104097066816	-9.15097808804429	-9.37094377198619	-18.0315827535454	-17.5280572417884	-12.6104097066816	-13.4584066132365	-17.9797712684366	-1.44794844094229	-19.1611220392346	-15.7803347081239	-17.846702404935	-18.4212348069659	-12.7803347081239	-18.6592085149264	-11.7803347081239	-18.4392911680949	-12.4584066132365	-10.5708813424949	-18.3552564508737	-11.5324071946803	-16.646333693381	-12.3209030894866	-17.5280572417884	-14.7803347081239	-18.6592085149264	-17.687608057609	-21.5160539399953	-9.3209030894866	-7.07643113467923	-10.5708813424949	-10.9729797860663	-18.1477514775078	-10.5324071946803	-18.6583509692635	-17.4491002709378	-18.6592085149264	-12.3209030894866	-19.1611220392346	-11.8734441125154	-11.2567727520669	-18.6924724781975	-14.1953722074027	-18.129283016945	-19.0272850912691	-12.4584066132365	-13.1953722074027	-8.06608919045777	-18.7398201567927	-13.4584066132365	-19.6192062202956	-14.1953722074027	-15.7803347081239	-14.7803347081239	-14.7803347081239	-18.4668093519586
np0076	-10.4052478526531	-9.14221344681927	-17.9648879574086	-9.22467560701125	-11.064210934818	-18.6943578872215	-10.454157453134	-8.3463541635995	-13.7271759475404	-17.7604210873886	-2.30528644651281	-11.504783526204	-11.7271759475404	-18.0467296909277	-3.81079883020019	-12.9902103533742	-19.5160539399953	-18.5202426739746	-3.17867510173815	-21.5160539399953	-10.9198210254828	-5.73470962022584	-8.83640501729519	-8.064210934818	-17.6943578872215	-13.7271759475404	-8.3814011106987	-10.6116987301205	-12.3121384482616	-6.38732594465581	-17.7361574621684	-14.3121384482616	-9.00835770008448	-6.94145104145437	-19.1439162732725	-11.3121384482616	-14.3121384482616	-13.3121384482616	-9.28977063523313	-3.77249494202355	-14.3121384482616	-10.7885764922046	-19.1027753967423	-11.2246756070112	-8.35794213787471	-18.6943578872215	-15.3121384482616	-12.1422134468193	-13.7271759475404	-7.22998940690772	-6.73093786633663	-14.3121384482616	-11.6116987301205	-10.3579421378747	-4.51609883943182	-8.07373370893651	-17.9797712684366	-7.61169873012049	-10.1828554313166	-11.7271759475404	-17.846702404935	-10.2677443289031	-10.064210934818	-2.15842809610987	-10.454157453134	-18.4392911680949	-15.3121384482616	-10.1828554313166	-18.3552564508737	-9.9545864436435	-5.32345376148942	-9.12231388938157	-9.47924843409685	-3.62083111807047	-14.3121384482616	-17.687608057609	-21.5160539399953	-14.3121384482616	-10.4052478526531	-7.63971310629009	-18.5482424388053	-18.1477514775078	-5.85886781425096	-18.6583509692635	-7.66828225848686	-18.6592085149264	-19.6192062202956	-10.7885764922046	-5.50962208314036	-9.50478352620398	-18.6924724781975	-17.785426924465	-10.7271759475404	-13.7271759475404	-18.4819570601872	-10.0267362293993	-12.1422134468193	-18.7398201567927	-13.7271759475404	-19.6192062202956	-7.85270682962429	-8.11246610342522	-18.1166993110972	-7.54395412348466	-18.4668093519586
np0080	-18.4462271471724	-7.52906795231854	-14.6583509692635	-6.55440753937195	-9.8639351029134	-18.6943578872215	-11.2320862145614	-18.0189119165308	-11.3007989646454	-17.7604210873886	-0.884645100793312	-10.3915644285686	-10.5498265124853	-18.0467296909277	-8.27033368391838	-10.8381720068483	-19.5160539399953	-18.5202426739746	-16.0733884685424	-21.5160539399953	-18.4354667979437	-9.80660192784745	-10.2237227416268	-15.6583509692635	-17.6943578872215	-15.6583509692635	-9.22372274162679	-7.21437142666226	-11.1505563290648	-5.41042345581992	-17.7361574621684	-17.6240100514525	-14.0733884685424	-7.12892041511736	-14.0733884685424	-11.2154074734148	-17.9865309296644	-18.3791414185299	-7.90012775453678	-7.08849536093256	-13.6583509692635	-18.9310914392741	-12.0144947794888	-17.6755849574782	-12.751460373655	-12.3364228743761	-16.6583509692635	-14.4884259678212	-18.9648879574086	-9.76960772036525	-6.73131380054321	-11.7041546588766	-18.0315827535454	-13.1989193506262	-8.65272642006963	-13.1989193506262	-17.9797712684366	-11.5290679523185	-19.1611220392346	-13.3364228743761	-17.846702404935	-18.4212348069659	-13.8509960472059	-18.6592085149264	-13.0144947794888	-18.4392911680949	-13.8509960472059	-10.2071398574312	-13.1989193506262	-8.64992234719293	-8.33867884831652	-12.3729487504013	-7.97010066013033	-2.28732308737839	-18.6592085149264	-17.687608057609	-21.5160539399953	-16.0733884685424	-3.4480601332055	-10.53940989654	-11.5498265124853	-13.8509960472059	-8.32743409114889	-17.6583509692635	-5.96573546756893	-18.6592085149264	-19.6192062202956	-19.1611220392346	-6.07385817228764	-5.88892632771076	-16.0733884685424	-13.0733884685424	-18.129283016945	-19.0272850912691	-13.6583509692635	-13.6583509692635	-10.2746466767895	-18.7398201567927	-14.4884259678212	-19.6192062202956	-15.0733884685424	-11.8509960472059	-10.4685264103835	-7.53035664828712	-18.4668093519586
np0081	-7.49800216964626	-8.57408456247709	-13.517901727084	-5.63254429302509	-7.49800216964626	-15.1028642278051	-8.502951385618	-11.1332378768486	-8.42104018783138	-17.7604210873886	-1.56322072156709	-10.6217375380685	-6.90155710087782	-12.228395109889	-5.05437735381279	-9.52795539174789	-19.5160539399953	-18.5202426739746	-15.1028642278051	-21.5160539399953	-8.57408456247709	-8.18003208832759	-13.6878267285263	-8.11039790049053	-15.6878267285263	-10.8298457333987	-9.30412243605223	-8.15644526800997	-15.1028642278051	-6.12082135827925	-17.7361574621684	-11.2955093057475	-7.20602729686053	-6.13900482006753	-14.1028642278051	-6.5129010460256	-17.9865309296644	-14.3658986336389	-12.9873870103852	-6.7570893909634	-12.517901727084	-11.7809361329178	-19.1027753967423	-9.10286422780513	-9.4398992150827	-12.7809361329178	-12.6878267285263	-12.1642647724693	-18.9648879574086	-15.6878267285263	-6.97358121086016	-7.93293922636281	-12.6878267285263	-7.89341086217618	-6.52291980185059	-9.97358121086016	-8.67101844083973	-5.22124039080704	-10.9599062739631	-9.68782672852628	-17.846702404935	-11.517901727084	-6.76153073374517	-4.27208496023619	-6.59242970573373	-11.4783733628973	-12.6003638872759	-11.228395109889	-18.3552564508737	-6.37721394686675	-5.12892774737958	-6.31713932171906	-7.52543539976938	-2.94889004685014	-18.6592085149264	-17.687608057609	-21.5160539399953	-9.7220424438642	-16.7398201567927	-4.83295834526605	-9.7220424438642	-14.3658986336389	-8.01540138655479	-12.2955093057475	-5.19297114403508	-14.1028642278051	-19.6192062202956	-10.6217375380685	-5.72493072318902	-7.25111518638907	-18.6924724781975	-8.34797672564166	-12.8804718064687	-10.0584701084467	-7.20401095126203	-11.3658986336389	-5.89992416913485	-4.33661140667067	-12.3658986336389	-19.6192062202956	-6.76598579145179	-9.82984573339871	-13.3658986336389	-9.05847010844667	-18.4668093519586
np0089	-11.0893486174541	-5.03490083343177	-14.2048258348741	-7.55616865883554	-10.7023254943449	-18.6943578872215	-12.9824334135376	-11.0349008334318	-19.1439162732725	-17.7604210873886	-3.0525409925675	-10.9824334135376	-7.88892152761449	-13.7897883355952	-4.63054768518357	-13.4678602407079	-19.5160539399953	-18.5202426739746	-11.2048258348741	-21.5160539399953	-13.4678602407079	-9.04832134919409	-18.6095178401463	-6.56820121433044	-12.0893486174541	-12.7897883355952	-10.0349008334318	-8.38039739945754	-18.129283016945	-5.25451295897444	-17.7361574621684	-15.7897883355952	-8.02823710315076	-5.61986333415293	-19.1439162732725	-6.81824478164447	-17.9865309296644	-18.3791414185299	-15.7897883355952	-4.36719790170268	-12.3303567169579	-18.9310914392741	-19.1027753967423	-9.78978833559524	-10.3635235808931	-14.2048258348741	-15.7897883355952	-13.2048258348741	-18.9648879574086	-18.4544358573167	-7.36352358089314	-11.0893486174541	-12.3303567169579	-6.8798952518252	-8.71297273854441	-10.0084286220706	-17.9797712684366	-7.28994244851203	-15.7897883355952	-9.93180734046767	-17.846702404935	-11.5418608221517	-9.52300179490034	-5.08329231753405	-8.31405490462884	-18.4392911680949	-12.3303567169579	-14.2048258348741	-11.0349008334318	-8.99537246924513	-3.36562204677714	-10.061867881032	-7.98888843567494	-1.41916903344689	-18.6592085149264	-11.3303567169579	-21.5160539399953	-11.0349008334318	-9.68126387881707	-5.81968244498306	-12.9824334135376	-14.2048258348741	-5.73857939468048	-18.6583509692635	-8.22754591137417	-18.6592085149264	-19.6192062202956	-19.1611220392346	-4.35047687377639	-5.65023698319645	-12.4678602407079	-7.60491299268696	-10.6198633341529	-14.2048258348741	-12.6198633341529	-10.1459321458205	-8.44993833271062	-18.7398201567927	-17.786116445496	-19.6192062202956	-7.513663930321	-9.54186082215165	-18.1166993110972	-8.40608404312119	-18.4668093519586
np0094	-10.6974020075027	-4.64903898594131	-9.51297743636528	-6.16248018928115	-17.4392911680949	-8.92801493564412	-9.79928162152192	-11.8349055312526	-19.1439162732725	-15.15683362614	-1.86998712340412	-10.5129774363653	-9.87143140727776	-12.15683362614	-5.97443927273548	-17.5323711460796	-19.5160539399953	-10.5718711254189	-5.944945331594	-9.24994303053149	-18.4354667979437	-8.24994303053149	-18.6095178401463	-4.96824478043266	-12.15683362614	-10.5129774363653	-11.3494787040824	-9.29885263101243	-12.3494787040824	-5.8923910259134	-11.5718711254189	-11.2499430305315	-7.22019568713744	-5.94251450533924	-19.1439162732725	-17.8543286673737	-12.8349055312526	-12.3494787040824	-11.8349055312526	-4.66197804164881	-15.15683362614	-13.5718711254189	-14.15683362614	-10.027550609195	-9.76451620336124	-11.6974020075027	-11.8349055312526	-12.5718711254189	-14.15683362614	-7.02755060919504	-8.69740200750271	-9.76451620336124	-12.15683362614	-9.11243950678155	-5.83490553125264	-9.83490553125264	-13.15683362614	-18.4544358573167	-19.1611220392346	-12.5718711254189	-12.8349055312526	-11.15683362614	-12.5718711254189	-5.70768498076457	-8.73056887143791	-18.4392911680949	-10.3494787040824	-17.7069141533982	-13.5718711254189	-6.59841291287134	-6.32078327108194	-9.02755060919504	-6.86221287724838	-1.88289236636316	-18.6592085149264	-11.9869086246977	-7.6569877390568	-10.633271670083	-5.01345041215019	-5.28031667957501	-18.5482424388053	-18.1477514775078	-7.02755060919504	-6.39196203540391	-6.35270260495669	-18.6592085149264	-19.6192062202956	-19.1611220392346	-5.81253771822419	-6.15965414520238	-14.15683362614	-8.44258810847388	-9.73056887143791	-19.0272850912691	-9.73056887143791	-7.15120907694613	-8.71389013029128	-10.6974020075027	-11.4563939079989	-12.3494787040824	-8.55692078395288	-8.79928162152192	-10.5718711254189	-9.3494787040824	-18.4668093519586
np0097	-18.4462271471724	-9.53655629997126	-17.9648879574086	-12.188632996551	-10.748060405165	-18.6943578872215	-6.34493622742963	-18.0189119165308	-19.1439162732725	-17.7604210873886	-9.2146282050839	-16.8818468512374	-7.78653455297961	-18.0467296909277	-4.47242596255154	-17.5323711460796	-19.5160539399953	-18.5202426739746	-5.08759529783481	-21.5160539399953	-13.9959879186086	-12.4110254178874	-12.6740598237212	-14.9959879186086	-17.6943578872215	-11.8260629171662	-17.0009682812804	-8.36663129852895	-18.129283016945	-5.00022076773075	-17.7361574621684	-17.6240100514525	-9.29554820046746	-8.76716922811267	-19.1439162732725	-10.9085250773582	-17.9865309296644	-12.9959879186086	-10.138006923481	-8.82606291716624	-17.431970894603	-18.9310914392741	-19.1027753967423	-13.9959879186086	-11.9959879186086	-18.6943578872215	-18.4819570601872	-11.188632996551	-18.9648879574086	-12.9959879186086	-11.2955482004675	-11.6740598237212	-14.9959879186086	-10.6740598237212	-11.5365562999713	-14.9959879186086	-17.9797712684366	-10.089097323	-19.1611220392346	-13.4110254178874	-17.846702404935	-13.4110254178874	-8.82606291716624	-12.9959879186086	-12.188632996551	-18.4392911680949	-17.786116445496	-17.7069141533982	-18.3552564508737	-13.9959879186086	-16.646333693381	-16.6919070560448	-14.9959879186086	-0.243450465899224	-14.9959879186086	-17.687608057609	-21.5160539399953	-12.6740598237212	-14.9959879186086	-10.0417916082217	-18.5482424388053	-18.1477514775078	-9.78653455297961	-14.9959879186086	-13.4110254178874	-18.6592085149264	-19.6192062202956	-7.50413482227888	-10.9085250773582	-17.7069815832335	-18.6924724781975	-14.9959879186086	-13.9959879186086	-10.089097323	-13.9959879186086	-10.3521317288338	-12.4110254178874	-13.4110254178874	-17.786116445496	-14.9959879186086	-12.6740598237212	-13.4110254178874	-12.188632996551	-12.188632996551	-18.4668093519586
np0100	-18.4462271471724	-7.32817624255254	-7.74321374183138	-3.38435907794566	-17.4392911680949	-18.6943578872215	-8.32817624255254	-5.66521122983011	-10.9131387432737	-17.7604210873886	-2.5897086232211	-9.03866962535755	-5.36881822704989	-9.9131387432737	-4.73655001155037	-12.4981012439949	-9.9131387432737	-12.4981012439949	-6.07183648929275	-21.5160539399953	-9.69074632193725	-5.70368537764475	-18.6095178401463	-4.61545819463301	-12.4981012439949	-10.9131387432737	-10.4981012439949	-5.88339139987964	-10.4981012439949	-4.68432005277782	-11.4981012439949	-17.6240100514525	-6.88339139987964	-5.19432049581775	-19.1439162732725	-12.4981012439949	-6.02236781302845	-9.9131387432737	-9.49810124399485	-3.87604942453848	-17.431970894603	-18.9310914392741	-19.1027753967423	-17.6755849574782	-7.49810124399485	-8.41063840274451	-11.4981012439949	-18.6943578872215	-18.9648879574086	-18.4544358573167	-9.69074632193725	-9.69074632193725	-10.4981012439949	-5.99030660379616	-7.10578382121609	-10.9131387432737	-17.9797712684366	-12.4981012439949	-19.1611220392346	-9.03866962535755	-17.846702404935	-6.2126990251326	-10.4981012439949	-5.53231695933277	-7.2886478783659	-18.4392911680949	-9.69074632193725	-11.4981012439949	-18.3552564508737	-7.36881822704989	-7.2126990251326	-8.17617314910749	-8.41063840274451	-4.05930939141659	-18.6592085149264	-9.32817624255254	-4.47019524742497	-8.10578382121609	-6.05515774814612	-4.94351239231721	-12.4981012439949	-18.1477514775078	-5.4868739885716	-18.6583509692635	-7.59121064838633	-18.6592085149264	-10.1761731491075	-11.4981012439949	-5.86874462391524	-8.49810124399485	-9.9131387432737	-6.69074632193725	-9.17617314910749	-19.0272850912691	-18.4819570601872	-6.82567590202336	-6.17617314910749	-18.7398201567927	-17.786116445496	-19.6192062202956	-9.69074632193725	-9.49810124399485	-9.9131387432737	-5.05515774814612	-7.41063840274451
np0101	-8.61982125793281	-7.98015286512152	-9.89545570054623	-5.32426857846974	-10.8703647195834	-7.15469852721765	-8.0630097975258	-13.728345714711	-14.728345714711	-17.7604210873886	-1.65236525229469	-8.89545570054623	-6.52622189088052	-13.4064176198236	-4.88207180336107	-11.1433832139898	-19.5160539399953	-9.04184518752776	-3.87737756372854	-21.5160539399953	-11.4804182012674	-7.51889234908203	-18.6095178401463	-6.39967078738303	-11.2689140960737	-11.4804182012674	-11.3360282919322	-7.39742883659636	-14.1433832139898	-6.05946073044473	-12.728345714711	-14.728345714711	-8.78583120937174	-4.97345821254751	-13.1433832139898	-14.728345714711	-12.9209907926534	-11.204783758654	-12.2689140960737	-4.42171435299848	-17.431970894603	-14.1433832139898	-19.1027753967423	-17.6755849574782	-7.88914192661403	-11.5584207132687	-13.728345714711	-18.6943578872215	-14.728345714711	-12.9209907926534	-8.59906269776601	-8.34464142223692	-11.4064176198236	-8.51889234908203	-6.17375686303334	-7.82145511910246	-12.728345714711	-18.4544358573167	-19.1611220392346	-10.6408828734606	-17.846702404935	-14.1433832139898	-10.1433832139898	-7.65688335215435	-8.90816675229579	-18.4392911680949	-9.97345821254751	-13.4064176198236	-12.4064176198236	-7.10263687164651	-7.85798099512757	-9.4995270242151	-6.27507508070035	-4.97680165562188	-7.9535586551098	-12.5584207132687	-6.4686024510202	-11.4804182012674	-4.88207180336107	-2.97847628731413	-14.728345714711	-15.728345714711	-6.15849010638003	-18.6583509692635	-5.46390311448437	-18.6592085149264	-11.2689140960737	-19.1611220392346	-6.48755438254902	-5.50555081184287	-18.6924724781975	-9.42456496653387	-10.3020809600089	-19.0272850912691	-11.0844895249363	-7.63558857379112	-4.64486638737914	-12.5584207132687	-10.8214551191025	-14.1433832139898	-10.0004252601478	-10.2689140960737	-9.97345821254751	-9.57859859520629	-15.728345714711
np0102	-18.4462271471724	-8.34858816986372	-12.9441199122951	-6.59487121140819	-10.5397296572157	-18.6943578872215	-8.61795482452123	-18.0189119165308	-13.1246921579369	-17.7604210873886	-0.336653604291605	-8.5518024895163	-8.66526053929959	-18.0467296909277	-6.86416460771367	-10.3591574115739	-19.5160539399953	-17.0315827535454	-17.8816397677299	-21.5160539399953	-18.4354667979437	-9.97630031804421	-18.6095178401463	-14.709654658658	-17.6943578872215	-15.0315827535454	-12.8616577521031	-6.44006040697467	-6.05072914716567	-6.48276084508665	-17.7361574621684	-17.6240100514525	-14.2242278314878	-8.34858816986372	-19.1439162732725	-17.8543286673737	-17.9865309296644	-15.4466202528242	-8.18923241013159	-6.51785515759297	-17.431970894603	-18.9310914392741	-19.1027753967423	-17.6755849574782	-11.9441199122951	-10.0657984688833	-15.0315827535454	-15.0315827535454	-17.0315827535454	-15.4466202528242	-7.7164331912891	-10.709654658658	-17.0315827535454	-17.5280572417884	-12.5080207974884	-14.4466202528242	-17.9797712684366	-11.4168729094302	-19.1611220392346	-17.9797712684366	-17.846702404935	-18.4212348069659	-13.3311430354043	-18.6592085149264	-12.7836552401018	-18.4392911680949	-12.0773864431585	-12.6392653307666	-18.3552564508737	-6.99403579958323	-5.53772730430458	-11.9022997366004	-5.8436121615612	-5.8767646444933	-18.6592085149264	-16.0315827535454	-21.5160539399953	-14.709654658658	-7.15660140589163	-10.7461805346832	-12.6392653307666	-15.0315827535454	-8.64787846107135	-18.6583509692635	-5.3675799906589	-17.0315827535454	-19.6192062202956	-19.1611220392346	-10.5080207974884	-7.73008655856285	-15.4466202528242	-13.3311430354043	-18.129283016945	-19.0272850912691	-12.5721511349081	-13.5721511349081	-10.9022997366004	-18.7398201567927	-15.4466202528242	-16.0315827535454	-14.709654658658	-12.709654658658	-7.8075810793473	-8.43912571627732	-18.4668093519586
np0104	-18.4462271471724	-6.47550128737425	-10.7268761024363	-5.47378072063378	-11.0988448798233	-18.6943578872215	-9.1863077210736	-11.7268761024363	-19.1439162732725	-17.7604210873886	-2.37252652985656	-9.09884487982326	-10.8643796261862	-12.1863077210736	-5.36134898054508	-12.378952799016	-19.5160539399953	-8.9195211803787	-3.91367793609723	-21.5160539399953	-10.93838020763	-9.27941712546508	-12.378952799016	-7.1473887317813	-12.8643796261862	-11.8643796261862	-9.90090550221135	-9.378952799016	-11.2794171254651	-5.3854078211533	-17.7361574621684	-13.1863077210736	-6.88709970268632	-5.03022464478492	-19.1439162732725	-12.1863077210736	-7.29148995776566	-12.6013452203524	-12.1863077210736	-4.52809623832181	-17.431970894603	-15.1863077210736	-13.6013452203524	-10.5424515312989	-10.6627457650166	-18.6943578872215	-13.6013452203524	-11.0988448798233	-18.9648879574086	-11.0988448798233	-7.95748903057772	-9.35341770690886	-12.0163827196313	-8.69445462474393	-5.49456420190233	-9.35341770690886	-17.9797712684366	-13.1863077210736	-12.0163827196313	-12.378952799016	-17.846702404935	-12.8643796261862	-12.8643796261862	-8.57159787695839	-7.49980719389038	-15.1863077210736	-9.05702470412863	-12.378952799016	-12.6013452203524	-5.649089320535	-4.53884929461868	-8.86437962618624	-9.03656060156892	-1.90829392495545	-7.56425590161723	-17.687608057609	-21.5160539399953	-12.1863077210736	-4.97077472132795	-3.70450828940785	-18.5482424388053	-18.1477514775078	-7.35341770690886	-18.6583509692635	-8.20902779757368	-18.6592085149264	-19.6192062202956	-15.1863077210736	-6.46179386795365	-7.57159787695839	-18.6924724781975	-9.86437962618624	-8.48586800293251	-19.0272850912691	-9.90090550221135	-7.12561178938605	-6.89168697218197	-12.378952799016	-9.23211141068673	-19.6192062202956	-9.378952799016	-11.2794171254651	-10.6013452203524	-7.81126828972668	-18.4668093519586
np0108	-18.4462271471724	-9.03896033693452	-6.89915192503344	-3.13194891765516	-13.2161533388409	-18.6943578872215	-9.69830503397825	-7.82383591606211	-19.1439162732725	-17.7604210873886	-1.80041157055078	-8.7389470184756	-7.3581723437133	-10.3536568625908	-5.95790853441177	-11.7686943618697	-10.8682300354206	-11.5463019405332	-6.86340765196372	-21.5160539399953	-11.8682300354206	-6.22025773717361	-14.3536568625908	-4.85221771743193	-8.90079789787699	-11.7686943618697	-10.5881221162278	-7.47836826436812	-12.2832675346994	-5.34131167217098	-9.30054552613124	-17.6240100514525	-6.86020166166463	-5.80137202264729	-16.6755849574782	-12.9751452393371	-7.52583783797349	-11.6755849574782	-9.12099610580053	-4.64733352931538	-15.6755849574782	-15.090622456757	-15.090622456757	-16.6755849574782	-9.13642614637014	-8.88116909112806	-11.6311908381197	-14.6755849574782	-13.090622456757	-11.9751452393371	-8.58812211622783	-8.686900270706	-12.3536568625908	-8.1133425332571	-7.16580995315123	-9.78076719417023	-11.5463019405332	-15.090622456757	-15.6755849574782	-10.5463019405332	-17.846702404935	-8.82383591606211	-10.947664502915	-4.6893873702719	-7.82696201704883	-18.4392911680949	-9.48576039859815	-11.4661315918492	-11.2161533388409	-6.22231432346755	-4.93075111997862	-6.58944873245086	-7.15594870463496	-4.60915935684261	-18.6592085149264	-8.20390974308612	-4.05238932202523	-8.86180376626113	-6.20390974308612	-5.49132946207282	-13.8682300354206	-12.5881221162278	-6.43360180778384	-18.6583509692635	-6.21615333884087	-15.090622456757	-12.2832675346994	-11.8176039623506	-4.93580434770491	-6.47836826436812	-10.9751452393371	-7.1500641483831	-9.42765744403458	-19.0272850912691	-11.3901827386159	-6.90574711384873	-7.1229158599639	-18.7398201567927	-10.4467662669823	-13.3536568625908	-9.89422524395351	-10.2161533388409	-10.3005455261312	-6.18373186114849	-9.28326753469941
np0115	-11.9978263371023	-4.87888526437877	-10.0592268817664	-5.49798045001907	-17.4392911680949	-9.37333547219449	-8.53839471846498	-12.9978263371023	-14.5827888378234	-17.7604210873886	-1.52750640232225	-10.0592268817664	-9.77543391576583	-11.5827888378234	-5.62278690575535	-10.5827888378234	-19.5160539399953	-10.6758982422149	-6.4028797478085	-9.45350582087847	-11.7754339157658	-7.42291750104505	-14.5827888378234	-4.94616421727979	-9.93893264804871	-10.4128638363811	-11.7754339157658	-10.7754339157658	-12.5827888378234	-6.20774940647651	-11.5827888378234	-10.4128638363811	-7.44323748542464	-6.14816061018671	-14.5827888378234	-17.8543286673737	-10.2608607429361	-11.2608607429361	-11.7754339157658	-4.44964662542283	-13.5827888378234	-13.5827888378234	-19.1027753967423	-11.4128638363811	-8.91036349585194	-10.8823491196823	-11.2608607429361	-11.9978263371023	-18.9648879574086	-18.4544358573167	-8.27900808964633	-8.96807899370823	-12.5827888378234	-8.53839471846498	-5.96440333556483	-9.93893264804871	-12.9978263371023	-18.4544358573167	-19.1611220392346	-10.8823491196823	-11.9978263371023	-11.5827888378234	-11.9978263371023	-5.56319810946555	-7.98287599563631	-18.4392911680949	-10.2608607429361	-12.2608607429361	-18.3552564508737	-6.37821769357423	-6.86168964911625	-8.85486838326024	-7.13984534197471	-2.49201478318269	-18.6592085149264	-17.687608057609	-7.31600229712853	-10.1904714150447	-5.16072407165062	-5.42797072877133	-18.5482424388053	-18.1477514775078	-6.57716428862956	-6.00914165033011	-6.19908454534938	-13.5827888378234	-12.9978263371023	-19.1611220392346	-5.65501087574109	-6.11926446455226	-12.2608607429361	-8.31600229712853	-9.05922688176642	-19.0272850912691	-8.88234911968234	-6.68797107451549	-6.96807899370823	-10.6758982422149	-10.9978263371023	-19.6192062202956	-8.22523683320535	-8.99782633710228	-9.93893264804871	-8.80142912429878	-18.4668093519586
np0119	-18.4462271471724	-5.58928842612395	-9.7987417917529	-7.92427267383675	-17.4392911680949	-18.6943578872215	-18.3552564508737	-18.0189119165308	-19.1439162732725	-17.7604210873886	-1.17486030173944	-8.7987417917529	-5.62881679031058	-18.0467296909277	-3.72192619470206	-17.5323711460796	-19.5160539399953	-18.5202426739746	-8.68326457433296	-21.5160539399953	-18.4354667979437	-7.92427267383675	-18.6095178401463	-6.52572329734648	-7.47681369686553	-10.0617761975867	-11.3837042924741	-16.7702939501526	-18.129283016945	-6.38370429247405	-17.7361574621684	-17.6240100514525	-9.38370429247405	-5.66945877480793	-6.89185119614438	-17.8543286673737	-9.7987417917529	-12.3837042924741	-11.3837042924741	-7.57634937041645	-17.431970894603	-18.9310914392741	-19.1027753967423	-9.06177619758669	-7.68326457433296	-10.7987417917529	-18.4819570601872	-18.6943578872215	-18.9648879574086	-18.4544358573167	-6.50106124311221	-17.786116445496	-18.0315827535454	-6.3393101731156	-9.38370429247405	-10.7987417917529	-10.7987417917529	-18.4544358573167	-4.55715580518314	-17.9797712684366	-17.846702404935	-11.3837042924741	-18.1439162732725	-9.38370429247405	-7.68326457433296	-18.4392911680949	-17.786116445496	-17.7069141533982	-10.0617761975867	-7.86014233641704	-16.646333693381	-9.06177619758669	-6.06177619758669	-2.96374411462616	-18.6592085149264	-17.687608057609	-4.7987417917529	-8.57634937041645	-16.7398201567927	-17.1459221978118	-18.5482424388053	-18.1477514775078	-6.89185119614438	-18.6583509692635	-7.52572329734648	-18.6592085149264	-19.6192062202956	-19.1611220392346	-4.20877860997337	-7.13577677903047	-18.6924724781975	-10.7987417917529	-18.129283016945	-19.0272850912691	-18.4819570601872	-17.9797712684366	-8.06177619758669	-18.7398201567927	-10.7987417917529	-19.6192062202956	-18.4849487344682	-9.57634937041645	-12.3837042924741	-7.0983020736118	-18.4668093519586
np0122	-11.1390593512206	-7.08461156719821	-17.9648879574086	-8.48194706474359	-17.4392911680949	-18.6943578872215	-12.2545365686405	-12.0321441473041	-12.5175709744743	-8.73097461258351	-2.07670180686344	-16.8818468512374	-10.3159371133047	-13.2545365686405	-5.90876173179879	-11.8394990693617	-19.5160539399953	-18.5202426739746	-9.8853027589748	-8.21014244928206	-18.4354667979437	-8.73097461258351	-10.6695740679194	-5.67962773258328	-8.44718164658291	-11.5175709744743	-11.0321441473041	-9.63004570373272	-13.2545365686405	-5.85365713235833	-13.8394990693617	-11.6695740679194	-6.29260460947404	-6.41743430318886	-19.1439162732725	-10.1956428795869	-11.3800674507244	-18.3791414185299	-13.8394990693617	-3.77475630461142	-14.8394990693617	-13.8394990693617	-19.1027753967423	-10.1390593512206	-10.1956428795869	-12.8394990693617	-12.5175709744743	-13.8394990693617	-18.9648879574086	-7.50858219124706	-8.38006745072438	-13.2545365686405	-12.2545365686405	-8.73097461258351	-6.40070721678341	-12.8394990693617	-11.5175709744743	-11.8394990693617	-19.1611220392346	-10.3159371133047	-12.8394990693617	-10.7520362281113	-18.1439162732725	-7.05159650997024	-8.59157155591809	-12.8394990693617	-13.8394990693617	-10.6695740679194	-10.2545365686405	-9.11157861479847	-1.65990093851184	-11.2545365686405	-5.94468130605373	-3.92660973313171	-18.6592085149264	-12.8394990693617	-5.76803670680505	-11.1390593512206	-8.9815180742341	-8.44718164658291	-18.5482424388053	-18.1477514775078	-6.59157155591809	-5.97222032965201	-8.38006745072438	-18.6592085149264	-12.2545365686405	-19.1611220392346	-4.52548236546032	-5.69229414441944	-13.8394990693617	-6.23216875561206	-8.57271252866677	-12.8394990693617	-11.3800674507244	-10.6695740679194	-10.1956428795869	-18.7398201567927	-14.8394990693617	-19.6192062202956	-18.4849487344682	-8.28491021768404	-14.8394990693617	-7.39655557351294	-18.4668093519586
np0123	-10.7017844426363	-3.78951451036897	-17.9648879574086	-8.03620348170683	-7.83866624905665	-18.6943578872215	-12.2378373428765	-12.9748029370427	-11.7524105157062	-17.7604210873886	-4.86976746634439	-12.1003338191265	-9.33094674726796	-12.7524105157062	-5.1106167923884	-17.5323711460796	-19.5160539399953	-13.5597654377638	-6.69867853176845	-21.5160539399953	-18.4354667979437	-8.36994087888382	-10.7017844426363	-6.33817831649903	-13.9748029370427	-14.5597654377638	-11.5597654377638	-7.38483975526316	-18.129283016945	-7.53185944119395	-17.7361574621684	-14.5597654377638	-4.15143569699645	-6.76534957141373	-19.1439162732725	-10.4304824208189	-12.3898404363215	-14.5597654377638	-8.38984043632153	-5.78333240531911	-17.431970894603	-12.5597654377638	-19.1027753967423	-12.9748029370427	-13.5597654377638	-18.6943578872215	-18.4819570601872	-12.7524105157062	-13.9748029370427	-6.2537037483355	-7.16316065658198	-14.5597654377638	-13.9748029370427	-9.7268754235991	-7.35519429351463	-9.03620348170683	-15.5597654377638	-11.2378373428765	-19.1611220392346	-12.5597654377638	-17.846702404935	-10.6528748421553	-13.9748029370427	-9.35031207213489	-9.10033381912654	-18.4392911680949	-12.1003338191265	-13.5597654377638	-18.3552564508737	-8.26514468887221	-8.26514468887221	-8.06791234143416	-10.4304824208189	-0.720758537424401	-5.68018218815106	-17.687608057609	-21.5160539399953	-17.0733884685424	-6.45385692919268	-5.56399828688604	-18.5482424388053	-18.1477514775078	-7.12097358518558	-18.6583509692635	-10.6528748421553	-18.6592085149264	-19.6192062202956	-19.1611220392346	-7.86627848026451	-9.13350068306174	-18.6924724781975	-8.84551992009772	-8.71427538681946	-12.9748029370427	-18.4819570601872	-13.2378373428765	-9.25598468958674	-18.7398201567927	-11.1674480149851	-19.6192062202956	-12.1003338191265	-12.3898404363215	-12.9748029370427	-8.85932571962275	-18.4668093519586
np0124	-11.5308939811939	-5.43205207781309	-9.90940560444765	-5.35942846167583	-11.231333699335	-7.31844436310505	-9.14387085808468	-10.1869395799766	-12.9094056044477	-15.231333699335	-1.47071769617873	-9.50341324477181	-8.53089398119392	-12.0614086978927	-5.8650114850892	-11.5308939811939	-13.6463711986139	-10.4764461971715	-6.21174297097713	-9.16524450887724	-10.2771373889481	-7.17605126383382	-11.9094056044477	-5.69800396702918	-8.44997398581035	-10.5308939811939	-11.6463711986139	-8.41115473691983	-11.6463711986139	-6.27133176726693	-12.231333699335	-10.8390162765563	-7.49662407910917	-6.68058691395177	-13.231333699335	-15.231333699335	-9.23133369933501	-11.5308939811939	-13.231333699335	-5.04398162613452	-14.231333699335	-13.6463711986139	-13.231333699335	-9.32444310372649	-9.58747750956029	-11.1438708580847	-13.6463711986139	-12.6463711986139	-13.6463711986139	-9.47644619717154	-9.08158657983033	-9.707771743278	-12.6463711986139	-8.51708818166889	-6.12804589092299	-11.6463711986139	-10.3733527042074	-18.4544358573167	-19.1611220392346	-11.7719020806977	-17.846702404935	-10.9094056044477	-11.231333699335	-4.46812133252061	-9.32444310372649	-18.4392911680949	-9.77190208069772	-12.231333699335	-12.9094056044477	-6.17063776764746	-6.23133369933501	-9.08158657983033	-6.85629426798809	-3.22465698402603	-18.6592085149264	-11.6463711986139	-6.37335270420744	-10.3733527042074	-4.97276766544508	-5.55009528755721	-14.231333699335	-18.1477514775078	-6.50681984621506	-3.69411529879642	-6.37958465791896	-14.231333699335	-12.231333699335	-12.6463711986139	-6.04645835642673	-6.00011251862383	-11.7719020806977	-9.707771743278	-7.9004168212204	-19.0272850912691	-9.83901627655625	-7.58028200815609	-7.14387085808467	-10.0614086978927	-10.707771743278	-15.231333699335	-8.5448331721518	-9.707771743278	-9.87378169471693	-8.32444310372649	-15.231333699335
np0125	-8.37658112804851	-4.39576301751241	-14.4169953964944	-7.92223070474484	-14.2914645144106	-18.6943578872215	-10.0309369641873	-12.5910247962695	-19.1439162732725	-6.41035055373546	-2.55214097107541	-10.6866024562517	-8.24343181798876	-13.9695364195232	-5.4543622489589	-14.5544989202444	-16.8764270151317	-18.5202426739746	-13.3528650590747	-8.62612859722538	-5.35998828052377	-8.5321311072159	-9.74200069491079	-4.98844488207326	-8.8512874528532	-10.8877423283595	-10.1969469156263	-9.57721899674443	-13.8764270151317	-6.69155167222343	-16.2914645144106	-11.6669736495028	-7.56581423347219	-8.47982223394986	-19.1439162732725	-9.55901440136684	-14.8764270151317	-8.16046502487657	-10.7471439981867	-8.34115163851091	-11.8991470916318	-11.9222307047448	-19.1027753967423	-12.2914645144106	-8.51667745480938	-12.9695364195232	-5.15084773471211	-13.232570825357	-16.2914645144106	-8.81843529237254	-7.2802372589873	-15.8764270151317	-14.2914645144106	-10.2040016731602	-7.76268484908252	-11.2182155323799	-9.20754203086547	-10.0372232270348	-19.1611220392346	-11.3065714068008	-12.5544989202444	-8.62612859722538	-16.8764270151317	-3.47922034471326	-8.57036532570337	-11.6669736495028	-14.8764270151317	-11.9222307047448	-9.17252344168705	-5.66545133740532	-13.7065020136894	-9.72160890607961	-4.46796458224734	-1.7054261857047	-18.6592085149264	-13.1759872969906	-6.17036274779674	-11.6096404744368	-11.3372682040237	-10.2253753239528	-12.4501622604296	-18.1477514775078	-7.93244710078797	-12.4501622604296	-7.77182826156734	-14.5544989202444	-13.9695364195232	-19.1611220392346	-4.06997808726835	-5.53992045532146	-11.2470703950521	-9.15191316201176	-9.24343181798876	-11.7065020136894	-11.0820111487816	-11.7889641738814	-9.60964047443681	-13.6284995016881	-15.0690720930741	-19.6192062202956	-18.4849487344682	-10.0060622955483	-16.2914645144106	-6.84644966854213	-18.4668093519586
np0126	-11.6176460182393	-7.37394309065745	-9.4125315883347	-6.51610799177725	-11.980216097624	-18.6943578872215	-2.48965169726292	-18.0189119165308	-9.43001901506354	-17.7604210873886	-3.60766192966669	-9.08713130154053	-5.11868603541537	-11.0326835175182	-3.71644389473331	-14.2026085189605	-14.7875710196816	-12.6176460182393	-4.32302526934768	-21.5160539399953	-10.232982168004	-6.59281416525937	-12.6176460182393	-8.84505651434238	-14.7875710196816	-10.0326835175182	-10.7875710196816	-4.14281342716536	-11.1437148299069	-6.13472604667964	-17.7361574621684	-12.4656429247943	-8.85683368211873	-5.90035040421324	-19.1439162732725	-9.92959002455405	-10.5021688008194	-11.8806804240731	-10.6582880027367	-3.63212028836948	-15.7875710196816	-18.9310914392741	-14.7875710196816	-7.24841220857359	-9.5977464608016	-18.6943578872215	-13.7875710196816	-9.65828800273665	-15.7875710196816	-11.7001081784313	-8.76520320665317	-9.70010817843128	-11.7875710196816	-7.49295027078999	-7.75414801814417	-10.7431769003232	-14.7875710196816	-7.67904656290345	-13.4656429247943	-9.92959002455405	-17.846702404935	-8.62769968290323	-9.74317690032317	-8.37818008354392	-8.31996546959862	-18.4392911680949	-10.8333747092947	-12.2026085189605	-18.3552564508737	-5.86870778240703	-5.73636207876686	-6.9964081311266	-7.64291277684974	-2.59066157714048	-6.48379027150452	-17.687608057609	-21.5160539399953	-10.539643506238	-9.26400906362461	-4.11337875153594	-14.7875710196816	-18.1477514775078	-5.66992791829253	-18.6583509692635	-9.05965056511842	-15.7875710196816	-13.2026085189605	-10.4656429247943	-6.93270263642138	-8.79888633290946	-18.6924724781975	-10.2026085189605	-10.4656429247943	-12.2026085189605	-10.006211306157	-7.70010817843128	-9.00621130615696	-18.7398201567927	-10.0596505651184	-19.6192062202956	-10.232982168004	-11.2026085189605	-10.7431769003232	-9.24841220857359	-18.4668093519586
np0128	-18.4462271471724	-5.46665307298926	-9.92744082054442	-5.31577999843247	-17.4392911680949	-18.6943578872215	-10.4779932904797	-18.0189119165308	-19.1439162732725	-17.7604210873886	-1.45235034541843	-8.67272168292263	-7.30483354543813	-18.0467296909277	-4.42611149878155	-12.019887069309	-15.5223874098382	-9.15898267897467	-4.27782536148101	-21.5160539399953	-18.4354667979437	-6.02853196059737	-10.6810851558573	-5.73557326622143	-10.3391655857824	-9.86894517123427	-10.5995552703607	-9.55276105888171	-18.129283016945	-6.59658574264146	-12.6479182919221	-17.6240100514525	-7.6035241725636	-6.15170000303098	-7.20497479607332	-14.2999949885017	-9.39310439289323	-11.5527610588817	-11.5527610588817	-5.47027225341569	-17.431970894603	-11.8594223971158	-19.1027753967423	-9.0629557912009	-9.31944735116792	-9.44913842780756	-12.0629557912009	-11.6154968142297	-14.785421815672	-18.4544358573167	-7.47799329047974	-12.1073499105593	-12.2999949885017	-6.97935558958296	-6.72040966523504	-10.7150324877806	-10.9576027910547	-13.2999949885017	-6.7508979403376	-10.8035691623822	-17.846702404935	-9.0849820975309	-11.6810851558573	-7.6602666843497	-8.10172536136547	-18.4392911680949	-9.65613879872702	-12.7150324877806	-11.6810851558573	-7.70433788698435	-12.2999949885017	-7.28080142326843	-5.67637473797128	-4.38155763906519	-18.6592085149264	-11.5837879545023	-5.69902016979196	-9.42084938337613	-4.90308445442251	-9.15898267897467	-13.6479182919221	-13.019887069309	-3.78035873565853	-18.6583509692635	-6.35999608108129	-13.785421815672	-11.019887069309	-15.1073499105593	-4.96556206888835	-5.22432484211918	-13.785421815672	-7.40344633711469	-13.1073499105593	-19.0272850912691	-13.5223874098382	-8.6195098767363	-6.93993176472761	-18.7398201567927	-12.2999949885017	-19.6192062202956	-8.8641759270864	-11.4634937207846	-10.0520674750582	-5.39740453032685	-15.5223874098382
np0133	-9.62067804213541	-5.73345742666702	-11.6206780421354	-3.80890198680875	-11.0971160860784	-14.6206780421354	-9.71378744652689	-18.0189119165308	-19.1439162732725	-17.7604210873886	-1.16998227056249	-6.01149930399343	-7.61505349294153	-11.3727505286918	-6.29424855501311	-11.8133231200778	-12.6206780421354	-18.5202426739746	-7.55458885167764	-21.5160539399953	-18.4354667979437	-8.36329019944276	-18.6095178401463	-8.26312603751733	-9.89275758757221	-10.0660891904578	-10.298749947248	-7.59277204556553	-10.3727505286918	-7.37275052869182	-17.7361574621684	-9.39185935163953	-7.28528768744148	-6.71078495836537	-19.1439162732725	-17.8543286673737	-17.9865309296644	-11.5332152008851	-10.576283922777	-4.92371051590112	-10.3352758232732	-12.298749947248	-19.1027753967423	-17.6755849574782	-9.59831022910696	-18.6943578872215	-18.4819570601872	-11.7137874465269	-13.6206780421354	-9.76269704700784	-6.5955384798569	-9.11288340193671	-13.6206780421354	-12.298749947248	-6.19022549046988	-9.89275758757221	-7.42592118771316	-18.4544358573167	-14.6206780421354	-13.0357155414143	-17.846702404935	-12.6206780421354	-13.0357155414143	-7.83931832861075	-9.71378744652689	-9.68994070457252	-10.9768218523607	-10.6664817317485	-9.19441328743331	-6.10497820385137	-7.58175905284311	-11.9202383239943	-6.18813614174715	-4.57628392277696	-10.9768218523607	-10.8133231200778	-21.5160539399953	-10.1944132874333	-6.12282620518429	-5.0423053507746	-18.5482424388053	-18.1477514775078	-7.43085348325539	-18.6583509692635	-4.59001090588847	-14.0357155414143	-19.6192062202956	-19.1611220392346	-4.01612481305637	-4.72056597915795	-18.6924724781975	-8.47093092263073	-8.0892965816191	-19.0272850912691	-12.8133231200778	-8.28976116402079	-8.32605729324378	-15.6206780421354	-11.298749947248	-19.6192062202956	-6.37988670997345	-9.57628392277696	-11.1612464234981	-7.16124642349811	-18.4668093519586
np0136	-11.9503857865425	-7.11580939574984	-14.857276382151	-7.78046078510015	-17.4392911680949	-18.6943578872215	-13.857276382151	-10.2134201923763	-19.1439162732725	-8.01807259405404	-2.51812229121892	-10.857276382151	-11.1568366640099	-18.0467296909277	-6.82660924590404	-13.2723138814298	-14.2723138814298	-18.5202426739746	-7.90308007176411	-7.78581401959436	-18.4354667979437	-9.59048984145608	-18.6095178401463	-4.72799336520602	-7.6923694554753	-12.5353482872636	-10.727993365206	-10.0759166686263	-13.2723138814298	-7.10908353256152	-9.97463333278914	-12.6873513807087	-7.70245827309888	-7.67736729213605	-12.5353482872636	-17.8543286673737	-10.727993365206	-18.3791414185299	-14.2723138814298	-3.57795599420837	-12.0499214600934	-14.857276382151	-19.1027753967423	-10.857276382151	-10.9992953870234	-13.2723138814298	-18.4819570601872	-14.2723138814298	-15.857276382151	-15.857276382151	-8.37346060488673	-11.4649589593722	-12.6873513807087	-8.41433288630225	-7.75398857373896	-11.2134201923763	-10.2425665380358	-11.857276382151	-13.857276382151	-13.2723138814298	-17.846702404935	-11.9503857865425	-18.1439162732725	-5.7087997999727	-8.28742077382003	-13.2723138814298	-12.3978447635137	-11.6873513807087	-13.2723138814298	-8.19906489939919	-8.83490856912253	-8.16378942465166	-7.81835739285868	-2.15586161381936	-18.6592085149264	-11.333714426094	-5.58581335424661	-11.7698135409006	-11.333714426094	-7.81835739285868	-11.7698135409006	-18.1477514775078	-7.23522456269461	-9.85727638215098	-4.4378428314456	-18.6592085149264	-19.6192062202956	-15.857276382151	-4.21251878963473	-5.41329683954973	-18.6924724781975	-9.11580939574984	-9.31811757104295	-19.0272850912691	-11.0499214600934	-2.39273063181704	-9.18485104017949	-18.7398201567927	-17.786116445496	-19.6192062202956	-18.4849487344682	-8.35743049506778	-12.5353482872636	-6.76451924123113	-18.4668093519586
np0137	-10.4203160985851	-4.300352096947	-9.63932588052689	-5.79445293733024	-11.5700632180898	-9.07021733100657	-8.66919641010903	-11.4001382166475	-11.4407802011448	-17.7604210873886	-1.6290156117492	-9.98510071736862	-8.58706964339547	-12.2481351232024	-4.9448109963429	-11.0154743664121	-12.9851007173686	-12.5700632180898	-6.67373081417984	-8.69969849850637	-9.82859623168863	-8.04650126203276	-15.5700632180898	-4.86443083072836	-10.1437984633877	-9.88356269090656	-11.3221357046462	-7.94435437502531	-12.0465012620328	-5.79280790289785	-11.3606098524608	-10.8151757159263	-7.3079683727196	-5.71909506710734	-14.9851007173686	-13.9851007173686	-11.0154743664121	-11.9851007173686	-10.2481351232024	-4.73204115978523	-17.431970894603	-13.1106315994525	-14.2481351232024	-9.92620702831505	-7.04258621202938	-10.737173203925	-12.1106315994525	-12.2481351232024	-15.5700632180898	-13.7627082960322	-8.84214276352658	-10.0154743664121	-12.177745795311	-7.60716721275252	-6.87657626059045	-9.71208222296221	-12.0465012620328	-18.4544358573167	-15.5700632180898	-11.4407802011448	-13.1106315994525	-11.2846609992275	-11.8151757159263	-4.93979609306301	-8.44078020114481	-15.5700632180898	-10.7120822229622	-12.3221357046462	-12.177745795311	-6.30327667739488	-5.45567016322247	-8.31739778563953	-6.44723522328211	-2.57182539620173	-18.6592085149264	-11.9262070283151	-6.695081870436	-10.127119722241	-6.31149718419984	-5.15696423317451	-13.7627082960322	-13.7627082960322	-6.68284260262139	-6.85925678439043	-5.46480943838889	-13.4001382166475	-12.0465012620328	-13.5700632180898	-6.49458406860176	-6.22465797137198	-15.5700632180898	-9.3412445275939	-9.53664021655233	-19.0272850912691	-9.55883596266652	-8.13543499045305	-8.03478784146897	-11.6158669077029	-11.7120822229622	-13.7627082960322	-8.80187889331285	-8.37530636366753	-10.4407802011448	-8.9480113986334	-18.4668093519586
np0138	-11.3492161722229	-4.77401063795568	-12.8517165127521	-7.92888437327453	-12.6293240914156	-13.4366790134732	-11.9772473948359	-11.1147509185859	-13.4366790134732	-12.2667540120309	-2.696687498789	-11.5297884178647	-11.1887515000296	-18.0467296909277	-6.81462719401685	-17.5323711460796	-19.5160539399953	-10.6293240914156	-7.43667901347322	-9.07912700885514	-18.4354667979437	-9.94482591714355	-18.6095178401463	-3.73667286259036	-9.55403596411138	-12.1147509185859	-11.0443615906945	-10.3492161722229	-12.8517165127521	-6.33077050490207	-12.8517165127521	-11.5297884178647	-7.54793576457496	-7.28693189396854	-19.1439162732725	-17.8543286673737	-9.18875150002964	-18.3791414185299	-13.4366790134732	-5.17811297958329	-17.431970894603	-18.9310914392741	-19.1027753967423	-10.7928228236985	-9.94482591714355	-13.4366790134732	-14.4366790134732	-15.4366790134732	-18.9648879574086	-6.19827427414814	-9.5297884178647	-14.4366790134732	-15.4366790134732	-8.39228489411477	-6.49123517709531	-13.1147509185859	-11.5297884178647	-15.4366790134732	-15.4366790134732	-11.9772473948359	-13.4366790134732	-11.0443615906945	-18.1439162732725	-6.47089472881114	-8.77846753072143	-14.4366790134732	-12.6293240914156	-12.6293240914156	-12.6293240914156	-8.40325601193577	-5.9854679016409	-11.4366790134732	-7.30739599652826	-1.82969554310571	-18.6592085149264	-10.7928228236985	-5.97519956618707	-11.6293240914156	-6.42545175804997	-6.38411096266907	-15.4366790134732	-18.1477514775078	-7.35986341642239	-2.3407875501523	-7.75719891396778	-13.8517165127521	-19.6192062202956	-19.1611220392346	-5.47812629804221	-6.42545175804997	-13.8517165127521	-7.59118896252885	-8.9937355176245	-15.4366790134732	-11.5297884178647	-8.59118896252885	-10.6817915113098	-13.8517165127521	-13.8517165127521	-19.6192062202956	-10.7928228236985	-10.0104142587711	-18.1166993110972	-7.85171651275207	-18.4668093519586
np0141	-10.5801077880948	-9.2697676674826	-11.0540389764272	-7.58733935732583	-10.0946809609245	-18.6943578872215	-9.93856175900723	-12.6390014771483	-19.1439162732725	-17.7604210873886	-4.92132505408193	-12.2239639778695	-10.7645323592322	-18.0467296909277	-6.04156962446495	-12.9020358829821	-19.5160539399953	-18.5202426739746	-14.2239639778695	-21.5160539399953	-10.4166090558119	-13.2239639778695	-18.6095178401463	-10.9020358829821	-17.6943578872215	-9.90203588298212	-8.83164655509072	-8.55153863589798	-18.129283016945	-7.58733935732583	-17.7361574621684	-17.6240100514525	-4.13517573915257	-6.82735919668762	-19.1439162732725	-11.5235242597284	-17.9865309296644	-18.3791414185299	-15.2239639778695	-4.88522759529556	-17.431970894603	-12.0540389764272	-15.2239639778695	-17.6755849574782	-11.9020358829821	-12.0540389764272	-18.4819570601872	-12.6390014771483	-18.9648879574086	-18.4544358573167	-7.35359925828608	-15.2239639778695	-15.2239639778695	-12.2239639778695	-5.40538180038862	-9.20159616484102	-17.9797712684366	-18.4544358573167	-19.1611220392346	-12.0540389764272	-17.846702404935	-11.9020358829821	-18.1439162732725	-9.05403897642717	-9.55153863589798	-18.4392911680949	-14.2239639778695	-12.2239639778695	-13.2239639778695	-8.62405113568235	-6.17139592706533	-11.2239639778695	-6.09210701726069	-1.86256844470359	-18.6592085149264	-17.687608057609	-21.5160539399953	-11.1365011366191	-10.2697676674826	-7.00964485706871	-12.4166090558119	-18.1477514775078	-9.46907647570601	-1.20098938949719	-7.462412745425	-13.2239639778695	-12.6390014771483	-19.1611220392346	-5.9247559594822	-6.60925413375427	-18.6924724781975	-10.2697676674826	-18.129283016945	-12.0540389764272	-18.4819570601872	-8.79769922316738	-9.29322664030659	-18.7398201567927	-17.786116445496	-15.2239639778695	-10.179569858511	-10.317073382261	-14.2239639778695	-11.0540389764272	-18.4668093519586
np0147	-18.4462271471724	-5.57517389547898	-12.3278332967503	-5.51405210553329	-11.9127957974715	-8.84670660701371	-9.82533295622114	-11.9127957974715	-12.9127957974715	-11.9127957974715	-1.18679056634289	-9.32783329675033	-12.1054408754139	-11.7428707960292	-5.69847667667072	-11.9127957974715	-12.1054408754139	-14.9127957974715	-6.29074397801511	-8.26893960769676	-18.4354667979437	-8.46985230162275	-18.6095178401463	-5.47816756983476	-9.45336417883419	-11.4533641788342	-11.9127957974715	-10.2689396076968	-10.9127957974715	-6.21930883997216	-9.70334243184253	-12.3278332967503	-7.95859948708461	-5.73040144406695	-19.1439162732725	-17.8543286673737	-9.45336417883419	-12.9127957974715	-12.3278332967503	-4.64366911832207	-17.431970894603	-12.5908677025841	-13.9127957974715	-9.95859948708461	-9.35820694579385	-11.4533641788342	-12.1054408754139	-18.6943578872215	-12.3278332967503	-18.4544358573167	-8.52047837469272	-10.6648682840279	-11.9127957974715	-7.71312345263512	-5.78609132462829	-10.7428707960292	-11.9127957974715	-18.4544358573167	-19.1611220392346	-12.3278332967503	-17.846702404935	-13.3278332967503	-12.3278332967503	-4.7605109551649	-8.5552437928534	-13.9127957974715	-10.2689396076968	-17.7069141533982	-12.9127957974715	-6.35055337325041	-5.56849988955567	-9.6648682840279	-6.70822465322228	-2.9861291681242	-18.6592085149264	-10.157908295308	-6.7886744856423	-11.1054408754139	-6.4010431437041	-6.66962181399853	-14.9127957974715	-18.1477514775078	-7.30546548372187	-7.61817504857986	-6.03627885090648	-18.6592085149264	-19.6192062202956	-19.1611220392346	-5.2054366653906	-6.10222416273034	-11.4533641788342	-8.59086770258412	-8.86840167811303	-19.0272850912691	-10.2689396076968	-6.7378701149708	-10.4533641788342	-10.9127957974715	-10.6648682840279	-19.6192062202956	-9.00590520186296	-8.6839771069756	-10.7428707960292	-8.43706236650509	-18.4668093519586
np0149	-18.4462271471724	-8.79192977521676	-17.9648879574086	-4.80492449475021	-10.1123140550388	-18.6943578872215	-8.27550422245237	-18.0189119165308	-19.1439162732725	-17.7604210873886	-0.363107853304526	-13.0742460142053	-11.0153523251517	-18.0467296909277	-4.48428283242575	-11.2162650190777	-19.5160539399953	-18.5202426739746	-17.8816397677299	-21.5160539399953	-18.4354667979437	-16.6592085149264	-18.6095178401463	-17.7069815832335	-17.6943578872215	-15.3372804200391	-15.0742460142053	-8.65077989285584	-10.5402674422029	-8.18550276530701	-17.7361574621684	-17.6240100514525	-14.4892835134841	-6.78192438140323	-19.1439162732725	-17.8543286673737	-17.9865309296644	-11.9867831729549	-14.1997768962891	-6.07424601420527	-17.431970894603	-18.9310914392741	-17.6592085149264	-17.6755849574782	-7.13368770583135	-18.6943578872215	-18.4819570601872	-15.6592085149264	-18.9648879574086	-18.4544358573167	-10.5931193244687	-12.1356465588694	-13.8518535928688	-10.1356465588694	-6.81058557449709	-7.41841718276447	-17.9797712684366	-15.0742460142053	-19.1611220392346	-13.9587687967853	-17.846702404935	-18.4212348069659	-13.0742460142053	-17.6592085149264	-12.904321012763	-18.4392911680949	-9.85185359286882	-12.1356465588694	-13.3372804200391	-5.91689907884242	-16.646333693381	-11.636840701898	-6.8599268934045	-17.6592085149264	-17.6592085149264	-17.687608057609	-21.5160539399953	-14.4892835134841	-9.67621494023211	-6.71816090858584	-18.5482424388053	-15.6592085149264	-8.33277902780412	-18.6583509692635	-5.521576916691	-17.6592085149264	-16.6592085149264	-19.1611220392346	-10.0225838943828	-7.37843774479582	-14.8518535928688	-16.0742460142053	-18.129283016945	-17.6592085149264	-13.5717456736761	-9.21212528871677	-9.70501220453955	-18.7398201567927	-13.4112810014828	-19.6192062202956	-14.4892835134841	-12.1997768962891	-7.21937763094503	-14.1997768962891	-18.4668093519586
np0156	-8.21148628523384	-8.77157411731597	-11.8870513347359	-5.87210099326994	-12.2496214141206	-18.6943578872215	-8.38455099420672	-10.3020888340148	-19.1439162732725	-6.90722921667354	-1.51466991359563	-10.8870513347359	-10.8870513347359	-18.0467296909277	-6.56112130929105	-13.0569763361782	-19.5160539399953	-18.5202426739746	-8.12623899861533	-5.70382951068014	-9.27561662265356	-8.26256046982811	-11.7350482412909	-5.21148628523384	-7.75319558800112	-11.4720138354571	-8.77157411731597	-9.84752297054927	-12.0569763361782	-5.94323417012903	-17.7361574621684	-6.87706724616328	-9.73504824129086	-6.59754471754092	-19.1439162732725	-17.8543286673737	-12.7350482412909	-9.10278002579134	-13.4720138354571	-5.45892383601662	-10.0569763361782	-12.7350482412909	-19.1027753967423	-8.94845187940005	-9.41312014640349	-18.6943578872215	-10.5334143801212	-13.0569763361782	-13.4720138354571	-18.4544358573167	-7.32226671595238	-17.786116445496	-11.0569763361782	-10.4720138354571	-7.94845187940005	-12.7350482412909	-8.04574908075496	-10.9695134949279	-19.1611220392346	-13.0569763361782	-11.5975447175409	-11.7350482412909	-14.0569763361782	-5.2528453149949	-7.79958849348557	-8.24962141412061	-11.7350482412909	-10.3565366180371	-7.11446183083898	-4.29127584852712	-7.44964602242861	-7.74409338089386	-6.42761971609861	-5.33416880500867	-18.6592085149264	-10.3020888340148	-4.62652378451269	-11.3565366180371	-11.1500857405697	-7.30878348658876	-18.5482424388053	-18.1477514775078	-7.30878348658876	-4.89332666016239	-4.31719572640496	-15.0569763361782	-15.0569763361782	-19.1611220392346	-3.85485251234776	-4.21462599276441	-14.0569763361782	-8.06829164940605	-7.42035171563457	-10.8090488227346	-9.92769331923325	-8.59754471754092	-10.2496214141206	-15.0569763361782	-13.4720138354571	-7.63071158147612	-18.4849487344682	-7.74409338089386	-12.7350482412909	-5.10423508899173	-10.1500857405697
np0159	-18.4462271471724	-9.5018371849023	-8.17990909001493	-4.35209006539761	-17.4392911680949	-18.6943578872215	-9.5018371849023	-7.5018371849023	-19.1439162732725	-17.7604210873886	-1.94724833322466	-10.5018371849023	-7.042405566265	-18.0467296909277	-5.0755724302002	-17.5323711460796	-19.5160539399953	-18.5202426739746	-5.5018371849023	-21.5160539399953	-18.4354667979437	-6.59494658929378	-7.91687468418114	-4.7739167303391	-10.5018371849023	-18.3791414185299	-10.5018371849023	-9.5018371849023	-18.129283016945	-5.85798099512757	-17.7361574621684	-17.6240100514525	-6.69448226284469	-5.41437434365196	-19.1439162732725	-17.8543286673737	-6.10951976212354	-18.3791414185299	-10.5018371849023	-4.52455726140238	-17.431970894603	-18.9310914392741	-19.1027753967423	-17.6755849574782	-16.2990291016585	-18.6943578872215	-18.4819570601872	-18.6943578872215	-18.9648879574086	-7.33191218345998	-7.91687468418114	-10.5018371849023	-18.0315827535454	-7.5018371849023	-6.10951976212354	-17.4491002709378	-8.91687468418114	-10.5018371849023	-19.1611220392346	-17.9797712684366	-17.846702404935	-7.91687468418114	-8.91687468418114	-4.8013974667612	-9.5018371849023	-18.4392911680949	-8.91687468418114	-17.7069141533982	-10.5018371849023	-8.5018371849023	-5.042405566265	-7.042405566265	-7.69448226284469	-4.5018371849023	-18.6592085149264	-10.5018371849023	-3.00998408857262	-9.5018371849023	-6.5018371849023	-5.29238381927335	-18.5482424388053	-18.1477514775078	-6.17990909001493	-18.6583509692635	-6.59494658929378	-18.6592085149264	-19.6192062202956	-19.1611220392346	-4.91687468418114	-5.5018371849023	-18.6924724781975	-6.59494658929378	-18.129283016945	-19.0272850912691	-18.4819570601872	-5.0755724302002	-10.5018371849023	-18.7398201567927	-17.786116445496	-19.6192062202956	-18.4849487344682	-10.5018371849023	-18.1166993110972	-7.91687468418114	-18.4668093519586
np0162	-18.4462271471724	-6.2956228524565	-10.0472352225871	-6.16209917961911	-17.4392911680949	-18.6943578872215	-11.1383831106453	-18.0189119165308	-19.1439162732725	-17.7604210873886	-0.98841514230117	-8.82905505253757	-6.91375221711285	-18.0467296909277	-4.84976776118787	-13.0769825659812	-19.5160539399953	-9.49202006526	-6.48951755805683	-21.5160539399953	-18.4354667979437	-6.86428354084855	-8.73120772913943	-6.65913005109526	-8.40455722400966	-10.340016971815	-11.7550544710938	-9.6846651432024	-18.129283016945	-6.80396407157474	-17.7361574621684	-17.6240100514525	-9.26962764392355	-6.48701938420164	-8.06203222451519	-17.8543286673737	-10.340016971815	-12.8545901446447	-13.6619450667023	-6.43794339250421	-17.431970894603	-11.4140175532587	-19.1027753967423	-9.57448222545198	-9.25255413056461	-10.4524917010734	-13.0769825659812	-12.340016971815	-18.9648879574086	-18.4544358573167	-5.53008810609352	-11.8545901446447	-13.6619450667023	-7.54300399397881	-7.21900157085359	-8.63957725367386	-9.55342060992415	-11.202513448065	-5.59585587624454	-10.5326620497573	-17.846702404935	-9.07698256598116	-12.49202006526	-7.40455722400966	-8.67326037993015	-14.6619450667023	-11.8545901446447	-11.4140175532587	-10.9070575645388	-7.38117429657171	-14.0769825659812	-7.64513677901576	-5.07698256598116	-4.70121907186326	-18.6592085149264	-9.57448222545198	-5.44277654624015	-9.90705756453885	-9.21900157085359	-10.5326620497573	-18.5482424388053	-18.1477514775078	-4.95199968646982	-18.6583509692635	-6.21486184049266	-14.6619450667023	-11.8545901446447	-19.1611220392346	-3.79273681615149	-6.79466632699265	-11.9615053485612	-8.02532044615867	-9.93402461213912	-19.0272850912691	-18.4819570601872	-8.06948802943423	-8.36732431781069	-18.7398201567927	-10.9070575645388	-19.6192062202956	-14.0769825659812	-10.9615053485612	-12.340016971815	-5.42593087480223	-18.4668093519586
np0164	-18.4462271471724	-8.88171652242685	-10.6781831283417	-5.12844911593154	-17.4392911680949	-18.6943578872215	-12.6041825468979	-18.0189119165308	-19.1439162732725	-17.7604210873886	-0.801585406040246	-8.6593241010904	-9.71665727615635	-18.0467296909277	-6.74620155177037	-17.5323711460796	-14.9261106417853	-11.466679023148	-4.55651329550663	-21.5160539399953	-18.4354667979437	-5.56416686805006	-11.756185640343	-6.01322130555534	-9.49984588708321	-10.838647800535	-11.756185640343	-8.40254868572829	-18.129283016945	-8.06812964665773	-10.466679023148	-17.6240100514525	-10.9261106417853	-7.0495936952203	-11.6041825468979	-14.9261106417853	-13.9261106417853	-14.9261106417853	-11.466679023148	-6.74123529887702	-17.431970894603	-18.9310914392741	-13.9261106417853	-9.31140079767009	-11.1187557197277	-11.2256709236442	-18.4819570601872	-18.6943578872215	-13.9261106417853	-18.4544358573167	-8.04346759242346	-11.0192200461768	-18.0315827535454	-9.49984588708321	-2.98396272139045	-17.4491002709378	-10.9261106417853	-18.4544358573167	-11.6041825468979	-12.9261106417853	-17.846702404935	-18.4212348069659	-11.2256709236442	-7.89268764024785	-9.67818312834172	-14.9261106417853	-11.9261106417853	-11.756185640343	-10.9261106417853	-8.49984588708321	-16.646333693381	-9.67818312834172	-7.45037721081891	-5.8254483027801	-18.6592085149264	-11.6041825468979	-8.64070842292305	-10.756185640343	-6.91488338636205	-13.3411481410641	-18.5482424388053	-18.1477514775078	-6.91488338636205	-18.6583509692635	-8.41831600158661	-18.6592085149264	-12.9261106417853	-19.1611220392346	-5.07592380413953	-6.64070842292305	-11.1187557197277	-6.68293665831235	-11.756185640343	-19.0272850912691	-18.4819570601872	-7.56855863716722	-9.97191433139843	-18.7398201567927	-12.3411481410641	-19.6192062202956	-10.2256709236442	-12.3411481410641	-13.3411481410641	-5.41041080350126	-18.4668093519586
np0166	-18.4462271471724	-7.70881163161549	-7.14938422300148	-4.01227109163409	-17.4392911680949	-18.6943578872215	-9.29377413233665	-7.41241862883527	-13.5417016457802	-17.7604210873886	-2.68995260436418	-9.63481105017172	-5.73434672372263	-18.0467296909277	-4.34940883130947	-17.5323711460796	-12.5417016457802	-12.5417016457802	-6.01813968972322	-21.5160539399953	-10.5417016457802	-5.94178880359311	-18.6095178401463	-4.37177664433792	-9.37177664433792	-10.5417016457802	-10.7343467237226	-5.90507702523659	-18.129283016945	-4.78347843105351	-10.5417016457802	-17.6240100514525	-7.61096430821735	-5.25629942691799	-19.1439162732725	-17.8543286673737	-6.65905859641839	-10.9567391450591	-11.9567391450591	-3.84995812660896	-17.431970894603	-18.9310914392741	-19.1027753967423	-17.6755849574782	-8.33224828015129	-8.68372065065266	-11.5417016457802	-18.6943578872215	-13.5417016457802	-18.4544358573167	-8.58750533539336	-8.95673914505908	-10.0822700271429	-6.94178880359311	-6.57591736111815	-9.63481105017172	-11.9567391450591	-18.4544358573167	-12.5417016457802	-9.95673914505908	-17.846702404935	-5.53607709658636	-10.7343467237226	-6.25629942691799	-7.56442172228032	-18.4392911680949	-8.95673914505908	-12.5417016457802	-18.3552564508737	-7.37177664433792	-6.68372065065266	-8.84126192763914	-8.14938422300148	-3.10707341814351	-18.6592085149264	-10.3717766443379	-4.98328093251157	-7.4542388045299	-5.27491510508534	-3.89604321337153	-12.5417016457802	-9.84126192763914	-5.55870807108593	-18.6583509692635	-8.4542388045299	-18.6592085149264	-10.2197735508929	-13.5417016457802	-5.38688353672813	-8.01813968972322	-10.9567391450591	-7.58750533539336	-10.7343467237226	-19.0272850912691	-11.2197735508929	-5.95673914505908	-6.82745612811411	-18.7398201567927	-11.2197735508929	-13.5417016457802	-9.4542388045299	-9.14938422300148	-10.2197735508929	-6.57591736111815	-9.73434672372263
np0167	-7.67767867518946	-8.41944525561949	-11.2674421621744	-6.37991689143285	-10.7413733505068	-9.98056101438628	-9.72147379306914	-10.5537463473311	-10.5189809291704	-17.7604210873886	-1.25308686919737	-10.6258961330869	-7.92830477725485	-18.0467296909277	-5.12421202739754	-12.1039434298916	-19.5160539399953	-10.9571020415623	-8.60751760377206	-21.5160539399953	-12.4518667333119	-7.12013546339414	-12.2108586338081	-5.25308686919737	-9.86690423259071	-12.7413733505068	-10.8669042325907	-7.70672720769996	-18.129283016945	-6.33954570844562	-11.6633708385056	-12.0044077563406	-9.43556492098276	-7.13980888244856	-19.1439162732725	-13.5893702570618	-17.9865309296644	-11.6633708385056	-12.2108586338081	-4.35959009032847	-17.431970894603	-12.1039434298916	-19.1027753967423	-17.6755849574782	-8.44369280186616	-12.1039434298916	-14.9112983519492	-18.6943578872215	-14.326335851228	-13.9112983519492	-7.81854121102931	-9.18337789738596	-11.9112983519492	-8.80277389517099	-5.22304804281598	-8.43556492098276	-17.9797712684366	-15.9112983519492	-19.1611220392346	-10.6258961330869	-17.846702404935	-14.326335851228	-10.2108586338081	-7.77687203172824	-9.74137335050685	-18.4392911680949	-11.8238355106988	-14.326335851228	-11.6633708385056	-7.84520916149139	-6.47667012431244	-9.31138550976203	-6.70428403177163	-3.29796929757811	-7.34144274361821	-11.6633708385056	-5.74012155429739	-12.5893702570618	-8.79235727922565	-3.47693075028025	-14.9112983519492	-15.9112983519492	-6.17658873172332	-18.6583509692635	-6.06267541151982	-15.9112983519492	-13.9112983519492	-19.1611220392346	-4.58599289685948	-6.34714886196343	-18.6924724781975	-8.76155123244448	-9.64451181125426	-19.0272850912691	-14.9112983519492	-7.43151808792006	-7.86690423259071	-14.326335851228	-10.8669042325907	-19.6192062202956	-6.25666232342119	-9.82383551069882	-11.2674421621744	-9.76155123244448	-18.4668093519586
np0168	-10.0322330065336	-6.78062420749757	-12.9113786116592	-6.55886219693842	-13.2593019150795	-11.6743394143584	-12.7187335337168	-9.8483688141334	-19.1439162732725	-9.53882444370187	-1.84207270851789	-11.5894505167718	-10.3968054388294	-12.8118429381083	-7.00792710001746	-13.2593019150795	-13.3968054388294	-16.7187335337168	-7.39455298709807	-7.21490779572106	-12.5488085322745	-9.56898641421213	-14.1337710329957	-5.6977535948126	-7.90816189897566	-11.2593019150795	-11.3968054388294	-9.67433941435836	-12.326416110938	-8.02873556229736	-6.75439266592439	-10.5689864142121	-8.25112798363381	-7.98741450269174	-19.1439162732725	-13.9113786116592	-10.6102090769386	-13.9113786116592	-10.8858435195521	-3.88367004171171	-13.1337710329957	-14.7187335337168	-19.1027753967423	-12.0748773439421	-8.70192524603025	-13.3968054388294	-15.1337710329957	-14.3968054388294	-13.7187335337168	-12.6312706924665	-10.2430001027504	-9.55886219693842	-14.7187335337168	-8.81184293810829	-6.79987029644221	-10.652644343259	-9.49956501325465	-16.7187335337168	-19.1611220392346	-13.0182938155757	-13.7187335337168	-12.1951715776598	-13.7187335337168	-4.23844821278044	-9.48991484322093	-12.9113786116592	-11.8118429381083	-11.3611815290987	-12.1951715776598	-7.53138146051631	-7.25112798363381	-8.13753295179185	-6.96217721119272	-2.11928555218809	-15.1337710329957	-9.25930191507951	-5.47377514056567	-11.5092801680879	-9.07487734394208	-7.23089349989376	-15.1337710329957	-18.1477514775078	-7.25520916044563	-7.79987029644221	-4.34641257884955	-14.3968054388294	-14.1337710329957	-14.1337710329957	-4.95842940843043	-6.13847496621702	-14.1337710329957	-9.30088101883091	-7.86386515045657	-19.0272850912691	-8.43333131485456	-3.84721327138769	-9.73004884694464	-12.4708060202732	-12.0182938155757	-19.6192062202956	-14.1337710329957	-8.80584419748685	-12.5488085322745	-6.96217721119272	-18.4668093519586
np0169	-13.0895056542632	-6.86926169950529	-16.2594306557055	-7.2014389329463	-13.9375025608181	-18.6943578872215	-6.27929107806632	-12.7999990370682	-19.1439162732725	-17.7604210873886	-3.08014355105947	-10.7675775593758	-10.3767876063436	-13.2594306557055	-4.27750666838814	-13.9375025608181	-19.5160539399953	-12.0115031422619	-1.28712392542041	-21.5160539399953	-10.7358686996485	-5.66230922691591	-18.6095178401463	-8.60121917295368	-13.2594306557055	-12.2594306557055	-12.2594306557055	-9.20414822020429	-13.4520757336479	-5.30887475865797	-17.7361574621684	-12.9375025608181	-10.6744681549843	-4.90518127376024	-19.1439162732725	-13.4520757336479	-9.04997729007653	-11.6744681549843	-13.0895056542632	-5.26437018867276	-17.431970894603	-18.9310914392741	-15.2594306557055	-10.3286933181426	-8.49124633092855	-18.6943578872215	-13.4520757336479	-11.504543153542	-18.9648879574086	-13.4520757336479	-10.0115031422619	-10.6744681549843	-11.7999990370682	-8.45207573364787	-6.82480242806875	-11.4014496605779	-11.7999990370682	-6.66510605178063	-12.7999990370682	-11.6744681549843	-17.846702404935	-10.6155744659308	-7.57643607202379	-7.46501478935537	-8.78369722473908	-13.6744681549843	-12.0895056542632	-12.9375025608181	-15.2594306557055	-7.71639883545024	-6.12500433548455	-10.0895056542632	-9.68957504737453	-3.1625508194017	-7.60479462717751	-17.687608057609	-21.5160539399953	-13.0895056542632	-8.51796366930433	-6.51123780611602	-18.5482424388053	-14.6744681549843	-4.41590212109439	-18.6583509692635	-10.7675775593758	-18.6592085149264	-19.6192062202956	-6.63921083019799	-6.5711803465723	-10.7675775593758	-18.6924724781975	-9.31691615036624	-8.94654770042112	-11.9375025608181	-11.9375025608181	-8.3110634241208	-9.95564990752837	-16.2594306557055	-10.8331659010034	-19.6192062202956	-9.45207573364787	-11.6744681549843	-12.0115031422619	-8.32869331814259	-18.4668093519586
np0170	-4.27723825520082	-8.61203615033923	-10.57628612539	-7.07171017762044	-9.92880254011081	-15.4142293672811	-8.07973259889063	-10.056677362663	-19.1439162732725	-17.7604210873886	-1.34291785200826	-11.0637321201969	-7.19699865106038	-13.0357177440273	-6.49596240818849	-11.0219119445023	-14.2767258435311	-16.1511949614473	-11.4323767139913	-6.99300606805591	-6.77832990133467	-8.72772884009783	-12.69176334281	-8.07437936439643	-8.49060475591273	-11.8292668665599	-9.09591252594607	-8.51941160397311	-12.8781764670408	-5.35137371207506	-16.7361574621684	-8.08869903571349	-8.24430436583874	-6.68426880626304	-16.7361574621684	-15.4142293672811	-13.4142293672811	-10.7588775386685	-12.5267040965395	-5.92317799091693	-9.09953284162477	-11.9288025401108	-14.4142293672811	-8.47406261679824	-9.97460622972394	-11.69176334281	-10.0426705046691	-14.0357177440273	-12.5662324607261	-12.8292668665599	-6.33314543859342	-11.1068008420888	-10.4232745068841	-10.1437004249003	-9.59149921933653	-9.73053291297454	-11.6486946209181	-8.25839919572453	-16.7361574621684	-10.3183049472825	-6.12190773447901	-12.69176334281	-13.4882299487248	-7.92237627095138	-8.92237627095138	-12.4507552433062	-11.8292668665599	-9.92880254011081	-8.30989270746632	-2.84304557245711	-7.7151775232642	-6.90643472708236	-8.57376613341151	-5.56216808800188	-15.7361574621684	-10.9946904757673	-5.25486255753732	-11.260424031202	-10.0779459794166	-10.1362446199813	-13.9288025401108	-18.1477514775078	-8.71101789988991	-12.0637321201969	-4.98419504870756	-14.1511949614473	-14.4142293672811	-14.2767258435311	-4.62225254638236	-4.21517054362803	-16.1511949614473	-9.50733877167253	-8.85657421255563	-14.1511949614473	-9.61203615033923	-10.9032674480037	-8.68087502666723	-11.0357177440273	-12.2125955061114	-8.49775272284334	-15.7361574621684	-9.16630185383747	-12.2767258435311	-5.23456903923602	-10.1214476180532
np0171	-10.3718210855492	-3.93481217248627	-14.9865309296644	-5.97740214012513	-11.5602661749623	-18.6943578872215	-9.31410558769289	-11.3718210855492	-15.9865309296644	-5.36906346437019	-1.39136087986272	-9.36447911020801	-9.49467783333471	-13.9865309296644	-6.55086066872784	-14.9865309296644	-16.9865309296644	-18.5202426739746	-11.3426747398897	-7.80413657625986	-5.75351050318989	-9.15364091549965	-8.07065155082861	-6.96416311663593	-8.70576015953379	-12.1791760076068	-11.1791760076068	-10.4473721185564	-13.1791760076068	-7.54773907708613	-17.7361574621684	-8.55190270202766	-9.30705083015894	-8.66911831589952	-15.9865309296644	-9.61149149831746	-16.9865309296644	-9.42428850544331	-10.2316434275009	-9.06171842605861	-11.4015684289432	-14.9865309296644	-16.9865309296644	-10.6289789250463	-9.51892537958139	-13.1791760076068	-9.12854993453682	-14.4015684289432	-13.0796403340559	-8.17917600760678	-7.80413657625986	-17.786116445496	-12.5942135068856	-11.9865309296644	-9.30705083015894	-13.5270993110271	-10.1921150633143	-10.899068088414	-19.1611220392346	-12.664602834777	-11.9421368103059	-11.0796403340559	-18.1439162732725	-2.2047102011926	-9.95310792812694	-9.43194207798675	-13.9865309296644	-12.5270993110271	-10.4629689736074	-3.80537867279882	-12.4629689736074	-11.8166059282221	-5.89113390687183	-5.67308098870133	-18.6592085149264	-10.9865309296644	-6.54566176205352	-11.899068088414	-13.1791760076068	-10.0092510061645	-14.4015684289432	-18.1477514775078	-10.4787362894657	-12.0796403340559	-8.06766769238979	-15.4015684289432	-14.9865309296644	-19.1611220392346	-4.69277191999652	-5.8450623742713	-10.4946778333347	-9.40910210162864	-8.3247528318924	-9.68275018148729	-11.1285499345368	-12.0796403340559	-11.5270993110271	-14.4015684289432	-15.4015684289432	-15.4015684289432	-18.4849487344682	-11.1038878803025	-16.9865309296644	-6.44931252912579	-16.9865309296644
np0176	-18.4462271471724	-3.21602601955244	-17.9648879574086	-7.78752948076487	-17.4392911680949	-18.6943578872215	-18.3552564508737	-14.2387405925972	-19.1439162732725	-17.7604210873886	-3.08107786538875	-9.15127775134686	-2.61554495714426	-18.0467296909277	-1.12703434887635	-10.8464231698184	-19.5160539399953	-18.5202426739746	-17.8816397677299	-14.2387405925972	-18.4354667979437	-13.2387405925972	-13.2387405925972	-17.7069815832335	-17.6943578872215	-12.9168124977098	-12.2387405925972	-6.43784069267689	-18.129283016945	-9.04891603371718	-17.7361574621684	-17.6240100514525	-11.0688155911549	-11.1512777513469	-19.1439162732725	-9.8124758378951	-17.9865309296644	-18.3791414185299	-12.653778091876	-7.73889470551399	-17.431970894603	-18.9310914392741	-19.1027753967423	-17.6755849574782	-4.99318788634151	-18.6943578872215	-18.4819570601872	-18.6943578872215	-18.9648879574086	-10.3318499969887	-10.0688155911549	-9.510820138034	-18.0315827535454	-13.653778091876	-10.4313856705396	-13.2387405925972	-17.9797712684366	-4.1210974912081	-10.7151786365402	-17.9797712684366	-17.846702404935	-18.4212348069659	-11.1512777513469	-18.6592085149264	-10.2845442822103	-18.4392911680949	-10.8464231698184	-12.0688155911549	-18.3552564508737	-8.65377809187604	-16.646333693381	-9.84642316981843	-13.2387405925972	-18.6592085149264	-13.653778091876	-12.4313856705396	-21.5160539399953	-12.4313856705396	-10.5383008744561	-8.33184999698868	-18.5482424388053	-10.8464231698184	-8.47055626782027	-18.6583509692635	-17.4491002709378	-18.6592085149264	-19.6192062202956	-19.1611220392346	-10.4313856705396	-12.9168124977098	-12.4313856705396	-12.653778091876	-18.129283016945	-6.50742156157213	-10.7793089739599	-7.57340467541202	-11.4313856705396	-18.7398201567927	-11.9168124977098	-19.6192062202956	-13.653778091876	-16.7803347081239	-18.1166993110972	-15.2387405925972	-18.4668093519586
np0177	-10.2010347918551	-8.82663927707357	-10.6339941991312	-6.75135114976934	-9.46406919768887	-18.6943578872215	-10.2554825758774	-12.6339941991312	-19.1439162732725	-17.7604210873886	-4.85657448361535	-11.4964906753812	-10.4964906753812	-13.9559222940185	-6.33021345095408	-11.6339941991312	-14.9559222940185	-18.5202426739746	-17.8816397677299	-21.5160539399953	-10.2554825758774	-11.6339941991312	-18.6095178401463	-10.707994780575	-17.6943578872215	-10.4323603379615	-8.76609773513852	-7.68913575332364	-18.129283016945	-7.16150642766844	-13.9559222940185	-17.6240100514525	-4.57546122892957	-6.6797978887443	-19.1439162732725	-11.04903169841	-17.9865309296644	-18.3791414185299	-16.8252817996473	-5.25028990665713	-17.431970894603	-10.7859972925762	-19.1027753967423	-12.6339941991312	-11.9559222940185	-18.6943578872215	-14.9559222940185	-11.6339941991312	-18.9648879574086	-13.3709597932974	-6.90063985851735	-17.786116445496	-18.0315827535454	-11.7859972925762	-4.71036958776286	-9.59837028940046	-17.9797712684366	-10.5636048712398	-19.1611220392346	-12.9559222940185	-17.846702404935	-10.4323603379615	-18.1439162732725	-9.4013334423409	-10.4964906753812	-18.4392911680949	-13.9559222940185	-12.6339941991312	-18.3552564508737	-8.70799478057496	-6.47210651675429	-11.3709597932974	-6.48018886305214	-1.94050724163185	-18.6592085149264	-17.687608057609	-21.5160539399953	-11.3709597932974	-12.9559222940185	-6.45209655602279	-10.8684594527682	-18.1477514775078	-10.0017259836317	-1.15694430188654	-7.71751755469346	-14.9559222940185	-13.3709597932974	-19.1611220392346	-6.00172598363167	-6.37472171209359	-18.6924724781975	-9.8684594527682	-18.129283016945	-11.6339941991312	-18.4819570601872	-9.14856737196094	-9.25548257587745	-18.7398201567927	-17.786116445496	-19.6192062202956	-9.74646892838959	-10.2010347918551	-13.9559222940185	-10.5636048712398	-18.4668093519586
np0179	-11.6150931624056	-4.74164904989018	-10.4451681609632	-6.16113667383441	-12.8781275682393	-8.45858867672556	-9.87812756823935	-18.0189119165308	-15.2000556631267	-17.7604210873886	-1.37479871161269	-10.4451681609632	-9.61509316240555	-12.8781275682393	-5.62262683509096	-12.3927007410691	-13.2000556631267	-10.556199473352	-6.11790662177284	-9.61509316240555	-11.4996159449856	-8.11259282187637	-18.6095178401463	-4.82827901878879	-10.2931650675182	-12.0301306616844	-11.7406240444894	-9.11259282187637	-11.8781275682393	-6.12591420037421	-11.0301306616844	-11.4996159449856	-8.34207466799914	-6.68830300935933	-12.8781275682393	-17.8543286673737	-10.7406240444894	-12.3927007410691	-11.7406240444894	-4.85798099512757	-15.2000556631267	-14.2000556631267	-19.1027753967423	-9.5853458190115	-9.07077264618174	-11.6150931624056	-12.6150931624056	-13.2000556631267	-15.2000556631267	-13.2000556631267	-8.61509316240555	-10.807738240348	-12.0301306616844	-8.52763032115521	-5.63972282891427	-11.6150931624056	-12.8781275682393	-18.4544358573167	-19.1611220392346	-12.0301306616844	-11.7406240444894	-11.6150931624056	-12.8781275682393	-5.38948402838556	-8.20005566312671	-18.4392911680949	-10.8781275682393	-12.0301306616844	-13.2000556631267	-6.33586951847243	-5.64930887774347	-9.22277573962679	-7.07077264618174	-2.74601346565663	-18.6592085149264	-17.687608057609	-7.92393125785247	-10.9521281496831	-5.13531289837645	-5.2546118267488	-14.2000556631267	-18.1477514775078	-7.14477322762552	-5.32507431547294	-6.96643598636701	-18.6592085149264	-12.8781275682393	-19.1611220392346	-5.40726536882565	-6.10465864033415	-12.8781275682393	-8.43187133834978	-8.86020566024209	-19.0272850912691	-9.39270074106911	-6.94266782043406	-8.37987670071152	-12.2000556631267	-10.6764937070697	-13.6150931624056	-8.75711216727798	-9.36716564896197	-10.0707726461817	-9.29316506751819	-18.4668093519586
np0181	-18.4462271471724	-7.52473308450695	-12.3827140796345	-5.91239414485448	-8.55263908107683	-18.6943578872215	-7.48654989061906	-12.7452841590192	-19.1439162732725	-17.7604210873886	-1.91295922066794	-8.44411462429866	-8.69465808594926	-12.2307109861895	-6.26955072805283	-10.2672368622146	-19.5160539399953	-18.5202426739746	-9.46517623982649	-21.5160539399953	-6.26492670152738	-7.02907712501982	-18.6095178401463	-8.55263908107683	-12.0932074624395	-12.9676765803557	-11.2307109861895	-3.75012271595561	-12.2307109861895	-4.43824602620952	-17.7361574621684	-6.30471156763325	-6.9527262388897	-4.525424195917	-19.1439162732725	-10.7452841590192	-17.9865309296644	-5.37646593196934	-11.6457484854683	-3.41628873962268	-14.5526390810768	-18.9310914392741	-12.5526390810768	-17.6755849574782	-10.1263743263747	-18.6943578872215	-15.5526390810768	-13.5526390810768	-13.2307109861895	-18.4544358573167	-6.17542855068828	-6.90878289130211	-12.9676765803557	-8.24885833289973	-5.54421045900625	-4.84960069209041	-8.39276774429844	-7.0134802699688	-19.1611220392346	-17.9797712684366	-17.846702404935	-18.4212348069659	-9.66999603171499	-6.78776749034074	-8.65782131776889	-18.4392911680949	-12.0932074624395	-14.5526390810768	-13.2307109861895	-7.47049003972296	-4.96298793456205	-5.07488081463294	-10.0607859847472	-11.7452841590192	-8.81117209467568	-17.687608057609	-6.16677668043537	-12.3827140796345	-11.9676765803557	-6.56679714407349	-10.9676765803557	-18.1477514775078	-6.43889691502764	-18.6583509692635	-7.18195167426961	-18.6592085149264	-19.6192062202956	-12.3827140796345	-4.12270933972356	-5.19179199689717	-18.6924724781975	-9.77127936755217	-11.2307109861895	-8.35296673624047	-10.0607859847472	-8.17759964972991	-6.12637432637473	-12.3827140796345	-12.3827140796345	-12.5526390810768	-12.9676765803557	-12.0932074624395	-9.24885833289973	-5.42078212046804	-18.4668093519586
np0182	-9.97364218049523	-5.45976277783556	-17.9648879574086	-5.93261491223518	-10.504156897194	-18.6943578872215	-10.6740818986363	-9.50415689719401	-19.1439162732725	-17.7604210873886	-1.35159036103886	-9.76719130302781	-7.38867967977408	-18.0467296909277	-5.45008022443822	-12.0891193979152	-19.5160539399953	-9.28176447585756	-11.0891193979152	-21.5160539399953	-12.0891193979152	-9.28176447585756	-18.6095178401463	-4.77321509065558	-12.6740818986363	-10.8667269765787	-10.352153803749	-9.50415689719401	-18.129283016945	-6.82859184769195	-17.7361574621684	-17.6240100514525	-9.50415689719401	-6.18222880230665	-19.1439162732725	-8.62968777927787	-17.9865309296644	-18.3791414185299	-11.0891193979152	-4.74039124368409	-11.352153803749	-18.9310914392741	-10.6740818986363	-9.28176447585756	-10.6740818986363	-18.6943578872215	-18.4819570601872	-12.0891193979152	-18.9648879574086	-18.4544358573167	-7.89272218511166	-7.31652989401824	-18.0315827535454	-8.76719130302781	-7.48425733975631	-10.8667269765787	-17.9797712684366	-8.18222880230665	-19.1611220392346	-10.8667269765787	-17.846702404935	-13.6740818986363	-10.214650279999	-4.81299499264093	-7.89272218511166	-18.4392911680949	-11.6740818986363	-10.8667269765787	-12.6740818986363	-6.81610090350875	-3.25728437103026	-8.67408189863632	-7.11949304695869	-2.980594941137	-18.6592085149264	-17.687608057609	-21.5160539399953	-10.352153803749	-7.13492308752829	-5.93261491223518	-18.5482424388053	-11.352153803749	-6.93261491223518	-6.79143884927448	-4.96327546493697	-13.6740818986363	-19.6192062202956	-19.1611220392346	-6.70829761397424	-7.01587041588453	-18.6924724781975	-7.58661905738598	-12.0891193979152	-19.0272850912691	-10.8667269765787	-8.91919439647286	-9.86672697657872	-10.504156897194	-10.8667269765787	-12.6740818986363	-7.91919439647286	-11.0891193979152	-18.1166993110972	-8.21465027999903	-18.4668093519586
np0191	-18.4462271471724	-9.26469391893482	-10.6570113417136	-6.72332068676135	-17.4392911680949	-18.6943578872215	-13.0720488409924	-18.0189119165308	-19.1439162732725	-17.7604210873886	-0.689785082877589	-10.1334493856566	-10.1024224900359	-14.0720488409924	-6.88882701693666	-13.6570113417136	-19.5160539399953	-11.5695485004632	-6.16716338127428	-21.5160539399953	-18.4354667979437	-6.79592443571819	-9.63464352868513	-9.19757972307629	-8.66832665494142	-11.0720488409924	-12.849656419656	-9.56954850046324	-18.129283016945	-7.90881849212412	-10.1975797230763	-17.6240100514525	-10.9565716235725	-7.35323059353648	-13.6570113417136	-9.48708634027127	-15.6570113417136	-15.6570113417136	-12.0720488409924	-6.21199649584516	-17.431970894603	-11.5695485004632	-19.1027753967423	-9.92909088715038	-12.0720488409924	-12.849656419656	-14.6570113417136	-14.6570113417136	-14.0720488409924	-18.4544358573167	-7.17319556444933	-11.0720488409924	-13.6570113417136	-9.65701134171358	-4.6912270570515	-10.849656419656	-13.0720488409924	-10.5277283247686	-19.1611220392346	-12.0720488409924	-17.846702404935	-12.849656419656	-13.0720488409924	-6.04046249793459	-10.1024224900359	-15.6570113417136	-12.3350832468262	-11.1334493856566	-11.0131551519389	-8.87565162818892	-12.6570113417136	-9.07204884099243	-6.90881849212412	-5.17319556444933	-18.6592085149264	-10.799030346586	-7.80526230029753	-11.1975797230763	-3.75539018336747	-14.0720488409924	-18.5482424388053	-18.1477514775078	-7.86910878232215	-18.6583509692635	-8.54848688493541	-18.6592085149264	-13.0720488409924	-19.1611220392346	-5.09381506949684	-7.46225448729134	-11.7501207461051	-6.51745998931479	-10.3716091228513	-19.0272850912691	-14.6570113417136	-8.44755797608463	-10.6126172223551	-18.7398201567927	-12.1975797230763	-19.6192062202956	-10.2994593370955	-14.0720488409924	-12.6570113417136	-4.22290441310363	-14.6570113417136
np0192	-18.4462271471724	-8.26076512865782	-6.58634100056033	-3.08518407668553	-17.4392911680949	-18.6943578872215	-9.8026589074871	-7.92433746407535	-12.8901217487374	-17.7604210873886	-2.53614792691926	-8.41438831777104	-6.22123676447119	-10.3051592480163	-5.3259722587517	-12.5681936538501	-9.76083873179247	-11.5681936538501	-6.41844653434539	-21.5160539399953	-11.4306901301001	-6.10548690317991	-18.6095178401463	-4.11533468913626	-9.3355328970598	-10.3665597926804	-10.9832311531289	-6.73025041195905	-11.5681936538501	-5.06039901365138	-9.76083873179247	-17.6240100514525	-7.98323115312892	-5.3259722587517	-12.0827668266798	-17.8543286673737	-7.29020890655031	-11.5681936538501	-10.9832311531289	-4.44614220613618	-17.431970894603	-13.8901217487374	-19.1027753967423	-17.6755849574782	-8.17587623107131	-8.43069013010014	-12.0827668266798	-18.6943578872215	-18.9648879574086	-18.4544358573167	-7.69044940390107	-8.78159729195927	-11.1896820305963	-7.05091796064049	-7.42251619865444	-9.93592543835056	-11.3051592480163	-18.4544358573167	-14.8901217487374	-9.68066838310849	-17.846702404935	-6.64219423529385	-11.5681936538501	-5.97424236990166	-7.30515924801628	-13.8901217487374	-8.62333520804253	-12.5681936538501	-12.8901217487374	-7.14865476233629	-6.82403255827966	-8.21769640676594	-8.16220129417424	-3.62333520804253	-18.6592085149264	-8.24626555896271	-4.55027174585281	-8.17587623107131	-5.09084012721551	-3.77312807119045	-18.5482424388053	-11.5681936538501	-5.99530398542949	-18.6583509692635	-7.84572762937898	-11.8901217487374	-10.9832311531289	-19.1611220392346	-5.36460093964237	-7.87889449331418	-11.8901217487374	-7.25349712819379	-9.27541190462223	-19.0272850912691	-10.8026589074871	-5.89576831187858	-7.23907005755851	-14.8901217487374	-10.8026589074871	-19.6192062202956	-9.13523424657397	-10.4978043259587	-9.84572762937898	-5.39426672185026	-7.52379953449162
np0196	-11.2131895092499	-7.57847397333163	-13.4611170226935	-3.9201817916543	-12.1880985282871	-18.6943578872215	-12.6537621006359	-18.0189119165308	-19.1439162732725	-17.7604210873886	-1.60035333727541	-6.53333906061113	-10.0802952387525	-10.6366885872769	-7.04607952341462	-12.4611170226935	-10.6198147687125	-18.5202426739746	-8.85132266899238	-21.5160539399953	-18.4354667979437	-8.64093806027828	-4.76966428152195	-6.35782921428145	-12.8761545219723	-10.2131895092499	-12.0460795234146	-8.16649627380184	-11.6198147687125	-7.06593994577547	-17.7361574621684	-8.42769402115602	-6.73206281951327	-6.42219803340117	-19.1439162732725	-8.01541238716768	-17.9865309296644	-18.3791414185299	-9.20687573531768	-8.13618643964458	-7.66453657223004	-10.4461666812275	-16.0460795234146	-17.6755849574782	-12.0016854040562	-18.6943578872215	-15.0460795234146	-12.9586166821643	-10.8963324039099	-4.62375189944007	-6.17340464314402	-13.5866479047773	-18.0315827535454	-11.8366261577857	-7.54424233851233	-9.51469806289831	-8.28452829097014	-14.7241514285273	-17.0460795234146	-14.7241514285273	-17.846702404935	-11.0460795234146	-18.1439162732725	-16.0460795234146	-9.53037968513058	-6.56428009174887	-9.96926392636379	-10.9799903329569	-11.1880985282871	-6.47054027658009	-8.90652817101583	-11.798152009971	-7.36835988177362	-4.79134613416795	-7.2778951986377	-11.1391889278061	-13.8761545219723	-10.5069207123066	-16.7398201567927	-6.70622952053	-12.8761545219723	-18.1477514775078	-8.99623097396406	-18.6583509692635	-5.31645877986158	-18.6592085149264	-13.3456398052735	-16.0460795234146	-2.23094643919763	-4.27417744271691	-18.6924724781975	-9.70622952053	-10.2516636570645	-13.5866479047773	-14.0460795234146	-13.0460795234146	-12.7241514285273	-18.7398201567927	-12.2911920212512	-19.6192062202956	-18.4849487344682	-9.67975730916881	-13.8761545219723	-5.4345935801737	-11.0237117103862
np0197	-18.4462271471724	-7.4992764396549	-8.10869198410059	-5.22041706665942	-14.3940942029628	-18.6943578872215	-9.05424420007822	-5.57232022099227	-10.6392067007994	-17.7604210873886	-2.55587512246053	-10.5361132078353	-4.07894464070654	-10.8091317022417	-4.67043325855286	-13.3940942029628	-11.5867392809052	-14.3940942029628	-6.69019062951818	-21.5160539399953	-10.8705322469058	-6.25710309088261	-9.93466258432554	-4.17069578825121	-10.3497000836044	-11.2241692015205	-9.16527551246696	-6.06093885265222	-13.0721661080755	-5.43409227089476	-11.0721661080755	-17.6240100514525	-8.07216610807548	-5.86466364881669	-13.0721661080755	-15.3940942029628	-7.22918727628715	-11.1461666895193	-11.1461666895193	-3.63462208176001	-17.431970894603	-13.3940942029628	-19.1027753967423	-17.6755849574782	-8.02777198871702	-9.28556974618467	-13.0721661080755	-18.6943578872215	-18.9648879574086	-10.3066313617125	-7.92648865287984	-9.39409420296284	-11.6936544848217	-5.88234154919546	-7.5548904148659	-11.4872036073543	-9.66617374839964	-8.85493539185481	-19.1611220392346	-10.1461666895193	-17.846702404935	-6.54860415201847	-10.439897892576	-5.89823917607567	-8.18464083733389	-14.3940942029628	-11.0017767801841	-15.3940942029628	-13.8091317022417	-8.62590987818591	-4.00446286370232	-8.02777198871702	-7.94288309113051	-3.64213178950199	-18.6592085149264	-8.67984868529672	-4.1023479221289	-8.75023801318812	-7.20921886005456	-5.13552816907291	-13.3940942029628	-13.3940942029628	-5.50687358749446	-18.6583509692635	-8.69365448482175	-13.8091317022417	-12.3940942029628	-12.8091317022417	-5.0398448210176	-7.91027842569858	-11.0017767801841	-7.4515796976236	-10.4872036073543	-19.0272850912691	-18.4819570601872	-5.49322739498209	-8.41681427946292	-18.7398201567927	-13.8091317022417	-19.6192062202956	-7.89424831587964	-9.07216610807548	-11.4872036073543	-5.79046785797665	-9.77938435884763
np0204	-10.6758688459531	-6.20338107449032	-11.0909063452319	-6.68491398555607	-10.6758688459531	-18.6943578872215	-11.5383653222031	-10.1904420187828	-19.1439162732725	-17.7604210873886	-3.42936574767297	-10.9103340995901	-10.3539407510657	-11.9977969408404	-5.76657576012924	-13.9977969408404	-19.5160539399953	-11.2973572226993	-3.30082941460614	-21.5160539399953	-10.9977969408404	-7.69401619266333	-14.9977969408404	-4.61733587575146	-12.4128344401193	-18.3791414185299	-9.99779694084043	-7.5465858290081	-13.4128344401193	-5.89450913242841	-17.7361574621684	-11.9977969408404	-7.3467452496615	-6.11210056750103	-19.1439162732725	-13.4128344401193	-8.86851392389546	-13.4128344401193	-10.242909438677	-4.92231779135241	-17.431970894603	-13.4128344401193	-19.1027753967423	-9.71239472197818	-10.9977969408404	-18.6943578872215	-14.9977969408404	-13.4128344401193	-14.9977969408404	-9.95340282148198	-7.3539407510657	-10.8278719393981	-18.0315827535454	-7.5548534449917	-5.26139500952214	-9.82787193939812	-12.9977969408404	-11.9977969408404	-13.9977969408404	-11.9977969408404	-17.846702404935	-11.6758688459531	-12.4128344401193	-8.00911225406826	-10.5383653222031	-13.9977969408404	-10.4742349847834	-11.8278719393981	-12.4128344401193	-6.99779694084043	-4.60012230789216	-8.09090634523191	-9.86851392389546	-1.40440581804869	-5.3539407510657	-17.687608057609	-21.5160539399953	-17.0733884685424	-5.57994442595453	-5.24124061831634	-14.9977969408404	-18.1477514775078	-7.42036811280468	-18.6583509692635	-7.15859315274349	-18.6592085149264	-14.9977969408404	-19.1611220392346	-5.33601884306844	-6.58840600470273	-18.6924724781975	-8.28355142317431	-6.26308732061459	-13.9977969408404	-11.0909063452319	-8.82787193939812	-8.00911225406826	-18.7398201567927	-10.8278719393981	-19.6192062202956	-9.50594384451075	-11.9977969408404	-11.6758688459531	-7.16490692667569	-18.4668093519586
np0208	-18.4462271471724	-8.10590850857116	-8.31235938603858	-4.7507042588095	-17.4392911680949	-18.6943578872215	-11.4278366034585	-6.60340816804197	-19.1439162732725	-17.7604210873886	-2.20062179866523	-9.20544418212207	-8.01279910417968	-11.0127991041797	-5.19901791296264	-13.0127991041797	-19.5160539399953	-18.5202426739746	-5.83289001416474	-21.5160539399953	-11.4278366034585	-6.42783660345852	-11.4278366034585	-4.49316285133646	-10.6908710092923	-12.0127991041797	-9.84287410273736	-7.84287410273736	-18.129283016945	-6.10590850857116	-10.6908710092923	-17.6240100514525	-6.96840498482122	-6.21838323782957	-11.4278366034585	-12.0127991041797	-6.17990909001493	-18.3791414185299	-9.84287410273736	-4.39808926006447	-17.431970894603	-18.9310914392741	-19.1027753967423	-17.6755849574782	-9.31235938603858	-18.6943578872215	-18.4819570601872	-18.6943578872215	-18.9648879574086	-7.80334573855073	-7.84287410273736	-9.84287410273736	-18.0315827535454	-6.7839804136838	-5.37617448363603	-17.4491002709378	-11.0127991041797	-11.0127991041797	-19.1611220392346	-10.2054441821221	-17.846702404935	-7.45821025250204	-10.6908710092923	-5.74601256348477	-8.62048168140092	-13.0127991041797	-11.0127991041797	-17.7069141533982	-18.3552564508737	-7.76487159073609	-4.72739688531743	-7.25791160201621	-6.76487159073609	-4.05569706261739	-18.6592085149264	-7.96840498482122	-2.81067528034922	-9.31235938603858	-6.48923714812266	-5.28487864961648	-18.5482424388053	-18.1477514775078	-6.1548181090521	-18.6583509692635	-8.0586027937928	-18.6592085149264	-19.6192062202956	-13.0127991041797	-4.81312675934331	-6.01279910417968	-10.6908710092923	-6.21838323782957	-10.6908710092923	-19.0272850912691	-18.4819570601872	-4.79363058371751	-10.0127991041797	-18.7398201567927	-13.0127991041797	-19.6192062202956	-8.36894291440495	-9.69087100929231	-18.1166993110972	-6.39808926006447	-18.4668093519586
np0210	-11.1937563456984	-5.53197824792639	-9.80143892291962	-6.42226687619778	-12.871828250811	-10.9458288322548	-11.0238313442561	-9.49331662755729	-11.0238313442561	-8.21647642219846	-2.66823553660331	-10.5499001559237	-8.09572426273786	-12.0238313442561	-5.20081800953257	-12.0238313442561	-13.1937563456984	-18.5202426739746	-7.12766715524061	-7.98430298006943	-11.2868657500899	-7.66237488518207	-11.3864014236408	-5.64686188581075	-6.58273154839103	-10.2868657500899	-10.3357753505708	-8.57904650158317	-18.129283016945	-5.5107617620167	-11.106293504448	-10.1937563456984	-6.34826629475401	-5.25417713138369	-10.2868657500899	-12.0238313442561	-8.23956003531151	-12.6087938449772	-11.2868657500899	-4.43470040653821	-10.4933166275573	-13.6087938449772	-13.6087938449772	-11.0238313442561	-10.5499001559237	-12.1937563456984	-12.6087938449772	-11.4933166275573	-13.6087938449772	-14.1937563456984	-8.38640142364078	-10.8014389229196	-12.3864014236408	-6.39934047934828	-7.17138853266993	-10.6701943896414	-9.49331662755729	-15.1937563456984	-14.1937563456984	-9.31111329633654	-12.6087938449772	-10.1937563456984	-11.6087938449772	-5.54450016818107	-7.54990015592366	-18.4392911680949	-11.4933166275573	-11.0238313442561	-12.871828250811	-7.1881317965045	-7.13847391019719	-9.54990015592366	-6.2453891141137	-1.52808733233882	-18.6592085149264	-12.3864014236408	-5.64686188581075	-9.98430298006943	-6.93636850300573	-6.40585378630695	-12.871828250811	-18.1477514775078	-6.62010915820506	-4.46668678767468	-7.47951082803226	-12.871828250811	-12.6087938449772	-12.3864014236408	-5.08392569141959	-6.81437797862712	-14.1937563456984	-7.62390073736743	-7.43886884353491	-19.0272850912691	-8.76749159099628	-8.98430298006943	-7.52842042851321	-12.0238313442561	-10.6701943896414	-14.1937563456984	-12.1937563456984	-9.28686575008986	-11.4933166275573	-7.13306041401083	-15.1937563456984
np0211	-10.8257538328831	-8.26632642426909	-17.9648879574086	-8.5979479153603	-11.4887188456055	-18.6943578872215	-18.3552564508737	-11.3732416281856	-19.1439162732725	-12.0736813463267	-2.93829269474765	-14.0736813463267	-11.4887188456055	-18.0467296909277	-6.53064952607146	-17.5323711460796	-19.5160539399953	-18.5202426739746	-9.37324162818561	-8.92393422682202	-18.4354667979437	-9.51909249464906	-18.6095178401463	-5.57383545924349	-8.33221435992555	-12.2663264242691	-11.4887188456055	-9.58182824999702	-18.129283016945	-6.87400900149033	-17.7361574621684	-11.9037563448844	-8.30549702154977	-7.31213011388222	-19.1439162732725	-17.8543286673737	-13.0736813463267	-18.3791414185299	-16.8252817996473	-1.91475614251974	-17.431970894603	-12.4887188456055	-19.1027753967423	-17.6755849574782	-12.4887188456055	-13.0736813463267	-18.4819570601872	-18.6943578872215	-18.9648879574086	-18.4544358573167	-7.664290410189	-4.70954669131865	-18.0315827535454	-10.9037563448844	-8.94439832938173	-10.9862185050764	-12.7517532514393	-10.9037563448844	-19.1611220392346	-17.9797712684366	-17.846702404935	-12.7517532514393	-18.1439162732725	-6.80221831842232	-8.69864191497977	-18.4392911680949	-12.4887188456055	-11.2663264242691	-13.4887188456055	-8.78827912746445	-11.7517532514393	-10.0736813463267	-7.94439832938173	-1.97976866266114	-18.6592085149264	-17.687608057609	-4.58785203762479	-11.2663264242691	-12.2663264242691	-9.90375634488439	-18.5482424388053	-18.1477514775078	-5.54229988581039	-9.71612934170862	-5.88138853185593	-18.6592085149264	-19.6192062202956	-9.3457608917635	-4.50477519182462	-5.42982515655197	-18.6924724781975	-9.98621850507636	-10.0736813463267	-19.0272850912691	-13.4887188456055	-4.53064952607146	-7.6558288314408	-18.7398201567927	-17.786116445496	-19.6192062202956	-18.4849487344682	-8.44432472624709	-18.1166993110972	-6.47749159018229	-18.4668093519586
np0213	-18.4462271471724	-9.05062607306997	-6.72869797818261	-3.46137621394571	-17.4392911680949	-18.6943578872215	-8.53605290024021	-7	-19.1439162732725	-17.7604210873886	-2.1662374759563	-8.39854937649027	-6.95109039951905	-11.8579809951276	-5.62916230463169	-10.8579809951276	-19.5160539399953	-9.85798099512757	-6.21412480535285	-21.5160539399953	-18.4354667979437	-6.57257877626532	-18.6095178401463	-4.70823387562289	-17.6943578872215	-18.3791414185299	-17.0009682812804	-6.85798099512757	-11.8579809951276	-4.7494565383494	-11.8579809951276	-17.6240100514525	-6.46566357234881	-5.35018635492888	-19.1439162732725	-17.8543286673737	-7.85798099512757	-11.8579809951276	-8.68805599368526	-4.26552395785949	-17.431970894603	-18.9310914392741	-19.1027753967423	-17.6755849574782	-8.85798099512757	-8.15754127698648	-18.4819570601872	-18.6943578872215	-18.9648879574086	-8.85798099512757	-8.39854937649027	-9.05062607306997	-11.8579809951276	-8.27301849440642	-7	-9.53605290024021	-17.9797712684366	-18.4544358573167	-19.1611220392346	-10.8579809951276	-17.846702404935	-8.05062607306997	-10.8579809951276	-5.85798099512757	-7.95109039951905	-18.4392911680949	-10.2730184944064	-17.7069141533982	-10.2730184944064	-5.81358687576912	-6.33441903907056	-6.72869797818261	-7.77051815387723	-3.7758319537737	-18.6592085149264	-9.27301849440642	-3.33834474228436	-8.27301849440642	-6.18555565315608	-4.7494565383494	-18.5482424388053	-10.2730184944064	-6.3661278987979	-18.6583509692635	-6.21412480535285	-18.6592085149264	-19.6192062202956	-19.1611220392346	-5.21412480535285	-6.30339214344994	-18.6924724781975	-7.15754127698648	-9.85798099512757	-19.0272850912691	-18.4819570601872	-6.57257877626532	-6.46566357234881	-18.7398201567927	-17.786116445496	-19.6192062202956	-11.8579809951276	-10.2730184944064	-10.8579809951276	-7.61005348168399	-10.8579809951276
np0223	-18.4462271471724	-6.84631395117731	-8.85688319288749	-4.97856174947575	-12.3593835334167	-18.6943578872215	-6.27192069216634	-7.09885598319346	-11.9443460341378	-17.7604210873886	-2.94012556781964	-10.3593835334167	-5.30410109791549	-10.9443460341378	-4.4951973887624	-11.9443460341378	-11.9443460341378	-12.3593835334167	-5.68225118876765	-21.5160539399953	-8.13699111208023	-6.93311877871458	-7.45249293780816	-4.64056528596073	-12.3593835334167	-10.7744210326955	-9.94434603413783	-5.71552734364195	-12.3593835334167	-5.50555418155957	-11.9443460341378	-12.9443460341378	-6.64056528596073	-5.55202861135907	-19.1439162732725	-9.55202861135907	-6.87825684368006	-9.03745543852932	-9.35938353341668	-3.34815627799342	-17.431970894603	-12.3593835334167	-19.1027753967423	-17.6755849574782	-8.13699111208023	-7.14993016778773	-12.9443460341378	-18.6943578872215	-18.9648879574086	-10.7744210326955	-7.37449042580689	-8.35938353341668	-11.9443460341378	-5.61791654701553	-7.67755949344293	-10.1369911120802	-8.94434603413783	-9.18945853197437	-19.1611220392346	-9.94434603413783	-17.846702404935	-7.23010051647171	-10.6224179392505	-6.64972528524621	-8.35938353341668	-18.4392911680949	-9.24390631599674	-17.7069141533982	-11.9443460341378	-8.85688319288749	-5.37069884664451	-7.60449603125321	-7.81506301719287	-2.98579331870682	-18.6592085149264	-9.55202861135907	-4.16298632061317	-8.3897571824602	-6.71552734364195	-5.08015988948355	-12.9443460341378	-11.9443460341378	-5.05256233091952	-18.6583509692635	-8.42078407808082	-18.6592085149264	-10.9443460341378	-13.9443460341378	-5.66357526400723	-8.01360869657495	-10.7744210326955	-7.20287904773669	-10.7744210326955	-19.0272850912691	-13.9443460341378	-4.94716655320021	-6.99014972375096	-18.7398201567927	-17.786116445496	-19.6192062202956	-6.37449042580689	-8.94434603413783	-10.9443460341378	-6.01953353053205	-10.9443460341378
np0225	-11.2115939650954	-4.55430433224139	-13.5808277747612	-5.18851035198239	-10.8803880566201	-13.3584353534247	-10.3844305619577	-14.5808277747612	-19.1439162732725	-17.7604210873886	-1.18565069784315	-9.50757879273051	-9.06775819252178	-12.5808277747612	-6.95147115468154	-12.078327434232	-19.5160539399953	-8.11050783998112	-11.6422283194253	-21.5160539399953	-12.2588996798738	-10.1434224624539	-18.6095178401463	-6.30315291792352	-14.5808277747612	-11.6422283194253	-10.6739371791526	-9.28314722612047	-14.1657902754823	-6.77132758087199	-17.7361574621684	-17.6240100514525	-8.33924178819139	-6.40756706075558	-19.1439162732725	-9.82594027259768	-17.9865309296644	-14.5808277747612	-12.1657902754823	-2.24116331557698	-17.431970894603	-18.9310914392741	-19.1027753967423	-9.29542555589891	-10.6739371791526	-12.1657902754823	-16.1657902754823	-12.078327434232	-18.9648879574086	-15.1657902754823	-8.15456302005906	-12.3584353534247	-12.99586527404	-9.27097251217437	-6.16579027548231	-8.98588118546738	-17.9797712684366	-9.75639933934461	-19.1611220392346	-11.5808277747612	-17.846702404935	-11.6422283194253	-11.4109027733188	-5.91076170566358	-7.98091493257403	-14.5808277747612	-10.7734728527035	-11.1657902754823	-9.93697158498643	-5.80165562047426	-5.10644581465788	-8.61889581559467	-7.0970119974969	-4.42685359380617	-18.6592085149264	-13.8438621805949	-15.1657902754823	-10.99586527404	-5.75427928747024	-6.95633690985336	-18.5482424388053	-18.1477514775078	-8.51473858430338	-12.2588996798738	-6.16579027548231	-13.5808277747612	-19.6192062202956	-19.1611220392346	-7.59214308798899	-7.90369543011213	-16.1657902754823	-8.92738553615723	-13.5808277747612	-13.8438621805949	-11.5808277747612	-9.62663146437428	-10.2115939650954	-7.63831326942191	-12.3584353534247	-12.5808277747612	-9.79075084413538	-10.5510804313671	-12.8438621805949	-8.97596571660229	-18.4668093519586
np0228	-10.2370904284594	-4.28366996914846	-11.5590185233468	-3.39201861060709	-12.5590185233468	-9.0565181828176	-10.0995869047095	-13.5590185233468	-19.1439162732725	-17.7604210873886	-1.28959959360569	-6.81306414595333	-8.36262131054328	-12.5590185233468	-5.66824759310154	-10.5590185233468	-19.5160539399953	-18.5202426739746	-7.42973550640182	-21.5160539399953	-18.4354667979437	-8.32380206165275	-18.6095178401463	-8.48576954131615	-17.6943578872215	-9.3110910099032	-10.2370904284594	-7.43662189198706	-10.1439810240679	-7.03023885801875	-17.7361574621684	-11.5590185233468	-9.78642901944986	-6.00955470384702	-19.1439162732725	-17.8543286673737	-17.9865309296644	-12.8220529291806	-11.2370904284594	-4.60967814161331	-17.431970894603	-11.4435413059268	-12.3366261020103	-17.6755849574782	-10.1897847136811	-18.6943578872215	-13.1439810240679	-11.3366261020103	-15.1439810240679	-12.1439810240679	-8.24916326076	-7.98410968728955	-12.8220529291806	-9.2613379747061	-7.304777235971	-9.71771626936584	-11.5590185233468	-18.4544358573167	-19.1611220392346	-12.1439810240679	-17.846702404935	-12.1439810240679	-10.5590185233468	-18.6592085149264	-8.68454940543065	-14.1439810240679	-10.5001248342932	-11.2370904284594	-10.8960535106244	-5.6723058096759	-6.36262131054328	-11.8220529291806	-5.8516593912659	-3.91877358712444	-9.28600002894037	-11.9740560226256	-21.5160539399953	-10.2370904284594	-5.51644713959515	-3.97970258576677	-14.1439810240679	-18.1477514775078	-6.4750960398017	-18.6583509692635	-4.80970773876075	-18.6592085149264	-13.1439810240679	-14.1439810240679	-6.46098644038626	-5.61650401800755	-18.6924724781975	-10.8220529291806	-12.5590185233468	-19.0272850912691	-9.2613379747061	-8.89605351062436	-8.14398102406794	-18.7398201567927	-13.5590185233468	-13.1439810240679	-9.82205292918058	-10.9740560226256	-9.68454940543065	-8.22511778679335	-18.4668093519586
np0230	-18.4462271471724	-8.63625683405346	-9.98989378866816	-5.57110415452821	-17.4392911680949	-18.6943578872215	-18.3552564508737	-18.0189119165308	-13.1598187901105	-17.7604210873886	-1.11371794508167	-8.71135828929418	-10.2212193347746	-18.0467296909277	-6.27717574074863	-14.1598187901105	-19.5160539399953	-9.04434157269053	-3.65665559864342	-21.5160539399953	-18.4354667979437	-5.66529650700481	-11.8378906952231	-6.85603804193337	-9.31851653612953	-10.9898937886682	-11.6573184495813	-7.9765969660547	-18.129283016945	-7.60522993843283	-9.07235594886013	-17.6240100514525	-9.98989378866816	-6.80226678549239	-11.496853777388	-10.9898937886682	-17.9865309296644	-13.4228531959443	-10.9898937886682	-5.39715992226349	-17.431970894603	-14.1598187901105	-19.1027753967423	-9.93742636877402	-12.5748562893893	-12.4228531959443	-14.7447812908316	-13.4228531959443	-13.4228531959443	-18.4544358573167	-7.45937907196938	-10.5748562893893	-12.937426368774	-9.3018377949829	-4.09912285842292	-11.937426368774	-11.937426368774	-18.4544358573167	-19.1611220392346	-11.6573184495813	-17.846702404935	-12.1598187901105	-10.2853496721943	-7.62584021810812	-9.28534967219433	-18.4392911680949	-11.5748562893893	-11.2212193347746	-10.9898937886682	-8.54510894599526	-13.4228531959443	-9.07235594886013	-6.78477935876355	-5.06970637044618	-18.6592085149264	-11.5748562893893	-7.95036542448152	-10.5748562893893	-3.57799054011345	-13.4228531959443	-13.7447812908316	-12.7447812908316	-6.96670416129627	-18.6583509692635	-8.1009251010569	-18.6592085149264	-19.6192062202956	-19.1611220392346	-4.88136933188999	-6.63625683405346	-11.5748562893893	-5.93581711591237	-11.3524638680529	-19.0272850912691	-14.7447812908316	-6.87441657124822	-9.28534967219433	-18.7398201567927	-10.8378906952231	-19.6192062202956	-8.71135828929418	-11.2212193347746	-11.7447812908316	-4.57799054011345	-12.2853496721943
np0232	-10.618189703386	-6.42985911812318	-10.8246405808534	-4.66120377877342	-10.9005894340867	-12.431970894603	-10.580221853187	-15.2620458931607	-19.1439162732725	-17.7604210873886	-0.922706192882822	-9.34185847493875	-8.06019425026511	-11.7454703674198	-6.40095898716533	-11.5131076573284	-15.6246159725454	-7.53034973625692	-10.8773820429254	-21.5160539399953	-11.1373501457114	-9.46618660994095	-15.431970894603	-6.23137875691378	-16.431970894603	-10.869728470382	-10.839513857335	-9.46907488926577	-13.8470083938819	-6.97921486557054	-17.7361574621684	-15.1100427997157	-8.8986411622972	-5.95294854760786	-19.1439162732725	-8.51012995752854	-17.9865309296644	-13.9725392759657	-12.3234464378249	-3.90779651121548	-16.431970894603	-17.431970894603	-13.5739898994755	-9.91627105631899	-10.9321250075198	-12.5012335570401	-14.8470083938819	-12.7040504400398	-14.1840433811594	-15.431970894603	-7.36925012743799	-9.59276710650609	-14.1100427997157	-9.10105401648842	-6.51050183407162	-9.21280237414087	-13.9725392759657	-8.21522503640773	-19.1611220392346	-11.4096030815746	-17.846702404935	-13.908408938546	-11.7040504400398	-4.76541400058408	-8.4938615683838	-14.7315311764619	-10.8172610504878	-10.9562374636366	-9.21522503640773	-5.44328620783087	-4.74044545343699	-6.90693954947903	-6.68252042903312	-4.88567929086929	-18.6592085149264	-16.431970894603	-21.5160539399953	-9.79897569746008	-7.01253734389766	-5.80649034413195	-15.8470083938819	-13.3875767752446	-7.82834454961684	-13.3445080533527	-5.37787537405229	-12.908408938546	-14.1100427997157	-14.6246159725454	-7.81910239731199	-6.90449388854264	-18.6924724781975	-9.16752829437643	-13.7315311764619	-13.6246159725454	-11.5739898994755	-6.28508405918715	-10.6637865698261	-8.67541457207895	-10.9321250075198	-14.7315311764619	-7.61338871712218	-10.9973426669663	-12.1651843539081	-7.40337411753593	-18.4668093519586
np0233	-18.4462271471724	-7.0009953328123	-10.6220916195872	-7.86952917036994	-12.560691074923	-18.6943578872215	-12.8237254807568	-10.7533361528654	-14.1456535756442	-17.7604210873886	-2.02687468548966	-12.8237254807568	-7.5236017561878	-13.560691074923	-5.9607782327359	-17.5323711460796	-19.5160539399953	-12.8237254807568	-8.60649476453615	-21.5160539399953	-18.4354667979437	-7.67804802556118	-7.30644978754724	-4.69650493026874	-8.60649476453615	-12.8237254807568	-10.2387629800357	-8.41773312108098	-18.129283016945	-6.24780811963867	-10.3907660734807	-17.6240100514525	-6.58341115142311	-5.99844865070195	-11.9757285742019	-8.59106472396654	-4.66284561891751	-18.3791414185299	-10.0163705586992	-4.83390526063922	-17.431970894603	-13.1456535756442	-19.1027753967423	-17.6755849574782	-9.7881015710261	-13.1456535756442	-18.4819570601872	-18.6943578872215	-18.9648879574086	-6.69032635533962	-6.82824096187931	-8.95582901676416	-13.560691074923	-7.25083581233624	-6.4626589919625	-12.1456535756442	-10.1456535756442	-9.28767258051661	-19.1611220392346	-10.560691074923	-17.846702404935	-7.75333615286542	-10.4452138575031	-5.96574448562925	-8.80580357275956	-12.3382986535866	-17.786116445496	-11.9757285742019	-11.560691074923	-10.3907660734807	-5.54760107548258	-7.39076607348071	-5.92648505518202	-3.22865452656137	-18.6592085149264	-8.04762149268365	-2.24459814309091	-10.6862219570069	-7.07419121308756	-5.92890771744887	-18.5482424388053	-18.1477514775078	-6.40418658924303	-18.6583509692635	-8.56069107492302	-18.6592085149264	-19.6192062202956	-19.1611220392346	-5.09580502619362	-6.31910508835327	-10.9757285742019	-6.98074664896849	-12.1456535756442	-19.0272850912691	-18.4819570601872	-8.48744209289239	-11.0581907343938	-18.7398201567927	-17.786116445496	-19.6192062202956	-10.2876725805166	-9.82372548075682	-14.1456535756442	-6.16837365214426	-15.1456535756442
np0234	-12.5678610330859	-4.87576865765834	-17.9648879574086	-4.83450669247209	-11.8897891279733	-18.6943578872215	-12.8897891279733	-9.60438690911103	-19.1439162732725	-17.7604210873886	-1.79604146518761	-9.21736378600178	-9.10842941444862	-18.0467296909277	-5.45307758583606	-12.8897891279733	-19.5160539399953	-18.5202426739746	-9.3979360316436	-21.5160539399953	-13.8897891279733	-8.43035750933598	-13.3048266272521	-6.73497101892117	-12.8897891279733	-11.719864126531	-10.8023262867229	-7.1150020683721	-11.5678610330859	-6.37015287513007	-17.7361574621684	-11.3048266272521	-6.05058533987633	-5.88697411236622	-19.1439162732725	-13.8897891279733	-17.9865309296644	-14.8897891279733	-12.0824342059157	-4.2778421861533	-11.1893494098322	-11.8897891279733	-19.1027753967423	-17.6755849574782	-10.5678610330859	-18.6943578872215	-12.8897891279733	-12.5678610330859	-18.9648879574086	-9.46352437327118	-7.81297353092245	-9.64186161452969	-18.0315827535454	-9.84539500861482	-3.86811508511491	-9.30482662725212	-11.1893494098322	-18.4544358573167	-14.8897891279733	-12.3048266272521	-17.846702404935	-7.91250920447336	-10.1349016258098	-11.719864126531	-9.64186161452969	-13.8897891279733	-17.786116445496	-11.719864126531	-10.9828985323648	-8.12160480319635	-10.5678610330859	-13.3048266272521	-7.00104587907502	-4.21383209503153	-4.54438388125548	-9.00714607861144	-12.3048266272521	-10.9828985323648	-7.37408928968924	-2.17855236017949	-12.5678610330859	-18.1477514775078	-7.61366472269904	-18.6583509692635	-7.14159627838382	-18.6592085149264	-12.8897891279733	-19.1611220392346	-4.92833943357508	-6.9649766243675	-18.6924724781975	-8.86742131494482	-11.0824342059157	-8.9355928175864	-18.4819570601872	-9.64186161452969	-10.430357509336	-18.7398201567927	-17.786116445496	-19.6192062202956	-12.8897891279733	-9.43035750933598	-11.3048266272521	-7.07600793675624	-18.4668093519586
np0236	-9.93648564084726	-6.04459720857799	-12.3350350173375	-6.95841628091676	-12.7944666359748	-10.8875760403663	-11.7944666359748	-11.7944666359748	-19.1439162732725	-12.0940269178337	-2.6223517034417	-11.0940269178337	-9.62454163453252	-18.0467296909277	-6.61954095347415	-13.4725385410875	-13.4725385410875	-13.7944666359748	-6.59234281214437	-8.27090467991782	-12.4725385410875	-9.49068588779773	-18.6095178401463	-5.75966767339756	-8.80578194920267	-10.8875760403663	-11.6245416345325	-9.12204129400334	-11.9871117139172	-7.72837744551706	-11.9871117139172	-13.2095041352537	-7.35983840833811	-7.67552556325133	-19.1439162732725	-12.6245416345325	-11.0395791338114	-13.7944666359748	-10.3682018812727	-3.08538282342449	-14.2095041352537	-14.2095041352537	-19.1027753967423	-11.2709046799178	-8.50906441711258	-11.7070037947245	-13.7944666359748	-13.4725385410875	-15.7944666359748	-14.2095041352537	-9.81718671247492	-9.54653912253125	-12.9871117139172	-7.87560339870024	-7.25143481571959	-10.7500725166164	-9.75007251661638	-13.2095041352537	-19.1611220392346	-11.7070037947245	-12.4725385410875	-11.7944666359748	-13.4725385410875	-5.60711456277434	-9.27090467991782	-18.4392911680949	-11.7944666359748	-12.9871117139172	-12.6245416345325	-7.72300427341821	-7.83446470390675	-9.13625515322304	-6.45461663309021	-1.28840704714688	-18.6592085149264	-10.7500725166164	-6.29462074889163	-10.840270325588	-8.50906441711258	-6.35983840833811	-13.4725385410875	-14.7944666359748	-6.07679021290844	-8.41076234350078	-5.1533180385636	-18.6592085149264	-12.6245416345325	-11.9871117139172	-5.52067103676057	-6.17608113371623	-14.7944666359748	-9.60464207709482	-8.30261353964516	-19.0272850912691	-10.2709046799178	-5.30964374171269	-8.22461102764388	-13.4725385410875	-12.4725385410875	-19.6192062202956	-13.7944666359748	-8.82868235131274	-13.2095041352537	-7.96791814868392	-18.4668093519586
np0237	-6.81281302069776	-8.63384287965244	-17.9648879574086	-5.70784346109622	-7.99126965576119	-18.6943578872215	-10.8777684625385	-11.1714996655952	-9.29280596181738	-17.7604210873886	-1.37425652444416	-11.3708084738187	-7.57494919059888	-12.1256959759821	-5.7593737617363	-10.3708084738187	-19.5160539399953	-18.5202426739746	-16.1256959759821	-21.5160539399953	-9.60213401992511	-7.80376788109476	-14.540733475261	-8.01195380993293	-16.1256959759821	-11.8777684625385	-8.57880151609448	-8.82191522780502	-18.129283016945	-6.12428778158931	-17.7361574621684	-10.1714996655952	-7.26460906998672	-7.3215649547988	-15.1256959759821	-6.44270139230044	-17.9865309296644	-14.1256959759821	-12.540733475261	-6.18171606163838	-10.3977755214189	-11.425256257841	-19.1027753967423	-10.8402937571199	-10.69943122128	-13.8037678810948	-18.4819570601872	-12.6662643573448	-18.9648879574086	-16.1256959759821	-4.70626242527674	-7.56727526271345	-14.540733475261	-8.53323893871404	-6.22332086149609	-8.87776846253853	-7.60605972313891	-4.81394766097716	-12.2188053803736	-10.2188053803736	-17.846702404935	-11.1714996655952	-7.67036875567756	-5.35503208306536	-6.77696782175104	-9.04888037893129	-17.786116445496	-11.3708084738187	-18.3552564508737	-6.36747276125539	-6.05155451322961	-7.33128010963201	-7.15991169132003	-2.98758419966241	-18.6592085149264	-15.1256959759821	-21.5160539399953	-10.6021340199251	-16.7398201567927	-5.38422898958097	-11.1714996655952	-14.1256959759821	-8.86830813328947	-18.6583509692635	-5.67654733060668	-15.1256959759821	-19.6192062202956	-10.9557709745398	-4.98295069923059	-6.37080847381865	-18.6924724781975	-8.74199168350807	-11.425256257841	-12.0382331347318	-6.90410885471731	-9.10332816295366	-7.08130185662367	-4.69106774834539	-10.768143971364	-19.6192062202956	-7.20088347237634	-10.768143971364	-16.1256959759821	-6.38086213848257	-18.4668093519586
np0238	-18.4462271471724	-2.79744131794735	-16.071965072954	-7.4209133817751	-8.3037807481771	-18.6943578872215	-4.35428864988763	-18.0189119165308	-19.1439162732725	-17.7604210873886	-2.71812905093929	-9.59623164198763	-3.584376226568	-18.0467296909277	-2.91493399857568	-11.6125334543167	-19.5160539399953	-18.5202426739746	-17.8816397677299	-16.071965072954	-18.4354667979437	-13.7500369780667	-18.6095178401463	-14.071965072954	-17.6943578872215	-18.3791414185299	-13.2646101508964	-3.16507447734551	-18.129283016945	-5.84796339875592	-17.7361574621684	-17.6240100514525	-11.9020400715117	-5.43987866011885	-19.1439162732725	-13.7500369780667	-17.9865309296644	-18.3791414185299	-12.4870025722329	-5.81929964050378	-17.431970894603	-18.9310914392741	-19.1027753967423	-17.6755849574782	-4.07196507295403	-18.6943578872215	-18.4819570601872	-15.071965072954	-18.9648879574086	-18.4544358573167	-9.88214051407401	-9.61253345431673	-13.2646101508964	-8.7773443240624	-7.26783405177071	-9.78656285409178	-17.9797712684366	-3.5577441635959	-19.1611220392346	-17.9797712684366	-17.846702404935	-18.4212348069659	-10.7144130683359	-18.6592085149264	-10.3715253548129	-18.4392911680949	-11.0275709535956	-10.3170775707906	-18.3552564508737	-8.75908211766967	-16.646333693381	-10.0946851494541	-8.68826078047998	-15.071965072954	-18.6592085149264	-14.071965072954	-21.5160539399953	-13.4870025722329	-10.2906053594294	-5.03236055500027	-18.5482424388053	-13.2646101508964	-5.65727983714681	-18.6583509692635	-14.071965072954	-18.6592085149264	-19.6192062202956	-19.1611220392346	-8.02211652350347	-6.12798515861029	-14.071965072954	-14.071965072954	-18.129283016945	-6.78425269340458	-11.9845022317037	-11.548403116897	-6.99782361020152	-18.7398201567927	-11.1177687625672	-19.6192062202956	-12.3715253548129	-9.75003697806667	-8.82403755951044	-8.89205598293909	-18.4668093519586
np0240	-18.4462271471724	-6.30000166398762	-8.8620637625987	-6.78197017138545	-11.2657859486497	-18.6943578872215	-12.3913168307336	-7.76328560812053	-11.9438578537623	-17.7604210873886	-3.14490010586192	-10.8507484493709	-6.76328560812053	-14.2657859486497	-5.51089844648624	-17.5323711460796	-13.8507484493709	-18.5202426739746	-7.54696770119376	-21.5160539399953	-11.8507484493709	-8.28089284103992	-8.53786549408651	-4.8290744065125	-12.3913168307336	-12.0433935273133	-10.0693887358462	-7.24341813562126	-14.8507484493709	-6.39747781536024	-12.0433935273133	-17.6240100514525	-7.07267131983551	-6.71119709697207	-9.66092389049085	-10.4244836946688	-8.75271636641034	-14.8507484493709	-10.6028209359273	-3.73472945604577	-17.431970894603	-18.9310914392741	-19.1027753967423	-17.6755849574782	-9.47570901802394	-11.3271864933139	-18.4819570601872	-18.6943578872215	-18.9648879574086	-5.66092389049085	-7.67083935935593	-10.6808234479286	-12.5288203544835	-7.32327144331047	-6.44773642579587	-11.7632856081205	-17.9797712684366	-9.12282799480767	-19.1611220392346	-11.4584310265921	-17.846702404935	-7.21775325222791	-10.2657859486497	-6.67832094072538	-8.80635433001241	-18.4392911680949	-11.6808234479286	-12.8507484493709	-18.3552564508737	-7.96200520047261	-6.22139182929126	-6.33899579560349	-6.06121480440051	-2.33332510797439	-18.6592085149264	-8.42448369466877	-2.26156548233152	-10.4244836946688	-6.92001111180798	-5.35189924283914	-18.5482424388053	-18.1477514775078	-6.02738120932463	-18.6583509692635	-8.57462404409663	-14.8507484493709	-13.5288203544835	-15.8507484493709	-4.73505449717385	-5.62313250595664	-11.9438578537623	-6.66339637617037	-11.8507484493709	-19.0272850912691	-14.2657859486497	-6.17479141642912	-11.2068922595961	-18.7398201567927	-13.8507484493709	-19.6192062202956	-9.34295380917217	-9.62192975887499	-11.9438578537623	-8.56534623050862	-13.5288203544835
np0242	-18.4462271471724	-5.16040124890342	-9.1353561194571	-6.52963505856914	-17.4392911680949	-18.6943578872215	-11.784448957598	-18.0189119165308	-19.1439162732725	-17.7604210873886	-1.23475178669601	-8.19948645687681	-7.00547583691019	-14.2438805762353	-4.40546450043793	-12.073955574793	-15.2438805762353	-10.3369899806267	-6.57145523426377	-21.5160539399953	-18.4354667979437	-7.28387864416718	-18.6095178401463	-5.43330894149412	-7.63655026248565	-9.88632857161718	-12.073955574793	-9.33698998062675	-18.129283016945	-7.15112343531541	-17.7361574621684	-17.6240100514525	-8.99595306279168	-6.26088700154096	-7.73608593603657	-17.8543286673737	-10.073955574793	-12.9219524813479	-12.4365256541777	-5.77423875899575	-17.431970894603	-12.9219524813479	-19.1027753967423	-8.55738004905205	-8.41099056207052	-9.24388057623526	-13.6589180755141	-13.2438805762353	-18.9648879574086	-18.4544358573167	-5.98885200641654	-11.1564177349849	-18.0315827535454	-7.01506188573938	-7.73608593603657	-10.8515631534565	-10.6000243864605	-18.4544358573167	-5.37197533857608	-10.5434408580942	-17.846702404935	-9.9219524813479	-13.6589180755141	-7.8515631534565	-8.26660065273535	-18.4392911680949	-10.6000243864605	-12.4365256541777	-9.9219524813479	-7.31906807262948	-12.2438805762353	-8.4889930740718	-5.79679735002561	-3.28279268623793	-18.6592085149264	-10.3858995811077	-4.65048945344353	-9.65891807551411	-10.9219524813479	-10.2896842658484	-14.2438805762353	-12.6589180755141	-5.26803260822848	-18.6583509692635	-6.60725595569162	-13.6589180755141	-11.073955574793	-19.1611220392346	-4.4478409674055	-5.04789327820676	-9.07395557479295	-8.99595306279168	-10.2438805762353	-19.0272850912691	-15.2438805762353	-9.05405601735525	-7.57854465905009	-13.6589180755141	-10.9959530627917	-19.6192062202956	-12.4365256541777	-11.073955574793	-13.2438805762353	-6.84300113995308	-18.4668093519586
np0244	-18.4462271471724	-6.13360208606761	-17.9648879574086	-8.66609716689463	-10.4734520889522	-18.6943578872215	-8.88848958823108	-18.0189119165308	-19.1439162732725	-17.7604210873886	-4.17424407056495	-16.8818468512374	-7.01402047031493	-18.0467296909277	-3.63110174553842	-17.5323711460796	-19.5160539399953	-18.5202426739746	-4.10712987470642	-21.5160539399953	-18.4354667979437	-17.6592085149264	-18.6095178401463	-5.90359648062128	-17.6943578872215	-12.4734520889522	-9.66609716689463	-16.7702939501526	-18.129283016945	-6.54271475138935	-17.7361574621684	-17.6240100514525	-8.08113466617347	-5.91886323727459	-19.1439162732725	-17.8543286673737	-17.9865309296644	-18.3791414185299	-16.8252817996473	-3.95381583610902	-17.431970894603	-18.9310914392741	-19.1027753967423	-6.47345208895223	-9.15152399406487	-8.88848958823108	-18.4819570601872	-10.8884895882311	-18.9648879574086	-18.4544358573167	-8.30352708750992	-17.786116445496	-11.4734520889522	-4.64056207478749	-3.69209237542757	-17.4491002709378	-17.9797712684366	-18.4544358573167	-7.38598924770189	-9.66609716689463	-17.846702404935	-18.4212348069659	-10.4734520889522	-8.47345208895223	-8.56656149334371	-18.4392911680949	-17.786116445496	-17.7069141533982	-11.4734520889522	-10.1515239940649	-16.646333693381	-9.47345208895223	-7.61547109382466	-1.67093572383101	-18.6592085149264	-17.687608057609	-5.65327312653704	-8.22552457550865	-7.66609716689463	-17.1459221978118	-18.5482424388053	-18.1477514775078	-3.23743789705215	-18.6583509692635	-8.77301237081114	-18.6592085149264	-19.6192062202956	-19.1611220392346	-5.53093758361299	-6.74553163438903	-18.6924724781975	-10.1515239940649	-18.129283016945	-19.0272850912691	-18.4819570601872	-8.56656149334371	-7.47345208895223	-18.7398201567927	-17.786116445496	-19.6192062202956	-18.4849487344682	-10.1515239940649	-11.4734520889522	-6.01402047031493	-18.4668093519586
np0245	-7.38378793077881	-6.380797888173	-13.4222081490926	-6.27523455503214	-7.05033252392788	-18.6943578872215	-8.81017740517331	-11.1537193131667	-16.8816397677299	-17.7604210873886	-1.96776864051765	-10.8592719547015	-6.33764131759539	-11.8372456483715	-5.546249413036	-9.83724564837148	-19.5160539399953	-18.5202426739746	-16.8816397677299	-21.5160539399953	-8.04874975356519	-8.45537501302783	-18.6095178401463	-7.75751845590074	-17.6943578872215	-10.672186402101	-8.230588076551	-7.00819565521455	-18.129283016945	-5.23328218572026	-17.7361574621684	-15.2966772670088	-6.30326707636913	-6.38279056119821	-19.1439162732725	-11.8372456483715	-17.9865309296644	-13.0742848456723	-6.27246102958795	-4.63787073576808	-12.4222081490926	-8.98682200442199	-16.8816397677299	-8.45957500155712	-8.66247124726777	-10.7318926482252	-13.8816397677299	-11.8372456483715	-18.9648879574086	-12.3580778116729	-5.66489390953462	-7.02365877260236	-12.7941769264796	-7.95979883065544	-7.37781402973418	-7.84546615517644	-8.45537501302783	-4.38303983895967	-14.5597116728426	-10.4059063367635	-17.846702404935	-11.5240877631118	-6.68934695325916	-5.38728416419708	-7.66489390953462	-11.752356750785	-13.4222081490926	-10.9989967183681	-15.8816397677299	-6.47224883159223	-7.09537014008146	-7.50009681654534	-7.44909786734167	-2.50959094245716	-18.6592085149264	-13.1812000495888	-21.5160539399953	-9.55072288961531	-12.1267522655665	-4.65372304352844	-10.1673942500638	-13.5597116728426	-6.77573125915877	-18.6583509692635	-5.78822220334197	-13.2966772670088	-14.0742848456723	-10.4059063367635	-4.88905542372413	-5.58357720001091	-18.6924724781975	-10.2377835779552	-14.8816397677299	-9.01127504814652	-7.33667533494069	-5.92671647569961	-5.66005264646512	-5.9762527627118	-11.5962375488677	-19.6192062202956	-7.93619593135202	-10.672186402101	-12.7117147662876	-9.67218640210098	-18.4668093519586
np0250	-9.20104186614365	-9.8828659061174	-17.9648879574086	-8.12797840395393	-9.4234342874801	-18.6943578872215	-8.09278897549163	-10.8828659061174	-10.1459003119512	-17.7604210873886	-3.30260733861761	-11.3803655655882	-10.8828659061174	-18.0467296909277	-3.88427547637207	-13.8828659061174	-19.5160539399953	-18.5202426739746	-2.85357867914915	-21.5160539399953	-18.4354667979437	-5.43578267990774	-9.68646869331389	-7.21990089339497	-17.6943578872215	-12.8828659061174	-9.1824261879763	-9.53709106927566	-18.129283016945	-5.47489007067274	-17.7361574621684	-17.6240100514525	-7.80961692408676	-7.27800384795853	-19.1439162732725	-8.13691152872393	-9.40173921638078	-13.1459003119512	-9.04156365213645	-3.08169646952356	-17.431970894603	-11.0755109840598	-19.1027753967423	-8.51363209645168	-12.0083967882013	-12.6604734847809	-18.4819570601872	-12.0083967882013	-18.9648879574086	-7.22942366751347	-6.01250118653399	-11.7673886886975	-12.0083967882013	-10.1824261879763	-5.27184110881004	-9.53709106927566	-12.4678284068386	-15.4678284068386	-12.8828659061174	-12.4678284068386	-17.846702404935	-9.09278897549163	-9.40173921638078	-5.72299456933901	-9.85311856272334	-18.4392911680949	-13.1459003119512	-8.86791556465142	-15.4678284068386	-8.59746368725515	-7.64764944442336	-10.7129409046751	-9.29790340539624	-1.82724453133569	-12.0083967882013	-17.687608057609	-21.5160539399953	-13.8828659061174	-8.46782840683855	-7.60364226218427	-18.5482424388053	-18.1477514775078	-4.41866053446638	-18.6583509692635	-7.63493839267381	-18.6592085149264	-19.6192062202956	-9.68646869331389	-5.58365788773012	-10.9442664507815	-18.6924724781975	-11.2979034053962	-9.68646869331389	-13.8828659061174	-12.8828659061174	-7.09278897549163	-11.0083967882013	-18.7398201567927	-12.2979034053962	-19.6192062202956	-6.05843747070085	-10.1824261879763	-13.4678284068386	-7.56093781123003	-18.4668093519586
np0253	-18.4462271471724	-10.2784064357194	-17.9648879574086	-2.80237284974494	-17.4392911680949	-18.6943578872215	-9.78536642443925	-18.0189119165308	-14.0332939378828	-17.7604210873886	-1.09858947476612	-8.21311497546765	-12.4483314371617	-11.7113658429955	-6.01648565019629	-17.5323711460796	-12.7113658429955	-18.5202426739746	-17.8816397677299	-21.5160539399953	-18.4354667979437	-17.6592085149264	-11.2259390158252	-17.7069815832335	-17.6943578872215	-18.3791414185299	-14.0332939378828	-11.3328542197417	-11.4483314371617	-12.0332939378828	-17.7361574621684	-17.6240100514525	-4.08492670629816	-8.43338109569571	-19.1439162732725	-11.0332939378828	-17.9865309296644	-15.0332939378828	-12.7113658429955	-10.0332939378828	-17.431970894603	-15.0332939378828	-8.46343832955189	-17.6755849574782	-12.7113658429955	-18.6943578872215	-18.4819570601872	-18.6943578872215	-18.9648879574086	-10.8633689364405	-6.55756050691644	-9.150650888521	-18.0315827535454	-17.5280572417884	-13.4483314371617	-17.4491002709378	-17.9797712684366	-7.49413512677481	-19.1611220392346	-17.9797712684366	-17.846702404935	-18.4212348069659	-10.5097319818258	-18.6592085149264	-8.9458310966325	-18.4392911680949	-9.44833143716168	-7.22593901582523	-10.6409765151041	-7.61544142299694	-8.88354681837816	-11.4483314371617	-17.5280572417884	-18.6592085149264	-18.6592085149264	-17.687608057609	-21.5160539399953	-12.2259390158252	-4.16524308413768	-10.2259390158252	-18.5482424388053	-18.1477514775078	-10.7853664244393	-18.6583509692635	-17.4491002709378	-18.6592085149264	-19.6192062202956	-19.1611220392346	-10.4483314371617	-6.08785010150493	-14.0332939378828	-6.70237705976822	-18.129283016945	-19.0272850912691	-12.7113658429955	-17.9797712684366	-10.0332939378828	-18.7398201567927	-17.786116445496	-19.6192062202956	-7.86336893644053	-16.7803347081239	-18.1166993110972	-2.51513258212588	-18.4668093519586
np0255	-18.4462271471724	-5.49381862121256	-9.62015435410719	-6.57576023474874	-8.34004643491446	-18.6943578872215	-12.8425467754436	-12.8425467754436	-10.9680776575275	-17.7604210873886	-3.90983988803099	-11.1055811812774	-7.07878112193372	-12.1055811812774	-5.25758427472249	-17.5323711460796	-19.5160539399953	-18.5202426739746	-8.08765927328017	-21.5160539399953	-18.4354667979437	-8.9680776575275	-6.43315583930594	-4.80180043310033	-12.1055811812774	-18.3791414185299	-10.7270695580237	-7.43882458939263	-14.4275092761648	-5.99705672449927	-17.7361574621684	-17.6240100514525	-6.65932495138787	-5.77645758498587	-10.4275092761648	-9.72706955802371	-7.93565617983512	-18.3791414185299	-11.4275092761648	-3.7227410368022	-17.431970894603	-13.4275092761648	-14.4275092761648	-17.6755849574782	-9.14210705730255	-11.4275092761648	-13.4275092761648	-18.6943578872215	-18.9648879574086	-6.09211892147087	-6.58201922522042	-8.21805591053585	-13.4275092761648	-7.45022935266488	-7.41628202074154	-11.8425467754436	-11.8425467754436	-8.03519185338604	-19.1611220392346	-11.6201543541072	-17.846702404935	-6.9197146359661	-9.67262177400133	-7.0181183400271	-9.25758427472249	-13.4275092761648	-12.1055811812774	-12.1055811812774	-18.3552564508737	-8.93565617983512	-7.82759643397767	-6.37766072671424	-6.35069367911397	-1.98430669886779	-18.6592085149264	-10.1055811812774	-2.30015973510568	-10.6201543541072	-8.17958176272121	-5.1444209231408	-13.4275092761648	-18.1477514775078	-5.67262177400133	-18.6583509692635	-9.62015435410719	-18.6592085149264	-12.8425467754436	-12.1055811812774	-5.3885902868725	-5.0181183400271	-18.6924724781975	-8.0181183400271	-12.4275092761648	-19.0272850912691	-18.4819570601872	-7.63309340981469	-10.8425467754436	-18.7398201567927	-17.786116445496	-19.6192062202956	-9.78365308639007	-9.17958176272121	-18.1166993110972	-10.1795817627212	-12.8425467754436
np0259	-12.9108066637737	-9.98006932621081	-12.9108066637737	-9.4623461629574	-10.4296799740371	-18.6943578872215	-4.4217949998281	-13.4957691644948	-12.7408816623314	-17.7604210873886	-4.08505283089058	-12.4513750451364	-7.47062960221634	-12.541572854108	-3.12780845485328	-9.35111092166297	-19.5160539399953	-18.5202426739746	-2.31854430380237	-21.5160539399953	-13.4083063232445	-7.83043324730967	-10.2863157988659	-11.1034517417161	-17.6943578872215	-11.3059446056148	-13.5888785688863	-9.31089382158657	-14.0363375458576	-4.23558468716867	-17.7361574621684	-13.6884142424372	-4.35206708763692	-7.40963293946754	-19.1439162732725	-11.1207297331479	-13.2478416510513	-14.6884142424372	-10.0948897282127	-5.41029670531357	-17.431970894603	-12.541572854108	-15.4957691644948	-15.4957691644948	-10.9108066637737	-18.6943578872215	-15.1738410696075	-10.4734013514664	-17.4957691644948	-13.3258441630525	-6.31337481109032	-12.4957691644948	-12.7408816623314	-11.3872447077167	-11.7408816623314	-10.8664125444152	-15.9108066637737	-6.97220720843784	-11.9108066637737	-12.2863157988659	-17.846702404935	-9.86641254441524	-8.21499839436425	-7.59038215947672	-11.565031826932	-18.4392911680949	-13.6884142424372	-11.4957691644948	-18.3552564508737	-10.8664125444152	-7.19541660416663	-11.5888785688863	-11.3872447077167	-1.46542532608547	-11.5184892409949	-17.687608057609	-15.1738410696075	-11.2103669456326	-10.0119533872306	-12.3664861475499	-18.5482424388053	-18.1477514775078	-10.2383813218022	-18.6583509692635	-10.0200357335285	-15.4957691644948	-15.9108066637737	-7.76105954426901	-9.78841003241397	-14.6884142424372	-18.6924724781975	-14.0363375458576	-12.9108066637737	-7.07055326119546	-12.4957691644948	-8.59188731875867	-13.4083063232445	-18.7398201567927	-13.4083063232445	-19.6192062202956	-11.3059446056148	-10.3977370815343	-13.6884142424372	-9.35621781209606	-18.4668093519586
np0260	-18.4462271471724	-8.34595959640411	-7.00018475956238	-3.56023469031805	-13.9309220971253	-18.6943578872215	-8.8016390801803	-7.90855428409681	-10.760997095683	-17.7604210873886	-2.58053535481243	-8.25849675515377	-5.79137074472647	-10.760997095683	-4.79906513651648	-17.5323711460796	-10.6089940022379	-18.5202426739746	-6.63630134823364	-21.5160539399953	-11.1235671750677	-5.60000521901065	-11.9309220971253	-3.52578063398892	-8.8016390801803	-10.6089940022379	-10.9309220971253	-6.55588266577834	-11.6089940022379	-4.92249347505469	-10.6089940022379	-17.6240100514525	-7.11074313471008	-5.32359178337566	-19.1439162732725	-17.8543286673737	-6.65479769185103	-10.6089940022379	-10.3459595964041	-4.0150427182895	-17.431970894603	-18.9310914392741	-13.9309220971253	-17.6755849574782	-9.34595959640411	-8.57337009250718	-11.9309220971253	-18.6943578872215	-18.9648879574086	-18.4544358573167	-8.50465734242317	-8.09803208296053	-12.3459595964041	-7.12356717506766	-8.02403150151675	-9.47149047848797	-11.9309220971253	-12.3459595964041	-19.1611220392346	-10.6089940022379	-17.846702404935	-6.98840759178603	-10.9309220971253	-5.95364217362535	-7.28706590735054	-18.4392911680949	-8.28706590735054	-17.7069141533982	-13.9309220971253	-7.04827904776343	-6.28706590735054	-7.70210340662939	-8.12356717506766	-3.60336945304403	-18.6592085149264	-8.76099709568296	-4.81717993107608	-8.14956238360061	-5.85945973456864	-4.1348824882955	-18.5482424388053	-11.6089940022379	-5.51306958223937	-18.6583509692635	-7.62714134894817	-12.9309220971253	-19.6192062202956	-11.6089940022379	-5.34972151520031	-8.02403150151675	-10.9309220971253	-7.14956238360061	-9.34595959640411	-19.0272850912691	-10.471490478488	-6.62714134894817	-6.8016390801803	-18.7398201567927	-11.9309220971253	-19.6192062202956	-10.471490478488	-9.47149047848797	-10.0240315015168	-5.42312745692657	-8.25849675515377
np0264	-11.7129783093993	-5.51330596456296	-12.4499439035655	-5.36690786861416	-14.0349064042867	-18.6943578872215	-9.92638194750852	-10.543053307957	-12.4499439035655	-10.1522633549248	-2.57906549516029	-12.3344666861456	-8.95809080723586	-13.0349064042867	-5.1949153337468	-17.5323711460796	-14.4499439035655	-14.4499439035655	-9.16454168470328	-7.89535505188789	-4.71466995904504	-7.64258898150793	-10.5754747856494	-3.69979523586183	-8.18941635334231	-11.1280158086782	-9.80608771379081	-8.30698594972349	-13.7129783093993	-5.88897425846617	-16.0349064042867	-11.6425889815079	-6.05476682664753	-7.19570261618974	-7.09826846528412	-8.34141944678736	-9.62551546814898	-7.0749044722186	-10.7869788908431	-6.99051228492823	-11.2800189021232	-18.9310914392741	-19.1027753967423	-9.90562338734172	-5.12276554799096	-10.7129783093993	-4.96949026961014	-12.4499439035655	-15.0349064042867	-9.20201639012194	-8.41285458483031	-13.7129783093993	-15.0349064042867	-9.80608771379081	-6.33620173751634	-11.2800189021232	-9.51134444822967	-16.0349064042867	-19.1611220392346	-8.93687432132616	-17.846702404935	-8.05762648078677	-18.1439162732725	-5.50742939822629	-8.74950418542444	-12.3344666861456	-14.0349064042867	-12.5754747856494	-14.4499439035655	-3.44058180036184	-9.96881721382891	-10.2020163901219	-7.29007256678714	-2.43953235554951	-18.6592085149264	-10.480317552609	-5.01879456606617	-11.3344666861456	-10.6086416495846	-7.78224097183644	-13.4499439035655	-18.1477514775078	-7.39828178374304	-6.50157667198085	-6.48031755260905	-15.0349064042867	-12.8649814028444	-19.1611220392346	-4.84631755857934	-6.44994390356553	-11.3344666861456	-7.74950418542444	-8.81573788382453	-12.5754747856494	-10.9905122849282	-12.4499439035655	-8.84508184540667	-16.0349064042867	-14.4499439035655	-19.6192062202956	-18.4849487344682	-7.25682927475133	-12.4499439035655	-5.3112454598767	-18.4668093519586
np0270	-9.63686397836002	-7.40478250085514	-17.9648879574086	-8.35355717749996	-12.7798219322021	-18.6943578872215	-15.3647844329232	-12.3647844329232	-19.1439162732725	-10.9724670101445	-3.42117073130918	-12.7798219322021	-10.1168569194796	-18.0467296909277	-7.51929438197884	-17.5323711460796	-19.5160539399953	-18.5202426739746	-10.1553310672943	-7.91357332109089	-13.7798219322021	-10.2773215916729	-18.6095178401463	-5.16143642994346	-9.21503731341854	-11.1168569194796	-10.9724670101445	-10.0072324283051	-12.3647844329232	-7.55742951086561	-15.3647844329232	-11.6643447147821	-7.71373274174429	-7.20996632387111	-19.1439162732725	-17.8543286673737	-12.3647844329232	-15.3647844329232	-11.7798219322021	-1.61711591371965	-17.431970894603	-13.0428563380359	-19.1027753967423	-12.1948594314809	-10.0072324283051	-18.6943578872215	-15.3647844329232	-13.3647844329232	-18.9648879574086	-18.4544358573167	-8.81019558124558	-4.58506507777981	-15.3647844329232	-8.77982193220206	-8.93851967822112	-10.079382214061	-10.6098969307597	-18.4544358573167	-19.1611220392346	-12.0428563380359	-13.3647844329232	-11.9053528142859	-18.1439162732725	-6.27467201325893	-8.29869524246545	-18.4392911680949	-13.7798219322021	-12.3647844329232	-12.7798219322021	-8.63686397836002	-9.48214138356138	-9.4578938373147	-6.74639893066461	-1.93354802085216	-18.6592085149264	-12.0428563380359	-4.60989693075975	-10.8412224768662	-7.77232739565514	-8.10739659023057	-18.5482424388053	-15.3647844329232	-7.43404709536033	-10.079382214061	-6.34797614523666	-15.3647844329232	-19.6192062202956	-10.2355014159783	-5.01716306435508	-5.70835956964544	-18.6924724781975	-10.1948594314809	-9.69235909095172	-19.0272850912691	-10.1948594314809	-5.29869524246545	-8.84122247686621	-18.7398201567927	-17.786116445496	-19.6192062202956	-18.4849487344682	-8.41058812253634	-14.3647844329232	-6.67478646150377	-18.4668093519586
np0272	-11.4601230858256	-6.44220117782829	-13.7820511807129	-8.64249982831412	-17.4392911680949	-14.1970886799918	-18.3552564508737	-12.6121261792706	-19.1439162732725	-9.89940813135108	-3.2105355302351	-12.4601230858256	-11.9746962586553	-18.0467296909277	-6.83368394912824	-13.4601230858256	-19.5160539399953	-18.5202426739746	-7.58729432629067	-8.70523558366209	-13.1970886799918	-9.0955506535297	-18.6095178401463	-5.00808781227936	-7.4511343025983	-12.6121261792706	-11.3897337579342	-9.75968336768446	-13.7820511807129	-7.74862817917547	-11.8751605851044	-12.3226195620756	-7.00397405117756	-7.4920323337803	-19.1439162732725	-17.8543286673737	-11.9746962586553	-13.4601230858256	-16.8252817996473	-2.60245304986308	-13.1970886799918	-13.4601230858256	-19.1027753967423	-11.7820511807129	-11.1381949909382	-12.7820511807129	-18.4819570601872	-13.4601230858256	-18.9648879574086	-18.4544358573167	-8.35578642601082	-9.16734133659771	-12.3226195620756	-6.97469625865531	-8.05413072614972	-11.3226195620756	-10.9746962586553	-18.4544358573167	-12.6121261792706	-10.9746962586553	-17.846702404935	-12.7820511807129	-18.1439162732725	-6.41354471920523	-8.43332302648184	-12.3226195620756	-12.3226195620756	-12.9746962586553	-15.7820511807129	-9.08161146257182	-10.1673413365977	-10.572597815084	-6.47143839905339	-1.22608408191833	-18.6592085149264	-11.5341236672693	-5.13010256998947	-11.2584892246559	-12.4601230858256	-8.50592677543868	-13.4601230858256	-18.1477514775078	-5.91168646112951	-10.1673413365977	-5.41354471920523	-15.7820511807129	-19.6192062202956	-11.6121261792706	-4.94048683298234	-6.81338438751771	-18.6924724781975	-8.75968336768446	-8.93656112976854	-11.6945883394626	-10.6945883394626	-5.31444563062992	-8.4511343025983	-18.7398201567927	-17.786116445496	-19.6192062202956	-18.4849487344682	-8.0955506535297	-12.7820511807129	-7.2506697201966	-18.4668093519586
np0273	-5.53430288245463	-14.4599865259782	-17.9648879574086	-14.7164979693975	-17.4392911680949	-18.6943578872215	-18.3552564508737	-18.0189119165308	-19.1439162732725	-17.7604210873886	-6.83386316431354	-16.8818468512374	-16.244846932183	-18.0467296909277	-12.809607373789	-17.5323711460796	-19.5160539399953	-18.5202426739746	-17.8816397677299	-21.5160539399953	-18.4354667979437	-17.6592085149264	-18.6095178401463	-8.94934038173347	-17.6943578872215	-9.53430288245463	-8.94934038173347	-16.7702939501526	-18.129283016945	-10.5343028824546	-17.7361574621684	-17.6240100514525	-3.33463053761827	-7.53430288245463	-19.1439162732725	-7.94934038173347	-17.9865309296644	-18.3791414185299	-16.8252817996473	-7.21237478756727	-17.431970894603	-9.53430288245463	-19.1027753967423	-17.6755849574782	-16.2990291016585	-18.6943578872215	-18.4819570601872	-18.6943578872215	-18.9648879574086	-18.4544358573167	-7.21237478756727	-17.786116445496	-18.0315827535454	-17.5280572417884	-6.72694796039703	-7.53430288245463	-17.9797712684366	-18.4544358573167	-10.5343028824546	-17.9797712684366	-17.846702404935	-18.4212348069659	-18.1439162732725	-6.83386316431354	-6.72694796039703	-18.4392911680949	-17.786116445496	-17.7069141533982	-18.3552564508737	-10.5343028824546	-6.83386316431354	-10.5343028824546	-6.62741228684611	-2.55702295895471	-18.6592085149264	-17.687608057609	-21.5160539399953	-17.0733884685424	-10.5343028824546	-9.53430288245463	-18.5482424388053	-18.1477514775078	-7.53430288245463	-0.789469044955085	-7.36437788101232	-18.6592085149264	-19.6192062202956	-19.1611220392346	-6.14198545967587	-6.94934038173347	-18.6924724781975	-17.785426924465	-18.129283016945	-19.0272850912691	-18.4819570601872	-17.9797712684366	-14.8214252220951	-18.7398201567927	-17.786116445496	-19.6192062202956	-9.53430288245463	-16.7803347081239	-18.1166993110972	-10.5343028824546	-18.4668093519586
np0274	-12.1219720994762	-5.22052124383579	-12.4912059091419	-4.75988687811684	-11.4912059091419	-13.4912059091419	-10.772387661686	-12.6838509870843	-19.1439162732725	-17.7604210873886	-1.37502442271072	-6.93661705746426	-8.45045956679859	-12.9887055686127	-5.44590128483629	-11.7907661910008	-19.5160539399953	-18.5202426739746	-8.90124272736238	-21.5160539399953	-18.4354667979437	-7.43592347364071	-18.6095178401463	-7.9807713870705	-12.0761684098631	-10.2948086963384	-10.537009598755	-7.53507179451353	-11.2432783956983	-6.75762560016033	-10.4179569271113	-9.15730517258846	-5.87220870662359	-5.91440666655838	-19.1439162732725	-9.35506922115587	-17.9865309296644	-14.2688134878055	-7.95463489252302	-5.49590984236327	-12.6838509870843	-18.9310914392741	-15.0761684098631	-17.6755849574782	-8.2980912803277	-17.0761684098631	-12.9062434084207	-12.4323122200883	-14.2688134878055	-7.49308564236012	-6.83061570360737	-11.6838509870843	-14.0761684098631	-10.6004349788967	-3.226861055793	-9.60043497889666	-8.25918478660768	-10.9264212903584	-15.0761684098631	-11.9468853929181	-17.846702404935	-9.67528897358087	-13.0761684098631	-9.04274540832561	-8.72744025563198	-12.9062434084207	-12.2688134878055	-10.9264212903584	-11.0988884863631	-6.86428011531705	-8.47625556767593	-10.537009598755	-7.02224252833195	-3.94077975828401	-8.05102884758455	-8.0960288322239	-21.5160539399953	-11.1935253605012	-8.65831589497716	-4.13090748252385	-14.7542403149757	-17.0761684098631	-7.90124272736238	-18.6583509692635	-6.42153238133509	-15.0761684098631	-19.6192062202956	-13.2688134878055	-4.11725325377171	-6.15805055883128	-18.6924724781975	-7.57632252277985	-10.6004349788967	-12.8282408964195	-16.0761684098631	-7.43411671693508	-10.537009598755	-18.7398201567927	-15.0761684098631	-19.6192062202956	-5.89191291445771	-8.85216673566495	-13.2688134878055	-6.3055045169463	-18.4668093519586
np0277	-10.8535304917801	-4.31695947516123	-9.57059652850861	-5.58799357874314	-11.3681036646099	-9.03250063282542	-9.20583223571099	-10.7380532743602	-9.68360549033779	-16.7604210873886	-1.39263096755237	-10.0055335852252	-9.18299225935288	-11.8535304917801	-5.85578646572047	-11.3009894687513	-13.5904960859463	-11.5904960859463	-6.52800016021255	-8.67827204603475	-10.4750188685264	-8.28064082335952	-18.6095178401463	-5.25858390248633	-10.0189541009875	-10.4566403392115	-11.205832235711	-8.55584994313942	-11.3341563326865	-5.67827204603475	-11.4750188685264	-11.6729582461383	-7.74919383196537	-5.8580459729026	-16.7604210873886	-11.8535304917801	-10.8777780380268	-12.0055335852252	-11.2685679910589	-5.1665631485304	-17.431970894603	-13.7604210873886	-19.1027753967423	-10.7160269680302	-9.16796405012054	-11.2368591313316	-12.953066165331	-11.953066165331	-14.4384929925013	-13.953066165331	-8.76606765052977	-10.0461755697225	-12.5904960859463	-9.21352662750099	-6.85052800361858	-10.205832235711	-12.8535304917801	-18.4544358573167	-16.7604210873886	-12.4384929925013	-11.4384929925013	-10.8535304917801	-11.953066165331	-4.62856412677983	-9.13836926793225	-14.7604210873886	-10.7380532743602	-13.4384929925013	-12.3009894687513	-5.90244009226105	-6.09153610312238	-9.13106446730901	-6.26256925043751	-2.4600685270604	-18.6592085149264	-12.8535304917801	-7.21738926713339	-10.420571084504	-6.05306195530774	-5.81205385580395	-14.7604210873886	-18.1477514775078	-7.17733831988569	-7.91807074397482	-6.25064608306169	-13.7604210873886	-12.0055335852252	-19.1611220392346	-6.28064082335952	-5.96844426648994	-14.7604210873886	-9.82968374982574	-9.74919383196537	-19.0272850912691	-10.420571084504	-7.74919383196537	-8.55584994313942	-11.9024400922611	-11.8062247770017	-13.0599813692475	-10.6106739678839	-9.20583223571099	-10.7831411638887	-9.35103015125092	-18.4668093519586
np0278	-18.4462271471724	-9.47201383545706	-12.0569763361782	-5.91401838233618	-7.86057912337472	-18.6943578872215	-8.51265581995441	-10.1825072182621	-19.1439162732725	-17.7604210873886	-1.31046201503976	-11.0569763361782	-8.24962141412061	-12.0569763361782	-5.12623899861533	-10.0569763361782	-19.5160539399953	-18.5202426739746	-12.6419388368994	-21.5160539399953	-7.88705133473591	-6.71120149933649	-18.6095178401463	-11.320010742012	-11.0569763361782	-12.6419388368994	-9.73504824129086	-6.6877425265125	-13.6419388368994	-4.19899534105065	-17.7361574621684	-4.92426241383298	-6.37515229620447	-4.55713044909501	-19.1439162732725	-9.94149911875828	-17.9865309296644	-9.18250721826208	-12.6419388368994	-6.38455099420672	-12.6419388368994	-18.9310914392741	-19.1027753967423	-17.6755849574782	-10.1825072182621	-18.6943578872215	-18.4819570601872	-12.6419388368994	-18.9648879574086	-18.4544358573167	-5.80273504880243	-8.28438683228129	-18.0315827535454	-7.96951349492788	-3.90892351521341	-9.64193883689938	-6.60851583536193	-4.45458676369888	-19.1611220392346	-17.9797712684366	-17.846702404935	-12.6419388368994	-10.6419388368994	-7.39401132345579	-7.47201383545706	-18.4392911680949	-12.0569763361782	-12.6419388368994	-18.3552564508737	-7.18250721826208	-8.11837688084236	-6.10278002579134	-10.1825072182621	-12.6419388368994	-6.11837688084236	-17.687608057609	-5.9766029197142	-11.320010742012	-16.7398201567927	-6.12623899861533	-8.35653661803713	-18.1477514775078	-6.5758496464416	-18.6583509692635	-6.36581443162514	-18.6592085149264	-13.6419388368994	-11.0569763361782	-5.25392155155424	-7.71120149933649	-18.6924724781975	-7.7839578417718	-12.0569763361782	-9.94149911875828	-7.91401838233618	-11.320010742012	-7.21567408219728	-18.7398201567927	-17.786116445496	-12.6419388368994	-9.94149911875828	-9.64193883689938	-13.6419388368994	-4.50751251667845	-18.4668093519586
np0282	-11.0520464010959	-6.65483017890426	-12.6114738097099	-3.74761358735246	-11.4670839003747	-18.6943578872215	-12.0520464010959	-18.0189119165308	-19.1439162732725	-17.7604210873886	-1.41167233575811	-6.41645782730474	-9.83703351012501	-11.0014203280259	-6.54992496931236	-11.6894763217112	-10.6499479575245	-18.5202426739746	-8.0014203280259	-16.8594013231535	-18.4354667979437	-9.39996970451617	-6.4185321555426	-7.48871391634625	-10.6695767642735	-9.78258572610264	-10.8594013231535	-8.10117810842674	-11.1314808685903	-6.79062304516806	-17.7361574621684	-8.48871391634625	-7.08626211643378	-6.22187077162816	-19.1439162732725	-8.7301183062085	-16.8594013231535	-15.2744388224323	-10.10451382099	-6.49417247390192	-7.34173193501966	-10.2895457148225	-19.1027753967423	-17.6755849574782	-11.6114738097099	-14.5374732282661	-14.8594013231535	-12.2155451333787	-11.4331365684514	-4.79028726137953	-6.2539218050918	-11.7301183062085	-13.8594013231535	-11.5739991042912	-6.06905282640155	-9.91688681781423	-9.37558554588921	-15.2744388224323	-19.1611220392346	-13.8594013231535	-17.846702404935	-11.5018493185354	-13.6894763217112	-12.3999697045162	-9.78258572610264	-8.02967858806741	-10.6114738097099	-10.5374732282661	-11.6499479575245	-6.35458233552063	-7.32412594653266	-11.5018493185354	-6.89073452995826	-4.47299989951269	-8.01705097973966	-11.6114738097099	-15.8594013231535	-10.5556205749764	-11.0780416096288	-5.79735518543298	-12.9525107275449	-18.1477514775078	-8.09452973241738	-14.5374732282661	-4.90702407118548	-14.8594013231535	-19.6192062202956	-19.1611220392346	-2.89325640980787	-4.01351928876941	-18.6924724781975	-10.1314808685903	-10.6894763217112	-13.2744388224323	-12.3999697045162	-11.5018493185354	-10.9286639855906	-13.8594013231535	-12.2155451333787	-15.8594013231535	-13.8594013231535	-10.2300447030739	-12.2155451333787	-5.52233698446873	-18.4668093519586
np0283	-11.1906755833628	-3.14112134134713	-9.74907725781281	-6.02835230465381	-11.6722084944285	-15.4001289489917	-11.0425769443736	-10.7854191048765	-12.4459326386049	-9.22520326649106	-1.81942873564286	-10.8302733406608	-8.33673386770323	-12.2302039475494	-5.1839893925666	-12.3557348296333	-14.2302039475494	-14.4001289489917	-7.33135067100632	-7.46496389938804	-10.334039758534	-8.68588343132561	-13.007811526213	-4.83764800364242	-8.96133709641347	-10.5546388980474	-10.957185453143	-8.77077232891213	-12.8765669929347	-6.33000800451491	-12.5421479538642	-10.7707723289121	-7.93864950170558	-6.2785954316517	-19.1439162732725	-9.13803410362156	-9.63194462421481	-12.4001289489917	-11.6996892308506	-5.30407270981079	-17.431970894603	-15.4001289489917	-15.8151664482706	-10.892334308793	-7.93864950170558	-11.6996892308506	-10.0425769443736	-12.6452414468283	-15.4001289489917	-13.0782008541044	-8.31797990763786	-12.4932383533832	-12.4932383533832	-7.42141848988538	-7.60571308264163	-11.4932383533832	-11.0250895176448	-12.5927740269341	-19.1611220392346	-10.0692120708771	-11.4693916114288	-9.63857771654726	-13.8151664482706	-4.57715985853845	-7.58955731425059	-13.9406973303544	-11.5174858996299	-13.0782008541044	-11.334039758534	-6.57915225637049	-6.61385932134327	-8.56092516089479	-6.02998646949634	-2.44044390869223	-18.6592085149264	-12.1147267301295	-5.09235891710103	-9.98227643410584	-7.76895189328776	-5.82837630548819	-13.8151664482706	-18.1477514775078	-6.95718545314301	-6.65109756695153	-6.39450439979786	-13.9406973303544	-12.0425769443736	-15.4001289489917	-5.42571435918621	-6.13451390250728	-12.1906755833628	-8.58314532573635	-9.28118787626823	-12.8765669929347	-8.90427392210456	-9.81516644827058	-9.95718545314301	-12.3126661077414	-12.2708459320468	-15.0782008541044	-10.1333424082968	-8.68932251529238	-11.3557348296333	-6.90028306190853	-18.4668093519586
np0286	-18.4462271471724	-7.02451297672999	-12.1072534077379	-7.92845025494916	-13.6922159084591	-18.6943578872215	-18.3552564508737	-18.0189119165308	-19.1439162732725	-17.7604210873886	-1.07482497262096	-9.69221590845908	-5.89131600853878	-18.0467296909277	-4.00280025593387	-13.6922159084591	-15.2771784091802	-13.6922159084591	-8.93732840629561	-21.5160539399953	-18.4354667979437	-7.52229090701677	-10.8848609864015	-6.31428240384298	-7.92845025494916	-10.5222909070168	-11.4698234871226	-9.66246856506503	-18.129283016945	-7.19502936782637	-17.7361574621684	-17.6240100514525	-9.49581869565558	-5.98715956224762	-9.49581869565558	-17.8543286673737	-7.04355873242053	-11.6922159084591	-13.2771784091802	-7.55607922047305	-17.431970894603	-12.6922159084591	-19.1027753967423	-10.0677250435513	-7.74579694866392	-10.6922159084591	-12.1072534077379	-14.2771784091802	-18.9648879574086	-18.4544358573167	-6.099758871191	-14.2771784091802	-15.2771784091802	-6.63332221940551	-10.0292508957367	-12.4698234871226	-10.2771784091802	-8.91962640456215	-5.20705746470341	-10.6333222194055	-17.846702404935	-10.1897155679299	-18.1439162732725	-7.3945353598184	-8.1897155679299	-14.2771784091802	-17.786116445496	-11.6922159084591	-9.81774679054294	-6.93288250126442	-14.2771784091802	-8.67726556699311	-6.29989848568032	-3.09292291377489	-18.6592085149264	-9.14789539223527	-5.22596946826547	-8.90213897783331	-13.2771784091802	-11.9552503142929	-18.5482424388053	-13.2771784091802	-4.80651953511969	-18.6583509692635	-8.14789539223527	-18.6592085149264	-11.1072534077379	-19.1611220392346	-4.40450352890963	-6.47627850925993	-8.57673869103914	-8.81774679054294	-9.91962640456215	-19.0272850912691	-18.4819570601872	-10.7536164531232	-8.0972693191653	-18.7398201567927	-12.9552503142929	-19.6192062202956	-18.4849487344682	-10.4698234871226	-11.8177467905429	-6.47304738799692	-18.4668093519586
np0287	-9.7410982599159	-6.79273102833122	-12.625621042496	-5.56617257741522	-7.50269352059082	-18.6943578872215	-8.87484964880473	-11.4680797655095	-19.1439162732725	-17.7604210873886	-1.46289081995451	-9.96850875601897	-6.89560820897152	-12.7410982599159	-5.45878202092739	-9.86662914199976	-19.5160539399953	-18.5202426739746	-13.0041326657497	-21.5160539399953	-9.77147190895942	-8.05459773273268	-18.6095178401463	-8.0686729179444	-16.3260607606371	-10.7714719089594	-11.3718644502502	-7.07576234273072	-14.0041326657497	-4.8078994048801	-17.7361574621684	-17.6240100514525	-6.98621075775243	-5.91560940913306	-19.1439162732725	-12.7410982599159	-17.9865309296644	-12.625621042496	-6.03373912783502	-6.42067375561893	-11.7410982599159	-12.625621042496	-14.7410982599159	-7.95102132929013	-8.99514388252244	-11.625621042496	-14.7410982599159	-12.0781332471935	-18.9648879574086	-12.5187058385795	-7.07103219081833	-8.15613575919474	-12.7410982599159	-8.18140251780517	-6.21623010635826	-9.83420766430738	-10.3260607606371	-6.32324574503	-19.1611220392346	-10.2816666412786	-17.846702404935	-12.3260607606371	-6.85032732967066	-5.08050805438137	-7.29815476406717	-12.5187058385795	-12.625621042496	-10.5711732584736	-12.8666291419998	-6.13747191492971	-6.86662914199976	-7.34306718594275	-7.65010372769531	-2.73091985589536	-18.6592085149264	-13.0041326657497	-21.5160539399953	-9.95102132929013	-10.5981403060739	-5.28714177134475	-11.8666291419998	-13.5187058385795	-7.25728248265164	-18.6583509692635	-5.94993537136088	-13.3260607606371	-14.3260607606371	-11.8666291419998	-4.70629929733863	-7.48371041722325	-18.6924724781975	-9.46807976550948	-14.3260607606371	-10.0592742199422	-7.38354625529782	-9.0686729179444	-5.92518132435487	-4.27655250958196	-15.3260607606371	-14.7410982599159	-8.07813324719347	-10.136236201757	-13.5187058385795	-9.66784927788526	-18.4668093519586
np0291	-18.4462271471724	-11.5005573804353	-8.36931284715709	-3.49466554174725	-17.4392911680949	-18.6943578872215	-7.81072576186023	-18.0189119165308	-14.3079123024929	-17.7604210873886	-0.325215755870117	-7.08874378203079	-10.8054119619638	-11.8054119619638	-6.48560703896937	-17.5323711460796	-9.46661004851201	-18.5202426739746	-17.8816397677299	-21.5160539399953	-18.4354667979437	-17.6592085149264	-18.6095178401463	-17.7069815832335	-17.6943578872215	-14.8928748032141	-17.0009682812804	-16.7702939501526	-8.45824657557738	-10.4334431845768	-17.7361574621684	-17.6240100514525	-8.53532279859602	-17.5202426739746	-19.1439162732725	-17.8543286673737	-17.9865309296644	-13.3079123024929	-9.29296196102698	-11.4334431845768	-17.431970894603	-18.9310914392741	-8.51783537186718	-17.6755849574782	-14.3079123024929	-18.6943578872215	-18.4819570601872	-18.6943578872215	-10.5005573804353	-12.0855198811565	-6.83759236771291	-9.6260882625192	-18.0315827535454	-17.5280572417884	-13.8928748032141	-17.4491002709378	-17.9797712684366	-7.47081003704129	-19.1611220392346	-17.9797712684366	-17.846702404935	-18.4212348069659	-10.9386784928272	-18.6592085149264	-11.7229498017718	-18.4392911680949	-9.24901861343938	-7.73300346643571	-10.9386784928272	-6.36735399411903	-16.646333693381	-12.7229498017718	-17.5280572417884	-18.6592085149264	-18.6592085149264	-17.687608057609	-21.5160539399953	-10.9859842076056	-5.51566427282555	-11.4334431845768	-18.5482424388053	-18.1477514775078	-10.7635917862691	-18.6583509692635	-17.4491002709378	-18.6592085149264	-14.8928748032141	-19.1611220392346	-13.8928748032141	-6.72294980177179	-15.8928748032141	-14.3079123024929	-18.129283016945	-19.0272850912691	-13.8928748032141	-17.9797712684366	-8.35371599210607	-18.7398201567927	-12.4334431845768	-19.6192062202956	-18.4849487344682	-16.7803347081239	-18.1166993110972	-10.7635917862691	-18.4668093519586
np0292	-18.4462271471724	-3.95775207583498	-14.4605838799017	-8.90599502822409	-17.4392911680949	-18.6943578872215	-13.1386557850144	-18.0189119165308	-19.1439162732725	-17.7604210873886	-5.41892472826451	-9.93702192384471	-0.764757489938866	-18.0467296909277	-3.23688380391542	-14.4605838799017	-19.5160539399953	-18.5202426739746	-17.8816397677299	-21.5160539399953	-18.4354667979437	-12.6532289578441	-14.4605838799017	-14.4605838799017	-17.6943578872215	-11.6532289578441	-13.8756213791806	-3.21830292959928	-18.129283016945	-9.73266342533853	-17.7361574621684	-17.6240100514525	-11.3731210386514	-7.78110378039628	-19.1439162732725	-9.31083676039704	-17.9865309296644	-18.3791414185299	-16.8252817996473	-8.98485044893533	-17.431970894603	-18.9310914392741	-14.4605838799017	-17.6755849574782	-7.11185572567065	-18.6943578872215	-18.4819570601872	-18.6943578872215	-18.9648879574086	-11.8756213791806	-10.7601441617606	-11.0011522612644	-14.4605838799017	-17.5280572417884	-11.4605838799017	-13.8756213791806	-17.9797712684366	-3.85556743199036	-9.93702192384471	-17.9797712684366	-17.846702404935	-18.4212348069659	-12.0011522612644	-18.6592085149264	-11.0011522612644	-18.4392911680949	-13.8756213791806	-13.1386557850144	-18.3552564508737	-10.4161897605433	-16.646333693381	-11.068266457123	-13.4605838799017	-18.6592085149264	-18.6592085149264	-17.687608057609	-21.5160539399953	-15.4605838799017	-11.3731210386514	-9.70569637773826	-18.5482424388053	-10.6026028847742	-9.35205942312356	-18.6583509692635	-17.4491002709378	-18.6592085149264	-14.4605838799017	-19.1611220392346	-11.0011522612644	-13.4605838799017	-18.6924724781975	-13.1386557850144	-18.129283016945	-8.56576611659378	-12.8756213791806	-7.0855444485548	-11.3731210386514	-18.7398201567927	-12.4605838799017	-19.6192062202956	-14.4605838799017	-15.4605838799017	-18.1166993110972	-17.1613090589954	-18.4668093519586
np0294	-18.4462271471724	-7.31927364144138	-9.38966296933278	-4.44095219802964	-17.4392911680949	-18.6943578872215	-10.126628563499	-18.0189119165308	-19.1439162732725	-17.7604210873886	-1.02267228126211	-7.51828313533988	-8.19914106328336	-13.4771258105831	-5.50558225663235	-12.4771258105831	-12.7990539054705	-7.6749325936413	-4.55469007034997	-21.5160539399953	-18.4354667979437	-5.71823637786216	-18.6095178401463	-4.70431640042239	-8.8332696208084	-9.37278915076839	-12.0986141873294	-8.91641085610864	-18.129283016945	-6.12662856349899	-8.95356385452611	-17.6240100514525	-7.6493067859658	-5.85653940013124	-10.6291289040282	-17.8543286673737	-9.96616389130574	-11.7990539054705	-11.4771258105831	-5.24830712008724	-17.431970894603	-18.9310914392741	-19.1027753967423	-8.38120139058459	-10.7115910642201	-9.30720080914081	-11.6291289040282	-12.0986141873294	-18.9648879574086	-18.4544358573167	-8.89216330986197	-9.25989509436245	-12.6291289040282	-8.62912890402817	-6.35818473785961	-11.7115910642201	-10.5896005398415	-18.4544358573167	-9.24446505379285	-11.892163309862	-17.846702404935	-10.7990539054705	-11.2754919494135	-8.2065968682024	-8.72223830841965	-14.2140914047493	-8.78782665004723	-12.7990539054705	-10.8448575950836	-7.17700208601411	-13.4771258105831	-8.46813702735587	-6.09861418732939	-5.63289082282437	-18.6592085149264	-9.18434406135528	-7.29125926527179	-9.01769419194583	-6.02921606184104	-9.8683165679076	-13.4771258105831	-12.4771258105831	-5.74106218271131	-18.6583509692635	-5.84485759508361	-13.2140914047493	-10.4067364826917	-19.1611220392346	-5.37488761665238	-5.89366690045235	-13.7990539054705	-7.66462758524956	-11.892163309862	-19.0272850912691	-13.4771258105831	-6.56543422871078	-7.27549194941347	-18.7398201567927	-9.96616389130574	-14.7990539054705	-9.94107291034291	-11.044166403307	-9.40673648269172	-4.99089413260211	-13.4771258105831
np0295	-9.10075789437951	-5.17821403445951	-12.8821176079042	-5.9454796689016	-9.3902645115745	-13.8821176079042	-6.69229304902416	-13.297155107183	-19.1439162732725	-17.7604210873886	-2.01310219235208	-10.297155107183	-7.99947455854233	-11.8821176079042	-7.10075789437951	-9.56018951301681	-19.5160539399953	-18.5202426739746	-13.8821176079042	-21.5160539399953	-8.20969226593268	-8.16787209023805	-18.6095178401463	-6.9279212975173	-12.297155107183	-11.0747626858466	-9.79465476665384	-7.65329891740829	-13.8821176079042	-5.55568812078187	-17.7361574621684	-13.297155107183	-7.88211760790417	-6.27849126291798	-19.1439162732725	-9.97522701229565	-17.9865309296644	-11.0747626858466	-12.8821176079042	-3.73745936507229	-17.431970894603	-12.0747626858466	-19.1027753967423	-7.74256625550538	-10.297155107183	-11.4226859892669	-18.4819570601872	-13.8821176079042	-12.8821176079042	-13.8821176079042	-6.08445608205041	-9.29715510718302	-14.8821176079042	-9.9279212975173	-7.73237048839949	-8.56018951301681	-9.45585285320208	-8.69229304902416	-19.1611220392346	-11.1816778897631	-17.846702404935	-9.9279212975173	-8.97522701229565	-5.52017383416893	-6.9337503763195	-11.1816778897631	-11.1816778897631	-11.297155107183	-10.8821176079042	-6.79465476665383	-5.84045845626696	-7.25276098782456	-7.03036856648812	-2.28313463686808	-18.6592085149264	-11.8821176079042	-21.5160539399953	-12.5601895130168	-13.8821176079042	-7.46426509301828	-18.5482424388053	-12.8821176079042	-8.28220476571705	-18.6583509692635	-5.65089642719299	-13.8821176079042	-19.6192062202956	-13.8821176079042	-3.32178477369173	-4.98578520399423	-18.6924724781975	-7.64371286857909	-10.1816778897631	-10.1272301057407	-8.14065062150303	-8.25276098782456	-8.35855565184716	-4.75154704509875	-8.79465476665384	-19.6192062202956	-18.4849487344682	-11.297155107183	-13.297155107183	-6.54226760501955	-18.4668093519586
np0297	-11.845097960973	-5.00274761755917	-17.9648879574086	-6.51418108285836	-11.2601354602518	-18.6943578872215	-11.845097960973	-10.5231698660856	-19.1439162732725	-17.7604210873886	-1.83736984634072	-9.93820736536446	-7.71581494402801	-12.845097960973	-5.41046973333625	-11.845097960973	-19.5160539399953	-10.5231698660856	-11.845097960973	-21.5160539399953	-18.4354667979437	-9.20124177119825	-18.6095178401463	-5.33334530720559	-12.2601354602518	-10.2601354602518	-10.6751729595307	-9.03774303891537	-18.129283016945	-6.63564459534402	-17.7361574621684	-17.6240100514525	-8.45278053819421	-6.13085244330685	-19.1439162732725	-7.07691363619605	-17.9865309296644	-18.3791414185299	-12.845097960973	-5.10026412347343	-11.845097960973	-18.9310914392741	-13.845097960973	-10.1446582428319	-9.59717044752939	-11.845097960973	-18.4819570601872	-11.5231698660856	-18.9648879574086	-18.4544358573167	-7.29050910929534	-8.3532448646433	-12.2601354602518	-8.06373824744832	-7.63564459534402	-9.93820736536446	-17.9797712684366	-7.32153600491596	-13.845097960973	-10.3856663423357	-17.846702404935	-11.5231698660856	-9.93820736536446	-4.74181015256095	-8.38566634233568	-18.4392911680949	-11.5231698660856	-12.2601354602518	-13.845097960973	-7.63564459534402	-2.98633986103755	-9.32153600491596	-7.43570702483527	-2.14856504689467	-18.6592085149264	-11.5231698660856	-21.5160539399953	-9.93820736536446	-8.9871169658454	-5.65527340209296	-18.5482424388053	-18.1477514775078	-7.03774303891537	-5.63077884017221	-5.91436062341009	-18.6592085149264	-19.6192062202956	-19.1611220392346	-5.61627927047709	-6.59717044752939	-18.6924724781975	-7.41883320627088	-11.5231698660856	-13.845097960973	-13.845097960973	-9.52316986608561	-9.09021045880951	-18.7398201567927	-12.845097960973	-19.6192062202956	-7.93820736536446	-11.2601354602518	-13.845097960973	-8.23038811685777	-18.4668093519586
np0298	-17.4462271471724	-7.15851476762294	-9.80960252662874	-3.96884832097289	-12.4462271471724	-8.79876872071747	-10.0625228546983	-11.9226651911154	-19.1439162732725	-17.7604210873886	-1.38373824829801	-7.60387680375858	-8.53633406340235	-12.0539097243936	-6.26259176569917	-12.1982996337288	-19.5160539399953	-18.5202426739746	-6.80960252662874	-21.5160539399953	-12.9226651911154	-8.96644688314329	-14.4462271471724	-7.60859921400098	-10.8916382954948	-10.8315173030572	-12.6388722251148	-6.78355877165485	-12.7457874290313	-4.91997245334379	-14.2763021457301	-10.9384325069737	-6.47181255736686	-5.95037212028522	-19.1439162732725	-8.79876872071747	-17.9865309296644	-12.358764305922	-10.5635840978105	-2.39455086780254	-15.8612646464512	-18.9310914392741	-11.0032836513237	-17.6755849574782	-10.286355810394	-18.6943578872215	-13.6388722251148	-11.8612646464512	-12.3169441302274	-18.4544358573167	-8.23190802637162	-8.36407810581852	-13.8612646464512	-9.31180082695146	-6.0453477108902	-7.83151730305718	-13.7457874290313	-8.33509147693768	-15.124299052285	-14.8612646464512	-17.846702404935	-18.4212348069659	-10.9867955285351	-6.4790008883364	-9.34293933876037	-18.4392911680949	-9.4804428625103	-13.9867955285351	-12.4018330278139	-6.53034776833662	-6.28509526418808	-8.29140903812029	-7.93447449340501	-14.6388722251148	-12.5882461520448	-17.687608057609	-7.56664389755961	-10.3801379567146	-5.12148403667797	-4.8626742167059	-18.5482424388053	-13.7457874290313	-7.20901718641737	-18.6583509692635	-5.27630214573008	-13.2763021457301	-13.0539097243936	-12.3169441302274	-5.35446120865559	-5.7848943943772	-14.4462271471724	-9.78801566442059	-10.3169441302274	-14.2763021457301	-11.5393365515639	-7.3561147275081	-8.30156890434051	-18.7398201567927	-13.8612646464512	-12.6388722251148	-13.4462271471724	-10.7319816295063	-10.1063771442878	-8.90319532691715	-18.4668093519586
np0300	-6.05812907342554	-7.20297237529773	-13.4461463587707	-8.2173276682748	-7.79509466759175	-18.6943578872215	-10.4919500483838	-12.8611838580495	-19.1439162732725	-17.7604210873886	-1.88009232059958	-12.4461463587707	-7.05812907342554	-18.0467296909277	-4.11019779356838	-11.6387914367131	-19.5160539399953	-13.1242182638833	-13.8611838580495	-21.5160539399953	-12.2762213573284	-8.84623351658355	-18.6095178401463	-4.96132346450853	-13.4461463587707	-18.3791414185299	-11.4461463587707	-6.39902244665665	-18.129283016945	-5.24157521452147	-14.4461463587707	-12.4461463587707	-7.50950841976811	-5.27122067627	-19.1439162732725	-12.8611838580495	-17.9865309296644	-13.8611838580495	-14.4461463587707	-4.34679854836748	-14.4461463587707	-11.9867147401334	-19.1027753967423	-17.6755849574782	-10.0538289359919	-13.8611838580495	-18.4819570601872	-18.6943578872215	-18.9648879574086	-18.4544358573167	-6.66151151321316	-9.46886643527076	-13.4461463587707	-8.90698754766264	-7.29639923926599	-10.8611838580495	-10.0538289359919	-12.1242182638833	-19.1611220392346	-12.6387914367131	-17.846702404935	-18.4212348069659	-10.9225844027137	-8.50363185343144	-9.83143651465547	-18.4392911680949	-17.786116445496	-13.8611838580495	-13.8611838580495	-9.17935981807578	-3.75135320377073	-10.5392557631622	-8.51540902120779	-4.37736808078526	-5.08969438854892	-17.687608057609	-5.06028395812922	-15.4461463587707	-9.31686334182571	-5.4948616438037	-12.8611838580495	-7.75265940127135	-4.74744169200033	-18.6583509692635	-6.42377854574222	-18.6592085149264	-19.6192062202956	-19.1611220392346	-2.7857047085615	-6.8839039345496	-18.6924724781975	-10.4919500483838	-11.7457066406296	-12.4461463587707	-18.4819570601872	-5.89155750709304	-7.0325184297465	-14.4461463587707	-13.4461463587707	-19.6192062202956	-13.8611838580495	-8.62596739635549	-12.2762213573284	-8.08859435415259	-18.4668093519586
np0301	-18.4462271471724	-7.10401043219439	-11.9177916234114	-5.07230157246705	-9.96359531302455	-12.9177916234114	-10.2739354336367	-10.2739354336367	-11.5958635285241	-17.7604210873886	-1.02022974382764	-7.99892838613683	-8.70833825778248	-18.0467296909277	-5.41595443850913	-10.162904121248	-19.5160539399953	-18.5202426739746	-8.44205819244503	-21.5160539399953	-11.2173519052703	-8.80926716663326	-18.6095178401463	-8.83032878216109	-12.5958635285241	-9.63238940454918	-10.2173519052703	-9.2739354336367	-18.129283016945	-4.34509139692413	-17.7361574621684	-6.90656436798817	-5.91497660780437	-6.42593852708175	-19.1439162732725	-8.94051169991151	-17.9865309296644	-12.3328291226903	-16.8252817996473	-5.4831633957747	-11.7478666219691	-18.9310914392741	-19.1027753967423	-17.6755849574782	-9.91779162341143	-18.6943578872215	-13.3328291226903	-10.7478666219691	-18.9648879574086	-18.4544358573167	-7.58687474529681	-7.58687474529681	-12.9177916234114	-8.30308177929622	-5.35364213342569	-9.05981062828385	-10.6698641099678	-8.21735190527033	-19.1611220392346	-10.9177916234114	-17.846702404935	-18.4212348069659	-10.0598106282839	-6.8145038149994	-7.99892838613683	-18.4392911680949	-9.63238940454918	-12.9177916234114	-18.3552564508737	-6.94624806946065	-4.95489561807417	-7.72796706453141	-9.30308177929622	-13.3328291226903	-8.04742690382802	-12.1104367013538	-5.83298323560706	-10.2739354336367	-9.13643190988677	-5.1595684086847	-18.5482424388053	-11.7478666219691	-6.31416527842523	-18.6583509692635	-4.58351833810424	-12.9177916234114	-12.5958635285241	-12.9177916234114	-4.50204985512134	-5.38446189110559	-12.1104367013538	-8.68897293291555	-11.5958635285241	-13.3328291226903	-9.74786662196911	-8.39422966735441	-7.45018607332843	-18.7398201567927	-11.0109010278029	-12.5958635285241	-7.37863281230339	-9.21735190527033	-12.1104367013538	-6.7833653031905	-18.4668093519586
np0305	-10.7313190310251	-9.99435343685886	-17.9648879574086	-10.5089266096886	-17.4392911680949	-18.6943578872215	-9.99435343685886	-18.0189119165308	-19.1439162732725	-9.50892660968862	-5.48973304445531	-16.8818468512374	-10.7313190310251	-18.0467296909277	-4.61584181360513	-17.5323711460796	-19.5160539399953	-18.5202426739746	-13.3162815317462	-21.5160539399953	-5.28837553517634	-12.3162815317462	-8.03087931288397	-5.77712272063819	-8.99435343685886	-10.3162815317462	-13.3162815317462	-10.5089266096886	-18.129283016945	-7.45830053661865	-17.7361574621684	-17.6240100514525	-5.77712272063819	-8.45830053661865	-19.1439162732725	-8.92396410896746	-17.9865309296644	-18.3791414185299	-16.8252817996473	-6.84054810077982	-17.431970894603	-18.9310914392741	-19.1027753967423	-13.3162815317462	-6.22881869049588	-10.3162815317462	-10.5089266096886	-18.6943578872215	-18.9648879574086	-6.53492181822156	-7.45830053661865	-17.786116445496	-11.7313190310251	-10.9943534368589	-9.14635653030391	-13.3162815317462	-10.3162815317462	-18.4544358573167	-19.1611220392346	-17.9797712684366	-17.846702404935	-10.1463565303039	-18.1439162732725	-6.27188741238777	-9.14635653030391	-11.7313190310251	-17.786116445496	-17.7069141533982	-18.3552564508737	-12.3162815317462	-13.3162815317462	-16.6919070560448	-6.44591681216282	-0.459078060238055	-18.6592085149264	-17.687608057609	-6.31628153174622	-10.7313190310251	-16.7398201567927	-13.3162815317462	-18.5482424388053	-18.1477514775078	-7.89001677704412	-9.50892660968862	-10.7313190310251	-18.6592085149264	-19.6192062202956	-19.1611220392346	-6.10682816611727	-6.6724253419715	-18.6924724781975	-10.1463565303039	-10.5089266096886	-19.0272850912691	-11.3162815317462	-17.9797712684366	-9.85684991310892	-18.7398201567927	-17.786116445496	-19.6192062202956	-13.3162815317462	-8.4093909361377	-18.1166993110972	-8.36208522135935	-18.4668093519586
np0307	-6.17684693282961	-7.71140109290513	-17.9648879574086	-7.34578574581265	-12.6909691930003	-16.0128972878877	-11.7274950690254	-14.6909691930003	-19.1439162732725	-17.7604210873886	-0.950808976583401	-13.5534656692504	-8.28157825686261	-14.2055423658301	-7.68198040977306	-12.369041098113	-19.5160539399953	-18.5202426739746	-10.521044191558	-21.5160539399953	-11.9254344466373	-7.90698877931652	-18.6095178401463	-5.73851913464132	-10.569953792039	-15.4279347871665	-10.569953792039	-7.74611074719278	-18.129283016945	-5.54274685261332	-14.6909691930003	-9.34047194591618	-6.84172049023591	-5.90960947947566	-19.1439162732725	-13.4279347871665	-17.9865309296644	-13.5534656692504	-16.8252817996473	-4.98154069163197	-12.8429722864454	-12.369041098113	-16.0128972878877	-17.6755849574782	-11.2580097857242	-14.2055423658301	-18.4819570601872	-16.0128972878877	-15.4279347871665	-18.4544358573167	-7.7531540241969	-13.1060066922792	-18.0315827535454	-8.08511932580534	-6.51704226100051	-10.2580097857242	-9.7840785973918	-13.1060066922792	-17.0128972878877	-9.28497683332448	-17.846702404935	-15.4279347871665	-12.4279347871665	-6.95625957277448	-8.35468580513588	-18.4392911680949	-14.6909691930003	-11.9254344466373	-12.3124575697466	-9.79372876742552	-5.63514449286546	-11.3404719459162	-7.49719744960364	-5.48200330669376	-6.0925444324726	-11.45830843621	-4.7054118392982	-17.0733884685424	-9.08215995032479	-6.25300910466584	-13.2055423658301	-8.15802890462744	-5.27564994485994	-18.6583509692635	-6.77210595572572	-16.0128972878877	-19.6192062202956	-19.1611220392346	-3.87222725747258	-6.68871674126894	-18.6924724781975	-7.12263301086657	-10.8429722864454	-14.6909691930003	-18.4819570601872	-12.0587009775008	-8.22499472849625	-18.7398201567927	-16.0128972878877	-16.0128972878877	-11.6909691930003	-6.54835153755374	-12.9254344466373	-4.43193215191035	-13.5534656692504
np0308	-8.20642652621715	-6.15074239363947	-8.48558059741422	-5.74456817018531	-8.85278957160245	-13.9613140283806	-4.81029748948837	-18.0189119165308	-7.87385118713028	-17.7604210873886	-3.90603159287943	-9.75186066275167	-4.24021483967343	-12.153959106323	-3.87983059028694	-8.67591180951837	-19.5160539399953	-7.51837053253189	-8.14113506596543	-21.5160539399953	-10.4377520723236	-7.41441956849298	-18.6095178401463	-7.33195740830101	-17.6943578872215	-8.26087431023952	-11.2608743102395	-7.51837053253189	-18.129283016945	-6.29953593060863	-17.7361574621684	-12.9613140283806	-7.02467608937804	-5.51010291654829	-13.9613140283806	-7.81156690887593	-13.9613140283806	-9.26087431023952	-6.16689816203051	-2.87883230051751	-17.431970894603	-18.9310914392741	-19.1027753967423	-17.6755849574782	-7.89522483792284	-9.7913890269383	-11.9613140283806	-11.2608743102395	-12.9613140283806	-6.55617256524427	-7.85278957160245	-8.2748135011974	-10.6393859334933	-8.96131402838061	-8.21984704197947	-8.00711771799374	-9.71338651493703	-1.96431101310781	-9.46946093205094	-11.6393859334933	-17.846702404935	-12.9613140283806	-9.23339357381742	-9.34660418426541	-8.28888868640912	-18.4392911680949	-9.75186066275167	-10.713386514937	-11.6393859334933	-7.21984704197947	-9.67591180951837	-9.60376202376253	-7.73249533788473	-7.00711771799374	-10.0071177179937	-11.5018824097433	-9.71338651493703	-8.04245079110602	-7.36140118619349	-5.00711771799374	-11.9613140283806	-11.5018824097433	-4.27568918865426	-18.6583509692635	-7.91691990902216	-11.7913890269383	-9.56899660560186	-19.1611220392346	-5.9196548767434	-7.91691990902216	-18.6924724781975	-8.9840341048807	-12.6393859334933	-12.9613140283806	-9.96131402838061	-5.96131402838062	-5.83460955553743	-9.63938593349325	-8.42215521727258	-13.9613140283806	-11.2608743102395	-9.83203101143565	-7.08479708181562	-8.63938593349325	-18.4668093519586
np0310	-10.4421237690366	-7.39671330934667	-17.9648879574086	-10.4089569051014	-10.6984635222964	-18.6943578872215	-8.94952528646412	-18.0189119165308	-19.1439162732725	-17.7604210873886	-5.54758797485708	-16.8818468512374	-4.04502128369248	-18.0467296909277	-5.21107007415743	-10.0870288102141	-19.5160539399953	-18.5202426739746	-14.2834260230176	-21.5160539399953	-10.0610336016811	-9.80229933328094	-18.6095178401463	-9.29853291540777	-17.6943578872215	-11.5464604288514	-11.0610336016811	-7.41306130343416	-18.129283016945	-6.75986406696055	-17.7361574621684	-17.6240100514525	-8.52853852085409	-7.29853291540777	-19.1439162732725	-7.0418400364478	-17.9865309296644	-14.8683885237387	-16.8252817996473	-2.86223779556841	-13.2834260230176	-11.5464604288514	-19.1027753967423	-17.6755849574782	-8.56460777556161	-9.16794880559762	-15.8683885237387	-12.8683885237387	-18.9648879574086	-9.19596318176722	-6.87686667766302	-17.786116445496	-13.8683885237387	-3.45767219013445	-11.8683885237387	-9.98574547437688	-11.0104075286111	-8.5020663094929	-6.09855068010928	-8.63956983324283	-17.846702404935	-10.8239944043803	-18.1439162732725	-7.53299816904479	-11.224532333964	-18.4392911680949	-17.786116445496	-14.8683885237387	-18.3552564508737	-12.1679488055976	-13.2834260230176	-10.9614979281302	-7.75464635768953	-0.942695013282895	-18.6592085149264	-13.8683885237387	-21.5160539399953	-10.1679488055976	-14.8683885237387	-10.6984635222964	-18.5482424388053	-18.1477514775078	-9.80229933328094	-18.6583509692635	-8.08702881021406	-12.8683885237387	-19.6192062202956	-19.1611220392346	-6.25920978559674	-5.87120904280109	-18.6924724781975	-10.0610336016811	-14.8683885237387	-11.0610336016811	-15.8683885237387	-17.9797712684366	-7.31764173835547	-18.7398201567927	-17.786116445496	-19.6192062202956	-18.4849487344682	-9.21017704098692	-18.1166993110972	-11.7809256824884	-18.4668093519586
np0314	-5.59793822276118	-7.5012622033495	-11.9151127876779	-5.00758956980935	-8.84111220623413	-12.9931152996792	-9.9151127876779	-13.5780778004003	-19.1439162732725	-17.7604210873886	-1.18049229147006	-10.9151127876779	-7.01583537617926	-11.9151127876779	-7.424948041501	-11.5191841113468	-14.1630403011215	-11.3556853790639	-5.41988890700899	-21.5160539399953	-10.8776380822592	-7.3981687103854	-18.6095178401463	-6.4266383698032	-10.6711872047918	-14.5780778004003	-9.72009680527276	-6.50840427259352	-18.129283016945	-5.45223386742214	-11.9931152996792	-8.41484745153203	-7.80548829650341	-5.77933600864744	-16.1630403011215	-12.8411122062341	-12.1630403011215	-11.3050593059939	-11.7707228783427	-3.86985607036198	-17.431970894603	-12.9931152996792	-14.5780778004003	-17.6755849574782	-9.82319029823686	-12.8411122062341	-14.5780778004003	-18.6943578872215	-11.7036086824842	-14.5780778004003	-7.08889883836898	-9.82319029823686	-18.0315827535454	-9.49061495914999	-7.43172127009643	-7.37187741256647	-8.20303836905341	-13.3556853790639	-19.1611220392346	-10.7707228783427	-17.846702404935	-18.4212348069659	-11.9151127876779	-6.5355064166487	-10.5483304570063	-18.4392911680949	-11.3050593059939	-11.7707228783427	-11.7036086824842	-7.51198860994256	-4.78963134089279	-9.22052579578225	-5.80548829650341	-5.31285346347572	-6.2278752515178	-11.1630403011215	-5.9068316125941	-12.9931152996792	-8.80548829650341	-5.16233603211024	-14.1630403011215	-9.16304030112149	-6.49238405200305	-18.6583509692635	-5.5733891546067	-18.6592085149264	-13.8411122062341	-16.1630403011215	-4.25052515631909	-7.16586082018387	-18.6924724781975	-8.98313121110655	-10.2803972517596	-19.0272850912691	-11.9931152996792	-7.97816495821321	-8.04409922839798	-16.1630403011215	-11.408152798958	-19.6192062202956	-7.33649181383058	-8.1972560164594	-12.8411122062341	-6.89391362197207	-11.7707228783427
np0316	-6.98201007541231	-9.5504844533449	-9.05571976159532	-3.26088468994199	-10.7619885585386	-10.424953571261	-8.61759864920344	-15.0099160719822	-19.1439162732725	-17.7604210873886	-1.1329195857615	-8.7431295312873	-8.3374907300107	-11.0099160719822	-6.04124927878699	-11.5504844533449	-13.424953571261	-10.5504844533449	-8.7431295312873	-21.5160539399953	-12.424953571261	-6.85004473520381	-18.6095178401463	-7.24836483953772	-10.1519350768546	-11.8399910705399	-11.0099160719822	-9.15193507685463	-18.129283016945	-5.88321159913901	-9.80046270635325	-8.44006046365125	-8.47075726087417	-3.96620520863504	-12.424953571261	-13.424953571261	-17.9865309296644	-10.8399910705399	-10.7619885585386	-4.62405367134074	-17.431970894603	-18.9310914392741	-19.1027753967423	-17.6755849574782	-9.5504844533449	-11.3094763538411	-14.0099160719822	-18.6943578872215	-12.0099160719822	-18.4544358573167	-7.60903663570001	-8.94382688152443	-11.8399910705399	-9.83999107053989	-8.17702605781746	-7.37329145143855	-9.17702605781746	-18.4544358573167	-19.1611220392346	-11.8399910705399	-17.846702404935	-12.424953571261	-11.0099160719822	-6.36967113575985	-7.7431295312873	-18.4392911680949	-9.22855635845754	-12.2025611499246	-11.424953571261	-6.45532722030456	-5.47075726087417	-8.78109738148632	-5.98201007541231	-6.91715893106235	-7.42495357126104	-9.96552195262374	-6.57946352031667	-11.8399910705399	-8.3517045892304	-7.7061353238051	-13.0099160719822	-13.424953571261	-7.08510356837642	-18.6583509692635	-5.80046270635325	-13.0099160719822	-12.6879879770948	-19.1611220392346	-4.32779930703212	-5.58785130580939	-18.6924724781975	-8.83999107053989	-9.72451385311995	-19.0272850912691	-8.78109738148632	-7.09702673575224	-7.63487664063527	-11.8399910705399	-11.1030254763737	-13.424953571261	-9.72451385311995	-11.8399910705399	-10.424953571261	-7.25502856981873	-11.5504844533449
np0317	-8.88599151365361	-4.63561667979128	-12.8401878240405	-4.25334803607866	-11.0328329019829	-18.6943578872215	-8.5922603105969	-18.0189119165308	-19.1439162732725	-17.7604210873886	-1.35813619500657	-6.6017830847154	-6.94537006073254	-11.5182597291531	-5.93932101605973	-11.5182597291531	-19.5160539399953	-18.5202426739746	-7.95754477467864	-21.5160539399953	-18.4354667979437	-8.4826358194224	-12.8401878240405	-9.44787040126172	-10.5182597291531	-9.51825972915312	-10.8401878240405	-7.30102901293245	-10.8401878240405	-6.57340128334558	-13.8401878240405	-9.84018782404048	-7.73166336726231	-6.35637204677623	-19.1439162732725	-8.93329722843196	-17.9865309296644	-18.3791414185299	-11.8401878240405	-4.76337222698965	-10.8401878240405	-11.5182597291531	-19.1027753967423	-17.6755849574782	-9.38075620540319	-18.6943578872215	-18.4819570601872	-11.8401878240405	-18.9648879574086	-7.57340128334558	-6.45648353156643	-9.93329722843196	-12.8401878240405	-10.6702628225982	-7.38075620540318	-10.3807562054032	-7.51825972915312	-18.4544358573167	-19.1611220392346	-11.0328329019829	-17.846702404935	-11.8401878240405	-12.8401878240405	-7.46514839269356	-10.3807562054032	-10.0328329019829	-9.31662586798347	-10.2552253233193	-9.25522532331933	-6.40555959640376	-7.84018782404048	-11.5182597291531	-6.078636591596	-3.12336836271053	-9.84018782404048	-11.5182597291531	-12.2552253233193	-10.0328329019829	-7.18197634128869	-5.50927094592587	-18.5482424388053	-18.1477514775078	-7.11226736947728	-18.6583509692635	-4.80126883474818	-13.8401878240405	-19.6192062202956	-12.2552253233193	-4.09199497445102	-4.72905215380578	-18.6924724781975	-10.1397481058994	-8.38075620540319	-12.2552253233193	-11.8401878240405	-8.5922603105969	-8.44787040126172	-12.8401878240405	-12.2552253233193	-19.6192062202956	-6.82896056861723	-9.19633163426576	-11.8401878240405	-7.09872083763934	-18.4668093519586
np0318	-9.46787950119531	-4.5850309836225	-12.5553423424457	-3.73607561214488	-12.903265645866	-9.30741482900206	-10.747987420388	-18.0189119165308	-19.1439162732725	-17.7604210873886	-1.27382622886011	-7.20030593574635	-8.43195992694037	-12.7777347637821	-5.75999839948529	-11.1147697510597	-14.7777347637821	-18.5202426739746	-7.22827094428233	-21.5160539399953	-18.4354667979437	-8.62123027810211	-15.3626972645033	-9.17287270562324	-17.6943578872215	-9.19277226306094	-11.0407691696159	-7.60780976233979	-10.5047162693757	-7.57806241894573	-17.7361574621684	-12.6622575463622	-10.0228472616186	-5.87385291804592	-19.1439162732725	-17.8543286673737	-16.3626972645033	-13.3626972645033	-11.6078097623398	-4.80045484028218	-14.3626972645033	-11.3626972645033	-14.7777347637821	-17.6755849574782	-10.1532438988743	-16.3626972645033	-12.6622575463622	-11.6622575463622	-18.9648879574086	-14.7777347637821	-9.24375619177975	-8.79284165617231	-12.5553423424457	-9.67619673732004	-7.28855580175075	-8.22314591210446	-17.9797712684366	-16.3626972645033	-15.3626972645033	-12.6622575463622	-17.846702404935	-12.4558066688947	-10.8391353084462	-18.6592085149264	-8.59451293972633	-15.3626972645033	-10.7777347637821	-12.6622575463622	-13.7777347637821	-5.95755580136691	-6.48771591684948	-12.903265645866	-6.98983220439067	-3.36622377577003	-8.72607264395961	-12.1147697510597	-21.5160539399953	-9.63477680994006	-6.12668307260317	-3.18933243365422	-14.0407691696159	-18.1477514775078	-6.44532518502641	-18.6583509692635	-4.76464476434166	-13.3626972645033	-19.6192062202956	-13.7777347637821	-7.72245232828091	-6.07960891147925	-18.6924724781975	-12.6622575463622	-13.0407691696159	-19.0272850912691	-11.5553423424457	-9.37401257773109	-8.58791020490208	-15.3626972645033	-13.5553423424457	-19.6192062202956	-11.9703798417245	-10.7188410747285	-9.93643250980116	-8.63477680994006	-18.4668093519586
np0320	-12.1595273602123	-5.13514320158531	-9.9093007306791	-5.6628248642212	-11.811604056792	-8.13783228911295	-10.2614069742315	-10.6040086373836	-12.9559939661271	-15.2039214795707	-1.6625828215999	-10.5892116354555	-8.98475295910856	-11.560065289796	-5.75838926054241	-11.3212784302089	-13.2970308839622	-10.7120683832411	-5.71206838324105	-9.34594048444315	-10.2497251691839	-7.74859425926616	-18.6095178401463	-4.9932501357851	-9.8288820482238	-10.8640714766861	-11.8463694749526	-8.21239963349503	-12.1164586383204	-5.5026150176121	-11.4490339774073	-10.9944681139418	-7.22092790487642	-5.46582921995024	-17.2039214795707	-17.8543286673737	-9.72818804860433	-11.811604056792	-12.4490339774073	-4.37638028939822	-14.3965665575131	-13.3965665575131	-19.1027753967423	-9.79453054343302	-9.96551674024565	-10.8819933846834	-12.4490339774073	-11.6803595235137	-18.9648879574086	-9.95599396612714	-9.56729685902708	-10.4896759619046	-12.0746384626258	-9.25555424798605	-6.23453495822844	-9.98475295910856	-14.6189589788496	-16.2039214795707	-14.2039214795707	-11.6803595235137	-12.9559939661271	-9.93713493887582	-11.8463694749526	-4.55848820440647	-8.1058893966102	-15.6189589788496	-10.811604056792	-11.811604056792	-12.9559939661271	-6.57183506673554	-6.41275859101571	-9.8288820482238	-7.34905309631049	-3.13078409646034	-18.6592085149264	-12.2497251691839	-7.03775839692461	-10.6803595235137	-5.04847074825859	-5.00885691584991	-13.3965665575131	-13.8819933846834	-7.05544489739245	-3.51294137768198	-6.48710201824078	-13.7444898609334	-11.8463694749526	-19.1611220392346	-5.84746950934897	-6.54481751609706	-15.2039214795707	-8.29402839580068	-8.18155366654227	-19.0272850912691	-9.37103146540598	-7.6474154248988	-8.67254001905441	-11.3459404844432	-10.760977983722	-13.3965665575131	-9.64933262789309	-9.33355675998732	-10.4225617660461	-8.95125604712048	-18.4668093519586
np0321	-12.4102991057309	-3.84060506244198	-16.9648879574086	-9.42185613715335	-10.5725705346298	-16.9648879574086	-14.2644482392675	-12.8774251161582	-13.5054563387713	-14.9648879574086	-4.57942995622062	-14.5054563387713	-10.0700701941006	-15.9648879574086	-7.47604361095125	-14.9648879574086	-17.9648879574086	-18.5202426739746	-9.43350649689227	-8.49524614016907	-12.5725705346298	-9.83046163718766	-10.8356049404636	-4.82086708814169	-8.94807966972203	-13.0579973618001	-11.8151408379039	-7.63845847028628	-18.129283016945	-5.96735560988222	-15.9648879574086	-15.6429598625212	-5.84854399617112	-7.37336561083785	-12.6429598625212	-10.9096055219074	-10.9096055219074	-16.9648879574086	-12.2369675028454	-6.46155910078192	-12.6429598625212	-12.9204938380501	-19.1027753967423	-11.7949629559663	-11.5054563387713	-15.9648879574086	-14.6429598625212	-14.157533035351	-17.9648879574086	-10.7264832180835	-8.74088628321048	-14.2644482392675	-15.9648879574086	-9.90960552190739	-7.17453946065667	-9.53862320270649	-11.0945232378252	-11.6073359527905	-16.3799254566874	-11.1704720910585	-15.3799254566874	-9.58550959033732	-18.1439162732725	-6.82150474341876	-9.13516522232253	-13.9648879574086	-14.6429598625212	-14.3799254566874	-15.6429598625212	-10.8050166206302	-10.0048860253405	-13.4413260013516	-8.25408152370923	-1.88947148428667	-18.6592085149264	-13.8774251161582	-7.29246261543709	-12.2100004552451	-8.18681082787323	-5.44083603869076	-11.6794857385463	-18.1477514775078	-5.42379134205906	-1.35891659011685	-10.5219444615599	-16.9648879574086	-15.157533035351	-19.1611220392346	-5.8224617550896	-7.92596896811628	-16.3799254566874	-8.82278090010603	-10.4102991057309	-14.7949629559663	-13.9648879574086	-12.0106916470217	-10.0761447085103	-18.7398201567927	-15.9648879574086	-19.6192062202956	-13.4413260013516	-9.99334440345781	-15.3799254566874	-8.81006984835648	-18.4668093519586
np0324	-10.9205558660452	-6.46709814845258	-13.9649499854037	-10.183590271879	-8.457155345205	-18.6943578872215	-3.84050552539511	-18.0189119165308	-19.1439162732725	-17.7604210873886	-6.28371157362589	-11.6430218905163	-1.03652414101464	-18.0467296909277	-3.68562959746109	-17.5323711460796	-19.5160539399953	-13.3799874846825	-5.24641710933448	-21.5160539399953	-11.0580593897952	-9.35024014128849	-18.6095178401463	-10.473096889074	-15.9649499854037	-10.2370295308405	-14.3799874846825	-5.35116052093112	-18.129283016945	-6.60959888897889	-17.7361574621684	-13.6430218905163	-9.6611692372266	-8.6981634447088	-19.1439162732725	-7.6841792152731	-14.9649499854037	-10.6430218905163	-14.3799874846825	-6.47309688907403	-17.431970894603	-18.9310914392741	-19.1027753967423	-10.5055183667664	-8.0884330388387	-14.9649499854037	-14.3799874846825	-8.14477102298851	-18.9648879574086	-12.2645102672626	-8.04013748179792	-10.7170224719601	-18.0315827535454	-8.02243548006446	-8.89886079494593	-11.7170224719601	-17.9797712684366	-3.16850472634185	-10.7554966197747	-13.6430218905163	-17.846702404935	-9.30673850265191	-9.33559336532409	-11.1575950633461	-12.1575950633461	-18.4392911680949	-13.3799874846825	-13.3799874846825	-18.3552564508737	-10.6795477665415	-8.67032923651207	-11.2645102672626	-10.0823069360419	-3.54498980755581	-11.5055183667664	-17.687608057609	-21.5160539399953	-10.6430218905163	-10.8774871441534	-7.97059654854484	-18.5482424388053	-13.1575950633461	-6.70520672171292	-18.6583509692635	-12.5055183667664	-13.3799874846825	-14.9649499854037	-8.90966754990251	-9.04608674812911	-13.3799874846825	-18.6924724781975	-12.7950249839614	-13.3799874846825	-10.0580593897952	-11.5726325626249	-10.2645102672626	-9.5055183667664	-18.7398201567927	-12.6430218905163	-15.9649499854037	-9.71702247196011	-11.321093795629	-11.5726325626249	-10.132059971239	-18.4668093519586
np0326	-14.8573600898268	-6.70197963617938	-10.0049172782406	-5.34714537350589	-12.326845373128	-18.6943578872215	-8.89029397918884	-14.5678534726318	-15.2199301692115	-17.7604210873886	-2.20748021678588	-9.01047680358251	-9.66534131753382	-12.2459253777444	-4.7610841787701	-12.2199301692115	-14.7053569963817	-8.96119590081129	-5.25085205882433	-21.5160539399953	-10.1630989466148	-9.15076814470407	-11.488126280161	-8.07600037630209	-14.2199301692115	-11.8573600898268	-11.6349676684903	-10.5194904510704	-10.9292530083085	-6.35795708687316	-17.7361574621684	-14.7053569963817	-6.92072215082418	-5.72493176483786	-19.1439162732725	-12.3548597492976	-8.53743713082977	-11.8980020743241	-11.4574294829381	-4.6479067241978	-15.7053569963817	-16.4423225905479	-14.326845373128	-11.7604985505742	-8.63496766849031	-18.6943578872215	-13.6349676684903	-11.2459253777444	-16.4423225905479	-11.4125752471539	-9.18808130317212	-9.84737600125413	-12.2459253777444	-7.70874228156634	-7.09433219907435	-9.09359443631683	-14.2199301692115	-13.5037231352121	-13.2723975891056	-11.7418828724068	-17.846702404935	-13.5037231352121	-12.2459253777444	-8.67634590972263	-7.97471704046491	-15.7053569963817	-9.51158525298502	-12.4726962395914	-12.7793575778255	-5.48473682893385	-4.30896628078981	-8.1339835604085	-8.12340324553289	-1.51579493800487	-8.21350390005203	-17.687608057609	-21.5160539399953	-12.2993646367059	-6.68632232701737	-3.98126953458772	-18.5482424388053	-14.5678534726318	-7.31906336123071	-18.6583509692635	-7.45742948293812	-17.0272850912691	-16.0272850912691	-15.0272850912691	-6.91029141372208	-7.11739200749902	-18.6924724781975	-10.4125752471539	-9.16930409614149	-18.0272850912691	-10.3130395736029	-7.501764282174	-7.38433086778873	-12.4726962395914	-9.10544415419458	-14.326845373128	-10.0272850912691	-11.0847705859298	-10.1203944956605	-8.22962356541531	-18.4668093519586
np0327	-18.4462271471724	-6.23168546325564	-10.0920334729271	-5.57595827493214	-17.4392911680949	-18.6943578872215	-10.4843508957059	-18.0189119165308	-19.1439162732725	-17.7604210873886	-0.91681067671556	-9.33460377620121	-7.85499427562628	-18.0467296909277	-4.85408377067912	-12.4843508957059	-19.5160539399953	-9.0086174647395	-5.23286848508568	-21.5160539399953	-18.4354667979437	-6.42635917294672	-10.530154585319	-6.97259824193851	-8.89938839498474	-10.5774603000974	-11.0920334729271	-10.8404947059312	-18.129283016945	-6.60170784634405	-13.4843508957059	-17.6240100514525	-9.33460377620121	-6.8807245507197	-9.33460377620121	-17.8543286673737	-9.62636990057832	-12.6769959736483	-11.3968880544556	-5.66736727245051	-17.431970894603	-12.6769959736483	-19.1027753967423	-9.27489753007694	-9.46198308267744	-9.67699597364829	-15.4843508957059	-12.3144258942636	-18.9648879574086	-18.4544358573167	-7.00457063167679	-11.2364233822623	-13.1624228008185	-7.77010537803977	-6.53890705932798	-9.8119255537344	-9.62636990057832	-11.8993883949847	-6.93745643581826	-10.7839111775648	-17.846702404935	-9.62636990057832	-11.3144258942636	-7.37582643892772	-8.0086174647395	-18.4392911680949	-9.72946339354242	-12.0249192770686	-9.75643044114269	-7.58953313239795	-16.646333693381	-8.84049470593117	-5.51568410251068	-5.58499397278278	-18.6592085149264	-9.92976204402826	-6.58046904996971	-8.84049470593117	-6.05180899531763	-9.60170784634405	-18.5482424388053	-11.7839111775648	-4.62093893676426	-18.6583509692635	-6.13341171415946	-12.8993883949847	-11.5774603000974	-13.4843508957059	-4.62636990057832	-5.12789892548414	-10.8993883949847	-7.33969265287401	-12.3144258942636	-19.0272850912691	-12.3144258942636	-8.10064660323184	-7.12679889108781	-15.4843508957059	-11.4843508957059	-19.6192062202956	-9.43995677634744	-10.1989486768436	-10.8993883949847	-5.79260737653462	-13.8993883949847
np0328	-12.8167265474666	-7.46673453416135	-9.04665264148844	-4.04382290202441	-9.86919396736073	-18.6943578872215	-8.83617891013276	-18.0189119165308	-14.6240814695242	-17.7604210873886	-2.6458179004381	-8.9658699867724	-10.1005195134672	-15.6240814695242	-4.9507723939625	-13.1646498508869	-12.8167265474666	-18.5202426739746	-12.1646498508869	-21.5160539399953	-10.4146281038952	-10.2317640467454	-18.6095178401463	-10.8691939673607	-14.039118968803	-9.41462810389524	-9.43425691064418	-8.27978556160838	-15.039118968803	-6.9516561275527	-13.3021533746368	-17.6240100514525	-5.76221912946504	-6.43425691064418	-19.1439162732725	-12.4541564680819	-17.9865309296644	-12.8167265474666	-12.9236417513831	-4.26241179003142	-15.039118968803	-12.7171908739157	-16.6240814695242	-12.3761539560806	-10.0694926178466	-11.4146281038952	-15.6240814695242	-11.009371625409	-16.6240814695242	-8.37141603707395	-7.35261844161982	-17.786116445496	-14.039118968803	-10.1811379736755	-6.02231068111648	-11.4947984525792	-16.6240814695242	-18.4544358573167	-16.6240814695242	-12.3761539560806	-17.846702404935	-10.9516561275527	-13.6240814695242	-9.64680154602428	-9.04665264148844	-18.4392911680949	-10.6240814695242	-12.3761539560806	-12.1005195134672	-6.69630350744185	-5.99108627238124	-11.009371625409	-6.59065846798674	-2.39061158200212	-18.6592085149264	-17.687608057609	-16.6240814695242	-10.1322283731945	-7.06183904530312	-6.8725374104351	-14.3021533746368	-14.6240814695242	-9.45415646808188	-1.63557429060102	-7.09465091537804	-12.4541564680819	-12.8167265474666	-19.1611220392346	-7.59617547295431	-6.44541661851772	-14.3021533746368	-10.3761539560806	-16.6240814695242	-14.3021533746368	-14.039118968803	-10.1978167148221	-7.96944544099623	-18.7398201567927	-13.1646498508869	-14.6240814695242	-9.56879903402301	-10.5796873501657	-12.5366186282739	-9.52604938656367	-18.4668093519586
np0329	-11.7317432907078	-5.0285318233167	-17.9648879574086	-5.38301513647676	-13.468708884874	-9.69611938097712	-10.6613539628164	-11.8837463841529	-19.1439162732725	-14.0536713855952	-1.34189688062986	-10.6613539628164	-9.62740663089311	-12.468708884874	-6.56985560833095	-11.8837463841529	-12.2463164635376	-10.1956903904676	-7.07639146209529	-8.6442804494575	-11.7317432907078	-8.67863195424828	-18.6095178401463	-5.2463164635376	-9.46870888487405	-11.2463164635376	-11.5942397669579	-9.59423976695791	-11.7317432907078	-6.4352858833366	-11.2463164635376	-10.1956903904676	-7.79628354290255	-6.41342644937286	-19.1439162732725	-17.8543286673737	-10.468708884874	-18.3791414185299	-11.5942397669579	-4.76480531142938	-14.0536713855952	-13.0536713855952	-19.1027753967423	-10.1467807899867	-9.92438836865024	-18.6943578872215	-13.0536713855952	-12.2463164635376	-13.468708884874	-8.06498669882304	-8.62740663089311	-12.468708884874	-18.0315827535454	-9.46870888487405	-5.31726945427691	-10.8837463841529	-12.0536713855952	-18.4544358573167	-19.1611220392346	-11.7317432907078	-12.468708884874	-9.49908253391757	-12.468708884874	-4.75675517871592	-8.76826916673296	-18.4392911680949	-11.1467807899867	-11.468708884874	-12.468708884874	-6.46495675001294	-5.70937547767939	-9.2463164635376	-6.33599496252881	-3.01201223395799	-18.6592085149264	-10.8057438721516	-6.66135396281644	-10.468708884874	-4.54389638126827	-6.65706660441335	-18.5482424388053	-18.1477514775078	-7.58606583551221	-5.09802147806683	-6.19569039046763	-18.6592085149264	-12.468708884874	-19.1611220392346	-5.20504844516587	-5.95300904659001	-18.6924724781975	-8.33942586792908	-8.82485269509932	-19.0272850912691	-10.2987838834317	-7.86384682671519	-9.73174329070784	-10.9662085443449	-10.5942397669579	-15.0536713855952	-7.61072788974648	-9.76826916673296	-10.8837463841529	-8.35323166745411	-18.4668093519586
np0330	-18.4462271471724	-9.09755765267545	-7.15726389879972	-3.18590925169059	-13.5700454241382	-18.6943578872215	-9.78344906224739	-8.09107361910525	-15.8919735190256	-17.7604210873886	-1.9646585082166	-8.78344906224739	-7.59276550063828	-10.1640530644624	-6.23197762659558	-11.7220485175832	-11.3070110183044	-10.4996560962468	-7.24811732925083	-21.5160539399953	-13.5700454241382	-6.47623175073547	-18.6095178401463	-4.87795304871062	-9.76269050208059	-11.4325419003883	-11.084618596968	-7.66315482852967	-12.1915338008845	-5.60080281970369	-9.91469359552564	-17.6240100514525	-7.21601648608381	-5.77303244630205	-14.3070110183044	-17.8543286673737	-7.79394143606503	-12.1915338008845	-9.03399252389798	-4.2151349125514	-17.431970894603	-18.9310914392741	-19.1027753967423	-17.6755849574782	-9.40012042269588	-9.64404600558197	-12.084618596968	-18.6943578872215	-13.3070110183044	-9.91469359552564	-8.57004542413819	-8.18461438694467	-11.7220485175832	-8.02160879944215	-7.40012042269588	-9.46570876432346	-12.5700454241382	-15.8919735190256	-19.1611220392346	-10.7220485175832	-17.846702404935	-8.5790905637412	-10.985082923417	-5.02160879944215	-8.01545657246056	-18.4392911680949	-9.26261689894595	-11.5700454241382	-11.3684115629685	-6.32782402903982	-5.2063486792992	-7.12378919424863	-7.65356877970048	-4.63340748513562	-18.6592085149264	-8.17772800135943	-3.78573775740981	-8.97311028175096	-5.91899373295927	-3.65595932712547	-14.8919735190256	-13.3070110183044	-6.75754719880463	-18.6583509692635	-6.38814778102981	-12.8919735190256	-11.1370860168621	-12.5700454241382	-5.16831257461557	-6.38814778102981	-11.5700454241382	-7.831277587338	-9.48258258288785	-19.0272850912691	-11.3684115629685	-6.53222395870323	-7.14713968152601	-14.8919735190256	-10.4996560962468	-13.8919735190256	-10.5344215144075	-10.3373846673479	-11.2481173292508	-6.39212763194235	-8.97311028175096
np0332	-18.4462271471724	-5.03361015988235	-17.9648879574086	-6.22726212989733	-17.4392911680949	-18.6943578872215	-17.3552564508737	-18.0189119165308	-19.1439162732725	-17.7604210873886	-0.201753897867478	-12.6003689487103	-6.08146085165946	-18.0467296909277	-5.67094613974938	-9.32183344933628	-19.5160539399953	-18.5202426739746	-17.8816397677299	-21.5160539399953	-18.4354667979437	-15.0333283559864	-18.6095178401463	-17.7069815832335	-17.6943578872215	-13.8958248322364	-15.7702939501526	-15.7702939501526	-18.129283016945	-11.4972754557462	-17.7361574621684	-17.6240100514525	-13.2677936096234	-8.50350740945767	-17.3552564508737	-6.68194737531203	-17.9865309296644	-17.3552564508737	-14.3552564508737	-10.1753473608588	-17.431970894603	-15.7702939501526	-19.1027753967423	-17.6755849574782	-12.0698542320115	-18.6943578872215	-18.4819570601872	-14.7702939501526	-18.9648879574086	-10.6137894644726	-7.99990535444891	-11.9289916961716	-16.3552564508737	-17.5280572417884	-12.4972754557462	-15.0333283559864	-17.9797712684366	-14.3552564508737	-19.1611220392346	-17.9797712684366	-17.846702404935	-18.4212348069659	-13.5479015288161	-18.6592085149264	-12.3552564508737	-18.4392911680949	-13.6548167327326	-11.962939028095	-17.3552564508737	-5.52672324041811	-16.646333693381	-11.962939028095	-15.3552564508737	-17.3552564508737	-18.6592085149264	-17.687608057609	-21.5160539399953	-15.3552564508737	-11.3552564508737	-10.6003689487103	-18.5482424388053	-10.6273359963105	-10.7553436086866	-18.6583509692635	-16.3552564508737	-17.3552564508737	-19.6192062202956	-19.1611220392346	-12.8958248322364	-14.1853314494314	-16.3552564508737	-14.1853314494314	-18.129283016945	-19.0272850912691	-13.1073289374301	-13.6548167327326	-7.44836585526521	-18.7398201567927	-14.5479015288161	-16.3552564508737	-15.0333283559864	-16.7803347081239	-16.3552564508737	-14.7702939501526	-18.4668093519586
np0333	-11.4594926079055	-5.36799425342003	-10.9938290355567	-7.4509305944021	-12.1513703125432	-11.6423566650553	-10.9210726931214	-10.2518971884972	-10.2668475299631	-14.2668475299631	-3.43897559056502	-11.3282480746273	-8.86312534391212	-13.681885029242	-5.53836008972123	-12.764347189434	-19.5160539399953	-14.8518100306843	-8.09692252852082	-8.97529308411929	-11.9938290355567	-9.07045031715963	-12.2668475299631	-5.28909060363497	-8.29338931741563	-10.764347189434	-11.8518100306843	-8.51641967599036	-13.8518100306843	-5.70079349179204	-13.0444551086267	-13.0444551086267	-7.11879470899833	-5.22975821122791	-15.2668475299631	-10.0063199797399	-10.3282480746273	-12.9449194350758	-7.16355972155111	-4.75839246629633	-12.9449194350758	-18.9310914392741	-13.2668475299631	-11.3599569343546	-10.8294422176558	-12.2079538409096	-12.764347189434	-12.8518100306843	-18.9648879574086	-7.59678146086556	-9.36799425342003	-11.3599569343546	-12.2079538409096	-6.93145717526921	-6.84899501507724	-12.2079538409096	-10.9210726931214	-15.2668475299631	-19.1611220392346	-9.57568562541005	-12.5298819357969	-10.9691669813224	-13.8518100306843	-6.18115378156585	-8.28195442235334	-18.4392911680949	-12.8518100306843	-12.392378412047	-14.5298819357969	-8.27816284319097	-7.49206047036196	-10.764347189434	-6.83918549181923	-0.86059822729261	-18.6592085149264	-12.9449194350758	-7.52988193579693	-11.0444551086267	-6.87596206267751	-6.69067814769998	-14.2668475299631	-14.8518100306843	-6.74328557390612	-5.56063933136243	-7.87453010718437	-15.2668475299631	-13.392378412047	-14.5298819357969	-6.02844279063805	-7.26122298076926	-13.681885029242	-8.76966098933042	-9.20795384090957	-19.0272850912691	-10.1935985479325	-9.30491557079665	-8.11034304428314	-12.8518100306843	-11.7225270137393	-14.8518100306843	-11.1793846887128	-9.43395751579839	-11.5298819357969	-9.05739416433418	-18.4668093519586
np0334	-18.4462271471724	-10.8612346398587	-17.9648879574086	-7.0392329418367	-17.4392911680949	-18.6943578872215	-6.14502760585929	-18.0189119165308	-19.1439162732725	-17.7604210873886	-2.82545365080496	-11.5531123444964	-11.0056245491939	-18.0467296909277	-3.74873307500462	-11.1660892213871	-12.9316239677501	-18.5202426739746	-10.2993557522506	-21.5160539399953	-5.1242690456925	-10.1242690456925	-12.9316239677501	-6.35570660663195	-9.60969587286274	-11.1660892213871	-10.0056245491939	-11.5531123444964	-12.2535520626375	-4.33319920722238	-17.7361574621684	-10.9316239677501	-8.17673646558663	-5.17941059988496	-19.1439162732725	-9.52563160807426	-12.6685895619163	-9.69896321095983	-7.0538797178011	-3.31103755729822	-14.2535520626375	-13.6685895619163	-19.1027753967423	-11.7941204440002	-8.77781863167107	-18.6943578872215	-13.2535520626375	-11.5531123444964	-18.9648879574086	-10.0836270611952	-8.9316239677501	-11.0836270611952	-12.9316239677501	-8.53930654497134	-12.0836270611952	-10.9316239677501	-9.10380494313278	-15.2535520626375	-12.9316239677501	-9.23118424960901	-17.846702404935	-13.6685895619163	-12.4461971405799	-10.0836270611952	-8.68369645430652	-18.4392911680949	-8.00562454919388	-12.6685895619163	-18.3552564508737	-9.29935575225059	-12.0836270611952	-8.79412044400017	-9.14502760585929	-1.17165258652121	-12.2535520626375	-17.687608057609	-21.5160539399953	-11.5531123444964	-10.9316239677501	-10.5531123444964	-18.5482424388053	-18.1477514775078	-8.74575742243877	-18.6583509692635	-9.32281472507458	-18.6592085149264	-19.6192062202956	-19.1611220392346	-5.29790215510909	-8.53930654497134	-18.6924724781975	-9.14502760585929	-10.498664560474	-10.8612346398587	-9.72999010658045	-13.2535520626375	-7.09873395358536	-18.7398201567927	-12.0836270611952	-19.6192062202956	-13.6685895619163	-9.32281472507458	-11.4461971405799	-7.92263518452285	-18.4668093519586
np0336	-18.4462271471724	-8.20217381066555	-7.08896320021756	-4.4202788735989	-10.0095287327232	-18.6943578872215	-9.39061890007866	-7.76160121927957	-11.8168836547808	-17.7604210873886	-2.69082453871008	-9.72942081353042	-5.7670351053302	-11.0095287327232	-5.54075924950652	-17.5323711460796	-12.2319211540596	-14.8168836547808	-5.40961589053603	-21.5160539399953	-18.4354667979437	-7.34927810469776	-18.6095178401463	-5.70574798454606	-11.0095287327232	-13.2319211540596	-9.56895614133718	-6.85688172271268	-13.8168836547808	-5.52917127523131	-11.1164439366397	-17.6240100514525	-7.00310246356372	-5.87730444046607	-13.2319211540596	-13.2319211540596	-7.64695865333845	-12.4949555598934	-8.34115022381436	-3.68245733455984	-17.431970894603	-18.9310914392741	-19.1027753967423	-17.6755849574782	-9.4949555598934	-9.81688365478076	-14.8168836547808	-18.6943578872215	-18.9648879574086	-7.30908901458207	-7.51310290660366	-9.39061890007866	-11.2319211540596	-7.08896320021756	-7.17302746500604	-10.4949555598934	-11.3574520361435	-12.0095287327232	-19.1611220392346	-10.7294208135304	-17.846702404935	-7.31703776769756	-10.173027465006	-6.00631202003961	-8.64695865333845	-18.4392911680949	-10.3574520361435	-12.2319211540596	-12.0095287327232	-7.30118381649672	-5.09236980166081	-6.21697081259363	-6.28160827815996	-3.19803935301411	-18.6592085149264	-8.40749271864306	-2.69696986932849	-9.53148143591851	-6.6876006378358	-5.64946550894902	-18.5482424388053	-18.1477514775078	-5.50173409252446	-18.6583509692635	-7.8281989680086	-18.6592085149264	-13.8168836547808	-19.1611220392346	-5.04869933000384	-6.07879139516027	-12.2319211540596	-7.65701231800237	-10.9099930591722	-19.0272850912691	-13.2319211540596	-5.39061890007866	-7.47703365189614	-18.7398201567927	-14.8168836547808	-19.6192062202956	-6.75079446432299	-9.72942081353042	-14.8168836547808	-6.64695865333845	-10.3574520361435
np0338	-10.004922678569	-5.93883348811127	-11.7248147593763	-8.16842141085193	-12.8122776006266	-11.8122776006266	-11.004922678569	-10.320424504297	-19.1439162732725	-17.7604210873886	-4.35849254513049	-11.4199601778479	-9.50849685244955	-15.8122776006266	-6.32042450429697	-13.4903495057393	-19.5160539399953	-13.4903495057393	-7.58827592642854	-8.89341436335205	-11.4903495057393	-9.40288666448895	-18.6095178401463	-5.87711255102295	-10.030917887102	-11.7248147593763	-10.9053870050181	-8.49034950573929	-13.8122776006266	-6.63236851061172	-13.2273150999055	-13.8122776006266	-6.87269838631196	-7.09803208296053	-19.1439162732725	-12.6423525991843	-12.1118378824856	-13.2273150999055	-9.03091788710199	-2.83983623406311	-15.8122776006266	-11.5643500871831	-15.8122776006266	-10.7248147593763	-8.92963455126481	-11.9053870050181	-13.004922678569	-18.6943578872215	-18.9648879574086	-12.4903495057393	-9.09803208296053	-6.77061844898943	-13.8122776006266	-5.96835654933761	-7.63735191812597	-11.4199601778479	-11.1684214108519	-15.8122776006266	-19.1611220392346	-11.2887156445696	-11.1684214108519	-11.1684214108519	-13.004922678569	-6.99529397737127	-8.94191288104324	-18.4392911680949	-13.004922678569	-13.2273150999055	-18.3552564508737	-8.73546200357582	-8.2348487725909	-10.1118378824856	-5.47912225031603	-0.932933671393442	-18.6592085149264	-11.1684214108519	-6.62492552742615	-10.6829945836817	-8.61260525579029	-5.99529397737127	-13.4903495057393	-18.1477514775078	-6.95119069463126	-8.84649331596456	-6.92658122728725	-13.8122776006266	-12.8122776006266	-11.7248147593763	-5.53266701957416	-6.17022590769867	-13.8122776006266	-10.1118378824856	-9.95429660549908	-19.0272850912691	-10.4903495057393	-5.86537132617025	-7.76242905117609	-14.2273150999055	-13.2273150999055	-19.6192062202956	-13.8122776006266	-8.91745983731871	-12.8122776006266	-8.11183788248556	-15.8122776006266
np0340	-10.7980956584738	-6.67175992557915	-11.3575230670878	-5.07212084822555	-11.283522485644	-12.7980956584738	-9.99074073641618	-10.7474695854038	-19.1439162732725	-17.7604210873886	-0.911255952589364	-9.09765594033269	-8.32004836166914	-12.6054505805314	-5.73200646801601	-12.0204880798102	-13.6054505805314	-7.98339876107501	-10.7980956584738	-21.5160539399953	-10.1791858258293	-9.05086172885375	-18.6095178401463	-5.91545260911194	-15.6054505805314	-10.7980956584738	-11.3575230670878	-8.72280753116955	-12.7980956584738	-6.75058219727115	-17.7361574621684	-13.6054505805314	-8.72280753116955	-5.31889281892343	-19.1439162732725	-8.74746958540382	-17.9865309296644	-14.0204880798102	-11.9050108623903	-4.71670733163313	-17.431970894603	-18.9310914392741	-13.6054505805314	-8.85056307836792	-10.2478985759133	-11.517987739281	-14.0204880798102	-12.0204880798102	-18.9648879574086	-18.4544358573167	-8.74746958540382	-9.60545058053139	-13.0204880798102	-8.6396662958693	-6.44305925177448	-9.05086172885375	-17.9797712684366	-8.60545058053139	-19.1611220392346	-10.6512542701445	-17.846702404935	-18.4212348069659	-10.9050108623903	-5.13275974128861	-8.02802175249564	-13.283522485644	-10.2131331577526	-11.6985599849229	-10.3575230670878	-5.55696370653905	-4.01252642490375	-7.99074073641618	-6.14397113324523	-4.32178341303989	-18.6592085149264	-17.687608057609	-21.5160539399953	-9.99074073641618	-6.79809565847378	-6.47102426031046	-18.5482424388053	-12.6054505805314	-7.68063807692561	-18.6583509692635	-5.49954207196023	-12.4355255790891	-19.6192062202956	-14.6054505805314	-7.74126443587711	-7.16250708468266	-18.6924724781975	-8.57202757899394	-13.0204880798102	-19.0272850912691	-13.283522485644	-6.97245538338843	-9.77256056636665	-8.6747132429685	-10.6512542701445	-19.6192062202956	-7.60545058053139	-9.77256056636665	-11.9050108623903	-8.82409086700673	-18.4668093519586
np0341	-18.4462271471724	-5.05671030543102	-17.9648879574086	-9.20711274860852	-17.4392911680949	-18.6943578872215	-18.3552564508737	-18.0189119165308	-19.1439162732725	-17.7604210873886	-0.166513687674235	-11.7018774403581	-8.87590684013314	-18.0467296909277	-6.26952535577708	-13.1613090589954	-19.5160539399953	-18.5202426739746	-17.8816397677299	-21.5160539399953	-18.4354667979437	-14.1613090589954	-9.2424458217208	-17.7069815832335	-17.6943578872215	-13.5763465582742	-14.1613090589954	-9.21879455365615	-18.129283016945	-10.3799493454707	-17.7361574621684	-17.6240100514525	-5.09993786633558	-7.04236798627188	-14.5763465582742	-9.66945596266572	-17.9865309296644	-14.5763465582742	-9.80375705437731	-9.53195243891578	-17.431970894603	-18.9310914392741	-19.1027753967423	-17.6755849574782	-12.5763465582742	-18.6943578872215	-18.4819570601872	-14.1613090589954	-18.9648879574086	-10.1840291354955	-8.62215024788736	-10.7018774403581	-18.0315827535454	-17.5280572417884	-11.3539541369378	-15.1613090589954	-17.9797712684366	-11.2544184633869	-19.1611220392346	-17.9797712684366	-17.846702404935	-18.4212348069659	-12.9913840575531	-18.6592085149264	-11.6377471029384	-18.4392911680949	-13.839380964108	-10.3033280638678	-18.3552564508737	-9.68557562802899	-16.646333693381	-11.839380964108	-16.1613090589954	-13.5763465582742	-18.6592085149264	-17.687608057609	-21.5160539399953	-13.5763465582742	-11.3539541369378	-9.82145905611077	-18.5482424388053	-13.3539541369378	-10.0115619394907	-18.6583509692635	-17.4491002709378	-14.5763465582742	-15.1613090589954	-19.1611220392346	-11.7689916362166	-13.839380964108	-15.1613090589954	-13.5763465582742	-18.129283016945	-11.3539541369378	-12.3539541369378	-7.64167280615218	-12.2544184633869	-18.7398201567927	-14.1613090589954	-19.6192062202956	-18.4849487344682	-16.7803347081239	-14.5763465582742	-16.1613090589954	-18.4668093519586
np0343	-12.3268831750025	-7.95050729609277	-8.21033926988822	-3.24565581995278	-10.4574672848127	-18.6943578872215	-7.99665575689666	-12.169341898016	-19.1439162732725	-17.7604210873886	-2.47838060460711	-6.83626367861195	-7.96392781185509	-10.3691114103918	-3.88985138979164	-10.3130773754775	-9.84741380312867	-8.5274770060604	-7.04861243403724	-21.5160539399953	-9.21354170192656	-7.67859473891252	-10.3408223659604	-6.16778810676095	-12.1204322975351	-9.07895566155892	-7.78891815381852	-9.48042843325596	-10.3834667033689	-4.09677033880747	-17.7361574621684	-10.3408223659604	-8.62644345686142	-3.70581752474485	-19.1439162732725	-12.3268831750025	-9.03863820637144	-9.7235421449665	-9.29261327291776	-4.07403582526548	-15.0273228931436	-11.5037609370866	-12.5037609370866	-9.31996376106272	-8.36911141039181	-18.6943578872215	-11.169341898016	-9.02169834394972	-13.4423603924224	-9.5597173430606	-6.33557937397233	-8.70539479825624	-10.8775757736389	-8.83256603872135	-7.73040668626431	-7.97475484233945	-5.60001004900864	-15.0273228931436	-12.2724353909801	-11.2459631796189	-17.846702404935	-12.8573978917013	-11.0049550801151	-8.68302698522779	-5.28375070420797	-10.6179319570059	-5.36465451762606	-11.3268831750025	-12.5678912745063	-5.92994912415338	-7.02450787753655	-6.88393967915378	-7.96392781185509	-5.62484372092864	-11.2724353909801	-13.219967971086	-16.0273228931436	-9.71443993785925	-5.88139074732309	-8.09068495414103	-18.5482424388053	-12.5037609370866	-6.65554624880568	-18.6583509692635	-6.51557023937622	-13.7053947982562	-15.0273228931436	-13.1204322975351	-3.81452255871417	-6.04932752453064	-18.6924724781975	-8.62644345686142	-8.8725047840915	-15.0273228931436	-7.29430757145764	-8.53546979681393	-5.65827088614221	-12.2724353909801	-7.40344140313014	-15.4423603924224	-11.7053947982562	-10.2858559067425	-8.2757788340545	-4.80392447843197	-18.4668093519586
np0344	-6.95778126199255	-10.7050151916126	-12.5123701136702	-10.5123701136702	-10.927407612949	-18.6943578872215	-5.47894711213274	-18.0189119165308	-10.0529384950329	-17.7604210873886	-6.37281876127139	-16.8818468512374	-0.768587573339431	-18.0467296909277	-4.35502317830734	-12.5123701136702	-19.5160539399953	-11.5123701136702	-9.19044201878283	-21.5160539399953	-13.5123701136702	-11.927407612949	-9.19044201878283	-10.3424451122279	-17.6943578872215	-7.13733068232326	-12.5123701136702	-5.791270924963	-18.129283016945	-9.2644426002266	-17.7361574621684	-13.5123701136702	-6.83994477169869	-7.83994477169869	-19.1439162732725	-8.08610535896809	-17.9865309296644	-10.3424451122279	-12.5123701136702	-6.56985560833095	-17.431970894603	-18.9310914392741	-19.1027753967423	-17.6755849574782	-11.927407612949	-18.6943578872215	-18.4819570601872	-5.3274947707619	-18.9648879574086	-7.1548181090521	-10.0529384950329	-10.927407612949	-18.0315827535454	-6.25498227097754	-10.0529384950329	-17.4491002709378	-17.9797712684366	-3.35755200461808	-7.2644426002266	-13.5123701136702	-17.846702404935	-8.86851392389546	-12.5123701136702	-11.1904420187828	-10.7050151916126	-18.4392911680949	-13.5123701136702	-13.5123701136702	-18.3552564508737	-10.927407612949	-10.1904420187828	-10.7050151916126	-11.927407612949	-3.98684930457512	-18.6592085149264	-17.687608057609	-11.1904420187828	-8.22696789480794	-10.1904420187828	-8.22696789480794	-18.5482424388053	-18.1477514775078	-8.30291674804124	-18.6583509692635	-11.927407612949	-13.5123701136702	-11.5123701136702	-19.1611220392346	-9.42490727241985	-11.927407612949	-18.6924724781975	-17.785426924465	-11.5123701136702	-5.67948009950545	-10.927407612949	-13.5123701136702	-9.92740761294903	-18.7398201567927	-13.5123701136702	-19.6192062202956	-13.5123701136702	-9.42490727241985	-10.3424451122279	-11.5123701136702	-18.4668093519586
np0346	-7.08016839597043	-7.55821569277507	-7.79571500650173	-3.58913758238794	-9.61068311266921	-10.2781077735823	-6.80332819061161	-12.3655706148327	-19.1439162732725	-17.7604210873886	-1.11157544135245	-7.66513089669159	-7.25704615805451	-11.0436425199453	-5.79951657666159	-9.78060811411152	-11.3655706148327	-8.58421090130802	-7.85777597463398	-21.5160539399953	-12.0436425199453	-6.94771809994678	-18.6095178401463	-6.98186632235863	-11.0436425199453	-11.0436425199453	-10.4586800192242	-8.45868001922416	-18.129283016945	-6.08016839597043	-11.3655706148327	-10.1956456133904	-7.43483327726979	-5.46772515882717	-11.1956456133904	-14.3655706148327	-17.9865309296644	-8.90613899619538	-11.0436425199453	-3.8908506683062	-17.431970894603	-18.9310914392741	-19.1027753967423	-17.6755849574782	-8.55821569277507	-10.3655706148327	-13.3655706148327	-18.6943578872215	-14.3655706148327	-10.6651308966916	-7.28875501778185	-7.78060811411152	-11.5582156927751	-9.36557061483268	-7.81098176315504	-7.61068311266921	-10.0436425199453	-12.7806081141115	-14.3655706148327	-17.9797712684366	-17.846702404935	-13.3655706148327	-9.97325319205392	-6.88175483756842	-8.215823495328	-18.4392911680949	-7.99053118348575	-11.3655706148327	-18.3552564508737	-5.6040193823882	-7.08944620955844	-7.53268060066794	-6.4055686827646	-7.21582349532799	-8.48292756547084	-10.5582156927751	-6.68609051532723	-10.9061389961954	-7.85777597463398	-5.72532567861033	-12.0436425199453	-12.3655706148327	-6.33214761329523	-18.6583509692635	-5.12239663135973	-18.6592085149264	-19.6192062202956	-19.1611220392346	-6.07094986594105	-5.68609051532723	-14.3655706148327	-8.55821569277507	-9.36557061483268	-19.0272850912691	-8.23628759788771	-6.69314527286118	-6.08944620955844	-9.15611724920373	-11.5582156927751	-11.7806081141115	-11.3655706148327	-10.6651308966916	-9.15611724920373	-7.61068311266921	-12.3655706148327
np0347	-10.5112035785787	-5.90305145048564	-17.9648879574086	-3.43676474490048	-10.9806888618799	-18.6943578872215	-12.0961660792998	-14.681128580021	-19.1439162732725	-17.7604210873886	-1.08785418485106	-6.27598711688465	-9.15756662396398	-11.2216969613837	-6.42374073732834	-12.681128580021	-12.681128580021	-18.5202426739746	-7.83563852907662	-21.5160539399953	-18.4354667979437	-9.51120357857868	-14.681128580021	-10.2888111572422	-10.2888111572422	-10.0961660792998	-10.157566623964	-7.84823856585625	-10.8737736579634	-7.31480636577518	-17.7361574621684	-9.18927548369132	-9.32357657540291	-6.04450395947735	-19.1439162732725	-13.681128580021	-17.9865309296644	-14.681128580021	-12.681128580021	-6.33683267210518	-9.47167521439204	-11.5112035785787	-14.681128580021	-17.6755849574782	-10.8737736579634	-18.6943578872215	-18.4819570601872	-12.3592004851336	-10.9806888618799	-13.681128580021	-6.33240042578992	-11.8737736579634	-12.3592004851336	-11.5112035785787	-6.7622653427464	-8.51120357857868	-9.87377365796339	-18.4544358573167	-19.1611220392346	-14.681128580021	-17.846702404935	-18.4212348069659	-13.0961660792998	-18.6592085149264	-9.72693226963412	-8.45230988952511	-11.0961660792998	-11.3592004851336	-11.3592004851336	-5.92290536529427	-7.36824562473664	-11.3592004851336	-8.08121573783387	-4.66571352763431	-8.61503938956322	-17.687608057609	-21.5160539399953	-10.2888111572422	-9.09616607929984	-5.66990132459774	-18.5482424388053	-18.1477514775078	-7.69244389324883	-18.6583509692635	-4.51496549737488	-18.6592085149264	-19.6192062202956	-19.1611220392346	-3.38938229918706	-4.29095962382081	-18.6924724781975	-10.8737736579634	-10.157566623964	-19.0272850912691	-13.681128580021	-12.3592004851336	-10.5112035785787	-11.3592004851336	-12.0961660792998	-19.6192062202956	-11.8737736579634	-10.5936657387707	-12.3592004851336	-5.97376944794011	-18.4668093519586
np0352	-18.4462271471724	-8.12856148902751	-8.99280774722753	-4.16188493301428	-17.4392911680949	-18.6943578872215	-11.7020283509108	-18.0189119165308	-16.0943457736896	-17.7604210873886	-0.943474632455203	-7.69488981560961	-9.34839139629613	-12.6349141550523	-6.05954681111233	-12.0943457736896	-15.3573801795234	-7.42900985650442	-3.97065543872422	-17.6793082744108	-18.4354667979437	-5.96549219417625	-18.6095178401463	-5.99631369072907	-9.64038928511845	-9.89140571501932	-11.5707838176326	-7.68071784466542	-18.129283016945	-7.22500898079085	-9.60249267735992	-17.6240100514525	-7.28591781696676	-5.69346633740741	-14.2198766557735	-12.9244207722473	-16.6793082744108	-13.035452084636	-11.6569404613823	-5.54648726763118	-17.431970894603	-16.6793082744108	-19.1027753967423	-8.30426884306383	-10.6793082744108	-10.613219083953	-12.1874551780811	-12.0645984302955	-13.9788685562697	-18.4544358573167	-8.83381822346638	-9.88489240806064	-12.9244207722473	-9.69062358763858	-5.84523232097587	-10.5812761914502	-12.5918454331604	-16.0943457736896	-17.6793082744108	-12.2530435197087	-17.846702404935	-12.8213272792832	-11.2198766557735	-8.07753748600304	-8.39621992138675	-16.0943457736896	-10.0139723572256	-11.6569404613823	-11.4698549087818	-7.27416681127441	-12.9244207722473	-8.21987665577345	-6.05771423539321	-5.29129098906562	-18.6592085149264	-13.2198766557735	-10.3664253191264	-9.52449016535865	-4.29668424783583	-11.5295611549061	-18.5482424388053	-13.6793082744108	-5.41985922812506	-18.6583509692635	-7.05177438993796	-13.4313807609672	-11.5500252574658	-19.1611220392346	-5.9286012881858	-6.79361190107135	-16.6793082744108	-7.89794856088609	-13.1557463183537	-19.0272850912691	-12.2530435197087	-6.6349141550523	-7.94798924338569	-13.9788685562697	-10.4125217337158	-14.6793082744108	-10.3394582715261	-11.2530435197087	-10.2956039819367	-6.2672677598591	-14.3573801795234
np0359	-18.4462271471724	-7.99057674611337	-6.27175849865743	-3.38818717363403	-17.4392911680949	-18.6943578872215	-7.87509952869344	-7.08368615050486	-19.1439162732725	-17.7604210873886	-2.78926961918606	-8.05197729077752	-5.93168305705981	-11.5755392468345	-4.82065174467106	-17.5323711460796	-11.5755392468345	-12.5755392468345	-6.27175849865743	-21.5160539399953	-18.4354667979437	-5.79417953330987	-18.6095178401463	-4.08769921301148	-9.76818432477693	-9.99057674611337	-9.57553924683453	-5.91732776408274	-10.9905767461134	-4.79417953330987	-9.99057674611337	-17.6240100514525	-7.32761173339095	-5.41566791005614	-10.5755392468345	-11.5755392468345	-6.50945005637676	-11.5755392468345	-10.9905767461134	-3.67467243885378	-17.431970894603	-18.9310914392741	-19.1027753967423	-17.6755849574782	-7.57553924683453	-7.99057674611337	-10.9905767461134	-18.6943578872215	-18.9648879574086	-8.57553924683453	-8.87509952869344	-8.99057674611337	-11.5755392468345	-7.08368615050486	-7.32761173339095	-9.99057674611337	-12.5755392468345	-18.4544358573167	-19.1611220392346	-10.2536111519472	-17.846702404935	-6.18322182405577	-10.5755392468345	-6.25361115194717	-7.29013702797228	-18.4392911680949	-9.40561424539222	-17.7069141533982	-18.3552564508737	-7.44625622988956	-6.53114512747608	-8.18322182405577	-9.25361115194717	-3.31579598314375	-18.6592085149264	-9.40561424539222	-4.62717201524985	-7.76818432477693	-5.84761879227133	-4.55317143380608	-18.5482424388053	-10.9905767461134	-6.0363804357265	-18.6583509692635	-8.40561424539222	-18.6592085149264	-10.2536111519472	-10.9905767461134	-5.48807640558419	-8.32761173339095	-11.5755392468345	-7.11610762819723	-9.40561424539222	-19.0272850912691	-11.5755392468345	-6.46701479005636	-6.08368615050486	-18.7398201567927	-11.5755392468345	-19.6192062202956	-9.57553924683453	-9.40561424539222	-9.76818432477693	-5.45659817411102	-8.40561424539222
np0360	-9.02386472843808	-5.98917530759303	-12.2590811901321	-5.14968580363182	-10.7996495714948	-12.2590811901321	-7.82167587782481	-12.8440436908533	-19.1439162732725	-17.7604210873886	-1.44409825370532	-9.93715309524475	-8.54942294196164	-18.0467296909277	-5.50196902285413	-10.384612072216	-15.8440436908533	-10.9860626957257	-10.8898473804664	-21.5160539399953	-9.32048173479625	-9.17161834888177	-18.6095178401463	-5.65298447632161	-12.1436039727122	-12.0366887687957	-9.59611617740968	-10.3204817347963	-15.8440436908533	-6.53343090919374	-17.7361574621684	-17.6240100514525	-9.04962782450316	-5.74206801990404	-19.1439162732725	-13.5221155959659	-17.9865309296644	-10.8440436908533	-13.2590811901321	-3.66040830938005	-17.431970894603	-18.9310914392741	-19.1027753967423	-8.11612323629007	-9.25908119013211	-10.0891561886898	-13.8440436908533	-12.8440436908533	-14.8440436908533	-14.8440436908533	-7.1401401174086	-9.12979817318714	-12.8440436908533	-8.92518045357867	-6.83281643543001	-8.69429657134858	-11.2590811901321	-10.2894548391756	-12.2590811901321	-11.4517262680745	-17.846702404935	-18.4212348069659	-9.7355192340751	-5.89130244366678	-7.90152918551403	-13.8440436908533	-10.7565808496029	-11.0891561886898	-9.79964957149481	-6.19299199967434	-5.00326576725821	-7.51312681273865	-7.43890222771692	-2.78284128380826	-18.6592085149264	-13.5221155959659	-21.5160539399953	-10.4177789361512	-7.34419780377006	-5.98295678485787	-14.2590811901321	-14.2590811901321	-7.90152918551403	-18.6583509692635	-4.43943429301556	-14.8440436908533	-19.6192062202956	-19.1611220392346	-5.35118907067852	-5.96752674428827	-18.6924724781975	-9.21468707077366	-10.5221155959659	-8.46900425950634	-11.7565808496029	-7.45172626807451	-7.81062068931582	-6.291374593339	-7.46900425950634	-19.6192062202956	-6.97985754619899	-10.4864916862352	-12.1436039727122	-8.02386472843808	-18.4668093519586
np0361	-11.2708428041995	-5.12236622202124	-12.2708428041995	-5.51985673971838	-13.0484503828631	-12.6078777914771	-9.94891470931216	-10.4295405502186	-16.8558053049207	-8.74206313887149	-0.95512714617732	-9.75777322196015	-9.80052286941949	-12.5338772100333	-6.43268939477358	-14.8558053049207	-19.5160539399953	-14.5338772100333	-9.13470611621349	-6.19135802037271	-8.28594969658973	-8.73168399309149	-12.6078777914771	-5.65551969969638	-6.76966907989337	-11.6078777914771	-11.7683424636703	-9.86712061814851	-10.6078777914771	-7.41493613730981	-13.8558053049207	-9.48076587357375	-8.8958033728526	-8.37198952765642	-19.1439162732725	-10.1278848503575	-8.01975494986261	-10.2264486848411	-11.7265222879757	-6.87995733691389	-11.2410954608055	-14.8558053049207	-19.1027753967423	-11.4982533003026	-8.94291596869072	-13.8558053049207	-10.6858803034784	-14.0484503828631	-13.3963736862834	-13.6858803034784	-8.65123416067147	-13.2708428041995	-13.3963736862834	-9.30121645324304	-6.65245730194092	-13.2708428041995	-9.83343749189222	-15.2708428041995	-19.1611220392346	-11.1553655867796	-13.5338772100333	-10.0876209801438	-14.8558053049207	-4.28121177758307	-10.1009178027572	-12.0484503828631	-12.5338772100333	-11.9016089945338	-11.1553655867796	-4.5128972711291	-8.69089837824499	-9.71625395252188	-5.9762220553079	-3.85915528574478	-18.6592085149264	-8.89002102025859	-5.51595530203605	-11.7265222879757	-8.17632520541523	-7.610252598665	-13.6858803034784	-18.1477514775078	-8.56578645798806	-8.98544058533727	-6.70860037997845	-14.2708428041995	-14.0484503828631	-19.1611220392346	-4.73297731011301	-5.81963169236719	-10.211949115146	-8.61263132144773	-7.69593396814229	-19.0272850912691	-7.85580530492068	-10.1278848503575	-11.074445591396	-9.2337534854643	-12.6078777914771	-16.8558053049207	-10.9731622555588	-9.99782430979311	-13.5338772100333	-6.75909015043214	-15.2708428041995
np0362	-8.13520401149138	-8.6046892947926	-10.5946356301287	-5.02478002179773	-10.3382958768689	-7.63013431135007	-7.98320091804633	-12.9572057095134	-14.764560631571	-17.7604210873886	-1.43778006396101	-9.14985078745578	-7.38952120022407	-12.3051290129337	-5.07631032243781	-11.3722432087922	-12.9572057095134	-9.19470502324004	-4.14571632980434	-21.5160539399953	-12.0641209134299	-7.26471474448779	-18.6095178401463	-6.34039434275289	-10.5946356301287	-12.764560631571	-10.8103643211841	-7.86974286826305	-18.129283016945	-6.2567659913723	-11.3051290129337	-13.4426325366836	-8.73113763003354	-4.65538292821572	-13.764560631571	-15.764560631571	-12.0641209134299	-10.8576700359625	-11.5946356301287	-4.72495611361723	-17.431970894603	-13.764560631571	-19.1027753967423	-17.6755849574782	-8.75333337614774	-11.240998675514	-13.4426325366836	-14.764560631571	-12.9572057095134	-18.4544358573167	-8.50717278887834	-8.49777409087609	-11.3722432087922	-9.02309364516985	-6.36795585038913	-7.74775234388444	-13.4426325366836	-18.4544358573167	-19.1611220392346	-11.240998675514	-17.846702404935	-13.764560631571	-10.5166331181274	-7.33410807990546	-8.40700862695291	-18.4392911680949	-10.1207044417963	-12.764560631571	-12.1795981308498	-6.89111651905562	-7.83974812796521	-9.1063491488192	-6.3658169396328	-5.72701367760881	-8.50717278887834	-11.5166331181274	-6.2273422310324	-11.4426325366836	-5.27170601139624	-3.04667004758371	-14.1795981308498	-18.1477514775078	-6.64302711423096	-18.6583509692635	-5.54539211110883	-14.1795981308498	-13.4426325366836	-19.1611220392346	-5.69847144111322	-5.28377043047518	-18.6924724781975	-9.1063491488192	-10.1498507874558	-19.0272850912691	-10.240998675514	-7.79301707762022	-5.07368962227868	-12.1795981308498	-10.1498507874558	-14.764560631571	-9.40700862695291	-10.635277614626	-10.8576700359625	-9.67709779032065	-15.764560631571
np0365	-15.4194006301253	-9.33193778887496	-10.4652043197384	-3.71161013459648	-9.26965351062062	-18.6943578872215	-9.9931358754232	-18.0189119165308	-19.1439162732725	-17.7604210873886	-1.29455233665267	-5.31480187656093	-8.79004401004569	-10.7755444403506	-6.57077768969596	-9.71896091198421	-19.5160539399953	-18.5202426739746	-17.8816397677299	-21.5160539399953	-18.4354667979437	-9.89583867406829	-11.7189609119842	-11.6120457080677	-11.6120457080677	-9.04436119877838	-11.1714731166817	-7.78277600958165	-9.53675758076346	-7.06625380462722	-17.7361574621684	-6.19058193962942	-4.929552669686	-6.16910221221897	-19.1439162732725	-6.71549705668064	-17.9865309296644	-18.3791414185299	-5.85144455470984	-6.18817944941412	-17.431970894603	-18.9310914392741	-11.7189609119842	-17.6755849574782	-5.85144455470984	-18.6943578872215	-10.6120457080677	-10.249475628683	-11.6120457080677	-5.56765158870924	-5.33326440509799	-11.0974725352379	-14.4194006301253	-12.4194006301253	-8.67793364372416	-7.82694359285722	-7.75406471294013	-8.84954502179435	-12.6120457080677	-12.249475628683	-17.846702404935	-18.4212348069659	-13.4194006301253	-13.8344381294041	-7.47103339854062	-18.4392911680949	-9.0100096939876	-9.63804091660064	-15.4194006301253	-5.03461688003195	-6.77554444035058	-8.13399841126305	-6.56453224686507	-4.73027622521204	-18.6592085149264	-8.53675758076346	-21.5160539399953	-9.20994726449635	-14.4194006301253	-8.18099589080022	-18.5482424388053	-18.1477514775078	-7.47103339854062	-18.6583509692635	-5.27219570518307	-12.4194006301253	-11.0974725352379	-19.1611220392346	-3.56141963499773	-4.79004401004569	-18.6924724781975	-9.4194006301253	-13.0974725352379	-12.4194006301253	-18.4819570601872	-10.959969011488	-12.4194006301253	-18.7398201567927	-17.786116445496	-19.6192062202956	-18.4849487344682	-9.4194006301253	-18.1166993110972	-7.03138334478017	-18.4668093519586
np0368	-18.4462271471724	-7.33630130260602	-8.24742002151977	-3.30985650665888	-14.975340476083	-18.6943578872215	-8.67155972790587	-18.0189119165308	-19.1439162732725	-17.7604210873886	-1.35538801083269	-7.19398076255831	-7.22938609868951	-12.7529480547465	-4.83323341878042	-10.7529480547465	-12.859863258663	-10.0211441656961	-5.32189823747905	-21.5160539399953	-18.4354667979437	-5.49825683908364	-18.6095178401463	-4.03821190791707	-8.06045708972092	-8.82559335657829	-11.4728401355538	-9.32189823747905	-18.129283016945	-6.20495188037932	-11.9164467870294	-17.6240100514525	-8.57730940210982	-4.79792093809374	-10.8878776348326	-17.8543286673737	-9.85986325866304	-10.5159088574457	-12.6534123811956	-4.45537667299635	-17.431970894603	-15.5603029768041	-19.1027753967423	-8.37047841792411	-9.1256747491674	-7.8668160193048	-10.8054154746407	-11.3123754633605	-18.9648879574086	-18.4544358573167	-9.25652222862703	-8.55467842761025	-11.2749007579419	-8.35084961117518	-7.4834873797533	-10.3123754633605	-9.94559313268892	-15.5603029768041	-13.7529480547465	-10.7529480547465	-17.846702404935	-10.0367410207471	-13.3903779753618	-8.4834873797533	-7.45439446823297	-15.5603029768041	-7.98287414876838	-12.7529480547465	-11.6061066664173	-6.5131790646901	-13.3903779753618	-8.00188226353547	-7.26338676992484	-5.66321384849137	-18.6592085149264	-9.1852635454572	-6.95482345874246	-8.58302305330421	-6.1392901210249	-8.95297266305452	-13.3903779753618	-11.5159088574457	-5.61925537046355	-18.6583509692635	-6.21378924363849	-12.6534123811956	-10.5159088574457	-15.5603029768041	-5.8923044411316	-6.14561774099691	-12.1679855540254	-7.55467842761025	-12.1008713581668	-19.0272850912691	-10.5379351637757	-6.79377406820526	-5.70076819042148	-12.975340476083	-9.77894326327947	-12.7529480547465	-10.451778520026	-10.0057141251265	-9.08456954583773	-6.18852633246621	-10.5379351637757
np0369	-18.4462271471724	-8.66285715170478	-17.9648879574086	-5.02542723108949	-9.40957072242255	-18.6943578872215	-8.01608936651015	-18.0189119165308	-19.1439162732725	-17.7604210873886	-0.589337662662514	-12.1222887703421	-10.5373262696209	-18.0467296909277	-3.2581026256878	-10.8998963490056	-19.5160539399953	-18.5202426739746	-17.8816397677299	-21.5160539399953	-18.4354667979437	-17.6592085149264	-18.6095178401463	-17.7069815832335	-17.6943578872215	-18.3791414185299	-13.7072512710632	-7.76083231126808	-10.0827604061554	-7.71478494374864	-17.7361574621684	-17.6240100514525	-12.970285676897	-5.87014900561158	-19.1439162732725	-13.7072512710632	-17.9865309296644	-11.4848588497268	-14.2922137717844	-5.41723242413062	-17.431970894603	-15.2922137717844	-14.2922137717844	-17.6755849574782	-6.49455224593063	-18.6943578872215	-18.4819570601872	-18.6943578872215	-18.9648879574086	-12.970285676897	-10.8327821531471	-12.1222887703421	-12.2922137717844	-9.93466176716631	-6.25879077024694	-7.90850947931034	-17.9797712684366	-13.7072512710632	-19.1611220392346	-17.9797712684366	-17.846702404935	-18.4212348069659	-12.970285676897	-18.6592085149264	-12.2922137717844	-18.4392911680949	-10.7072512710632	-11.4848588497268	-13.2922137717844	-5.7261597336133	-16.646333693381	-10.970285676897	-7.59872681428507	-11.8327821531471	-18.6592085149264	-17.687608057609	-21.5160539399953	-17.0733884685424	-8.81648034081799	-6.40957072242255	-18.5482424388053	-15.2922137717844	-7.76083231126808	-18.6583509692635	-4.84823422918314	-18.6592085149264	-15.2922137717844	-19.1611220392346	-9.89989634900563	-7.50431121239296	-18.6924724781975	-17.785426924465	-18.129283016945	-19.0272850912691	-13.2922137717844	-8.31493384828447	-8.60571324460117	-18.7398201567927	-13.2922137717844	-19.6192062202956	-14.2922137717844	-11.2047509305341	-5.95236376889977	-12.1222887703421	-18.4668093519586
np0371	-9.69619479186076	-6.55323683801871	-13.2811572925819	-9.47380237052431	-14.8661197933031	-18.6943578872215	-18.3552564508737	-11.3425578372461	-19.1439162732725	-12.2811572925819	-4.30292352108633	-12.8661197933031	-11.2222636035283	-18.0467296909277	-8.53520291518845	-14.8661197933031	-19.5160539399953	-15.8661197933031	-12.165680075162	-8.68621070328814	-13.5441916984157	-10.6961947918608	-18.6095178401463	-6.20078387611789	-9.7368367763581	-11.9592291976946	-11.2811572925819	-9.7368367763581	-18.129283016945	-7.36229405530732	-13.2811572925819	-13.0587648712455	-8.07170392695296	-7.90611786123499	-19.1439162732725	-13.5441916984157	-14.2811572925819	-18.3791414185299	-12.0587648712455	-1.14576864100287	-13.5441916984157	-12.2811572925819	-19.1027753967423	-14.2811572925819	-13.2811572925819	-14.8661197933031	-18.4819570601872	-13.8661197933031	-18.9648879574086	-18.4544358573167	-8.59933325260817	-4.25325129601203	-15.8661197933031	-10.2514099491879	-10.508567788685	-8.83269679176562	-11.6181922798595	-11.9592291976946	-19.1611220392346	-12.6961947918608	-13.0587648712455	-12.0587648712455	-14.8661197933031	-6.60873195061042	-7.69619479186076	-18.4392911680949	-17.786116445496	-12.165680075162	-12.2811572925819	-9.20790831055128	-11.165680075162	-9.19369445133157	-7.67629523442305	-2.36764451956731	-18.6592085149264	-13.2811572925819	-4.61168164503581	-11.4738023705243	-8.53520291518845	-9.58071757444082	-18.5482424388053	-18.1477514775078	-7.54419169841571	-11.4066881746658	-6.32696098219504	-14.8661197933031	-14.8661197933031	-10.6566664276741	-4.88098941983617	-5.07740146061261	-18.6924724781975	-10.9119234829162	-10.9119234829162	-19.0272850912691	-12.8661197933031	-5.80812807054389	-9.34255783724606	-18.7398201567927	-17.786116445496	-19.6192062202956	-18.4849487344682	-8.39038636233667	-15.8661197933031	-5.96978738939313	-18.4668093519586
np0372	-18.4462271471724	-9.09026966734366	-13.4265530552081	-6.79719643512848	-10.8905001549679	-18.6943578872215	-10.1635186493743	-18.0189119165308	-15.7484811500955	-17.7604210873886	-0.228814186257573	-9.24068650989676	-9.24068650989676	-18.0467296909277	-7.77693759614468	-11.0480414319544	-19.5160539399953	-18.5202426739746	-17.8816397677299	-21.5160539399953	-18.4354667979437	-10.7942848397086	-12.5785561486531	-17.7069815832335	-17.6943578872215	-14.7484811500955	-14.7484811500955	-6.81479049514322	-6.56360580718717	-7.59873403059077	-17.7361574621684	-17.6240100514525	-14.1635186493743	-9.4630789312332	-15.7484811500955	-17.8543286673737	-17.9865309296644	-18.3791414185299	-9.10462496032073	-6.79428483970858	-17.431970894603	-18.9310914392741	-19.1027753967423	-17.6755849574782	-12.1635186493743	-10.3222163953934	-13.7484811500955	-15.7484811500955	-18.9648879574086	-14.7484811500955	-8.32221639539335	-10.8415905544869	-18.0315827535454	-17.5280572417884	-12.7484811500955	-17.4491002709378	-17.9797712684366	-11.7484811500955	-19.1611220392346	-15.7484811500955	-17.846702404935	-18.4212348069659	-12.9411262280378	-18.6592085149264	-12.9411262280378	-18.4392911680949	-12.4265530552081	-14.1635186493743	-18.3552564508737	-6.96057859070402	-6.04284876273404	-12.1635186493743	-6.94112622803785	-6.00870054032219	-18.6592085149264	-17.687608057609	-21.5160539399953	-17.0733884685424	-7.63473898404626	-10.704087030737	-14.1635186493743	-18.1477514775078	-9.24068650989676	-18.6583509692635	-5.72195770757569	-18.6592085149264	-19.6192062202956	-19.1611220392346	-11.4265530552081	-7.89673210867939	-14.7484811500955	-17.785426924465	-18.129283016945	-19.0272850912691	-12.7484811500955	-17.9797712684366	-12.2890495314582	-18.7398201567927	-14.7484811500955	-19.6192062202956	-13.7484811500955	-12.9411262280378	-8.89050015496788	-9.06198062291223	-18.4668093519586
np0378	-9.76095090801056	-6.36482187128178	-17.9648879574086	-8.16269158467595	-12.2304361913118	-18.6943578872215	-7.77100457267449	-12.6089478145655	-11.8434130682025	-10.4390228131232	-3.04804183790726	-11.9308759094529	-10.6089478145655	-18.0467296909277	-4.76471282680676	-13.9308759094529	-19.5160539399953	-15.9308759094529	-9.16269158467595	-9.4390228131232	-6.61799295416852	-9.80159289250791	-7.81713374340369	-5.55258105354098	-10.3161660653377	-11.2304361913118	-10.1759884072894	-11.8434130682025	-18.129283016945	-6.34591340873172	-17.7361574621684	-14.3459134087317	-5.87559347395169	-7.49208405687462	-6.99423797045031	-9.16269158467595	-11.6829483960093	-12.2304361913118	-11.6089478145655	-6.88648179009442	-13.3459134087317	-13.9308759094529	-19.1027753967423	-11.2304361913118	-4.92665544313468	-9.31616606533767	-9.48793241360415	-14.3459134087317	-18.9648879574086	-5.06823855189408	-7.34216127387061	-14.3459134087317	-10.7609509080106	-6.67584733963415	-7.77100457267449	-13.1235209873953	-11.1759884072894	-11.6089478145655	-13.1235209873953	-11.2304361913118	-12.4714442908156	-11.4714442908156	-18.1439162732725	-6.53213221751468	-8.46327035936988	-13.3459134087317	-14.9308759094529	-12.9308759094529	-13.6089478145655	-8.95359598595296	-10.976679599066	-11.4714442908156	-6.21319948638648	-0.95708887070812	-18.6592085149264	-12.6089478145655	-7.23043619131178	-11.2304361913118	-11.3459134087317	-7.24087793803343	-15.9308759094529	-18.1477514775078	-6.30334202498008	-7.17598840728941	-8.44706013218862	-13.6089478145655	-19.6192062202956	-19.1611220392346	-5.24525106972652	-6.06823855189408	-14.9308759094529	-9.30151928937327	-9.59102590656825	-13.3459134087317	-10.6454736905906	-10.5385584866741	-10.00013857189	-18.7398201567927	-11.4714442908156	-13.6089478145655	-18.4849487344682	-9.57332390483479	-13.3459134087317	-8.74105135057286	-18.4668093519586
np0384	-18.4462271471724	-5.9900711027952	-9.7968597068707	-6.42201129770755	-16.3046543470694	-18.6943578872215	-11.7810923910124	-6.828920916103	-13.3977637514609	-17.7604210873886	-2.14608410315618	-12.3504580366825	-7.42967299941562	-12.8452227284321	-5.9016423234944	-14.4972994250118	-15.7196918463482	-14.982726252182	-7.71781455910757	-21.5160539399953	-12.5497668449059	-7.40983658376145	-8.50052332588608	-4.86664225941826	-9.01463550013677	-12.7196918463482	-10.3504580366825	-7.76355773171987	-18.129283016945	-6.17215461744088	-10.4717643329047	-17.6240100514525	-6.76162252681416	-6.42277563946895	-9.68994450295419	-9.98272625218203	-5.05465207922895	-14.7196918463482	-10.8952634109317	-4.32201721339997	-17.431970894603	-14.7196918463482	-17.3046543470694	-17.6755849574782	-9.94710234245131	-11.8452227284321	-15.3046543470694	-18.6943578872215	-18.9648879574086	-7.13723620123766	-8.05910164081371	-10.6899445029542	-12.982726252182	-6.52493499192599	-6.2426082093489	-12.3504580366825	-11.0567268336258	-10.6181538198862	-19.1611220392346	-10.1148297881894	-17.846702404935	-7.48447538465421	-11.0758356565735	-6.18831038583193	-8.90804956588754	-12.6607981572947	-13.2171915058191	-13.6042146289283	-11.6042146289283	-9.28228653404094	-5.22416989000182	-7.41439007004828	-5.95482025561215	-3.48937113068712	-18.6592085149264	-7.16894506096499	-2.23877545281491	-10.1753713301244	-6.55646149747993	-5.63665581139687	-14.3046543470694	-18.1477514775078	-6.3835572589626	-18.6583509692635	-8.35921051069148	-18.6592085149264	-13.3977637514609	-19.1611220392346	-5.12163934618664	-6.6545001333943	-11.0952009814404	-7.51186405276833	-10.828920916103	-19.0272850912691	-17.3046543470694	-6.15808567132861	-11.3977637514609	-18.7398201567927	-14.4972994250118	-19.6192062202956	-9.28784605938284	-10.6322290050979	-12.4466733519418	-6.49729942501179	-12.6607981572947
np0386	-7.91653593391317	-3.16772454514132	-7.81768254698688	-4.95805520335143	-8.53252533025495	-11.5966556676747	-5.52081190969116	-8.42673066623235	-11.3556475681709	-17.7604210873886	-2.62093794794503	-8.84663392068301	-3.31125344881241	-10.3556475681709	-4.45896585752239	-8.45617444412483	-12.4711247855908	-12.056087286312	-6.95805520335143	-10.2487323642544	-9.38366194434047	-7.68104785496504	-10.3011997841485	-6.80342185386171	-10.4122310965372	-7.32816683174876	-10.1018909759251	-6.42673066623235	-18.129283016945	-6.29786407158524	-14.056087286312	-9.96862444506162	-6.60900406010231	-7.22953879902105	-19.1439162732725	-17.8543286673737	-11.5966556676747	-10.5325253302549	-8.54829264611326	-3.02818128974208	-17.431970894603	-18.9310914392741	-11.8861622848696	-9.80815977286838	-7.11944934730939	-9.10189097592509	-9.92680426936699	-8.21059723536758	-18.9648879574086	-10.6637698635332	-6.85151614206276	-7.32816683174876	-9.88616228486965	-7.98999809585419	-7.37660718680651	-9.07880736281204	-9.32816683174876	-5.53252533025495	-19.1611220392346	-11.2487323642544	-9.44137744219675	-10.3011997841485	-9.35564756817087	-6.25518738639166	-8.12534994874907	-18.4392911680949	-9.24873236425436	-11.3556475681709	-11.8861622848696	-6.2747275727873	-9.01169316695351	-7.19810629118439	-7.50149843463432	-4.35651483302469	-15.056087286312	-17.687608057609	-11.4711247855908	-7.16126952300402	-7.41223109653724	-6.05046273711808	-11.8861622848696	-10.9686244450616	-5.29786407158524	-11.1491966907034	-5.49384486209089	-10.6637698635332	-10.056087286312	-10.8861622848696	-5.9606902635194	-7.62145905867524	-18.6924724781975	-8.4711247855908	-11.7341591914246	-19.0272850912691	-8.21059723536758	-7.44875697256235	-6.4976665730433	-10.5966556676747	-9.53252533025495	-12.2487323642544	-11.2487323642544	-8.92680426936699	-7.88616228486965	-7.49384486209089	-18.4668093519586
np0387	-18.4462271471724	-8.57054394050406	-16.1630009777721	-11.7706835549934	-9.44875546010602	-16.1630009777721	-3.06892329210023	-18.0189119165308	-19.1439162732725	-17.7604210873886	-6.7138523323967	-13.3556460557145	-1.16194470313736	-13.578038477051	-3.10213620120864	-17.5323711460796	-19.5160539399953	-18.5202426739746	-4.97009175866013	-21.5160539399953	-11.0337179608272	-8.74514846288624	-14.578038477051	-9.95354761214319	-17.6943578872215	-8.94383245730998	-13.3556460557145	-5.03114401716335	-18.129283016945	-6.56867637384729	-17.7361574621684	-15.1630009777721	-12.1630009777721	-8.87759875890989	-19.1439162732725	-6.92938130101244	-12.578038477051	-11.2561103821636	-13.1630009777721	-5.99307597632983	-17.431970894603	-18.9310914392741	-16.1630009777721	-9.36858511142203	-7.40477776304541	-18.6943578872215	-12.8410728828848	-8.3492197865551	-18.9648879574086	-14.1630009777721	-9.15177372234889	-10.8775987589099	-15.1630009777721	-7.50836494924417	-8.96332863293578	-11.4081134756087	-17.9797712684366	-4.13855385373149	-11.7706835549934	-13.3556460557145	-17.846702404935	-7.74514846288624	-9.43508052320894	-10.73673622307	-11.4081134756087	-18.4392911680949	-17.786116445496	-12.8410728828848	-18.3552564508737	-10.6711478814425	-8.57803847705098	-12.462561259631	-12.1630009777721	-3.74304079992425	-10.5482911336569	-17.687608057609	-21.5160539399953	-10.0132538582675	-13.3556460557145	-7.50478949502034	-18.5482424388053	-13.8410728828848	-6.29881483311786	-18.6583509692635	-17.4491002709378	-13.3556460557145	-14.1630009777721	-8.76212154148996	-8.77929668529809	-12.2561103821636	-18.6924724781975	-12.7035693591348	-13.8410728828848	-8.71178986593981	-12.7035693591348	-10.1406331647437	-8.62384216666411	-18.7398201567927	-13.3556460557145	-19.6192062202956	-10.3301109636074	-10.9535476121432	-10.4350805232089	-10.5191447879974	-18.4668093519586
np0388	-18.4462271471724	-4.95634299903432	-9.17885413627627	-6.12662417750371	-9.00966803115787	-18.6943578872215	-9.10120158062381	-6.6083688203591	-12.6184772738334	-17.7604210873886	-3.57299061747392	-10.2124849141576	-3.11584433875047	-12.1855178665573	-5.2158915156008	-12.1330504466631	-13.0335147731122	-15.9404053687208	-7.43459381480116	-21.5160539399953	-11.0096680311579	-7.15904565519609	-7.7309520030918	-4.5047351077842	-10.7906582492161	-11.0824243735932	-9.74073302388439	-5.91942542981654	-18.129283016945	-5.51886646187247	-12.548087945942	-13.9404053687208	-7.71640369452265	-5.6377664449332	-12.296549178946	-7.69485266246507	-7.64348916184146	-13.3554428679996	-10.9862090583339	-3.31892579751308	-17.431970894603	-13.9404053687208	-19.1027753967423	-17.6755849574782	-7.48097375008345	-9.04558760541281	-14.1330504466631	-15.9404053687208	-18.9648879574086	-7.38007253450831	-7.16891589922015	-9.13305044666315	-12.1330504466631	-5.37482723193642	-7.33677902373456	-9.6550031498585	-10.3554428679996	-8.12022640630556	-19.1611220392346	-10.4809737500835	-17.846702404935	-6.40707563641492	-9.97462108405866	-7.70678569196105	-8.60948849060613	-16.9404053687208	-10.7115866782249	-14.6184772738334	-11.5828533641027	-9.17222104394382	-6.87701028743224	-7.61622482210201	-8.04255991271524	-2.65420861480702	-18.6592085149264	-8.83711756030873	-4.17366942919079	-9.06388842215575	-9.08242437359318	-4.96527391179941	-13.6184772738334	-14.9404053687208	-4.37959489999281	-18.6583509692635	-9.28219388596896	-15.3554428679996	-11.6550031498585	-14.9404053687208	-6.20569574849491	-7.31469652565629	-11.8529425274704	-8.73583422447155	-11.4485522723911	-19.0272850912691	-15.3554428679996	-5.92847930241394	-6.53313760447602	-18.7398201567927	-14.9404053687208	-19.6192062202956	-9.79065824921607	-7.01410937393964	-11.7704803672784	-6.6038988089105	-12.0335147731122
np0389	-12.0673783370282	-6.14322565279856	-17.9648879574086	-5.34551963525216	-11.6523408377493	-18.6943578872215	-12.5368636203294	-7.52649690477111	-19.1439162732725	-14.6523408377493	-2.15058656873777	-9.56487799649897	-8.98937582502688	-16.2373033384705	-5.28893610688579	-13.0673783370282	-19.5160539399953	-18.5202426739746	-10.8110385837684	-21.5160539399953	-18.4354667979437	-9.36693861888706	-11.9893758250269	-6.58445836546849	-12.2373033384705	-10.0084846479746	-10.5093828839073	-6.54905302933729	-12.3304127428619	-6.21632339956625	-17.7361574621684	-11.9153752435831	-5.74244775397927	-5.38477382906627	-19.1439162732725	-13.6523408377493	-17.9865309296644	-18.3791414185299	-11.3793223433429	-4.13172215719303	-10.9893758250269	-12.0673783370282	-19.1027753967423	-17.6755849574782	-11.192909219112	-18.6943578872215	-13.0673783370282	-12.4299484164129	-16.2373033384705	-9.66744773013952	-6.87755377814814	-9.82791240233276	-18.0315827535454	-8.89745333558584	-3.63925083830887	-9.27151905380838	-12.1498404972201	-13.6523408377493	-19.1611220392346	-11.8449859156917	-17.846702404935	-7.27440733313321	-10.6827144867928	-12.9153752435831	-8.84498591569171	-12.2373033384705	-15.2373033384705	-12.1498404972201	-11.7137413824135	-8.52305782080434	-11.9153752435831	-12.9153752435831	-7.16584097591384	-3.91876052876774	-3.33983599674857	-9.17121414801269	-21.5160539399953	-10.7454502421408	-8.13927125550994	-2.4108541590468	-12.1498404972201	-18.1477514775078	-7.24012385753284	-16.2373033384705	-7.24012385753284	-15.2373033384705	-19.6192062202956	-13.9153752435831	-4.67363037864295	-6.13401553005844	-18.6924724781975	-8.93352259029336	-12.1498404972201	-8.81945082358457	-18.4819570601872	-8.50938288390727	-9.63739049628334	-18.7398201567927	-16.2373033384705	-19.6192062202956	-10.9153752435831	-9.66744773013952	-11.7778717198332	-6.92215377621417	-18.4668093519586
np0391	-7.95762030684102	-6.33871047419652	-17.9648879574086	-9.95762030684102	-10.2414132728416	-18.6943578872215	-8.09254988692713	-18.0189119165308	-11.4430471340113	-11.7649752288986	-4.55918197950146	-13.1800127281775	-9.15026538478341	-14.7649752288986	-3.6649700044759	-13.1800127281775	-14.7649752288986	-18.5202426739746	-11.0645355107575	-11.4430471340113	-5.05934284153721	-10.8580846332901	-6.73155222736117	-5.50288038352844	-11.5950502274563	-11.5950502274563	-9.8580846332901	-8.74260741587017	-18.129283016945	-6.67221808797877	-17.7361574621684	-17.6240100514525	-5.23359376838231	-7.74260741587017	-8.35558429276092	-9.15026538478341	-12.7649752288986	-13.1800127281775	-11.4430471340113	-6.67751238764828	-17.431970894603	-18.9310914392741	-19.1027753967423	-12.1800127281775	-5.77913329189528	-8.83423789133574	-8.95762030684102	-13.7649752288986	-18.9648879574086	-5.66694314593809	-6.72058110954017	-17.786116445496	-10.4430471340113	-6.91948517795425	-9.72058110954017	-9.72058110954017	-11.5950502274563	-11.3055436102613	-11.4430471340113	-11.1800127281775	-10.3726578061199	-11.957620306841	-18.1439162732725	-6.92577144080168	-8.10676374614683	-18.4392911680949	-13.7649752288986	-13.7649752288986	-18.3552564508737	-10.0100877267352	-12.4430471340113	-11.4430471340113	-6.02688296927813	-0.806241281755684	-18.6592085149264	-17.687608057609	-7.77629054212646	-11.4430471340113	-14.7649752288986	-8.09254988692713	-14.7649752288986	-18.1477514775078	-5.95119403768158	-9.06453551075753	-9.55552186326967	-18.6592085149264	-19.6192062202956	-19.1611220392346	-5.7178513167846	-6.5751506700186	-18.6924724781975	-10.5950502274563	-9.81077891851175	-14.7649752288986	-11.1800127281775	-12.1800127281775	-9.81077891851175	-14.7649752288986	-12.7649752288986	-12.1800127281775	-18.4849487344682	-10.8580846332901	-14.7649752288986	-8.59505022745631	-18.4668093519586
np0392	-10.8623492586456	-4.87628844960346	-12.2897704823803	-7.65389602826701	-12.5038952877331	-12.4473117593667	-7.31012354433643	-10.9579269186278	-12.8258233826205	-13.3403965554502	-3.04208845744427	-11.6558983811782	-7.73200970921774	-12.8258233826205	-5.01332515728691	-10.4335059598417	-14.8258233826205	-14.5627889767867	-8.32757251509264	-8.50029305105291	-5.61539555221898	-9.32120299021692	-8.87628844960346	-5.39328148223221	-8.62418952145082	-11.3663917639832	-10.8079014746232	-7.6085926663998	-14.3403965554502	-6.34039655545023	-17.7361574621684	-12.3403965554502	-6.77162608823166	-6.43264746827166	-15.5627889767867	-10.4335059598417	-10.5183948574282	-10.6720180465414	-11.3928639753444	-3.64181590080364	-13.0602886362575	-15.5627889767867	-19.1027753967423	-11.193555167121	-8.00820012510904	-8.8531307286162	-13.3403965554502	-12.9778264760655	-18.9648879574086	-5.83884367344389	-9.90934673818275	-13.0602886362575	-12.9778264760655	-5.99927489532955	-7.01975715653144	-12.193555167121	-11.0184684605629	-14.8258233826205	-15.5627889767867	-10.008200125109	-11.6883198588705	-9.72989896262193	-14.1477514775078	-5.89686094178449	-9.19355516712096	-14.8258233826205	-12.5627889767867	-13.1477514775078	-14.3403965554502	-8.20523697216859	-7.90219877125215	-10.3928639753444	-7.18774954543975	-1.32946889405585	-18.6592085149264	-11.6558983811782	-6.46739195399412	-11.8623492586456	-7.66595204584208	-6.3713184450631	-13.2408608818993	-17.1477514775078	-7.55529444023975	-4.75865795560336	-7.35658858895281	-14.8258233826205	-13.5627889767867	-19.1611220392346	-5.32199764462472	-6.45600795833656	-13.8258233826205	-8.59316262583019	-9.23486214127787	-19.0272850912691	-10.5330416333926	-10.4753261355363	-7.51475628036487	-13.5627889767867	-12.0184684605629	-14.3403965554502	-14.8258233826205	-8.14775147750783	-11.8998239640642	-8.36967434797247	-18.4668093519586
np0395	-9.7969473347069	-5.29976079407419	-12.6043022567645	-4.10246507186221	-10.5454085677109	-18.6943578872215	-10.1892647574857	-15.1892647574857	-19.1439162732725	-17.7604210873886	-1.41622860409227	-6.31890003790226	-7.34064181705632	-9.99944019860564	-6.14214084537164	-11.1892647574857	-11.1018019162353	-18.5202426739746	-8.62702233326459	-21.5160539399953	-18.4354667979437	-8.90386253862341	-8.88548400930856	-8.11244916043483	-10.6043022567645	-10.0807403007075	-10.1892647574857	-7.88092572734625	-11.1892647574857	-7.50276423030244	-17.7361574621684	-8.16689694445721	-6.45455513725982	-6.48882503934457	-19.1439162732725	-8.9895924126493	-17.9865309296644	-12.3819098354281	-10.1448706381272	-5.93187691479301	-8.77141224259976	-11.5454085677109	-15.1892647574857	-17.6755849574782	-10.1892647574857	-13.3819098354281	-16.1892647574857	-12.3819098354281	-11.7298331388484	-6.55445370731394	-5.81313936820949	-13.3819098354281	-13.1892647574857	-11.7298331388484	-6.73805364565333	-8.92247821679076	-6.78625273391066	-16.1892647574857	-16.1892647574857	-12.8673366625983	-17.846702404935	-11.0599817405407	-18.1439162732725	-8.68941887040246	-10.1018019162353	-7.10180191623532	-9.97981139185671	-9.92247821679076	-8.46816556877848	-6.07943410320687	-8.70544898022141	-10.8317127528676	-7.6080641755607	-3.45032807580952	-10.4888250393446	-10.7630000027836	-21.5160539399953	-10.2350684470988	-10.6657028014286	-6.18083613541508	-16.1892647574857	-18.1477514775078	-8.00438941457738	-18.6583509692635	-4.998205542954	-14.1892647574857	-13.3819098354281	-13.3819098354281	-2.84746798509383	-4.59680772021758	-18.6924724781975	-9.407905043961	-9.58935191529853	-19.0272850912691	-13.1892647574857	-9.72983313884836	-10.5745549133705	-16.1892647574857	-12.8673366625983	-19.6192062202956	-12.1892647574857	-9.15584175594821	-12.4888250393446	-6.30662170812382	-18.4668093519586
np0397	-18.4462271471724	-7.60670282453925	-6.8297984850029	-3.50672194344248	-13.7026272445378	-18.6943578872215	-9.11766474381663	-7.1717657678227	-19.1439162732725	-17.7604210873886	-2.98204095328492	-8.97289321960266	-5.13100099246985	-11.150086221509	-4.62349806708223	-11.3806991496504	-10.9948079960311	-11.5651237207879	-5.89613132520928	-21.5160539399953	-11.439592838704	-5.75933100250053	-17.6095178401463	-4.4909011507948	-9.37111310082123	-10.2696678372617	-9.78933887773112	-4.97289321960266	-12.439592838704	-5.04822989498148	-11.0396622318154	-17.6240100514525	-7.27301128033605	-5.16942731519582	-19.1439162732725	-17.8543286673737	-6.91515995292485	-11.2696678372617	-11.2696678372617	-3.91103020158861	-17.431970894603	-14.6095178401463	-16.6095178401463	-17.6755849574782	-7.98380899708184	-8.59549736983137	-11.6095178401463	-13.2172004173675	-16.0245553394251	-18.4544358573167	-8.55423540464512	-8.34039116099689	-10.8281581266216	-6.95577706143974	-7.45090815193183	-9.96566165037158	-12.7515368450187	-15.6095178401463	-13.9090781220052	-9.98016122006669	-17.846702404935	-6.43646538237219	-11.1176647438166	-6.21077414820811	-7.36991931089718	-15.6095178401463	-8.93356080720456	-12.439592838704	-12.522054998896	-7.43584070384289	-6.87227049711857	-8.11966987970701	-8.48023482320134	-3.1056300040104	-18.6592085149264	-10.0859558840893	-4.9377556538017	-7.90215870806542	-5.97289321960266	-4.23542929299992	-12.4802348232013	-10.07813637963	-5.13987602290679	-18.6583509692635	-7.6137506892685	-12.3615903267027	-10.4000644745174	-12.0549289884687	-5.0844864950223	-8.0742424635255	-11.3241156212841	-7.57609483860885	-9.62652426545199	-19.0272850912691	-10.8546303379828	-5.9121158326436	-5.90086500445978	-15.6095178401463	-11.0549289884687	-19.6192062202956	-10.6095178401463	-9.01332808400189	-9.43959283870399	-6.48927996280435	-9.21291305896445
np0401	-8.46704812141984	-11.2499499997529	-17.9648879574086	-11.8779812223659	-12.3374128410032	-18.6943578872215	-6.15253749809496	-18.0189119165308	-7.74495580373516	-17.7604210873886	-8.46704812141984	-13.0154847461159	-1.01471006910868	-18.0467296909277	-5.26595047844662	-17.5323711460796	-19.5160539399953	-13.3374128410032	-8.84555974467357	-21.5160539399953	-11.0894853275597	-11.6369731228622	-9.36013291750333	-10.3374128410032	-17.6943578872215	-7.98868468677217	-15.3374128410032	-5.82961820080455	-18.129283016945	-7.10379316424354	-17.7361574621684	-17.6240100514525	-5.92802190486554	-10.0894853275597	-19.1439162732725	-5.08002499831059	-17.9865309296644	-11.0894853275597	-11.6369731228622	-6.72270299688804	-17.431970894603	-18.9310914392741	-19.1027753967423	-17.6755849574782	-14.3374128410032	-18.6943578872215	-18.4819570601872	-6.51086435371233	-18.9648879574086	-12.7524503402821	-12.0154847461159	-11.2499499997529	-18.0315827535454	-8.06128843572901	-11.0154847461159	-17.4491002709378	-17.9797712684366	-3.30364572615685	-11.0894853275597	-13.7524503402821	-17.846702404935	-9.72270299688804	-12.3374128410032	-11.6369731228622	-12.7524503402821	-18.4392911680949	-17.786116445496	-17.7069141533982	-18.3552564508737	-12.5300579189456	-11.5300579189456	-12.7524503402821	-13.0154847461159	-2.21135372493256	-13.3374128410032	-17.687608057609	-13.0154847461159	-8.5959458546021	-12.7524503402821	-10.2930187216448	-18.5482424388053	-12.7524503402821	-8.37162855634116	-18.6583509692635	-15.3374128410032	-13.0154847461159	-11.2499499997529	-10.0894853275597	-9.72270299688804	-13.3374128410032	-18.6924724781975	-17.785426924465	-12.3374128410032	-6.10859415050736	-14.3374128410032	-11.5300579189456	-12.7524503402821	-18.7398201567927	-14.3374128410032	-19.6192062202956	-13.3374128410032	-10.9450954182245	-11.5300579189456	-12.5300579189456	-18.4668093519586
np0403	-12.3137616881321	-9.17625816438212	-17.9648879574086	-9.88080228085595	-13.0507272822983	-18.6943578872215	-7.0620425955261	-10.9918335932447	-15.6356897830194	-17.7604210873886	-7.31376168813206	-11.3877622695758	-8.70495244545653	-15.6356897830194	-4.64345951805353	-9.40687109252354	-19.5160539399953	-18.5202426739746	-9.96326444104792	-21.5160539399953	-3.51124532301083	-11.1121278269624	-18.6095178401463	-4.15641475276921	-12.0507272822983	-12.6356897830194	-10.6814934726325	-8.39728504369434	-18.129283016945	-7.2913938751036	-17.7361574621684	-17.6240100514525	-7.96326444104792	-7.79019973207504	-19.1439162732725	-8.55887418596859	-17.9865309296644	-14.0507272822983	-8.85433006949476	-2.97859467813103	-11.5482269417691	-12.8283348609618	-19.1027753967423	-12.8283348609618	-8.79019973207505	-18.6943578872215	-15.6356897830194	-12.8283348609618	-18.9648879574086	-5.85761265348406	-8.39728504369434	-15.6356897830194	-14.6356897830194	-4.29083909907643	-11.1762581643821	-17.4491002709378	-11.1762581643821	-12.4657647815771	-14.6356897830194	-9.14383668668975	-17.846702404935	-10.6356897830194	-18.1439162732725	-9.85433006949476	-8.49613843062063	-18.4392911680949	-17.786116445496	-11.5482269417691	-18.3552564508737	-10.9352500648783	-11.1762581643821	-10.3137616881321	-12.3137616881321	-0.967192552994837	-11.7287991874109	-17.687608057609	-21.5160539399953	-14.6356897830194	-16.7398201567927	-8.38776226957583	-18.5482424388053	-18.1477514775078	-7.36890324232452	-15.6356897830194	-7.33190903484232	-18.6592085149264	-19.6192062202956	-19.1611220392346	-6.00815589854663	-7.68732255143474	-18.6924724781975	-11.8283348609618	-12.6356897830194	-19.0272850912691	-18.4819570601872	-17.9797712684366	-7.09653097191139	-18.7398201567927	-12.3137616881321	-19.6192062202956	-18.4849487344682	-9.61332196999096	-18.1166993110972	-9.09653097191139	-18.4668093519586
np0406	-10.3385971195745	-4.65122143613708	-9.87916550093725	-5.80526738726871	-12.0166690246872	-8.33859711957454	-9.18885000006986	-12.5312421975169	-19.1439162732725	-17.7604210873886	-1.81466767592287	-9.98104511495646	-9.23007266279637	-12.7536346188534	-5.22095401818545	-10.8791655009372	-12.7536346188534	-11.8791655009372	-5.98324602314973	-9.43170652396602	-10.090669606131	-7.98104511495646	-18.6095178401463	-5.21318364909123	-10.8150351635175	-10.0531949007123	-11.8791655009372	-9.38440080918767	-13.3385971195745	-6.17369019289885	-13.7536346188534	-11.8791655009372	-7.64511016207522	-5.97446246456649	-19.1439162732725	-15.3385971195745	-12.3385971195745	-10.9462796967958	-11.431706523966	-4.66617177760305	-17.431970894603	-14.3385971195745	-19.1027753967423	-11.1686721181322	-8.41973388229995	-10.5312421975169	-11.431706523966	-12.0166690246872	-15.3385971195745	-18.4544358573167	-8.33859711957454	-9.43170652396602	-12.1686721181322	-7.98104511495646	-6.81503516351753	-9.91233236487244	-12.7536346188534	-18.4544358573167	-19.1611220392346	-11.1686721181322	-17.846702404935	-13.0166690246872	-13.7536346188534	-6.29420300021609	-8.46823239999114	-18.4392911680949	-10.090669606131	-11.3385971195745	-11.8791655009372	-6.3079299833276	-5.74614008230646	-8.69474092979982	-7.55723740604988	-2.07093258207342	-18.6592085149264	-12.3385971195745	-7.32736986415129	-10.0166690246872	-5.47441097492026	-5.26178152252371	-18.5482424388053	-18.1477514775078	-6.53446609839123	-4.91969038831664	-5.94627969679578	-13.0166690246872	-19.6192062202956	-14.3385971195745	-6.34424368271568	-6.06014766135406	-18.6924724781975	-9.12914375394559	-9.4559540702127	-19.0272850912691	-9.36131719607463	-6.34141763863692	-7.42570778334458	-11.7536346188534	-11.3385971195745	-13.0166690246872	-8.84674402324487	-8.83080247937585	-9.75363461885339	-9.31622930654609	-18.4668093519586
np0410	-13.8987093452774	-6.55251223562686	-10.331024835988	-4.8330047196735	-11.7991736717265	-18.6943578872215	-9.6399750768772	-12.2466326486977	-19.1439162732725	-17.7604210873886	-1.86410686823542	-8.57678125039	-9.70606426733497	-11.4581367538914	-6.29667333119727	-11.6616701479765	-14.706064267335	-7.86371392392116	-4.3381035576934	-21.5160539399953	-11.2797995126329	-8.31374684455621	-18.6095178401463	-6.40000257790663	-11.496610901706	-12.0056245491939	-9.58712319461146	-9.97814381277177	-10.706064267335	-6.14573143312253	-17.7361574621684	-12.7991736717265	-6.48810656947086	-6.2232563106083	-19.1439162732725	-17.8543286673737	-6.53363675868949	-12.2466326486977	-12.6186014260846	-4.9470083281748	-15.1211017666138	-14.3841361724476	-13.706064267335	-9.99181874966885	-10.7753269297721	-18.6943578872215	-13.8987093452774	-12.0622080775602	-14.706064267335	-13.0056245491939	-7.77237361238274	-8.64536833564742	-13.8987093452774	-8.34851226271689	-4.93004255208216	-8.28821175244907	-9.06943964679132	-14.3841361724476	-19.1611220392346	-12.2466326486977	-17.846702404935	-12.182502311278	-12.3137468445562	-7.61330712641512	-7.62657948350815	-13.8987093452774	-8.59232210128578	-12.4581367538914	-12.182502311278	-5.45813675389138	-5.18839487920116	-8.01257730983565	-7.78125176372919	-2.24644054123284	-7.39318131205061	-17.687608057609	-21.5160539399953	-12.706064267335	-5.59362476055342	-3.98560622894167	-18.5482424388053	-13.5361392658927	-6.41604542040235	-18.6583509692635	-7.41144351844334	-18.6592085149264	-16.706064267335	-13.8987093452774	-5.60869049834475	-7.41604542040235	-18.6924724781975	-9.34851226271689	-7.10987451119056	-15.1211017666138	-8.91164840098486	-6.60540192832977	-8.35291744183689	-13.0056245491939	-8.55124615828287	-14.1211017666138	-9.25485315550264	-11.8987093452774	-10.2797995126329	-7.04785278458318	-18.4668093519586
np0412	-18.4462271471724	-8.45836624378946	-17.9648879574086	-5.90208649777239	-10.6921634283982	-18.6943578872215	-11.0547335077829	-18.0189119165308	-19.1439162732725	-17.7604210873886	-1.35313824689606	-10.0547335077829	-11.4470509305616	-18.0467296909277	-5.16280518073195	-11.7466112124205	-19.5160539399953	-18.5202426739746	-17.8816397677299	-21.5160539399953	-18.4354667979437	-13.1251228356743	-9.71913047599842	-10.3595880893113	-17.6943578872215	-12.8620884298405	-13.4470509305616	-7.19912341711804	-12.8620884298405	-4.68799499140145	-17.7361574621684	-17.6240100514525	-9.86208842984047	-6.50747171624693	-14.4470509305616	-8.33852647378345	-17.9865309296644	-13.8620884298405	-9.74661121242053	-5.18613139689872	-17.431970894603	-18.9310914392741	-19.1027753967423	-17.6755849574782	-5.18848489667169	-18.6943578872215	-18.4819570601872	-14.4470509305616	-18.9648879574086	-8.15243018167	-9.58906993543405	-10.2771259291193	-18.0315827535454	-7.71913047599842	-1.88373547167532	-10.7466112124205	-13.4470509305616	-8.43582367513837	-12.8620884298405	-13.8620884298405	-17.846702404935	-15.4470509305616	-12.2771259291193	-18.6592085149264	-11.199123417118	-18.4392911680949	-11.639696008504	-5.96323515329737	-18.3552564508737	-7.31776791361666	-16.646333693381	-11.2771259291193	-10.6921634283982	-18.6592085149264	-18.6592085149264	-17.687608057609	-21.5160539399953	-13.1251228356743	-10.4928546201747	-4.4212192622296	-18.5482424388053	-13.4470509305616	-8.24737858572526	-18.6583509692635	-10.4026568112032	-18.6592085149264	-19.6192062202956	-19.1611220392346	-4.06280680831854	-6.33070696932415	-15.4470509305616	-13.8620884298405	-18.129283016945	-13.8620884298405	-11.639696008504	-10.8031947407869	-8.20864619123654	-18.7398201567927	-12.1251228356743	-19.6192062202956	-14.4470509305616	-14.4470509305616	-10.9876193119243	-10.7466112124205	-18.4668093519586
np0413	-10.0248318529799	-3.94242932923221	-11.4785498204228	-4.79815207324039	-11.8321867750375	-11.1441307813523	-8.80243943164349	-18.0189119165308	-19.1439162732725	-17.7604210873886	-1.14690262402952	-7.34747574795188	-7.30514425024557	-13.0021117764799	-5.50226588939665	-11.3582555867051	-14.0021117764799	-16.0021117764799	-7.9908845210566	-21.5160539399953	-13.4171492757587	-8.54268015784255	-18.6095178401463	-8.87282875953488	-17.6943578872215	-9.54268015784255	-11.4785498204228	-6.83972044772295	-10.2472242743164	-6.03488551764386	-12.0021117764799	-15.0021117764799	-7.47854982042284	-5.93199083200303	-19.1439162732725	-17.8543286673737	-17.9865309296644	-12.4171492757587	-11.4171492757587	-4.4489625008813	-17.431970894603	-12.6801836815925	-19.1027753967423	-17.6755849574782	-9.20769591012975	-14.0021117764799	-13.6801836815925	-11.3582555867051	-13.6801836815925	-13.4171492757587	-8.78294325601769	-10.1947568544222	-12.8321867750375	-10.7926584108509	-6.26401951685936	-9.75418426303627	-8.67119489836523	-18.4544358573167	-19.1611220392346	-12.3016720583388	-17.846702404935	-10.3016720583388	-11.0021117764799	-6.88057825913982	-8.9686887749424	-13.4171492757587	-11.1441307813523	-11.1947568544222	-9.77329308598397	-6.27930424531031	-7.85236465697517	-11.9146489352295	-5.37184465145308	-3.7406044672778	-11.2472242743164	-11.5426801578426	-21.5160539399953	-9.77329308598397	-5.6700752281182	-4.38372627422125	-13.6801836815925	-15.0021117764799	-7.13174705689645	-18.6583509692635	-5.95635211509717	-14.4171492757587	-19.6192062202956	-13.1947568544222	-5.70864012764172	-6.05666794010194	-18.6924724781975	-9.08324853920526	-11.7541842630363	-19.0272850912691	-11.3016720583388	-8.70749102758822	-6.41152472656482	-14.0021117764799	-13.6801836815925	-12.8321867750375	-8.54268015784255	-9.15662172553548	-10.6801836815925	-9.28786625881373	-18.4668093519586
np0415	-18.4462271471724	-7.92119413363802	-7.19682857625144	-3.21353490898384	-17.4392911680949	-18.6943578872215	-7.19682857625144	-6.21593739919915	-10.1228279948077	-17.7604210873886	-2.9231556499713	-8.53786549408651	-5.28488475291664	-9.85979358897387	-4.53186675346507	-10.8597935889739	-9.85979358897387	-10.8597935889739	-5.87490048136408	-21.5160539399953	-18.4354667979437	-5.62457712727984	-9.85979358897387	-4.71683563513183	-10.1228279948077	-10.8597935889739	-10.444756089695	-6.1049060868104	-11.444756089695	-4.54993832638709	-10.8597935889739	-17.6240100514525	-7.05243866691627	-4.82270427023865	-19.1439162732725	-17.8543286673737	-6.23530272406608	-18.3791414185299	-10.1228279948077	-3.78297799192304	-17.431970894603	-18.9310914392741	-19.1027753967423	-17.6755849574782	-7.53786549408651	-7.98532447105773	-12.444756089695	-18.6943578872215	-18.9648879574086	-18.4544358573167	-8.35729324844469	-8.27483108825272	-10.444756089695	-6.68986858753156	-7.31547307275006	-17.4491002709378	-17.9797712684366	-18.4544358573167	-19.1611220392346	-11.444756089695	-17.846702404935	-6.49055977930815	-10.444756089695	-6.01849133499293	-7.05243866691627	-18.4392911680949	-8.85979358897387	-17.7069141533982	-18.3552564508737	-6.98532447105773	-6.25493153081501	-8.53786549408651	-8.63740116763742	-3.96497582566593	-18.6592085149264	-9.85979358897387	-4.52589285242043	-7.85979358897387	-5.66339637617037	-5.02690357480913	-18.5482424388053	-10.8597935889739	-5.35729324844469	-18.6583509692635	-8.12282799480767	-18.6592085149264	-11.444756089695	-19.1611220392346	-5.51401875213214	-8.05243866691627	-10.444756089695	-6.58677509456746	-9.27483108825272	-19.0272850912691	-18.4819570601872	-6.49055977930815	-5.63740116763743	-18.7398201567927	-12.444756089695	-19.6192062202956	-10.8597935889739	-8.85979358897387	-10.444756089695	-5.43352883427178	-8.53786549408651
np0418	-18.4462271471724	-9.95839510413016	-11.2531383696913	-5.60390614745864	-17.4392911680949	-18.6943578872215	-12.1600289652998	-18.0189119165308	-15.1600289652998	-17.7604210873886	-1.16117413620601	-9.27738591593797	-10.4051414631363	-14.6746021381296	-6.44029790854996	-13.2340295467436	-19.5160539399953	-13.5750664645787	-5.51221080937267	-21.5160539399953	-18.4354667979437	-6.83900283670684	-8.78498953395289	-6.85807557017372	-8.77805348674251	-11.5277607498003	-10.2921325013072	-7.95839510413016	-18.129283016945	-7.32713895113507	-11.754036605624	-17.6240100514525	-10.754036605624	-6.63333411975784	-10.1600289652998	-13.896994559466	-11.6239760650596	-15.1600289652998	-12.2725036945582	-6.07628372790531	-17.431970894603	-15.896994559466	-19.1027753967423	-8.86357155792857	-11.9901039638575	-11.5277607498003	-17.4819570601872	-14.0225254415499	-14.6746021381296	-10.882044218	-7.50467713668726	-11.3526740432422	-18.0315827535454	-9.05569230548508	-1.84516253424664	-13.3944942189368	-10.5750664645787	-18.4544358573167	-8.93121027480393	-12.5750664645787	-17.846702404935	-11.0896396374084	-11.8095317182157	-8.46514877250062	-9.11126965337996	-13.896994559466	-13.1600289652998	-11.6490670460224	-10.1965548413249	-9.38392497722665	-12.1600289652998	-10.0473288325505	-7.40514146313634	-5.31359833296329	-18.6592085149264	-11.754036605624	-8.4158678697294	-11.0896396374084	-7.63803600889814	-14.1600289652998	-14.1600289652998	-18.1477514775078	-6.30765551571954	-18.6583509692635	-9.5335898286025	-16.4819570601872	-12.896994559466	-17.4819570601872	-5.74597802057377	-10.1600289652998	-12.0896396374084	-7.32967221788059	-12.896994559466	-19.0272850912691	-17.4819570601872	-8.01435151010418	-8.96232080734396	-14.896994559466	-13.0225254415499	-19.6192062202956	-10.882044218	-13.4819570601872	-12.5277607498003	-4.4606300275628	-18.4668093519586
np0419	-18.4462271471724	-5.75692161605827	-9.38370429247405	-5.64461864643348	-10.6638122116668	-18.6943578872215	-10.149239038837	-8.7707274155833	-11.4711671337244	-17.7604210873886	-2.92620270093515	-10.3012421322821	-7.42677301436594	-11.8862046330032	-5.19970410582002	-17.5323711460796	-12.4711671337244	-18.5202426739746	-7.42677301436594	-21.5160539399953	-11.8862046330032	-7.91657828204675	-9.22323962028081	-4.9051130955533	-17.6943578872215	-12.4711671337244	-9.47116713372439	-7.40507794326662	-13.4711671337244	-5.87871009645631	-11.4711671337244	-17.6240100514525	-7.16738638554729	-6.10484491947858	-10.3012421322821	-10.3012421322821	-6.90131152539344	-11.8862046330032	-11.149239038837	-4.01583991341983	-17.431970894603	-12.4711671337244	-19.1027753967423	-17.6755849574782	-10.149239038837	-13.4711671337244	-18.4819570601872	-18.6943578872215	-18.9648879574086	-5.89373830568864	-7.88620463300324	-11.149239038837	-13.4711671337244	-7.02822363787566	-6.49388721022448	-11.149239038837	-11.4711671337244	-10.0117355150871	-19.1611220392346	-11.149239038837	-17.846702404935	-7.13131713083977	-9.88620463300323	-6.12243897949331	-8.94760517766738	-13.4711671337244	-12.4711671337244	-17.7069141533982	-18.3552564508737	-8.18576491486214	-6.07028769744221	-6.35222606100088	-6.08746284125034	-2.54338917164205	-18.6592085149264	-8.14923903883703	-2.37313505076386	-9.88620463300323	-7.26171376809544	-5.19970410582002	-11.8862046330032	-18.1477514775078	-5.80583121653922	-18.6583509692635	-9.22323962028081	-18.6592085149264	-11.4711671337244	-19.1611220392346	-4.96734139572864	-5.65738594250735	-18.6924724781975	-6.66381221166679	-11.4711671337244	-19.0272850912691	-18.4819570601872	-5.72297428413493	-10.3012421322821	-18.7398201567927	-17.786116445496	-19.6192062202956	-9.38370429247405	-9.56427653811587	-18.1166993110972	-7.88620463300324	-11.4711671337244
np0421	-18.4462271471724	-6.13965611186882	-9.33441296629107	-7.5795254641276	-8.69055677651635	-18.6943578872215	-12.3344129662911	-11.5270580442335	-11.3344129662911	-17.7604210873886	-3.99567658371716	-16.8818468512374	-6.76455735796012	-13.3344129662911	-5.55633583675571	-17.5323711460796	-14.3344129662911	-18.5202426739746	-8.16448796484876	-21.5160539399953	-18.4354667979437	-8.81085101023406	-7.85867953532467	-4.91445278844318	-13.3344129662911	-14.3344129662911	-10.0864854528475	-7.35713304279116	-18.129283016945	-5.85059718902682	-12.7494504655699	-17.6240100514525	-6.92502203015337	-6.00349608817645	-8.81085101023406	-10.3344129662911	-9.69055677651635	-18.3791414185299	-11.5270580442335	-3.82959397865823	-17.431970894603	-18.9310914392741	-19.1027753967423	-17.6755849574782	-9.63397324814998	-12.7494504655699	-18.4819570601872	-18.6943578872215	-18.9648879574086	-5.76076577879775	-7.11524444582891	-8.97686096167299	-18.0315827535454	-7.8425598699614	-6.92502203015337	-12.7494504655699	-14.3344129662911	-8.20512994934611	-19.1611220392346	-11.0124848714037	-17.846702404935	-7.4889229153467	-10.1644879648488	-7.85867953532467	-9.12495960066212	-18.4392911680949	-11.5270580442335	-17.7069141533982	-10.7494504655699	-8.66198762431958	-7.64791243910785	-6.4889229153467	-6.02153001100672	-1.93807577205997	-18.6592085149264	-10.0864854528475	-2.13504734943309	-9.87498134765377	-7.34572827951891	-5.74569833070881	-18.5482424388053	-18.1477514775078	-5.69778834574742	-18.6583509692635	-9.24695012504073	-18.6592085149264	-14.3344129662911	-14.3344129662911	-5.00349608817645	-4.84858365758917	-11.7494504655699	-7.07702512359842	-13.3344129662911	-19.0272850912691	-18.4819570601872	-6.95937353494415	-10.7494504655699	-18.7398201567927	-17.786116445496	-19.6192062202956	-9.4764319711635	-9.3802166559042	-13.3344129662911	-9.87498134765377	-18.4668093519586
np0422	-18.4462271471724	-8.35562262279808	-7.52493016433758	-3.71229354119176	-12.9604846809569	-18.6943578872215	-8.48655349262453	-8.17040775033117	-10.3490499688746	-17.7604210873886	-2.60795075110548	-8.38221683280979	-6.06364775001234	-11.515699838284	-4.6425696485762	-11.6068477263422	-10.4721981996475	-11.2724286872717	-6.34823048856804	-21.5160539399953	-11.1762133720124	-5.57486191075219	-11.4865534926245	-3.87066641870847	-9.60684772634224	-11.0218852256211	-10.3755221802358	-6.46507376521407	-13.2235190867907	-4.65619674520531	-10.6385565860696	-16.1304096823993	-7.119182426976	-4.96079779979504	-19.1439162732725	-13.5454471816781	-7.05092489857244	-10.4865534926245	-11.0429468411489	-3.89215423629528	-17.431970894603	-14.3230547603416	-16.1304096823993	-17.6755849574782	-8.38221683280979	-8.1080418693708	-11.8084815875119	-15.5454471816781	-15.5454471816781	-13.3230547603416	-8.11638921208432	-8.53795264513117	-10.6068477263422	-6.88961835023729	-7.50287579792646	-9.79055967951463	-12.1304096823993	-12.4299699642582	-15.5454471816781	-10.1304096823993	-17.846702404935	-7.90882256113445	-11.1762133720124	-6.04493722321797	-7.44566106197763	-17.1304096823993	-8.35892021289865	-12.9604846809569	-11.1762133720124	-7.22051659862921	-6.10112245543101	-7.71255716751335	-8.06701460111074	-3.6922676046556	-18.6592085149264	-9.00112666545428	-4.86128300324983	-8.61470984411521	-5.67559633388673	-3.85413985148698	-12.8824821689557	-10.845007463537	-5.44434693250384	-18.6583509692635	-7.36057183876981	-15.5454471816781	-10.443909155216	-12.1304096823993	-5.67302880332671	-8.35892021289865	-10.8084815875119	-7.29435932734118	-9.19967234483637	-19.0272850912691	-10.9604846809569	-6.02188522562108	-6.26932277640386	-18.7398201567927	-11.5454471816781	-14.8084815875119	-10.670978063762	-9.18789517706001	-10.3359938160491	-5.5235418450251	-9.0376525414794
np0428	-14.4460170879173	-6.55423338469895	-9.58803609278969	-4.68779387319053	-11.3585542466669	-18.6943578872215	-9.6646573743926	-12.1240889930299	-19.1439162732725	-17.7604210873886	-1.85449474134652	-8.90685827680923	-9.56337403855542	-11.3585542466669	-5.73865795583638	-12.2760920864749	-13.1240889930299	-8.39073465241607	-4.09563034560442	-21.5160539399953	-10.4918207775304	-8.00307359206853	-15.4460170879173	-6.20046438166158	-12.1240889930299	-12.6386621658597	-10.3585542466669	-8.67783276314033	-9.74557736977617	-5.48167622012484	-17.7361574621684	-11.7455773697762	-7.55119932460932	-5.72150323479731	-19.1439162732725	-14.4460170879173	-5.93624208359032	-11.6386621658597	-11.5391264923087	-4.72577282962969	-14.4460170879173	-18.9310914392741	-14.4460170879173	-10.3167340709723	-10.4016229685588	-18.6943578872215	-12.4460170879173	-10.9224551318602	-18.9648879574086	-14.4460170879173	-7.95416399158758	-9.01975233321516	-18.0315827535454	-8.95416399158758	-5.2426690849375	-10.5880360927897	-10.0884650832992	-18.4544358573167	-13.8610545871961	-11.2760920864749	-17.846702404935	-11.2760920864749	-11.6386621658597	-7.24634474308089	-7.52715385064266	-18.4392911680949	-8.31673407097229	-12.8610545871961	-11.4460170879173	-5.03874932367253	-4.74818072995488	-8.16061486905501	-8.16989268264302	-2.56643383830448	-7.01975233321516	-17.687608057609	-21.5160539399953	-12.4460170879173	-5.01556453625173	-4.52343268520359	-18.5482424388053	-13.1240889930299	-6.51232643296503	-18.6583509692635	-7.61312707375252	-18.6592085149264	-14.4460170879173	-19.1611220392346	-5.89527030253402	-7.44039253872338	-18.6924724781975	-9.56337403855542	-7.84610424573013	-19.0272850912691	-8.71809663335406	-5.98045068310786	-7.85356005064918	-13.4460170879173	-8.45733240114509	-19.6192062202956	-9.33749263113909	-11.4460170879173	-9.95416399158758	-6.93822244771856	-18.4668093519586
np0430	-18.4462271471724	-5.76047516997165	-11.4413620906913	-7.00173895313423	-11.1783276848575	-18.6943578872215	-9.09086484360721	-11.9559352635211	-19.1439162732725	-17.7604210873886	-3.55749693618155	-10.1783276848575	-9.32034668972998	-12.9559352635211	-4.68313887596462	-12.5933651841364	-19.5160539399953	-8.50590234288605	-4.53989177086708	-21.5160539399953	-10.8563995899702	-8.05593105349782	-10.3038585669414	-7.83847768197292	-17.6943578872215	-11.0084026834152	-11.2397282295217	-9.69720099512093	-12.3038585669414	-5.58587064758947	-17.7361574621684	-12.9559352635211	-9.30385856694141	-5.34860494977149	-19.1439162732725	-12.9559352635211	-8.93040017141396	-11.3709727627999	-12.3038585669414	-4.97947342625852	-17.431970894603	-14.1783276848575	-19.1027753967423	-9.61354306607402	-9.42344018269408	-18.6943578872215	-12.1783276848575	-10.9559352635211	-18.9648879574086	-13.1783276848575	-8.32034668972998	-8.33702543087661	-12.7632901855787	-7.74648189789215	-5.07591450214124	-10.0628504674376	-12.3038585669414	-11.5153626721351	-12.3038585669414	-11.5933651841364	-17.846702404935	-12.3038585669414	-11.0628504674376	-10.6758273443284	-7.29161497118666	-18.4392911680949	-9.65476572880054	-14.7632901855787	-13.4413620906913	-8.08381008607326	-6.52011620210575	-9.20870133390107	-8.91780013463433	-1.09695521050203	-7.63916887374952	-17.687608057609	-21.5160539399953	-11.3038585669414	-4.98193047205404	-4.18633352087261	-18.5482424388053	-18.1477514775078	-6.18775093874417	-18.6583509692635	-8.70800775007752	-18.6592085149264	-15.7632901855787	-19.1611220392346	-6.10329429314873	-7.87454693668045	-18.6924724781975	-9.11943399580398	-8.91780013463433	-11.5933651841364	-9.07678965839549	-6.64694622434124	-6.39478372407101	-13.4413620906913	-9.90530919045113	-15.7632901855787	-9.59336518413639	-10.5153626721351	-9.80909387519183	-7.62373883317991	-18.4668093519586
np0431	-18.4462271471724	-12.102631888855	-13.6875943895761	-7.48465433090585	-17.4392911680949	-18.6943578872215	-6.66522657654767	-18.0189119165308	-19.1439162732725	-17.7604210873886	-2.5867130788712	-11.81312527166	-11.5721171721562	-13.6875943895761	-4.75981642749378	-10.5721171721562	-19.5160539399953	-18.5202426739746	-11.6875943895761	-21.5160539399953	-4.75882929434484	-11.3656662946888	-18.6095178401463	-6.00109386239291	-8.79682345933088	-13.6875943895761	-10.3183605799104	-9.62870070052256	-12.2725568902973	-6.37471143429177	-17.7361574621684	-11.102631888855	-8.47814102394717	-6.56175045659793	-19.1439162732725	-9.16403243351911	-14.2725568902973	-11.102631888855	-12.9506287954099	-2.85444074908979	-12.6875943895761	-18.9310914392741	-19.1027753967423	-14.2725568902973	-9.27255689029728	-18.6943578872215	-15.2725568902973	-12.6875943895761	-18.9648879574086	-8.58605636311406	-8.79682345933088	-17.786116445496	-13.6875943895761	-8.70270128196633	-16.0449490266994	-11.9506287954099	-11.81312527166	-18.4544358573167	-15.2725568902973	-9.0437381998014	-17.846702404935	-13.6875943895761	-18.1439162732725	-7.9238287360662	-10.6875943895761	-13.6875943895761	-9.62870070052256	-13.6875943895761	-18.3552564508737	-8.26132963487403	-12.102631888855	-9.41457589516971	-11.6875943895761	-1.03102055680666	-14.2725568902973	-17.687608057609	-21.5160539399953	-13.2725568902973	-16.7398201567927	-11.3656662946888	-18.5482424388053	-18.1477514775078	-8.54463643573408	-18.6583509692635	-9.22816277093883	-18.6592085149264	-19.6192062202956	-19.1611220392346	-5.89751745895036	-8.74899493424027	-18.6924724781975	-9.84629213559518	-10.81312527166	-19.0272850912691	-18.4819570601872	-15.2725568902973	-6.18509404904694	-18.7398201567927	-12.2725568902973	-19.6192062202956	-18.4849487344682	-9.95062879540992	-12.6875943895761	-9.08273233141726	-18.4668093519586
np0433	-8.39340438771073	-7.20486370810108	-12.4902659269633	-4.97895251662783	-9.13662897234862	-14.6601909284056	-8.91872394200449	-11.0163347386309	-9.61579680904718	-17.7604210873886	-1.08482895676118	-9.85283600634803	-7.36557017951401	-12.4902659269633	-5.4301704927	-9.59410173794786	-15.6601909284056	-18.5202426739746	-12.2007593097683	-21.5160539399953	-9.90530342624217	-7.77144767950738	-18.6095178401463	-7.82730091424089	-12.6601909284056	-11.0163347386309	-12.2007593097683	-8.46051858356927	-13.3382628335183	-5.67719735371133	-17.7361574621684	-14.6601909284056	-8.32927405029102	-6.23183075570134	-19.1439162732725	-6.91535709090609	-17.9865309296644	-14.0752284276845	-13.3382628335183	-6.9254813081798	-13.0752284276845	-18.9310914392741	-19.1027753967423	-8.21724743255691	-10.412263414962	-18.6943578872215	-14.0752284276845	-12.4902659269633	-18.9648879574086	-15.6601909284056	-7.91199807881618	-9.61579680904718	-12.6601909284056	-9.59410173794786	-6.47779657500111	-13.0752284276845	-11.0163347386309	-6.62676792686819	-12.3382628335183	-9.98776558643414	-17.846702404935	-11.412263414962	-6.62676792686819	-4.18445749743924	-6.40516235858691	-12.3382628335183	-11.7533003327971	-10.2007593097683	-12.3382628335183	-5.81941300481058	-4.66937784925203	-7.40280308571298	-7.45073756277669	-3.74319187932283	-18.6592085149264	-13.0752284276845	-21.5160539399953	-9.72945359084275	-12.852836006348	-5.70890621343866	-12.3382628335183	-13.6601909284056	-8.53090791146067	-18.6583509692635	-6.70018899633756	-13.0752284276845	-13.6601909284056	-12.4902659269633	-5.95801824304009	-6.02537987823392	-18.6924724781975	-7.46051858356927	-14.6601909284056	-12.2007593097683	-7.14449109012159	-10.2339261737035	-6.95283179632475	-5.08938649068114	-10.9597512102645	-14.6601909284056	-7.42657125164593	-10.168337832076	-13.6601909284056	-8.54124985568213	-18.4668093519586
np0436	-18.4462271471724	-5.53014961609177	-10.7780771295354	-7.53014961609177	-9.456149034648	-18.6943578872215	-10.7780771295354	-18.0189119165308	-19.1439162732725	-17.7604210873886	-3.22348827785772	-16.8818468512374	-5.58825257065534	-18.0467296909277	-5.03661014313421	-17.5323711460796	-19.5160539399953	-18.5202426739746	-8.07763741139427	-21.5160539399953	-10.1931146288142	-7.69061428828502	-7.69061428828502	-4.92009613440779	-10.1931146288142	-11.7780771295354	-9.77807712953536	-6.28622403320568	-18.129283016945	-4.60815212809305	-17.7361574621684	-17.6240100514525	-8.07763741139427	-5.35181237483326	-11.7780771295354	-9.456149034648	-5.49267491067311	-18.3791414185299	-10.7780771295354	-3.37719769325317	-17.431970894603	-18.9310914392741	-19.1027753967423	-17.6755849574782	-6.60815212809305	-10.1931146288142	-18.4819570601872	-18.6943578872215	-18.9648879574086	-8.77807712953536	-7.3857597067566	-8.77807712953536	-18.0315827535454	-4.95789816712017	-6.92009613440779	-17.4491002709378	-8.77807712953536	-7.456149034648	-19.1611220392346	-10.7780771295354	-17.846702404935	-5.16336728542015	-18.1439162732725	-8.07763741139427	-7.97072220747775	-10.1931146288142	-17.786116445496	-17.7069141533982	-18.3552564508737	-10.7780771295354	-5.71198793907759	-8.60815212809305	-7.13422093976063	-2.52777871162903	-18.6592085149264	-7.69061428828502	-3.30640191514331	-8.60815212809305	-8.60815212809305	-5.31864551089806	-18.5482424388053	-18.1477514775078	-4.98366126318525	-18.6583509692635	-9.456149034648	-11.7780771295354	-19.6192062202956	-19.1611220392346	-4.74465412799791	-7.31864551089806	-18.6924724781975	-6.05015667497216	-11.7780771295354	-19.0272850912691	-18.4819570601872	-7.77807712953536	-8.60815212809305	-18.7398201567927	-17.786116445496	-19.6192062202956	-9.1931146288142	-9.77807712953536	-11.7780771295354	-6.456149034648	-18.4668093519586
np0439	-7.36038507063234	-8.10051794387723	-14.6083125840759	-10.8009576620183	-11.4383875826336	-18.6943578872215	-18.3552564508737	-18.0189119165308	-19.1439162732725	-17.7604210873886	-3.1473448215055	-13.0233500833548	-8.03845697574498	-18.0467296909277	-4.96987667008545	-17.5323711460796	-19.5160539399953	-18.5202426739746	-12.6083125840759	-21.5160539399953	-14.6083125840759	-9.9644563943012	-18.6095178401463	-5.6111331031383	-13.0233500833548	-18.3791414185299	-12.2863844891886	-8.34152604338102	-18.129283016945	-6.54761665238837	-17.7361574621684	-17.6240100514525	-8.18204782937383	-6.49457041802674	-19.1439162732725	-10.7014219884674	-17.9865309296644	-18.3791414185299	-8.67757524651304	-4.88550505290638	-17.431970894603	-13.0233500833548	-19.1027753967423	-17.6755849574782	-9.28638448918856	-18.6943578872215	-18.4819570601872	-18.6943578872215	-18.9648879574086	-8.34152604338102	-7.08475062801891	-9.25076057945784	-18.0315827535454	-9.56391846471747	-5.19046006919003	-9.28638448918856	-17.9797712684366	-10.8009576620183	-19.1611220392346	-10.2863844891886	-17.846702404935	-13.6083125840759	-10.3603850706323	-11.1488809654386	-8.75033158894835	-18.4392911680949	-17.786116445496	-14.6083125840759	-18.3552564508737	-10.0847506280189	-12.2863844891886	-9.43838758263361	-7.20743314779374	-0.753054756882728	-8.70142198846741	-13.0233500833548	-5.44340565740024	-14.6083125840759	-8.56391846471747	-5.82695287055126	-18.5482424388053	-14.6083125840759	-5.73794786449252	-18.6583509692635	-6.85342508191246	-18.6592085149264	-19.6192062202956	-19.1611220392346	-5.83352552447475	-8.43838758263361	-18.6924724781975	-8.93588724210443	-14.6083125840759	-19.0272850912691	-18.4819570601872	-9.25076057945784	-10.2863844891886	-18.7398201567927	-13.6083125840759	-19.6192062202956	-8.88039212951272	-9.90787286593483	-12.2863844891886	-14.6083125840759	-18.4668093519586
np0440	-10.4371668664398	-9.68227936427637	-17.9648879574086	-10.1152387715525	-12.4371668664398	-18.6943578872215	-9.26724186499752	-18.0189119165308	-11.8522043657187	-7.91360491038282	-2.81969940114564	-16.8818468512374	-10.4371668664398	-18.0467296909277	-5.0906531332742	-12.4371668664398	-19.5160539399953	-18.5202426739746	-12.1152387715525	-11.8522043657187	-5.86731125810889	-8.79331067666511	-9.22771350081089	-4.69738625666658	-9.15176464757759	-12.4371668664398	-9.53027627083132	-10.1152387715525	-18.129283016945	-7.04484944366108	-14.4371668664398	-10.9777352478025	-6.01931435155394	-7.18923935299625	-19.1439162732725	-7.91360491038282	-14.4371668664398	-18.3791414185299	-10.6298119443822	-7.29761551404104	-12.4371668664398	-12.8522043657187	-19.1027753967423	-17.6755849574782	-5.40099325388635	-8.94531377011016	-11.4371668664398	-18.6943578872215	-18.9648879574086	-6.12428391115548	-8.07961486182175	-14.4371668664398	-18.0315827535454	-11.4371668664398	-9.91360491038282	-11.6298119443822	-11.1152387715525	-9.57918587131227	-12.8522043657187	-12.4371668664398	-17.846702404935	-10.9777352478025	-18.1439162732725	-5.48006482487755	-9.04484944366108	-11.4371668664398	-17.786116445496	-12.4371668664398	-18.3552564508737	-10.7367271482987	-16.646333693381	-16.6919070560448	-5.36838858845443	-0.996427443425565	-18.6592085149264	-17.687608057609	-6.21799834597768	-11.8522043657187	-16.7398201567927	-10.7367271482987	-12.8522043657187	-18.1477514775078	-8.3497040251895	-11.8522043657187	-8.554523817078	-14.4371668664398	-19.6192062202956	-19.1611220392346	-4.50790845780286	-6.24734230755982	-18.6924724781975	-8.70924641187664	-9.3497040251895	-10.4371668664398	-11.2672418649975	-14.4371668664398	-11.2672418649975	-18.7398201567927	-14.4371668664398	-14.4371668664398	-18.4849487344682	-9.3497040251895	-13.4371668664398	-5.11749474549284	-18.4668093519586
np0441	-18.4462271471724	-5.74083972767784	-9.37454656225041	-5.67754319755825	-10.9300652850791	-18.6943578872215	-11.8869965631872	-9.93006528507908	-11.8869965631872	-17.7604210873886	-3.11492461805488	-11.4508974483805	-7.03782146543497	-12.3894969037164	-5.41603869116887	-14.9744594044375	-12.9744594044375	-18.5202426739746	-6.85811544320007	-21.5160539399953	-13.6525313095502	-8.53983117680081	-9.4198705527599	-4.85033809260835	-13.1671044823799	-13.1671044823799	-11.4508974483805	-7.23299241803639	-18.129283016945	-6.05261846736305	-13.3894969037164	-17.6240100514525	-7.23636714481705	-5.80955247776185	-8.66157644915318	-10.8869965631872	-7.64354252632292	-13.3894969037164	-11.3306032146628	-4.04150651224282	-17.431970894603	-15.9744594044375	-19.1027753967423	-17.6755849574782	-9.07964164112959	-11.9744594044375	-13.3894969037164	-18.6943578872215	-18.9648879574086	-6.13840904937947	-7.56083147541336	-9.07964164112959	-15.9744594044375	-6.27923111294179	-7.39703057640179	-12.9744594044375	-12.067568808829	-9.23299241803639	-19.1611220392346	-10.9744594044375	-17.846702404935	-7.98577471766537	-10.0437220668747	-6.49265997277179	-9.12896935349316	-18.4392911680949	-11.8869965631872	-13.3894969037164	-12.6525313095502	-8.33783478389389	-6.20958781370145	-6.24144408275157	-6.43530059332951	-2.33003977195271	-18.6592085149264	-8.74564071394166	-2.32027093137799	-10.1930996909129	-7.21623618971081	-4.75408107674231	-13.9744594044375	-18.1477514775078	-5.75650170657342	-18.6583509692635	-8.97445940443754	-18.6592085149264	-14.9744594044375	-19.1611220392346	-5.33240771150956	-5.73724944368252	-14.3894969037164	-7.66157644915318	-12.3894969037164	-19.0272850912691	-18.4819570601872	-5.65140464409589	-9.49872597347114	-18.7398201567927	-15.9744594044375	-19.6192062202956	-9.78463484555752	-8.97445940443754	-12.8045344029952	-8.46666476423884	-12.8045344029952
np0442	-12.9389669429305	-5.92587694349007	-17.9648879574086	-6.44711384660084	-13.3540044422094	-10.7960089890885	-11.7165745215941	-10.374182324147	-15.5239294436517	-11.3946464267067	-1.74477439273627	-10.4364666024013	-10.2385272247894	-13.0644978250144	-6.12091742007667	-17.5323711460796	-13.2020013487643	-14.2020013487643	-5.83218592448039	-7.3096103228509	-12.5239294436517	-8.77573659406221	-18.6095178401463	-4.15133641051092	-7.71657452159407	-10.6910394294869	-10.8800732538769	-9.30476092318951	-12.5239294436517	-6.39335888084624	-11.7690419414882	-10.6170388480432	-7.69420670856561	-6.52816229277387	-19.1439162732725	-17.8543286673737	-9.04011366638741	-13.7165745215941	-12.6170388480432	-3.74564693365602	-11.5697331332648	-18.9310914392741	-19.1027753967423	-10.1663774390336	-9.70375048123648	-11.4364666024013	-12.4364666024013	-14.2020013487643	-16.5239294436517	-18.4544358573167	-8.41018727760248	-9.82348972551058	-13.5239294436517	-6.62759703974173	-6.42064163523965	-11.2020013487643	-10.1316120208729	-12.9389669429305	-19.1611220392346	-10.3540044422094	-17.846702404935	-11.8800732538769	-12.0003674875947	-5.36405810687328	-8.4578402531939	-18.4392911680949	-11.2760019302081	-12.4364666024013	-13.2020013487643	-7.41018727760248	-7.41802093508051	-9.11453850751397	-6.87108447064969	-2.12378381292248	-18.6592085149264	-9.3946464267067	-5.2897107654132	-10.1663774390336	-6.95217680014812	-6.34900376115099	-13.9389669429305	-18.1477514775078	-6.32058144067191	-7.66906106039143	-6.81829705629026	-13.3540044422094	-19.6192062202956	-12.2760019302081	-4.92634240406545	-7.27837673739599	-12.4364666024013	-7.79261041262661	-8.26183459828149	-19.0272850912691	-8.82348972551058	-6.78583718403118	-8.99254798313536	-12.0644978250144	-12.0003674875947	-19.6192062202956	-11.1663774390336	-8.42064163523965	-12.0644978250144	-6.7278898348219	-16.5239294436517
np0444	-10.6217594722401	-2.20702982873631	-12.8727210457733	-7.31445341171753	-12.8727210457733	-15.1946491406606	-11.4942094225195	-10.2404528302738	-14.1946491406606	-7.67894930237659	-2.49412272470149	-9.95433481132692	-5.0535638220983	-12.8727210457733	-5.04999089782875	-14.516577235548	-15.516577235548	-18.5202426739746	-9.11143577241165	-6.92879971921978	-9.64621251596459	-9.07778538296973	-12.7616897333845	-4.55729972982749	-7.5696709610916	-10.2877585450521	-9.70279604433096	-8.37958612346777	-13.1946491406606	-6.10030749102479	-12.1590252309299	-10.3169048907116	-8.67108718460362	-7.28775854505211	-15.516577235548	-9.50534998012474	-9.93914840751225	-11.4080527787698	-10.4397616384972	-7.3808679494436	-10.8300767083648	-12.7092223134904	-17.516577235548	-11.0903124808459	-7.26154866572926	-14.1946491406606	-8.048971685465	-12.7616897333845	-15.516577235548	-13.0571456169107	-7.96775532708924	-14.7092223134904	-12.0903124808459	-7.15463346181275	-7.92973744758617	-14.0571456169107	-8.74839291077107	-8.55947519398571	-19.1611220392346	-9.70922231349039	-7.61722031262488	-9.94672162721705	-15.516577235548	-4.35717888769496	-8.73850010601264	-11.9316147348268	-13.1242598127692	-12.6585962404204	-9.70922231349039	-6.24511420764362	-10.2404528302738	-9.21736921716072	-5.68844075135389	-2.67594681421507	-18.6592085149264	-10.4080527787698	-5.60069785671222	-10.0987247206621	-11.7886567809848	-7.15025502130218	-13.1946491406606	-18.1477514775078	-6.13125405937212	-11.4080527787698	-7.0882170628437	-13.1242598127692	-12.307123869919	-19.1611220392346	-4.3535565959672	-6.01275149755224	-9.26864972210441	-9.25918939285534	-8.97741842443996	-8.18342188523738	-9.73521752202334	-10.0087825953493	-8.83007670836478	-15.9316147348268	-12.8727210457733	-16.516577235548	-15.1946491406606	-8.82657926412855	-14.516577235548	-6.03125104630747	-18.4668093519586
np0447	-9.0998910234106	-3.11890237025672	-13.9467743096548	-8.85460446572697	-12.3618118089337	-17.1166993110972	-10.7768493082125	-14.3093443890395	-19.1439162732725	-8.33206446553963	-3.54364390138845	-11.2838092969324	-3.24383208431058	-18.0467296909277	-4.79364455075551	-15.1166993110972	-19.5160539399953	-18.5202426739746	-11.5621104594195	-7.98999483825396	-9.12801462432499	-9.23405626173531	-15.531736810376	-4.98227299087623	-8.58142393447635	-9.75037709685134	-9.27120926015278	-8.37186547359761	-14.3093443890395	-5.59706305825394	-13.2098087154886	-11.6572676924599	-8.42321235359783	-7.21734238817404	-19.1439162732725	-9.8038163558128	-11.8687717976536	-10.9669521915925	-11.6248462147675	-7.30131601528361	-11.2340562617353	-11.388778856534	-19.1027753967423	-11.7243818883184	-6.33042968344869	-13.7947712162098	-6.85108426461269	-12.1166993110972	-18.9648879574086	-14.531736810376	-7.38368398941119	-17.786116445496	-11.1859619735343	-8.0560033794096	-8.73732094402589	-13.3093443890395	-9.70730837495945	-7.73083691045569	-17.1166993110972	-9.49464749164078	-8.80836028095774	-9.38198969087131	-18.1439162732725	-4.54186929575952	-7.79477121620979	-11.9874162941522	-13.2098087154886	-13.6572676924599	-9.30934438903955	-7.21131230607902	-12.8687717976536	-10.3093443890395	-5.61984553370911	-1.87386015028634	-18.6592085149264	-12.4728431213224	-6.06345218518473	-9.8312970922349	-14.3093443890395	-8.85460446572697	-18.5482424388053	-18.1477514775078	-5.34520984159655	-11.8312970922349	-7.6128735731014	-13.3093443890395	-12.6572676924599	-19.1611220392346	-4.0239421701773	-5.61237686280526	-9.27749552300021	-10.5019894669819	-9.81291856292005	-6.88068511919707	-10.6248462147675	-12.3093443890395	-7.41106692373574	-15.531736810376	-14.531736810376	-19.6192062202956	-18.4849487344682	-8.56211045941951	-17.1166993110972	-6.18966214237686	-18.4668093519586
np0452	-11.7351563951612	-4.58258985900603	-9.07219138243876	-5.11962892844496	-12.0977264745459	-8.1771609420403	-8.76553004420471	-10.0721913824388	-9.6013006484264	-17.7604210873886	-1.37272547131465	-9.83899220614573	-8.52137710412945	-11.15019389444	-5.49251154979829	-11.15019389444	-13.5831533017161	-12.0977264745459	-6.69076227580273	-8.70540905176714	-10.3815194405465	-7.65715388315991	-13.3201188958823	-5.41222677642875	-9.29037155248829	-9.99819080099498	-11.0977264745459	-8.27572477652389	-11.3201188958823	-5.60816518972421	-11.3815194405465	-9.9050813966035	-8.15688854701404	-5.29405659929615	-14.3201188958823	-9.19083587893738	-9.86068727724505	-11.9050813966035	-10.1771609420403	-4.54204176634699	-17.431970894603	-14.3201188958823	-13.5831533017161	-10.6196791777413	-9.36592258549547	-10.5475293919854	-12.3201188958823	-11.9050813966035	-14.3201188958823	-13.5831533017161	-7.92780147310358	-9.88271358357505	-12.4456497779662	-8.77579837965853	-5.93066680679797	-9.88271358357505	-11.0977264745459	-18.4544358573167	-15.9050813966035	-12.2046416784624	-10.7757983796585	-11.3815194405465	-11.0471004014759	-5.53985254735196	-7.86068727724505	-13.5831533017161	-10.232656054632	-11.998190800995	-12.7351563951612	-5.66429006444154	-6.75787647166127	-7.77065507638257	-6.84708967384432	-3.50127046481747	-18.6592085149264	-11.7351563951612	-7.72020605369522	-9.77579837965853	-6.5899318343472	-4.24463974639433	-14.3201188958823	-13.9050813966035	-6.4032442117012	-8.4456497779662	-5.4456497779662	-12.7351563951612	-11.3201188958823	-14.9050813966035	-5.59674236646409	-5.6931931020575	-13.5831533017161	-8.70540905176714	-8.89385414118025	-19.0272850912691	-9.4956904604658	-7.13689707182657	-7.7502632875514	-12.2046416784624	-11.4456497779662	-12.9050813966035	-10.9508850862166	-9.41322830027383	-10.3504925449259	-8.45387028477117	-18.4668093519586
np0455	-18.4462271471724	-6.28899580210595	-10.5955257317905	-6.64707849049834	-17.4392911680949	-18.6943578872215	-11.3096168597042	-18.0189119165308	-19.1439162732725	-17.7604210873886	-1.18456623826298	-8.71926110021279	-6.78183237856196	-14.2003877899494	-4.29600404995147	-12.6978874494202	-17.7853502906706	-12.977995368613	-6.99989782251202	-21.5160539399953	-18.4354667979437	-6.52973154083097	-9.92736929554299	-5.15053924049885	-8.55412910995938	-10.0039905771459	-11.1271388079188	-10.5758969250416	-16.2003877899494	-7.2549439535715	-17.7361574621684	-17.6240100514525	-9.18172394568437	-6.24813189013197	-9.28949526378339	-12.6560672737256	-8.46116974405182	-11.9524602765058	-12.6560672737256	-6.33362402259606	-17.431970894603	-14.2003877899494	-19.1027753967423	-8.80807036717065	-8.81956600600848	-9.26965045238652	-12.537422777227	-12.4277982860525	-18.9648879574086	-18.4544358573167	-6.56557673977769	-12.0304627885071	-12.4634221957832	-6.1275852554052	-8.81956600600848	-11.7409561713121	-10.1271388079188	-9.91498557108716	-5.65961396127556	-10.5092258853963	-17.846702404935	-10.6154252892283	-14.0849105725295	-8.31978388586117	-7.95087924068634	-15.2003877899494	-11.0711047730044	-12.0574298361074	-11.0438833042694	-7.3444811230597	-12.6154252892283	-9.07454385697121	-6.3522865255485	-4.03286510478638	-18.6592085149264	-10.178019976921	-5.1369927086609	-9.30961685970417	-8.42560073034824	-9.6560672737256	-14.0849105725295	-14.7853502906706	-3.17253937335363	-18.6583509692635	-7.71522934619374	-14.2003877899494	-11.4455002877859	-14.3259186720333	-4.68501647154402	-5.52560702697978	-8.74643130137826	-8.60544120065563	-12.2003877899494	-19.0272850912691	-14.0849105725295	-9.80235671597626	-7.89660704177231	-16.2003877899494	-12.1129249486991	-19.6192062202956	-10.3259186720333	-10.6768258338924	-10.977995368613	-6.5710311698698	-18.4668093519586
np0456	-18.4462271471724	-6.10020918856617	-10.2212245895275	-6.76179297089023	-11.3732276829726	-18.6943578872215	-10.5431526844149	-18.0189119165308	-19.1439162732725	-17.7604210873886	-2.48313232990704	-8.8707273424434	-7.61241534685201	-18.0467296909277	-4.26122265745945	-17.5323711460796	-19.5160539399953	-10.2212245895275	-3.42097178315514	-21.5160539399953	-18.4354667979437	-7.01959072835788	-11.0837210657776	-4.37950300839907	-12.9581901836937	-10.1508352616361	-11.9581901836937	-8.52078487138644	-18.129283016945	-6.18560067979681	-12.2212245895275	-17.6240100514525	-8.78826518225143	-5.22574007065002	-8.76179297089023	-17.8543286673737	-10.2952251709713	-18.3791414185299	-16.8252817996473	-3.73017321316341	-17.431970894603	-18.9310914392741	-19.1027753967423	-8.0837210657776	-9.18560067979681	-9.49875856505644	-18.4819570601872	-12.9581901836937	-18.9648879574086	-18.4544358573167	-6.89210099323596	-13.5431526844149	-18.0315827535454	-5.85665215723168	-5.19663895124926	-12.9581901836937	-13.5431526844149	-11.7357977623573	-9.41386966746993	-10.1508352616361	-17.846702404935	-11.0837210657776	-9.95819018369374	-8.01959072835788	-7.42421161169139	-18.4392911680949	-10.3732276829726	-17.7069141533982	-18.3552564508737	-8.66050963505305	-10.5431526844149	-9.05129958808522	-7.02745284613085	-2.79663836327643	-18.6592085149264	-17.687608057609	-5.41903137258571	-9.58895637402802	-6.41386966746993	-10.3732276829726	-18.5482424388053	-18.1477514775078	-4.1692000290447	-18.6583509692635	-7.24853193552327	-12.9581901836937	-11.0837210657776	-19.1611220392346	-5.1147925117106	-5.69140364299884	-10.2952251709713	-8.33369931878594	-18.129283016945	-19.0272850912691	-18.4819570601872	-6.28105783904471	-7.98856383273726	-18.7398201567927	-17.786116445496	-19.6192062202956	-8.95819018369374	-9.45568984316455	-9.78826518225143	-4.16811325306797	-18.4668093519586
np0459	-13.0449490266994	-13.4599865259782	-12.4599865259782	-8.49036017502176	-15.0449490266994	-18.6943578872215	-7.00055490734094	-18.0189119165308	-19.1439162732725	-17.7604210873886	-3.03547028081133	-11.8750240252571	-11.1380584310909	-18.0467296909277	-5.2800774359633	-10.2900615245359	-19.5160539399953	-18.5202426739746	-14.0449490266994	-21.5160539399953	-3.76998855455879	-12.2375941046418	-15.0449490266994	-6.14408221871865	-9.91566600975443	-18.3791414185299	-12.0449490266994	-10.5855174080621	-14.0449490266994	-7.29006152453593	-17.7361574621684	-12.4599865259782	-8.65263160392063	-8.01152602516194	-19.1439162732725	-8.17458430711599	-17.9865309296644	-12.723020931812	-12.723020931812	-2.52826407738978	-13.4599865259782	-15.0449490266994	-19.1027753967423	-17.6755849574782	-9.18696803157182	-18.6943578872215	-15.0449490266994	-12.2375941046418	-18.9648879574086	-9.72302093181203	-8.83549566107044	-12.2375941046418	-18.0315827535454	-8.65263160392063	-15.0449490266994	-13.4599865259782	-10.9574861854491	-12.0449490266994	-19.1611220392346	-9.40109283692467	-17.846702404935	-12.723020931812	-18.1439162732725	-8.25053316034929	-10.2900615245359	-18.4392911680949	-10.723020931812	-14.0449490266994	-18.3552564508737	-9.13805843109088	-16.646333693381	-10.0449490266994	-12.723020931812	-0.990175149469456	-15.0449490266994	-17.687608057609	-21.5160539399953	-13.0449490266994	-16.7398201567927	-11.2375941046418	-18.5482424388053	-18.1477514775078	-8.27676470192247	-18.6583509692635	-9.72302093181203	-18.6592085149264	-19.6192062202956	-19.1611220392346	-6.29006152453593	-8.85512446781938	-18.6924724781975	-9.79702151325581	-13.0449490266994	-19.0272850912691	-18.4819570601872	-17.9797712684366	-6.26358931317473	-18.7398201567927	-17.786116445496	-19.6192062202956	-18.4849487344682	-9.40109283692467	-18.1166993110972	-8.50579021559136	-18.4668093519586
np0462	-18.4462271471724	-7.69362046743759	-11.0776702742328	-6.80266322673288	-17.4392911680949	-18.6943578872215	-12.5516014625652	-18.0189119165308	-19.1439162732725	-17.7604210873886	-0.875938407218093	-10.1669376123298	-7.51695531975827	-18.0467296909277	-5.17946192172403	-13.3995983691201	-19.5160539399953	-13.7215264640075	-6.8480823514921	-21.5160539399953	-18.4354667979437	-6.94016675048282	-9.15167085567653	-8.07047477282855	-8.66624402850629	-11.1979645079505	-11.3292090412287	-11.6340636227571	-18.129283016945	-6.8176446182713	-17.7361574621684	-17.6240100514525	-9.59224344706251	-6.19209590986133	-8.0561905468223	-17.8543286673737	-7.94016675048282	-13.7215264640075	-12.3995983691201	-8.26209484537018	-17.431970894603	-12.7215264640075	-19.1027753967423	-11.4735989505639	-8.66624402850629	-11.7215264640075	-14.1365639632863	-18.6943578872215	-14.1365639632863	-18.4544358573167	-6.4500634361031	-13.7215264640075	-14.1365639632863	-8.38167646112285	-7.8760364130631	-11.9141715419499	-10.2296733676778	-13.1365639632863	-4.37723055609166	-11.814635868399	-17.846702404935	-9.96663896184401	-18.1439162732725	-6.61823865559546	-9.43612424514523	-13.7215264640075	-12.0210867458664	-12.9141715419499	-9.81463586839896	-7.13281182842521	-16.646333693381	-8.31213552786977	-5.33674271391412	-5.8635454688799	-18.6592085149264	-10.1365639632863	-6.47835248053453	-9.83888341464564	-16.7398201567927	-11.6340636227571	-18.5482424388053	-18.1477514775078	-6.81163338023743	-18.6583509692635	-7.85116174442407	-14.1365639632863	-12.9141715419499	-19.1611220392346	-2.73071338485387	-7.4831217246824	-10.6340636227571	-8.39959836912012	-8.36397445938939	-19.0272850912691	-18.4819570601872	-8.0994746445511	-9.7673301536206	-18.7398201567927	-10.1979645079505	-19.6192062202956	-18.4849487344682	-11.814635868399	-12.1365639632863	-6.45239978485806	-18.4668093519586
np0467	-18.4462271471724	-10.4395711962765	-11.4395711962765	-8.417203383248	-17.4392911680949	-18.6943578872215	-4.417203383248	-18.0189119165308	-6.98013957763916	-17.7604210873886	-5.63867129635615	-11.6322162742188	-1.03909197129858	-12.8546086955553	-3.41097441920935	-17.5323711460796	-19.5160539399953	-12.8546086955553	-4.69979058650319	-21.5160539399953	-10.1916436828329	-8.91600924021944	-8.17278465558155	-9.19164368283287	-17.6943578872215	-7.26964619483414	-13.4395711962765	-4.5987932726814	-18.129283016945	-6.09084304204538	-17.7361574621684	-17.6240100514525	-9.35210835502611	-7.79571500650173	-19.1439162732725	-6.32063012355295	-17.9865309296644	-11.1176431013891	-11.2696461948341	-4.76185155463545	-17.431970894603	-18.9310914392741	-19.1027753967423	-13.4395711962765	-12.1176431013891	-18.6943578872215	-18.4819570601872	-6.33628338786443	-14.4395711962765	-13.4395711962765	-10.4395711962765	-10.2696461948341	-18.0315827535454	-5.36542973352395	-8.94771809994678	-12.8546086955553	-17.9797712684366	-4.62579000505942	-10.7391314781354	-13.4395711962765	-17.846702404935	-7.4283439408532	-12.4395711962765	-9.04725377349769	-9.98013957763916	-18.4392911680949	-14.4395711962765	-17.7069141533982	-18.3552564508737	-9.8546086955553	-8.2301178306475	-9.35210835502611	-9.48537488588958	-5.09527528836064	-18.6592085149264	-17.687608057609	-14.4395711962765	-7.96383776531006	-11.6322162742188	-8.35210835502611	-18.5482424388053	-12.1176431013891	-6.21556952207835	-18.6583509692635	-11.8546086955553	-11.8546086955553	-11.1176431013891	-11.2696461948341	-7.46229127277654	-11.4395711962765	-18.6924724781975	-12.4395711962765	-11.4395711962765	-6.20116645695138	-12.4395711962765	-9.35210835502611	-11.1176431013891	-14.4395711962765	-12.4395711962765	-19.6192062202956	-14.4395711962765	-9.68468369411299	-10.7391314781354	-11.8546086955553	-18.4668093519586
np0468	-10.1658883919712	-9.38452867844657	-12.5809258912501	-10.9179608785276	-8.12149427261278	-18.6943578872215	-4.20661088625073	-18.0189119165308	-19.1439162732725	-17.7604210873886	-7.33933990468032	-16.8818468512374	-1.93496730383333	-18.0467296909277	-5.16448019757842	-13.5809258912501	-19.5160539399953	-18.5202426739746	-9.58092589125007	-21.5160539399953	-18.4354667979437	-11.8439602970839	-18.6095178401463	-12.3585334699136	-17.6943578872215	-11.0784255507209	-13.1658883919712	-4.47153050474978	-18.129283016945	-6.87586954503861	-17.7361574621684	-17.6240100514525	-7.65809375177253	-6.96621604713487	-19.1439162732725	-9.58092589125007	-17.9865309296644	-11.9959633905289	-16.8252817996473	-7.45852925989035	-17.431970894603	-18.9310914392741	-19.1027753967423	-10.7735709691925	-8.43796793740803	-18.6943578872215	-14.1658883919712	-9.25899779636271	-18.9648879574086	-12.1658883919712	-8.04694731924772	-9.95643502634228	-18.0315827535454	-11.2589977963627	-12.1658883919712	-11.9959633905289	-17.9797712684366	-2.6697836126311	-12.8439602970839	-17.9797712684366	-17.846702404935	-9.16588839197123	-9.43796793740803	-9.99596339052892	-15.1658883919712	-18.4392911680949	-17.786116445496	-11.5809258912501	-18.3552564508737	-11.0784255507209	-11.8439602970839	-13.1658883919712	-11.3585334699136	-1.41047917604918	-15.1658883919712	-17.687608057609	-21.5160539399953	-11.2589977963627	-12.5809258912501	-11.8439602970839	-9.80833638735315	-18.1477514775078	-8.27107062866329	-18.6583509692635	-17.4491002709378	-18.6592085149264	-19.6192062202956	-8.29552367238783	-11.3585334699136	-15.1658883919712	-18.6924724781975	-13.5809258912501	-18.129283016945	-10.8439602970839	-18.4819570601872	-9.09979920151346	-10.2116920815844	-18.7398201567927	-17.786116445496	-19.6192062202956	-10.5809258912501	-9.88048617310898	-10.6423264359142	-8.50767690921944	-18.4668093519586
np0469	-11.7850164604363	-9.65848405450739	-14.1069445553237	-5.66815270274542	-14.6919070560448	-18.6943578872215	-18.3552564508737	-10.9370195538814	-15.6919070560448	-17.7604210873886	-3.0454608498901	-12.5219820546025	-12.2324754374075	-15.6919070560448	-8.44397954260125	-14.6919070560448	-19.5160539399953	-18.5202426739746	-15.6919070560448	-21.5160539399953	-12.6919070560448	-10.3168676246979	-10.3881263078677	-9.7970892927369	-12.6044442147945	-11.4065048371826	-10.3343550514268	-10.2656423013427	-15.6919070560448	-8.33876023054676	-10.4065048371826	-17.6240100514525	-3.54152508722699	-9.1373182043672	-19.1439162732725	-12.5219820546025	-16.6919070560448	-18.3791414185299	-12.5219820546025	-7.42981221067466	-10.8339260609173	-10.3699789611575	-13.5219820546025	-17.6755849574782	-16.2990291016585	-15.6919070560448	-18.4819570601872	-12.2324754374075	-11.9914673379037	-10.2656423013427	-8.30820276357079	-17.786116445496	-14.6919070560448	-12.4439795426013	-7.09758245211999	-12.2995896332661	-9.01242695653939	-15.1069445553237	-13.8845521339872	-13.1069445553237	-17.846702404935	-11.6044442147945	-18.1439162732725	-6.89749118969473	-9.92372273126791	-13.6919070560448	-13.6919070560448	-13.2324754374075	-12.7850164604363	-8.63121112435728	-5.40188820911222	-15.6919070560448	-6.05982064320966	-3.66832594742181	-18.6592085149264	-17.687608057609	-21.5160539399953	-11.6475129366864	-4.45320377661711	-9.77304381877024	-16.6919070560448	-15.6919070560448	-10.3881263078677	-1.09816580704318	-10.2000539597152	-14.1069445553237	-13.6919070560448	-19.1611220392346	-3.91095725729517	-6.35317067347092	-18.6924724781975	-8.3299632823096	-13.5219820546025	-15.1069445553237	-18.4819570601872	-9.66953924301638	-11.1069445553237	-18.7398201567927	-14.6919070560448	-15.6919070560448	-11.8845521339872	-12.3699789611575	-15.6919070560448	-7.534560120682	-18.4668093519586
np0472	-6.56586047010699	-5.22933499900668	-8.59052252434127	-6.49430720908196	-8.44850351946884	-18.6943578872215	-6.80464732969411	-18.0189119165308	-8.59052252434127	-17.7604210873886	-3.36369513166448	-11.1265754245815	-5.60301346852446	-18.0467296909277	-4.72740433076165	-10.2785785180265	-19.5160539399953	-18.5202426739746	-7.54161292386032	-9.44850351946884	-6.41508051793139	-8.64114859741123	-18.6095178401463	-3.44287897027496	-17.6943578872215	-8.80464732969411	-17.0009682812804	-8.54161292386032	-18.129283016945	-7.69361601730537	-13.4485035194688	-12.4485035194688	-5.90934470836081	-6.45981883269667	-19.1439162732725	-6.12657542458147	-11.8635410187477	-18.3791414185299	-9.44850351946884	-3.53411838731339	-13.4485035194688	-18.9310914392741	-19.1027753967423	-17.6755849574782	-5.62195503217792	-9.74806380132774	-18.4819570601872	-11.1265754245815	-18.9648879574086	-6.43727626404558	-8.64114859741123	-9.86354101874768	-11.4485035194688	-8.27857851802652	-7.33997906269067	-11.4485035194688	-17.9797712684366	-7.54161292386032	-11.8635410187477	-11.4485035194688	-6.95665042313916	-8.74806380132774	-18.1439162732725	-6.6156135053041	-7.23905015383989	-18.4392911680949	-10.1265754245815	-17.7069141533982	-18.3552564508737	-8.16310130060659	-8.02223876476674	-8.54161292386032	-7.49430720908196	-1.65449387444787	-18.6592085149264	-17.687608057609	-8.74806380132774	-9.54161292386032	-6.59052252434126	-4.94467778147309	-18.5482424388053	-18.1477514775078	-5.51776618190595	-7.29875639996415	-6.87864791113789	-12.4485035194688	-19.6192062202956	-19.1611220392346	-6.8939146677912	-8.69361601730537	-18.6924724781975	-8.64114859741123	-10.4485035194688	-10.6411485974112	-9.64114859741123	-9.86354101874768	-7.40410940011038	-18.7398201567927	-11.8635410187477	-19.6192062202956	-18.4849487344682	-9.27857851802652	-10.8635410187477	-9.44850351946884	-18.4668093519586
np0473	-15.7011710675574	-9.20931797122775	-13.3792429726701	-5.92638400795625	-9.1620122564494	-15.7011710675574	-9.67880325452897	-10.4532435541138	-10.0007313494163	-17.7604210873886	-1.22227507878794	-9.86828105339269	-8.17760911150041	-12.3792429726701	-4.91082257080551	-12.0007313494163	-19.5160539399953	-18.5202426739746	-12.5312460661151	-21.5160539399953	-9.08646122344222	-8.00073134941634	-18.6095178401463	-8.54129973077904	-11.3088536447787	-10.8938161454998	-9.79428047194891	-8.54129973077904	-15.7011710675574	-4.74624777552711	-14.1162085668363	-5.45443046906428	-7.07911924810105	-6.06636001738571	-19.1439162732725	-7.4065503186658	-17.9865309296644	-8.33484885331161	-10.3436190629393	-5.80635330424948	-11.6137082263071	-18.9310914392741	-10.0573148777827	-17.6755849574782	-10.7942804719489	-18.6943578872215	-13.1162085668363	-12.8938161454998	-18.9648879574086	-18.4544358573167	-6.48200254709527	-7.02874572558593	-14.1162085668363	-8.46276632823235	-4.69484498903249	-8.6243554705066	-8.16978960704112	-6.99036463385808	-19.1611220392346	-10.7469747571706	-17.846702404935	-18.4212348069659	-8.97325061299423	-6.91981135403277	-6.96646144733159	-18.4392911680949	-10.5718880506125	-12.5312460661151	-18.3552564508737	-7.1620122564494	-5.5187767141529	-5.5991953966082	-8.2665428399207	-9.57188805061246	-5.52749393125401	-15.7011710675574	-4.66431062088438	-11.2417394489201	-11.4532435541138	-6.3261316362105	-11.8938161454998	-13.3792429726701	-7.33048366075021	-18.6583509692635	-5.75426479310103	-13.7011710675574	-12.5312460661151	-11.3088536447787	-4.60709338188552	-5.00159861427016	-18.6924724781975	-9.24173944892013	-12.3792429726701	-19.0272850912691	-8.53124606611512	-10.946283565394	-7.21735529029317	-6.17369406149703	-11.4532435541138	-19.6192062202956	-7.28331855267153	-10.2417394489201	-12.7011710675574	-5.00159861427016	-18.4668093519586
np0474	-18.4462271471724	-7.50215810472141	-8.87139191438713	-3.80171838658032	-17.4392911680949	-18.6943578872215	-9.64899949305068	-18.0189119165308	-19.1439162732725	-17.7604210873886	-1.61951505535957	-6.67499470158363	-8.13442632022093	-18.0467296909277	-4.66845185571686	-17.5323711460796	-19.5160539399953	-9.87139191438713	-3.87515383318333	-21.5160539399953	-18.4354667979437	-5.44512715968503	-18.6095178401463	-4.68817009033136	-17.6943578872215	-9.28642941366598	-10.8713919143871	-7.64899949305068	-18.129283016945	-5.6361754526931	-17.7361574621684	-17.6240100514525	-6.90176556343065	-4.99692279647099	-8.45635441510829	-17.8543286673737	-17.9865309296644	-11.4563544151083	-16.8252817996473	-4.59837341998072	-17.431970894603	-18.9310914392741	-19.1027753967423	-8.7559146969672	-10.4563544151083	-8.28642941366598	-11.4563544151083	-10.1344263202209	-18.9648879574086	-18.4544358573167	-8.45635441510829	-8.87139191438713	-18.0315827535454	-7.70146691294482	-7.50215810472141	-9.64899949305068	-17.9797712684366	-18.4544358573167	-10.8713919143871	-11.4563544151083	-17.846702404935	-12.4563544151083	-10.4563544151083	-8.54946381949977	-7.99692279647099	-18.4392911680949	-7.64899949305068	-17.7069141533982	-10.8713919143871	-6.36889157385795	-16.646333693381	-8.28642941366598	-6.08131498376136	-4.22753572461241	-18.6592085149264	-17.687608057609	-7.7559146969672	-8.54946381949977	-5.78392907313679	-10.8713919143871	-18.5482424388053	-10.4563544151083	-6.06403699232953	-18.6583509692635	-5.81249822533356	-18.6592085149264	-10.1344263202209	-19.1611220392346	-6.43398660207983	-6.67499470158363	-18.6924724781975	-8.87139191438713	-18.129283016945	-19.0272850912691	-18.4819570601872	-6.81249822533356	-4.03428964893548	-18.7398201567927	-17.786116445496	-19.6192062202956	-18.4849487344682	-8.99692279647099	-10.1344263202209	-5.57371136574645	-18.4668093519586
np0475	-11.0518886559054	-5.17332678335535	-12.0518886559054	-5.64061307542273	-13.6368511566265	-11.5213739392066	-9.26761734696082	-10.2676173469608	-11.6368511566265	-10.5213739392066	-0.982364297828409	-9.54938831537619	-9.93641143848544	-11.8998855624603	-6.37006461593163	-14.2218136573477	-19.5160539399953	-13.6368511566265	-7.82949623456893	-7.27344642576301	-8.82949623456893	-9.17741953798924	-10.2218136573477	-5.48203304757443	-8.01236029171874	-12.0518886559054	-11.2218136573477	-9.63685115662653	-11.6368511566265	-6.92719290845606	-12.4144587352901	-10.577957467573	-8.63685115662653	-7.07206653784301	-15.2218136573477	-9.22181365734769	-9.86426165272961	-10.0925306404027	-9.36383266222012	-6.23312897057552	-11.8998855624603	-14.2218136573477	-15.2218136573477	-10.8998855624603	-8.71401901714899	-13.2218136573477	-11.1343508160974	-12.4144587352901	-12.6368511566265	-8.71401901714899	-8.77887016149896	-11.8998855624603	-13.6368511566265	-9.31492306173917	-6.75013844295565	-12.0518886559054	-9.22181365734769	-13.2218136573477	-19.1611220392346	-12.2218136573477	-12.6368511566265	-12.0518886559054	-14.2218136573477	-3.96324762345776	-9.22181365734769	-12.2218136573477	-13.2218136573477	-12.8998855624603	-12.0518886559054	-4.90440104358282	-7.02214131251133	-9.46692615518422	-5.95971881197751	-3.50413723428129	-18.6592085149264	-9.76238203871039	-6.23312897057552	-11.3149230617392	-7.98340891802261	-6.48710403712185	-15.2218136573477	-18.1477514775078	-7.71401901714899	-9.13435081609735	-6.77473043113804	-13.6368511566265	-12.2218136573477	-19.1611220392346	-4.95854445697503	-6.37632360640331	-10.6368511566265	-8.95502711665279	-8.69825170129068	-11.6368511566265	-9.82949623456893	-8.74608022638129	-9.76238203871039	-9.9738861439041	-12.0518886559054	-13.2218136573477	-9.46692615518422	-9.38892364318295	-12.0518886559054	-7.72196777026448	-18.4668093519586
np0476	-18.4462271471724	-7.13350123962395	-13.4644181177386	-6.7330990867135	-9.19763157704366	-18.6943578872215	-11.2944931162963	-18.0189119165308	-11.0049864991013	-17.7604210873886	-1.55480625193651	-10.4644181177386	-10.0049864991013	-18.0467296909277	-7.87945561701741	-10.5102218073517	-19.5160539399953	-18.5202426739746	-17.8816397677299	-21.5160539399953	-18.4354667979437	-8.11568996350749	-8.79199277576707	-15.4644181177386	-17.6943578872215	-13.1424900228512	-8.27459355885855	-5.36770296325003	-11.657063195681	-4.73649766317536	-17.7361574621684	-17.6240100514525	-12.8794556170174	-6.12679621574606	-13.8794556170174	-10.1790158988763	-17.9865309296644	-15.4644181177386	-7.49287456378779	-5.8387092746741	-14.4644181177386	-18.9310914392741	-12.0049864991013	-17.6755849574782	-12.4644181177386	-11.657063195681	-18.4819570601872	-14.4644181177386	-18.9648879574086	-9.23559942724268	-4.9876719137991	-11.4644181177386	-18.0315827535454	-11.216490604295	-8.97256502140889	-12.4644181177386	-17.9797712684366	-10.1068661131205	-19.1611220392346	-13.4644181177386	-17.846702404935	-18.4212348069659	-18.1439162732725	-12.657063195681	-13.1424900228512	-18.4392911680949	-12.2944931162963	-8.94085616168155	-13.8794556170174	-8.36638603477804	-8.90982926606093	-11.4644181177386	-8.3351351007936	-1.76908106262251	-18.6592085149264	-17.687608057609	-21.5160539399953	-15.4644181177386	-2.92865673975191	-10.5102218073517	-10.657063195681	-18.1477514775078	-8.86450527555144	-18.6583509692635	-6.49863383307648	-18.6592085149264	-19.6192062202956	-19.1611220392346	-6.19295508983419	-6.28450902772363	-15.4644181177386	-12.8794556170174	-18.129283016945	-19.0272850912691	-12.8794556170174	-12.8794556170174	-8.02978989010184	-18.7398201567927	-17.786116445496	-13.1424900228512	-13.8794556170174	-11.3769552764882	-10.3351351007936	-8.06353868145638	-18.4668093519586
np0477	-18.4462271471724	-5.47663370871224	-17.9648879574086	-3.81366869598981	-17.4392911680949	-11.4241662888181	-11.9095931159883	-12.6465587101545	-14.2315212108757	-17.7604210873886	-1.39705016089148	-8.25424128737579	-10.4241662888181	-18.0467296909277	-5.71976855710832	-17.5323711460796	-19.5160539399953	-18.5202426739746	-7.80525645617361	-14.2315212108757	-18.4354667979437	-8.10223819393074	-14.2315212108757	-8.5036007563125	-13.2315212108757	-10.6465587101545	-11.4241662888181	-7.90959311598834	-11.2315212108757	-7.38603115993133	-17.7361574621684	-12.6465587101545	-8.32463061526719	-5.79272935829744	-19.1439162732725	-17.8543286673737	-17.9865309296644	-18.3791414185299	-16.8252817996473	-5.47997715178661	-10.3246306152672	-11.6465587101545	-19.1027753967423	-17.6755849574782	-11.2315212108757	-18.6943578872215	-14.2315212108757	-12.2315212108757	-18.9648879574086	-12.2315212108757	-8.73966811454603	-9.4241662888181	-18.0315827535454	-9.98359369743212	-5.05659552837503	-10.5310814927346	-11.4241662888181	-12.6465587101545	-19.1611220392346	-12.2315212108757	-17.846702404935	-12.2315212108757	-11.2315212108757	-18.6592085149264	-8.55909586890421	-18.4392911680949	-12.6465587101545	-12.2315212108757	-11.2315212108757	-6.90060433276109	-7.4241662888181	-14.2315212108757	-7.3611564912923	-4.58226503335839	-7.5036007563125	-10.0615962094334	-21.5160539399953	-10.2315212108757	-6.70795925481869	-2.00721800150232	-18.5482424388053	-18.1477514775078	-7.15470561382487	-18.6583509692635	-6.95539680560147	-18.6592085149264	-19.6192062202956	-13.2315212108757	-5.66166560254476	-6.53803425337638	-18.6924724781975	-8.77208959223841	-12.6465587101545	-19.0272850912691	-11.6465587101545	-9.06159620943339	-9.27732490048883	-18.7398201567927	-11.6465587101545	-19.6192062202956	-6.90060433276109	-11.4241662888181	-11.9095931159883	-7.53108149273461	-18.4668093519586
np0480	-8.79118350010365	-3.90730288254163	-12.6355326296435	-6.86855205549197	-12.7730361533934	-18.6943578872215	-9.66869949357866	-12.5100017475596	-19.1439162732725	-6.24790690218942	-2.03858055113474	-10.4802544041655	-8.57926440999671	-12.5100017475596	-5.1212668819754	-14.0949642482808	-16.0949642482808	-18.5202426739746	-10.2876093262232	-8.16422691071787	-5.78435146662123	-8.71992481693383	-10.1880736526722	-4.89039310403155	-8.75511424539613	-10.7374122436627	-9.96568123133579	-9.0505701289223	-12.9250392468384	-6.84941154202507	-17.7361574621684	-10.7730361533934	-7.64375313644843	-7.87579572781859	-19.1439162732725	-9.40846372109754	-12.3945245301397	-8.15244974294152	-10.9250392468384	-7.3841578145814	-11.702646825502	-14.5100017475596	-19.1027753967423	-11.1407679378939	-7.76404737016614	-13.0949642482808	-6.39973595678501	-13.0949642482808	-14.5100017475596	-9.42253890630926	-7.93509291150237	-17.786116445496	-11.5100017475596	-9.0837369928575	-7.04511569883019	-11.8470367348372	-8.65202075243203	-10.5100017475596	-19.1611220392346	-10.8855108826518	-11.3400767461173	-8.48025440416555	-18.1439162732725	-3.9995672254882	-9.20014648497281	-10.6031111519511	-17.786116445496	-12.5100017475596	-10.262074234116	-5.05262086848706	-10.702646825502	-9.88551088265181	-4.46834259592239	-2.04146255158729	-18.6592085149264	-11.451108058506	-5.76292769991911	-10.451108058506	-9.55580543717272	-8.76404737016614	-13.5100017475596	-18.1477514775078	-8.59511836119755	-10.1407679378939	-7.297302722427	-14.0949642482808	-12.5100017475596	-19.1611220392346	-4.57581946028334	-6.02752988752423	-11.5100017475596	-8.47291242882438	-8.97602317555725	-12.0949642482808	-9.66869949357866	-10.8855108826518	-8.98643979150259	-11.5100017475596	-14.0949642482808	-19.6192062202956	-18.4849487344682	-9.10627956150859	-14.0949642482808	-6.80494540134814	-18.4668093519586
np0482	-10.7259342480766	-5.32221206202555	-6.83516331783131	-5.64911865102573	-12.7259342480766	-9.40400615318919	-10.1409717473554	-11.5035418267401	-19.1439162732725	-14.3108967487977	-1.2421184708123	-9.50354182674011	-8.98896865391035	-18.0467296909277	-6.30527219960383	-10.5035418267401	-11.9889686539103	-9.7873347927407	-7.23408115174688	-10.2234339075474	-18.4354667979437	-7.88463199409561	-18.6095178401463	-5.2692375971605	-9.61045703065662	-10.9889686539103	-17.0009682812804	-10.7259342480766	-12.3108967487977	-6.54934551635323	-11.5035418267401	-11.3108967487977	-7.72593424807656	-6.32221206202555	-14.3108967487977	-17.8543286673737	-10.2234339075474	-11.3108967487977	-11.1409717473554	-4.65090085636773	-17.431970894603	-18.9310914392741	-13.3108967487977	-10.5035418267401	-9.66704055902299	-11.7259342480766	-13.3108967487977	-18.6943578872215	-18.9648879574086	-7.72593424807656	-8.40400615318919	-9.06296923535413	-14.3108967487977	-9.26650262943926	-5.38015941123483	-10.2234339075474	-12.3108967487977	-18.4544358573167	-19.1611220392346	-11.9889686539103	-17.846702404935	-12.7259342480766	-11.5035418267401	-5.47169296070077	-7.95334474417963	-13.3108967487977	-11.3108967487977	-8.95334474417963	-11.5035418267401	-6.64556083161254	-5.84737237552653	-9.66704055902299	-6.27197775950541	-3.00940055381516	-7.71098390661059	-17.687608057609	-7.52953703527305	-10.7259342480766	-5.05115348510693	-6.38608424519193	-18.5482424388053	-18.1477514775078	-6.71843971152963	-5.15607863974561	-6.59665123113159	-12.7259342480766	-13.3108967487977	-14.3108967487977	-5.61045703065662	-6.36838224345847	-14.3108967487977	-8.91857932601895	-9.22343390754737	-19.0272850912691	-9.40400615318919	-7.05350890610506	-9.98896865391035	-10.8514651301604	-9.91857932601895	-13.3108967487977	-7.93585731745079	-9.50354182674011	-18.1166993110972	-8.61045703065662	-18.4668093519586
np0483	-18.4462271471724	-9.66926088887786	-8.08429838815671	-3.20536502209597	-17.4392911680949	-18.6943578872215	-8.85567401310874	-18.0189119165308	-13.7136550082363	-17.7604210873886	-0.411016084448764	-6.82491175933806	-10.254223389599	-11.0132152900952	-6.30851354509997	-13.1286925075152	-9.66926088887786	-18.5202426739746	-17.8816397677299	-21.5160539399953	-18.4354667979437	-14.7136550082363	-13.7136550082363	-13.7136550082363	-17.6943578872215	-18.3791414185299	-13.1286925075152	-16.7702939501526	-8.25422338959902	-10.543730006794	-17.7361574621684	-17.6240100514525	-7.85567401310874	-17.5202426739746	-19.1439162732725	-17.8543286673737	-17.9865309296644	-12.7136550082363	-7.00629587615543	-9.50420164260737	-17.431970894603	-18.9310914392741	-8.17449619712828	-17.6755849574782	-11.391726913349	-18.6943578872215	-18.4819570601872	-18.6943578872215	-10.7136550082363	-8.98573455367312	-6.83101195887448	-8.85567401310874	-18.0315827535454	-17.5280572417884	-11.9063000861787	-17.4491002709378	-17.9797712684366	-6.86190596682026	-19.1611220392346	-17.9797712684366	-17.846702404935	-18.4212348069659	-10.543730006794	-18.6592085149264	-10.1900930521793	-18.4392911680949	-8.7363750847364	-7.64756581777854	-12.1286925075152	-5.89667138498093	-16.646333693381	-11.254223389599	-14.7136550082363	-12.391726913349	-18.6592085149264	-14.7136550082363	-21.5160539399953	-10.626192166986	-5.6341702244095	-10.391726913349	-18.5482424388053	-18.1477514775078	-9.42825278937407	-18.6583509692635	-17.4491002709378	-13.7136550082363	-19.6192062202956	-19.1611220392346	-13.7136550082363	-6.46098957578607	-13.7136550082363	-12.391726913349	-18.129283016945	-19.0272850912691	-11.9063000861787	-12.391726913349	-9.58437199129135	-18.7398201567927	-11.543730006794	-13.7136550082363	-18.4849487344682	-16.7803347081239	-18.1166993110972	-10.3213375854576	-18.4668093519586
np0486	-8.77826490710179	-8.08736896163157	-13.3225854233256	-8.15266042188329	-10.9075479240468	-18.6943578872215	-9.86315380468831	-14.9075479240468	-19.1439162732725	-17.7604210873886	-4.92598064214375	-14.9075479240468	-5.60376717586966	-18.0467296909277	-5.5856198291594	-10.7376229226044	-19.5160539399953	-18.5202426739746	-13.3225854233256	-21.5160539399953	-9.5856198291594	-11.1001930019892	-18.6095178401463	-8.02490487468492	-17.6943578872215	-13.3225854233256	-10.6596204106032	-7.21406096654743	-18.129283016945	-6.64076138335186	-17.7361574621684	-17.6240100514525	-6.83073232699593	-6.78342661221757	-19.1439162732725	-7.0557988826307	-17.9865309296644	-18.3791414185299	-16.8252817996473	-4.3577632560989	-17.431970894603	-10.7376229226044	-19.1027753967423	-13.3225854233256	-7.57663104593214	-10.1526604218833	-13.9075479240468	-13.9075479240468	-18.9648879574086	-13.9075479240468	-7.24933644129497	-12.3225854233256	-13.3225854233256	-5.03103097748176	-11.9075479240468	-7.23512258207526	-17.9797712684366	-9.69809455841781	-8.38398596798975	-8.13936359926983	-17.846702404935	-11.0006573284382	-12.5856198291594	-7.73762292260445	-9.73762292260445	-18.4392911680949	-12.9075479240468	-11.7376229226044	-18.3552564508737	-9.65962041060317	-10.7376229226044	-10.6596204106032	-8.03718320446336	-0.596083408598316	-18.6592085149264	-13.3225854233256	-21.5160539399953	-11.1001930019892	-12.5856198291594	-9.07465790988202	-18.5482424388053	-18.1477514775078	-9.23512258207526	-18.6583509692635	-6.50240646091042	-14.9075479240468	-13.9075479240468	-19.1611220392346	-4.61522629124472	-5.83876964606135	-18.6924724781975	-9.65962041060317	-14.9075479240468	-11.2071082059057	-13.3225854233256	-11.4481163054095	-8.03718320446336	-18.7398201567927	-13.9075479240468	-19.6192062202956	-14.9075479240468	-8.49815698790906	-18.1166993110972	-11.5856198291594	-18.4668093519586
np0491	-8.74143488335058	-5.1292509138944	-14.4556804010167	-5.77796075937569	-9.56490947077146	-17.0406429017379	-6.31442474240566	-13.1337523061293	-19.1439162732725	-17.7604210873886	-2.49742978904002	-10.9962487823794	-8.23007126699671	-12.6483254789591	-7.60393135960065	-10.2332879796803	-17.0406429017379	-16.0406429017379	-12.9531800604875	-14.4556804010167	-8.05480096473452	-7.0605033240987	-18.6095178401463	-6.58737226772724	-10.4556804010167	-12.7927153882943	-9.7187148068505	-6.98129844091343	-18.129283016945	-4.4615627179031	-17.7361574621684	-12.5170809456808	-7.80223816241278	-5.95782856406558	-19.1439162732725	-10.2462270353878	-15.0406429017379	-10.6312519656002	-13.8707179002955	-3.09410209784476	-12.7927153882943	-12.086446591351	-16.0406429017379	-8.90109154933907	-10.3967867119631	-11.9962487823794	-14.4556804010167	-13.7187148068505	-13.2332879796803	-15.0406429017379	-6.59046265457311	-8.4556804010167	-13.1337523061293	-10.086446591351	-7.36821755976636	-8.03221427966728	-9.70079289885323	-7.2874261525589	-19.1611220392346	-11.9531800604875	-17.846702404935	-10.4259330576227	-7.73686215356076	-5.83179891100324	-7.42042307623037	-10.6143781470358	-13.7187148068505	-11.3967867119631	-11.6143781470358	-7.07919320733966	-6.71984235285622	-7.35940448996005	-7.84342620862781	-2.11156946586105	-18.6592085149264	-12.6483254789591	-11.9113598847929	-11.5487898054082	-10.9531800604875	-7.51316589567746	-12.3402031835968	-16.0406429017379	-8.37175791747161	-12.1337523061293	-5.10584630955946	-15.4556804010167	-19.6192062202956	-16.0406429017379	-3.50999272198785	-4.8330184335111	-18.6924724781975	-8.04912105566216	-9.86073381172293	-8.65262561639272	-7.74143488335058	-8.90109154933907	-9.08644659135098	-5.79034448383153	-8.33673932829319	-19.6192062202956	-14.0406429017379	-12.3967867119631	-12.9531800604875	-6.7998515695759	-18.4668093519586
np0492	-18.4462271471724	-9.10328780841202	-13.3512153218556	-5.89588810155105	-8.67173522235016	-18.6943578872215	-10.1812903204133	-8.72916350239923	-19.1439162732725	-17.7604210873886	-1.16552683304342	-9.7365054777404	-8.84342068165691	-12.1812903204133	-5.37250486274925	-10.5183253076909	-19.5160539399953	-18.5202426739746	-10.8593622255259	-21.5160539399953	-9.42047798429272	-7.51832530769087	-18.6095178401463	-9.30682120249715	-10.8593622255259	-11.2219323049106	-10.796626470178	-6.3498071274628	-14.7662528211345	-4.45072583702096	-17.7361574621684	-5.4021181661264	-5.25252522518201	-5.08267332155548	-19.1439162732725	-9.59632781969214	-17.9865309296644	-10.8593622255259	-12.4443247262471	-6.78706583186988	-11.2637524806053	-18.9310914392741	-13.0292872269682	-17.6755849574782	-10.2426908650774	-18.6943578872215	-18.4819570601872	-12.7662528211345	-14.7662528211345	-18.4544358573167	-7.18129032041329	-8.63011613314842	-12.8917837032183	-7.88769094858443	-3.80528555277014	-11.4443247262471	-7.29864727105145	-5.33859078299055	-19.1611220392346	-11.8917837032183	-17.846702404935	-15.3512153218556	-10.4443247262471	-6.83157906901239	-7.3122963325633	-18.4392911680949	-11.5963278196921	-14.3512153218556	-18.3552564508737	-7.39993060688864	-6.91242346927735	-6.65424779562132	-9.18129032041329	-14.7662528211345	-6.17504217274812	-17.687608057609	-5.36537338485227	-11.103287808412	-14.7662528211345	-7.57642826225443	-9.78135971352466	-18.1477514775078	-6.33719485154067	-18.6583509692635	-4.68055907273717	-13.543860399798	-13.1812903204133	-10.1223966313597	-5.24923965090638	-7.28512613139783	-18.6924724781975	-8.77378649381986	-11.8276533657986	-10.6232948672924	-8.01136531897098	-11.8276533657986	-7.65424779562132	-18.7398201567927	-12.6507756037145	-12.6507756037145	-11.7073591320809	-9.79662647017797	-12.6507756037145	-4.73788626748455	-18.4668093519586
np0498	-18.4462271471724	-8.6298440040583	-14.779591123563	-4.8224890820007	-11.6096661221207	-18.6943578872215	-11.1357349337883	-18.0189119165308	-19.1439162732725	-17.7604210873886	-0.910623920788175	-11.1946286228418	-12.0791514054219	-18.0467296909277	-5.7739665743691	-11.3201595049257	-19.5160539399953	-18.5202426739746	-17.8816397677299	-21.5160539399953	-18.4354667979437	-15.779591123563	-13.4576630286756	-10.9216101284354	-17.6943578872215	-13.779591123563	-12.9722362015054	-7.06878468986363	-18.129283016945	-4.53344434892712	-17.7361574621684	-17.6240100514525	-12.0791514054219	-7.27179648336429	-19.1439162732725	-9.92161012843541	-17.9865309296644	-18.3791414185299	-10.6096661221207	-5.45879057468135	-17.431970894603	-18.9310914392741	-14.779591123563	-17.6755849574782	-4.25848147991165	-18.6943578872215	-18.4819570601872	-14.779591123563	-18.9648879574086	-8.74616812202553	-10.6921282823126	-10.779591123563	-18.0315827535454	-9.73519700420453	-2.93802677583241	-12.779591123563	-17.9797712684366	-10.0791514054219	-15.779591123563	-11.3201595049257	-17.846702404935	-18.4212348069659	-12.0791514054219	-14.779591123563	-12.3201595049257	-18.4392911680949	-12.779591123563	-7.39157383821785	-15.779591123563	-6.83707661822374	-16.646333693381	-10.9722362015054	-10.3201595049257	-13.4576630286756	-18.6592085149264	-17.687608057609	-21.5160539399953	-14.779591123563	-10.779591123563	-4.67892878455778	-18.5482424388053	-12.9722362015054	-8.24820966304667	-18.6583509692635	-9.58976656468297	-18.6592085149264	-19.6192062202956	-19.1611220392346	-3.85812206303157	-7.45316163644068	-13.779591123563	-13.4576630286756	-18.129283016945	-14.1946286228418	-12.779591123563	-13.1946286228418	-9.92161012843541	-18.7398201567927	-12.779591123563	-14.779591123563	-13.779591123563	-13.1946286228418	-10.3201595049257	-12.3201595049257	-18.4668093519586
np0501	-5.53509588856937	-8.13119894689573	-17.9648879574086	-5.61494919625858	-8.23553560671046	-18.6943578872215	-8.80257619943436	-18.0189119165308	-19.1439162732725	-17.7604210873886	-1.29184865511337	-10.5574637015978	-7.6505731059893	-12.5574637015978	-4.96500666432974	-11.5574637015978	-13.5574637015978	-9.75010877954022	-8.51306958223937	-21.5160539399953	-11.2355356067105	-7.47000086034748	-18.6095178401463	-5.36763914271781	-12.5574637015978	-18.3791414185299	-10.3875387001555	-6.88503835962633	-18.129283016945	-5.89925221884603	-17.7361574621684	-9.65057310598931	-7.30953618815424	-6.33829518113566	-19.1439162732725	-17.8543286673737	-17.9865309296644	-11.2355356067105	-16.8252817996473	-4.43075922875463	-17.431970894603	-11.2355356067105	-19.1027753967423	-17.6755849574782	-9.16514627881906	-11.5574637015978	-18.4819570601872	-18.6943578872215	-18.9648879574086	-11.9725012008767	-6.9136075118231	-9.30953618815424	-18.0315827535454	-8.55746370159782	-5.52955770502794	-6.20873554736675	-9.23553560671046	-18.4544358573167	-19.1611220392346	-10.9725012008767	-17.846702404935	-18.4212348069659	-11.5574637015978	-7.29067716090292	-10.9725012008767	-18.4392911680949	-12.5574637015978	-11.2355356067105	-18.3552564508737	-7.36763914271781	-4.65961824559231	-9.75010877954022	-4.69327755694354	-5.12701114993229	-6.28133929632359	-10.5574637015978	-6.47000086034748	-12.5574637015978	-7.40771658209314	-4.61788448728313	-18.5482424388053	-9.85702398345673	-5.27669293146722	-18.6583509692635	-5.70571466018177	-18.6592085149264	-19.6192062202956	-19.1611220392346	-3.99904298832916	-7.34801033596887	-18.6924724781975	-8.97250120087667	-10.2355356067105	-19.0272850912691	-11.9725012008767	-9.30953618815424	-7.88503835962633	-18.7398201567927	-10.5574637015978	-19.6192062202956	-11.5574637015978	-9.85702398345673	-11.9725012008767	-8.23553560671046	-18.4668093519586
np0502	-11.4083297407674	-4.78909733796149	-10.5238069581873	-5.57738799839217	-12.5238069581873	-8.9590223394038	-9.52380695818733	-11.2018788633	-12.1087694589085	-15.1087694589085	-1.23503699000968	-10.4649132691338	-9.13148953540857	-12.7868413640211	-5.52005482332622	-13.1087694589085	-19.5160539399953	-12.5238069581873	-6.95395134985638	-8.05348702340729	-10.5852075028515	-8.22612640954664	-18.6095178401463	-5.06437533955003	-9.61691636257881	-10.4083297407674	-11.3014145368509	-8.68250470420639	-11.5238069581873	-6.22002621001022	-10.7164520361297	-11.2018788633	-7.9590223394038	-6.42928935940304	-19.1439162732725	-13.5238069581873	-10.4083297407674	-11.9388444574662	-11.1087694589085	-5.347218226464	-17.431970894603	-14.1087694589085	-19.1027753967423	-9.7512174542904	-7.52380695818733	-11.9388444574662	-12.7868413640211	-12.7868413640211	-14.1087694589085	-13.1087694589085	-9.08640164588003	-10.9388444574662	-12.3014145368509	-7.69937852277078	-6.31110793305472	-10.06437533955	-11.7868413640211	-18.4544358573167	-19.1611220392346	-17.9797712684366	-14.1087694589085	-11.3014145368509	-12.5238069581873	-4.52005482332622	-8.97948644196352	-18.4392911680949	-11.9388444574662	-12.7868413640211	-12.5238069581873	-6.4118019326742	-5.4345771907628	-9.06437533955003	-6.79135684514361	-2.98174241590388	-18.6592085149264	-11.7868413640211	-6.5163124216404	-10.2018788633	-6.39109303584209	-5.4345771907628	-18.5482424388053	-18.1477514775078	-7.42226893172526	-6.3876702702013	-6.25702041749243	-18.6592085149264	-12.7868413640211	-19.1611220392346	-5.57543972660265	-6.17213151990591	-15.1087694589085	-9.02130661765814	-8.60097481870979	-19.0272850912691	-9.40832974076739	-8.34058513413156	-9.1780321213456	-11.4083297407674	-11.2018788633	-13.5238069581873	-8.21395169560054	-8.49405961479328	-11.0213066176581	-8.84198291821358	-18.4668093519586
np0503	-10.4821124976562	-5.17393041013761	-11.7551309920626	-3.36890922037905	-11.8806618741464	-18.6943578872215	-10.4821124976562	-14.3400934927837	-19.1439162732725	-17.7604210873886	-1.29578476273256	-6.27939756109617	-9.0002434898991	-13.0181653978964	-6.78550464110609	-11.7551309920626	-12.1701684913414	-18.5202426739746	-6.8888823809514	-21.5160539399953	-18.4354667979437	-8.55873377925907	-18.6095178401463	-9.13064012715478	-11.5327385707261	-9.91382873808163	-10.6396537746426	-8.0454727438921	-10.1701684913414	-7.77023788445278	-17.7361574621684	-9.72538364866852	-9.11127480228784	-6.92224097789783	-19.1439162732725	-14.3400934927837	-17.9865309296644	-12.5327385707261	-12.1701684913414	-4.67032260425821	-11.7551309920626	-11.7551309920626	-14.3400934927837	-17.6755849574782	-10.8165315367267	-18.6943578872215	-18.4819570601872	-11.8806618741464	-18.9648879574086	-14.3400934927837	-7.2368056843717	-9.36281356928381	-13.0181653978964	-10.8806618741464	-7.39757898744449	-8.2632778957329	-11.6396537746426	-18.4544358573167	-19.1611220392346	-12.7551309920626	-17.846702404935	-12.3400934927837	-13.7551309920626	-14.3400934927837	-8.23156903600556	-10.0546912739215	-10.5852059906203	-11.5327385707261	-11.6396537746426	-5.9803439324614	-6.38880877781675	-12.1701684913414	-6.74390373663932	-3.5375771276625	-7.82439365449968	-11.5327385707261	-21.5160539399953	-10.947776070005	-5.95207620743859	-4.13307917260619	-12.3400934927837	-18.1477514775078	-6.8888823809514	-15.3400934927837	-4.46357654621873	-18.6592085149264	-14.3400934927837	-19.1611220392346	-5.12334763458842	-5.40492844318003	-18.6924724781975	-10.8165315367267	-10.696237303009	-19.0272850912691	-11.1701684913414	-11.2526306515334	-9.98254148816564	-15.3400934927837	-11.4332028971752	-19.6192062202956	-5.83428193886413	-10.5852059906203	-11.0921659793401	-6.55545864722621	-18.4668093519586
np0507	-18.4462271471724	-9.05608843087245	-11.4581868744438	-7.93164105994797	-17.4392911680949	-18.6943578872215	-12.1875392845001	-18.0189119165308	-15.4354667979437	-17.7604210873886	-1.43408059602099	-11.0779147933256	-9.76304145597222	-14.2655417965014	-5.22023717219579	-12.5774858028161	-17.4354667979437	-12.5285762023352	-5.03405391922954	-16.4354667979437	-17.4354667979437	-6.88375853632303	-10.4467821111716	-6.51585855934046	-8.7489662707605	-10.7772553151919	-10.5899767469993	-8.02395580993165	-18.129283016945	-6.71265926677417	-17.7361574621684	-17.6240100514525	-9.28571967843904	-5.79884217740007	-12.3061837809988	-8.57748580281615	-17.9865309296644	-18.3791414185299	-11.8207569538285	-4.76924279514054	-17.431970894603	-11.3693776074859	-19.1027753967423	-9.30104047772279	-12.6805792957802	-11.8808779462661	-14.8505042972226	-13.9760351793064	-13.5285762023352	-18.4544358573167	-6.80793291347093	-10.3586512008929	-12.3480039566934	-7.87322437372265	-2.1937442742172	-12.9760351793064	-12.4354667979437	-10.2959154455449	-19.1611220392346	-11.8207569538285	-17.846702404935	-11.4812704875568	-10.1593423926695	-7.05825626755517	-8.45247322324941	-14.6281118758861	-13.1875392845001	-11.3061837809988	-11.3061837809988	-9.82075695382851	-12.3910726785853	-9.36937760748595	-6.87513396373128	-3.77636283447006	-18.6592085149264	-13.7350270798026	-7.65738966840836	-10.1593423926695	-4.35281875559073	-14.6281118758861	-14.6281118758861	-16.4354667979437	-6.38154091641261	-18.6583509692635	-9.50472946038083	-15.4354667979437	-12.2260134323148	-19.1611220392346	-5.17837365345266	-8.74546882652427	-10.4696825132816	-7.12485401628419	-13.5285762023352	-19.0272850912691	-18.4819570601872	-10.3269423411655	-7.02713705717633	-14.1135387030564	-12.5285762023352	-19.6192062202956	-9.70075717771788	-13.3480039566934	-12.2260134323148	-5.83416027182188	-18.4668093519586
np0512	-12.7945377104481	-5.87646956552805	-9.58248723333307	-6.55168118655189	-13.7014283060566	-11.6570341866981	-9.31772401358252	-10.0867184619414	-13.1164658053354	-12.7014283060566	-2.28694125625707	-9.8559382551122	-8.843447310929	-13.1164658053354	-6.45825432258362	-11.894073383999	-14.3795002111692	-14.3795002111692	-6.79453771044805	-8.27516355135447	-11.2751635513545	-8.77069096849369	-10.5721452891116	-4.33592603786345	-8.99406917397569	-10.9200685925319	-11.453500792613	-9.88124934364138	-13.5315033046143	-7.29203736991887	-13.3795002111692	-12.7014283060566	-7.48710918525581	-7.72701371625104	-13.5315033046143	-14.1164658053354	-8.14300759278791	-11.5721452891116	-12.1778663499996	-5.55868302930504	-12.7014283060566	-16.7014283060566	-11.894073383999	-11.2419966874193	-10.6570341866981	-12.7945377104481	-13.3795002111692	-11.2095752097269	-16.7014283060566	-10.2256948750902	-9.92006859253191	-9.14683945437893	-13.0009885879155	-7.92335117652121	-6.64886025525242	-10.7472319956697	-9.95996131965543	-18.4544358573167	-15.1164658053354	-11.5315033046143	-17.846702404935	-11.6570341866981	-11.843447310929	-4.98032911734939	-9.843447310929	-14.7014283060566	-11.7014283060566	-11.7472319956697	-12.453500792613	-7.80964460283826	-7.44876287360632	-10.4160260871943	-7.76184909174188	-2.54266085142049	-18.6592085149264	-11.2095752097269	-5.94904765950368	-12.2419966874193	-6.32965166171865	-5.9266412464554	-14.1164658053354	-18.1477514775078	-7.0360923888714	-1.78144771100761	-8.01492777887335	-13.7014283060566	-13.7014283060566	-12.894073383999	-5.69580375686269	-7.27936353988376	-13.7014283060566	-8.24610108575201	-8.01143033463713	-19.0272850912691	-8.90701243970647	-9.01492777887335	-11.0290029640851	-13.2419966874193	-12.453500792613	-12.7014283060566	-10.2095752097269	-10.3091108832778	-12.3795002111692	-7.65976915441936	-16.7014283060566
np0521	-7.79219432900889	-2.90014000489195	-12.4504058117607	-8.33146473903718	-8.68222148698376	-18.6943578872215	-10.4060116924022	-14.4504058117607	-8.10167765752961	-17.7604210873886	-4.42803799873223	-12.8654433110395	-5.60178287133135	-15.4504058117607	-5.98688143848951	-14.4504058117607	-19.5160539399953	-18.5202426739746	-9.32112279481572	-8.43917855633743	-9.05808838898193	-10.1650035928984	-18.6095178401463	-3.59242481663311	-14.4504058117607	-11.2024782983171	-12.4504058117607	-4.9756858652342	-18.129283016945	-6.21678613500098	-17.7361574621684	-13.4504058117607	-5.81559476158897	-6.50203858017601	-19.1439162732725	-5.79398094848291	-11.9909741931234	-14.4504058117607	-8.50789130642145	-4.98178176884267	-14.4504058117607	-13.1284777168733	-19.1027753967423	-11.4504058117607	-9.07536638041376	-10.5924248166331	-13.8654433110395	-13.8654433110395	-15.4504058117607	-8.65598994541058	-9.64305088970308	-15.4504058117607	-13.8654433110395	-10.1284777168733	-7.83569596764548	-14.4504058117607	-13.4504058117607	-8.49620950137381	-19.1611220392346	-11.3629429705103	-7.6302268493455	-9.95855271543101	-18.1439162732725	-5.56623529265225	-8.41698281022324	-18.4392911680949	-15.4504058117607	-13.4504058117607	-15.4504058117607	-9.07536638041376	-8.60491576081631	-10.0928538071426	-7.07102744468942	-1.27821272885019	-18.6592085149264	-12.6430508897031	-8.31085445936189	-10.4504058117607	-8.94261117156199	-5.19892340114047	-11.7499660936196	-18.1477514775078	-6.24095244613174	-6.12847771687332	-8.27049672174575	-13.4504058117607	-11.9909741931234	-19.1611220392346	-6.92684385570367	-9.42803799873223	-18.6924724781975	-9.77798046978919	-11.4504058117607	-19.0272850912691	-12.8654433110395	-11.1284777168733	-9.92684385570367	-18.7398201567927	-15.4504058117607	-19.6192062202956	-15.4504058117607	-10.4060116924022	-13.8654433110395	-9.2024782983171	-18.4668093519586
np0522	-18.4462271471724	-6.38714032061336	-8.28692652952193	-5.54654806601069	-13.8567821378529	-18.6943578872215	-10.1108277604594	-6.88428093697621	-11.8567821378529	-17.7604210873886	-3.2597383254744	-10.0580403461	-5.30924490894552	-12.1198165436867	-4.3437125556135	-13.1198165436867	-12.918182682517	-14.1198165436867	-6.0065953002071	-21.5160539399953	-12.0841926339559	-6.82887614128299	-11.6603849250494	-4.33665458752802	-11.0494272157953	-11.3124616216291	-8.39189608912347	-6.1914462206677	-15.1198165436867	-5.32865365513165	-11.2322912729451	-17.6240100514525	-7.34108229956883	-5.54465551026127	-15.441744638574	-13.9823130199367	-7.65874642965362	-12.918182682517	-12.441744638574	-3.33944082136138	-17.431970894603	-13.9823130199367	-19.1027753967423	-17.6755849574782	-7.58220985219138	-9.70703501834819	-13.5348540429655	-15.8567821378529	-18.9648879574086	-11.8567821378529	-7.87188903024308	-8.92210838573082	-11.6088546244093	-5.9988011427253	-6.58065773257864	-11.2129259480781	-12.7413049204329	-9.92604480028999	-15.1198165436867	-9.59625458762965	-17.846702404935	-7.16562023329979	-10.1288616832897	-7.00295278599577	-8.63438971651643	-18.4392911680949	-10.1938171251304	-12.918182682517	-12.3542817973237	-8.22257611811187	-5.54996093535572	-7.91231408442788	-7.81969281911765	-2.8021778198922	-18.6592085149264	-8.25686929566575	-3.55119534722104	-9.17964979320385	-6.59703887416209	-4.78688488436664	-12.9823130199367	-14.441744638574	-5.07405688230398	-18.6583509692635	-8.44739120171517	-15.1198165436867	-11.1749580978791	-13.9823130199367	-4.48754832818715	-7.50657958897033	-12.3973505192156	-7.57137991899063	-10.3332201817959	-19.0272850912691	-13.441744638574	-4.54996093535572	-8.86809745108071	-18.7398201567927	-14.1198165436867	-19.6192062202956	-7.69691080107448	-8.72749912090791	-11.0494272157953	-7.25315579286668	-11.3124616216291
np0523	-10.6782228488456	-6.46320995787473	-11.1636496760158	-4.04401682910458	-10.2631853495667	-18.6943578872215	-10.900615270182	-18.0189119165308	-19.1439162732725	-17.7604210873886	-1.4283005049315	-5.75614584942239	-8.07807394430975	-9.983077430374	-5.98484652322706	-11.0705402716243	-10.633134959317	-18.5202426739746	-9.82261275818076	-21.5160539399953	-18.4354667979437	-8.76068500903756	-7.78205865983012	-8.52107645212457	-10.9550630542044	-9.46567821346548	-10.3701005534833	-7.73962339350973	-10.8741430588208	-7.69840073078321	-17.7361574621684	-6.29575321202317	-5.68539688173332	-6.49185309632967	-19.1439162732725	-7.11440615699598	-17.9865309296644	-14.0705402716243	-7.10668086388675	-6.60974311096282	-9.28918055809968	-13.1960711537082	-12.748612176737	-17.6755849574782	-7.40520435443917	-14.3335746774581	-11.900615270182	-11.0116465825708	-11.748612176737	-5.65409457795269	-5.32122948703831	-12.6555027723455	-15.0705402716243	-11.5680399310952	-8.6555027723455	-8.41232878887255	-6.94987038498409	-10.2292380176434	-12.4855777709032	-13.0705402716243	-17.846702404935	-11.3335746774581	-13.8481478502879	-10.5262197554005	-8.66681808557333	-6.42308184516942	-9.16364967601582	-10.1319408162885	-8.84172158112846	-5.4315010981474	-9.09326034812443	-8.76675952344724	-7.74560968857546	-3.87066347769235	-11.0116465825708	-9.62207977080805	-21.5160539399953	-9.7851380527621	-16.7398201567927	-7.20223213833488	-13.8481478502879	-14.6555027723455	-8.27612440527424	-18.6583509692635	-5.33188500905392	-13.3335746774581	-13.4855777709032	-14.0705402716243	-2.84804721937788	-4.78090557994387	-18.6924724781975	-9.64427551692225	-11.1636496760158	-13.6555027723455	-16.6555027723455	-10.7013064619586	-12.1319408162885	-18.7398201567927	-13.1960711537082	-19.6192062202956	-18.4849487344682	-9.20429166051317	-13.1960711537082	-6.02159936299698	-12.8481478502879
np0524	-18.4462271471724	-8.94534292391392	-6.70529183608096	-3.11660455301964	-14.2183614183203	-18.6943578872215	-8.99596899698389	-8.33571836895849	-11.3438923004042	-17.7604210873886	-2.68779251487472	-8.18127209958511	-5.74939803751039	-11.1028842009004	-4.91078110239294	-12.2183614183203	-9.89643332343297	-12.4813958241541	-7.05849008154194	-21.5160539399953	-11.6333989175992	-5.63590577320975	-14.2183614183203	-4.46347391615687	-8.99596899698389	-10.6333989175992	-10.896433323433	-6.67404090209652	-13.8033239190415	-4.75892979968304	-9.97043390487675	-17.6240100514525	-7.07540346447829	-4.96175957131092	-19.1439162732725	-15.8033239190415	-7.12736688609974	-10.3770591643394	-11.6333989175992	-3.81890546024035	-17.431970894603	-18.9310914392741	-19.1027753967423	-17.6755849574782	-8.58415539857933	-7.82604399554157	-11.5553964055979	-14.2183614183203	-14.8033239190415	-14.8033239190415	-8.21086688177341	-8.48139582415413	-10.5179217001792	-7.15227222786256	-8.40244448275931	-10.1886140749263	-12.1028842009004	-18.4544358573167	-19.1611220392346	-10.2487350673639	-17.846702404935	-6.57210273833031	-10.5179217001792	-5.59143562449549	-7.43263651223427	-15.8033239190415	-8.18861407492628	-12.3438923004042	-12.3438923004042	-7.30347803195829	-5.8844606817669	-8.04843641687802	-7.8375396343794	-4.15766548663278	-18.6592085149264	-8.79209666361824	-4.47072786125228	-8.32759048807509	-6.13976581482422	-4.00931427402052	-13.4813958241541	-10.2797619629845	-5.63716083639538	-18.6583509692635	-7.43700170479567	-13.8033239190415	-10.8491276086546	-11.3438923004042	-5.52836344690089	-8.09596478696061	-10.048436416878	-7.54593607634884	-8.67404090209652	-19.0272850912691	-11.1594677292668	-6.21086688177341	-6.35005328503087	-14.2183614183203	-10.9453429239139	-19.6192062202956	-10.5938705534125	-9.55539640559791	-10.1594677292668	-4.85568698108966	-7.79209666361824
np0525	-10.4216317194816	-7.0252787834677	-10.9241320600108	-4.40449580716759	-11.3391695592896	-11.7017396386744	-9.86523837095723	-12.9241320600108	-19.1439162732725	-17.7604210873886	-0.819205756203023	-8.29964119510301	-8.95450570905432	-11.9241320600108	-5.40843222172676	-11.7017396386744	-19.5160539399953	-9.42163171948162	-10.9241320600108	-21.5160539399953	-10.3391695592896	-9.26116704728837	-18.6095178401463	-5.50347001153808	-17.6943578872215	-9.70173963867435	-11.3391695592896	-11.9241320600108	-13.509094560732	-6.62645151137011	-17.7361574621684	-17.6240100514525	-8.98553260467494	-4.55635331354547	-19.1439162732725	-17.8543286673737	-17.9865309296644	-18.3791414185299	-12.509094560732	-4.27787338002077	-17.431970894603	-18.9310914392741	-13.509094560732	-9.50909456073195	-9.37981154378699	-10.8086548425909	-18.4819570601872	-11.0496629420947	-18.9648879574086	-12.9241320600108	-8.06615106488323	-8.62645151137011	-13.509094560732	-9.22369234186971	-6.59023132345736	-9.33916955928964	-17.9797712684366	-18.4544358573167	-19.1611220392346	-12.509094560732	-17.846702404935	-14.509094560732	-10.7017396386744	-8.16924455784733	-7.89438471661675	-18.4392911680949	-9.11677713795319	-11.1871664658446	-11.0496629420947	-5.35427645167985	-6.00924867364875	-7.93923895240101	-7.57835722316907	-5.16924455784733	-18.6592085149264	-17.687608057609	-21.5160539399953	-9.26116704728837	-7.17817768261734	-6.09124204584606	-18.5482424388053	-11.9241320600108	-6.41106247777143	-18.6583509692635	-5.54042776753675	-18.6592085149264	-19.6192062202956	-19.1611220392346	-7.34922322395357	-7.44300537027418	-18.6924724781975	-8.80865484259086	-12.9241320600108	-19.0272850912691	-10.8086548425909	-6.21907571379934	-7.1167771379532	-11.1871664658446	-10.0496629420947	-19.6192062202956	-13.509094560732	-9.60220396512344	-10.509094560732	-8.20531381255485	-18.4668093519586
np0527	-9.89926250261869	-9.54171049800061	-17.9648879574086	-8.72933750117638	-8.68980913698974	-18.6943578872215	-3.74254735839399	-18.0189119165308	-19.1439162732725	-17.7604210873886	-5.530756041111	-10.8992625026187	-0.790901403712052	-18.0467296909277	-5.12777303311809	-17.5323711460796	-19.5160539399953	-14.8992625026187	-8.01661945325685	-21.5160539399953	-9.47299774791659	-8.94506619223182	-13.8992625026187	-10.3143000018975	-17.6943578872215	-9.11790278909403	-12.5773344077313	-7.39941661553548	-18.129283016945	-7.18501698495257	-17.7361574621684	-17.6240100514525	-9.76997948567372	-7.74951538311401	-19.1439162732725	-6.7393911658403	-12.5773344077313	-11.3143000018975	-11.5773344077313	-6.80650536169884	-17.431970894603	-18.9310914392741	-19.1027753967423	-10.5069450798399	-8.37570054656168	-18.6943578872215	-13.8992625026187	-7.89926250261869	-18.9648879574086	-10.6513349891751	-8.39146786241999	-11.3143000018975	-18.0315827535454	-8.61386028375644	-9.68980913698974	-11.0919075805611	-14.8992625026187	-2.99462788095054	-11.3143000018975	-13.8992625026187	-17.846702404935	-8.47299774791659	-8.61386028375644	-9.04128150749112	-11.0919075805611	-18.4392911680949	-17.786116445496	-10.1988227844776	-18.3552564508737	-8.87689468959024	-7.60464175372706	-11.4398308839814	-11.3143000018975	-3.99086988184494	-11.7293375011764	-17.687608057609	-21.5160539399953	-9.85486838326024	-12.8992625026187	-8.1988227844776	-18.5482424388053	-14.8992625026187	-7.87689468959023	-18.6583509692635	-13.3143000018975	-13.8992625026187	-13.8992625026187	-11.1988227844776	-9.22683716064719	-11.7293375011764	-18.6924724781975	-12.5773344077313	-12.8992625026187	-8.63247596192379	-13.3143000018975	-10.4398308839814	-9.61386028375644	-18.7398201567927	-12.0919075805611	-19.6192062202956	-10.6513349891751	-11.3143000018975	-11.8992625026187	-9.25540631284396	-18.4668093519586
np0529	-18.4462271471724	-7.56209297820578	-9.38478076102133	-4.43097124943231	-17.4392911680949	-18.6943578872215	-10.4376922920598	-18.0189119165308	-19.1439162732725	-17.7604210873886	-0.728430181907906	-7.53412205474287	-8.94989845034561	-13.0226547927809	-6.45909688106022	-12.5230837832904	-14.2956732871873	-7.73470364208799	-4.12230845633831	-21.5160539399953	-18.4354667979437	-6.43406937884243	-13.9737451923	-6.35756396096811	-9.56322317414363	-9.81454659745073	-11.9264394775216	-8.08947289935348	-15.5587076930211	-6.98354665959574	-9.41711141463732	-17.6240100514525	-8.39883635624275	-6.16124696696642	-12.9264394775216	-16.2956732871873	-16.2956732871873	-12.2956732871873	-11.6711824222796	-5.37234580176815	-17.431970894603	-13.4212041692712	-17.8806357879085	-8.44600756027178	-10.125748285745	-10.2011556884031	-12.5952335690463	-12.1801960697674	-14.4212041692712	-18.4544358573167	-9.04774577374376	-9.75135277096353	-12.8806357879085	-9.63746180443555	-4.95749403728723	-10.83624166855	-9.58142776952122	-15.2956732871873	-15.2956732871873	-12.0992760743838	-17.846702404935	-14.8806357879085	-11.4376922920598	-8.11410687930964	-9.59523356904625	-15.5587076930211	-10.0102710683251	-11.3107801795776	-11.2512791678289	-7.50885914357058	-13.3570738318515	-7.76429182667103	-6.6309297309388	-6.75780779310083	-18.6592085149264	-11.8806357879085	-10.85826797488	-9.65181709741262	-6.13328195843044	-11.85826797488	-14.5587076930211	-12.6711824222796	-6.4696545208647	-18.6583509692635	-7.21796741239096	-14.0732808658509	-11.7721113311303	-15.5587076930211	-5.45778259196424	-6.38678033866768	-14.7107107864662	-7.86104505955062	-12.83624166855	-19.0272850912691	-13.1801960697674	-7.20644351976282	-8.21175080364225	-13.4212041692712	-11.6908112290285	-13.4883183651297	-8.24401116736485	-11.8806357879085	-10.3728411477098	-6.6197162542456	-15.5587076930211
np0531	-18.4462271471724	-6.79480966873849	-17.9648879574086	-8.29488327187313	-17.4392911680949	-18.6943578872215	-18.3552564508737	-9.17623877537451	-19.1439162732725	-8.72372657067701	-2.85621021340263	-16.8818468512374	-11.4241662888181	-18.0467296909277	-6.86957743714046	-17.5323711460796	-19.5160539399953	-18.5202426739746	-9.9647346701808	-9.83920378809694	-18.4354667979437	-9.4241662888181	-18.6095178401463	-4.02970359420778	-8.13876406995585	-13.4241662888181	-11.8392037880969	-16.7702939501526	-18.129283016945	-6.66927878665463	-10.2542412873758	-17.6240100514525	-8.83920378809694	-7.64280657529344	-12.4241662888181	-17.8543286673737	-17.9865309296644	-18.3791414185299	-16.8252817996473	-3.01689852457337	-12.4241662888181	-13.4241662888181	-19.1027753967423	-17.6755849574782	-16.2990291016585	-18.6943578872215	-18.4819570601872	-18.6943578872215	-18.9648879574086	-13.4241662888181	-7.59127627465336	-13.4241662888181	-18.0315827535454	-7.9647346701808	-7.9647346701808	-17.4491002709378	-9.9647346701808	-10.8392037880969	-11.4241662888181	-17.9797712684366	-17.846702404935	-12.4241662888181	-18.1439162732725	-6.90060433276109	-7.66927878665463	-18.4392911680949	-17.786116445496	-17.7069141533982	-13.4241662888181	-8.78031009904338	-10.4241662888181	-8.10223819393074	-7.997901534116	-2.34002227820296	-18.6592085149264	-13.4241662888181	-6.1573797481232	-17.0733884685424	-11.1022381939307	-7.93231319248843	-18.5482424388053	-18.1477514775078	-6.70992077115198	-11.4241662888181	-4.57867623787372	-18.6592085149264	-19.6192062202956	-19.1611220392346	-4.00210152264529	-5.20016461461999	-18.6924724781975	-9.4241662888181	-9.51727569320958	-19.0272850912691	-18.4819570601872	-2.25298949116633	-8.56618529369053	-18.7398201567927	-17.786116445496	-19.6192062202956	-18.4849487344682	-7.49342895125521	-18.1166993110972	-6.88500747771007	-18.4668093519586
np0534	-18.4462271471724	-7.39109965587249	-11.4453319675562	-6.97956810009519	-17.4392911680949	-18.6943578872215	-13.0776001830557	-18.0189119165308	-15.3995282779431	-17.7604210873886	-1.12576909616746	-9.52916355835967	-6.95451343207465	-18.0467296909277	-4.94471492943055	-12.5921733558855	-15.3995282779431	-11.8145657772219	-7.49564643220689	-21.5160539399953	-18.4354667979437	-7.4482435629761	-8.23965694116469	-7.40517484108422	-8.58574708672604	-10.2497811584384	-10.2497811584384	-10.1516007644995	-18.129283016945	-6.87596632188606	-17.7361574621684	-17.6240100514525	-9.57934931552789	-5.9859003489189	-7.91571250067882	-14.3995282779431	-9.75567208816835	-18.3791414185299	-12.8145657772219	-7.32004349411626	-17.431970894603	-13.5921733558855	-19.1027753967423	-10.1141260590808	-8.08211566417821	-10.9076751816134	-18.4819570601872	-15.3995282779431	-14.0776001830557	-18.4544358573167	-6.3173792365892	-12.9400966593058	-14.0776001830557	-7.72710293597158	-8.5540382269987	-11.2702452609981	-9.32271268089224	-10.0776001830557	-5.20477142352083	-11.3120654366927	-17.846702404935	-9.5540382269987	-13.5921733558855	-6.59862837802277	-8.72710293597158	-18.4392911680949	-11.5921733558855	-11.5921733558855	-10.5921733558855	-7.63134395316615	-14.8145657772219	-7.93192272786008	-4.98114855857812	-2.78516350738922	-18.6592085149264	-13.0776001830557	-5.45189133999125	-10.2910038211649	-11.2296032765008	-10.4453319675562	-18.5482424388053	-18.1477514775078	-6.64965885054623	-18.6583509692635	-6.5260841654277	-18.6592085149264	-11.7556720881684	-19.1611220392346	-3.38830102251982	-7.6247412183419	-10.6716078233799	-8.807071240675	-10.3771604649146	-19.0272850912691	-16.3995282779431	-8.79219796419346	-8.69908855980198	-18.7398201567927	-11.3551341585846	-19.6192062202956	-18.4849487344682	-12.0072108551643	-14.3995282779431	-6.71828986616527	-18.4668093519586
np0535	-18.4462271471724	-7.26305670250622	-9.50991436418339	-3.70328532643841	-13.0746989829669	-7.46490462926583	-8.85230656163047	-7.46490462926583	-19.1439162732725	-17.7604210873886	-1.51396810901106	-7.45509033943887	-8.53037846674311	-12.0746989829669	-4.71421764731017	-10.4502081180591	-19.5160539399953	-18.5202426739746	-6.03944165818059	-21.5160539399953	-12.3377333888007	-8.29333926944226	-18.6095178401463	-9.03030486360847	-9.7054651733012	-9.7054651733012	-11.1360995276311	-8.31981148080345	-11.6596614836881	-5.29881439950841	-17.7361574621684	-9.68238156018816	-7.80791244227202	-5.11180297762966	-19.1439162732725	-8.25878204740589	-17.9865309296644	-12.8523065616305	-13.6596614836881	-3.19435017481089	-17.431970894603	-18.9310914392741	-15.6596614836881	-17.6755849574782	-10.5303784667431	-18.6943578872215	-13.6596614836881	-12.0746989829669	-13.0746989829669	-18.4544358573167	-8.46983692480806	-8.60437904818689	-14.0746989829669	-8.87830177016342	-7.56162940072755	-9.57219864243774	-17.9797712684366	-8.38353707841384	-14.6596614836881	-11.7527708880796	-17.846702404935	-18.4212348069659	-10.233396728986	-7.59896555200052	-8.15981559660487	-18.4392911680949	-8.91819449728693	-12.4897364822458	-14.0746989829669	-6.96269395745379	-7.10891469830483	-8.421256744363	-7.55637367527606	-13.6596614836881	-14.0746989829669	-13.6596614836881	-8.08223265565233	-9.95922176554699	-7.27595719121403	-2.52925180128883	-18.5482424388053	-12.3377333888007	-6.41648750021513	-18.6583509692635	-6.37889071355747	-12.4897364822458	-12.8523065616305	-12.2002298650508	-6.47478614077979	-6.55899914468288	-12.8523065616305	-8.77701843432624	-10.4502081180591	-15.6596614836881	-9.90477398152461	-7.78929676410467	-7.27164419834294	-18.7398201567927	-11.3377333888007	-14.0746989829669	-11.4117339702445	-9.93174102912488	-10.2002298650508	-8.95922176554699	-18.4668093519586
np0536	-9.97634249425123	-3.56796220266686	-12.36865991703	-7.4967546793708	-10.798804308699	-18.6943578872215	-9.87680682070031	-11.9763424942512	-8.69270288408824	-12.7836974163088	-3.24769309902028	-12.4144636066431	-9.17883535814997	-14.0467318221426	-5.90718046974383	-12.845097960973	-14.5613049949724	-14.36865991703	-8.64073946246679	-8.29988163904457	-10.3913799935301	-9.93403168939326	-13.9092282983927	-3.79513106567592	-10.7836974163088	-11.3462921040015	-10.9592689808923	-7.56614355190876	-13.2811970757796	-5.95661940247834	-12.7836974163088	-12.9092282983927	-7.33523691549254	-6.41228375978032	-19.1439162732725	-6.9486997391821	-10.4860168676681	-15.36865991703	-9.09253551175575	-4.94501872195413	-14.7836974163088	-13.9092282983927	-16.36865991703	-10.7248037272553	-8.88081988320694	-11.7248037272553	-13.0467318221426	-13.36865991703	-16.36865991703	-8.36303536783611	-9.68215938984677	-12.5106789219024	-13.7836974163088	-9.07403916813836	-7.35883129966188	-12.9092282983927	-11.4144636066431	-12.0832576981677	-15.7836974163088	-11.0832576981677	-10.7393032969504	-11.0832576981677	-14.36865991703	-5.56130499497238	-9.21384180797788	-15.0467318221426	-13.1207324035864	-15.0467318221426	-13.7836974163088	-7.78557714952705	-6.51691087561393	-10.2918443199792	-6.82080141097157	-1.18884799455447	-18.6592085149264	-12.4144636066431	-7.29050910929534	-11.2189127975253	-7.6305676574095	-4.75556112282076	-13.36865991703	-18.1477514775078	-6.69182131055583	-5.62592944051081	-7.61879048963314	-14.1987349155877	-13.36865991703	-19.1611220392346	-6.26013546025182	-7.77060741686839	-15.7836974163088	-9.50447377237571	-10.8140710653523	-16.36865991703	-10.6962345750585	-9.78369741630883	-9.4028756323679	-15.36865991703	-13.36865991703	-16.36865991703	-13.36865991703	-9.73203529648634	-11.8140710653523	-8.4468189799555	-18.4668093519586
np0537	-5.92518438014886	-5.40838138455544	-12.561251221818	-8.56125122181802	-12.0917659385168	-18.6943578872215	-14.2616909399591	-18.0189119165308	-14.676728439238	-17.7604210873886	-5.55692270059652	-12.8022593213218	-12.9397628450718	-18.0467296909277	-8.76184505287591	-14.2616909399591	-19.5160539399953	-18.5202426739746	-14.676728439238	-21.5160539399953	-13.4543360179015	-12.676728439238	-12.9397628450718	-10.3074946295722	-17.6943578872215	-10.3074946295722	-8.51349809036966	-9.19560174950134	-18.129283016945	-8.81047982812679	-17.7361574621684	-14.2616909399591	-4.07650577313879	-8.76983784362944	-19.1439162732725	-12.9397628450718	-17.9865309296644	-18.3791414185299	-12.9397628450718	-7.60347945720732	-17.431970894603	-11.5068034377956	-16.2616909399591	-16.2616909399591	-14.676728439238	-18.6943578872215	-18.4819570601872	-12.3548003443506	-16.2616909399591	-9.90413893534103	-8.19560174950134	-17.786116445496	-14.676728439238	-11.7381289839021	-9.58926559798762	-10.5892655979876	-14.2616909399591	-13.9397628450718	-19.1611220392346	-12.1742280987088	-17.846702404935	-11.9397628450718	-18.1439162732725	-7.85654947682277	-8.79408538987612	-16.2616909399591	-13.9397628450718	-13.4543360179015	-18.3552564508737	-10.4037099448315	-6.56472341372483	-12.561251221818	-6.29014738600834	-3.11735134871128	-18.6592085149264	-17.687608057609	-21.5160539399953	-11.3074946295722	-3.51664693492465	-9.50680343779565	-18.5482424388053	-18.1477514775078	-8.90413893534103	-0.775767315888243	-8.9307740618445	-12.2616909399591	-14.676728439238	-15.2616909399591	-7.4351424526682	-5.91628569324132	-18.6924724781975	-13.676728439238	-18.129283016945	-13.9397628450718	-18.4819570601872	-11.6178347501844	-9.12213958756032	-18.7398201567927	-17.786116445496	-19.6192062202956	-10.8022593213218	-12.8022593213218	-16.2616909399591	-11.8693735171804	-18.4668093519586
np0538	-9.67135483441539	-4.95061555466376	-12.3343198471378	-3.34043795630077	-12.5973542529716	-8.50989141172127	-10.1119274258014	-18.0189119165308	-19.1439162732725	-17.7604210873886	-1.27159907997277	-7.49301759315687	-8.50989141172127	-12.919282347859	-5.65249580716407	-11.919282347859	-13.919282347859	-18.5202426739746	-6.93059766108681	-21.5160539399953	-18.4354667979437	-8.31936950567184	-18.6095178401463	-8.52696492508021	-17.6943578872215	-8.9650860374721	-11.2188426297179	-7.63388012899672	-10.395720391802	-7.03053909896071	-17.7361574621684	-11.919282347859	-9.33431984713782	-5.65953908416819	-19.1439162732725	-8.59735425297161	-17.9865309296644	-12.5973542529716	-10.2754261580842	-4.70861100407335	-13.3343198471378	-11.919282347859	-19.1027753967423	-17.6755849574782	-10.5269649250802	-13.3343198471378	-11.919282347859	-11.7493573464167	-18.9648879574086	-13.3343198471378	-9.11192742580137	-8.56173034324089	-12.3343198471378	-9.78999933091401	-6.67610836438602	-10.7493573464167	-17.9797712684366	-18.4544358573167	-19.1611220392346	-13.3343198471378	-17.846702404935	-12.5973542529716	-10.919282347859	-18.6592085149264	-8.59735425297161	-18.4392911680949	-10.919282347859	-11.1119274258014	-11.5973542529716	-5.83181950660863	-6.65249580716407	-11.919282347859	-6.55733857412373	-3.77526147859208	-8.12486648150887	-12.919282347859	-21.5160539399953	-9.27542615808425	-5.24862609874053	-3.53288092421819	-18.5482424388053	-18.1477514775078	-6.56173034324089	-18.6583509692635	-5.20675534741915	-18.6592085149264	-19.6192062202956	-12.5973542529716	-6.73937325784404	-6.13792263433431	-18.6924724781975	-10.919282347859	-13.3343198471378	-19.0272850912691	-9.36469349618134	-9.08639233369423	-8.02446458455103	-18.7398201567927	-11.7493573464167	-14.919282347859	-11.0123917522505	-9.74935734641666	-9.45985072922167	-8.36469349618134	-18.4668093519586
np0539	-10.8955236459863	-3.30834279536546	-12.10702775118	-5.78699918920813	-12.3549552646236	-12.7699927639024	-10.5735955510989	-9.12613657412771	-12.3549552646236	-9.2996728291224	-1.75899852068043	-9.2996728291224	-7.01065935670778	-12.3549552646236	-4.83237373336876	-13.0330271697362	-13.7699927639024	-18.5202426739746	-7.18252775597811	-6.71109907484887	-10.1850302631813	-8.48459054504019	-12.7699927639024	-4.09197956339565	-6.86109981538277	-10.3325874515951	-9.97991583327667	-8.75504242243646	-11.547600342566	-6.21796415254336	-11.3549552646236	-9.96263784184483	-8.60006776246012	-6.49076911996931	-14.0330271697362	-8.40658803303891	-7.61348827822245	-11.4480646690151	-9.54760034256599	-5.7559722935875	-10.800366412946	-13.547600342566	-19.1027753967423	-9.97991583327667	-7.59340403217911	-11.4007589542367	-9.8471606244249	-12.1850302631813	-15.3549552646236	-13.547600342566	-8.12133558786389	-12.4480646690151	-11.9626378418448	-6.44356327678013	-6.67371685284579	-12.8955236459863	-8.17504617460866	-13.3549552646236	-19.1611220392346	-9.61348827822244	-9.6825299226521	-9.6967437818718	-13.7699927639024	-4.67196068094191	-8.36627057785143	-11.6000677624601	-11.4480646690151	-12.2674924233733	-10.5220652504588	-5.09638923073366	-7.76249822735551	-8.67547516511815	-5.66933042489724	-3.51339091689302	-18.6592085149264	-9.14550189899464	-5.53637308714273	-9.96263784184483	-8.15528291978723	-5.93183935447649	-13.3549552646236	-14.7699927639024	-6.18503026318128	-10.3325874515951	-6.55729373876983	-13.1850302631813	-11.8313933085666	-19.1611220392346	-4.44956825960546	-6.20902311880308	-9.81579645351556	-7.97557689755233	-8.11655052529851	-8.71109907484887	-9.01510526173897	-8.80036641294596	-9.48459054504019	-12.10702775118	-11.7110990748489	-19.6192062202956	-11.8955236459863	-9.00622711039251	-12.7699927639024	-6.74577652648161	-18.4668093519586
np0540	-18.4462271471724	-10.4269318087968	-12.0790085053765	-2.72775373921958	-17.4392911680949	-18.6943578872215	-10.362801471377	-18.0189119165308	-19.1439162732725	-17.7604210873886	-0.44497539808737	-8.19986290025084	-12.3014009267129	-13.3014009267129	-6.8920099905752	-14.8863634274341	-10.7164384259917	-18.5202426739746	-17.8816397677299	-21.5160539399953	-18.4354667979437	-17.6592085149264	-12.5644353325467	-17.7069815832335	-17.6943578872215	-18.3791414185299	-13.8863634274341	-16.7702939501526	-10.2425072376593	-11.3014009267129	-17.7361574621684	-17.6240100514525	-4.99003102352412	-17.5202426739746	-19.1439162732725	-17.8543286673737	-17.9865309296644	-18.3791414185299	-9.88636342743406	-11.8863634274341	-17.431970894603	-18.9310914392741	-7.83108099193287	-17.6755849574782	-13.3014009267129	-18.6943578872215	-18.4819570601872	-18.6943578872215	-12.3014009267129	-10.6384359139905	-7.93216711704718	-10.7989005861837	-18.0315827535454	-17.5280572417884	-13.8863634274341	-17.4491002709378	-17.9797712684366	-8.90908350393414	-19.1611220392346	-17.9797712684366	-17.846702404935	-18.4212348069659	-12.0790085053765	-18.6592085149264	-9.18592370929296	-18.4392911680949	-10.1314759252706	-8.28645058524693	-10.185923709293	-7.04087337648968	-16.646333693381	-14.8863634274341	-17.5280572417884	-18.6592085149264	-18.6592085149264	-17.687608057609	-21.5160539399953	-12.0790085053765	-6.23890500097914	-11.5644353325467	-18.5482424388053	-18.1477514775078	-11.4269318087968	-18.6583509692635	-17.4491002709378	-14.8863634274341	-19.6192062202956	-19.1611220392346	-14.8863634274341	-6.38651754035085	-18.6924724781975	-11.0790085053765	-18.129283016945	-19.0272850912691	-18.4819570601872	-13.8863634274341	-10.4269318087968	-18.7398201567927	-17.786116445496	-19.6192062202956	-12.0790085053765	-16.7803347081239	-14.8863634274341	-6.45591087576853	-18.4668093519586
np0544	-18.4462271471724	-8.51327382551106	-8.60748916712871	-3.93419635171344	-17.4392911680949	-18.6943578872215	-10.8269343044148	-18.0189119165308	-15.9562173213598	-17.7604210873886	-1.01420689433743	-7.69882947866714	-9.49678570272249	-13.3712548206386	-5.67081510249754	-12.9562173213598	-19.5160539399953	-7.15531742143949	-4.12689098551813	-21.5160539399953	-18.4354667979437	-6.02547998379691	-18.6095178401463	-5.94359278249473	-9.76639276247978	-10.123327307195	-12.4967857027225	-8.298005838608	-18.129283016945	-6.96753263458763	-9.49678570272249	-17.6240100514525	-7.43265536530278	-5.43265536530278	-19.1439162732725	-11.563899898581	-17.9865309296644	-12.2557776032187	-11.4326553653028	-5.21559327687038	-17.431970894603	-14.9562173213598	-19.1027753967423	-8.34150747724458	-11.0020210109729	-10.1748576078351	-12.2557776032187	-11.3712548206386	-13.9562173213598	-18.4544358573167	-9.20132981919632	-9.89012813090202	-14.3712548206386	-9.76639276247978	-5.94638870399168	-10.8269343044148	-11.9562173213598	-18.4544358573167	-19.1611220392346	-11.8687544801095	-17.846702404935	-12.7862923199175	-11.8687544801095	-7.59427354762455	-8.0373540840852	-15.9562173213598	-9.58117789001287	-11.0493267257513	-11.2013298191963	-7.14886239930219	-14.3712548206386	-7.85292951294777	-5.97465003945678	-5.23085106346415	-18.6592085149264	-12.9562173213598	-10.0254799837969	-9.51327382551106	-4.04594936554895	-10.6342892264724	-18.5482424388053	-13.9562173213598	-7.15531742143949	-18.6583509692635	-7.34150747724458	-14.3712548206386	-11.7082898079162	-19.1611220392346	-5.6365452004128	-6.8424751553106	-15.9562173213598	-7.34150747724458	-12.6342892264724	-19.0272850912691	-11.6342892264724	-6.29265921714252	-7.76146046693754	-13.9562173213598	-10.4016284696822	-14.3712548206386	-10.4643642250301	-11.6342892264724	-10.4643642250301	-6.00202101097292	-13.9562173213598
np0545	-18.4462271471724	-5.5940369724847	-14.846702404935	-8.603528421462	-8.58460755956477	-18.6943578872215	-6.53495408992999	-18.0189119165308	-15.2617399042138	-17.7604210873886	-4.09265003740603	-9.95188464162701	-1.06572698309937	-18.0467296909277	-6.63846804659516	-11.7592395636846	-19.5160539399953	-18.5202426739746	-17.8816397677299	-21.5160539399953	-18.4354667979437	-9.91596506737207	-12.5987748914914	-17.7069815832335	-17.6943578872215	-12.9398118093264	-12.7592395636846	-6.80367512134041	-12.2617399042138	-6.54978619805566	-17.7361574621684	-15.846702404935	-12.2028462151602	-6.90712319062026	-14.846702404935	-9.64703006009859	-17.9865309296644	-18.3791414185299	-10.8243345919065	-6.8243345919065	-17.431970894603	-15.846702404935	-13.846702404935	-17.6755849574782	-9.75923956368461	-3.98697351225656	-14.846702404935	-13.2617399042138	-18.9648879574086	-11.3872707862977	-8.81879640836507	-10.0012123539906	-18.0315827535454	-14.0393474828773	-11.846702404935	-14.5247743100476	-17.9797712684366	-2.4266764122087	-19.1611220392346	-15.846702404935	-16.846702404935	-18.4212348069659	-12.2617399042138	-18.6592085149264	-10.9640593555731	-18.4392911680949	-11.9887214098074	-12.0918149027715	-15.846702404935	-9.50685240205033	-8.70204416210307	-10.8243345919065	-10.4204376502329	-4.03492634960829	-18.6592085149264	-17.687608057609	-21.5160539399953	-13.0393474828773	-7.49576322338852	-9.11199278470911	-5.93306497688585	-12.846702404935	-6.8298941172484	-18.6583509692635	-9.90418789959571	-18.6592085149264	-14.846702404935	-19.1611220392346	-8.88670047286687	-9.637249039306	-14.2617399042138	-12.846702404935	-18.129283016945	-19.0272850912691	-11.8925060945481	-12.5247743100476	-6.34188341730211	-18.7398201567927	-12.9398118093264	-15.2617399042138	-13.6767774034926	-11.1462626867939	-8.9458355969542	-10.7592395636846	-18.4668093519586
np0547	-8.97454902952553	-8.23308204312438	-10.5151174108882	-5.72188359707528	-11.1671941074679	-8.30212368755403	-8.40469342119458	-12.3895865288044	-12.3895865288044	-17.7604210873886	-1.05894970408108	-9.68914681066328	-7.38958652880437	-18.0467296909277	-5.31099092530825	-11.3895865288044	-13.3895865288044	-10.3306928397508	-4.61150939926901	-21.5160539399953	-12.1671941074679	-7.78472447064551	-18.6095178401463	-6.41996017784789	-11.067658433917	-12.1671941074679	-11.9745490295255	-8.15437006711034	-18.129283016945	-6.25687260645913	-11.8046240280832	-13.9745490295255	-9.21966152736206	-5.20471118589609	-14.9745490295255	-17.8543286673737	-12.9745490295255	-11.1671941074679	-12.3895865288044	-4.96332177410227	-17.431970894603	-13.3895865288044	-19.1027753967423	-17.6755849574782	-8.45098707346851	-12.6526209346382	-14.9745490295255	-18.6943578872215	-18.9648879574086	-13.3895865288044	-8.56515809338782	-10.7266215160819	-12.6526209346382	-8.4353902184175	-5.93015491016707	-8.48269593319585	-17.9797712684366	-18.4544358573167	-19.1611220392346	-10.7266215160819	-17.846702404935	-18.4212348069659	-10.8046240280832	-8.02035271913865	-8.61699702490744	-18.4392911680949	-10.9745490295255	-12.6526209346382	-12.1671941074679	-7.49881559855913	-6.98586434275336	-9.30212368755403	-6.68914681066328	-3.93425930849981	-7.03791109052296	-17.687608057609	-6.07066718378935	-11.9745490295255	-7.78472447064551	-4.30123995396383	-12.9745490295255	-18.1477514775078	-6.79463993951059	-18.6583509692635	-5.92198097872137	-13.3895865288044	-19.6192062202956	-19.1611220392346	-5.17041800834221	-5.76509566389658	-18.6924724781975	-8.97454902952553	-10.1671941074679	-19.0272850912691	-11.6526209346382	-8.09190598016369	-5.29155444584384	-13.3895865288044	-10.7266215160819	-19.6192062202956	-7.44316756900921	-11.067658433917	-11.2741093113844	-10.0203527191387	-18.4668093519586
np0548	-9.68156914868201	-5.44350165836479	-11.2329790896921	-3.47740080703145	-12.3905203666786	-9.22059536523631	-10.1367637744328	-18.0189119165308	-19.1439162732725	-17.7604210873886	-1.32272405888201	-7.32940885237523	-8.35625046459388	-12.1840694892112	-5.63357920574718	-10.3905203666786	-13.5059975840986	-18.5202426739746	-7.43990839364078	-21.5160539399953	-18.4354667979437	-8.7246378705739	-18.6095178401463	-8.64801658897099	-13.2836051627621	-9.34949309841857	-11.8430325713761	-7.53253937155105	-10.5363712331421	-6.73340808020163	-17.7361574621684	-11.9210350833774	-9.84303257137613	-5.31206160881134	-19.1439162732725	-12.3905203666786	-17.9865309296644	-13.0909600848197	-10.6646953301176	-4.49244227420709	-14.0909600848197	-11.6315284661824	-15.0909600848197	-17.6755849574782	-10.8815067191908	-18.6943578872215	-11.9210350833774	-11.6315284661824	-15.0909600848197	-7.43274860206792	-8.94121296531503	-8.28360516276211	-11.8430325713761	-10.1367637744328	-6.80787173179571	-10.1136801613198	-13.0909600848197	-16.0909600848197	-14.5059975840986	-12.7690319899324	-17.846702404935	-13.5059975840986	-10.3630396302565	-18.6592085149264	-8.59111419773651	-12.0909600848197	-10.2329790896921	-12.7690319899324	-11.9210350833774	-5.78832116103216	-6.54213817636096	-12.2836051627621	-6.17209684754512	-3.44575200204503	-8.42562416763454	-12.5059975840986	-21.5160539399953	-10.0465659654613	-5.38015365112036	-3.65920133565356	-13.5059975840986	-15.0909600848197	-6.70941713363513	-18.6583509692635	-5.01280927708506	-14.0909600848197	-19.6192062202956	-14.5059975840986	-7.03839203401556	-6.17358800534287	-18.6924724781975	-11.0465659654613	-12.0909600848197	-19.0272850912691	-8.65633185718299	-8.75111008193509	-6.82886523944953	-18.7398201567927	-12.3905203666786	-16.0909600848197	-10.8815067191908	-10.447103895045	-9.86214139432383	-8.32940885237523	-18.4668093519586
np0552	-18.4462271471724	-6.14310588463334	-7.34473974580299	-4.31499240240894	-9.16416750016117	-18.6943578872215	-8.49674283924804	-7.57920499944002	-10.9297022465241	-17.7604210873886	-3.48014087191091	-10.4442754193539	-3.7339609532777	-10.4442754193539	-4.79630312110695	-17.5323711460796	-10.6666678406904	-18.5202426739746	-5.59341885865972	-21.5160539399953	-9.44427541935391	-6.51016335501037	-7.82536558670941	-4.56863575772983	-10.6666678406904	-12.2516303414115	-9.34473974580299	-5.75178445432831	-18.129283016945	-5.14310588463334	-11.6666678406904	-17.6240100514525	-7.32089300384863	-5.50343749182205	-19.1439162732725	-9.44427541935391	-6.53738482374539	-18.3791414185299	-9.66666784069036	-3.0581049809103	-17.431970894603	-13.2516303414115	-19.1027753967423	-17.6755849574782	-7.92970224652415	-8.7280683853545	-13.2516303414115	-11.6666678406904	-18.9648879574086	-10.4442754193539	-7.89407833679343	-8.34473974580299	-18.0315827535454	-6.51016335501037	-7.75977724508184	-10.9297022465241	-11.6666678406904	-9.0817053399692	-19.1611220392346	-9.66666784069036	-17.846702404935	-6.07172125139658	-9.55119062327042	-6.56512981422829	-9.44427541935391	-18.4392911680949	-9.25163034141151	-11.6666678406904	-11.6666678406904	-8.16416750016117	-4.8853081271657	-7.22926252838306	-7.92970224652415	-3.73002990168779	-18.6592085149264	-10.9297022465241	-4.21820733987406	-8.49674283924804	-7.52370988684831	-4.67798315391819	-18.5482424388053	-18.1477514775078	-4.77995512701947	-18.6583509692635	-8.79219872277421	-18.6592085149264	-11.2516303414115	-19.1611220392346	-5.6369204972963	-7.39364934628394	-11.6666678406904	-7.32089300384863	-11.2516303414115	-19.0272850912691	-13.2516303414115	-4.83800241238734	-7.10188322190683	-18.7398201567927	-17.786116445496	-19.6192062202956	-8.79219872277421	-8.44427541935391	-10.9297022465241	-6.12234732446655	-9.79219872277421
np0555	-10.3223720378336	-5.76871365703049	-9.30067696673431	-4.59527668769149	-9.69434081522059	-11.1188386437485	-8.25824170041392	-13.3667661571921	-19.1439162732725	-17.7604210873886	-1.41075307910399	-8.1379474666962	-6.62193231969254	-10.6118786550286	-4.88698589316298	-9.97444873441332	-19.5160539399953	-8.72290996741736	-10.9744487344133	-21.5160539399953	-8.53387614302734	-8.61187865502862	-15.3667661571921	-5.19809403905985	-17.6943578872215	-9.75205631307688	-10.666326439051	-7.1046713118219	-14.3667661571921	-6.47498245397377	-17.7361574621684	-17.6240100514525	-7.49640143760868	-4.83149078057128	-19.1439162732725	-13.3667661571921	-17.9865309296644	-10.7229099674174	-10.4125698468052	-3.69832432913909	-14.3667661571921	-18.9310914392741	-19.1027753967423	-9.45987556158357	-9.06298540901498	-9.87491306086241	-12.3667661571921	-11.3667661571921	-18.9648879574086	-18.4544358573167	-7.94891364230619	-9.34439834416363	-12.7818036564709	-7.76685331500496	-5.89712433995257	-8.04483806230472	-17.9797712684366	-15.3667661571921	-19.1611220392346	-11.1968411557498	-17.846702404935	-15.3667661571921	-10.9073345385548	-6.69434081522059	-7.93213792955536	-13.3667661571921	-8.87491306086241	-11.1968411557498	-10.1188386437485	-5.60687797397025	-4.82180172440285	-7.45987556158357	-6.11173758737336	-4.1905930080846	-18.6592085149264	-14.3667661571921	-21.5160539399953	-8.87491306086241	-6.3388601606222	-4.72833024320161	-12.7818036564709	-12.0448380623047	-6.00701659686975	-18.6583509692635	-4.85600198927419	-12.5594112351345	-12.3667661571921	-14.3667661571921	-7.87491306086241	-6.78180365647093	-18.6924724781975	-9.1379474666962	-14.3667661571921	-14.3667661571921	-10.3667661571921	-6.04033667006978	-8.23748314024712	-9.27930331594175	-10.4125698468052	-19.6192062202956	-9.87491306086241	-8.79691054886114	-10.666326439051	-7.95737522105438	-18.4668093519586
np0560	-3.86292028273052	-8.90731440208897	-12.6077541202301	-6.16757705867271	-9.17034880792277	-18.6943578872215	-7.80901232847717	-11.2858260253427	-19.1439162732725	-11.2858260253427	-1.65561958277155	-11.2858260253427	-7.06859530912203	-18.0467296909277	-6.79183718466904	-10.4378291187878	-15.1927166209512	-18.5202426739746	-12.3853616988936	-8.90731440208897	-7.18148936552797	-10.3853616988936	-11.7332850023139	-9.73328500231393	-9.19271662095122	-12.6077541202301	-10.0227916195089	-8.62286101262027	-12.0227916195089	-5.61151603902627	-17.7361574621684	-9.33473562582365	-8.25020211561198	-6.72511107086823	-19.1439162732725	-17.8543286673737	-12.1927166209512	-11.3853616988936	-15.1927166209512	-6.00536454775073	-9.02279161950891	-12.0227916195089	-19.1027753967423	-8.71698318998483	-10.2385203105643	-12.3853616988936	-12.3853616988936	-12.8707885260639	-12.0227916195089	-12.3853616988936	-6.04296950144654	-17.786116445496	-10.8003991981725	-9.83516461633314	-10.2385203105643	-9.46479616638802	-12.8707885260639	-8.37253765853603	-19.1611220392346	-10.7332850023139	-5.86853607433248	-18.4212348069659	-18.1439162732725	-5.70688731224932	-9.21543669745131	-18.4392911680949	-11.4922769028101	-11.6077541202301	-9.14832250159277	-3.4154613057593	-6.25607868194865	-7.05316526855243	-8.94478910750764	-2.40889986163104	-18.6592085149264	-10.8707885260639	-6.87983366566687	-11.0227916195089	-10.0227916195089	-10.4922769028101	-18.5482424388053	-18.1477514775078	-8.66915466489421	-11.7332850023139	-5.12932153966271	-18.6592085149264	-19.6192062202956	-19.1611220392346	-5.43949987177227	-4.6516200056017	-14.1927166209512	-10.1483225015928	-9.35982660678648	-13.1927166209512	-9.63812776927359	-12.6077541202301	-8.71698318998483	-10.1483225015928	-10.8003991981725	-9.70086352462155	-10.6691546648942	-8.8528666180666	-14.1927166209512	-6.17312589259334	-14.1927166209512
np0563	-18.4462271471724	-6.61606117432464	-10.2307710184398	-6.73891792211017	-10.4234160963822	-18.6943578872215	-10.2307710184398	-5.89092101555522	-19.1439162732725	-17.7604210873886	-2.97220498454991	-12.2307710184398	-3.15662955568734	-13.2307710184398	-5.12748321002783	-17.5323711460796	-19.5160539399953	-18.5202426739746	-9.53033130029876	-21.5160539399953	-18.4354667979437	-6.31190778116525	-7.10148800149488	-4.22514646924597	-8.14330817718951	-10.2307710184398	-9.64580851771869	-6.04094645955983	-18.129283016945	-6.03109867360348	-12.2307710184398	-17.6240100514525	-7.27657470805297	-6.25349109493993	-13.2307710184398	-10.6458085177187	-4.5548139854981	-18.3791414185299	-10.6458085177187	-3.49606139821401	-17.431970894603	-13.2307710184398	-19.1027753967423	-17.6755849574782	-7.64580851771869	-11.2307710184398	-18.4819570601872	-18.6943578872215	-18.9648879574086	-10.4234160963822	-7.18637689908139	-11.2307710184398	-18.0315827535454	-5.77955990660752	-7.20840320541139	-11.6458085177187	-8.90884292355248	-9.14330817718951	-19.1611220392346	-10.2307710184398	-17.846702404935	-6.00195232794397	-18.1439162732725	-5.68387655855221	-8.23077101843985	-18.4392911680949	-17.786116445496	-17.7069141533982	-18.3552564508737	-10.9088429235525	-4.66852859421877	-9.06084601699754	-9.64580851771869	-3.66281494302438	-18.6592085149264	-8.18637689908139	-4.64580851771869	-9.77133939980255	-10.6458085177187	-6.00195232794397	-18.5482424388053	-18.1477514775078	-5.45598395883867	-18.6583509692635	-10.0608460169975	-18.6592085149264	-12.2307710184398	-19.1611220392346	-4.99236627911477	-8.42341609638224	-18.6924724781975	-6.12224656166168	-12.2307710184398	-19.0272850912691	-18.4819570601872	-6.57255953568805	-7.08102389893516	-18.7398201567927	-13.2307710184398	-19.6192062202956	-9.53033130029876	-8.53033130029876	-18.1166993110972	-3.84060206223966	-11.2307710184398
np0564	-11.683579499579	-5.14073187275403	-14.0758969223577	-8.17503011437698	-13.4909344216366	-18.6943578872215	-13.7539688274704	-10.0098077319	-14.0758969223577	-14.0758969223577	-3.86888260218019	-12.9059719209154	-9.92614980285305	-18.0467296909277	-7.317673707631	-17.5323711460796	-19.5160539399953	-18.5202426739746	-7.55626066951451	-8.11589499028965	-13.2685420003001	-9.79049470349548	-10.5523349663007	-4.87745188090537	-9.34797646779453	-11.8279694089141	-11.6164653037204	-8.56810228215903	-14.0758969223577	-6.55233496630071	-14.4909344216366	-17.6240100514525	-6.66015515406764	-7.71834491773964	-13.2685420003001	-12.4909344216366	-8.66650598622003	-18.3791414185299	-12.7539688274704	-6.04799092578784	-13.0758969223577	-15.0758969223577	-16.0758969223577	-11.0315028029993	-11.1217006119709	-12.9059719209154	-14.4909344216366	-15.0758969223577	-15.0758969223577	-9.90597192091541	-9.55233496630071	-15.0758969223577	-13.7539688274704	-8.61646530372043	-6.76983523292939	-11.683579499579	-11.683579499579	-13.4909344216366	-19.1611220392346	-11.5523349663007	-15.0758969223577	-10.1217006119709	-18.1439162732725	-5.82441451173751	-9.23040687141335	-14.4909344216366	-13.2685420003001	-14.0758969223577	-14.4909344216366	-9.29453720883307	-8.72716876812665	-13.0758969223577	-7.87622457752136	-1.90237593033076	-18.6592085149264	-11.2179159272302	-6.19020054901833	-13.0758969223577	-6.75848430859286	-5.44927526999936	-18.5482424388053	-18.1477514775078	-6.57207118436198	-1.37069654429461	-9.7008574910108	-18.6592085149264	-19.6192062202956	-19.1611220392346	-5.50509248463323	-7.17805146635222	-13.7539688274704	-8.32100942019426	-9.11011263769564	-19.0272850912691	-11.432040732583	-10.243006908193	-10.3479764677945	-18.7398201567927	-14.4909344216366	-19.6192062202956	-18.4849487344682	-10.2685420003001	-13.2685420003001	-8.25571795994254	-18.4668093519586
np0571	-13.8019609094713	-9.21699840875015	-11.1015211913302	-8.75756679011286	-17.4392911680949	-18.6943578872215	-3.28774000011318	-18.0189119165308	-9.40964348669255	-17.7604210873886	-5.99138927473016	-11.342529290834	-1.13008817601804	-12.2169984087502	-3.44826270042328	-14.8019609094713	-19.5160539399953	-13.2169984087502	-6.98817971825427	-21.5160539399953	-11.2169984087502	-9.37569615476921	-10.2169984087502	-9.71449806822097	-14.8019609094713	-7.48907795418696	-12.4800328145839	-4.56953998229523	-14.8019609094713	-8.2783989534143	-17.7361574621684	-17.6240100514525	-8.96907089530657	-7.2783989534143	-19.1439162732725	-8.15810471969659	-14.8019609094713	-11.342529290834	-10.632035908029	-5.7224761256445	-17.431970894603	-18.9310914392741	-19.1027753967423	-12.4800328145839	-11.342529290834	-18.6943578872215	-11.8019609094713	-6.00106100955101	-18.9648879574086	-8.53517436877641	-9.89507031386279	-9.99460598741371	-13.2169984087502	-5.69867310105929	-7.82468098597139	-13.2169984087502	-17.9797712684366	-5.17807941945785	-10.714498068221	-12.4800328145839	-17.846702404935	-7.99460598741371	-11.342529290834	-10.8950703138628	-10.2169984087502	-18.4392911680949	-12.8019609094713	-13.8019609094713	-18.3552564508737	-9.40964348669255	-9.1872510653561	-9.1872510653561	-9.34252929083401	-3.31764148582704	-10.5540333960277	-17.687608057609	-21.5160539399953	-7.82468098597139	-11.9946059874137	-6.05041685038221	-18.5482424388053	-12.8019609094713	-6.42258254240005	-18.6583509692635	-11.9946059874137	-13.2169984087502	-12.2169984087502	-13.2169984087502	-8.632035908029	-12.8019609094713	-18.6924724781975	-17.785426924465	-11.632035908029	-8.0075450431212	-10.8019609094713	-10.1015211913302	-9.67267789252634	-13.8019609094713	-11.9946059874137	-19.6192062202956	-12.2169984087502	-9.55403339602772	-10.2169984087502	-10.8019609094713	-18.4668093519586
np0572	-9.94597904668277	-9.45804100035648	-17.9648879574086	-11.2591369319424	-8.92849161995393	-18.6943578872215	-3.98555322889374	-13.3035310513009	-15.3035310513009	-17.7604210873886	-5.82982530168144	-12.7185685505797	-1.51272440259407	-13.4961761292433	-4.20155538035162	-14.7185685505797	-19.5160539399953	-18.5202426739746	-5.51562849190942	-21.5160539399953	-12.9816029564135	-8.18458997857735	-12.9816029564135	-10.5486435491374	-17.6943578872215	-10.4455500561733	-11.349334740914	-6.48016381125462	-18.129283016945	-6.79177839753347	-17.7361574621684	-17.6240100514525	-8.29790650210698	-6.96368104841623	-19.1439162732725	-9.08436253083869	-13.7185685505797	-12.9816029564135	-12.6030913331598	-5.24960516976975	-17.431970894603	-13.3035310513009	-19.1027753967423	-10.3035310513009	-7.98611843753599	-18.6943578872215	-18.4819570601872	-9.2811632382724	-16.3035310513009	-11.2591369319424	-7.3233914736617	-11.1336060498585	-12.9816029564135	-10.7185685505797	-7.61703052411764	-11.2591369319424	-13.9816029564135	-3.92009674947808	-13.1336060498585	-13.4961761292433	-17.846702404935	-10.3966404556923	-10.2591369319424	-9.23744186084308	-12.9816029564135	-18.4392911680949	-15.3035310513009	-11.9112136285221	-16.3035310513009	-10.7489421996232	-9.86058755545213	-12.8440994326636	-11.8440994326636	-1.737358062308	-18.6592085149264	-17.687608057609	-21.5160539399953	-11.9112136285221	-11.349334740914	-9.89414011516315	-12.8440994326636	-18.1477514775078	-6.46906000131663	-18.6583509692635	-11.2160682100505	-18.6592085149264	-19.6192062202956	-8.9198267588268	-8.22671545425002	-16.3035310513009	-18.6924724781975	-16.3035310513009	-13.7185685505797	-11.3966404556923	-18.4819570601872	-8.76437224019282	-10.2374418608431	-18.7398201567927	-15.3035310513009	-19.6192062202956	-8.39064171507089	-9.52217133777619	-13.7185685505797	-8.2428351196133	-18.4668093519586
np0574	-12.1491649287875	-5.26856102469923	-13.7341274295086	-5.58946918667674	-13.1491649287875	-8.34181000672987	-9.77993111912175	-11.4121993346213	-19.1439162732725	-13.7341274295086	-1.39386004052507	-9.92677250745102	-10.0902712397339	-13.1491649287875	-5.49333609734667	-11.1491649287875	-19.5160539399953	-11.2746958108713	-6.36780521526281	-8.87614643438105	-11.4121993346213	-8.10477080942902	-18.6095178401463	-4.95112922058821	-9.21056547345161	-11.2746958108713	-11.926772507451	-10.1491649287875	-11.926772507451	-6.38539927527755	-11.7341274295086	-11.2746958108713	-8.1342145873215	-6.21842759122458	-19.1439162732725	-17.8543286673737	-10.926772507451	-10.926772507451	-12.7341274295086	-4.8996563795244	-17.431970894603	-18.9310914392741	-19.1027753967423	-10.8272368339001	-9.00620697494543	-18.6943578872215	-12.4121993346213	-12.4121993346213	-18.9648879574086	-18.4544358573167	-8.22633278930993	-10.3418100067299	-12.1491649287875	-8.43034668133152	-6.31206266333581	-12.4121993346213	-17.9797712684366	-18.4544358573167	-19.1611220392346	-12.1491649287875	-12.7341274295086	-11.926772507451	-11.926772507451	-5.2402719802678	-8.44872521064638	-18.4392911680949	-10.7341274295086	-11.2746958108713	-12.7341274295086	-6.41219933462126	-5.94949258395111	-8.62560297273046	-6.90123741534388	-2.95934036990745	-18.6592085149264	-12.7341274295086	-6.93971156315852	-11.0336877113675	-5.14916492878747	-5.46968482928202	-14.7341274295086	-18.1477514775078	-6.91394846709344	-4.17093115729189	-6.25839399854223	-18.6592085149264	-12.4121993346213	-19.1611220392346	-5.78868359313071	-5.77702538794634	-13.7341274295086	-8.92677250745102	-8.56420242806631	-19.0272850912691	-8.95276771598397	-6.53937057508638	-8.16427182117768	-11.1491649287875	-10.0902712397339	-19.6192062202956	-8.64666458825829	-8.92677250745102	-9.97923992734516	-9.14916492878747	-18.4668093519586
np0575	-18.4462271471724	-5.23861641371731	-9.18219681865501	-4.16336440571058	-11.3937009238487	-18.6943578872215	-8.7712637177089	-18.0189119165308	-19.1439162732725	-17.7604210873886	-1.28593322755855	-6.88007720484782	-9.3748418965974	-13.0566659365711	-5.75898538793046	-10.3937009238487	-19.5160539399953	-18.5202426739746	-17.8816397677299	-21.5160539399953	-18.4354667979437	-9.86026872376764	-18.6095178401463	-10.8867409351288	-17.6943578872215	-9.16589500632591	-12.47170343585	-7.24931101451354	-8.71089109972942	-5.52398533590321	-17.7361574621684	-11.3937009238487	-6.9137079827291	-5.74227151436919	-19.1439162732725	-8.94118871915121	-17.9865309296644	-12.47170343585	-11.3197003424049	-3.06254825345755	-17.431970894603	-18.9310914392741	-14.6416284372923	-17.6755849574782	-10.2153636825902	-12.47170343585	-12.6416284372923	-11.0566659365711	-13.6416284372923	-14.0566659365711	-8.3748418965974	-9.19868494144357	-14.0566659365711	-11.6416284372923	-6.4370572930431	-7.74681067398436	-13.6416284372923	-9.08703958561467	-19.1611220392346	-11.7347378416838	-17.846702404935	-14.0566659365711	-12.3197003424049	-12.0566659365711	-7.66434851379239	-18.4392911680949	-10.4321750716634	-11.2493110145135	-11.554165596042	-6.13581688337271	-6.32874548200795	-11.2493110145135	-4.47232974149946	-3.73699381562415	-18.6592085149264	-12.0566659365711	-21.5160539399953	-9.75898538793046	-5.12494348798269	-5.94466091105802	-18.5482424388053	-18.1477514775078	-6.48934359498572	-18.6583509692635	-6.64444895635468	-18.6592085149264	-11.47170343585	-12.6416284372923	-6.19247979191687	-6.02691859317709	-18.6924724781975	-11.2493110145135	-18.129283016945	-13.3197003424049	-13.6416284372923	-11.3937009238487	-7.81507995000139	-18.7398201567927	-14.6416284372923	-14.0566659365711	-7.67584415263022	-8.55416559604196	-12.6416284372923	-10.7347378416838	-18.4668093519586
np0583	-18.4462271471724	-9.12105030583721	-11.2216542467756	-7.05887131457732	-17.4392911680949	-18.6943578872215	-12.254075724468	-18.0189119165308	-14.7135073431053	-17.7604210873886	-1.29529235444547	-10.3559553384872	-9.80661674749677	-15.7135073431053	-5.29249448732607	-14.1285448423841	-19.5160539399953	-11.2872425884032	-4.79688142089406	-21.5160539399953	-18.4354667979437	-5.7849889678474	-11.5040539774763	-7.56376022360061	-8.71915390624643	-10.7827700055424	-10.9061524210477	-7.66365879365473	-18.129283016945	-7.24590179302229	-13.254075724468	-17.6240100514525	-9.88061732894055	-6.54608919727356	-12.0696511533306	-9.2057127029066	-17.9865309296644	-15.7135073431053	-11.4655798296617	-5.52430050850827	-17.431970894603	-12.0696511533306	-19.1027753967423	-8.94532301832837	-11.8066167474968	-11.3559553384872	-15.1285448423841	-14.1285448423841	-14.3915792482179	-18.4544358573167	-6.98388659955225	-11.5040539774763	-12.543582341663	-8.2872425884032	-2.92376994203815	-12.4655798296617	-13.0130676249642	-12.4655798296617	-15.1285448423841	-12.543582341663	-17.846702404935	-12.0696511533306	-10.7135073431053	-6.73479688399894	-9.12854484238414	-18.4392911680949	-12.3915792482179	-11.9586198409418	-11.1899453870483	-9.56376022360061	-13.1285448423841	-9.09879749899008	-6.68698390058553	-3.87312279239363	-18.6592085149264	-12.626044501855	-7.50893619885609	-10.1285448423841	-3.81944749683127	-14.7135073431053	-13.9061524210477	-14.1285448423841	-5.42406476741696	-18.6583509692635	-9.95861984094183	-15.1285448423841	-11.9586198409418	-19.1611220392346	-5.07055311962496	-8.67458835381299	-11.2872425884032	-6.35925796116005	-13.3915792482179	-19.0272850912691	-14.7135073431053	-7.88695885581438	-7.61811032031274	-18.7398201567927	-11.4655798296617	-19.6192062202956	-9.27056384725656	-12.626044501855	-11.9061524210477	-4.50222739562328	-14.1285448423841
np0589	-18.4462271471724	-9.20749445831022	-10.553269295152	-6.95335645296483	-17.4392911680949	-18.6943578872215	-12.3308768738155	-18.0189119165308	-15.1382317958731	-17.7604210873886	-0.695871403450665	-10.1840354854862	-10.3833442937096	-18.0467296909277	-6.48359576734514	-13.1382317958731	-19.5160539399953	-12.1382317958731	-6.92391267507234	-21.5160539399953	-18.4354667979437	-7.86210739059887	-12.8163037009857	-9.71196704117101	-8.63043715567441	-12.553269295152	-11.2313412002646	-9.55326929515195	-18.129283016945	-7.53831895368598	-10.8903042824295	-17.6240100514525	-11.6788001772358	-6.78508497037503	-19.1439162732725	-9.89030428242953	-17.9865309296644	-18.3791414185299	-11.8163037009857	-6.69114856966346	-17.431970894603	-14.1382317958731	-19.1027753967423	-10.4943756060984	-12.8163037009857	-11.2313412002646	-18.4819570601872	-14.1382317958731	-12.8163037009857	-18.4544358573167	-7.57598937165204	-9.81630370098575	-18.0315827535454	-8.81630370098575	-3.69063193759316	-11.9683067944308	-10.2313412002646	-12.553269295152	-19.1611220392346	-12.1382317958731	-17.846702404935	-11.6788001772358	-12.8163037009857	-6.88556636342286	-11.3308768738155	-14.1382317958731	-12.3308768738155	-11.8163037009857	-10.553269295152	-8.78067979125503	-11.8163037009857	-8.87144525517821	-7.58364294419547	-6.33087687381551	-18.6592085149264	-10.553269295152	-8.38334429370964	-10.553269295152	-3.37418957856652	-17.1459221978118	-18.5482424388053	-18.1477514775078	-8.49437560609839	-18.6583509692635	-8.66249836490671	-14.1382317958731	-11.8163037009857	-19.1611220392346	-5.39171747473465	-10.1840354854862	-13.1382317958731	-7.06141619882228	-10.6788001772358	-19.0272850912691	-13.553269295152	-8.87144525517821	-9.20749445831022	-14.1382317958731	-11.437792077732	-19.6192062202956	-11.9683067944308	-12.553269295152	-12.553269295152	-4.3692204747761	-18.4668093519586
np0590	-14.7718569570953	-6.2438913159613	-10.7165745215941	-5.31268152154322	-12.3795395343165	-18.6943578872215	-8.32064584526293	-13.0169694549318	-14.0714172389542	-17.7604210873886	-2.28624774156873	-9.23269814598722	-9.78886338240095	-12.8176606467084	-4.92108409478193	-11.8649663614867	-16.7718569570953	-8.58203239821524	-4.89725976469362	-21.5160539399953	-9.40553474284944	-8.55996866254925	-12.6843941158449	-8.18501716913343	-14.1868944563741	-11.7274628377368	-10.486454738233	-9.79457703359534	-10.8060726724332	-6.41871013159717	-17.7361574621684	-13.5239294436517	-6.33358490097042	-5.61072507411095	-19.1439162732725	-17.8543286673737	-8.50039392919088	-11.7057677666375	-11.3289134612465	-4.71827041345608	-17.431970894603	-15.7718569570953	-15.1868944563741	-11.5624035914663	-7.56362259875547	-18.6943578872215	-13.312425338458	-11.1425003370156	-15.1868944563741	-11.7945770335953	-8.3165297367907	-9.83521901809269	-12.2172681054176	-7.07055049513663	-6.760629701672	-8.7384339555578	-13.9645020350377	-13.0714172389542	-12.5624035914663	-12.312425338458	-17.846702404935	-14.312425338458	-12.1868944563741	-9.19442812905951	-7.81620704956688	-16.1868944563741	-9.68970791574138	-12.6019319556529	-12.4143049524772	-5.40307769705392	-4.25111552010062	-8.10474541502023	-7.82641312071734	-1.66881508357161	-9.3165297367907	-17.687608057609	-21.5160539399953	-11.7274628377368	-7.14889001230474	-3.71209002561248	-18.5482424388053	-14.9645020350377	-6.97906666279419	-18.6583509692635	-6.52452277906653	-18.6592085149264	-15.4499288622079	-14.312425338458	-6.87552455318531	-6.71860983118283	-18.6924724781975	-10.3372287294585	-9.20580291892416	-19.0272850912691	-10.6843941158449	-7.17566720095085	-7.435350397285	-12.8649663614867	-9.07836999959593	-17.7718569570953	-9.62210983759057	-10.3289134612465	-10.3289134612465	-8.0610505233959	-18.4668093519586
np0592	-11.5071466233916	-5.35739950388689	-10.0376613400904	-5.34805155515002	-12.0376613400904	-8.56373015175794	-9.01776178265265	-10.5637301517579	-10.8152689187539	-17.7604210873886	-0.965454283850295	-9.74815472289537	-7.97876765103679	-12.8856582466453	-5.9932672207319	-12.4002314194751	-12.6226238408115	-10.8856582466453	-7.58553452207629	-8.01776178265265	-10.0376613400904	-8.15230390603148	-12.2075863415327	-5.68991695339886	-9.50714662339158	-10.6840243854757	-10.9596588280891	-8.32494329217083	-11.3006957459242	-6.34030760182301	-11.2075863415327	-10.6226238408115	-8.57822972145306	-6.59287649741746	-13.6226238408115	-9.62262384081151	-9.4526988393692	-12.0376613400904	-10.8856582466453	-5.30219933651454	-17.431970894603	-13.6226238408115	-14.2075863415327	-10.8856582466453	-9.20758634153267	-11.4002314194751	-11.7481547228954	-12.2075863415327	-13.6226238408115	-13.6226238408115	-8.79819540539497	-10.3496053464051	-15.2075863415327	-9.16319222217422	-6.06038141659044	-10.9596588280891	-10.8856582466453	-11.6226238408115	-15.2075863415327	-11.5071466233916	-11.8856582466453	-11.4002314194751	-12.4002314194751	-4.59011887623847	-9.27684900396978	-18.4392911680949	-10.4526988393692	-12.8856582466453	-11.8856582466453	-5.83689893472545	-5.86996443954016	-9.05783922202799	-6.95492090908242	-3.46949408191218	-18.6592085149264	-11.7481547228954	-7.69979170133397	-10.4526988393692	-6.44271475079658	-6.2360427875819	-14.2075863415327	-18.1477514775078	-6.97396666477297	-7.65299748985503	-6.26214250515476	-14.2075863415327	-12.0376613400904	-15.2075863415327	-5.65683955614943	-6.00546251770221	-18.6924724781975	-9.81526891875391	-8.33722162194926	-19.0272850912691	-11.0376613400904	-7.33722162194926	-9.23030641803275	-13.2075863415327	-11.3006957459242	-15.2075863415327	-9.81526891875391	-9.71573324520299	-10.5637301517579	-8.71573324520299	-18.4668093519586
np0593	-18.4462271471724	-7.0152903288888	-8.07141834126731	-5.212552904079	-14.4152209357774	-18.6943578872215	-10.2542290591051	-6.33366352659953	-11.9704360931045	-17.7604210873886	-3.08679532929015	-10.175755001082	-5.46231794241208	-11.6782553416112	-4.76536600538126	-12.8302584350563	-12.6309496268329	-12.7271649420922	-6.07883835611944	-21.5160539399953	-12.6309496268329	-6.40772639923051	-10.3372184237762	-3.77417271721758	-10.7271649420922	-11.077351297021	-8.43794101227752	-6.09129048797892	-13.8847062190787	-5.28279261078854	-10.926934454468	-17.6240100514525	-6.92515004478977	-5.52986350171856	-14.2632178423324	-15.2632178423324	-6.45393203213347	-12.2632178423324	-12.0001834364986	-3.38118623398028	-17.431970894603	-15.0001834364986	-19.1027753967423	-17.6755849574782	-8.23641778298867	-9.51905674676197	-13.4976830959694	-15.5851459372197	-18.9648879574086	-11.5407518178613	-7.94309424429177	-9.27226298193539	-11.0932928408901	-6.1390965305032	-6.33366352659953	-11.4976830959694	-10.8302584350563	-10.142202441371	-19.1611220392346	-9.7025028878579	-17.846702404935	-6.41772779138801	-10.1094125062533	-6.51368357466312	-8.35873374443096	-15.5851459372197	-9.9056658377143	-13.2632178423324	-12.7271649420922	-8.05571538307359	-4.6058993927511	-8.00394535529479	-7.62080506942733	-3.32496145989357	-18.6592085149264	-7.98895618107534	-3.78030907186465	-8.85722548265655	-6.75463073024291	-5.12264366462248	-14.4152209357774	-13.8847062190787	-5.48021963341197	-18.6583509692635	-8.3324805047695	-15.5851459372197	-11.3372184237762	-14.7777910151621	-4.6262307811284	-7.82525775399791	-11.1588811825176	-6.90830733074559	-9.9485213166761	-19.0272850912691	-13.8847062190787	-4.56659799534809	-8.97412113991239	-18.7398201567927	-12.6309496268329	-19.6192062202956	-8.03247683970547	-9.35632724672386	-11.0305570855421	-6.05962512812468	-10.1013301599555
np0594	-6.66424135053319	-6.102295502537	-11.1982199225355	-7.63750496806106	-6.22399655746896	-18.6943578872215	-8.99658606136589	-11.8571830047005	-9.46125432836933	-17.7604210873886	-2.2542400081918	-13.1051105181441	-4.94334877483938	-14.5201480174229	-4.63750496806106	-11.404670800003	-19.5160539399953	-12.1051105181441	-9.39086500047794	-21.5160539399953	-11.6456788995068	-7.43622553387781	-8.7922275628597	-4.58990348773531	-10.8956571525151	-13.1051105181441	-11.8571830047005	-6.43977460095888	-18.129283016945	-5.83364749023968	-12.0176476768937	-13.5201480174229	-8.76526051525943	-6.51639588256179	-19.1439162732725	-11.7831824232567	-17.9865309296644	-12.1982199225355	-13.1051105181441	-2.74591003301043	-16.1051105181441	-11.404670800003	-19.1027753967423	-17.6755849574782	-8.43268517617256	-13.5201480174229	-14.5201480174229	-15.1051105181441	-14.5201480174229	-10.0390213276863	-7.15966668176615	-10.7831824232567	-11.1051105181441	-8.92520142812912	-4.92582341349805	-9.28493155572887	-17.9797712684366	-18.4544358573167	-19.1611220392346	-9.0607163987856	-17.846702404935	-16.1051105181441	-11.404670800003	-7.44689903539226	-8.7831824232567	-18.4392911680949	-11.8571830047005	-12.404670800003	-12.404670800003	-9.53525490981311	-6.92520142812912	-8.62937708717766	-6.92520142812912	-2.59249349448852	-7.04171543685555	-14.5201480174229	-5.03767615738754	-12.0176476768937	-8.7831824232567	-4.20839970241794	-18.5482424388053	-18.1477514775078	-4.89261413295011	-18.6583509692635	-6.34522233492222	-15.1051105181441	-14.1051105181441	-15.1051105181441	-5.39172400320703	-7.71709323279892	-18.6924724781975	-8.3237508046194	-10.8956571525151	-14.1051105181441	-16.1051105181441	-10.404670800003	-9.39086500047794	-18.7398201567927	-10.1743731805812	-19.6192062202956	-10.4904006740288	-9.7831824232567	-11.4612543283693	-9.73007108679713	-18.4668093519586
np0595	-11.4623703358779	-9.4507823616027	-14.8316041455436	-7.90086680798075	-11.7727104564901	-18.6943578872215	-9.7441413042933	-10.0767166433802	-12.5096760506563	-17.7604210873886	-1.85868417394452	-10.3291038050145	-10.8619777945872	-13.4165666462648	-3.95483142465993	-14.8316041455436	-16.4165666462648	-16.4165666462648	-2.89214736471999	-21.5160539399953	-11.024249223486	-6.11164497668312	-18.6095178401463	-8.2924453344356	-17.6943578872215	-12.024249223486	-9.87740783515676	-10.3941988332363	-10.6886461917016	-7.0480601847571	-17.7361574621684	-14.4165666462648	-10.7727104564901	-7.46528193129782	-19.1439162732725	-12.4165666462648	-12.7161269281237	-14.0946385513774	-10.3291038050145	-4.00850232635012	-17.431970894603	-13.4165666462648	-19.1027753967423	-11.0590146416467	-7.5308702729254	-18.6943578872215	-13.8316041455436	-12.2466416448225	-16.4165666462648	-9.95713502762749	-7.0480601847571	-12.3291038050145	-11.8930046902078	-8.76551495508586	-6.56794370583545	-7.78721002618518	-16.4165666462648	-10.9571350276275	-12.7161269281237	-11.9571350276275	-17.846702404935	-11.3291038050145	-9.62215077991469	-2.72984728024294	-9.06783849203371	-14.8316041455436	-17.786116445496	-11.1311644274025	-18.3552564508737	-8.31853456330427	-4.71439396089924	-11.7727104564901	-10.1497801055699	-3.02237193624536	-11.7727104564901	-17.687608057609	-21.5160539399953	-12.5096760506563	-11.6092117242072	-5.90778148420028	-18.5482424388053	-18.1477514775078	-6.25795695805031	-18.6583509692635	-10.5585856511372	-18.6592085149264	-19.6192062202956	-11.8316041455436	-6.03070424562333	-11.7161269281237	-18.6924724781975	-12.5096760506563	-10.4165666462648	-12.1686391328212	-18.4819570601872	-9.95713502762749	-10.6886461917016	-18.7398201567927	-12.2466416448225	-19.6192062202956	-7.23665755624986	-8.72307968876547	-13.6092117242072	-7.84671103793384	-18.4668093519586
np0601	-12.7024613109624	-7.61972087995443	-10.8723863124047	-6.84448031583479	-13.0650313903471	-18.6943578872215	-4.59219552018777	-11.5504582175173	-14.8723863124047	-17.7604210873886	-2.38882242427959	-9.85001849937622	-9.62445879896109	-12.2874238116835	-3.35668647412064	-15.8723863124047	-19.5160539399953	-14.2874238116835	-1.57310673353819	-21.5160539399953	-10.9654957167962	-6.2303346194767	-13.8723863124047	-9.22853012262996	-15.8723863124047	-11.0144053172771	-11.3488243563477	-7.37653128551751	-11.5504582175173	-5.34490930634428	-17.7361574621684	-11.3488243563477	-9.46299537626698	-5.54371138507673	-15.8723863124047	-12.7024613109624	-10.2874238116835	-12.8723863124047	-12.0650313903471	-5.06583669041872	-17.431970894603	-18.9310914392741	-19.1027753967423	-11.0650313903471	-9.96549571679616	-18.6943578872215	-15.8723863124047	-10.5869840935424	-15.8723863124047	-12.5504582175173	-10.2874238116835	-10.4461215577026	-13.5504582175173	-8.53253630952005	-6.88086446632898	-11.4800688896259	-17.9797712684366	-13.5504582175173	-14.2874238116835	-12.2874238116835	-17.846702404935	-10.1999609704332	-8.07148641248437	-6.32163952702144	-8.6339815730796	-14.2874238116835	-11.1174988102412	-13.8723863124047	-13.8723863124047	-6.78492347115434	-4.79958377786047	-8.67271396756832	-8.6435676219088	-4.14531675438097	-8.44612155770258	-17.687608057609	-21.5160539399953	-11.7849234711543	-8.67271396756832	-6.96249322863464	-18.5482424388053	-18.1477514775078	-6.11249812918284	-18.6583509692635	-9.85001849937622	-14.8723863124047	-19.6192062202956	-6.0082001677504	-6.39058688073893	-9.6435676219088	-18.6924724781975	-9.70246131096237	-11.1719465942636	-11.3488243563477	-11.6244587989611	-7.38454627858163	-9.85001849937622	-15.8723863124047	-11.2874238116835	-19.6192062202956	-9.96549571679616	-10.4461215577026	-12.2874238116835	-8.68256175352466	-18.4668093519586
np0604	-18.4462271471724	-8.02114995442559	-12.6358597985408	-6.60519266229386	-8.496308446142	-15.6358597985408	-8.80296978437605	-11.6358597985408	-9.9634344565693	-17.7604210873886	-1.27124633143408	-8.65857987504088	-8.07361737431972	-12.1764281799035	-4.85450008501614	-10.4659347970985	-19.5160539399953	-18.5202426739746	-11.3879322850972	-21.5160539399953	-8.39745505921572	-8.05089729781964	-18.6095178401463	-9.46593479709848	-12.3139317036534	-10.5065767815958	-9.26082036719387	-7.92850066645991	-13.0508972978196	-4.62323525967574	-17.7361574621684	-5.63726936879547	-6.1764281799035	-5.49247658455098	-19.1439162732725	-7.32752076840139	-17.9865309296644	-9.75321674917896	-9.9634344565693	-5.36439677063642	-11.9354200803997	-14.6358597985408	-10.1122978424838	-17.6755849574782	-9.9079393439776	-18.6943578872215	-13.6358597985408	-11.8285048764832	-14.0508972978196	-18.4544358573167	-5.93889227230651	-6.45595070852586	-13.3139317036534	-6.89102596104125	-5.44233443803958	-8.82850487648319	-8.35973539326656	-7.0322334535546	-19.1611220392346	-10.2783077939227	-17.846702404935	-18.4212348069659	-9.1280651583421	-8.08127094686316	-6.59968618598731	-18.4392911680949	-10.6358597985408	-13.0508972978196	-18.3552564508737	-7.80296978437605	-5.48865487359857	-5.88766694895134	-9.72896920293228	-11.3879322850972	-4.40824385512657	-14.0508972978196	-5.25323577196588	-9.9079393439776	-9.82850487648319	-5.77632501215814	-11.9354200803997	-13.0508972978196	-6.7747728925454	-18.6583509692635	-5.5792220834276	-13.3139317036534	-13.6358597985408	-10.7289692029323	-5.11720664286741	-5.53257199012877	-12.8285048764832	-9.9634344565693	-14.0508972978196	-13.0508972978196	-8.81568083612561	-10.0211499544256	-6.95990276559905	-7.05089729781964	-12.0508972978196	-13.6358597985408	-7.88097229637733	-9.11229784248378	-13.0508972978196	-4.65929567512547	-18.4668093519586
np0607	-11.1035400057802	-5.41596243857614	-17.9648879574086	-8.08973420625515	-9.9459987287937	-18.6943578872215	-18.3552564508737	-11.4820516290339	-19.1439162732725	-17.7604210873886	-3.51915562369665	-11.1035400057802	-8.16012353414655	-18.0467296909277	-6.44203595018603	-17.5323711460796	-19.5160539399953	-13.8039797239213	-10.4820516290339	-21.5160539399953	-18.4354667979437	-9.10354000578018	-18.6095178401463	-7.09662059184039	-17.6943578872215	-11.8039797239213	-11.8039797239213	-9.16012353414655	-18.129283016945	-7.13155438194978	-17.7361574621684	-17.6240100514525	-7.83819543925919	-7.00307982400097	-19.1439162732725	-7.00307982400097	-17.9865309296644	-18.3791414185299	-16.8252817996473	-5.89109038769131	-12.4820516290339	-18.9310914392741	-19.1027753967423	-10.2804177678643	-10.8970891283128	-12.2190172232001	-14.8039797239213	-12.8039797239213	-18.9648879574086	-18.4544358573167	-7.62407063390634	-11.2190172232001	-18.0315827535454	-8.67469670697631	-8.46412972103665	-9.04909222175781	-14.8039797239213	-7.19664941017166	-19.1611220392346	-10.1601235341465	-17.846702404935	-10.2804177678643	-9.99662480186367	-5.11049276642195	-9.71651688267094	-18.4392911680949	-11.8039797239213	-13.2190172232001	-18.3552564508737	-9.18926987980607	-3.7358732480625	-10.8039797239213	-8.78161191089282	-0.800286141183428	-18.6592085149264	-13.8039797239213	-21.5160539399953	-11.634054722479	-10.9966248018637	-5.77884016164277	-12.8039797239213	-18.1477514775078	-6.66442837152248	-5.19850020585961	-8.07605926935808	-13.2190172232001	-19.6192062202956	-19.1611220392346	-5.98380076150609	-7.27259826340496	-13.8039797239213	-8.06251273752013	-18.129283016945	-12.8039797239213	-13.2190172232001	-9.9459987287937	-9.41166230114252	-18.7398201567927	-17.786116445496	-19.6192062202956	-6.11398175250183	-12.4820516290339	-18.1166993110972	-11.634054722479	-18.4668093519586
np0612	-18.4462271471724	-6.4357075649774	-9.29567711319842	-4.23822684101452	-17.4392911680949	-18.6943578872215	-10.2390935848321	-18.0189119165308	-19.1439162732725	-17.7604210873886	-1.13792597665877	-8.23909358483206	-8.15817358944849	-18.0467296909277	-5.6518209234237	-11.9395333029731	-19.5160539399953	-7.15163074358172	-3.80446535719533	-21.5160539399953	-18.4354667979437	-6.16804383347255	-18.6095178401463	-5.61986118202615	-10.4159713469161	-9.15817358944849	-11.7696083015308	-8.44768020664347	-18.129283016945	-6.56884589616593	-10.8520704617228	-17.6240100514525	-7.6821454602805	-5.75962421295821	-10.354570802252	-17.8543286673737	-10.2956771131984	-11.354570802252	-11.6176052080858	-5.08155230784558	-17.431970894603	-13.9395333029731	-19.1027753967423	-8.63575255479605	-10.2390935848321	-9.32482345885794	-12.354570802252	-11.1321783809155	-18.9648879574086	-18.4544358573167	-9.26710796100165	-10.0815523078456	-11.6176052080858	-8.6541310841109	-6.65876253284255	-9.6541310841109	-11.6176052080858	-18.4544358573167	-19.1611220392346	-12.9395333029731	-17.846702404935	-9.69160578952956	-10.9395333029731	-8.98533699258627	-8.56449387162622	-18.4392911680949	-8.93953330297315	-13.9395333029731	-11.1321783809155	-7.3621044749374	-16.646333693381	-7.95084861620098	-5.88154158021397	-6.24256577673886	-18.6592085149264	-10.9395333029731	-6.96225337947323	-8.54721588019439	-3.9262106295477	-9.00879596541026	-18.5482424388053	-12.1321783809155	-6.14837041441813	-18.6583509692635	-5.86004851914633	-18.6592085149264	-9.93953330297315	-19.1611220392346	-6.18464580080968	-6.03565145723697	-14.9395333029731	-8.198066316572	-13.9395333029731	-19.0272850912691	-11.6176052080858	-7.77966196619476	-5.80767634236436	-12.9395333029731	-11.2390935848321	-19.6192062202956	-10.354570802252	-10.6916057895296	-9.48010168433585	-5.30653810583019	-14.9395333029731
np0613	-18.4462271471724	-7.24947343395094	-12.3262890310018	-6.15136334850109	-12.9112515317229	-18.6943578872215	-9.66332401827934	-11.2108118135818	-19.1439162732725	-17.7604210873886	-2.0689994143545	-9.64446499102803	-10.5189341089442	-12.4518199130856	-5.02784454533456	-12.1038966096653	-19.5160539399953	-11.6633240182793	-3.17189282428953	-21.5160539399953	-10.5189341089442	-6.6562229619042	-11.5189341089442	-8.3113386895358	-17.6943578872215	-12.4518199130856	-10.9570552213361	-10.9112515317229	-10.1833310771597	-7.20389239964205	-17.7361574621684	-12.4518199130856	-10.4193984353933	-6.25482666844515	-19.1439162732725	-17.8543286673737	-9.41939843539325	-18.3791414185299	-12.0043609361144	-4.54711687671488	-15.9112515317229	-18.9310914392741	-19.1027753967423	-11.0532705365954	-7.41939843539325	-18.6943578872215	-14.9112515317229	-11.3262890310018	-18.9648879574086	-14.3262890310018	-9.22475100453971	-12.4518199130856	-12.0043609361144	-7.54056412491571	-6.98347356964059	-9.23882618975143	-13.9112515317229	-13.9112515317229	-19.1611220392346	-11.5893234368356	-17.846702404935	-13.9112515317229	-10.9112515317229	-5.49762360269876	-7.8344359346721	-15.9112515317229	-12.4518199130856	-12.4518199130856	-14.3262890310018	-6.70179816609398	-4.22038052243061	-10.1563640295595	-9.01643376841499	-1.76468285598214	-8.78196851477796	-17.687608057609	-21.5160539399953	-13.9112515317229	-8.74132653028062	-4.2701029343117	-18.5482424388053	-18.1477514775078	-7.19700601405681	-18.6583509692635	-9.06576148077855	-18.6592085149264	-15.9112515317229	-12.9112515317229	-5.93111195408377	-9.05327053659536	-18.6924724781975	-9.62584931286068	-9.2673953419482	-19.0272850912691	-11.8237886904726	-9.19700601405681	-9.07836151755819	-18.7398201567927	-9.76150441221825	-19.6192062202956	-7.44364598163993	-10.1298918181983	-12.9112515317229	-8.37987007120662	-18.4668093519586
np0614	-12.8954400402863	-6.09731544428223	-9.2270615313775	-5.45368150963017	-11.4548674489003	-18.6943578872215	-5.92636192989916	-13.7027949623439	-8.02331486283845	-17.7604210873886	-2.25842709394759	-9.21094186601422	-8.25158385051157	-11.6153321210936	-3.32504216732167	-13.1178324616227	-19.5160539399953	-10.8448139672163	-3.45457087267542	-21.5160539399953	-8.74859865195702	-6.96132797594275	-11.6153321210936	-7.34524295772581	-13.3808668674565	-10.4173927434816	-8.51297040346388	-6.98854944467777	-10.9479074601804	-6.17336440819774	-17.7361574621684	-12.8954400402863	-8.09546464859428	-5.30726082688159	-19.1439162732725	-12.2433633437066	-8.2351894122609	-11.0023552442028	-11.8954400402863	-3.54229321478821	-17.431970894603	-14.7027949623439	-19.1027753967423	-10.6153321210936	-10.7959043667354	-18.6943578872215	-13.1178324616227	-10.3808668674565	-15.7027949623439	-14.7027949623439	-8.94790746018043	-10.3452429577258	-12.1178324616227	-6.92471783280854	-5.58255708500194	-10.4548674489003	-12.2433633437066	-11.7959043667354	-15.7027949623439	-9.63670577188612	-17.846702404935	-9.32775553099697	-11.1178324616227	-5.03923685812662	-6.76615702334132	-13.7027949623439	-9.84481396721632	-11.4548674489003	-12.5328699609016	-6.08440946008529	-3.34359447721026	-6.43366828319448	-6.81405171344564	-4.84481396721632	-7.25158385051157	-17.687608057609	-14.1178324616227	-11.3104775395651	-6.44070011697372	-5.04012658682635	-18.5482424388053	-18.1477514775078	-5.55686281652338	-18.6583509692635	-7.9748745077807	-15.7027949623439	-14.7027949623439	-19.1611220392346	-5.83706169149214	-7.81405171344564	-18.6924724781975	-8.66937196080644	-7.55813671951201	-19.0272850912691	-9.38086686745653	-9.2765302076418	-8.07343834226429	-18.7398201567927	-9.0445834795921	-19.6192062202956	-7.69156770692064	-9.89544004028629	-10.5735119453989	-7.74859865195702	-18.4668093519586
np0615	-12.6445322946254	-6.80475589487546	-8.92405482324781	-4.05684000114872	-10.3490764110993	-18.6943578872215	-10.4035241951216	-18.0189119165308	-14.1039639132627	-17.7604210873886	-2.583099730274	-8.91413935438272	-9.59616927306405	-12.1039639132627	-4.92156955985821	-12.2966089912051	-13.2966089912051	-18.5202426739746	-12.9340389118204	-21.5160539399953	-10.3226041997381	-10.6121108169331	-16.1039639132627	-9.95421679375806	-17.6943578872215	-9.50405107107561	-9.36249692686159	-7.86078992978979	-13.7820358183754	-6.21826753992335	-14.1039639132627	-17.6240100514525	-5.60511470673102	-5.71487039135827	-19.1439162732725	-12.0165010720124	-17.9865309296644	-12.7820358183754	-13.2966089912051	-4.30306401334244	-17.431970894603	-13.1039639132627	-16.1039639132627	-11.4035241951216	-9.78203581837538	-12.1039639132627	-18.4819570601872	-10.8185616944005	-16.1039639132627	-18.4544358573167	-8.13817962860065	-15.1039639132627	-12.9340389118204	-10.4035241951216	-5.56674551272414	-10.8185616944005	-17.9797712684366	-18.4544358573167	-16.1039639132627	-13.7820358183754	-17.846702404935	-10.0815961002343	-13.7820358183754	-9.97468089631777	-8.66102041741401	-16.1039639132627	-11.1970733176542	-11.4035241951216	-11.1970733176542	-6.62216448159699	-6.32260419973808	-10.4315385712912	-6.43153857129125	-2.30276078812517	-18.6592085149264	-17.687608057609	-21.5160539399953	-10.7820358183754	-6.4333076641443	-6.88237679199794	-13.2966089912051	-18.1477514775078	-9.37604345869954	-1.83776300076378	-7.73327650645552	-11.5190014125416	-12.6445322946254	-15.1039639132627	-7.35577106367328	-6.86317258110078	-14.5190014125416	-9.97468089631777	-14.5190014125416	-13.5190014125416	-13.2966089912051	-10.6776991585606	-6.60212672836044	-18.7398201567927	-12.5190014125416	-13.7820358183754	-11.2459829181352	-10.0815961002343	-11.7820358183754	-9.36249692686159	-18.4668093519586
np0616	-12.9372960043533	-5.16479108871477	-10.8695513977175	-5.51199939309937	-13.4678107210521	-8.3592862642739	-9.88284822033091	-10.7069983849315	-12.2454182997156	-12.5933416031359	-1.30837733166395	-9.64905103572221	-9.59881673320208	-12.0831468708167	-5.59573441621525	-11.7550926731325	-12.2801837178763	-13.6377357224944	-6.218302171789	-8.35233350363213	-10.9234902048283	-8.15391994523012	-18.6095178401463	-5.13142814139407	-8.72185634365861	-11.5084527055494	-11.0985769113863	-9.86294866289321	-11.1299410822957	-5.63949790060633	-9.3756408771242	-10.7188724852198	-7.6777337904263	-5.35696495236378	-19.1439162732725	-16.6377357224944	-9.36161131722014	-12.7308451268859	-12.1458826261647	-4.46906360436215	-13.9372960043533	-13.7308451268859	-14.315807627607	-9.84331985614427	-9.10246034587358	-10.7797547273668	-12.7308451268859	-14.1783041038571	-14.315807627607	-14.6377357224944	-8.39456173902143	-10.438063377658	-12.0831468708167	-8.03225620443271	-5.71069855377409	-10.4282823568654	-11.5933416031359	-15.6377357224944	-19.1611220392346	-11.4879886029897	-17.846702404935	-12.2801837178763	-12.3898082090508	-5.37681618883147	-7.89458432838188	-13.0527732217732	-10.2198832076085	-12.315807627607	-11.9372960043533	-6.22199395420429	-5.51103124965119	-8.86955139771745	-7.42341660169361	-3.07055204730046	-16.6377357224944	-10.5292112657162	-6.53510383363941	-10.6835394121075	-6.5364165680711	-5.94555614618184	-14.8303808004368	-18.1477514775078	-7.20415028134389	-8.55027288124404	-5.74633172582936	-18.6592085149264	-19.6192062202956	-14.8303808004368	-5.25484155360224	-6.09180595340891	-11.8303808004368	-8.08122966782245	-8.50845270554941	-19.0272850912691	-9.43806337765801	-6.46093924434678	-9.2845888969963	-11.5292112657162	-10.6835394121075	-14.0527732217732	-8.43072140231685	-8.5797439997352	-10.5397036395339	-8.20102418035717	-16.6377357224944
np0617	-18.4462271471724	-10.6133520783661	-11.18039267109	-8.24411826870037	-17.4392911680949	-18.6943578872215	-4.86717369739468	-18.0189119165308	-19.1439162732725	-17.7604210873886	-4.35157055584238	-10.7388829604499	-1.50369551544033	-14.1983145790872	-3.59933160805115	-14.3503176725323	-14.9352801732535	-17.5202426739746	-17.8816397677299	-21.5160539399953	-18.4354667979437	-13.712887751917	-15.5202426739746	-15.9352801732535	-17.6943578872215	-14.9352801732535	-14.9352801732535	-4.93223082075952	-13.6133520783661	-10.2818379346495	-17.7361574621684	-17.6240100514525	-6.52801240900872	-16.5202426739746	-19.1439162732725	-11.5202426739746	-17.9865309296644	-9.7193427740543	-12.8763864841999	-10.1715145197435	-17.431970894603	-18.9310914392741	-10.6873526598099	-17.6755849574782	-11.5660463635877	-18.6943578872215	-13.8198029558335	-14.712887751917	-13.8198029558335	-10.9503870656437	-7.64526132632083	-6.37049555446993	-15.9352801732535	-16.5202426739746	-12.9966807179176	-15.1983145790872	-17.9797712684366	-1.471010974482	-19.1611220392346	-17.9797712684366	-17.846702404935	-18.4212348069659	-12.4758485546162	-18.6592085149264	-12.0283895776449	-18.4392911680949	-12.4327798327243	-9.05263712389161	-18.3552564508737	-9.60137943670001	-16.646333693381	-12.0283895776449	-17.5280572417884	-15.1983145790872	-17.5202426739746	-17.687608057609	-21.5160539399953	-9.20283006020974	-4.99594583631198	-10.890886053895	-14.1983145790872	-18.1477514775078	-10.5777281686354	-18.6583509692635	-17.4491002709378	-16.5202426739746	-13.9352801732535	-19.1611220392346	-12.5660463635877	-9.47584855461615	-15.9352801732535	-13.9352801732535	-18.129283016945	-19.0272850912691	-12.8763864841999	-13.5202426739746	-6.75620045666802	-18.7398201567927	-13.272315160531	-17.5202426739746	-14.5202426739746	-16.7803347081239	-15.9352801732535	-14.1983145790872	-18.4668093519586
np0619	-11.5001715756649	-11.0920868370278	-17.9648879574086	-9.07648998197679	-10.7087581974763	-18.6943578872215	-9.94322345111333	-8.76598306616926	-11.7411796751687	-17.7604210873886	-2.31305746493065	-10.7743465391039	-10.8255718624591	-14.200611293806	-3.40072260514239	-12.071328276861	-19.5160539399953	-18.5202426739746	-3.04674263858274	-21.5160539399953	-9.34263029867841	-5.95327711577725	-12.1562171744475	-8.18380300611943	-17.6943578872215	-14.0306862923637	-7.55315286735106	-10.3804323313908	-11.2698739562431	-6.21050732994848	-17.7361574621684	-17.6240100514525	-7.92914826590161	-6.98750707416407	-19.1439162732725	-13.6156487930848	-14.6156487930848	-14.3932563717484	-8.79122035766828	-3.4882992520257	-17.431970894603	-11.3426302986784	-19.1027753967423	-10.5001715756649	-9.18938403838272	-18.6943578872215	-14.200611293806	-12.7411796751687	-17.200611293806	-6.12246048607133	-5.61941071188102	-13.5001715756649	-11.8082938710272	-10.9717926033101	-5.52995504468754	-9.2464149834191	-15.200611293806	-11.3426302986784	-14.6156487930848	-12.2464149834191	-17.846702404935	-11.5281859518345	-10.071328276861	-3.770812284639	-10.4457237916425	-18.4392911680949	-16.200611293806	-10.9338247531111	-16.200611293806	-10.3677212796412	-5.89683054562888	-10.4324269690291	-10.9338247531111	-2.37659729493271	-14.8786831989186	-17.687608057609	-21.5160539399953	-13.7411796751687	-14.200611293806	-7.51937288202817	-18.5482424388053	-18.1477514775078	-6.12045998419189	-18.6583509692635	-5.91926077882494	-18.6592085149264	-16.200611293806	-9.89683054562888	-7.31491492046658	-7.60069845161885	-18.6924724781975	-13.6156487930848	-10.9338247531111	-19.0272850912691	-15.6156487930848	-7.88999851214645	-13.2937206981975	-18.7398201567927	-12.8082938710272	-19.6192062202956	-5.98629217300521	-7.9221618355855	-14.200611293806	-7.31796824444414	-18.4668093519586
np0623	-10.333662828174	-5.07932462131005	-12.1861056397602	-6.60114313903901	-9.35603064120248	-18.6943578872215	-8.60448658211338	-14.5486757191449	-15.3560306412025	-12.2685677999521	-3.33765657038146	-11.4252933036396	-8.56161477485237	-13.449140045594	-4.8067272726889	-14.7710681404813	-17.3560306412025	-18.5202426739746	-10.1761215511875	-8.98099120985555	-3.72224072711743	-7.88029721023608	-9.26856779995214	-4.62407526743054	-8.71940602065883	-10.9809912098556	-9.82464918068616	-7.65212706775781	-15.0341025463151	-5.68448957449059	-17.7361574621684	-12.2685677999521	-6.44388978490676	-7.07642006014999	-9.32260763966503	-8.71217445142775	-11.9297658865004	-7.14414234665647	-8.93396587502966	-5.67699045480942	-13.1861056397602	-11.4980496460749	-13.8965990225652	-11.0341025463151	-5.03016306062706	-10.8641775448728	-3.91892881229408	-12.449140045594	-18.9648879574086	-8.47338759184064	-6.94876287695774	-12.8965990225652	-14.7710681404813	-11.4980496460749	-6.17487838433691	-9.71940602065883	-9.08924410050757	-12.2267476242575	-15.7710681404813	-8.93817812631658	-11.8965990225652	-9.1176259018774	-15.7710681404813	-4.78143711386487	-8.88842509111948	-12.7121744514278	-12.8965990225652	-12.1081031277589	-15.0341025463151	-4.19269544912052	-11.4252933036396	-10.333662828174	-7.15635829636611	-2.18873011117369	-18.6592085149264	-12.5486757191449	-5.74546713727744	-11.1465772755735	-10.9984786365844	-8.34480338577922	-11.4018343308156	-16.3560306412025	-7.58784631642555	-8.32812464463259	-6.0528206922577	-13.6555909230614	-13.0341025463151	-15.3560306412025	-5.24881356561109	-6.3504060920086	-13.7710681404813	-8.70497895002355	-10.3673459544303	-11.5486757191449	-12.0341025463151	-11.9637132184237	-7.21775884103026	-18.7398201567927	-15.0341025463151	-15.7710681404813	-15.7710681404813	-7.16497142667082	-12.5486757191449	-4.15789258880136	-18.4668093519586
np0624	-18.4462271471724	-6.41798642633918	-12.3952663498391	-7.75141016006437	-8.694826631698	-18.6943578872215	-9.81030384911794	-8.53728535471152	-11.3952663498391	-17.7604210873886	-3.58630217491983	-13.3952663498391	-2.70439534054678	-18.0467296909277	-6.02894413559328	-11.8103038491179	-19.5160539399953	-18.5202426739746	-10.2253413483968	-21.5160539399953	-18.4354667979437	-6.969001595137	-6.68102083217297	-5.6673458952759	-9.3952663498391	-11.0733382549517	-8.694826631698	-6.03771434522101	-18.129283016945	-5.33457041815154	-11.0733382549517	-17.6240100514525	-7.18581298421015	-5.19069520558989	-12.3952663498391	-8.10986413097685	-5.19069520558989	-18.3791414185299	-12.3952663498391	-2.73884148656132	-17.431970894603	-18.9310914392741	-19.1027753967423	-17.6755849574782	-7.90341325350942	-9.30780350858876	-18.4819570601872	-18.6943578872215	-18.9648879574086	-9.48837575423058	-6.64037884767563	-8.3952663498391	-12.3952663498391	-5.81783752180335	-7.14733883639551	-11.3952663498391	-8.87170439378208	-8.35087223048064	-19.1611220392346	-17.9797712684366	-17.846702404935	-5.08692731969969	-8.81030384911794	-6.31845075278826	-8.64037884767563	-12.3952663498391	-13.3952663498391	-12.3952663498391	-10.8103038491179	-11.8103038491179	-5.3952663498391	-8.64037884767563	-9.58791142778149	-2.8934291649368	-18.6592085149264	-13.3952663498391	-4.74780792338418	-9.07333825495173	-11.3952663498391	-6.28674189306093	-18.5482424388053	-12.3952663498391	-5.86388488932278	-18.6583509692635	-9.30780350858876	-13.3952663498391	-12.3952663498391	-19.1611220392346	-5.15686161051402	-7.46452901227621	-12.3952663498391	-7.87170439378208	-11.8103038491179	-19.0272850912691	-18.4819570601872	-8.44107003945222	-5.64037884767563	-18.7398201567927	-13.3952663498391	-19.6192062202956	-8.81030384911794	-8.26598333289413	-13.3952663498391	-5.25060810700721	-11.3952663498391
np0625	-18.4462271471724	-7.83932650972806	-7.95636593091828	-5.56889464988436	-17.4392911680949	-18.6943578872215	-10.6466814317857	-6.2763903153369	-19.1439162732725	-17.7604210873886	-2.3652782242777	-9.97683003347799	-7.29233185920592	-11.5211505497018	-5.59633804609602	-13.106113050423	-19.5160539399953	-14.106113050423	-6.38843662735656	-21.5160539399953	-18.4354667979437	-7.04002385996519	-9.12883312692304	-4.43900150834793	-10.7137956276442	-12.5211505497018	-9.61425995409328	-7.47675643034335	-18.129283016945	-5.97168673020203	-9.97683003347799	-17.6240100514525	-6.98199173859377	-6.30198202923964	-11.9361880489806	-10.7841849555356	-7.80233230224586	-18.3791414185299	-10.1992224548144	-4.1032980348159	-17.431970894603	-18.9310914392741	-19.1027753967423	-17.6755849574782	-9.64668143178566	-10.4622568606482	-13.5211505497018	-18.6943578872215	-18.9648879574086	-7.65490193859063	-8.02929745337213	-10.4622568606482	-11.9361880489806	-7.46225686064823	-5.85581463251663	-11.2987581283654	-17.9797712684366	-12.106113050423	-19.1611220392346	-10.4056733322819	-17.846702404935	-8.01865020917262	-10.2481320552954	-6.0454171187354	-8.61425995409328	-18.4392911680949	-11.106113050423	-13.106113050423	-11.1992224548144	-7.52868422238721	-5.08791287160973	-6.92620396040802	-6.56308123016772	-3.01500829204646	-18.6592085149264	-8.16359854508372	-2.71352729414749	-9.93618804898065	-6.12883312692304	-5.62431361875721	-18.5482424388053	-18.1477514775078	-6.64258867715178	-18.6583509692635	-7.51365601315488	-18.6592085149264	-15.106113050423	-13.5211505497018	-4.47675643034335	-5.77743812309501	-10.8581855369794	-6.82071083156071	-10.106113050423	-19.0272850912691	-14.106113050423	-5.40394036505741	-8.43368770845146	-18.7398201567927	-12.7841849555356	-19.6192062202956	-7.40567333228187	-10.2987581283654	-11.5211505497018	-7.3247533368983	-12.7841849555356
np0626	-6.91170439734157	-7.91170439734157	-15.4585988572292	-6.60684981581315	-12.1366707623418	-18.6943578872215	-11.4585988572292	-18.0189119165308	-19.1439162732725	-17.7604210873886	-0.803571331527384	-12.2886738557869	-8.24914549160026	-13.4585988572292	-7.53378635362343	-11.8736363565081	-19.5160539399953	-13.8736363565081	-8.22978016673333	-21.5160539399953	-11.8736363565081	-7.61939506913226	-18.6095178401463	-6.04920792109151	-10.8736363565081	-18.3791414185299	-11.2106713437856	-8.45859885722921	-18.129283016945	-5.95477311923346	-17.7361574621684	-9.24914549160026	-9.73067840266601	-6.04074634234331	-14.4585988572292	-13.1366707623418	-17.9865309296644	-15.4585988572292	-11.8736363565081	-4.5000461417982	-12.8736363565081	-11.9991672385919	-19.1027753967423	-17.6755849574782	-11.4585988572292	-15.4585988572292	-18.4819570601872	-18.6943578872215	-18.9648879574086	-14.4585988572292	-7.9272173967129	-11.2886738557869	-18.0315827535454	-9.06628143445045	-6.47275692022587	-10.6006178621016	-9.62570884306447	-18.4544358573167	-19.1611220392346	-9.90401000555157	-17.846702404935	-18.4212348069659	-11.9991672385919	-6.71040600763975	-9.73067840266601	-18.4392911680949	-13.4585988572292	-11.7581591390881	-13.1366707623418	-9.10104685261112	-5.63205036993829	-11.3711360159789	-6.77209833004599	-4.77560427354752	-5.90401000555157	-11.7581591390881	-5.68052172769385	-14.4585988572292	-9.06628143445045	-6.01358401136078	-13.8736363565081	-9.22978016673333	-6.44179056954265	-18.6583509692635	-6.77560427354752	-18.6592085149264	-19.6192062202956	-19.1611220392346	-4.04497092820503	-7.51023162564453	-18.6924724781975	-8.25892651239284	-11.1366707623418	-19.0272850912691	-15.4585988572292	-8.37113601597887	-8.6512439351716	-18.7398201567927	-17.786116445496	-19.6192062202956	-9.37113601597887	-6.86614181996113	-12.4585988572292	-5.30504682552109	-12.8736363565081
np0627	-11.2989580328007	-5.63692909697869	-13.6413502302477	-4.13823437517774	-11.8339953081901	-18.6943578872215	-11.6413502302477	-18.0189119165308	-19.1439162732725	-17.7604210873886	-1.15857828013594	-5.98059026592725	-8.20791382014339	-9.81934853222574	-5.81661873947017	-12.6938176501419	-12.4945088419185	-18.5202426739746	-9.35067306934483	-21.5160539399953	-14.6413502302477	-8.21988646180947	-18.6095178401463	-9.64780525238505	-10.1177882741907	-10.8487923101182	-10.2007776388618	-7.68715391986087	-10.8637426515842	-8.26382980939707	-17.7361574621684	-7.32717163496532	-6.59773700132291	-7.27377946980467	-19.1439162732725	-13.2007776388618	-17.9865309296644	-12.4487051523054	-11.278780150863	-6.91440226985072	-8.89411630062772	-12.9251431962483	-14.4487051523054	-17.6755849574782	-10.7622046251221	-14.4487051523054	-15.8637426515842	-11.8941163006277	-10.3506730693448	-9.59695611088929	-5.3533081295128	-14.4487051523054	-14.278780150863	-11.9251431962483	-7.13129253854048	-9.58451900765107	-7.30404690947347	-17.4487051523054	-17.4487051523054	-14.278780150863	-17.846702404935	-10.9409105121067	-11.8941163006277	-10.9892735336681	-10.0224403976033	-6.70892454253209	-10.5061906469661	-10.3826159618476	-8.88646272808428	-5.88455566231962	-9.50033792072067	-11.126777057418	-6.82390969644512	-4.76089208974042	-12.4043110329469	-10.8048489625306	-21.5160539399953	-10.2588805934253	-13.361242311055	-6.29325442099321	-15.8637426515842	-16.4487051523054	-8.60635480889154	-18.6583509692635	-4.78137181070019	-14.126777057418	-13.361242311055	-14.126777057418	-2.7357483306078	-4.71463066087731	-18.6924724781975	-8.73445963463923	-10.5783404327219	-14.8637426515842	-13.8637426515842	-11.4945088419185	-11.6938176501419	-15.8637426515842	-12.6413502302477	-19.6192062202956	-18.4849487344682	-9.77627981033386	-13.278780150863	-6.05961163040088	-18.4668093519586
np0630	-10.1401383080482	-7.234825290553	-17.9648879574086	-8.85170712514891	-17.4392911680949	-15.0708756456111	-15.0708756456111	-12.9009506441688	-19.1439162732725	-7.27321411975731	-2.16276453546442	-12.1639850500025	-11.2635207235535	-15.0708756456111	-7.55517580732702	-17.5323711460796	-19.5160539399953	-18.5202426739746	-11.3159881434476	-11.7489475507237	-18.4354667979437	-8.23798563144632	-13.2635207235535	-5.51820654809679	-8.28297308621963	-12.1639850500025	-10.5162867939334	-11.3159881434476	-16.0708756456111	-7.26030401086992	-5.22068880796529	-10.1882325962492	-8.16398505000255	-8.44151902553146	-19.1439162732725	-12.37043592747	-13.0708756456111	-15.0708756456111	-11.9834128043607	-2.38404687261682	-12.7489475507237	-15.0708756456111	-19.1027753967423	-12.9009506441688	-11.4859131448899	-14.4859131448899	-18.4819570601872	-14.0708756456111	-14.0708756456111	-10.0708756456111	-8.11087371354299	-9.20051092602766	-18.0315827535454	-10.2128946504835	-6.64042309394554	-10.6785582228323	-10.2128946504835	-12.0708756456111	-14.0708756456111	-14.0708756456111	-12.2635207235535	-10.713323640993	-13.7489475507237	-5.4737542168215	-8.25709445439403	-10.7854734267488	-13.0708756456111	-11.9009506441688	-11.2128946504835	-7.91605753655896	-10.3159881434476	-8.64461089090897	-7.7489475507237	-3.07616865035297	-18.6592085149264	-10.8229481321675	-3.4162396170831	-12.1639850500025	-11.2128946504835	-8.84205695511519	-14.4859131448899	-18.1477514775078	-7.37043592746997	-10.2379856314463	-3.94449381506842	-16.0708756456111	-15.0708756456111	-12.4859131448899	-3.97646801252986	-5.4162396170831	-16.0708756456111	-9.10509136094898	-7.8565565248103	-19.0272850912691	-11.0708756456111	-4.8841423564822	-8.53949418509475	-18.7398201567927	-13.0708756456111	-16.0708756456111	-18.4849487344682	-8.44151902553146	-15.0708756456111	-6.56506409169147	-18.4668093519586
np0631	-10.4247522143174	-4.82103962242995	-11.3915853503822	-7.61261222969445	-11.2071607792448	-15.8510169690195	-9.80662284966107	-11.4586995462408	-9.58423042832462	-14.2660544682984	-3.51172366883943	-11.3274550129625	-9.26605446829837	-13.8510169690195	-4.67858946037404	-14.2660544682984	-14.2660544682984	-18.5202426739746	-9.96837391965768	-7.79032103733197	-4.365690779779	-9.37528353805313	-7.33531713073548	-4.20176079150221	-9.82864915599107	-11.5290888741322	-10.4934649644014	-7.21077203279718	-18.129283016945	-5.59835153656928	-15.8510169690195	-12.0436620469619	-6.09947290993043	-6.57024619888892	-19.1439162732725	-9.82864915599107	-12.8510169690195	-7.86802339432522	-6.92917603194504	-5.13248409295031	-12.0436620469619	-14.8510169690195	-19.1027753967423	-10.2660544682984	-5.09947290993043	-10.993035973892	-7.05660110266942	-11.944126373411	-18.9648879574086	-5.77821443447532	-8.31185815791149	-13.0436620469619	-13.0436620469619	-10.3915853503822	-6.04044533427838	-11.2660544682984	-12.0436620469619	-14.2660544682984	-19.1611220392346	-9.34322232882083	-8.82864915599107	-8.95619920571158	-13.8510169690195	-5.16451644183631	-8.56561475015728	-18.4392911680949	-12.6810919675772	-12.5290888741322	-18.3552564508737	-7.71146561662073	-8.50228881478845	-10.6415636033906	-7.01181318092258	-1.65564476161679	-18.6592085149264	-12.1505772508784	-5.00709591773049	-11.3915853503822	-11.0436620469619	-7.48032956221231	-12.5290888741322	-18.1477514775078	-7.80116841956896	-5.35816234884478	-6.41847506863127	-14.8510169690195	-13.2660544682984	-15.8510169690195	-5.15404944278524	-5.87947341506875	-12.6810919675772	-8.3998058571872	-10.2964281173419	-19.0272850912691	-12.0436620469619	-11.1505772508784	-9.15057725087843	-18.7398201567927	-12.1505772508784	-19.6192062202956	-14.2660544682984	-5.60071855111319	-11.6030894555759	-6.0485006038983	-18.4668093519586
np0632	-18.4462271471724	-10.7761826794244	-11.0518171220378	-6.57523078236144	-17.4392911680949	-18.6943578872215	-11.7147821347602	-18.0189119165308	-19.1439162732725	-17.7604210873886	-1.18527024015564	-10.1704616185364	-10.9074272127026	-18.0467296909277	-5.97556408886265	-12.1298196340391	-19.5160539399953	-18.5202426739746	-6.05895330331943	-21.5160539399953	-18.4354667979437	-7.83213908539839	-9.19122017870322	-5.05895330331943	-8.53156031070447	-12.2997446354814	-11.3928540398729	-7.95101648125031	-18.129283016945	-6.86511640784467	-12.7147821347602	-17.6240100514525	-9.44176364035382	-6.28851738005814	-9.51838492195673	-12.977816540594	-11.8403130168441	-18.3791414185299	-12.1298196340391	-6.03530203525479	-17.431970894603	-18.9310914392741	-19.1027753967423	-8.40492687217345	-12.7147821347602	-11.8403130168441	-18.4819570601872	-18.6943578872215	-12.2997446354814	-9.29974463548139	-7.94219263086331	-10.2997446354814	-18.0315827535454	-8.3339603508193	-2.35576472113765	-17.4491002709378	-10.4923897134238	-18.4544358573167	-7.98686168019704	-17.9797712684366	-17.846702404935	-11.3928540398729	-11.7147821347602	-9.10992007660137	-8.53156031070447	-11.8403130168441	-12.977816540594	-12.2997446354814	-10.7147821347602	-10.0518171220378	-12.4923897134238	-10.1704616185364	-7.10992007660137	-4.02187608930455	-18.6592085149264	-14.2997446354814	-7.95989463259677	-11.2997446354814	-12.4923897134238	-17.1459221978118	-14.2997446354814	-18.1477514775078	-6.28015390712351	-18.6583509692635	-10.2553505161229	-18.6592085149264	-19.6192062202956	-19.1611220392346	-4.93451578622985	-14.2997446354814	-13.2997446354814	-7.87347988077929	-13.2997446354814	-19.0272850912691	-14.2997446354814	-9.68503479136618	-8.87347988077929	-18.7398201567927	-17.786116445496	-19.6192062202956	-10.8403130168441	-16.7803347081239	-13.7147821347602	-3.60017218219412	-18.4668093519586
np0636	-11.1788813174971	-4.55142673466189	-9.8695532593894	-5.75407604196946	-11.8950883514965	-8.44505543086149	-8.8198002241923	-12.002003555413	-10.6580491541957	-17.7604210873886	-1.52658188998884	-10.4170410546919	-8.72516335005422	-12.8950883514965	-5.36816998824695	-12.002003555413	-13.7024432735541	-11.7955526779456	-6.26573173141693	-8.51261871467412	-9.77170593599125	-8.36259327066952	-15.7024432735541	-4.89831225237082	-9.84446227842657	-10.7955526779456	-11.5325182721118	-7.55778503072226	-11.6149804323038	-5.5163290340125	-11.0585870837794	-11.7955526779456	-7.34489126893606	-5.94755577139067	-19.1439162732725	-13.7024432735541	-10.8444622784266	-11.1788813174971	-10.4170410546919	-4.73018142482085	-17.431970894603	-12.8950883514965	-19.1027753967423	-9.72516335005422	-7.33612105930832	-10.9475557713907	-12.117480772833	-13.3805151786668	-18.9648879574086	-12.8950883514965	-8.43565673285924	-10.3805151786668	-12.2430116549168	-7.99508414147326	-6.82592632698914	-9.63635408309637	-12.3805151786668	-18.4544358573167	-19.1611220392346	-11.6149804323038	-14.7024432735541	-11.0585870837794	-12.8950883514965	-5.18970281075064	-8.60441119059361	-14.117480772833	-10.8950883514965	-12.8950883514965	-12.002003555413	-6.42399381533366	-5.6189639462223	-8.45451576011055	-6.23280145631462	-2.73629836020854	-18.6592085149264	-11.8950883514965	-6.67453727698426	-10.4170410546919	-5.78656389471837	-4.65327540118197	-14.117480772833	-18.1477514775078	-7.00547574731985	-6.45689056729846	-5.84446227842657	-13.117480772833	-13.117480772833	-19.1611220392346	-5.97112424252908	-6.18280702071093	-15.7024432735541	-9.43565673285924	-9.32740384220721	-19.0272850912691	-9.89508835149654	-8.03710735636896	-8.45451576011055	-11.6149804323038	-11.0585870837794	-12.002003555413	-9.29305233741644	-8.36259327066952	-10.5731602566092	-9.22670984258774	-18.4668093519586
np0639	-18.4462271471724	-5.74906425573662	-9.80677975359291	-5.35674683295786	-17.4392911680949	-18.6943578872215	-9.2316650388281	-18.0189119165308	-19.1439162732725	-17.7604210873886	-1.39306548475957	-7.90578975942407	-6.89988915798439	-12.721049879567	-3.9684762432418	-12.0291721749294	-19.5160539399953	-10.8669007460305	-4.97388973942817	-21.5160539399953	-14.4214895977081	-5.60051290508687	-9.94575616674172	-4.74200949820267	-9.72104987956702	-9.56350860258054	-10.4442096742082	-9.66660209554465	-18.129283016945	-6.66160141448628	-12.4214895977081	-17.6240100514525	-7.38531598515463	-6.01634813457177	-8.92164371062491	-14.4214895977081	-9.66660209554465	-10.3770954783497	-12.4214895977081	-5.16115807915051	-17.431970894603	-13.2515645962658	-16.4214895977081	-9.35540040725034	-8.65330527293119	-8.28706327748719	-12.0291721749294	-11.5145990020996	-15.4214895977081	-18.4544358573167	-7.24158050769318	-11.2515645962658	-14.0995615028208	-6.0883342473975	-7.75615368052294	-10.8979276416511	-10.2515645962658	-14.836527096987	-6.81601007964645	-10.2515645962658	-17.846702404935	-10.2120362320792	-13.2515645962658	-7.76685356918015	-7.77043790652919	-18.4392911680949	-10.2316650388281	-13.836527096987	-11.836527096987	-7.13377721815867	-11.9620579790708	-8.8979276416511	-6.31951392675889	-5.04482153585045	-18.6592085149264	-10.8979276416511	-5.49667709410233	-9.16410175501546	-6.18906867053204	-8.92963650137844	-13.6141346756505	-18.1477514775078	-3.71758602426345	-18.6583509692635	-6.85734010772238	-15.4214895977081	-10.1926709072122	-19.1611220392346	-4.9127044356436	-5.26603886639598	-11.4214895977081	-7.71068316400876	-12.1735620842645	-19.0272850912691	-12.5145990020996	-9.46729328732124	-6.19628216076461	-18.7398201567927	-11.6666020955446	-19.6192062202956	-8.95388404762512	-9.83652709698696	-10.3770954783497	-5.76774881900155	-13.836527096987
np0643	-18.4462271471724	-6.61818746901315	-11.2091487103557	-8.20914871035575	-10.946114304522	-18.6943578872215	-9.77618930307964	-10.3611518038008	-12.946114304522	-17.7604210873886	-3.74480717759464	-16.8818468512374	-2.79721408556457	-18.0467296909277	-5.70452831795219	-13.5310768052431	-19.5160539399953	-18.5202426739746	-11.5310768052431	-21.5160539399953	-18.4354667979437	-7.76289248046618	-6.93861976797503	-5.26429026454821	-8.32162343961416	-11.2091487103557	-9.28314929179952	-6.51426851755656	-18.129283016945	-5.55379688174319	-11.3611518038008	-17.6240100514525	-7.24567458638086	-5.20464731812081	-12.5310768052431	-9.13875938246435	-4.10691051642501	-12.5310768052431	-10.2091487103557	-3.33447467871994	-17.431970894603	-11.946114304522	-19.1027753967423	-17.6755849574782	-8.22729605706601	-10.0716451866058	-18.4819570601872	-14.5310768052431	-18.9648879574086	-10.0075148491861	-6.72372188318551	-10.2091487103557	-13.5310768052431	-6.03522177835594	-7.63625904193517	-11.7237218831855	-9.44361396399277	-8.72372188318551	-19.1611220392346	-11.0716451866058	-17.846702404935	-6.44892776388924	-10.946114304522	-5.95364797720736	-9.10481205054101	-18.4392911680949	-14.5310768052431	-17.7069141533982	-12.946114304522	-11.0716451866058	-3.8935462537178	-8.77618930307964	-9.62418620963459	-3.15875585037585	-18.6592085149264	-10.0075148491861	-4.736660938893	-9.62418620963459	-14.5310768052431	-6.76952557279863	-11.946114304522	-14.5310768052431	-6.15603737389618	-18.6583509692635	-10.1387593824644	-14.5310768052431	-12.946114304522	-19.1611220392346	-4.99385840470451	-7.74971709171845	-11.7237218831855	-8.07164518660581	-11.7237218831855	-19.0272850912691	-18.4819570601872	-8.12168586910541	-6.0075148491861	-18.7398201567927	-17.786116445496	-19.6192062202956	-9.57688049485624	-8.62418620963459	-18.1166993110972	-3.42516829667195	-12.2091487103557
np0645	-5.22923379481205	-4.05508645552818	-17.9648879574086	-9.93313736825671	-11.9331373682567	-18.6943578872215	-18.3552564508737	-12.3481748675356	-19.1439162732725	-17.7604210873886	-5.20862351513676	-13.9331373682567	-11.6112092733694	-18.0467296909277	-10.4737057496194	-12.3481748675356	-19.5160539399953	-18.5202426739746	-13.9331373682567	-21.5160539399953	-12.3481748675356	-11.6112092733694	-11.3481748675356	-8.93313736825671	-13.9331373682567	-10.1257824461991	-8.88874324889826	-8.84567452700637	-18.129283016945	-8.88874324889826	-17.7361574621684	-17.6240100514525	-3.28657865810216	-11.6112092733694	-19.1439162732725	-8.17824986609324	-17.9865309296644	-18.3791414185299	-16.8252817996473	-7.88874324889826	-11.6112092733694	-11.3481748675356	-19.1027753967423	-17.6755849574782	-16.2990291016585	-18.6943578872215	-18.4819570601872	-11.9331373682567	-18.9648879574086	-12.3481748675356	-7.39397855714868	-12.9331373682567	-18.0315827535454	-13.9331373682567	-7.34817486753556	-9.68520985481313	-11.1257824461991	-11.9331373682567	-19.1611220392346	-10.6112092733694	-17.846702404935	-18.4212348069659	-18.1439162732725	-8.61120927336935	-7.59328736537209	-18.4392911680949	-13.9331373682567	-17.7069141533982	-18.3552564508737	-12.3481748675356	-7.19167038185557	-16.6919070560448	-7.24663684107349	-3.42237320033882	-18.6592085149264	-17.687608057609	-21.5160539399953	-11.6112092733694	-9.23269765011562	-8.97894105786984	-18.5482424388053	-18.1477514775078	-10.0262467726482	-0.808369832434239	-8.02624677264819	-18.6592085149264	-19.6192062202956	-19.1611220392346	-5.32211257094936	-5.35570854022096	-18.6924724781975	-12.9331373682567	-18.129283016945	-12.9331373682567	-18.4819570601872	-10.9331373682567	-10.7632123668144	-18.7398201567927	-17.786116445496	-19.6192062202956	-11.6112092733694	-12.9331373682567	-18.1166993110972	-10.1257824461991	-18.4668093519586
np0651	-8.73583804816048	-6.96324854426355	-17.9648879574086	-11.2212648753307	-10.8802279574957	-18.6943578872215	-18.3552564508737	-11.9582304694969	-19.1439162732725	-17.7604210873886	-7.38668848453809	-15.1281554709392	-11.4277157527981	-15.1281554709392	-7.84275325207699	-17.5323711460796	-19.5160539399953	-18.5202426739746	-12.5431929702181	-11.3208005488816	-18.4354667979437	-10.4277157527981	-18.6095178401463	-7.76183325669342	-11.1281554709392	-12.8062273760519	-11.3208005488816	-9.84275325207699	-18.129283016945	-6.33373960458913	-11.5431929702181	-17.6240100514525	-6.36660423849476	-7.34025291154781	-19.1439162732725	-17.8543286673737	-17.9865309296644	-18.3791414185299	-11.5431929702181	-1.93617095757893	-15.1281554709392	-11.3208005488816	-19.1027753967423	-14.1281554709392	-14.1281554709392	-12.5431929702181	-14.1281554709392	-18.6943578872215	-18.9648879574086	-18.4544358573167	-7.99887245399427	-5.98860411854045	-18.0315827535454	-7.11692821551599	-10.6045935148822	-10.2701744758117	-17.9797712684366	-11.3208005488816	-19.1611220392346	-13.1281554709392	-8.20929223366465	-11.0406926296889	-15.1281554709392	-8.20929223366465	-11.1281554709392	-18.4392911680949	-14.1281554709392	-15.1281554709392	-18.3552564508737	-10.8062273760519	-11.9582304694969	-10.9582304694969	-7.89933678044336	-0.99188524582779	-18.6592085149264	-12.5431929702181	-6.04334708313488	-11.4277157527981	-11.3208005488816	-8.97840835143456	-9.66872385230194	-18.1477514775078	-5.82894745255196	-12.1281554709392	-8.78830546805462	-13.1281554709392	-12.8062273760519	-13.1281554709392	-5.12956504119391	-6.70609070476643	-18.6924724781975	-15.1281554709392	-11.1281554709392	-19.0272850912691	-11.3208005488816	-5.07694653002448	-6.64433969367498	-18.7398201567927	-17.786116445496	-19.6192062202956	-18.4849487344682	-8.77060346632116	-18.1166993110972	-6.54319297021808	-18.4668093519586
np0652	-18.4462271471724	-8.30979464387458	-6.07100778428747	-3.09101347609051	-12.9536508336493	-18.6943578872215	-8.25321111550821	-7.36868833292815	-10.9536508336493	-17.7604210873886	-3.12710234635839	-8.19876333148584	-5.54425989751161	-12.9536508336493	-4.7296491594512	-17.5323711460796	-12.9536508336493	-11.9536508336493	-6.29543935089751	-21.5160539399953	-18.4354667979437	-5.60492267941823	-18.6095178401463	-4.58296342684209	-8.783725832207	-10.6317227387619	-11.9536508336493	-6.28122549167781	-18.129283016945	-4.77374174363437	-10.3686883329282	-17.6240100514525	-7.39906198197167	-5.1462959115917	-19.1439162732725	-17.8543286673737	-6.783725832207	-10.1462959115917	-9.95365083364931	-3.76135801917854	-17.431970894603	-18.9310914392741	-19.1027753967423	-17.6755849574782	-7.28122549167781	-8.09566983852174	-10.6317227387619	-18.6943578872215	-18.9648879574086	-12.9536508336493	-8.1462959115917	-8.4300888775923	-10.6317227387619	-7.04676023804079	-7.63172273876195	-10.1462959115917	-12.9536508336493	-18.4544358573167	-19.1611220392346	-9.783725832207	-17.846702404935	-6.04676023804079	-10.3686883329282	-6.05883307034136	-6.90925671429085	-18.4392911680949	-8.63172273876195	-17.7069141533982	-12.9536508336493	-7.39906198197167	-7.17229112012465	-7.82436781670434	-8.783725832207	-3.0832861140659	-18.6592085149264	-9.783725832207	-5.01701289464674	-7.783725832207	-5.75397848881294	-4.86089369272946	-11.9536508336493	-11.3686883329282	-5.68686429295441	-18.6583509692635	-7.63172273876195	-18.6592085149264	-10.6317227387619	-19.1611220392346	-5.79377949687092	-8.783725832207	-11.3686883329282	-7.95365083364931	-8.63172273876195	-19.0272850912691	-10.1462959115917	-5.85561875068878	-5.49421921501201	-18.7398201567927	-10.1462959115917	-19.6192062202956	-18.4849487344682	-8.86618799239897	-9.1462959115917	-5.20545798405985	-8.25321111550821
np0653	-18.4462271471724	-3.70601284899711	-17.9648879574086	-10.0727151699612	-10.3483496125746	-18.6943578872215	-6.32015272074399	-18.0189119165308	-19.1439162732725	-17.7604210873886	-3.22232447064803	-11.1368455073809	-4.39476578151808	-18.0467296909277	-5.03212763603249	-11.5088142847679	-19.5160539399953	-18.5202426739746	-17.8816397677299	-21.5160539399953	-18.4354667979437	-10.7382961308907	-14.5962771260182	-17.7069815832335	-17.6943578872215	-15.5962771260182	-12.0113146252971	-6.96328192887526	-12.0113146252971	-7.17001237131613	-17.7361574621684	-17.6240100514525	-13.2743490311309	-8.01884829798247	-15.5962771260182	-13.5962771260182	-17.9865309296644	-14.5962771260182	-11.2039597032395	-4.05227867588368	-17.431970894603	-15.5962771260182	-19.1027753967423	-17.6755849574782	-10.1700123713161	-6.05131269322899	-18.4819570601872	-18.6943578872215	-18.9648879574086	-14.0113146252971	-7.98156728190301	-12.2743490311309	-14.0113146252971	-17.5280572417884	-14.0113146252971	-17.4491002709378	-17.9797712684366	-10.4669941090733	-19.1611220392346	-14.0113146252971	-17.846702404935	-18.4212348069659	-18.1439162732725	-18.6592085149264	-12.2743490311309	-18.4392911680949	-14.0113146252971	-13.2743490311309	-18.3552564508737	-10.1700123713161	-7.95965250547457	-12.1368455073809	-9.66553978845534	-0.814302758628885	-18.6592085149264	-17.687608057609	-21.5160539399953	-17.0733884685424	-6.71058075267883	-11.8958374078771	-7.23872512140014	-18.1477514775078	-6.82478765651762	-18.6583509692635	-8.1616488983815	-18.6592085149264	-19.6192062202956	-19.1611220392346	-8.70145936271028	-8.66553978845534	-18.6924724781975	-17.785426924465	-18.129283016945	-19.0272850912691	-13.0113146252971	-17.9797712684366	-6.99265078103203	-18.7398201567927	-14.0113146252971	-19.6192062202956	-18.4849487344682	-9.2212376946713	-9.04168827434058	-10.7889222039606	-18.4668093519586
np0660	-8.38816707069486	-5.51426830069715	-7.55417702213379	-5.1528395940309	-8.03398477680287	-12.6486946209181	-3.97685873555984	-18.0189119165308	-8.22242986621598	-17.7604210873886	-3.66143060884554	-8.89380711875461	-3.74130317647936	-12.4263021995816	-3.83651731540363	-7.87610511702115	-19.5160539399953	-7.40710863434832	-7.7824460098069	-21.5160539399953	-9.74180402530956	-7.56123177966774	-18.6095178401463	-6.52285068793988	-11.4263021995816	-7.49219013523809	-10.3756761265117	-7.77422550300193	-18.129283016945	-5.8032045699737	-12.9117290267519	-12.4263021995816	-6.45557999210387	-4.7824460098069	-12.4263021995816	-10.4263021995816	-17.9865309296644	-8.84133969886047	-7.00003744487953	-2.4015582756001	-17.431970894603	-14.2336571216392	-19.1027753967423	-17.6755849574782	-7.41347815922404	-9.6790682699616	-11.1461942803889	-10.5898009318645	-12.6486946209181	-9.53321740349814	-6.74180402530956	-7.67141469741816	-10.2794608112524	-8.17837468613804	-7.01448860117707	-7.19473813234693	-9.40076710747449	-5.16085458709502	-13.6486946209181	-10.4787696194758	-17.846702404935	-18.4212348069659	-9.32676652603071	-8.14619428038889	-8.26787283697714	-18.4392911680949	-8.6944983105312	-10.3756761265117	-11.2336571216392	-7.13562503867871	-9.37567612651166	-9.47876961947576	-7.97626927894658	-6.67906826996159	-8.80739236693713	-11.1461942803889	-9.40076710747449	-7.34491387274097	-7.29114261629999	-4.36869720649663	-11.7742255030019	-10.5898009318645	-4.18789746025655	-18.6583509692635	-6.95288635150863	-10.6486946209181	-9.37567612651166	-12.9117290267519	-5.72190446787185	-6.94825490277698	-18.6924724781975	-8.66380151330828	-10.4787696194758	-13.2336571216392	-8.7907136257905	-6.10437410469427	-5.42630219958163	-8.49219013523808	-7.5826054304603	-12.2336571216392	-10.1892630022808	-9.10437410469427	-6.7907136257905	-7.57544563888744	-18.4668093519586
np0664	-18.4462271471724	-6.47339007622722	-7.89915398209912	-4.88842757550606	-10.2648034544158	-18.6943578872215	-8.50581155391959	-7.36533033036976	-13.9652431725569	-17.7604210873886	-3.66603515416961	-11.1578882504993	-3.62094726464107	-11.3802806718357	-4.62094726464107	-12.9652431725569	-10.9652431725569	-18.5202426739746	-5.22040933505735	-21.5160539399953	-10.6433150776695	-6.84630209983338	-9.44168121649988	-4.52022832668847	-12.3802806718357	-10.6433150776695	-8.87778033130655	-5.73162349579719	-18.129283016945	-5.10726217742932	-11.1578882504993	-17.6240100514525	-7.05835257694837	-5.53897841785479	-19.1439162732725	-17.8543286673737	-7.53897841785479	-11.9652431725569	-16.8252817996473	-2.94148881925747	-17.431970894603	-12.3802806718357	-19.1027753967423	-17.6755849574782	-7.08260012319505	-8.79531817111458	-18.4819570601872	-18.6943578872215	-18.9648879574086	-10.3802806718357	-7.4574485323582	-9.05835257694837	-11.1578882504993	-6.2928178305854	-7.41065432087925	-10.6433150776695	-10.6433150776695	-12.9652431725569	-19.1611220392346	-10.6433150776695	-17.846702404935	-6.08872622599189	-10.6433150776695	-6.39538756422594	-8.57292574977813	-18.4392911680949	-10.3802806718357	-17.7069141533982	-13.9652431725569	-8.79531817111458	-5.61651501832581	-7.66146242437979	-8.50581155391959	-3.26133959911223	-18.6592085149264	-10.6433150776695	-4.18224496363648	-8.75578980692794	-7.41065432087925	-4.51197253854627	-18.5482424388053	-18.1477514775078	-4.97940123555355	-18.6583509692635	-8.87778033130655	-18.6592085149264	-11.3802806718357	-11.9652431725569	-5.55585223641919	-7.05835257694837	-11.3802806718357	-7.92084905319844	-10.7953181711146	-19.0272850912691	-12.9652431725569	-4.8411218607277	-6.85671871577872	-18.7398201567927	-17.786116445496	-19.6192062202956	-8.18388345903223	-8.41065432087925	-11.3802806718357	-6.60769116793881	-10.5058115539196
np0665	-18.4462271471724	-6.27777845493937	-9.3088945793098	-6.53548698917554	-7.02435290031255	-18.6943578872215	-12.5652343325696	-13.7351593340119	-10.1805704823343	-17.7604210873886	-4.29480921481134	-11.0347196158708	-5.10489220898513	-13.1501968332907	-5.72113886369697	-17.5323711460796	-12.9278044119543	-14.7351593340119	-8.05567923450646	-21.5160539399953	-12.5652343325696	-9.13524649182478	-9.09130314423718	-5.53671429255954	-14.7351593340119	-12.4132312391245	-11.0913031442372	-6.64504691434761	-18.129283016945	-5.38311590821647	-12.2757277153746	-17.6240100514525	-7.14270229674382	-5.66907014355413	-11.9278044119543	-7.90861084672099	-10.8282687384034	-12.7351593340119	-9.56523433256959	-3.81704148298013	-17.431970894603	-14.7351593340119	-19.1027753967423	-17.6755849574782	-8.79264482867266	-11.6476964927616	-18.4819570601872	-18.6943578872215	-18.9648879574086	-5.35253530743699	-6.97028774327581	-8.72393207858865	-14.1501968332907	-7.66369697145528	-8.33427989772972	-11.5652343325696	-12.7351593340119	-8.74647464723974	-19.1611220392346	-11.7351593340119	-17.846702404935	-7.6962403447196	-9.78096302362503	-7.79852139500933	-8.67987689851071	-18.4392911680949	-11.1501968332907	-13.4132312391245	-11.6476964927616	-8.4313785858348	-7.49675459468682	-5.95216112509149	-6.11861049023291	-2.09333336197008	-18.6592085149264	-9.90226931984716	-2.2178590317218	-10.1204494898967	-9.85251628465006	-5.23730749706078	-12.2757277153746	-18.1477514775078	-5.33641564207371	-18.6583509692635	-9.468372793317	-18.6592085149264	-12.9278044119543	-14.1501968332907	-5.19406271866238	-4.83504727103445	-13.1501968332907	-8.64769649276156	-15.7351593340119	-19.0272850912691	-14.7351593340119	-6.15395875208695	-9.29221583816317	-18.7398201567927	-17.786116445496	-19.6192062202956	-9.7351593340119	-6.99706707439141	-12.7351593340119	-9.29221583816317	-12.7351593340119
np0667	-12.2140829701312	-6.61251850207291	-9.55111795740877	-3.89868178233299	-10.7990454708524	-18.6943578872215	-8.53851792062913	-18.0189119165308	-13.7990454708524	-17.7604210873886	-2.69641358199739	-9.42981166118663	-9.2140829701312	-12.7990454708524	-4.51904805643091	-11.9245763529362	-13.3840079715735	-18.5202426739746	-17.8816397677299	-21.5160539399953	-9.74015178179878	-10.5766530495159	-18.6095178401463	-10.0620798766861	-15.3840079715735	-9.36164015854506	-9.17455460594456	-8.01768575732769	-13.3840079715735	-6.06207987668615	-17.7361574621684	-17.6240100514525	-5.91640242149051	-5.54953692158929	-19.1439162732725	-12.7990454708524	-17.9865309296644	-13.0620798766861	-13.7990454708524	-3.95042253042302	-17.431970894603	-12.5766530495159	-15.3840079715735	-12.3840079715735	-9.23426085206883	-11.5766530495159	-18.4819570601872	-10.9916905487947	-13.3840079715735	-18.4544358573167	-7.73295628039458	-15.3840079715735	-12.3840079715735	-9.62912046941004	-6.36164015854505	-12.3840079715735	-17.9797712684366	-18.4544358573167	-19.1611220392346	-11.9245763529362	-17.846702404935	-11.1360804581299	-12.5766530495159	-9.5766530495159	-8.87621333137481	-14.3840079715735	-10.477117375965	-13.3840079715735	-10.9245763529362	-6.8643717187303	-6.0286568751487	-10.8604460155165	-6.49526472267525	-2.55210698537709	-18.6592085149264	-17.687608057609	-21.5160539399953	-10.477117375965	-6.67320153787416	-6.4385641351956	-15.3840079715735	-18.1477514775078	-9.33961385221506	-1.75135350146403	-7.50749102500851	-10.8604460155165	-11.7990454708524	-19.1611220392346	-7.19418341269349	-6.65268894054844	-18.6924724781975	-9.99169054879475	-18.129283016945	-19.0272850912691	-18.4819570601872	-10.6835682534324	-7.7546513514939	-18.7398201567927	-12.3840079715735	-13.3840079715735	-9.02645596695543	-9.36164015854506	-11.7990454708524	-9.47711737596499	-18.4668093519586
np0668	-18.4462271471724	-8.88541906530569	-12.7598881832218	-6.11603199344711	-9.17492568250068	-12.344850683943	-10.1749256825007	-9.82128872788598	-10.5374957618854	-17.7604210873886	-1.15302034584768	-8.48686968881542	-9.02292258905563	-11.7598881832218	-5.49936063299862	-10.8854190653057	-19.5160539399953	-18.5202426739746	-11.7598881832218	-21.5160539399953	-10.6444109658019	-8.25738784269265	-14.344850683943	-9.25738784269265	-12.344850683943	-10.6444109658019	-9.88541906530569	-7.36757076044307	-12.344850683943	-4.20274362664044	-17.7361574621684	-5.6724253419715	-5.5246717215278	-6.21556766699802	-19.1439162732725	-8.51196066977825	-17.9865309296644	-11.344850683943	-10.5374957618854	-5.75613604836073	-10.7598881832218	-18.9310914392741	-11.1749256825007	-17.6755849574782	-10.2573878426927	-18.6943578872215	-18.4819570601872	-13.344850683943	-12.0229225890556	-18.4544358573167	-7.01393380582837	-7.43796008833447	-13.344850683943	-7.6444109658019	-4.44549376101988	-9.02292258905563	-8.85299758761332	-7.06872627866875	-19.1611220392346	-11.344850683943	-17.846702404935	-18.4212348069659	-9.34485068394299	-7.57666635916606	-7.71549406386338	-18.4392911680949	-10.4379600883345	-17.7069141533982	-18.3552564508737	-7.2895682484418	-5.18245935518609	-6.51196066977825	-9.48686968881542	-13.344850683943	-5.4259874466684	-17.687608057609	-5.05713830439354	-11.1749256825007	-11.5374957618854	-5.86507041991389	-13.344850683943	-18.1477514775078	-6.88541906530569	-18.6583509692635	-6.27876149348522	-18.6592085149264	-12.7598881832218	-10.5374957618854	-4.20146746995317	-5.11603199344711	-18.6924724781975	-9.30045656458454	-11.7598881832218	-13.344850683943	-8.34485068394299	-10.0229225890556	-7.6724253419715	-10.7598881832218	-12.344850683943	-19.6192062202956	-7.07806414324809	-9.95253326116423	-12.7598881832218	-5.50880032888492	-18.4668093519586
np0669	-18.4462271471724	-8.43270249425951	-6.54817971167945	-3.41546578933421	-12.1331422124006	-18.6943578872215	-8.81121411751324	-8.43270249425951	-19.1439162732725	-17.7604210873886	-2.79106754440146	-8.54817971167945	-5.54817971167945	-9.54817971167945	-5.08874809304215	-17.5323711460796	-9.325787290343	-12.1331422124006	-6.1331422124006	-21.5160539399953	-12.1331422124006	-6.27516121727303	-18.6095178401463	-4.12751766320672	-8.81121411751324	-12.1331422124006	-10.1331422124006	-6.43270249425951	-11.1331422124006	-5.08874809304215	-9.81121411751324	-17.6240100514525	-7.6737105937633	-5.36495788762367	-19.1439162732725	-17.8543286673737	-7.6737105937633	-11.1331422124006	-9.81121411751324	-4.14445752562844	-17.431970894603	-18.9310914392741	-19.1027753967423	-17.6755849574782	-7.81121411751324	-7.54817971167945	-18.4819570601872	-18.6943578872215	-18.9648879574086	-18.4544358573167	-7.54817971167945	-7.88521469895702	-10.1331422124006	-7.27516121727303	-7.96321721095829	-9.1331422124006	-12.1331422124006	-18.4544358573167	-19.1611220392346	-8.6737105937633	-17.846702404935	-6.08874809304215	-10.5481797116794	-5.94331765352058	-7.17894590201373	-18.4392911680949	-8.54817971167945	-17.7069141533982	-18.3552564508737	-7.37825471023713	-6.4052217578374	-8.325787290343	-7.43270249425951	-3.00643773955741	-18.6592085149264	-8.81121411751324	-4.36495788762367	-7.81121411751324	-5.47493072964881	-4.37159097995612	-18.5482424388053	-11.1331422124006	-6.00385919545564	-18.6583509692635	-7.54817971167945	-12.1331422124006	-11.1331422124006	-12.1331422124006	-5.25049916303876	-7.60958025634359	-10.5481797116794	-7.81121411751324	-9.54817971167945	-19.0272850912691	-9.54817971167945	-6.17894590201373	-6.60958025634359	-18.7398201567927	-17.786116445496	-19.6192062202956	-9.1331422124006	-8.6737105937633	-9.81121411751324	-5.79329220951598	-9.54817971167945
np0672	-18.4462271471724	-9.20046442374382	-17.9648879574086	-4.24457239235134	-10.8081470009651	-18.6943578872215	-10.1707170803498	-18.0189119165308	-11.6155019230227	-17.7604210873886	-0.533667156052814	-12.9780720024074	-13.0849872063239	-14.785426924465	-5.120979639917	-11.2935738281353	-19.5160539399953	-18.5202426739746	-17.8816397677299	-21.5160539399953	-18.4354667979437	-15.785426924465	-18.6095178401463	-9.86656368719038	-17.6943578872215	-14.785426924465	-14.2004644237438	-8.45003656977105	-12.4634988295776	-7.46575480351798	-17.7361574621684	-17.6240100514525	-14.4634988295776	-6.63314208215839	-19.1439162732725	-12.3931095016862	-17.9865309296644	-13.785426924465	-12.6979640832146	-6.16063146860474	-17.431970894603	-18.9310914392741	-14.2004644237438	-17.6755849574782	-6.33318568403416	-18.6943578872215	-18.4819570601872	-15.785426924465	-18.9648879574086	-10.0040672109403	-10.4816461762879	-12.5374994110214	-16.785426924465	-9.41910471021916	-6.44780502247247	-7.83998308808706	-17.9797712684366	-13.3259953058277	-19.1611220392346	-13.9780720024074	-17.846702404935	-18.4212348069659	-10.9274459293374	-18.6592085149264	-13.2004644237438	-18.4392911680949	-10.3259953058277	-9.13437523328605	-12.1415707346902	-6.13796849801005	-16.646333693381	-12.2004644237438	-8.99752436507354	-14.4634988295776	-18.6592085149264	-17.687608057609	-21.5160539399953	-17.0733884685424	-11.2935738281353	-3.85987248459142	-18.5482424388053	-16.785426924465	-8.4680143107001	-18.6583509692635	-5.65228471206437	-18.6592085149264	-15.785426924465	-19.1611220392346	-6.17163745999239	-5.28558103738177	-15.785426924465	-16.785426924465	-18.129283016945	-15.785426924465	-15.785426924465	-11.3259953058277	-10.4634988295776	-18.7398201567927	-13.4634988295776	-16.785426924465	-9.50002470560273	-12.8785363288565	-8.2935738281353	-12.5374994110214	-18.4668093519586
np0674	-10.8988280896081	-4.36900714307945	-9.2207561844955	-5.36122139811285	-12.6357936837743	-8.66616733281787	-9.38786617033076	-10.7613245658582	-9.82843876171675	-15.2207561844955	-1.42705128055102	-9.54833084252401	-8.69719422843849	-12.0508311830532	-5.91925998951296	-12.0508311830532	-12.8988280896081	-11.1332933432452	-6.37213324406617	-8.17636206513705	-10.5768999947208	-8.26655987410863	-18.6095178401463	-5.15332182373898	-9.01130281886656	-10.1332933432452	-11.6357936837743	-8.24347626099559	-10.465868682332	-5.69132563034935	-10.8988280896081	-10.8284387617167	-7.90787322921115	-5.91014340283598	-15.2207561844955	-11.6357936837743	-9.76132456585821	-12.4134012624379	-11.1332933432452	-5.34577483684173	-17.431970894603	-18.9310914392741	-19.1027753967423	-10.5203164663544	-9.2207561844955	-11.4134012624379	-12.8988280896081	-11.8988280896081	-15.2207561844955	-18.4544358573167	-8.43939647097084	-11.0508311830532	-12.2207561844955	-8.97282867105192	-6.4134012624379	-10.5203164663544	-11.7613245658582	-18.4544358573167	-19.1611220392346	-12.0508311830532	-12.0508311830532	-10.465868682332	-11.7613245658582	-4.41259641162713	-9.15466699403773	-15.2207561844955	-10.9728286710519	-11.5203164663544	-12.8988280896081	-5.98235144517043	-5.94463177922127	-8.86320417987742	-6.32593842118756	-2.69694922630818	-18.6592085149264	-11.6357936837743	-6.85006877768829	-10.2665598741086	-6.09147316755054	-5.66808708698123	-18.5482424388053	-18.1477514775078	-7.33201293559725	-7.53425565731229	-6.12009384549031	-13.6357936837743	-12.2207561844955	-19.1611220392346	-5.82201249255731	-5.45422727589664	-15.2207561844955	-9.57689999472078	-9.15466699403773	-19.0272850912691	-10.2207561844955	-7.6060463403803	-8.18733318295805	-10.8988280896081	-10.8988280896081	-14.2207561844955	-9.79449142979341	-9.4134012624379	-11.1332933432452	-8.65090057616456	-18.4668093519586
np0676	-8.91304686148435	-8.61253775023189	-9.94892389781295	-7.37961466140328	-5.91621414056303	-17.0678649705365	-8.28323012497893	-18.0189119165308	-15.0678649705365	-17.7604210873886	-5.23181461547838	-11.4829024698153	-2.33389636109744	-12.5443030144794	-5.56801908345325	-10.1852219211746	-19.5160539399953	-12.2098839754089	-10.7459368756491	-21.5160539399953	-10.7280149676518	-8.89293928803578	-11.312977468373	-11.2865052570118	-17.6943578872215	-9.36050583845557	-11.023470851178	-7.46423862555026	-18.129283016945	-6.87804041165644	-16.0678649705365	-12.5443030144794	-9.16699816255571	-6.34933209446723	-9.71913681630538	-8.86819262570009	-17.9865309296644	-12.3674252523954	-11.023470851178	-3.94212864114144	-17.431970894603	-15.4829024698153	-15.0678649705365	-17.6755849574782	-10.045497157508	-12.6755475477577	-18.4819570601872	-11.8979399690941	-14.0678649705365	-8.27344910418635	-9.27344910418635	-9.39543962856496	-11.1852219211746	-11.5760118742068	-11.2605100484789	-9.89793996909414	-12.1136686601496	-1.26625764422208	-19.1611220392346	-12.023470851178	-17.846702404935	-18.4212348069659	-11.3674252523954	-11.7103129659184	-9.94892389781295	-18.4392911680949	-12.2098839754089	-13.6084333518992	-16.0678649705365	-9.63323674289973	-13.6084333518992	-9.6755475477577	-8.38487038685477	-6.09919817734125	-10.6084333518992	-17.687608057609	-12.4829024698153	-8.75952594039705	-10.7824627516742	-8.10208068587437	-14.7459368756491	-3.12242113415854	-5.80694543687355	-18.6583509692635	-10.2349749563717	-11.4829024698153	-10.6249214746877	-19.1611220392346	-7.20058623082679	-9.83904628004057	-18.6924724781975	-11.6416002158344	-18.129283016945	-19.0272850912691	-12.6755475477577	-7.64369868171835	-6.42852426188422	-16.0678649705365	-12.8979399690941	-17.0678649705365	-15.4829024698153	-11.3399445159733	-9.55216513225241	-11.4829024698153	-16.0678649705365
np0677	-18.4462271471724	-6.70418406242015	-17.9648879574086	-6.35904857637147	-8.59170933316174	-18.6943578872215	-8.21319770990801	-8.74371242660679	-9.1062825059915	-17.7604210873886	-3.04945128339482	-10.3286749273279	-2.50636966380437	-18.0467296909277	-5.31372458586198	-11.9136374280491	-19.5160539399953	-18.5202426739746	-7.9136374280491	-21.5160539399953	-9.59170933316174	-6.66570991460552	-7.39007547199209	-5.9136374280491	-17.6943578872215	-9.9136374280491	-8.59170933316174	-4.98290009048622	-18.129283016945	-5.66570991460552	-11.9136374280491	-17.6240100514525	-8.9136374280491	-5.39007547199209	-10.9136374280491	-8.1062825059915	-7.1062825059915	-18.3791414185299	-16.8252817996473	-3.71888057362686	-17.431970894603	-18.9310914392741	-19.1027753967423	-17.6755849574782	-8.45420580941181	-8.59170933316174	-18.4819570601872	-18.6943578872215	-18.9648879574086	-11.9136374280491	-6.35904857637147	-9.32867492732795	-18.0315827535454	-5.76389030854442	-8.9136374280491	-9.9136374280491	-9.32867492732795	-6.21319770990801	-19.1611220392346	-17.9797712684366	-17.846702404935	-5.29892758393389	-18.1439162732725	-6.35904857637147	-9.59170933316174	-10.9136374280491	-17.786116445496	-11.9136374280491	-18.3552564508737	-10.9136374280491	-4.21319770990801	-7.52132000527034	-7.32867492732795	-3.81034961963708	-18.6592085149264	-10.9136374280491	-4.29158560859273	-8.45420580941181	-11.9136374280491	-5.59170933316174	-18.5482424388053	-18.1477514775078	-5.24121208607761	-18.6583509692635	-9.59170933316174	-18.6592085149264	-19.6192062202956	-19.1611220392346	-5.82617458679876	-7.45420580941181	-18.6924724781975	-7.26978123827438	-18.129283016945	-19.0272850912691	-18.4819570601872	-5.05565643292153	-5.82617458679876	-18.7398201567927	-17.786116445496	-19.6192062202956	-8.74371242660679	-8.59170933316174	-18.1166993110972	-5.9136374280491	-8.1062825059915
np0682	-18.4462271471724	-9.68431925754326	-17.9648879574086	-5.57622157048892	-17.4392911680949	-18.6943578872215	-11.8395974830212	-18.0189119165308	-14.2990291016585	-17.7604210873886	-1.43126774225378	-12.9771010067711	-8.92398967031155	-18.0467296909277	-5.78332926337443	-17.5323711460796	-19.5160539399953	-18.5202426739746	-6.77155209559808	-21.5160539399953	-18.4354667979437	-5.92834169485125	-10.8395974830212	-7.45982531356153	-8.69911625947134	-11.0511015882149	-11.8395974830212	-10.39213850605	-18.129283016945	-7.39213850604995	-9.08957573602952	-17.6240100514525	-10.2115662604081	-6.93270688741266	-8.74444024998083	-13.2990291016585	-9.68431925754326	-12.7140666009373	-13.2990291016585	-5.55419526415893	-17.431970894603	-18.9310914392741	-19.1027753967423	-10.4916741796009	-15.2990291016585	-11.8395974830212	-18.4819570601872	-12.9771010067711	-18.9648879574086	-11.2990291016585	-6.94588227616039	-11.2115662604081	-18.0315827535454	-7.95030094742739	-3.54581235247952	-12.9771010067711	-9.62660375968698	-13.2990291016585	-7.46613908749373	-17.9797712684366	-17.846702404935	-8.04164125896582	-13.7140666009373	-7.3623911626559	-10.0511015882149	-11.1291041002162	-17.786116445496	-11.2990291016585	-9.83959748302117	-9.68431925754326	-16.646333693381	-9.29902910165847	-6.52753963215787	-5.4535390507141	-18.6592085149264	-10.9771010067711	-5.56262717034018	-10.8395974830212	-6.8031740747713	-17.1459221978118	-18.5482424388053	-18.1477514775078	-7.10427224723622	-18.6583509692635	-9.77546714560146	-18.6592085149264	-11.2990291016585	-19.1611220392346	-4.97035417433052	-8.95917909877385	-11.8395974830212	-6.93708532792323	-10.1697460847135	-19.0272850912691	-18.4819570601872	-8.55756211525732	-8.42866438207507	-18.7398201567927	-17.786116445496	-19.6192062202956	-14.2990291016585	-12.2990291016585	-13.7140666009373	-1.9306590587638	-9.74444024998083
np0683	-7.70735913208088	-7.97039353791468	-17.9648879574086	-10.292321632802	-6.97039353791468	-18.6943578872215	-2.89144219651985	-18.0189119165308	-19.1439162732725	-17.7604210873886	-4.09264928796567	-16.8818468512374	-1.46101438899999	-18.0467296909277	-3.84937813695331	-17.5323711460796	-19.5160539399953	-18.5202426739746	-6.59188191466095	-21.5160539399953	-8.29232163280204	-17.6592085149264	-8.12239663135973	-9.29232163280204	-17.6943578872215	-10.292321632802	-17.0009682812804	-4.55085464640089	-18.129283016945	-5.02553509210714	-17.7361574621684	-17.6240100514525	-15.4892835134841	-6.59188191466095	-19.1439162732725	-6.48496671074443	-17.9865309296644	-18.3791414185299	-16.8252817996473	-6.83289001416474	-17.431970894603	-18.9310914392741	-19.1027753967423	-9.70735913208088	-5.48496671074443	-18.6943578872215	-18.4819570601872	-9.70735913208088	-18.9648879574086	-18.4544358573167	-9.70735913208088	-7.70735913208088	-18.0315827535454	-11.292321632802	-9.70735913208088	-17.4491002709378	-17.9797712684366	-4.55085464640089	-8.29232163280204	-17.9797712684366	-17.846702404935	-8.70735913208088	-9.29232163280204	-8.29232163280204	-11.292321632802	-18.4392911680949	-17.786116445496	-17.7069141533982	-18.3552564508737	-9.29232163280204	-7.97039353791468	-16.6919070560448	-17.5280572417884	-3.61284153329659	-8.48496671074443	-17.687608057609	-8.48496671074443	-10.292321632802	-16.7398201567927	-7.97039353791468	-18.5482424388053	-18.1477514775078	-6.48496671074443	-18.6583509692635	-17.4491002709378	-18.6592085149264	-19.6192062202956	-19.1611220392346	-7.97039353791468	-17.7069815832335	-18.6924724781975	-17.785426924465	-18.129283016945	-5.80046853647236	-18.4819570601872	-6.83289001416474	-14.8214252220951	-18.7398201567927	-11.292321632802	-19.6192062202956	-18.4849487344682	-7.70735913208088	-18.1166993110972	-8.48496671074443	-18.4668093519586
np0685	-18.4462271471724	-6.15108374826642	-9.81946225717521	-6.14645972174097	-9.28442498178574	-18.6943578872215	-10.389777981932	-10.5761911061628	-10.389777981932	-17.7604210873886	-3.45581914312528	-9.81946225717521	-3.7993610511187	-11.2642470998481	-6.07222832755518	-12.2642470998481	-19.5160539399953	-18.5202426739746	-7.3308842928784	-21.5160539399953	-10.4341721012904	-8.60128208712568	-7.50343476372753	-5.410417747991	-11.7337323831493	-11.5272815056819	-9.50343476372753	-6.33877507849786	-18.129283016945	-5.68095535211147	-12.8492096005693	-17.6240100514525	-6.56998595663614	-5.85108933378749	-12.6268171792328	-11.5272815056819	-9.20535341079454	-13.8492096005693	-10.389777981932	-3.56843883043866	-15.4341721012904	-11.6268171792328	-19.1027753967423	-17.6755849574782	-9.81946225717521	-10.7337323831493	-18.4819570601872	-18.6943578872215	-18.9648879574086	-5.81212028183404	-6.87958324961278	-8.62681717923282	-13.1122440064031	-7.81212028183404	-8.7903159115157	-9.87958324961278	-10.5272815056819	-7.63327220137012	-19.1611220392346	-12.1122440064031	-17.846702404935	-7.3627097387338	-9.94231900496075	-7.60762361399951	-9.4568921777905	-18.4392911680949	-10.8492096005693	-12.4341721012904	-9.94231900496075	-8.83425925910329	-5.80481548121081	-5.52128276506046	-7.02903063815408	-2.19174227373271	-18.6592085149264	-11.0418546785117	-3.16125077442342	-9.11224400640306	-8.5272815056819	-4.81212028183404	-12.4341721012904	-18.1477514775078	-4.85108933378749	-18.6583509692635	-7.7903159115157	-15.4341721012904	-11.2642470998481	-19.1611220392346	-6.02690433704569	-5.35602129355577	-11.1862445878468	-10.679284599127	-12.8492096005693	-19.0272850912691	-18.4819570601872	-5.77417620886044	-6.9995438736537	-18.7398201567927	-17.786116445496	-19.6192062202956	-8.69270511488927	-8.27430076451203	-14.4341721012904	-7.29462074889163	-13.8492096005693
np0687	-7.23402318950242	-2.21829229643204	-12.6844846546352	-9.18971996288559	-10.4159958187093	-18.6943578872215	-12.2859352781449	-16.5589537725513	-18.1439162732725	-10.121548460244	-4.68692023260729	-13.4434765551314	-4.25184785570776	-14.8219881783851	-4.92021619728616	-14.0564534320221	-16.5589537725513	-18.5202426739746	-11.099522153914	-9.1810202679352	-9.35601371388103	-10.1666363497725	-14.1439162732725	-3.83245175782402	-10.382365040828	-10.6125348127562	-10.8492955243808	-8.39069952409351	-16.1439162732725	-6.59750407815311	-15.8219881783851	-13.0146332563275	-7.89125084082222	-6.5902869793561	-18.1439162732725	-10.1552315865003	-12.0778270828147	-11.6361216330738	-13.1439162732725	-6.53751106057468	-15.1439162732725	-12.2370256776639	-19.1027753967423	-11.5589537725513	-6.8806470728998	-14.3365613512149	-8.73664850902773	-13.1439162732725	-18.9648879574086	-16.1439162732725	-6.87420515212968	-16.5589537725513	-11.9941691537678	-9.38236504082798	-9.40582401365197	-14.6844846546352	-14.4434765551314	-7.14250807887966	-15.3365613512149	-9.52553077101386	-6.07211875098826	-9.54028992828627	-17.1439162732725	-6.92656436800213	-7.61448571912631	-16.1439162732725	-13.9739912718302	-12.4434765551314	-10.1781319886104	-9.05115913235261	-12.4159958187093	-10.6047574621644	-5.48860917176199	-1.78951191188236	-18.6592085149264	-13.9739912718302	-4.76738386042443	-10.4928645820935	-12.1666363497725	-8.46267786149466	-12.4159958187093	-18.1477514775078	-5.25993659946372	-8.70720473113525	-7.66312607217665	-14.1439162732725	-11.9739912718302	-19.1611220392346	-5.68730517369755	-5.38735995074838	-11.110493271735	-11.0671006762216	-11.4434765551314	-6.77050731304377	-10.3301350820554	-12.8585140544102	-7.10020540992531	-16.1439162732725	-16.1439162732725	-19.6192062202956	-18.4849487344682	-7.73664850902773	-15.5589537725513	-6.03637224129648	-18.4668093519586
np0688	-18.4462271471724	-6.28369739358555	-10.4910971004465	-5.52066319556977	-11.864555495974	-18.6943578872215	-7.72036076962507	-13.0020590197239	-13.3239871146113	-17.7604210873886	-2.60974159694514	-9.58252012821012	-9.55580278983434	-12.2365242733609	-4.59309246806959	-12.0020590197239	-14.0020590197239	-8.91459617847356	-4.9273823334294	-21.5160539399953	-9.5426274010866	-8.92310767832908	-10.864555495974	-7.87690388840161	-14.3239871146113	-11.8004251585542	-10.5960666600481	-10.1947040976663	-11.2795929952528	-6.36398518254318	-17.7361574621684	-13.0020590197239	-6.44747016804626	-5.40437887600801	-19.1439162732725	-17.8543286673737	-8.77709265472363	-12.3239871146113	-11.3239871146113	-4.62832381782324	-17.431970894603	-14.7390246138901	-14.7390246138901	-11.2795929952528	-7.44747016804626	-18.6943578872215	-12.7390246138901	-11.2795929952528	-18.9648879574086	-11.5166321925537	-8.63050015711194	-9.9316696918325	-12.1540621131689	-7.37270239964429	-6.99980656799252	-8.34099353991695	-14.0020590197239	-14.0020590197239	-13.3239871146113	-11.6801309248365	-17.846702404935	-13.5166321925537	-12.1540621131689	-9.51663219255366	-8.03858489574901	-16.3239871146113	-9.21546265783309	-12.2365242733609	-12.864555495974	-5.62528244784092	-4.67428184913985	-8.49109710044652	-8.1947040976663	-1.52364329316902	-9.80042515855425	-17.687608057609	-16.3239871146113	-12.0760596011677	-7.11941597036206	-3.30857206222458	-16.3239871146113	-18.1477514775078	-6.88311794700039	-18.6583509692635	-6.94028282213721	-18.6592085149264	-15.3239871146113	-15.3239871146113	-7.17423999510658	-6.71480837646928	-18.6924724781975	-10.6235473964702	-9.18443576221247	-19.0272850912691	-10.038584895749	-7.55911552387517	-7.22332477560606	-13.0020590197239	-9.30161930158281	-16.3239871146113	-9.70927727049605	-9.88104361876253	-9.94894768326434	-8.41709651900274	-18.4668093519586
np0690	-18.4462271471724	-6.80854104928587	-8.1062549569656	-5.09205556992186	-8.18929611746269	-18.6943578872215	-10.9800681553247	-9.69911184149363	-11.9800681553247	-17.7604210873886	-3.010940694754	-9.7973758578085	-5.64057441742295	-11.3571378044045	-5.67263963013244	-13.5364615038491	-12.1976595903973	-16.6239243450994	-6.79024359644467	-21.5160539399953	-10.9514990031279	-8.27519619086833	-10.9945677250198	-5.35421322395663	-12.301996250212	-12.2663723404813	-10.1003623890424	-6.86154230638902	-14.4539993436571	-5.15351966803377	-12.1320712487697	-14.8165694230418	-7.24130031852449	-5.62745085636618	-11.0389618443783	-9.84913728549824	-9.12009860710366	-12.9800681553247	-8.35246131719503	-3.86247699708636	-17.431970894603	-15.0389618443783	-19.1027753967423	-17.6755849574782	-9.36653650240676	-10.6814098397602	-14.6239243450994	-17.6239243450994	-15.6239243450994	-6.36359282654181	-7.16039997182823	-9.02029800011322	-13.4539993436571	-7.28853399040548	-7.39630840168519	-10.8960038905362	-12.0092145009842	-8.66682230353712	-16.6239243450994	-11.1161297049007	-17.846702404935	-8.18929611746269	-10.2663723404813	-6.60641994398999	-8.31558531496	-15.6239243450994	-10.4340997862194	-12.9800681553247	-10.5364615038491	-7.50109635029174	-5.44681630339572	-5.54343988803184	-6.04885788052075	-2.76181976734456	-18.6592085149264	-8.59325720885247	-2.65318930048628	-10.0770298852118	-7.38075036162646	-5.00072870964647	-13.1644927264621	-18.1477514775078	-5.16782666013521	-18.6583509692635	-8.21665658085468	-16.0389618443783	-12.4539993436571	-14.301996250212	-4.9945677250198	-5.0361468287712	-12.9234846269583	-7.64950975529388	-11.6697280347125	-19.0272850912691	-15.6239243450994	-5.40324372404721	-8.72305753711866	-18.7398201567927	-13.7170337494909	-19.6192062202956	-8.07702988521177	-9.1003623890424	-12.3385221262372	-7.07413967715155	-11.4340997862194
np0691	-12.8462739113499	-7.34074587812316	-17.9648879574086	-7.27425046633625	-12.6536288334075	-18.6943578872215	-9.14583419320881	-12.4837038319652	-13.6536288334075	-7.27425046633625	-1.50404046989098	-13.0686663326864	-11.1941972147702	-12.4837038319652	-6.20241772157518	-13.6536288334075	-19.5160539399953	-14.6536288334075	-8.73476559613292	-7.56087169248766	-7.92570837884431	-9.74673823779899	-13.0686663326864	-5.58888606865725	-9.67634890990759	-11.4837038319652	-12.6536288334075	-10.0686663326864	-14.0686663326864	-7.534687760684	-13.6536288334075	-11.3317007385201	-7.55034102499549	-7.72881632980173	-19.1439162732725	-9.0389189892923	-8.54510437662934	-13.0686663326864	-14.0686663326864	-6.58216647085089	-12.1941972147702	-18.9310914392741	-19.1027753967423	-11.0097726436328	-6.68784454874542	-9.87226911988285	-11.3317007385201	-18.6943578872215	-18.9648879574086	-7.05371599122038	-10.5243458164625	-17.786116445496	-13.0686663326864	-5.84788496125589	-6.53209531606748	-13.3317007385201	-9.98120349143601	-12.1941972147702	-19.1611220392346	-11.746738237799	-17.846702404935	-10.8462739113499	-18.1439162732725	-3.97239042162971	-9.79564783827994	-18.4392911680949	-13.3317007385201	-13.6536288334075	-13.3317007385201	-7.60378028395695	-10.7956478382799	-16.6919070560448	-6.33395671246052	-1.59639858357854	-18.6592085149264	-10.2273640787054	-6.51920251318658	-11.1941972147702	-8.19419721477021	-8.77098578404567	-18.5482424388053	-18.1477514775078	-7.71699089440494	-7.87884177380634	-8.34984808523041	-13.3317007385201	-19.6192062202956	-19.1611220392346	-5.45641214029746	-6.83344987099232	-15.6536288334075	-7.62020583187006	-8.33170073852015	-13.6536288334075	-9.79564783827994	-10.8462739113499	-11.2613114106287	-13.6536288334075	-10.6092347140491	-13.6536288334075	-18.4849487344682	-9.34984808523041	-13.3317007385201	-7.57147979205364	-18.4668093519586
np0697	-18.4462271471724	-8.3577194489802	-17.9648879574086	-9.73184375499299	-8.90295567138574	-18.6943578872215	-7.50809605404453	-18.0189119165308	-14.3948087677154	-17.7604210873886	-5.80671881066246	-11.1984115549119	-1.0048413943908	-18.0467296909277	-7.82495315938447	-12.172416346379	-19.5160539399953	-18.5202426739746	-17.8816397677299	-21.5160539399953	-18.4354667979437	-11.1984115549119	-12.8098462669943	-17.7069815832335	-17.6943578872215	-14.3948087677154	-14.6578431735492	-8.90295567138574	-14.9797712684366	-7.95740345540812	-17.7361574621684	-17.6240100514525	-13.3948087677154	-7.90295567138574	-13.8098462669943	-8.36874647112922	-17.9865309296644	-16.9797712684366	-10.639921265552	-8.0758894227004	-17.431970894603	-18.9310914392741	-19.1027753967423	-17.6755849574782	-10.2793315502955	-5.59714724186166	-16.9797712684366	-13.8098462669943	-18.9648879574086	-10.7703179028076	-9.30734592646508	-11.5203396497993	-18.0315827535454	-13.9797712684366	-13.6578431735492	-14.9797712684366	-16.9797712684366	-1.33158223541254	-19.1611220392346	-16.9797712684366	-15.9797712684366	-18.4212348069659	-13.2793315502955	-18.6592085149264	-12.5203396497993	-18.4392911680949	-13.172416346379	-10.9353771490781	-15.9797712684366	-11.0728806728281	-11.5203396497993	-12.2793315502955	-11.3359150786619	-6.49696331170991	-18.6592085149264	-17.687608057609	-21.5160539399953	-13.9797712684366	-10.1342812174922	-10.7899467095566	-9.06090803116198	-14.9797712684366	-8.81989993165819	-18.6583509692635	-11.121790273309	-18.6592085149264	-19.6192062202956	-19.1611220392346	-9.57889183215439	-12.6578431735492	-15.3948087677154	-13.6578431735492	-18.129283016945	-19.0272850912691	-13.2793315502955	-16.9797712684366	-7.79241919523608	-18.7398201567927	-17.786116445496	-16.9797712684366	-18.4849487344682	-13.9797712684366	-10.3650614243214	-11.3650614243214	-18.4668093519586
np0700	-18.4462271471724	-7.38419538336904	-8.81378119121704	-4.17200606208573	-13.6081970575671	-18.6943578872215	-9.80084213550954	-18.0189119165308	-19.1439162732725	-17.7604210873886	-1.19337971287829	-7.80084213550954	-7.73168011100214	-18.0467296909277	-4.94019852189462	-11.2158796347884	-15.6081970575671	-8.19880612142944	-4.36383322244663	-21.5160539399953	-18.4354667979437	-5.63521727150085	-14.6081970575671	-4.484722259323	-9.99348721345194	-9.23315762622022	-12.2862689626798	-8.92169653038392	-18.129283016945	-5.70431521183096	-9.28626896267978	-17.6240100514525	-7.0574502721839	-5.68338455396136	-12.023234556846	-17.8543286673737	-9.96434086779242	-10.8533095554037	-14.6081970575671	-4.9094923907968	-17.431970894603	-18.9310914392741	-19.1027753967423	-8.27728017945253	-10.2506450529491	-8.90775733942605	-11.4382720561248	-11.8008421355095	-18.9648879574086	-18.4544358573167	-8.78801809515195	-9.25064505294906	-11.2862689626798	-8.02323455684599	-6.10635987266485	-11.5207342163168	-11.5207342163168	-18.4544358573167	-8.40852471273078	-11.0846351015101	-17.846702404935	-10.3227948387049	-11.4382720561248	-8.34141051687224	-8.48925598484364	-18.4392911680949	-9.14876543892985	-13.6081970575671	-11.0846351015101	-6.91122953133286	-16.646333693381	-8.92169653038392	-6.61101757662952	-5.68635612049265	-18.6592085149264	-10.9643408677924	-7.03076822953139	-8.45844993806246	-5.42953220656067	-10.3987436919382	-15.6081970575671	-12.2862689626798	-5.66714945122656	-18.6583509692635	-6.93224002462539	-12.2862689626798	-9.85330955540367	-19.1611220392346	-5.7595741171378	-5.98066317309435	-18.6924724781975	-8.02323455684599	-12.1487654389298	-19.0272850912691	-12.6081970575671	-6.4508501222043	-5.48795918022518	-18.7398201567927	-10.7013064619586	-14.023234556846	-10.8008421355095	-10.3602695441236	-9.7753070434024	-5.13550621832436	-12.8008421355095
np0703	-18.4462271471724	-7.99378756313484	-8.14579065657989	-3.95816365340412	-17.4392911680949	-18.6943578872215	-7.99378756313484	-5.71580281583507	-9.3157156580222	-17.7604210873886	-2.58439662699714	-8.73075315730105	-4.02109490913057	-11.3157156580222	-4.62921513083898	-17.5323711460796	-10.3157156580222	-18.5202426739746	-6.76112680634456	-21.5160539399953	-9.14579065657989	-6.16596853851752	-18.6095178401463	-4.5148157581019	-9.73075315730105	-11.3157156580222	-8.61527593988111	-6.14579065657989	-18.129283016945	-4.92339823524344	-11.3157156580222	-17.6240100514525	-10.3157156580222	-5.87277216217347	-9.5083607359646	-9.99378756313484	-6.56082815585873	-12.3157156580222	-16.8252817996473	-3.81188992002645	-17.431970894603	-18.9310914392741	-19.1027753967423	-17.6755849574782	-8.06778814457862	-9.14579065657989	-18.4819570601872	-18.6943578872215	-18.9648879574086	-18.4544358573167	-7.36151934763533	-9.3157156580222	-18.0315827535454	-6.0489291173273	-7.5083607359646	-17.4491002709378	-9.73075315730105	-9.5083607359646	-19.1611220392346	-10.730753157301	-17.846702404935	-5.587795203459	-9.99378756313484	-5.60147014035608	-8.22825281677186	-12.3157156580222	-10.730753157301	-12.3157156580222	-18.3552564508737	-8.40882506241368	-5.39685242074761	-7.73075315730105	-7.61527593988111	-5.24962646756443	-18.6592085149264	-8.5083607359646	-4.13580656800727	-8.5083607359646	-7.14579065657989	-5.53435594449754	-18.5482424388053	-18.1477514775078	-6.03031343915995	-18.6583509692635	-8.99378756313484	-12.3157156580222	-10.730753157301	-19.1611220392346	-5.09654713756004	-8.40882506241368	-10.3157156580222	-5.97586565513758	-11.3157156580222	-19.0272850912691	-18.4819570601872	-5.17616430562341	-7.3157156580222	-18.7398201567927	-17.786116445496	-19.6192062202956	-8.99378756313484	-8.40882506241368	-10.730753157301	-4.47022560707783	-5.65750417527041
np0705	-18.4462271471724	-5.64571708216814	-11.0101186903514	-7.03899576764158	-8.28020785371919	-18.6943578872215	-6.77895605938727	-10.9414059402674	-7.14366902077143	-17.7604210873886	-5.37756673111203	-12.1977456935272	-4.0084702098359	-13.5603157729119	-5.27557427997874	-13.7827081942484	-19.5160539399953	-18.5202426739746	-7.47588699175122	-21.5160539399953	-6.99480563485694	-7.58959356543417	-6.81500159745526	-5.50735964005005	-14.7827081942484	-11.8441087389125	-10.7529608508543	-5.41420173274068	-18.129283016945	-5.45403326692043	-12.7827081942484	-17.6240100514525	-6.68995105332852	-5.2204657700273	-14.0457426000822	-8.66031156288865	-9.11028285227688	-8.9164595831372	-11.4134743845827	-2.6147674274941	-17.431970894603	-13.7827081942484	-19.1027753967423	-17.6755849574782	-8.39039077146961	-6.45777761119949	-14.0457426000822	-16.3676706949695	-18.9648879574086	-9.05478773968517	-6.40188641030744	-10.2591462381914	-13.1977456935272	-6.06503177118198	-8.96679125868735	-10.2179235754648	-11.9753532721908	-8.05025808120466	-19.1611220392346	-10.6127831928061	-17.846702404935	-7.15092483677422	-10.3453028819411	-7.84019368890913	-9.14850217450737	-18.4392911680949	-12.3676706949695	-13.7827081942484	-16.3676706949695	-10.5603157729119	-6.67767272355009	-7.10322809474293	-9.87581759863986	-1.85987605477083	-18.6592085149264	-10.1008841542746	-4.39469090890324	-9.84410873891252	-9.81308184329189	-4.91903812723898	-13.3676706949695	-14.3676706949695	-4.69303703320226	-18.6583509692635	-10.2591462381914	-15.3676706949695	-11.9753532721908	-15.3676706949695	-6.66549800960398	-8.09154628969529	-13.1977456935272	-9.7677578527824	-12.5603157729119	-19.0272850912691	-14.3676706949695	-6.29754975049271	-5.9247271991208	-18.7398201567927	-17.786116445496	-19.6192062202956	-8.81308184329189	-8.40188641030744	-11.4134743845827	-8.53478068080479	-11.9082390763322
np0708	-18.4462271471724	-8.49984588708321	-11.6153231045031	-4.99408521739044	-10.1413919161707	-18.6943578872215	-10.6977852646951	-9.97789318388785	-19.1439162732725	-17.7604210873886	-0.998519029402675	-8.93975805500108	-9.00388839242079	-12.7852481059455	-5.39078541133514	-10.2933950096158	-19.5160539399953	-18.5202426739746	-9.49984588708321	-21.5160539399953	-10.9778931838878	-8.38436866966327	-18.6095178401463	-7.11636312167921	-11.2002856052243	-11.4633200110581	-11.6153231045031	-5.7070972982108	-13.7852481059455	-4.2572824648115	-17.7361574621684	-6.92416119995006	-4.92183614700382	-5.74222082235091	-19.1439162732725	-8.95235809178071	-17.9865309296644	-12.2002856052243	-16.8252817996473	-6.24802970540686	-10.5757947403165	-18.9310914392741	-19.1027753967423	-17.6755849574782	-10.2002856052243	-18.6943578872215	-15.7852481059455	-13.2002856052243	-12.3258164873082	-18.4544358573167	-7.24608929483742	-10.030360603782	-12.6153231045031	-8.1486234854018	-4.2769581198051	-8.42769610132737	-8.01046104634428	-6.32172373267427	-19.1611220392346	-11.3929306831667	-15.7852481059455	-18.4212348069659	-9.23065925426782	-6.56607958548329	-7.39293068316669	-18.4392911680949	-10.8783575103369	-12.7852481059455	-18.3552564508737	-7.10225352226377	-6.44539810306083	-7.06757168287906	-8.97789318388785	-11.2616861498884	-8.4723651506611	-17.687608057609	-5.95077705596123	-10.8310517955586	-11.8783575103369	-5.99734554655402	-12.6153231045031	-14.7852481059455	-6.0744416722461	-18.6583509692635	-5.03537867854861	-13.4633200110581	-12.9778931838878	-10.030360603782	-5.28939307905828	-6.17053826183025	-18.6924724781975	-9.27745346574676	-11.8783575103369	-12.0848083878044	-14.2002856052243	-10.5373205925019	-7.27745346574676	-18.7398201567927	-12.4633200110581	-19.6192062202956	-9.53732059250187	-10.1705382618302	-13.2002856052243	-6.84566889163076	-18.4668093519586
np0711	-8.19575496127933	-5.14071359772137	-14.3656799627216	-10.2782171214713	-10.1330192059314	-18.6943578872215	-13.2281764389717	-13.8802531355514	-9.97336253994288	-9.57908360083084	-6.20883843813324	-15.687608057609	-7.53026112224616	-15.1026455568879	-5.07151874402689	-13.3656799627216	-19.5160539399953	-18.5202426739746	-10.9596876030458	-9.78071746200049	-11.6001452163587	-10.5378609381043	-9.33887990337793	-7.29529063483025	-5.70247768414211	-11.2613433029069	-9.51768305616669	-7.85471804344427	-18.129283016945	-4.20934402602729	-11.3300560529909	-12.4396805441654	-4.17486759480551	-4.16233195974188	-11.8802531355514	-10.2281764389717	-13.5176830561667	-13.5176830561667	-10.2782171214713	-4.58924693027691	-11.6001452163587	-12.7807174620005	-16.687608057609	-11.9327205554455	-12.2281764389717	-13.3656799627216	-12.5176830561667	-12.687608057609	-18.9648879574086	-11.1330192059314	-7.10452529010607	-14.3656799627216	-14.687608057609	-8.1877621705258	-9.67638080218575	-9.84211800666463	-9.65418505607156	-11.7807174620005	-15.687608057609	-9.25297982997228	-10.0151827156375	-11.7807174620005	-9.85471804344427	-6.06007417313622	-7.41614502970463	-12.687608057609	-14.687608057609	-13.2281764389717	-15.687608057609	-11.1957549612793	-9.25297982997228	-12.7807174620005	-5.5732150027417	-0.937424488666907	-18.6592085149264	-16.687608057609	-6.31474299749642	-11.1957549612793	-15.1026455568879	-8.52773672083062	-12.7807174620005	-18.1477514775078	-5.96907518153979	-8.00461347392732	-9.50769896759407	-18.6592085149264	-13.3656799627216	-15.687608057609	-5.46662520652723	-6.93773863021216	-16.687608057609	-11.558325040664	-9.76874482033441	-13.687608057609	-11.1957549612793	-11.0728982134938	-7.7046144829147	-18.7398201567927	-13.1026455568879	-19.6192062202956	-18.4849487344682	-10.4781546919801	-13.2281764389717	-7.19575496127933	-18.4668093519586
np0713	-12.8156198196024	-6.09017609533138	-14.6900889375185	-6.94637651091172	-13.9531233433523	-10.720462586562	-11.8156198196024	-10.6900889375185	-19.1439162732725	-9.05588291777751	-2.26155428394796	-10.9531233433523	-11.0271239247961	-18.0467296909277	-6.51516325501783	-12.8156198196024	-19.5160539399953	-18.5202426739746	-6.53527082846641	-7.98964921937742	-12.1875885969893	-8.44850295094875	-18.6095178401463	-4.43427351464461	-7.75148948218265	-11.0271239247961	-11.4676965161821	-11.0271239247961	-12.9531233433523	-7.31504950617159	-11.0271239247961	-12.1875885969893	-7.87844665705781	-7.09763190025043	-19.1439162732725	-15.2750514382397	-8.93520143535504	-14.2750514382397	-16.8252817996473	-3.03411107503157	-12.8156198196024	-14.2750514382397	-19.1027753967423	-11.2306573188812	-10.78319834191	-11.6311952484649	-13.1051264367974	-13.2750514382397	-18.9648879574086	-18.4544358573167	-9.64569481816006	-9.98964921937742	-12.8156198196024	-7.15611036551616	-6.78319834190999	-11.3208551278528	-10.1051264367974	-18.4544358573167	-19.1611220392346	-10.8827340154609	-17.846702404935	-11.8827340154609	-11.8827340154609	-5.90763668699284	-8.45487247582448	-13.6900889375185	-12.4676965161821	-12.3681608426312	-12.6900889375185	-7.92190461274159	-8.21976900273848	-8.88273401546091	-7.05104976404156	-1.54548379839662	-16.2750514382397	-9.93520143535504	-5.66126197376709	-10.720462586562	-7.72430465285642	-7.2863667514675	-18.5482424388053	-18.1477514775078	-6.25963638585298	-8.02238600578942	-5.7214221443233	-13.4676965161821	-19.6192062202956	-11.7514894821827	-5.10700617001558	-7.18229429731982	-13.9531233433523	-7.74366997772336	-8.23065731888122	-11.6311952484649	-10.4676965161821	-6.47415153831936	-8.49369172471501	-12.8156198196024	-12.8156198196024	-15.2750514382397	-18.4849487344682	-8.46127024702263	-11.7514894821827	-7.23339228660245	-18.4668093519586
np0719	-12.2504834808311	-4.85173978889294	-9.00255596738755	-5.19655759930003	-10.55004376269	-8.69589462915349	-8.40499342988676	-12.4431285587735	-19.1439162732725	-14.2504834808311	-1.77196663315468	-9.39250248570356	-8.91063347794651	-11.66552098011	-5.00255596738755	-10.9285553859438	-12.66552098011	-11.0025559673875	-6.29919876586416	-9.12120046388617	-18.4354667979437	-7.23367519314458	-18.6095178401463	-5.10965371005813	-9.69589462915349	-10.1212004638862	-11.9285553859438	-9.31974614326825	-11.4431285587735	-5.50396915969267	-12.9285553859438	-10.2962871704443	-7.39873443941508	-5.24205485876055	-19.1439162732725	-17.8543286673737	-9.89293147621305	-11.4431285587735	-11.55004376269	-4.09819863852455	-15.2504834808311	-18.9310914392741	-19.1027753967423	-11.3435928852226	-9.20608936147268	-9.60662729105641	-11.0805584793888	-12.0805584793888	-14.2504834808311	-15.2504834808311	-8.91063347794651	-9.69589462915349	-13.2504834808311	-8.65057063864401	-6.54312434875025	-10.2962871704443	-11.7910518621938	-18.4544358573167	-19.1611220392346	-12.4431285587735	-11.3435928852226	-12.66552098011	-11.66552098011	-5.22257748426125	-7.81585525319441	-18.4392911680949	-9.34359288522261	-10.55004376269	-18.3552564508737	-6.24205485876055	-6.92855538594377	-8.59227199807934	-7.34961667285038	-2.43770450920347	-18.6592085149264	-12.9285553859438	-7.4367022896141	-10.1212004638862	-5.24205485876055	-5.26321946875859	-18.5482424388053	-18.1477514775078	-6.21706047929368	-6.64685713584494	-6.03616436003037	-12.66552098011	-12.4431285587735	-19.1611220392346	-6.15772633991128	-6.88853970709589	-12.9285553859438	-8.23925622540788	-8.77475004986474	-19.0272850912691	-8.59227199807934	-7.15245139787061	-6.16302063958079	-10.7910518621938	-10.66552098011	-12.66552098011	-9.27320355733122	-8.75863038450146	-9.29628717044426	-8.41759346666639	-14.2504834808311
np0720	-18.4462271471724	-7.81862535707594	-9.12118812709637	-5.36274280551971	-12.0280787227049	-18.6943578872215	-9.3276390045638	-9.22072380064728	-19.1439162732725	-17.7604210873886	-2.45159437590804	-10.7061506278175	-7.30015826814169	-11.4431162219837	-5.09144078370232	-17.5323711460796	-12.0280787227049	-18.5202426739746	-7.27319122054142	-21.5160539399953	-11.0280787227049	-7.00571090967643	-7.19518870854015	-5.45064989466914	-10.2207238006473	-13.0280787227049	-9.22072380064728	-7.81862535707594	-13.0280787227049	-5.65303929135796	-12.0280787227049	-13.0280787227049	-6.72429797452778	-6.44311622198373	-8.56864710406759	-9.70615062781753	-6.89879570575992	-18.3791414185299	-10.7061506278175	-4.0709766811426	-17.431970894603	-18.9310914392741	-19.1027753967423	-17.6755849574782	-10.4431162219837	-10.7061506278175	-18.4819570601872	-18.6943578872215	-18.9648879574086	-5.82840637786852	-7.70615062781753	-9.44311622198373	-12.0280787227049	-6.91955426592672	-6.34157819552167	-11.4431162219837	-10.4431162219837	-9.85815372126257	-19.1611220392346	-12.0280787227049	-17.846702404935	-7.7801512092613	-9.85815372126257	-6.48891991159686	-8.17009772757732	-13.0280787227049	-12.0280787227049	-12.0280787227049	-18.3552564508737	-8.02807872270489	-5.19518870854015	-6.53622562637521	-6.38422253293016	-3.08556421736565	-18.6592085149264	-7.63576129992613	-2.55133251876542	-9.70615062781753	-6.98368460334643	-5.45822311437394	-18.5482424388053	-18.1477514775078	-5.96198953224711	-18.6583509692635	-7.89879570575992	-18.6592085149264	-19.6192062202956	-13.0280787227049	-4.93004663974436	-5.75195431743065	-18.6924724781975	-6.89879570575992	-11.4431162219837	-19.0272850912691	-18.4819570601872	-5.20153023541397	-7.56864710406759	-18.7398201567927	-17.786116445496	-19.6192062202956	-7.7801512092613	-10.0280787227049	-18.1166993110972	-6.15771400312148	-11.0280787227049
np0724	-18.4462271471724	-4.02521167923945	-12.4310622576719	-6.32253780089373	-8.13338170903122	-18.6943578872215	-7.98260175685561	-18.0189119165308	-19.1439162732725	-17.7604210873886	-4.09939883618182	-7.74923821769816	-1.03829764012161	-14.0160247583931	-5.89449124105303	-10.5565931397558	-19.5160539399953	-18.5202426739746	-17.8816397677299	-21.5160539399953	-18.4354667979437	-10.4310622576719	-18.6095178401463	-12.4310622576719	-17.6943578872215	-10.0160247583931	-10.6940966635057	-3.09753416610075	-18.129283016945	-6.73062253953081	-17.7361574621684	-17.6240100514525	-9.03874483489314	-6.68063440369913	-19.1439162732725	-17.8543286673737	-17.9865309296644	-14.0160247583931	-12.6940966635057	-5.89968079715559	-17.431970894603	-18.9310914392741	-15.0160247583931	-17.6755849574782	-5.98260175685561	-18.6943578872215	-18.4819570601872	-10.8460997569507	-18.9648879574086	-18.4544358573167	-9.49246280233605	-7.4310622576719	-11.6940966635057	-12.0160247583931	-8.44616915006211	-10.1091341627845	-17.9797712684366	-3.29834833532666	-19.1611220392346	-17.9797712684366	-17.846702404935	-18.4212348069659	-9.4310622576719	-18.6592085149264	-8.38666813831345	-18.4392911680949	-9.2346650448684	-12.2086698363355	-15.0160247583931	-8.88674174144809	-16.646333693381	-7.88674174144809	-12.0160247583931	-18.6592085149264	-18.6592085149264	-12.6940966635057	-21.5160539399953	-10.6237073356143	-7.90750030161489	-6.18313474422832	-18.5482424388053	-11.1091341627845	-6.31558504025197	-18.6583509692635	-14.0160247583931	-12.0160247583931	-13.0160247583931	-19.1611220392346	-8.60663382225536	-9.84609975695075	-11.6940966635057	-10.315585040252	-18.129283016945	-8.08528742083017	-9.37216856861833	-9.08528742083017	-8.55659313975576	-18.7398201567927	-9.6237073356143	-12.0160247583931	-11.5565931397558	-11.1091341627845	-10.2611372562296	-9.37216856861833	-18.4668093519586
np0725	-18.4462271471724	-8.0463799352823	-9.94781610079871	-3.67081387679286	-17.4392911680949	-7.81155041070763	-10.0610267112467	-6.89765942582655	-19.1439162732725	-17.7604210873886	-0.939651781200404	-7.96149103769578	-7.91418532291743	-11.7688459597534	-5.79921960879691	-11.0907740546408	-19.5160539399953	-18.5202426739746	-6.1404611787411	-21.5160539399953	-12.6757365553619	-8.20000312439551	-18.6095178401463	-9.03188036558718	-10.0610267112467	-10.1838834590322	-11.5882737141116	-9.63134243600345	-12.6757365553619	-5.93090271786236	-14.6757365553619	-8.27485711907972	-8.13657774425388	-5.75092405175613	-19.1439162732725	-8.66450929993865	-17.9865309296644	-12.3538084604745	-9.84284654119717	-4.05918771158292	-13.0907740546408	-18.9310914392741	-10.2163049367246	-17.6755849574782	-10.6757365553619	-18.6943578872215	-18.4819570601872	-11.5058115539196	-12.5058115539196	-15.6757365553619	-8.35380846047454	-7.2663456192242	-18.0315827535454	-8.85555759294672	-6.5567954826384	-10.2163049367246	-11.5882737141116	-8.76884595975339	-19.1611220392346	-11.9752968372208	-17.846702404935	-18.4212348069659	-10.7688459597534	-7.00685157109566	-8.46628318973296	-18.4392911680949	-9.30069712401498	-12.3538084604745	-12.2163049367246	-6.94441752433684	-6.34034620066798	-8.74499921779902	-7.23694470278365	-11.5882737141116	-12.5058115539196	-17.687608057609	-7.42780904191832	-10.466283189733	-6.43494522319995	-4.48900326623304	-18.5482424388053	-13.0907740546408	-6.92084905319844	-18.6583509692635	-4.79691927074768	-12.5058115539196	-12.0907740546408	-12.2163049367246	-5.95122270224196	-6.51838961999906	-14.0907740546408	-8.11349413114083	-10.4278090419183	-15.6757365553619	-11.4278090419183	-6.65336874233345	-9.81775556023434	-18.7398201567927	-12.6757365553619	-19.6192062202956	-10.9752968372208	-10.3181845507438	-11.8683816333043	-8.56721209858374	-18.4668093519586
np0726	-18.4462271471724	-8.27413562374268	-10.9491303253263	-7.637072474463	-17.4392911680949	-18.6943578872215	-10.2792789270186	-18.0189119165308	-12.9491303253263	-17.7604210873886	-2.33726719047378	-10.8849999879066	-5.84822910975116	-18.0467296909277	-5.84536567174687	-12.601207021906	-19.5160539399953	-13.4085619439636	-6.48969870668901	-21.5160539399953	-18.4354667979437	-5.45145990240132	-7.48078398188126	-7.1845602697655	-10.5016713483551	-9.52591889460176	-12.16063443052	-8.5320449973986	-18.129283016945	-7.49567260773364	-11.16063443052	-17.6240100514525	-10.5259188946018	-5.24869060718521	-8.46604743862436	-10.3861941309351	-10.1991085783347	-14.0866338490762	-10.2792789270186	-5.58121923972949	-17.431970894603	-14.4085619439636	-19.1027753967423	-10.7081222258225	-13.8235994432424	-10.5016713483551	-18.4819570601872	-12.0866338490762	-14.8235994432424	-12.5016713483551	-7.84631951974253	-11.550580948836	-13.601207021906	-9.31052986100308	-2.27670498335481	-16.4085619439636	-10.8849999879066	-2.42922607129822	-6.09567898867925	-14.0866338490762	-17.846702404935	-4.1770407330879	-12.8235994432424	-8.23863694252129	-7.38065594739372	-12.601207021906	-12.2386369425213	-12.2386369425213	-11.6536744418001	-9.82359944324245	-12.5016713483551	-9.1047811957865	-7.62392709840608	-5.87134354342501	-18.6592085149264	-10.9491303253263	-8.36416782460515	-9.66709495756246	-6.71681842479233	-10.6806414894004	-12.16063443052	-18.1477514775078	-4.73657867187174	-18.6583509692635	-8.76470575418888	-13.0866338490762	-11.16063443052	-19.1611220392346	-4.96769277635273	-8.42556836926929	-16.4085619439636	-7.67724291293854	-12.7081222258225	-19.0272850912691	-18.4819570601872	-7.91670884763393	-8.23363626146292	-16.4085619439636	-12.3210991027133	-19.6192062202956	-10.1797432534677	-12.5016713483551	-12.2386369425213	-4.80539926442922	-18.4668093519586
np0727	-18.4462271471724	-6.81732631973133	-10.3027531469016	-6.51615678501077	-11.6246812417889	-18.6943578872215	-7.95225589981744	-9.92424152364784	-9.62468124178894	-17.7604210873886	-3.10898140350489	-11.6246812417889	-6.31179828650458	-13.6246812417889	-5.70581800451434	-13.6246812417889	-19.5160539399953	-13.6246812417889	-7.58028712243048	-21.5160539399953	-8.98082505201421	-6.99532462170933	-6.09329978127262	-5.29376436367432	-11.6246812417889	-18.3791414185299	-9.71779064618042	-6.96646975903714	-18.129283016945	-6.05482563345799	-11.6246812417889	-11.6246812417889	-5.18173774594021	-6.23236381901018	-13.6246812417889	-13.6246812417889	-7.51615678501077	-10.0397187410678	-11.3027531469016	-4.08940586516813	-17.431970894603	-12.0397187410678	-19.1027753967423	-17.6755849574782	-9.92424152364784	-8.49539822484397	-13.6246812417889	-18.6943578872215	-18.9648879574086	-8.67048493140206	-6.85649691701201	-9.62468124178894	-18.0315827535454	-6.43485668290892	-7.51615678501077	-10.8173263197313	-10.0397187410678	-11.0397187410678	-19.1611220392346	-12.6246812417889	-17.846702404935	-5.72986347848099	-10.1652496231516	-6.84332152826428	-9.37675372834535	-18.4392911680949	-17.786116445496	-13.6246812417889	-13.6246812417889	-9.5372184005386	-4.77293220037288	-7.03971874106778	-7.32090049361183	-2.01642641981103	-18.6592085149264	-8.49539822484397	-3.01827602909115	-10.6246812417889	-6.83026537543883	-4.88658898216844	-18.5482424388053	-18.1477514775078	-5.97362955061001	-18.6583509692635	-7.92424152364784	-18.6592085149264	-19.6192062202956	-19.1611220392346	-5.0700923901113	-5.67048493140206	-12.0397187410678	-8.58028712243048	-10.3027531469016	-19.0272850912691	-18.4819570601872	-6.09329978127262	-8.30275314690157	-18.7398201567927	-17.786116445496	-19.6192062202956	-7.05482563345799	-10.4547562403466	-12.6246812417889	-7.86979373962547	-18.4668093519586
np0729	-18.4462271471724	-6.64950801975439	-17.9648879574086	-10.2210500047132	-10.5836200840979	-18.6943578872215	-18.3552564508737	-18.0189119165308	-19.1439162732725	-17.7604210873886	-4.0444612729899	-16.8818468512374	-11.3909750061555	-18.0467296909277	-6.57079604374035	-17.5323711460796	-19.5160539399953	-18.5202426739746	-9.80601250543438	-10.2210500047132	-18.4354667979437	-9.30351216490519	-18.6095178401463	-5.69053528801444	-9.58362008409793	-13.3909750061555	-17.0009682812804	-11.3909750061555	-18.129283016945	-5.8440805462679	-9.80601250543438	-17.6240100514525	-7.8363861544779	-6.36860719312708	-19.1439162732725	-17.8543286673737	-17.9865309296644	-18.3791414185299	-16.8252817996473	-2.68707143271087	-12.3909750061555	-18.9310914392741	-19.1027753967423	-17.6755849574782	-16.2990291016585	-11.0690469112682	-18.4819570601872	-18.6943578872215	-18.9648879574086	-18.4544358573167	-6.54548495521116	-6.82111939782459	-18.0315827535454	-5.99009556987335	-8.74711881638081	-17.4491002709378	-17.9797712684366	-9.80601250543438	-19.1611220392346	-11.0690469112682	-17.846702404935	-18.4212348069659	-11.8060125054344	-7.48408441054702	-8.99865758337677	-18.4392911680949	-17.786116445496	-12.3909750061555	-18.3552564508737	-10.8060125054344	-11.3909750061555	-9.48408441054702	-7.01593557480861	-1.05586383773067	-18.6592085149264	-17.687608057609	-5.11020423602493	-11.8060125054344	-16.7398201567927	-7.74711881638081	-11.8060125054344	-18.1477514775078	-4.97312249126964	-9.22105000471322	-6.8363861544779	-18.6592085149264	-19.6192062202956	-12.3909750061555	-4.90715922889128	-6.08719425797843	-18.6924724781975	-11.3909750061555	-9.39097500615553	-19.0272850912691	-10.0690469112682	-6.48408441054702	-6.70447447897232	-18.7398201567927	-17.786116445496	-19.6192062202956	-18.4849487344682	-7.80601250543438	-18.1166993110972	-6.57079604374035	-18.4668093519586
np0731	-11.2167390472311	-4.34388262574867	-8.74702864181955	-5.22537644429171	-12.3001550554187	-9.32178507139024	-9.84698242725308	-11.1075099774763	-10.3526224753128	-13.6050096369471	-1.30270671591882	-10.0486162884227	-9.1037578426152	-11.9111127646728	-5.73863979605218	-11.3349204735794	-12.8851175561399	-11.7151925546975	-6.96030505253407	-8.70947890350315	-10.1455780183098	-8.40938412517346	-18.6095178401463	-5.5017218285351	-10.1000154409294	-10.670104665169	-11.4256859375026	-8.29159304191527	-11.7382761678106	-5.95311377076406	-12.4070702593352	-10.8098294288356	-7.78859063246128	-5.94974200167828	-15.3705443833101	-12.8344914830699	-10.9242881534205	-11.6924724781975	-10.9920327600564	-4.80772957461776	-17.431970894603	-15.1075099774763	-15.6924724781975	-11.7855818825889	-9.39326445981018	-11.2330408595602	-12.8344914830699	-12.3705443833101	-14.1075099774763	-13.7855818825889	-8.90456991880603	-10.6263832877397	-12.3001550554187	-9.28308154205976	-7.55420067802524	-9.90456991880603	-11.8098294288356	-15.3705443833101	-19.1611220392346	-12.5631894612525	-12.4445449647539	-11.0925596360103	-11.6050096369471	-4.1609691735832	-8.58918466978544	-14.5225474767551	-10.6263832877397	-12.0777626340822	-12.5631894612525	-5.99898552069813	-5.37110804615801	-8.38413344805805	-6.890764119281	-3.08757182105151	-18.6592085149264	-12.4070702593352	-6.84698242725308	-10.5427253586928	-6.0143125206547	-5.48271452161607	-14.3705443833101	-15.6924724781975	-7.34153329665103	-6.67636063997695	-5.94679815419532	-13.3001550554187	-12.937584976034	-16.6924724781975	-6.26778128668451	-5.93383284117288	-17.6924724781975	-9.53260114141907	-9.2958676970156	-19.0272850912691	-9.54781423536558	-7.55548136611723	-8.8251937384878	-11.1226168698665	-11.2006193818678	-12.3001550554187	-8.2371452578929	-9.58918466978544	-10.7499579728582	-8.89805661184735	-18.4668093519586
np0732	-13.9753500305209	-6.75540711656674	-13.9753500305209	-7.34366366420887	-13.761225225168	-18.6943578872215	-6.48189482959469	-11.2704780660645	-14.7123156246871	-17.7604210873886	-4.05630795783821	-10.4000376998334	-10.6362126456013	-13.5748121009371	-4.21439727497501	-10.1597746016583	-16.6192062202956	-12.6884688827327	-6.24579726006689	-21.5160539399953	-5.78611848187358	-8.46945910079091	-18.6095178401463	-5.80022468086314	-11.8912857657324	-13.3338040014333	-10.6766917149563	-9.7396229706828	-12.9467808783241	-6.8042232838688	-17.7361574621684	-14.1597746016583	-6.66500990990871	-6.68183240010344	-19.1439162732725	-12.5106817635174	-10.9397261207901	-13.1597746016583	-11.2441667889487	-3.1934985729566	-13.4899232033506	-14.0342437195744	-15.811851298238	-13.0342437195744	-6.95120768462306	-18.6943578872215	-14.7123156246871	-12.2972781254082	-16.6192062202956	-9.87437238279604	-8.13841601919977	-13.2268887975168	-12.3338040014333	-4.83354941886839	-7.97264751014104	-9.9362116366139	-11.6419262967957	-16.0342437195744	-14.2268887975168	-10.0044963761804	-17.846702404935	-13.371278706852	-15.0342437195744	-9.371278706852	-7.52578865590763	-15.1597746016583	-11.2972781254082	-13.2972781254082	-13.9753500305209	-7.27602050484771	-6.29277673317328	-8.89128576573239	-9.55581113900708	-0.97445566780588	-7.99532473028213	-15.4492812188533	-21.5160539399953	-13.5748121009371	-9.57754706865837	-6.28688989009637	-18.5482424388053	-16.6192062202956	-7.13136618647254	-18.6583509692635	-7.47837644952259	-17.0342437195744	-18.6192062202956	-17.0342437195744	-5.65884221141775	-7.92484833307414	-18.6924724781975	-9.82154469444183	-9.246341160183	-19.0272850912691	-10.4392971302807	-11.6192062202956	-7.81992459877366	-17.0342437195744	-10.0684594349123	-18.6192062202956	-12.8643187181321	-9.25507156528754	-11.811851298238	-8.55177185953906	-18.4668093519586
np0738	-13.2836878351425	-5.96304843622366	-17.9648879574086	-8.70733846472601	-12.0910427572001	-18.6943578872215	-12.5060802564789	-16.0910427572001	-14.5060802564789	-17.7604210873886	-4.49718481834183	-13.5060802564789	-11.5060802564789	-18.0467296909277	-6.23461722857453	-17.5323711460796	-19.5160539399953	-15.0910427572001	-5.78270372706065	-21.5160539399953	-12.2836878351425	-9.36312230263686	-18.6095178401463	-7.57140650435684	-13.2836878351425	-14.0910427572001	-13.7691146623127	-10.5991896608704	-15.0910427572001	-7.96692144537087	-17.7361574621684	-17.6240100514525	-7.11662816739453	-7.35295049757957	-19.1439162732725	-12.6316111385628	-12.5060802564789	-18.3791414185299	-10.2083997078382	-5.54318425114164	-17.431970894603	-14.5060802564789	-19.1027753967423	-13.0910427572001	-10.8815893915711	-18.6943578872215	-18.4819570601872	-14.5060802564789	-18.9648879574086	-13.0910427572001	-8.03576032169887	-14.0910427572001	-14.0910427572001	-7.99301067423953	-7.24869241378625	-8.78726200902295	-17.9797712684366	-12.2836878351425	-14.0910427572001	-12.0910427572001	-17.846702404935	-18.4212348069659	-16.0910427572001	-9.82425621650516	-9.0798155017768	-18.4392911680949	-12.390603039059	-16.0910427572001	-16.0910427572001	-8.7691146623127	-5.54801093694482	-9.80564053833781	-11.5060802564789	-0.434841377005504	-7.0303468255125	-17.687608057609	-21.5160539399953	-17.0733884685424	-7.75119275431543	-4.5056107056071	-18.5482424388053	-18.1477514775078	-9.49112991501293	-18.6583509692635	-9.02495356674229	-18.6592085149264	-19.6192062202956	-19.1611220392346	-7.82894791182988	-9.14852825186082	-18.6924724781975	-11.3361552550366	-9.82425621650516	-19.0272850912691	-18.4819570601872	-12.0910427572001	-9.49112991501293	-18.7398201567927	-11.6987253344213	-19.6192062202956	-11.8431152437565	-12.9211177557577	-13.7691146623127	-9.64809926135133	-18.4668093519586
np0741	-18.4462271471724	-10.8488678362771	-12.9939181690804	-3.04235323753663	-17.4392911680949	-17.6943578872215	-9.84886783627708	-18.0189119165308	-12.939470385058	-17.7604210873886	-0.644403010981522	-8.35673598522894	-12.939470385058	-11.9939181690804	-6.25712598618197	-15.1093953865003	-11.671990074193	-18.5202426739746	-17.8816397677299	-21.5160539399953	-18.4354667979437	-15.3724297923341	-10.7518433818822	-17.7069815832335	-16.6943578872215	-14.8870029651638	-15.1093953865003	-13.0505016974467	-11.2514143913727	-11.5446107677168	-17.7361574621684	-17.6240100514525	-4.58142974536634	-11.671990074193	-19.1439162732725	-12.2349262685842	-17.9865309296644	-14.8870029651638	-10.9129981736968	-11.0361464044697	-17.431970894603	-18.9310914392741	-7.64043200569035	-17.6755849574782	-13.6068950459711	-17.6943578872215	-16.1093953865003	-17.6943578872215	-15.6943578872215	-9.99391816908036	-7.16785864808489	-10.3905771390443	-18.0315827535454	-17.5280572417884	-13.7874672916129	-17.4491002709378	-17.9797712684366	-8.19650605027033	-19.1611220392346	-17.9797712684366	-17.846702404935	-18.4212348069659	-11.649963767863	-18.6592085149264	-8.98011236955533	-18.4392911680949	-10.3106535947474	-7.18458288289451	-12.5650748702765	-7.50206507275068	-12.02193254525	-12.6943578872215	-15.3724297923341	-14.1093953865003	-18.6592085149264	-17.687608057609	-21.5160539399953	-12.4464303737779	-5.05841308843273	-11.5045333283414	-18.5482424388053	-16.1093953865003	-11.3193184558745	-18.6583509692635	-17.4491002709378	-18.6592085149264	-19.6192062202956	-19.1611220392346	-13.1707959311644	-6.03793302394367	-15.3724297923341	-8.4971411941114	-18.129283016945	-19.0272850912691	-14.3724297923341	-14.1093953865003	-10.6831306317982	-18.7398201567927	-15.1093953865003	-17.6943578872215	-8.64450933777089	-16.7803347081239	-16.6943578872215	-3.48057015979596	-18.4668093519586
np0742	-8.40622111366774	-5.17623707977983	-17.9648879574086	-5.41238209829441	-10.1838286923313	-14.1286871381388	-7.36580684522183	-12.9911836143889	-19.1439162732725	-17.7604210873886	-1.41491400867886	-10.2411618673972	-8.50224800144152	-12.6432603109686	-6.82490638996173	-9.66925551950153	-19.5160539399953	-12.5437246374177	-12.1286871381388	-21.5160539399953	-9.26079067414618	-9.20268771958261	-18.6095178401463	-7.06259794768106	-12.2026877195826	-11.6432603109686	-9.63043627061101	-7.70914824662505	-15.4506152330262	-5.58102138978541	-17.7361574621684	-13.6432603109686	-8.73636971536007	-5.92020889592713	-19.1439162732725	-9.89602638134856	-17.9865309296644	-12.4506152330262	-13.6432603109686	-2.62794482689285	-12.6432603109686	-13.2806902315839	-13.2806902315839	-8.36846619167232	-10.6432603109686	-11.7501755148851	-18.4819570601872	-13.865652732305	-14.1286871381388	-14.865652732305	-6.98913578574004	-10.6177252188615	-14.1286871381388	-10.0076717371775	-7.12868713813883	-9.26079067414618	-11.865652732305	-10.3845260425684	-19.1611220392346	-11.9270532769692	-17.846702404935	-11.2806902315839	-8.84328491927658	-5.95176602649447	-5.47119003769472	-12.1286871381388	-12.2026877195826	-10.5198778954633	-8.66271267363476	-6.36447900799889	-5.59496806699893	-7.72951604431901	-7.27818772438071	-3.36282092823829	-18.6592085149264	-11.5437246374177	-21.5160539399953	-11.4506152330262	-8.99940412119387	-7.25832241855543	-12.9911836143889	-14.1286871381388	-8.53772589679623	-18.6583509692635	-6.33687306697701	-18.6592085149264	-14.865652732305	-19.1611220392346	-4.93294584489238	-5.4590933869505	-18.6924724781975	-8.15140721463892	-11.2806902315839	-15.4506152330262	-8.91923377250988	-9.65619936667609	-6.40622111366774	-6.38587246827594	-11.0243504783241	-13.6432603109686	-12.1286871381388	-11.4964189226393	-14.4506152330262	-7.13320261926132	-18.4668093519586
np0744	-18.4462271471724	-6.41049491354822	-9.89987975428715	-5.0669897401224	-12.6003194724282	-18.6943578872215	-10.0153569717071	-4.39574832817903	-12.2783913775409	-17.7604210873886	-2.82347524002607	-11.2783913775409	-4.19092853629054	-12.0153569717071	-4.40310277931819	-12.2783913775409	-12.0153569717071	-14.6003194724282	-7.26046946954361	-21.5160539399953	-10.8998797542871	-6.25602356451242	-9.14088785379094	-4.47878595508821	-9.20800204964948	-10.6934288768197	-8.95646328265351	-6.09649373443249	-18.129283016945	-5.48657730637905	-10.7929645503706	-17.6240100514525	-7.02289064439249	-5.62877591847747	-19.1439162732725	-11.2783913775409	-5.6144775354249	-11.7929645503706	-10.7929645503706	-3.89901301046961	-17.431970894603	-14.6003194724282	-19.1027753967423	-17.6755849574782	-7.45057235292356	-9.84543197026477	-18.4819570601872	-18.6943578872215	-18.9648879574086	-18.4544358573167	-8.17405471772614	-10.8998797542871	-11.4303944709859	-5.17195929972395	-5.96369485188459	-11.0153569717071	-8.98560962831303	-11.0153569717071	-19.1611220392346	-9.60031947242824	-17.846702404935	-6.06504409580743	-11.6003194724282	-5.24276746781015	-8.49179501565007	-13.0153569717071	-17.786116445496	-14.6003194724282	-13.6003194724282	-8.7674294582635	-5.35002105452191	-8.39086610679929	-9.35239195898465	-4.49965713342304	-18.6592085149264	-8.17405471772614	-4.29882327744569	-8.84543197026477	-7.84543197026477	-4.95646328265351	-13.6003194724282	-18.1477514775078	-5.07479866333317	-18.6583509692635	-9.64612316204136	-13.0153569717071	-11.1408878537909	-19.1611220392346	-5.20585677781792	-8.55592535306978	-10.7929645503706	-6.00040663024111	-11.4303944709859	-19.0272850912691	-14.6003194724282	-5.33822462705806	-8.47103645548327	-18.7398201567927	-14.6003194724282	-19.6192062202956	-8.53423028197047	-8.01535697170708	-18.1166993110972	-4.28290685866337	-8.29653872425113
np0746	-10.5503744289375	-4.19282242431945	-15.5045707393244	-5.91585610374215	-11.8041310211833	-18.6943578872215	-9.12953130797749	-10.182642644437	-13.5045707393244	-6.99677609912571	-1.3647795971734	-8.84635925657262	-9.64658974419684	-18.0467296909277	-6.40390840031921	-14.5045707393244	-19.5160539399953	-18.5202426739746	-8.94998188764677	-6.9849344864812	-6.78347155061723	-9.35482361981973	-8.63420601974101	-6.08671822443851	-7.68439177690922	-11.5976801437159	-10.5976801437159	-9.9810087832674	-11.182642644437	-7.81108378182508	-17.7361574621684	-8.39604628254624	-9.14701873470633	-8.36501938692562	-13.9196082386033	-9.16472073643978	-11.9196082386033	-9.37528772237944	-10.2951173736955	-7.77665028476121	-11.182642644437	-14.5045707393244	-19.1027753967423	-11.5045707393244	-8.74968323716094	-12.5045707393244	-9.02883730835801	-13.182642644437	-14.5045707393244	-8.04513912068711	-8.14701873470633	-14.5045707393244	-15.5045707393244	-9.91960823860325	-7.72978367972324	-13.5045707393244	-9.41710789807407	-12.0451391206871	-19.1611220392346	-12.3346457378821	-10.5045707393244	-12.3346457378821	-13.5045707393244	-2.44725586154171	-9.80413102118332	-9.77665028476121	-13.5045707393244	-13.182642644437	-11.3346457378821	-4.00173893525767	-9.64658974419684	-10.2951173736955	-5.70690921347065	-4.33715259349267	-18.6592085149264	-9.11225331654565	-5.62958939167064	-12.0451391206871	-11.8041310211833	-7.59768014371589	-18.5482424388053	-18.1477514775078	-9.14701873470633	-10.2191685204622	-7.07830598462231	-14.5045707393244	-19.6192062202956	-19.1611220392346	-4.94137446710767	-6.46291158768719	-9.67168072515967	-8.94998188764677	-8.07830598462231	-10.2191685204622	-10.2566432258808	-9.57383340176152	-10.0127176429947	-10.6465897441968	-12.9196082386033	-14.5045707393244	-14.5045707393244	-10.460176619966	-18.1166993110972	-6.29511737369546	-18.4668093519586
np0748	-9.30833903013941	-2.41801227940534	-10.7977238708783	-7.32823858757711	-11.4107007477691	-18.6943578872215	-12.0387319703821	-12.6908086669618	-19.1439162732725	-8.44288115351823	-3.0098213114869	-11.1762354941321	-5.6732048484909	-12.1762354941321	-4.94453429510306	-14.4981635890194	-13.9132010882983	-18.5202426739746	-8.61552053965758	-7.76345396879359	-9.32823858757711	-9.34841646951474	-14.4981635890194	-4.96873303487327	-9.23137704832452	-10.4107007477691	-10.0718988343173	-8.28871022339047	-15.4981635890194	-6.71026102962799	-12.9132010882983	-11.9132010882983	-7.59127299341091	-6.81516900533774	-19.1439162732725	-9.71680387549477	-10.5912729934109	-11.6908086669618	-11.4981635890194	-6.38702791878472	-17.431970894603	-11.6908086669618	-19.1027753967423	-11.1762354941321	-7.25975884969435	-13.1762354941321	-9.14061158440134	-12.9132010882983	-18.9648879574086	-13.4981635890194	-7.81166306183621	-17.786116445496	-11.4107007477691	-8.17623549413206	-8.26934489852354	-13.9132010882983	-12.1762354941321	-7.63397744436514	-19.1611220392346	-9.79772387087833	-9.1583135861348	-9.08877265288172	-14.4981635890194	-5.70212398018965	-7.95126912913179	-15.4981635890194	-11.9132010882983	-12.6908086669618	-10.3282385875771	-7.40540644809957	-9.66527357485468	-9.26934489852354	-5.57335108541364	-1.87531100315576	-18.6592085149264	-12.0387319703821	-4.17454582572785	-10.1406115844013	-10.8543073992447	-6.72008645948407	-11.6908086669618	-18.1477514775078	-5.59729678103868	-7.1627732343255	-7.05937173644116	-13.4981635890194	-12.6908086669618	-19.1611220392346	-5.32199043991193	-5.60183118510948	-11.2502360755758	-9.54396727863255	-9.49816358901943	-8.71680387549477	-9.32823858757711	-10.7977238708783	-8.21276137015718	-13.9132010882983	-13.9132010882983	-19.6192062202956	-18.4849487344682	-8.27899506855726	-14.4981635890194	-5.89453724403323	-18.4668093519586
np0749	-11.2648056020872	-4.24773208872826	-9.79914202973839	-5.78830047009096	-11.7502324292574	-8.61272890550751	-9.16526992853628	-11.3351949299786	-9.42830433437008	-17.7604210873886	-1.46822515162377	-9.84976810280835	-8.72638568730307	-11.8497681028084	-5.77295250575752	-11.5696601836156	-12.657123024866	-10.2308582701639	-6.60184058936477	-8.39973518217331	-10.4871980234236	-8.20591191303363	-18.6095178401463	-5.00517441414251	-9.79914202973839	-10.3717208060037	-11.7502324292574	-8.04241318075075	-10.6127289055075	-6.03141418180149	-12.1976914062287	-11.4091955114224	-7.43312135066785	-6.06840838928369	-14.657123024866	-11.1976914062287	-10.0132668350912	-12.1976914062287	-11.4871980234236	-4.95928666690358	-17.431970894603	-15.657123024866	-14.657123024866	-10.0721605241448	-9.05721018267883	-10.527840007921	-13.0721605241448	-11.7502324292574	-14.0721605241448	-14.0721605241448	-8.71460851952672	-10.5696601836156	-13.3351949299786	-8.99891154211416	-6.76230526155802	-9.90223552270249	-12.4871980234236	-18.4544358573167	-19.1611220392346	-11.9566833067249	-11.3351949299786	-9.79914202973839	-12.0721605241448	-4.45683741964166	-9.21417952901723	-18.4392911680949	-10.1025341731883	-12.4871980234236	-12.0721605241448	-5.8790458953306	-5.90056670234187	-8.91565603846481	-6.02231197469424	-2.52398081246536	-18.6592085149264	-11.5696601836156	-7.15727713778275	-10.0721605241448	-6.14734802053902	-5.67412945017165	-13.657123024866	-18.1477514775078	-7.024127827723	-7.61272890550751	-5.9106087037275	-13.657123024866	-11.3351949299786	-19.1611220392346	-6.52526606425717	-6.04241318075075	-18.6924724781975	-9.19769140622866	-9.40919551142237	-19.0272850912691	-9.95668330672487	-7.88233596526479	-8.24773208872826	-11.1335610688089	-11.9566833067249	-13.657123024866	-10.1335610688089	-9.16526992853628	-10.7502324292574	-8.97062249768274	-18.4668093519586
np0751	-4.73969896750175	-5.40026907728434	-11.3881223193841	-7.64238651559011	-6.37716786249444	-18.6943578872215	-7.4953759060958	-13.4237462291148	-9.96431461047747	-17.7604210873886	-3.307662236351	-12.2221123679451	-3.54462250969886	-14.160711823281	-3.50607579475301	-9.33628338786443	-19.5160539399953	-11.3194095693	-10.6582114827518	-21.5160539399953	-11.8387837283936	-7.82086182039635	-8.15321728673405	-4.64599776914249	-12.1018181342274	-11.4602721051399	-9.82681108672754	-6.36737946809024	-18.129283016945	-5.01138809190579	-13.2862427053648	-11.9907868218387	-8.57574932255982	-5.91753783980803	-16.7456743240021	-10.5362209583732	-17.9865309296644	-12.6582114827518	-12.2221123679451	-2.87473171735277	-17.431970894603	-11.9907868218387	-19.1027753967423	-17.6755849574782	-8.80315981866289	-13.160711823281	-14.160711823281	-18.6943578872215	-13.7456743240021	-9.33628338786443	-6.97088726440096	-10.7914780136153	-10.637149867224	-8.60101608117025	-4.82867527491933	-9.31104609636541	-14.160711823281	-12.1018181342274	-19.1611220392346	-8.57574932255982	-17.846702404935	-12.6582114827518	-11.2221123679451	-8.00420733760099	-9.05917379681892	-18.4392911680949	-13.2862427053648	-11.1910854723245	-12.2221123679451	-10.031428806336	-6.87685176922713	-7.58580298722374	-7.21819731794174	-3.03314732356231	-7.71500718775519	-12.5757493225598	-7.26994089303574	-10.8876933288746	-8.90647053590519	-4.47830239273686	-12.6582114827518	-18.1477514775078	-4.51025838839961	-18.6583509692635	-6.90962396894406	-14.160711823281	-12.2221123679451	-19.1611220392346	-4.23961473517419	-7.45105357511051	-16.7456743240021	-8.9577717646107	-11.7914780136153	-19.0272850912691	-13.5757493225598	-10.0177538694389	-8.55584976512212	-18.7398201567927	-10.3706348926552	-19.6192062202956	-11.2221123679451	-9.36197003152808	-9.41475744588752	-10.1758187156712	-18.4668093519586
np0754	-10.4491486453754	-4.20022238143098	-10.0532199690443	-6.03886467606723	-10.9966364406779	-8.27081140411692	-8.33952415420094	-12.3751480639317	-11.2376445401817	-17.7604210873886	-1.89718747015543	-9.74287984843215	-8.18928151862033	-13.697076158819	-5.02819117455277	-11.8897212367614	-12.697076158819	-18.5202426739746	-6.02111912587727	-8.76633882125614	-9.37514806393166	-8.30475873604026	-18.6095178401463	-4.72266156901349	-10.5271511573767	-10.3047587360403	-11.3751480639317	-7.51716706880409	-11.2376445401817	-5.68864753674844	-11.2376445401817	-12.1121136580979	-7.64179372331783	-5.77226365521324	-19.1439162732725	-12.697076158819	-11.697076158819	-10.8897212367614	-10.4491486453754	-4.76781775018205	-17.431970894603	-18.9310914392741	-13.697076158819	-10.3047587360403	-6.82055921225402	-10.7901855632105	-12.1121136580979	-12.1121136580979	-18.9648879574086	-13.697076158819	-8.37514806393166	-10.173514202762	-11.8897212367614	-7.94218865665555	-6.9288918340421	-9.27081140411692	-13.1121136580979	-18.4544358573167	-19.1611220392346	-12.1121136580979	-12.697076158819	-12.3751480639317	-12.697076158819	-5.79319431308284	-8.63098696836125	-13.1121136580979	-10.9966364406779	-13.697076158819	-12.1121136580979	-6.40245540992739	-5.76043821981645	-8.60961331756868	-6.68584890339577	-2.10368503602729	-18.6592085149264	-12.3751480639317	-7.04602446764009	-9.56779314187406	-6.23764454018172	-4.83289001416474	-18.5482424388053	-18.1477514775078	-6.80225839551108	-6.9828306411529	-5.58333399276983	-18.6592085149264	-13.1121136580979	-14.697076158819	-6.40245540992739	-6.05683122259668	-18.6924724781975	-9.65268203946057	-10.3047587360403	-19.0272850912691	-9.27081140411692	-8.03886467606723	-7.69707615881902	-11.697076158819	-12.3751480639317	-12.697076158819	-10.3047587360403	-8.17351420276201	-10.6096133175687	-9.74287984843215	-18.4668093519586
np0755	-18.4462271471724	-7.41412885514436	-7.44288784812579	-3.64489998220484	-12.3401282737006	-18.6943578872215	-8.75516577297943	-8.49213136714564	-12.3401282737006	-17.7604210873886	-2.5107226492963	-8.60677393308676	-5.9512499348886	-10.6176622492295	-4.89552745998909	-11.9616166504469	-10.532773351643	-11.2697389458092	-5.98081795681015	-21.5160539399953	-10.1384944125309	-5.73131903102506	-12.0770938678668	-4.43203593288232	-9.90716886642448	-10.2357916138859	-9.85470144653035	-6.16820091934713	-12.2026247499507	-5.05380154661004	-11.1384944125309	-17.6240100514525	-7.54831420253876	-5.15327120652344	-19.1439162732725	-13.0770938678668	-7.52763004836702	-10.7551657729794	-10.0770938678668	-4.24420385370205	-15.662056368588	-14.0770938678668	-19.1027753967423	-14.662056368588	-7.65643181939407	-8.14635653030391	-11.1384944125309	-14.0770938678668	-15.662056368588	-14.662056368588	-8.28701693724103	-8.49213136714564	-10.452603002959	-6.64803589827302	-7.20262474995065	-9.85470144653035	-12.8547014465303	-12.8547014465303	-14.662056368588	-9.85470144653035	-17.846702404935	-7.69627208392586	-11.4141288551444	-6.47470429538745	-7.6013604369004	-18.4392911680949	-8.6508291131647	-13.3401282737006	-10.3766541497257	-7.17824059132369	-6.75216328481791	-7.39059334068358	-6.94781085092183	-3.11902454833271	-18.6592085149264	-9.53277335164298	-5.07897360108502	-8.17824059132369	-5.48214727857302	-3.91848417965232	-13.0770938678668	-10.7551657729794	-5.78094240791285	-18.6583509692635	-7.50723825953585	-13.0770938678668	-10.2697389458092	-12.4921313671456	-5.32666601389402	-7.96161665044686	-11.4141288551444	-7.19853199531677	-8.90716886642448	-19.0272850912691	-10.452603002959	-5.90716886642448	-6.26117693230577	-15.662056368588	-11.0770938678668	-19.6192062202956	-9.17020327225828	-9.75516577297943	-10.2026247499507	-5.49087957093618	-9.41412885514436
np0756	-6.74515076807767	-3.92037121229898	-17.9648879574086	-10.8095826406727	-9.20624161063666	-18.6943578872215	-12.7026674367562	-15.5100223588138	-11.9250598580926	-17.7604210873886	-7.28602068461566	-16.8818468512374	-7.65204136368619	-18.0467296909277	-6.07331081667655	-17.5323711460796	-19.5160539399953	-18.5202426739746	-11.7026674367562	-11.6031317632052	-10.866166169039	-11.5100223588138	-10.5558260484269	-7.12631806633971	-10.117704936035	-12.3400973573715	-17.0009682812804	-7.55582604842689	-18.129283016945	-4.37303124673354	-14.5100223588138	-17.6240100514525	-4.88157681867658	-4.7509664196536	-19.1439162732725	-8.30056899318481	-17.9865309296644	-18.3791414185299	-6.66767201539996	-4.65515397555353	-14.5100223588138	-18.9310914392741	-19.1027753967423	-13.5100223588138	-11.5100223588138	-11.9250598580926	-13.9250598580926	-18.6943578872215	-18.9648879574086	-8.26209484537018	-7.93259353077802	-12.9250598580926	-14.5100223588138	-9.36027523930908	-9.70266743675616	-10.1880942639264	-14.5100223588138	-12.5100223588138	-19.1611220392346	-11.2620948453702	-8.65204136368619	-11.3400973573715	-12.5100223588138	-8.00222771861507	-8.54423807415168	-18.4392911680949	-17.786116445496	-14.5100223588138	-18.3552564508737	-12.3400973573715	-10.0505907401765	-16.6919070560448	-6.23389795353953	-0.657785475428805	-18.6592085149264	-17.687608057609	-10.1524703541957	-12.0505907401765	-15.5100223588138	-9.36027523930908	-15.5100223588138	-18.1477514775078	-5.96505792602453	-9.72866264528911	-10.866166169039	-18.6592085149264	-15.5100223588138	-19.1611220392346	-7.60313176320525	-8.53274243531385	-18.6924724781975	-11.9250598580926	-11.5100223588138	-15.5100223588138	-11.5100223588138	-10.5100223588138	-7.5971330225838	-18.7398201567927	-13.9250598580926	-19.6192062202956	-18.4849487344682	-10.3005689931848	-14.5100223588138	-9.3807393418688	-18.4668093519586
np0757	-18.4462271471724	-7.43586620292011	-10.9241526842296	-8.53948883399427	-8.09407768567191	-18.6943578872215	-8.23609669054433	-14.0940776856719	-9.92415268422959	-17.7604210873886	-3.94878235073831	-11.6346460670346	-2.43519679062403	-18.0467296909277	-5.85567294634683	-13.0940776856719	-14.0940776856719	-18.5202426739746	-9.88462432004295	-21.5160539399953	-11.2867227636143	-7.88462432004296	-5.84377926776557	-7.2931777857516	-11.0066148444216	-10.7017602628931	-9.57051572961489	-5.95965136545098	-18.129283016945	-5.3509262915594	-12.0940776856719	-17.6240100514525	-7.2931777857516	-5.20838131233251	-12.2867227636143	-7.60222458934223	-7.61026190840765	-18.3791414185299	-10.7721495907845	-2.71740962381424	-17.431970894603	-12.2867227636143	-19.1027753967423	-17.6755849574782	-9.53948883399427	-9.92415268422959	-18.4819570601872	-18.6943578872215	-18.9648879574086	-8.66781293096981	-5.8604580089122	-9.84615017222832	-18.0315827535454	-8.06065468413445	-10.0940776856719	-9.77214959078454	-9.39363796753081	-7.45745306512826	-19.1611220392346	-11.9241526842296	-17.846702404935	-6.91416859565697	-10.139881375285	-7.45745306512826	-9.04968356631345	-14.0940776856719	-17.786116445496	-17.7069141533982	-13.5091151849507	-9.88462432004295	-3.95708657359167	-7.85567294634683	-7.61834425470551	-2.46403813301581	-18.6592085149264	-11.2867227636143	-4.87490916520974	-8.7902969374948	-15.0940776856719	-6.26752919838099	-15.0940776856719	-18.1477514775078	-6.58628304547321	-18.6583509692635	-8.08285043024865	-15.0940776856719	-12.2867227636143	-19.1611220392346	-5.4647210655923	-7.49416484348478	-12.0940776856719	-10.2867227636143	-12.7721495907845	-19.0272850912691	-18.4819570601872	-6.42874176848673	-5.76316080755729	-18.7398201567927	-17.786116445496	-19.6192062202956	-8.04968356631345	-9.50911518495075	-12.0940776856719	-6.99078987725988	-13.5091151849507
np0758	-18.4462271471724	-8.58387673139723	-13.6606923284481	-4.79109848520728	-10.9058048262846	-13.0757298277269	-10.5732294871977	-8.30314032382998	-10.8027113333205	-17.7604210873886	-0.841461243922909	-9.3387642335607	-8.69490804378598	-12.2012607098108	-5.38806254347169	-11.0168361386733	-19.5160539399953	-18.5202426739746	-8.76587456514012	-21.5160539399953	-11.6606923284481	-8.74182909117347	-18.6095178401463	-9.06077948626094	-13.6606923284481	-10.9058048262846	-10.3387642335607	-8.36607157955644	-12.2012607098108	-4.36722067960993	-17.7361574621684	-5.90914826935896	-6.63002519220112	-6.13126177430191	-19.1439162732725	-8.51094520894338	-17.9865309296644	-11.960252610307	-11.1371303723911	-5.89914109600358	-11.2683749056693	-18.9310914392741	-11.6606923284481	-17.6755849574782	-10.6162982090896	-18.6943578872215	-14.0757298277269	-12.3387642335607	-12.6606923284481	-18.4544358573167	-7.20948121661573	-8.09844990422699	-13.3387642335607	-8.24283981356217	-5.39859748307788	-9.12153351734003	-8.16084644136486	-7.91922534204692	-19.1611220392346	-12.0757298277269	-17.846702404935	-18.4212348069659	-10.4907673270058	-6.28348179805951	-8.23442757374596	-18.4392911680949	-11.2683749056693	-13.0757298277269	-18.3552564508737	-7.02769713130511	-5.68914877449729	-7.56266024548754	-8.56266024548754	-10.3387642335607	-8.48078323843313	-17.687608057609	-5.92260006882757	-10.5732294871977	-10.9058048262846	-5.44273463058395	-18.5482424388053	-18.1477514775078	-7.38922930054369	-18.6583509692635	-5.48451917934057	-13.6606923284481	-13.3387642335607	-13.6606923284481	-5.17889289678231	-5.44515932870241	-18.6924724781975	-8.81520227750369	-12.0757298277269	-13.6606923284481	-12.3387642335607	-9.09083672011712	-7.48078323843313	-18.7398201567927	-12.0757298277269	-12.3387642335607	-7.86627646209796	-10.1061034767704	-13.3387642335607	-6.96372480221378	-18.4668093519586
np0759	-4.77534642245209	-10.0829957288891	-17.9648879574086	-10.8054617533602	-9.70112509354542	-18.6943578872215	-5.99810683130256	-18.0189119165308	-19.1439162732725	-17.7604210873886	-8.97764272874284	-13.5424273475264	-6.65165641728113	-18.0467296909277	-4.44878970914807	-9.87946233480394	-19.5160539399953	-18.5202426739746	-15.1273898482475	-21.5160539399953	-5.18487534290828	-17.6592085149264	-14.1273898482475	-11.6679582296102	-13.5424273475264	-10.9574648468052	-17.0009682812804	-7.21450051201756	-18.129283016945	-10.26940885312	-17.7361574621684	-17.6240100514525	-6.27252146498729	-6.39946939368432	-19.1439162732725	-17.8543286673737	-17.9865309296644	-18.3791414185299	-11.8054617533602	-2.16630195825019	-17.431970894603	-15.1273898482475	-19.1027753967423	-17.6755849574782	-10.6679582296102	-11.3200349261899	-18.4819570601872	-13.5424273475264	-18.9648879574086	-8.4131443305814	-9.01886539146935	-17.786116445496	-11.5424273475264	-17.5280572417884	-12.8054617533602	-11.8054617533602	-17.9797712684366	-7.88898510892245	-19.1611220392346	-17.9797712684366	-5.52561905983981	-7.50533802879115	-18.1439162732725	-10.1273898482475	-8.7523504169006	-18.4392911680949	-17.786116445496	-17.7069141533982	-18.3552564508737	-12.5424273475264	-16.646333693381	-11.3200349261899	-9.10502203521907	-1.02344641835597	-18.6592085149264	-17.687608057609	-10.8794623348039	-11.1273898482475	-16.7398201567927	-10.3200349261899	-18.5482424388053	-18.1477514775078	-7.13870516147536	-11.8054617533602	-6.83737100131491	-18.6592085149264	-19.6192062202956	-19.1611220392346	-10.26940885312	-6.80997723448265	-18.6924724781975	-14.1273898482475	-15.1273898482475	-13.1273898482475	-18.4819570601872	-17.9797712684366	-6.84198762938528	-15.1273898482475	-17.786116445496	-19.6192062202956	-12.8054617533602	-5.85826316909811	-18.1166993110972	-6.28503950483372	-18.4668093519586
np0761	-18.4462271471724	-6.46416435675002	-10.2542412873758	-4.86766023414617	-17.4392911680949	-18.6943578872215	-8.66927878665463	-5.18815209691802	-19.1439162732725	-17.7604210873886	-3.5865383556467	-11.8392037880969	-3.78121206533777	-11.8392037880969	-4.4772600143617	-17.5323711460796	-19.5160539399953	-18.5202426739746	-6.08431628593348	-21.5160539399953	-18.4354667979437	-6.30004497698891	-7.28461493641931	-4.27314974992585	-9.83920378809694	-18.3791414185299	-8.31564183203993	-6.05784407457228	-18.129283016945	-5.42981285195924	-17.7361574621684	-17.6240100514525	-7.25424128737579	-5.80578078655949	-19.1439162732725	-10.5172756932096	-6.86192386459703	-11.2542412873758	-16.8252817996473	-3.24674675082886	-17.431970894603	-18.9310914392741	-19.1027753967423	-17.6755849574782	-7.13876406995585	-8.51727569320958	-18.4819570601872	-18.6943578872215	-18.9648879574086	-9.83920378809694	-8.31564183203993	-10.8392037880969	-10.8392037880969	-5.49935378521232	-6.98122279296937	-17.4491002709378	-11.8392037880969	-12.8392037880969	-19.1611220392346	-9.13876406995585	-17.846702404935	-5.90846645053406	-10.5172756932096	-6.01902482568176	-8.44688636531818	-18.4392911680949	-17.786116445496	-17.7069141533982	-12.8392037880969	-9.37977216945965	-4.96883906851354	-8.59127627465336	-8.83920378809694	-3.34334876120977	-18.6592085149264	-9.25424128737579	-3.82797653267369	-8.83920378809694	-8.03184886603934	-4.944386024789	-18.5482424388053	-18.1477514775078	-4.7517409468466	-18.6583509692635	-10.0318488660393	-18.6592085149264	-11.2542412873758	-19.1611220392346	-5.11810459938976	-7.93231319248843	-11.8392037880969	-6.88500747771007	-10.0318488660393	-19.0272850912691	-12.8392037880969	-5.77311459763917	-7.70992077115198	-18.7398201567927	-17.786116445496	-19.6192062202956	-6.83920378809694	-8.08431628593348	-12.8392037880969	-7.19534759832222	-10.2542412873758
np0762	-13.3728378597234	-7.10230891734271	-17.9648879574086	-7.39098520643369	-12.5248409531685	-18.6943578872215	-14.1098034538896	-12.2353343359735	-19.1439162732725	-8.12491034627984	-2.05339153031628	-11.5248409531685	-11.302448531832	-12.8874110325532	-6.562908994002	-17.5323711460796	-14.6947659546108	-15.6947659546108	-7.10605131902853	-7.92658162983386	-18.4354667979437	-9.58624149783262	-18.6095178401463	-4.3219008944982	-7.48531258898184	-11.7878753590023	-10.9943262364697	-11.7878753590023	-13.1098034538896	-7.32407854780357	-13.6947659546108	-11.302448531832	-8.61795035755996	-7.63407002292323	-19.1439162732725	-13.6947659546108	-10.5654829376658	-18.3791414185299	-16.8252817996473	-2.83639635475605	-11.5248409531685	-15.6947659546108	-19.1027753967423	-12.6947659546108	-10.9943262364697	-15.6947659546108	-15.6947659546108	-13.1098034538896	-18.9648879574086	-18.4544358573167	-8.49509360977442	-5.75665662839155	-12.5248409531685	-9.02234061263929	-6.12301331110724	-10.8874110325532	-10.7878753590023	-13.6947659546108	-19.1611220392346	-17.9797712684366	-17.846702404935	-12.6947659546108	-13.1098034538896	-6.50000910018854	-8.59673387165026	-18.4392911680949	-11.6947659546108	-10.5654829376658	-14.1098034538896	-8.32844374036497	-11.0509097648361	-10.2029128582811	-7.32844374036497	-1.97185171917427	-18.6592085149264	-10.5248409531685	-5.48897270521363	-10.9398784524473	-9.81212290524895	-7.93987845244732	-18.5482424388053	-18.1477514775078	-6.33282218087555	-9.05090976483606	-7.41399518448019	-13.6947659546108	-19.6192062202956	-11.7878753590023	-3.69970548757807	-6.33063129960274	-13.3728378597234	-8.38188299932643	-8.39098520643368	-19.0272850912691	-9.09485311242366	-5.63812823949759	-9.7640286170479	-18.7398201567927	-12.2353343359735	-19.6192062202956	-18.4849487344682	-7.91340624108613	-13.1098034538896	-6.25182245876206	-18.4668093519586
np0764	-18.4462271471724	-6.79434029894884	-8.45683940014102	-5.81688286759993	-10.3461359357348	-18.6943578872215	-10.9982126323145	-8.36262405852337	-10.2206050536509	-17.7604210873886	-3.35925962332175	-10.37930279967	-5.06578694459884	-11.6356425529298	-4.81475447521849	-11.8986769587636	-19.5160539399953	-14.8055675543721	-6.36677570179384	-21.5160539399953	-11.5576400409285	-6.92292450501026	-8.50178680619499	-4.73611778694431	-12.3461359357348	-11.2206050536509	-8.73947836391432	-5.92598430475931	-13.8055675543721	-5.75571900492154	-12.6356425529298	-17.6240100514525	-6.79154708405716	-5.48476700549046	-10.6356425529298	-9.78319974134364	-7.11556958295265	-12.2206050536509	-11.5576400409285	-2.99720663893931	-17.431970894603	-13.8055675543721	-19.1027753967423	-17.6755849574782	-7.99178636315506	-10.8986769587636	-13.8055675543721	-18.6943578872215	-18.9648879574086	-8.31371445804242	-6.96321721095829	-9.61574299549208	-14.2206050536509	-6.10860002813781	-6.47017719967817	-11.5576400409285	-10.8986769587636	-7.01440466581708	-19.1611220392346	-10.8055675543721	-17.846702404935	-6.13491130525366	-10.2509787026945	-6.35435644253977	-8.50178680619499	-18.4392911680949	-10.4836394594847	-14.2206050536509	-18.3552564508737	-8.53878101367719	-5.22719486301129	-7.52944314909786	-7.40896277319024	-2.66409899897901	-18.6592085149264	-7.3298341234057	-3.3425541409224	-8.87483021680921	-7.01115168802199	-5.40896277319024	-12.3461359357348	-13.4836394594847	-5.48815494060723	-18.6583509692635	-8.57674886387622	-14.8055675543721	-11.105127836231	-14.8055675543721	-4.42835702398355	-7.47913806724979	-11.4836394594847	-7.55290212192185	-11.0506800522086	-19.0272850912691	-18.4819570601872	-5.93212344185672	-8.94758655924452	-18.7398201567927	-17.786116445496	-19.6192062202956	-8.54817971167945	-9.1473560716203	-11.4836394594847	-6.78319974134364	-11.9982126323145
np0766	-18.4462271471724	-5.9752999847712	-9.87786140971669	-6.2470319002382	-8.68116949871159	-18.6943578872215	-12.653155122542	-13.4467042450746	-10.7837392323521	-17.7604210873886	-3.77805559384856	-11.1247761501872	-6.37846338376175	-13.7686323399619	-6.00541997314753	-13.4467042450746	-14.0316667457957	-17.3535948406831	-7.10804213442741	-21.5160539399953	-13.8941632220458	-8.73888499656788	-6.31879587810582	-4.7782919656097	-12.653155122542	-13.0316667457957	-11.2038477211784	-6.89211539339693	-18.129283016945	-6.07050648765909	-15.3535948406831	-17.6240100514525	-6.41108033534385	-5.70703613052854	-10.1344263202209	-9.4228575031202	-8.55917897433298	-14.7686323399619	-11.3092007213246	-3.94446913021777	-17.431970894603	-14.0316667457957	-19.1027753967423	-17.6755849574782	-9.38205128673231	-11.7388849965679	-18.4819570601872	-15.7686323399619	-18.9648879574086	-5.69538335793129	-6.51991409202835	-8.48940869602881	-13.2661319994327	-7.02941429406435	-7.98290743387587	-12.0681926218208	-11.5987073385196	-7.87381457665399	-19.1611220392346	-12.0681926218208	-17.846702404935	-7.38925397289067	-9.79900598900545	-7.06588246113364	-9.36491015391092	-15.3535948406831	-12.653155122542	-12.1836698392408	-13.1056673272395	-8.46181113746478	-7.46942432157465	-6.0087441567401	-6.51754448562502	-2.15572545729817	-18.6592085149264	-9.98727262643727	-2.25708556490213	-10.1736857506682	-7.91272567307222	-4.92995364560723	-13.1836698392408	-18.1477514775078	-5.28548836482431	-18.6583509692635	-9.29289890899553	-18.6592085149264	-13.4467042450746	-14.0316667457957	-5.08096505570672	-4.95138216796845	-15.3535948406831	-7.93996691165892	-12.7686323399619	-19.0272850912691	-18.4819570601872	-7.48477228590809	-9.72423822060348	-18.7398201567927	-15.7686323399619	-19.6192062202956	-9.48940869602881	-9.21404348828429	-12.8941632220458	-8.787540802512	-12.4467042450746
np0768	-18.4462271471724	-6.80852546576554	-8.56751736626175	-4.78414130713858	-17.4392911680949	-18.6943578872215	-9.09803208296053	-4.76811119731963	-11.2679570844028	-17.7604210873886	-1.84064424026787	-16.8818468512374	-4.83332885676611	-10.2679570844028	-4.94602898951548	-12.2679570844028	-19.5160539399953	-11.2679570844028	-7.1804942431525	-21.5160539399953	-11.2679570844028	-6.48659737087818	-8.02002957095925	-4.67550004713476	-8.1804942431525	-18.3791414185299	-9.46060216234524	-6.26795708440284	-18.129283016945	-5.58145655721962	-11.2679570844028	-17.6240100514525	-7.1804942431525	-6.02002957095925	-19.1439162732725	-17.8543286673737	-5.52649009800169	-18.3791414185299	-9.68299458368168	-4.17519994348299	-17.431970894603	-18.9310914392741	-19.1027753967423	-17.6755849574782	-7.22356296504439	-10.2679570844028	-18.4819570601872	-18.6943578872215	-18.9648879574086	-9.46060216234524	-7.87563966162408	-17.786116445496	-18.0315827535454	-5.44777812198765	-6.07813252552282	-10.2679570844028	-9.46060216234524	-11.2679570844028	-19.1611220392346	-12.2679570844028	-17.846702404935	-5.33721974683995	-11.2679570844028	-5.72879827329481	-8.36106648879432	-18.4392911680949	-10.6829945836817	-17.7069141533982	-8.68299458368168	-9.09803208296053	-6.40997608927527	-8.02002957095925	-7.02002957095925	-4.95507412911848	-18.6592085149264	-9.09803208296053	-4.67550004713476	-8.56751736626175	-8.68299458368168	-4.88425279192879	-18.5482424388053	-18.1477514775078	-6.24558927137438	-18.6583509692635	-9.26795708440284	-18.6592085149264	-19.6192062202956	-19.1611220392346	-5.46060216234523	-9.68299458368168	-18.6924724781975	-6.7133682327252	-11.2679570844028	-19.0272850912691	-18.4819570601872	-5.51306958223937	-7.80852546576554	-18.7398201567927	-17.786116445496	-19.6192062202956	-8.56751736626175	-8.36106648879432	-18.1166993110972	-4.76016244420414	-7.56751736626175
np0771	-18.4462271471724	-8.44640167018818	-17.9648879574086	-5.33031482037342	-17.4392911680949	-18.6943578872215	-10.0473057147784	-18.0189119165308	-12.3692338096657	-17.7604210873886	-1.14201900487243	-11.3692338096657	-8.97691638688696	-12.9541963103869	-5.41697790984828	-17.5323711460796	-14.9541963103869	-12.3692338096657	-6.21272932398573	-21.5160539399953	-18.4354667979437	-6.09932792712664	-11.2537565922458	-5.77180195698235	-9.66879409152463	-11.0473057147784	-10.9541963103869	-16.7702939501526	-18.129283016945	-7.56187888760812	-8.97691638688696	-13.9541963103869	-9.63226821549951	-6.91527732109457	-9.33948646627167	-17.8543286673737	-9.22627585582368	-18.3791414185299	-11.4947646917496	-5.70153087793663	-17.431970894603	-12.1468413883293	-19.1027753967423	-10.5618788876081	-11.2537565922458	-10.7842713089446	-18.4819570601872	-13.9541963103869	-13.3692338096657	-11.1468413883293	-7.44640167018818	-11.1468413883293	-18.0315827535454	-8.14684138832927	-3.01314870404629	-12.9541963103869	-10.5618788876081	-13.3692338096657	-9.07155326102503	-12.1468413883293	-17.846702404935	-8.93182849735842	-12.1468413883293	-7.05937854707893	-9.52793155568478	-18.4392911680949	-12.9541963103869	-12.3692338096657	-10.1468413883293	-9.33948646627167	-13.3692338096657	-9.86673346913654	-5.90434776093631	-6.50711308417722	-18.6592085149264	-8.93182849735842	-6.0900101657326	-11.1468413883293	-7.07767936382188	-10.1468413883293	-18.5482424388053	-18.1477514775078	-6.62776682326457	-18.6583509692635	-8.84567185360871	-18.6592085149264	-19.6192062202956	-19.1611220392346	-5.14845243823526	-8.59664430576879	-18.6924724781975	-6.10244726897082	-13.3692338096657	-19.0272850912691	-18.4819570601872	-7.3321444909305	-8.19930880822341	-18.7398201567927	-17.786116445496	-19.6192062202956	-12.1468413883293	-16.7803347081239	-12.9541963103869	-2.96338323123327	-12.1468413883293
np0772	-9.28339037215372	-8.63702732676842	-17.9648879574086	-11.9995974061531	-7.56854758888566	-18.6943578872215	-5.56854758888566	-18.0189119165308	-19.1439162732725	-17.7604210873886	-9.05206482604727	-16.8818468512374	-1.07828775063165	-18.0467296909277	-4.19962201446113	-17.5323711460796	-19.5160539399953	-18.5202426739746	-7.77352932667329	-21.5160539399953	-11.4850242333234	-17.6592085149264	-8.80695232821074	-11.4850242333234	-17.6943578872215	-8.97406231404599	-17.0009682812804	-5.6854188108707	-18.129283016945	-6.58778380774857	-17.7361574621684	-17.6240100514525	-6.45380550271265	-8.06548534180959	-19.1439162732725	-5.73281086545823	-17.9865309296644	-12.2219898274896	-8.43191289686381	-7.2523634765331	-17.431970894603	-18.9310914392741	-19.1027753967423	-17.6755849574782	-11.3475207095734	-18.6943578872215	-14.8069523282107	-7.60727998337437	-18.9648879574086	-8.99959740615313	-9.85275601782386	-11.3475207095734	-18.0315827535454	-9.94897133308316	-10.7194894869604	-17.4491002709378	-17.9797712684366	-3.35316727271458	-11.1065126100696	-12.8069523282107	-17.846702404935	-10.414634905432	-10.414634905432	-18.6592085149264	-13.2219898274896	-18.4392911680949	-14.8069523282107	-14.8069523282107	-18.3552564508737	-14.8069523282107	-12.2219898274896	-16.6919070560448	-17.5280572417884	-2.12351903537533	-18.6592085149264	-17.687608057609	-21.5160539399953	-9.99959740615313	-11.6370273267684	-11.9995974061531	-12.8069523282107	-18.1477514775078	-9.44940032359265	-18.6583509692635	-17.4491002709378	-12.8069523282107	-12.8069523282107	-10.2833903721537	-10.9000617326022	-17.7069815832335	-18.6924724781975	-17.785426924465	-18.129283016945	-6.76255820885228	-14.8069523282107	-11.1065126100696	-9.90006173260222	-18.7398201567927	-13.8069523282107	-19.6192062202956	-18.4849487344682	-16.7803347081239	-11.9995974061531	-11.6370273267684	-18.4668093519586
np0773	-18.4462271471724	-8.75020450927987	-5.58027950783756	-3.14139526660435	-17.4392911680949	-18.6943578872215	-8.61270098552994	-7.54857064811022	-11.0721326041672	-17.7604210873886	-2.83611841226715	-8.48717010344608	-5.47221976198011	-18.0467296909277	-4.84331391367135	-17.5323711460796	-9.75020450927987	-18.5202426739746	-6.82420509072365	-21.5160539399953	-18.4354667979437	-5.30394827939031	-12.0721326041672	-5.12961809882799	-10.0721326041672	-10.4871701034461	-10.0721326041672	-6.14139526660435	-11.0721326041672	-4.8922235141523	-9.48717010344608	-17.6240100514525	-7.16524200855872	-4.92238548466255	-19.1439162732725	-10.0721326041672	-6.98466976291689	-10.0721326041672	-11.0721326041672	-3.64586784946514	-17.431970894603	-18.9310914392741	-19.1027753967423	-17.6755849574782	-7.26477768210963	-7.90220760272492	-12.0721326041672	-18.6943578872215	-18.9648879574086	-18.4544358573167	-8.16524200855872	-8.90220760272492	-11.0721326041672	-6.78673038530499	-7.61270098552994	-17.4491002709378	-10.4871701034461	-18.4544358573167	-19.1611220392346	-11.0721326041672	-17.846702404935	-6.5175437524896	-9.75020450927987	-6.18948955480539	-7.07213260416723	-18.4392911680949	-7.75020450927987	-17.7069141533982	-18.3552564508737	-7.21415160903966	-6.86267923853828	-8.16524200855872	-8.26477768210963	-3.56037995039985	-18.6592085149264	-9.07213260416723	-4.73228260128261	-8.16524200855872	-5.78673038530499	-4.67981518138847	-18.5482424388053	-10.4871701034461	-5.5329737930592	-18.6583509692635	-7.82420509072365	-18.6592085149264	-10.0721326041672	-9.75020450927987	-5.62918910831851	-8.37169288602614	-10.4871701034461	-7.82420509072365	-9.48717010344608	-19.0272850912691	-12.0721326041672	-6.5175437524896	-5.50227699583629	-18.7398201567927	-9.75020450927987	-19.6192062202956	-10.4871701034461	-11.0721326041672	-10.0721326041672	-4.91226126738884	-8.26477768210963
np0774	-18.4462271471724	-7.84143696733014	-10.8333996482647	-4.39266887530511	-17.4392911680949	-18.6943578872215	-9.23778990334406	-18.0189119165308	-13.7402902438732	-17.7604210873886	-1.23290852191798	-9.19596972764943	-8.23249560367455	-14.003324649707	-4.93992956841852	-12.2377899033441	-19.5160539399953	-9.80169078853738	-4.91851626190267	-21.5160539399953	-18.4354667979437	-5.74499417709461	-11.6813965548197	-4.7544483068699	-8.46727174946682	-10.1959697276494	-11.3710564342075	-9.53083687824429	-18.129283016945	-6.86377329730824	-9.34797282109448	-17.6240100514525	-9.68139655481967	-6.50188550454816	-8.94154845212034	-15.3252527445944	-10.5438930310697	-12.8658211259571	-12.1553277431521	-5.26793786681169	-17.431970894603	-14.7402902438732	-19.1027753967423	-9.5973322900312	-10.4672717494668	-9.6528274026229	-12.8658211259571	-18.6943578872215	-18.9648879574086	-13.7402902438732	-7.76301032037332	-11.4183621489859	-12.4183621489859	-8.12558039975803	-4.22722066163387	-12.0773252311508	-9.02147199641729	-14.7402902438732	-10.3710564342075	-12.1553277431521	-17.846702404935	-9.29182974305695	-10.7402902438732	-6.90529256674651	-8.60415355588721	-18.4392911680949	-10.9329353218156	-12.7402902438732	-10.5973322900312	-8.04912833932016	-14.3252527445944	-8.94154845212034	-5.55872383599553	-6.20631167187089	-18.6592085149264	-8.92437330831221	-5.33019227756168	-9.63875221741118	-6.25513180011757	-10.2591635541366	-18.5482424388053	-12.3252527445944	-5.85561092735488	-18.6583509692635	-7.37688551300972	-13.7402902438732	-19.6192062202956	-19.1611220392346	-4.82043375696156	-6.11579937896545	-11.5178978225368	-5.57454575836945	-11.2808586252359	-19.0272850912691	-14.003324649707	-6.70686724233579	-7.37980890821649	-14.7402902438732	-10.5178978225368	-19.6192062202956	-8.31962819540052	-10.7402902438732	-10.5703652424309	-4.22820824527145	-11.3710564342075
np0775	-18.4462271471724	-6.89964269807823	-12.524133562986	-6.33430900410601	-17.4392911680949	-18.6943578872215	-18.3552564508737	-18.0189119165308	-19.1439162732725	-17.7604210873886	-0.905901026325918	-9.06470194434873	-7.27620604954244	-18.0467296909277	-4.91187937059713	-17.5323711460796	-19.5160539399953	-18.5202426739746	-6.56993725259915	-21.5160539399953	-18.4354667979437	-6.50918322152005	-10.9391710622649	-7.76924606082256	-8.64966444506988	-10.9391710622649	-10.6496644450699	-16.7702939501526	-18.129283016945	-6.30174114164958	-17.7361574621684	-17.6240100514525	-9.64966444506988	-6.30819616378688	-7.91927150482716	-17.8543286673737	-10.0216332224568	-12.1090960637072	-12.1090960637072	-7.34091173893026	-17.431970894603	-18.9310914392741	-19.1027753967423	-9.40865634556609	-9.58553410765017	-9.78716796881982	-18.4819570601872	-18.6943578872215	-11.524133562986	-18.4544358573167	-6.23873134412378	-13.1090960637072	-18.0315827535454	-7.97981304676222	-7.28891710129199	-10.3017411416496	-8.78716796881982	-18.4544358573167	-4.78042113637923	-17.9797712684366	-17.846702404935	-9.15489975332031	-12.524133562986	-7.04300687324941	-9.25111506857961	-13.1090960637072	-17.786116445496	-12.1090960637072	-9.46523987393246	-7.66615256785845	-12.524133562986	-9.06470194434873	-5.03228046665635	-5.14620005836992	-18.6592085149264	-10.6496644450699	-6.47973944362757	-9.93917106226487	-11.7871679688198	-11.3017411416496	-14.1090960637072	-11.7871679688198	-4.94670473495028	-18.6583509692635	-7.00057160692901	-18.6592085149264	-19.6192062202956	-19.1611220392346	-3.30254644172122	-7.58553410765017	-18.6924724781975	-8.10909606370718	-8.55450721202955	-19.0272850912691	-13.1090960637072	-8.22645301434534	-8.89964269807823	-18.7398201567927	-10.6496644450699	-19.6192062202956	-11.3017411416496	-11.7871679688198	-18.1166993110972	-6.01106398074666	-18.4668093519586
np0776	-11.3925320935687	-5.85647919332845	-8.67006606909757	-4.96626733886657	-10.2550285698187	-18.6943578872215	-8.28819543375393	-12.1294976877349	-19.1439162732725	-17.7604210873886	-2.4296360882314	-8.15987133677839	-8.80756959284751	-11.1294976877349	-5.33508182138476	-9.80756959284751	-11.714460188456	-8.58517717151106	-5.74291663450525	-21.5160539399953	-10.714460188456	-8.04203484648453	-18.6095178401463	-7.73718026495611	-17.6943578872215	-18.3791414185299	-9.71446018845603	-7.76026387806915	-9.46653267501244	-5.76609295687135	-17.7361574621684	-11.714460188456	-7.48564149796015	-5.22260709212635	-19.1439162732725	-17.8543286673737	-9.12949768773487	-18.3791414185299	-10.2550285698187	-4.31571649651783	-13.714460188456	-18.9310914392741	-19.1027753967423	-10.714460188456	-10.3925320935687	-18.6943578872215	-18.4819570601872	-10.5445351870137	-18.9648879574086	-9.46653267501244	-8.04203484648453	-8.35690818383794	-18.0315827535454	-7.78372285089314	-6.52463562957601	-8.95957268629256	-11.3925320935687	-10.2550285698187	-19.1611220392346	-17.9797712684366	-17.846702404935	-18.4212348069659	-10.3925320935687	-7.35690818383794	-7.78372285089314	-18.4392911680949	-9.0706039986813	-11.714460188456	-10.9071052663984	-4.80756959284751	-4.10898067039436	-6.30506925231832	-7.22260709212635	-2.17142836820079	-6.28819543375393	-17.687608057609	-11.714460188456	-12.714460188456	-5.34813797421021	-3.47605544913095	-18.5482424388053	-13.714460188456	-6.4198394395644	-18.6583509692635	-6.43833578318179	-18.6592085149264	-19.6192062202956	-19.1611220392346	-6.69209237542757	-6.22260709212635	-18.6924724781975	-9.90710526639842	-9.32214276567727	-19.0272850912691	-9.54453518701371	-6.53455109844109	-7.0706039986813	-18.7398201567927	-9.25502856981873	-19.6192062202956	-9.90710526639842	-10.0140204703149	-9.62699734720569	-7.58517717151106	-18.4668093519586
np0783	-18.4462271471724	-5.09237524169358	-9.68378699339098	-6.40276684208382	-7.91006284921465	-18.6943578872215	-11.6379833037779	-13.0530208030567	-10.5790896147243	-17.7604210873886	-3.64315847497202	-10.6683569528214	-4.58496250072116	-12.222945804499	-4.79982989435191	-11.9010177096116	-13.6379833037779	-18.5202426739746	-8.78000230865028	-21.5160539399953	-11.093662787554	-7.57548737804409	-8.18402681520671	-5.56652094122123	-13.0530208030567	-11.1785516851406	-10.4415860909743	-5.57999158101868	-18.129283016945	-5.49502534993581	-14.222945804499	-14.222945804499	-6.264393089068	-5.06623066027431	-11.3649648093714	-9.04303671448407	-9.26874949411213	-14.222945804499	-11.1785516851406	-2.9778388101178	-17.431970894603	-15.222945804499	-19.1027753967423	-16.222945804499	-7.95148277659464	-10.6683569528214	-18.4819570601872	-15.222945804499	-18.9648879574086	-8.52945884699968	-6.39957856445277	-9.06307446772062	-11.4680583023355	-6.49843195137906	-6.8008810383262	-11.5225060863579	-13.6379833037779	-6.1040047317755	-19.1611220392346	-11.1785516851406	-17.846702404935	-6.91916505632191	-9.44158609097435	-7.58270086827666	-9.65309019616806	-18.4392911680949	-10.5505204625275	-17.7069141533982	-12.0530208030567	-8.80509328961311	-7.52945884699968	-6.10920363844982	-7.07828756166713	-2.15039445739182	-18.6592085149264	-9.34030275513717	-3.81169965265857	-9.26874949411213	-8.23426111772684	-5.4220459045787	-11.5790896147243	-15.222945804499	-4.75584977059326	-18.6583509692635	-9.06307446772062	-16.222945804499	-11.6379833037779	-16.222945804499	-4.85443934299132	-7.11965799608699	-13.9010177096116	-8.39639731720809	-14.222945804499	-19.0272850912691	-18.4819570601872	-6.53469549536583	-7.73510577067596	-18.7398201567927	-17.786116445496	-19.6192062202956	-9.00377728403685	-8.09882449266982	-11.1354829632487	-7.23426111772684	-12.7635141858617
np0784	-3.37739737742339	-8.60096034246777	-10.7384638662177	-6.18510336288238	-8.81246444766149	-12.3823200559924	-6.49357680709417	-10.1343925425488	-19.1439162732725	-14.3823200559924	-2.17012768408396	-10.2948572147421	-5.49509944052405	-13.0603919611051	-6.63412720640297	-9.29485721474209	-19.5160539399953	-13.7973575552713	-12.2123950545501	-12.3823200559924	-6.68883309849311	-10.7384638662177	-10.2530370390475	-11.2123950545501	-12.7973575552713	-10.3823200559924	-11.1343925425488	-7.11553351529753	-12.5749651339348	-6.42521801443015	-17.7361574621684	-13.0603919611051	-7.18264771115607	-6.21992872723553	-13.7973575552713	-17.8543286673737	-15.3823200559924	-11.2948572147421	-12.3823200559924	-5.40504013249252	-17.431970894603	-11.9228884373551	-19.1027753967423	-10.0247680513744	-10.6818803378513	-11.5749651339348	-13.7973575552713	-12.7973575552713	-18.9648879574086	-9.85875809993542	-6.54626970093436	-17.786116445496	-10.4754294603839	-9.49967700663059	-10.1343925425488	-8.38232005599243	-17.9797712684366	-7.90658662502604	-19.1611220392346	-10.8587580999354	-5.24789373577151	-13.3823200559924	-18.1439162732725	-5.9393765601437	-8.92288843735514	-14.3823200559924	-12.7973575552713	-12.0603919611051	-11.7973575552713	-4.05532888109162	-6.67841648254777	-6.02917323049435	-9.52433906086486	-1.88846460675161	-18.6592085149264	-17.687608057609	-8.90658662502604	-10.337925936634	-9.17286669036348	-10.1343925425488	-11.1343925425488	-13.7973575552713	-7.45750755238665	-10.5243390608649	-4.19002724152167	-14.3823200559924	-19.6192062202956	-15.3823200559924	-8.65439960142924	-5.24789373577151	-18.6924724781975	-12.0603919611051	-11.7973575552713	-14.3823200559924	-13.7973575552713	-9.79735755527128	-7.70283995648699	-18.7398201567927	-17.786116445496	-8.69581952880922	-10.4754294603839	-8.51195533640903	-12.3823200559924	-8.43980555065319	-18.4668093519586
np0789	-14.3381328124642	-7.17490246359587	-11.3995333571283	-6.27025034018335	-12.463663694548	-18.6943578872215	-8.78354396078653	-12.2226555950442	-14.3381328124642	-17.7604210873886	-3.10012622273204	-8.68469057386025	-9.90072750015687	-12.753170311743	-4.63942814569383	-12.3381328124642	-14.9230953131853	-11.753170311743	-3.06686433584334	-21.5160539399953	-10.1157403911277	-7.25775939600015	-18.6095178401463	-8.8462797161345	-17.6943578872215	-13.3381328124642	-12.601167218298	-10.3381328124642	-10.5307778904066	-7.44736188221893	-17.7361574621684	-12.463663694548	-9.5832453103007	-6.00871018102989	-19.1439162732725	-17.8543286673737	-10.2792391234106	-12.463663694548	-11.6751677997417	-4.05813539804273	-15.9230953131853	-18.9310914392741	-13.9230953131853	-10.2226555950442	-7.24010072950365	-18.6943578872215	-12.3381328124642	-12.3381328124642	-18.9648879574086	-13.1157403911277	-8.26488383043353	-10.9230953131853	-11.5307778904066	-7.61021235790097	-7.57436715895425	-8.99235797562244	-17.9797712684366	-15.9230953131853	-13.9230953131853	-11.463663694548	-17.846702404935	-13.3381328124642	-10.3995333571283	-7.60568269942046	-7.56994848768725	-13.9230953131853	-11.601167218298	-13.3381328124642	-14.9230953131853	-6.83298289352104	-3.60144902219395	-9.29373869310572	-9.06511431805776	-1.47040362268344	-8.07760526224095	-14.9230953131853	-21.5160539399953	-12.1157403911277	-8.39953335712832	-4.097738971706	-18.5482424388053	-18.1477514775078	-6.42724028629816	-18.6583509692635	-9.04045226382349	-18.6592085149264	-19.6192062202956	-11.601167218298	-6.38587691264673	-8.91186805776207	-18.6924724781975	-9.35323970485438	-9.29373869310572	-19.0272850912691	-11.463663694548	-9.87870119382688	-8.39953335712832	-18.7398201567927	-10.1951748586221	-15.9230953131853	-8.2792391234106	-9.44736188221893	-10.835632471935	-8.64697090791109	-18.4668093519586
np0790	-18.4462271471724	-7.78787685824967	-17.9648879574086	-8.5004371397476	-12.6066365435795	-18.6943578872215	-7.36717060888414	-10.9185805498943	-14.1915990443007	-17.7604210873886	-5.24031432933371	-11.1915990443007	-10.3502967903197	-18.0467296909277	-4.48079261060133	-9.89391849566	-19.5160539399953	-12.1915990443007	-7.79928162152192	-21.5160539399953	-4.10457827292997	-9.10413620305034	-18.6095178401463	-5.39935101463329	-10.6890987037715	-14.7765615450218	-11.1327053552471	-10.1041362030503	-18.129283016945	-6.80501799107107	-17.7361574621684	-17.6240100514525	-7.42341471952376	-7.31303717175066	-19.1439162732725	-9.33361804917311	-13.7765615450218	-13.7765615450218	-9.79928162152192	-2.88250169874782	-12.0761218268807	-13.1915990443007	-19.1027753967423	-17.6755849574782	-7.48654269808922	-18.6943578872215	-15.7765615450218	-12.4546334501345	-18.9648879574086	-7.06920241294096	-7.9436715308571	-14.7765615450218	-13.4546334501345	-4.03172770752229	-9.28470844869216	-12.6066365435795	-10.5671081793929	-11.5286340315783	-12.9692066229642	-10.0486410904586	-17.846702404935	-12.3171299263845	-18.1439162732725	-10.3171299263845	-8.33361804917311	-15.7765615450218	-11.6066365435795	-12.9692066229642	-14.1915990443007	-8.82236523463496	-7.9436715308571	-9.09006101783862	-11.0761218268807	-0.987078843572411	-9.03509455862069	-17.687608057609	-21.5160539399953	-13.1915990443007	-13.7765615450218	-7.2219726933442	-18.5482424388053	-18.1477514775078	-6.90928280531218	-18.6583509692635	-7.38424412224308	-18.6592085149264	-19.6192062202956	-19.1611220392346	-5.74451581809103	-8.34193331738511	-18.6924724781975	-10.3842441222431	-11.0216740428584	-19.0272850912691	-12.4546334501345	-13.4546334501345	-6.63701019262304	-15.7765615450218	-11.0761218268807	-19.6192062202956	-18.4849487344682	-8.9436715308571	-14.1915990443007	-8.23740273391381	-18.4668093519586
np0798	-18.4462271471724	-4.87020358656047	-8.38271881911353	-6.4408217736771	-7.09666776055476	-18.6943578872215	-11.756177214641	-12.2156088332783	-15.2156088332783	-17.7604210873886	-4.05573749649988	-10.6920468772213	-4.90045927102197	-12.8936807383909	-5.12285169235842	-12.4082539112207	-13.6306463325571	-18.5202426739746	-8.84056940193135	-21.5160539399953	-11.045683831836	-8.01593648844191	-7.90272587799392	-4.2789708942757	-12.6306463325571	-12.4082539112207	-9.78934407857617	-5.97481750111631	-18.129283016945	-5.67645002217024	-15.2156088332783	-17.6240100514525	-6.66486204789503	-5.54672384901202	-15.2156088332783	-9.69204687722126	-10.2156088332783	-18.3791414185299	-11.8936807383909	-3.30909398843132	-17.431970894603	-18.9310914392741	-19.1027753967423	-17.6755849574782	-7.95822099058562	-10.8232914104995	-18.4819570601872	-18.6943578872215	-18.9648879574086	-9.43424911975361	-6.81472939699609	-8.27309432793903	-12.8936807383909	-6.41470893335797	-7.00615546764932	-11.6306463325571	-11.8936807383909	-6.11494649427307	-19.1611220392346	-11.2156088332783	-17.846702404935	-6.76852560706862	-10.0863258163333	-8.48768837871507	-8.70781419307957	-18.4392911680949	-10.3576278381507	-17.7069141533982	-11.045683831836	-8.98679014278239	-7.2789708942757	-6.29079632967249	-7.53612873377282	-1.87381206088644	-18.6592085149264	-9.75617721464097	-3.54938483047509	-9.57175264350355	-8.3701187823339	-5.29228134785908	-11.756177214641	-14.2156088332783	-4.86356540748284	-18.6583509692635	-9.04568383183596	-18.6592085149264	-11.1281459920279	-19.1611220392346	-5.14280629873406	-7.09666776055476	-13.2156088332783	-8.61569599109114	-15.2156088332783	-19.0272850912691	-18.4819570601872	-6.41794730742451	-8.27309432793903	-18.7398201567927	-17.786116445496	-19.6192062202956	-11.4082539112207	-7.66101998160063	-11.8936807383909	-7.64575322494732	-12.6306463325571
np0799	-12.7357675472666	-5.17047502668561	-10.7357675472666	-5.54199580386996	-12.2503407200964	-8.25034072009639	-10.6653782193752	-10.8097681287104	-11.2503407200964	-12.7357675472666	-1.20039495727422	-8.99160645169623	-9.27633592862934	-11.3572559240129	-5.68483058204141	-10.8877706407117	-12.7357675472666	-12.7357675472666	-6.34345012448788	-8.86787108327398	-11.7357675472666	-7.89782430537561	-18.6095178401463	-5.18579040449481	-8.6314308874519	-11.3572559240129	-11.057695642154	-16.7702939501526	-11.5982640235167	-5.74708286049447	-9.12695830459111	-10.8097681287104	-8.03532782912554	-5.69794608183167	-19.1439162732725	-17.8543286673737	-9.41383945237927	-11.7357675472666	-12.2503407200964	-4.47273314143284	-12.7357675472666	-14.057695642154	-19.1027753967423	-10.1034993317671	-9.15080504654548	-11.5982640235167	-11.7357675472666	-13.4727331414328	-14.057695642154	-13.4727331414328	-8.19971464702643	-9.77229342329175	-12.4727331414328	-8.31622865575285	-5.74028302838913	-10.0133015227955	-10.4138394523793	-18.4544358573167	-19.1611220392346	-10.9702328009037	-17.846702404935	-13.057695642154	-12.057695642154	-5.70675646060757	-8.15080504654548	-13.4727331414328	-9.70014363753592	-11.5982640235167	-12.057695642154	-6.31960338253351	-5.31286180465445	-8.84824227652505	-7.09191135749191	-3.45453296261962	-18.6592085149264	-10.534133686097	-6.62306741451727	-10.4727331414328	-6.32637661112893	-5.72902071482605	-18.5482424388053	-13.4727331414328	-6.91303739932212	-8.73576754726664	-5.88526813350852	-18.6592085149264	-19.6192062202956	-15.057695642154	-5.28126260970927	-6.05207109296012	-10.5982640235167	-8.42833902207439	-8.47273314143284	-19.0272850912691	-9.56584254582432	-5.83852712169184	-8.94917118537583	-11.4727331414328	-10.8097681287104	-15.057695642154	-8.5499010019553	-8.48784003382305	-10.5982640235167	-8.37119511497078	-18.4668093519586
np0801	-10.701345847035	-5.29272661192716	-13.4603377475312	-4.51804882190332	-11.99085246423	-13.701345847035	-10.7857380343254	-13.99085246423	-19.1439162732725	-17.7604210873886	-1.39611317359897	-6.73766155552522	-7.99587053899663	-11.1384096526439	-5.44911049210797	-12.838849370785	-14.838849370785	-18.5202426739746	-8.58334863763657	-21.5160539399953	-14.5758149649512	-7.53506862260785	-14.838849370785	-8.12735446413487	-10.3405985032571	-11.0522530088941	-10.1163833463139	-7.55715112068613	-11.5460676215571	-6.96971825114066	-11.3027964705447	-8.98086837565739	-6.38105811052892	-6.00595935662021	-19.1439162732725	-13.2538868700638	-17.9865309296644	-13.073314624422	-10.8032254610542	-5.41931047927117	-10.2904127460889	-13.5758149649512	-14.838849370785	-17.6755849574782	-10.1163833463139	-13.5758149649512	-14.5758149649512	-12.7684600428936	-12.3534225436147	-10.1607774656723	-6.59758119345558	-12.5758149649512	-13.2538868700638	-10.701345847035	-3.60463069254649	-10.7345127109702	-7.85243843553291	-14.838849370785	-19.1611220392346	-12.4603377475312	-17.846702404935	-9.77707317319827	-12.838849370785	-8.8164815577565	-9.46033774753123	-8.43285701110912	-11.4603377475312	-10.5909218573414	-9.62161865456429	-6.8444959339261	-9.48835212370082	-12.2065811552854	-6.84110534472532	-3.95361058428903	-8.11365355355829	-8.78139909860106	-21.5160539399953	-10.9709529067923	-8.67696168840806	-4.38064784604701	-14.838849370785	-15.5758149649512	-7.91760348219937	-18.6583509692635	-5.64261610991536	-14.1607774656723	-13.2538868700638	-13.701345847035	-3.52030656108223	-5.27431876996861	-18.6924724781975	-7.88000669554172	-9.76846004289356	-12.7684600428936	-14.3534225436147	-7.85928127068977	-10.4328570111091	-15.1607774656723	-13.838849370785	-19.6192062202956	-6.39342061154663	-9.14396917798577	-12.701345847035	-5.88989817034353	-18.4668093519586
np0802	-11.2528309781205	-3.70902580215614	-11.0387061727677	-6.90800248112309	-11.8092243266449	-12.7267621664529	-9.61128494903301	-11.3117246671741	-8.5747590730079	-11.8966871678953	-2.67359047754756	-11.1962474497542	-9.53913516327718	-12.437255549258	-5.68723380226631	-12.5747590730079	-13.8966871678953	-13.5747590730079	-7.412871390631	-8.03250102324098	-10.611284949033	-8.91940724439534	-13.8966871678953	-3.473833971951	-9.29677432570813	-10.4704224131932	-10.7267621664529	-7.96004922889269	-13.8966871678953	-5.71802231688879	-12.0893322458377	-12.5747590730079	-7.75713581549647	-6.05905923472385	-19.1439162732725	-7.60666832096264	-9.40483407156558	-12.1962474497542	-9.74694004839058	-4.80789892917835	-15.8966871678953	-18.9310914392741	-19.1027753967423	-10.5391351632772	-8.44547605606293	-11.8966871678953	-12.5747590730079	-13.3117246671741	-15.8966871678953	-9.35752835678723	-9.37312521183825	-11.7267621664529	-13.8966871678953	-8.21720706838981	-6.96594983033237	-12.437255549258	-11.3117246671741	-15.8966871678953	-15.8966871678953	-11.5747590730079	-11.2528309781205	-10.5391351632772	-12.7267621664529	-5.33063312972417	-9.02632244831186	-13.5747590730079	-12.5747590730079	-12.8966871678953	-18.3552564508737	-7.1484943183058	-5.65828242857018	-9.78816271111709	-6.12190010829409	-1.64217520371861	-18.6592085149264	-11.437255549258	-6.70193031347301	-10.3117246671741	-7.05748337979832	-4.96078548562767	-15.8966871678953	-18.1477514775078	-7.02324305537988	-5.53913516327718	-6.80393002697541	-13.3117246671741	-12.8966871678953	-14.8966871678953	-5.99582035991451	-6.82522480533864	-13.8966871678953	-8.8743193548668	-10.3117246671741	-15.8966871678953	-10.6487596544517	-8.18244165022914	-9.34209831621762	-13.5747590730079	-12.7267621664529	-19.6192062202956	-10.9424908575084	-9.02632244831186	-11.5043697451165	-8.36530570737895	-15.8966871678953
np0803	-10.2890481521671	-4.6205985482704	-17.9648879574086	-8.72962074355304	-11.1677418559449	-18.6943578872215	-7.01341370955363	-10.2639571712042	-12.1219381663318	-12.6625065476945	-4.65739241599786	-12.1219381663318	-6.9671200572797	-15.1219381663318	-4.41156219512733	-11.5369756656106	-19.5160539399953	-18.5202426739746	-9.14465824283188	-8.36705066416833	-3.87104763060846	-10.1219381663318	-10.0775440469733	-4.84581376105756	-8.52948112906372	-11.9520131648895	-10.6956734116297	-5.48259745767957	-18.129283016945	-5.59739645129595	-17.7361574621684	-14.5369756656106	-6.8574955661052	-5.95828849031597	-19.1439162732725	-8.22712040302386	-12.4214984481907	-9.43543763914858	-7.09957035330334	-3.50538932255281	-14.1219381663318	-14.5369756656106	-19.1027753967423	-11.2150475707233	-7.74689873498487	-6.74039521514721	-13.8000100714444	-13.5369756656106	-18.9648879574086	-7.34386103679644	-9.15615388166971	-12.8000100714444	-12.5369756656106	-6.57890634607656	-8.52948112906372	-12.8000100714444	-12.9520131648895	-14.1219381663318	-16.1219381663318	-9.25157344674839	-10.6625065476945	-10.055848975874	-13.3145832442742	-6.61811242833605	-9.46372668358	-13.8000100714444	-13.1219381663318	-17.7069141533982	-16.1219381663318	-9.6956734116297	-10.5369756656106	-12.1219381663318	-8.50722832221659	-1.23271942385919	-18.6592085149264	-11.3145832442742	-6.81587647690346	-12.6625065476945	-11.2639571712042	-7.03978912497793	-13.5369756656106	-18.1477514775078	-7.51091336902445	-6.6421579023027	-8.09403216976192	-18.6592085149264	-19.6192062202956	-19.1611220392346	-5.68003146178956	-6.61811242833605	-12.6625065476945	-9.43543763914858	-9.8551516256369	-19.0272850912691	-10.729620743553	-11.3670506641683	-7.05315988834639	-16.1219381663318	-13.8000100714444	-16.1219381663318	-18.4849487344682	-8.01865035791978	-12.0344753250815	-7.22712040302386	-18.4668093519586
np0807	-11.4851584437557	-6.84130225398094	-17.9648879574086	-8.38829690450308	-13.0701209444768	-18.6943578872215	-7.99687196244618	-18.0189119165308	-19.1439162732725	-17.7604210873886	-3.50851476945719	-14.655083445198	-5.42867125240919	-18.0467296909277	-4.73920406636221	-10.1956518265607	-19.5160539399953	-14.655083445198	-11.3331553503106	-21.5160539399953	-8.72434610763509	-9.44563007956903	-18.6095178401463	-7.26276602241922	-13.655083445198	-11.1956518265607	-10.655083445198	-7.91361645879683	-18.129283016945	-6.96858291801476	-17.7361574621684	-17.6240100514525	-8.98265810322648	-6.8935322127535	-19.1439162732725	-7.17935001423158	-17.9865309296644	-11.8477285231404	-16.8252817996473	-3.33767083143311	-12.0701209444768	-18.9310914392741	-14.655083445198	-12.0701209444768	-8.5053363256933	-9.10049459352034	-18.4819570601872	-12.3331553503106	-18.9648879574086	-9.74819284958946	-6.74819284958946	-14.655083445198	-18.0315827535454	-3.72730548311564	-9.95464372705689	-10.7481928495895	-10.5676206039476	-10.131521489141	-6.52065712497705	-8.14728880499928	-17.846702404935	-11.655083445198	-18.1439162732725	-5.32416656708336	-9.90019594303451	-18.4392911680949	-17.786116445496	-13.0701209444768	-12.3331553503106	-8.87372373167332	-10.4851584437557	-9.52580042825301	-6.94083792753186	-1.02584067865123	-18.6592085149264	-11.655083445198	-21.5160539399953	-9.74819284958946	-16.7398201567927	-8.61068932583952	-18.5482424388053	-18.1477514775078	-9.40715593175439	-18.6583509692635	-7.00403175401905	-18.6592085149264	-19.6192062202956	-19.1611220392346	-5.99687196244618	-5.97560334569253	-18.6924724781975	-8.24569250906028	-14.655083445198	-12.0701209444768	-18.4819570601872	-13.655083445198	-8.11592463408995	-18.7398201567927	-13.655083445198	-19.6192062202956	-18.4849487344682	-8.61068932583952	-14.655083445198	-11.4851584437557	-18.4668093519586
np0811	-18.4462271471724	-8.00184408214398	-12.0146681225016	-4.49671758946949	-10.8220230445592	-12.0146681225016	-9.34628961359277	-13.237060543838	-19.1439162732725	-17.7604210873886	-1.35149126339751	-8.29846108850216	-9.13552251737595	-12.237060543838	-6.047235984958	-10.8678267341723	-19.5160539399953	-18.5202426739746	-7.67736480172729	-21.5160539399953	-9.37907954871044	-8.29846108850216	-18.6095178401463	-6.86492100299688	-9.73456020330883	-11.5740955311156	-12.0146681225016	-5.36566862945088	-12.0146681225016	-4.51311524049523	-13.5000949496718	-8.713498587781	-6.47550931139353	-5.47218895310192	-19.1439162732725	-9.39575828985707	-17.9865309296644	-10.0146681225016	-14.8220230445592	-3.7674187265985	-14.237060543838	-18.9310914392741	-13.8220230445592	-17.6755849574782	-9.89128570699628	-18.6943578872215	-15.8220230445592	-13.5000949496718	-10.3301699482295	-18.4544358573167	-7.05383871978224	-9.7559338541014	-13.237060543838	-8.93937999519733	-6.36464216548663	-5.67100650566692	-11.3625914259219	-7.93937999519733	-19.1611220392346	-12.6520980431169	-17.846702404935	-18.4212348069659	-10.207313200444	-5.74387223682452	-8.6223506997228	-18.4392911680949	-11.4297056217804	-17.7069141533982	-13.5000949496718	-6.46667194813436	-5.53315697039335	-7.70828087850998	-9.55523650386427	-14.8220230445592	-11.4297056217804	-17.687608057609	-6.75056068200254	-11.2984610885022	-7.7398740032053	-5.73191062489488	-13.5000949496718	-14.237060543838	-6.55523650386427	-18.6583509692635	-4.00344086707831	-15.8220230445592	-14.237060543838	-12.8220230445592	-4.53662082569692	-4.41581803914031	-18.6924724781975	-9.41263210842147	-9.93937999519733	-9.05383871978224	-14.237060543838	-8.21469273080956	-6.63962869115464	-18.7398201567927	-15.8220230445592	-13.0146681225016	-11.5740955311156	-11.3625914259219	-10.3957582898571	-6.78036389292195	-18.4668093519586
np0817	-6.76615545977477	-5.23067779679931	-7.62335485937575	-4.87210876008355	-8.24658737702462	-10.9528561739679	-4.22708632110614	-18.0189119165308	-13.2007836874115	-17.7604210873886	-3.27337607446246	-7.7829311725256	-3.7331781373285	-11.7413520687742	-4.39181951249223	-8.97196499691561	-12.3934287653539	-6.39665266622818	-6.57142706733189	-21.5160539399953	-9.67722173135448	-7.7413520687742	-18.6095178401463	-5.457632293299	-9.5003439692704	-9.17841587438304	-10.445896185248	-6.4728632328483	-18.129283016945	-4.90043112708328	-15.2007836874115	-14.2007836874115	-6.73725931414032	-4.88450215566528	-9.67722173135448	-13.2007836874115	-17.9865309296644	-7.12396809036066	-8.87885559252413	-3.12363417182176	-15.2007836874115	-15.2007836874115	-13.2007836874115	-17.6755849574782	-7.2819204501369	-8.22350376391158	-11.6158211866903	-11.0308586859692	-13.6158211866903	-14.2007836874115	-6.98646456661073	-7.7331781373285	-10.6158211866903	-8.58607384329629	-5.62335485937575	-7.7250502564451	-9.70893059108182	-15.2007836874115	-12.6158211866903	-11.1133208461612	-17.846702404935	-10.8084662646327	-9.27004634984861	-7.03587676073581	-8.5425722046597	-18.4392911680949	-8.5003439692704	-10.5003439692704	-10.8084662646327	-6.68508384912745	-7.97196499691561	-8.57142706733189	-8.51428316022828	-7.38700249619446	-8.66162487630346	-8.5003439692704	-7.7829311725256	-8.13469449695372	-4.98403782921619	-3.89358287827069	-12.3934287653539	-9.87885559252413	-5.10538666461894	-18.6583509692635	-5.25095697665238	-11.6158211866903	-9.29389309180298	-13.6158211866903	-6.27004634984861	-6.45931670101035	-18.6924724781975	-8.82574425606457	-7.66162487630346	-19.0272850912691	-7.71696791014724	-6.57507484434703	-5.23644281961908	-7.14550125191031	-8.63092807908055	-10.6158211866903	-9.39342876535389	-10.445896185248	-7.31814063804965	-6.93399714671659	-12.2007836874115
np0818	-10.3436724803303	-9.14117961643159	-10.7261421171527	-7.00602003314995	-10.1936470363257	-18.6943578872215	-9.59098253387111	-14.211568944323	-13.7261421171527	-17.7604210873886	-4.91053009441984	-10.7006070250456	-10.0099350831533	-13.7261421171527	-5.74559447981892	-11.8330573210693	-16.5334970392103	-18.5202426739746	-13.9485345384892	-21.5160539399953	-9.84699651202713	-11.7261421171527	-18.6095178401463	-10.8896408494356	-13.0740654205731	-9.87528555645856	-8.42497258243218	-7.81239785050317	-18.129283016945	-7.06589148912735	-12.7261421171527	-17.6240100514525	-3.81903685075432	-6.58659076475395	-19.1439162732725	-11.1759450345923	-17.9865309296644	-15.5334970392104	-16.8252817996473	-4.64437338291611	-17.431970894603	-10.8896408494356	-15.5334970392104	-12.211568944323	-11.9485345384892	-12.211568944323	-18.4819570601872	-11.2480948203481	-14.9485345384892	-18.4544358573167	-7.40164007860156	-14.5334970392104	-14.5334970392104	-11.9485345384892	-5.10513686650606	-9.00211557869404	-14.9485345384892	-13.7261421171527	-15.5334970392104	-12.2855695257668	-17.846702404935	-11.2480948203481	-16.5334970392103	-8.58512980762567	-9.29509229988527	-15.5334970392104	-13.7261421171527	-12.8330573210693	-13.5334970392104	-8.37362570243196	-6.08125579877953	-11.2480948203481	-5.90778819614589	-1.8864884007687	-18.6592085149264	-17.687608057609	-21.5160539399953	-11.3240436735814	-10.6508539898485	-6.69586910603895	-13.9485345384892	-14.9485345384892	-8.84699651202713	-1.39891028584599	-7.41455596648684	-13.9485345384892	-13.211568944323	-16.5334970392103	-5.43480694253676	-6.1969904794001	-18.6924724781975	-10.211568944323	-18.129283016945	-12.44603419796	-15.5334970392104	-8.21156894432299	-9.30467834871447	-18.7398201567927	-15.5334970392104	-14.9485345384892	-9.7920300528092	-10.1411796164316	-13.211568944323	-10.7521373256857	-18.4668093519586
np0819	-6.01026730980393	-8.89363362335142	-16.2945130596336	-5.60276954046233	-7.2555940703413	-18.6943578872215	-8.74761859974596	-12.8350814409963	-8.20175591871375	-17.7604210873886	-1.7079664368271	-12.1245880581913	-6.8915010360586	-12.04658554619	-5.26177853104689	-10.2284238691758	-19.5160539399953	-18.5202426739746	-17.8816397677299	-21.5160539399953	-9.44902300868923	-8.53962555747013	-13.487158137576	-9.44902300868923	-17.6943578872215	-11.2945130596336	-8.14985481680172	-8.19122525122158	-18.129283016945	-5.74761859974597	-17.7361574621684	-10.8682483049315	-6.67246124017722	-6.0693056226901	-14.7095505589124	-6.46479032454754	-17.9865309296644	-18.3791414185299	-12.487158137576	-5.54632021004414	-11.8350814409963	-11.8350814409963	-19.1027753967423	-10.7095505589124	-10.2070502183833	-18.6943578872215	-12.7095505589124	-11.8350814409963	-18.9648879574086	-16.2945130596336	-5.25148577603905	-7.70955055891245	-14.2945130596336	-8.1396949505815	-6.78870150571401	-8.17557198691009	-8.68718274588399	-5.33813690238393	-12.3876224640251	-9.65065686985888	-17.846702404935	-11.2070502183833	-7.24194500882945	-5.05491453038448	-8.14476594012892	-10.2721452466051	-16.2945130596336	-11.5940733414925	-18.3552564508737	-6.78870150571401	-6.013742289503	-6.33596034420259	-7.03241821426342	-2.44013162917135	-18.6592085149264	-17.687608057609	-21.5160539399953	-10.3637757220707	-16.7398201567927	-4.7996574751424	-10.5940733414925	-13.7095505589124	-8.2555940703413	-12.8350814409963	-5.2371981818509	-15.2945130596336	-13.7095505589124	-10.5940733414925	-6.14096102792549	-5.63987703110563	-18.6924724781975	-9.23923062413241	-10.8026599633039	-11.3403167492467	-7.04421464172727	-9.05610832030852	-6.07655536176949	-5.08140883999169	-13.2945130596336	-19.6192062202956	-8.20175591871375	-9.59407334149251	-15.2945130596336	-7.49685153377984	-18.4668093519586
np0822	-9.27205778647927	-7.96468552754708	-12.2888660741658	-4.9176339457962	-9.01274166889158	-14.2888660741658	-8.90516178169177	-11.7653041181088	-9.3819754785573	-17.7604210873886	-1.27244949793406	-10.0990415152858	-7.44808815057077	-12.4308850790382	-5.75116232625818	-10.0034638553036	-19.5160539399953	-18.5202426739746	-13.9669379792785	-21.5160539399953	-9.71901046583487	-8.89654865138706	-18.6095178401463	-7.65043016017535	-14.9669379792785	-11.1189410727235	-10.5746205564997	-8.7152188866725	-14.4815111521082	-6.13341534285368	-17.7361574621684	-12.7039035734447	-7.8151603245464	-6.44966228606888	-19.1439162732725	-7.50750636064116	-17.9865309296644	-14.7039035734447	-13.1189410727235	-6.98622715037827	-12.7653041181088	-15.7039035734447	-17.2888660741658	-8.78504033617007	-10.1089569841509	-13.1189410727235	-14.7039035734447	-13.0409385607222	-16.2888660741658	-18.4544358573167	-7.2485763531401	-9.04569209069287	-13.8294344555285	-8.90948770709456	-6.48715771524936	-9.83765496233349	-10.3463515688266	-6.53314392052354	-10.8965486513871	-10.2444719548074	-17.846702404935	-12.8294344555285	-6.98965805577854	-4.25750947791011	-6.60149039072835	-12.7653041181088	-11.2444719548074	-10.4559760600011	-12.7653041181088	-5.93792689261939	-4.69710999814283	-6.91274068488964	-7.88372461102948	-3.47358285778355	-18.6592085149264	-15.7039035734447	-21.5160539399953	-9.90516178169177	-12.5884263560247	-5.67922559972901	-12.0794127085369	-13.9669379792785	-8.68523972917963	-12.1595830572209	-4.69151182119421	-13.2014032329155	-14.9669379792785	-11.5884263560247	-5.56349981627018	-6.45044999836848	-18.6924724781975	-8.32308178950373	-15.7039035734447	-10.1699250014423	-8.65224145362217	-8.21472461141332	-7.11643856552034	-3.98123832690868	-11.3115861506659	-19.6192062202956	-6.39936211075434	-10.5746205564997	-12.9669379792785	-9.30018138739365	-18.4668093519586
np0827	-7.24040784308203	-3.11967181023641	-10.5038841833781	-8.5969935877696	-8.93313554187666	-16.5913470246285	-9.19046758834627	-12.7839921025709	-9.90484649744524	-17.7604210873886	-4.54354147062087	-12.3434195111849	-3.49759936184279	-14.5913470246285	-4.50057296998771	-10.918921682657	-14.5913470246285	-14.0063845239073	-7.49858988370861	-10.1484035287797	-10.1819560884908	-9.06778506857145	-9.59134702462846	-5.46851902982079	-14.0063845239073	-9.0063845239073	-12.1990296018497	-6.70870397526662	-13.5913470246285	-5.43779499292035	-14.5913470246285	-12.7839921025709	-7.1525551720502	-5.5205552152054	-11.0367581729508	-8.5969935877696	-14.5913470246285	-14.5913470246285	-9.94749083485373	-3.59858567368533	-14.2694189297411	-14.0063845239073	-19.1027753967423	-12.4214220231861	-8.48282256785029	-10.9474908348537	-14.0063845239073	-10.836459522465	-18.9648879574086	-8.67248378735386	-7.74272408419912	-12.5038841833781	-12.4214220231861	-9.96199040454885	-5.75450766487974	-11.4620640076835	-17.9797712684366	-4.00239820431378	-9.96199040454885	-9.89090730648737	-6.45435591254823	-9.86342657006526	-13.5913470246285	-7.71790291211308	-7.6112074469893	-18.4392911680949	-12.4214220231861	-12.8909073064874	-18.3552564508737	-9.62556273996637	-7.33395918193581	-9.03675817295082	-8.20764273215441	-2.0466843919451	-18.6592085149264	-14.5913470246285	-9.36252833413258	-8.843154175039	-7.91538999168671	-4.86045237808679	-10.7087039752666	-15.0063845239073	-6.22393227338163	-4.33013357326241	-8.22940325089322	-12.2694189297411	-11.0367581729508	-13.4214220231861	-6.61406710112854	-7.74272408419912	-18.6924724781975	-9.21630759328153	-12.2694189297411	-12.1319154059912	-9.43147568785007	-9.75845701046372	-9.31522261935422	-13.7839921025709	-11.9474908348537	-15.0063845239073	-15.5913470246285	-8.36252833413258	-10.1990296018497	-10.0521882135204	-18.4668093519586
np0830	-18.4462271471724	-6.30449392978285	-10.7195314290617	-8.49713900772525	-12.3044939297829	-18.6943578872215	-10.9825658348955	-10.7195314290617	-19.1439162732725	-17.7604210873886	-3.22767833273202	-10.4971390077252	-5.93817171553704	-18.0467296909277	-4.5799800766629	-13.3044939297829	-19.5160539399953	-18.5202426739746	-9.13456892834054	-21.5160539399953	-18.4354667979437	-7.30449392978285	-6.60405421164176	-4.51659137039142	-9.71953142906169	-11.3044939297829	-8.84506231114555	-7.23840473932508	-18.129283016945	-4.6356089455166	-10.9825658348955	-17.6240100514525	-8.91217650700409	-4.43104981726747	-19.1439162732725	-9.39760333417433	-5.78879409149881	-18.3791414185299	-16.8252817996473	-3.00528591139557	-17.431970894603	-18.9310914392741	-19.1027753967423	-17.6755849574782	-6.48431496736766	-10.9825658348955	-18.4819570601872	-18.6943578872215	-18.9648879574086	-10.7195314290617	-6.07567523928697	-9.60405421164176	-18.0315827535454	-5.31014049292399	-7.03770738908795	-11.3044939297829	-9.13456892834054	-6.60405421164176	-19.1611220392346	-10.4971390077252	-17.846702404935	-6.98256583489549	-9.30449392978285	-7.39760333417433	-8.0950405641539	-18.4392911680949	-17.786116445496	-17.7069141533982	-10.9825658348955	-10.9825658348955	-4.08532540932069	-8.49713900772525	-5.79669928958416	-3.16622212961063	-18.6592085149264	-7.78093197372584	-4.2437979980953	-9.13456892834054	-10.7195314290617	-5.59713479770197	-18.5482424388053	-18.1477514775078	-5.49071273856581	-18.6583509692635	-9.98256583489549	-18.6592085149264	-19.6192062202956	-19.1611220392346	-4.27658793321297	-7.47160391561811	-10.7195314290617	-8.0190917109206	-11.3044939297829	-19.0272850912691	-18.4819570601872	-5.05656641633927	-9.30449392978285	-18.7398201567927	-17.786116445496	-19.6192062202956	-10.3044939297829	-9.49713900772525	-11.7195314290617	-5.26557494049055	-13.3044939297829
np0834	-13.4804536339554	-6.11121982428967	-12.7434880397892	-6.51082728299891	-12.4804536339554	-11.7434880397892	-10.3105286325131	-9.48045363395539	-19.1439162732725	-8.45070629056134	-1.70292432863048	-10.4804536339554	-11.7434880397892	-13.0654161346765	-6.25163494345951	-13.4804536339554	-12.4804536339554	-14.0654161346765	-5.85352784013054	-7.8080282919839	-12.2580612126189	-9.04304832164809	-18.6095178401463	-4.60906171956826	-7.92586478227775	-12.2580612126189	-10.7434880397892	-11.158525539068	-11.7434880397892	-6.4251711984542	-10.3649764165355	-10.8954911332342	-8.57356303834687	-6.8222421512036	-14.0654161346765	-17.8543286673737	-9.67309871189779	-18.3791414185299	-12.4804536339554	-3.72167521620435	-13.0654161346765	-18.9310914392741	-15.0654161346765	-10.6059845160392	-9.15852553906803	-11.2580612126189	-14.0654161346765	-18.6943578872215	-18.9648879574086	-18.4544358573167	-8.87559157579653	-10.5418541786195	-18.0315827535454	-8.0319931331391	-6.86574378984018	-11.2580612126189	-10.2580612126189	-18.4544358573167	-19.1611220392346	-14.0654161346765	-17.846702404935	-14.0654161346765	-12.2580612126189	-5.47482908476151	-8.14655289740195	-18.4392911680949	-12.7434880397892	-11.4804536339554	-12.4804536339554	-7.12877819567398	-7.66453669839436	-7.95689167789838	-7.66453669839436	-2.55391053888407	-18.6592085149264	-10.158525539068	-6.03474899842961	-10.9779532934262	-7.0319931331391	-6.95689167789838	-14.0654161346765	-18.1477514775078	-6.73002577998262	-7.97795329342621	-4.56357894977425	-13.4804536339554	-19.6192062202956	-19.1611220392346	-4.88675128367008	-5.98593135084973	-13.4804536339554	-8.01013369917536	-8.58968270371015	-19.0272850912691	-10.0654161346765	-3.70292432863048	-8.70786413005846	-11.6059845160392	-12.0654161346765	-19.6192062202956	-12.2580612126189	-8.21992608373217	-12.4804536339554	-6.86574378984018	-18.4668093519586
np0837	-4.06634375572241	-4.54970721867932	-12.0160582512564	-13.7164979693975	-7.34145853805058	-18.6943578872215	-10.8585169742699	-18.0189119165308	-12.1315354686763	-17.7604210873886	-8.87100791845313	-16.8818468512374	-3.2604002844333	-15.7164979693975	-11.809607373789	-17.5323711460796	-19.5160539399953	-18.5202426739746	-14.7164979693975	-21.5160539399953	-18.4354667979437	-13.1315354686763	-11.6290351281472	-17.7069815832335	-17.6943578872215	-10.4685704559539	-17.0009682812804	-5.92370767509644	-18.129283016945	-14.1315354686763	-17.7361574621684	-17.6240100514525	-10.2902332146954	-9.73921804589759	-19.1439162732725	-10.1619091177199	-17.9865309296644	-15.7164979693975	-7.22865793557445	-9.46857045595392	-17.431970894603	-18.9310914392741	-19.1027753967423	-17.6755849574782	-14.7164979693975	-18.6943578872215	-18.4819570601872	-13.7164979693975	-18.9648879574086	-4.3193581631619	-11.0160582512564	-10.4685704559539	-18.0315827535454	-17.5280572417884	-12.7164979693975	-12.1315354686763	-17.9797712684366	-1.76621547401991	-11.6290351281472	-17.9797712684366	-17.846702404935	-18.4212348069659	-18.1439162732725	-18.6592085149264	-16.1658883919712	-18.4392911680949	-17.786116445496	-17.7069141533982	-18.3552564508737	-15.8069523282107	-16.646333693381	-16.6919070560448	-8.9220821030474	-1.66435450291051	-15.7164979693975	-17.687608057609	-21.5160539399953	-10.6290351281472	-11.2570663507602	-12.0160582512564	-12.5465729679552	-18.1477514775078	-12.2570663507602	-18.6583509692635	-5.74065000139072	-13.3945698745101	-13.1315354686763	-19.1611220392346	-14.7164979693975	-17.7069815832335	-18.6924724781975	-17.785426924465	-15.7164979693975	-19.0272850912691	-18.4819570601872	-4.14901716825446	-6.13153546867635	-18.7398201567927	-17.786116445496	-19.6192062202956	-15.7164979693975	-16.7803347081239	-18.1166993110972	-14.1315354686763	-18.4668093519586
np0843	-10.6560672737256	-5.28033273514244	-17.9648879574086	-3.43961240858084	-13.2999234635003	-18.6943578872215	-10.2999234635003	-18.0189119165308	-19.1439162732725	-17.7604210873886	-1.37594609452909	-6.37511095989454	-8.9600734606157	-13.2999234635003	-5.89053252736262	-12.129998462058	-11.977995368613	-18.5202426739746	-7.72249463546458	-15.2999234635003	-18.4354667979437	-9.07110477300444	-18.6095178401463	-8.79212882330163	-10.21246062225	-9.71496096277917	-10.7149609627792	-7.89053252736262	-10.3457271531134	-6.87785869732751	-17.7361574621684	-11.0519959500567	-8.45443341255595	-6.09047009787137	-19.1439162732725	-13.7149609627792	-17.9865309296644	-18.3791414185299	-11.129998462058	-5.51856374997566	-10.2999234635003	-10.9076060407216	-19.1027753967423	-17.6755849574782	-7.01915269336972	-18.6943578872215	-9.05199595005674	-12.2999234635003	-13.7149609627792	-5.70746642623224	-7.51202090410889	-9.59948374535923	-13.2999234635003	-11.0519959500567	-7.18098239077682	-9.77636150744331	-8.9600734606157	-18.4544358573167	-19.1611220392346	-11.840491844863	-17.846702404935	-13.2999234635003	-13.7149609627792	-13.7149609627792	-9.11009890462031	-9.71496096277917	-11.129998462058	-11.0519959500567	-11.3930328678918	-4.20914940885957	-6.84459624319576	-11.129998462058	-7.42340651693532	-3.93305487733323	-9.46703344933558	-10.977995368613	-21.5160539399953	-10.2999234635003	-6.62749812152883	-5.31408152649698	-14.2999234635003	-18.1477514775078	-7.54503596133685	-18.6583509692635	-4.81610768623607	-18.6592085149264	-19.6192062202956	-14.2999234635003	-4.37882637539353	-4.35301718904393	-18.6924724781975	-12.129998462058	-10.7149609627792	-12.977995368613	-12.2999234635003	-12.7149609627792	-9.6560672737256	-12.7149609627792	-11.5994837453592	-14.2999234635003	-6.07592178930222	-9.77636150744331	-12.129998462058	-5.93578880849227	-18.4668093519586
np0845	-18.4462271471724	-7.19186053867162	-11.2068108801376	-4.41673394951182	-17.4392911680949	-18.6943578872215	-8.50637116199649	-18.0189119165308	-19.1439162732725	-17.7604210873886	-0.979596075344295	-7.28397874066005	-8.50637116199649	-12.7917733808587	-5.75285439156644	-11.7917733808587	-19.5160539399953	-7.64202626135406	-4.00877517193833	-21.5160539399953	-18.4354667979437	-6.56295469036286	-18.6095178401463	-5.1515284446364	-8.66249036391378	-8.93379238573117	-11.2068108801376	-9.20681088013759	-18.129283016945	-6.39089394457656	-8.50637116199649	-17.6240100514525	-8.50637116199649	-6.0503063944576	-11.4698452859714	-17.8543286673737	-17.9865309296644	-18.3791414185299	-11.7917733808587	-4.97159441844355	-17.431970894603	-18.9310914392741	-19.1027753967423	-9.54384586741516	-9.46984528597138	-8.88488278525022	-12.2068108801376	-18.6943578872215	-11.7917733808587	-18.4544358573167	-8.62184837941643	-9.54384586741516	-18.0315827535454	-8.62184837941643	-5.45638302616482	-9.54384586741516	-8.74737926150029	-18.4544358573167	-19.1611220392346	-10.9844184588011	-17.846702404935	-8.43422137624066	-12.2068108801376	-8.20681088013759	-7.72568419040097	-18.4392911680949	-9.39945595807998	-17.7069141533982	-12.2068108801376	-8.01041366733408	-16.646333693381	-7.22191777252779	-5.58720223660954	-7.13356189810695	-18.6592085149264	-9.26821142480173	-7.50637116199649	-8.46984528597138	-5.2760735425747	-17.1459221978118	-11.7917733808587	-18.1477514775078	-5.87888404462878	-18.6583509692635	-6.93379238573117	-18.6592085149264	-19.6192062202956	-19.1611220392346	-5.41239501378748	-5.45638302616482	-13.7917733808587	-7.54384586741516	-18.129283016945	-19.0272850912691	-18.4819570601872	-7.43422137624066	-8.23718452918111	-18.7398201567927	-11.2068108801376	-19.6192062202956	-8.74737926150029	-10.3323417622214	-12.7917733808587	-6.09133366271765	-18.4668093519586
np0846	-14.3465137331656	-6.04182017569463	-12.7615512324445	-8.90689059560852	-11.9135543258895	-18.6943578872215	-9.76155123244448	-18.0189119165308	-13.2090102094157	-17.7604210873886	-5.53337388227518	-12.668441828053	-9.50857049127461	-12.144879871996	-6.48356648514471	-14.3465137331656	-19.5160539399953	-15.668441828053	-7.10810899384056	-21.5160539399953	-14.0834793273318	-9.16859594096979	-12.7615512324445	-8.16859594096979	-16.668441828053	-12.8610869059954	-11.9135543258895	-10.6023526375952	-12.8610869059954	-7.71424551766612	-17.7361574621684	-13.4985168266107	-8.95419631038687	-7.22549833220427	-19.1439162732725	-13.3465137331656	-17.9865309296644	-10.2761244052742	-9.18462605078874	-5.65721457262974	-17.431970894603	-16.668441828053	-14.0834793273318	-10.539158811108	-9.67975714128083	-18.6943578872215	-13.3465137331656	-13.3465137331656	-16.668441828053	-10.4016552873581	-8.30649805431776	-11.7615512324445	-14.3465137331656	-8.38303960919075	-7.53915881110803	-10.7142455176661	-11.7615512324445	-11.7615512324445	-19.1611220392346	-12.144879871996	-17.846702404935	-13.2090102094157	-12.3465137331656	-10.0390852079734	-10.6460740150245	-18.4392911680949	-12.0834793273318	-13.0834793273318	-18.3552564508737	-9.70265754339091	-6.74214583327189	-10.6460740150245	-11.668441828053	-0.313624269517195	-5.19169562411353	-17.687608057609	-16.668441828053	-11.9135543258895	-7.85145820479762	-7.10619940383193	-18.5482424388053	-11.6240477086945	-8.00666373028101	-15.0834793273318	-8.98194130086978	-18.6592085149264	-19.6192062202956	-19.1611220392346	-7.34426128143426	-10.0390852079734	-18.6924724781975	-11.2090102094157	-10.0102303453012	-14.0834793273318	-11.539158811108	-12.0245856382783	-7.791924881488	-13.8610869059954	-12.5809789868027	-15.0834793273318	-10.8610869059954	-10.8355518138883	-10.3646610798759	-9.9960164860815	-18.4668093519586
np0847	-18.4462271471724	-6.62647309484772	-17.9648879574086	-5.42338122947021	-17.4392911680949	-18.6943578872215	-18.3552564508737	-18.0189119165308	-19.1439162732725	-17.7604210873886	-0.984463393829311	-8.4088816597751	-7.82391915905394	-18.0467296909277	-5.20724779860544	-17.5323711460796	-19.5160539399953	-10.2453829274922	-5.43435234729121	-21.5160539399953	-18.4354667979437	-6.09854153916294	-12.0527378495498	-7.25832198319971	-8.62647309484772	-10.1458472539413	-17.0009682812804	-16.7702939501526	-18.129283016945	-6.98664865909205	-17.7361574621684	-17.6240100514525	-9.88281284810751	-7.3384923318837	-8.0754579260499	-17.8543286673737	-9.80481033610623	-11.7308097546625	-14.0527378495498	-6.21353406145288	-17.431970894603	-11.0527378495498	-19.1027753967423	-8.96527500829948	-11.2453829274922	-10.2453829274922	-18.4819570601872	-12.0527378495498	-18.9648879574086	-18.4544358573167	-7.59330623091252	-13.0527378495498	-14.0527378495498	-7.60979435370109	-6.6181096219131	-9.59330623091252	-9.19475685442225	-18.4544358573167	-6.66042042677106	-17.9797712684366	-17.846702404935	-8.49814899787218	-18.1439162732725	-6.51357903844179	-8.56088475322015	-18.4392911680949	-10.1458472539413	-11.2453829274922	-9.59330623091252	-7.03037003652137	-16.646333693381	-8.46777534882866	-5.54891211155407	-5.47530902151407	-18.6592085149264	-8.49814899787218	-6.20724779860544	-9.96527500829948	-6.59330623091252	-17.1459221978118	-18.5482424388053	-18.1477514775078	-4.39274195711984	-18.6583509692635	-6.6181096219131	-13.0527378495498	-10.1458472539413	-19.1611220392346	-3.81194651738786	-4.61602630741261	-10.1458472539413	-7.60979435370109	-9.29785034738635	-19.0272850912691	-18.4819570601872	-8.00834373019137	-8.27137813602516	-18.7398201567927	-10.1458472539413	-13.0527378495498	-9.88281284810751	-10.2453829274922	-12.0527378495498	-5.88281284810751	-11.7308097546625
np0848	-18.4462271471724	-6.76989115140711	-7.59480444484902	-5.45730092109909	-11.724087461794	-18.6943578872215	-10.1391249610728	-5.46669961910134	-11.1391249610728	-17.7604210873886	-2.82020561605781	-10.4021593669066	-5.7933501242311	-18.0467296909277	-4.93618490240256	-17.5323711460796	-19.5160539399953	-18.5202426739746	-6.59480444484902	-21.5160539399953	-18.4354667979437	-6.65799827133622	-11.724087461794	-4.28945923415726	-11.724087461794	-11.1391249610728	-8.40215936690663	-6.3665354571759	-18.129283016945	-4.71846291260011	-11.724087461794	-17.6240100514525	-7.91673253973638	-5.44796305651975	-19.1439162732725	-12.724087461794	-6.53426290291397	-18.3791414185299	-16.8252817996473	-3.71565883972341	-17.431970894603	-18.9310914392741	-19.1027753967423	-17.6755849574782	-7.20052550573698	-9.13912496107283	-18.4819570601872	-18.6943578872215	-18.9648879574086	-18.4544358573167	-7.43868524293174	-9.13912496107283	-18.0315827535454	-5.21629282159529	-6.63662462054365	-9.91673253973638	-9.72408746179399	-10.4021593669066	-19.1611220392346	-9.26465584315669	-17.846702404935	-5.87859741084961	-10.4021593669066	-6.18492865068596	-8.4761599483504	-18.4392911680949	-17.786116445496	-17.7069141533982	-18.3552564508737	-9.13912496107283	-4.42030671361689	-8.13912496107283	-6.86610646666642	-3.19270600127768	-18.6592085149264	-8.33177003901523	-4.16566674852532	-7.96919995963052	-7.29782270709189	-5.30623494690809	-18.5482424388053	-18.1477514775078	-5.17719300190635	-18.6583509692635	-8.40215936690663	-18.6592085149264	-12.724087461794	-19.1611220392346	-4.7583031771319	-7.96919995963052	-11.1391249610728	-6.70171964876553	-8.63662462054365	-19.0272850912691	-18.4819570601872	-5.57434034228931	-9.26465584315669	-18.7398201567927	-17.786116445496	-19.6192062202956	-8.20052550573697	-9.91673253973638	-18.1166993110972	-4.76989115140711	-9.40215936690663
np0849	-8.46974978381364	-11.0844596279288	-17.9648879574086	-11.0488357181981	-9.73396238084471	-18.6943578872215	-2.98353452687194	-18.0189119165308	-14.0844596279288	-17.7604210873886	-6.13375793783984	-12.9469561041789	-2.10546323183991	-13.4063877228162	-4.65526213944894	-9.21656316393619	-19.5160539399953	-15.4063877228162	-6.04115887356466	-21.5160539399953	-13.5990328007586	-10.678467268253	-10.2165631639362	-12.9469561041789	-17.6943578872215	-10.9469561041789	-17.0009682812804	-4.53448248515702	-15.4063877228162	-4.75982901266166	-17.7361574621684	-15.4063877228162	-4.03733571581482	-8.39516046739295	-19.1439162732725	-10.2364627213739	-14.8214252220951	-18.3791414185299	-10.7339623808447	-7.24904078745336	-17.431970894603	-14.0844596279288	-19.1027753967423	-17.6755849574782	-12.3189248815659	-18.6943578872215	-18.4819570601872	-10.297863266038	-18.9648879574086	-13.2364627213739	-7.00337569924121	-13.5990328007586	-15.4063877228162	-12.9469561041789	-13.4063877228162	-13.2364627213739	-17.9797712684366	-4.70942019658192	-12.1584602093726	-14.4063877228162	-17.846702404935	-10.5734977086515	-9.02268343034216	-9.46387321747697	-12.5990328007586	-18.4392911680949	-17.786116445496	-13.4063877228162	-18.3552564508737	-12.5990328007586	-8.97175949517948	-12.7059480046751	-13.2364627213739	-1.55615204068849	-14.8214252220951	-17.687608057609	-21.5160539399953	-11.1969343571873	-10.9145346264865	-13.2364627213739	-11.2771047058712	-18.1477514775078	-10.6515002206527	-18.6583509692635	-12.4994971272077	-18.6592085149264	-13.4063877228162	-7.33492536025958	-11.1969343571873	-13.8214252220951	-18.6924724781975	-15.4063877228162	-15.4063877228162	-7.60872619696245	-13.8214252220951	-10.8517988711386	-13.8214252220951	-18.7398201567927	-17.786116445496	-19.6192062202956	-14.4063877228162	-11.7059480046751	-13.0844596279288	-9.88282576675919	-18.4668093519586
np0851	-9.34109840815978	-8.3063329899991	-10.9982106946368	-7.00168288654358	-11.1136879120567	-9.9437629106144	-9.89129549072026	-10.9437629106144	-11.8912954907203	-17.7604210873886	-1.28363492744628	-10.9982106946368	-7.63795448109031	-13.3767223178905	-5.55144548783563	-12.5287254113356	-19.5160539399953	-11.2392187941406	-7.1099357771956	-21.5160539399953	-12.3767223178905	-7.04043893002607	-18.6095178401463	-5.28290864448777	-9.5693673958329	-13.6986504127779	-10.9982106946368	-7.99129128069698	-18.129283016945	-6.03865452034789	-11.3767223178905	-13.6986504127779	-9.48919704714891	-6.52622290413238	-14.1136879120567	-14.1136879120567	-13.6986504127779	-12.5287254113356	-11.1136879120567	-4.92881256914842	-17.431970894603	-12.1136879120567	-14.6986504127779	-17.6755849574782	-8.39486966460076	-13.6986504127779	-14.6986504127779	-14.6986504127779	-18.9648879574086	-10.3063329899991	-7.96394079255202	-10.2723856580758	-12.5287254113356	-8.39486966460076	-5.24847016561311	-9.63256122232009	-13.6986504127779	-18.4544358573167	-19.1611220392346	-10.9437629106144	-17.846702404935	-18.4212348069659	-10.2392187941406	-8.31494612030381	-9.48919704714891	-18.4392911680949	-11.6111875715275	-12.8912954907203	-11.9982106946368	-8.42252600750363	-6.70712856670217	-9.50882585389785	-6.95381657527832	-3.0727133132394	-6.3192720457066	-13.1136879120567	-5.40288147835736	-12.1136879120567	-9.27238565807577	-3.93087976400116	-18.5482424388053	-18.1477514775078	-6.31494612030381	-18.6583509692635	-6.14982850431911	-14.6986504127779	-13.1136879120567	-19.1611220392346	-3.87011720232225	-5.56294112667346	-18.6924724781975	-8.68742315735461	-9.28925947664016	-19.0272850912691	-14.1136879120567	-7.53374348610218	-7.62183481572703	-18.7398201567927	-11.6986504127779	-19.6192062202956	-6.19681322787557	-10.6986504127779	-12.3767223178905	-9.99821069463677	-18.4668093519586
np0856	-18.4462271471724	-6.21020784749443	-8.57944165716015	-5.99047722588149	-12.9013697520475	-18.6943578872215	-10.4863322527687	-7.33658513326398	-10.6789773307111	-17.7604210873886	-2.46987214778946	-10.5794416571601	-5.77897312068778	-11.3164072513264	-5.17118269051236	-12.9013697520475	-19.5160539399953	-18.5202426739746	-7.50905232926875	-21.5160539399953	-11.4863322527687	-6.60368920340682	-9.27687888713971	-4.23484984214845	-9.62835125764109	-11.4863322527687	-8.44193813341021	-6.2866599079323	-11.9013697520475	-5.32394092401176	-10.4863322527687	-17.6240100514525	-8.02690063413137	-5.75841179820547	-12.4863322527687	-10.7858925346276	-5.46396443974021	-18.3791414185299	-10.6789773307111	-3.72977593024458	-17.431970894603	-18.9310914392741	-19.1027753967423	-17.6755849574782	-6.87162240865346	-10.7858925346276	-18.4819570601872	-18.6943578872215	-18.9648879574086	-8.33658513326398	-7.96277029671165	-10.3988694115183	-18.0315827535454	-5.27931793259113	-6.704972539244	-11.9013697520475	-9.62835125764109	-8.57944165716015	-19.1611220392346	-9.7314447506052	-17.846702404935	-6.69191638641856	-11.0269006341314	-6.29650769388865	-8.3778077959905	-13.4863322527687	-11.0269006341314	-13.4863322527687	-12.4863322527687	-8.62835125764109	-4.77208673510254	-7.57944165716015	-6.80685215326322	-3.24613719878874	-18.6592085149264	-7.03512114093634	-4.25511107205748	-9.96277029671165	-7.34678090036987	-5.22423740739849	-18.5482424388053	-18.1477514775078	-5.27444395822266	-18.6583509692635	-8.75841179820547	-18.6592085149264	-11.3164072513264	-19.1611220392346	-4.782428679324	-7.88641941058154	-11.0269006341314	-5.83528056158974	-9.84247606299394	-19.0272850912691	-14.4863322527687	-5.14648224988404	-9.31640725132635	-18.7398201567927	-12.9013697520475	-19.6192062202956	-8.14648224988404	-10.0940148299899	-12.1644041578813	-4.78589253462757	-9.7314447506052
np0858	-18.4462271471724	-7.07351423396058	-7.86651386304111	-4.50931029340622	-17.4392911680949	-18.6943578872215	-10.0652937271556	-7.23010459690128	-13.5247253457929	-17.7604210873886	-2.44524056196609	-10.7173704237353	-7.17599719156183	-11.9397628450718	-5.56472341372483	-17.5323711460796	-12.9397628450718	-18.5202426739746	-5.53320349971721	-21.5160539399953	-10.6178347501844	-7.17599719156183	-11.7173704237353	-4.59991284218713	-11.7173704237353	-12.2027972509055	-10.9397628450718	-7.36485400901452	-12.5247253457929	-5.80704892272651	-10.7173704237353	-17.6240100514525	-6.69183533162817	-6.07351423396058	-10.8242856276518	-17.8543286673737	-6.36485400901452	-12.2027972509055	-10.6178347501844	-4.09113990464241	-17.431970894603	-18.9310914392741	-19.1027753967423	-17.6755849574782	-9.27679783234932	-11.3548003443506	-14.5247253457929	-18.6943578872215	-18.9648879574086	-7.11533440965521	-8.57052903540603	-9.06529372715561	-18.0315827535454	-6.78325835939176	-6.24395457566231	-12.2027972509055	-10.2027972509055	-9.61783475018439	-19.1611220392346	-10.0011633897359	-17.846702404935	-7.66674435066534	-10.5247253457929	-5.52754586485529	-8.64208229643107	-13.5247253457929	-10.7173704237353	-17.7069141533982	-10.6178347501844	-7.45863615533514	-5.22322915081036	-6.3201542015437	-6.93226830852483	-3.60809942358167	-18.6592085149264	-8.08178184994418	-2.80448108750534	-9.82428562765182	-6.42669326283238	-4.56907543826453	-18.5482424388053	-18.1477514775078	-6.38517399339412	-18.6583509692635	-7.58221084045367	-14.5247253457929	-19.6192062202956	-14.5247253457929	-4.85406909667447	-6.15840313154709	-11.3548003443506	-6.95486973746196	-10.2027972509055	-19.0272850912691	-14.5247253457929	-4.94918609895838	-9.66674435066534	-18.7398201567927	-13.5247253457929	-19.6192062202956	-9.0011633897359	-11.5247253457929	-11.7173704237353	-6.44790974874208	-10.3548003443506
np0860	-10.2084630006775	-5.6175017593349	-11.9454285948437	-3.56298469125309	-13.2084630006775	-18.6943578872215	-11.1728390909468	-16.5303910955649	-19.1439162732725	-17.7604210873886	-1.51602185332973	-6.64622057645643	-9.51916384014161	-11.7755035934014	-6.22775217177731	-12.2084630006775	-13.3604660941226	-18.5202426739746	-7.34799674216033	-21.5160539399953	-14.5303910955649	-8.41145002284136	-9.45357549851403	-7.83342356933058	-10.5303910955649	-9.87217961281307	-10.9454285948437	-7.93420133942045	-10.5531111720649	-6.95863845206132	-17.7361574621684	-10.1553516642179	-8.58787659022562	-6.22091474172376	-19.1439162732725	-14.5303910955649	-17.9865309296644	-18.3791414185299	-10.0068291395079	-4.31182785937459	-10.5303910955649	-10.0068291395079	-15.5303910955649	-17.6755849574782	-11.1728390909468	-15.5303910955649	-13.9454285948437	-12.1380736727861	-15.5303910955649	-5.12951165928268	-7.60261313348252	-9.73597522921476	-12.8299513774238	-10.8579657535934	-7.14237381021973	-10.0385379992352	-10.26360455487	-18.4544358573167	-19.1611220392346	-13.7230361735073	-17.846702404935	-11.9454285948437	-13.9454285948437	-18.6592085149264	-8.52476654637099	-9.90103447548525	-10.4011080786199	-11.1041263408628	-11.1041263408628	-6.23118307717758	-6.7214269206456	-12.0709594769276	-6.92862030715715	-3.37067740453223	-7.60261313348252	-11.1728390909468	-21.5160539399953	-10.7755035934014	-6.44160285684796	-4.26594849533826	-12.8299513774238	-18.1477514775078	-7.24730274254086	-16.5303910955649	-4.84432834566945	-14.9454285948437	-19.6192062202956	-19.1611220392346	-4.12844497158833	-4.62839290989637	-18.6924724781975	-10.0709594769276	-11.2084630006775	-13.5303910955649	-10.5080232825364	-10.4429282543145	-9.55311117206495	-12.9454285948437	-11.1380736727861	-19.6192062202956	-5.98929448021534	-10.1728390909468	-12.0709594769276	-6.75067174042146	-18.4668093519586
np0862	-8.33831961657278	-5.95389010322434	-12.3717426181102	-5.68174464669079	-11.0498145232229	-18.6943578872215	-8.25280154538673	-13.3717426181102	-19.1439162732725	-17.7604210873886	-2.12426008334932	-10.0498145232229	-5.51376162298266	-13.3717426181102	-5.94757632929213	-10.3717426181102	-19.5160539399953	-10.2424596011653	-11.6713028999691	-21.5160539399953	-10.6713028999691	-11.1238151046666	-18.6095178401463	-6.32461870599621	-12.2018176166679	-11.2018176166679	-10.4175463077234	-8.87988952178056	-18.129283016945	-6.43510467910766	-17.7361574621684	-17.6240100514525	-7.87189673102703	-6.50137789852683	-19.1439162732725	-7.78678011738908	-17.9865309296644	-12.7867801173891	-12.7867801173891	-4.03189261522561	-17.431970894603	-13.0498145232229	-12.7867801173891	-10.3717426181102	-9.61685511594676	-11.0498145232229	-18.4819570601872	-12.5643876960526	-18.9648879574086	-13.3717426181102	-6.91231099947294	-9.78678011738908	-18.0315827535454	-7.84036115759392	-8.05885966282588	-6.95389010322434	-17.9797712684366	-9.97942519533147	-9.04981452322287	-9.69931727613874	-17.846702404935	-10.5643876960526	-12.2018176166679	-5.07482641123094	-8.51376162298266	-14.3717426181102	-11.6713028999691	-10.8481806620532	-11.9123109994729	-6.57408109225647	-5.32461870599621	-8.00542040386442	-7.47087581012948	-1.28992634000104	-18.6592085149264	-13.3717426181102	-21.5160539399953	-11.5643876960526	-7.93711439047351	-7.68524209092701	-15.3717426181102	-13.3717426181102	-8.67130289996914	-18.6583509692635	-5.73874742096728	-13.7867801173891	-19.6192062202956	-19.1611220392346	-6.94547786340814	-7.095618212836	-18.6924724781975	-9.69931727613874	-14.3717426181102	-12.0498145232229	-13.3717426181102	-9.97942519533147	-8.27371053514971	-11.0498145232229	-12.3717426181102	-12.5643876960526	-18.4849487344682	-9.28427977685989	-13.3717426181102	-9.41754630772336	-18.4668093519586
np0864	-10.4355545166194	-4.80619789653975	-14.6054795180617	-5.94370142028968	-11.1460478994244	-18.6943578872215	-9.17921476335957	-18.0189119165308	-13.0205170173405	-5.44057259138598	-1.0799587089666	-9.79812459600407	-8.7474985229341	-18.0467296909277	-5.91897899087845	-13.6054795180617	-19.5160539399953	-14.6054795180617	-11.7981245960041	-6.1096244911745	-6.56656052876937	-8.21316209528291	-11.1460478994244	-6.02051701734051	-8.06632070695364	-11.4355545166194	-10.6054795180617	-9.96162332828694	-12.2835514231743	-7.82411980453701	-14.6054795180617	-7.99076967394646	-8.51801667681133	-8.60547951806167	-19.1439162732725	-9.69858892245315	-10.2835514231743	-9.90503979992058	-10.5180166768113	-8.16253602221294	-10.4355545166194	-14.6054795180617	-19.1027753967423	-10.9050397999206	-8.72283646869983	-13.0205170173405	-9.02051701734051	-18.6943578872215	-12.6054795180617	-12.6054795180617	-7.52866392101084	-14.6054795180617	-13.6054795180617	-10.3575520046181	-7.32935511278743	-17.4491002709378	-9.113626421732	-11.1460478994244	-19.1611220392346	-10.5180166768113	-12.6054795180617	-10.2131620952829	-13.6054795180617	-4.12569925403257	-9.96162332828694	-9.8505920158982	-12.0205170173405	-11.2835514231743	-9.90503979992058	-3.88866005673172	-10.7981245960041	-10.0205170173405	-5.20673582612348	-4.17398191380362	-18.6592085149264	-9.17921476335957	-5.94370142028968	-12.0205170173405	-10.9050397999206	-8.8505920158982	-18.5482424388053	-18.1477514775078	-9.60547951806167	-11.1460478994244	-7.71066175475373	-18.6592085149264	-13.6054795180617	-19.1611220392346	-4.43806137222993	-6.51272237714182	-11.1460478994244	-8.28355142317431	-8.35755200461808	-19.0272850912691	-10.0205170173405	-11.1460478994244	-10.1460478994244	-10.5180166768113	-17.786116445496	-19.6192062202956	-14.6054795180617	-9.90503979992058	-14.6054795180617	-5.21316209528291	-18.4668093519586
np0867	-8.96803800438969	-7.05708919220682	-12.795857029007	-6.9428594413937	-12.5328226231732	-18.6943578872215	-9.92796056501436	-18.0189119165308	-19.1439162732725	-17.7604210873886	-3.70151537937117	-11.5328226231732	-6.77793512100975	-13.3104302018368	-6.41734540575328	-10.5942231678374	-19.5160539399953	-18.5202426739746	-12.2108945282859	-21.5160539399953	-9.96803800438969	-11.5942231678374	-18.6095178401463	-8.18704778633149	-12.9478601224521	-12.3104302018368	-10.3364254103697	-8.37631813749323	-18.129283016945	-7.40697869019502	-17.7361574621684	-17.6240100514525	-6.84865844474496	-7.00404295784519	-19.1439162732725	-7.90833175826542	-17.9865309296644	-14.5328226231732	-11.5942231678374	-4.31365410271106	-14.5328226231732	-11.2598041287668	-11.8698576104508	-11.4173454057533	-8.91811277905801	-10.5631962722167	-18.4819570601872	-13.1177851238944	-18.9648879574086	-14.5328226231732	-7.42778715247493	-9.21089452828586	-13.5328226231732	-6.79811300294738	-10.5030752797792	-7.40353960622825	-17.9797712684366	-10.030322282644	-8.88896643339849	-9.70839418775667	-17.846702404935	-10.5631962722167	-13.3104302018368	-6.244341011379	-9.70839418775667	-16.1177851238944	-12.6583535052571	-13.1177851238944	-12.3104302018368	-8.47392893411965	-8.0516959334366	-9.40353960622825	-7.8185771055071	-0.56355603159042	-18.6592085149264	-12.4173454057533	-21.5160539399953	-11.6583535052571	-12.3104302018368	-8.79585702900701	-18.5482424388053	-18.1477514775078	-9.22296736058643	-18.6583509692635	-6.19892188661978	-18.6592085149264	-19.6192062202956	-19.1611220392346	-5.4757334309664	-6.41215273653296	-18.6924724781975	-9.83238290503213	-13.3104302018368	-11.8698576104508	-12.795857029007	-11.795857029007	-8.1811471848918	-18.7398201567927	-13.3104302018368	-15.1177851238944	-18.4849487344682	-9.64205169292798	-14.5328226231732	-10.4739289341196	-18.4668093519586
np0868	-18.4462271471724	-11.0215418583251	-9.89029732504688	-5.6774573497856	-17.4392911680949	-18.6943578872215	-4.74763527830071	-18.0189119165308	-19.1439162732725	-17.7604210873886	-1.69062498021051	-8.9060646409052	-6.75922325257592	-13.4138592811039	-2.01404732177821	-17.5323711460796	-11.9544276624666	-18.5202426739746	-17.8816397677299	-21.5160539399953	-18.4354667979437	-15.4138592811039	-14.4138592811039	-14.4138592811039	-17.6943578872215	-18.3791414185299	-17.0009682812804	-10.7134195629628	-11.2439342796616	-9.50696868549537	-17.7361574621684	-17.6240100514525	-5.89422302826068	-14.4138592811039	-19.1439162732725	-14.4138592811039	-17.9865309296644	-9.85927042942625	-11.3263964398536	-10.7700030913292	-17.431970894603	-18.9310914392741	-8.72735875392067	-17.6755849574782	-10.6589717789404	-18.6943578872215	-15.4138592811039	-18.6943578872215	-14.4138592811039	-13.0919311862165	-5.54812601025213	-6.17784508920381	-18.0315827535454	-17.5280572417884	-14.4138592811039	-17.4491002709378	-17.9797712684366	-2.82655055277035	-19.1611220392346	-17.9797712684366	-17.846702404935	-18.4212348069659	-7.66566643151443	-18.6592085149264	-11.3263964398536	-18.4392911680949	-11.6065043590463	-7.81394643891676	-13.8288967803827	-7.4949960438293	-16.646333693381	-14.4138592811039	-17.5280572417884	-11.1659317676603	-18.6592085149264	-17.687608057609	-21.5160539399953	-10.6589717789404	-2.87639818647087	-11.6065043590463	-18.5482424388053	-18.1477514775078	-11.2439342796616	-18.6583509692635	-14.4138592811039	-18.6592085149264	-14.4138592811039	-19.1611220392346	-13.0919311862165	-6.81766952495948	-18.6924724781975	-13.0919311862165	-18.129283016945	-19.0272850912691	-13.4138592811039	-14.4138592811039	-6.8863822750435	-18.7398201567927	-12.2439342796616	-19.6192062202956	-18.4849487344682	-16.7803347081239	-18.1166993110972	-12.4138592811039	-18.4668093519586
np0869	-18.4462271471724	-6.27740925713357	-10.5086304378448	-5.28825211014953	-12.0491988192075	-18.6943578872215	-8.50863043784476	-12.5086304378448	-19.1439162732725	-17.7604210873886	-2.17059050473688	-9.06568694199603	-9.65064944271719	-12.3387054364024	-5.20142962870395	-11.7012755157872	-15.5086304378448	-8.4862626248163	-5.05227602273647	-21.5160539399953	-9.95404158616712	-8.60173984223624	-10.9236679371236	-7.86477424807003	-14.5086304378448	-12.7012755157872	-10.86477424807	-9.06568694199603	-11.3387054364024	-6.38450912601557	-17.7361574621684	-13.9236679371236	-6.31633762337399	-6.00679325294246	-19.1439162732725	-17.8543286673737	-7.98506848178774	-11.9236679371236	-11.4211675965944	-4.80472686440009	-17.431970894603	-18.9310914392741	-13.9236679371236	-10.7537429356813	-7.81514348034543	-18.6943578872215	-14.5086304378448	-11.4211675965944	-15.5086304378448	-11.8081907197037	-8.18670234295739	-9.62598738848292	-12.3387054364024	-6.93120160980901	-6.70127551578715	-9.44254124738698	-12.5086304378448	-11.1867023429574	-11.5086304378448	-12.3387054364024	-17.846702404935	-18.4212348069659	-11.9236679371236	-8.62598738848292	-7.82915033833931	-14.5086304378448	-9.7272707243201	-13.9236679371236	-12.0491988192075	-5.36269829202424	-4.40862521342204	-7.76716345144361	-7.69484924662772	-1.70581118702854	-8.93877482951381	-17.687608057609	-21.5160539399953	-11.9236679371236	-7.05741932601243	-3.69645313233031	-18.5482424388053	-18.1477514775078	-6.9236679371236	-18.6583509692635	-6.30161611766722	-18.6592085149264	-19.6192062202956	-13.5086304378448	-6.69805880310361	-6.64754353184936	-18.6924724781975	-9.80819071970366	-8.54284615318267	-19.0272850912691	-10.4642363184863	-6.98506848178774	-8.13359100649783	-12.5086304378448	-8.93877482951381	-19.6192062202956	-9.70127551578715	-9.98506848178774	-10.2991770722158	-7.90871759565763	-18.4668093519586
np0870	-11.5879825631857	-6.4509914511055	-17.9648879574086	-8.29336181429411	-11.0644206071287	-18.6943578872215	-13.0030200624646	-13.5879825631857	-15.5879825631857	-11.5005197219354	-3.28477261424096	-11.7806276411281	-10.5005197219354	-13.5879825631857	-6.0124433163512	-14.0030200624646	-19.5160539399953	-18.5202426739746	-7.49522542226588	-8.61070263968582	-18.4354667979437	-8.52189337272796	-18.6095178401463	-5.34124196469259	-8.55455956164828	-11.7806276411281	-11.4180575617434	-8.97327271907052	-15.5879825631857	-5.74563221977192	-10.8330950610223	-13.0030200624646	-7.05270718656493	-5.51652020062911	-19.1439162732725	-14.5879825631857	-12.2660544682984	-18.3791414185299	-16.8252817996473	-3.20212016254427	-13.5879825631857	-11.195665140407	-19.1027753967423	-9.26605446829837	-10.7806276411281	-11.5005197219354	-14.5879825631857	-18.6943578872215	-18.9648879574086	-14.0030200624646	-7.34480857971278	-7.16591779701292	-18.0315827535454	-5.93334653465776	-7.95135794264208	-17.4491002709378	-10.8875428450446	-10.5005197219354	-19.1611220392346	-9.26605446829837	-17.846702404935	-12.0030200624646	-12.7806276411281	-6.48207405461457	-9.35916387268985	-14.5879825631857	-12.7806276411281	-13.2660544682984	-13.2660544682984	-8.68109196757721	-9.24813256030111	-9.88754284504464	-6.02192852501464	-1.20063833362182	-18.6592085149264	-10.944126373411	-5.14296771731731	-11.3400550497421	-10.8875428450446	-7.57117427549918	-11.6810919675772	-18.1477514775078	-6.11022429674184	-8.48995048022521	-6.53270012768454	-18.6592085149264	-19.6192062202956	-12.7806276411281	-4.67659057534227	-6.10014252936268	-18.6924724781975	-8.97327271907052	-8.91555722121424	-19.0272850912691	-10.1617178084836	-6.20427827071168	-6.86346871006578	-18.7398201567927	-13.5879825631857	-19.6192062202956	-18.4849487344682	-7.86006210862253	-12.5879825631857	-6.79356669683563	-18.4668093519586
np0872	-11.3376528714145	-5.72212540469832	-10.240791332162	-5.35212714154472	-12.3376528714145	-7.64339172820258	-10.0157247765272	-10.9226153721357	-15.5075778728569	-13.9226153721357	-1.33390073655344	-9.79333235519073	-8.76611088645571	-12.9226153721357	-6.19810151901575	-11.0481462542196	-12.9226153721357	-10.9226153721357	-6.35275976380475	-8.66208782191248	-10.576840535294	-7.43076227580603	-12.9226153721357	-5.83426879729516	-9.06463437700813	-10.8351525308854	-11.4631837534984	-8.55338156246998	-11.4201150316065	-6.63721315327345	-12.1152604500781	-10.7526903706934	-7.62188149951746	-6.67944138866275	-14.9226153721357	-17.8543286673737	-9.7262181593322	-12.1856497779695	-12.6006872772483	-5.47277891027959	-13.9226153721357	-14.5075778728569	-14.1856497779695	-9.03997232277386	-9.93772226452591	-11.3376528714145	-12.1856497779695	-12.6006872772483	-14.9226153721357	-11.5075778728569	-9.25019003016421	-9.84936639010506	-13.1856497779695	-8.76611088645571	-6.25254930303813	-10.9226153721357	-9.87822125277725	-18.4544358573167	-19.1611220392346	-12.3376528714145	-13.9226153721357	-11.5075778728569	-11.55338156247	-4.42875992289488	-9.34770653607847	-18.4392911680949	-10.4414886823991	-12.8071381547158	-12.1152604500781	-6.20151618342852	-5.79849406030651	-8.98401591679985	-6.70506150773564	-3.08853941870082	-18.6592085149264	-11.9840159167998	-6.63721315327345	-11.2221756539946	-5.28417945814523	-5.42742656324277	-14.5075778728569	-18.1477514775078	-6.84401976863959	-3.87208646660515	-6.41614248653325	-14.5075778728569	-13.1856497779695	-14.9226153721357	-5.7677972630836	-6.1217154722154	-12.8071381547158	-9.33765287141455	-7.7295007433215	-19.0272850912691	-9.31775331397684	-7.76274403535731	-8.69379668163982	-10.9840159167998	-11.1856497779695	-13.5075778728569	-8.5946885366269	-9.84936639010506	-10.2981245072279	-8.47967187628697	-18.4668093519586
np0873	-4.3510856969012	-8.87183629440526	-13.3529629841419	-11.7680004834207	-9.65252326600078	-18.6943578872215	-5.42025609672922	-18.0189119165308	-13.3529629841419	-17.7604210873886	-9.68999797141944	-16.8818468512374	-5.90450248332558	-18.0467296909277	-4.45109046329998	-9.41436352880602	-19.5160539399953	-18.5202426739746	-12.6159973899757	-21.5160539399953	-5.08930254443369	-13.937925484863	-12.1305705628054	-11.0310348892545	-17.6943578872215	-11.937925484863	-17.0009682812804	-7.12414429364599	-18.129283016945	-9.89353136550458	-17.7361574621684	-17.6240100514525	-6.06140853829803	-6.10187512980496	-19.1439162732725	-17.8543286673737	-17.9865309296644	-18.3791414185299	-11.7680004834207	-3.33198304523766	-17.431970894603	-12.6159973899757	-19.1027753967423	-14.937925484863	-11.0310348892545	-10.2374857667219	-18.4819570601872	-13.3529629841419	-18.9648879574086	-6.50329725722631	-9.29406929508831	-17.786116445496	-11.6159973899757	-17.5280572417884	-16.0449490266994	-10.6899979714194	-17.9797712684366	-9.38333663318539	-19.1611220392346	-12.937925484863	-5.56723807805581	-10.8504626436127	-18.1439162732725	-10.2940692950883	-9.38333663318539	-18.4392911680949	-17.786116445496	-17.7069141533982	-18.3552564508737	-15.8069523282107	-16.646333693381	-9.54560806208427	-8.91555767183458	-0.754677809995271	-18.6592085149264	-17.687608057609	-21.5160539399953	-10.6159973899757	-16.7398201567927	-8.82940102808486	-12.3529629841419	-18.1477514775078	-6.93230093566915	-11.1305705628054	-7.30856886478342	-14.937925484863	-19.6192062202956	-19.1611220392346	-11.937925484863	-8.35296298414188	-18.6924724781975	-17.785426924465	-18.129283016945	-12.3529629841419	-18.4819570601872	-17.9797712684366	-7.2868737936841	-18.7398201567927	-17.786116445496	-19.6192062202956	-13.937925484863	-6.10187512980496	-18.1166993110972	-6.44207045797586	-18.4668093519586
np0875	-18.4462271471724	-7.25133446465886	-6.62197784457925	-3.74353982446016	-17.4392911680949	-18.6943578872215	-8.79190284602156	-7.44397954260125	-13.2513344646589	-17.7604210873886	-2.61289855066839	-8.8590170418801	-5.82506970995676	-10.6663719639377	-5.2014859152083	-12.2513344646589	-10.9294063697715	-10.9294063697715	-5.89378246004077	-21.5160539399953	-18.4354667979437	-5.7675186873946	-13.2513344646589	-4.74750872666311	-11.2513344646589	-11.6663719639377	-9.79190284602156	-5.95671371576723	-11.2513344646589	-5.01771478789916	-10.9294063697715	-17.6240100514525	-7.32059712709597	-5.01771478789916	-19.1439162732725	-17.8543286673737	-7.79190284602156	-10.6663719639377	-9.25133446465886	-4.02492227187007	-17.431970894603	-18.9310914392741	-19.1027753967423	-13.2513344646589	-7.52341401009566	-7.75948136832918	-11.6663719639377	-18.6943578872215	-18.9648879574086	-18.4544358573167	-9.16387162340852	-7.89378246004077	-10.6663719639377	-6.28555017999677	-6.87629503331193	-9.79190284602156	-12.2513344646589	-18.4544358573167	-19.1611220392346	-9.79190284602156	-17.846702404935	-6.79190284602156	-10.6663719639377	-6.34444386905034	-7.6663719639377	-18.4392911680949	-8.55089474651776	-13.2513344646589	-12.2513344646589	-7.02251577416298	-6.44397954260125	-7.41844445049412	-7.00340695121527	-3.12980094731883	-18.6592085149264	-11.2513344646589	-4.96593224579661	-7.92940636977149	-5.01771478789916	-3.93166234371186	-13.2513344646589	-11.6663719639377	-5.57185436515341	-18.6583509692635	-8.2069403453004	-11.6663719639377	-10.2513344646589	-11.6663719639377	-5.36869141529702	-7.92940636977149	-18.6924724781975	-7.27405454115894	-8.9294063697715	-19.0272850912691	-11.2513344646589	-6.74353982446016	-6.6663719639377	-18.7398201567927	-13.2513344646589	-19.6192062202956	-8.8590170418801	-9.79190284602156	-10.4439795426013	-5.51662484443302	-9.44397954260125
np0879	-8.06561149004529	-7.13386901844885	-11.0365718170939	-7.01452571106668	-10.350680407522	-9.83221331858775	-10.2382056782636	-12.1908999634852	-12.444656555731	-17.7604210873886	-1.46462686004026	-10.7357053377344	-7.28245891631331	-13.1450962738721	-4.80998510544724	-11.4171758193089	-17.1450962738721	-10.4171758193089	-8.56013377315095	-21.5160539399953	-13.2382056782636	-7.48331817610012	-18.6095178401463	-5.49180332848929	-9.8783097331772	-12.6215343178151	-11.2624532245103	-7.8620079208481	-18.129283016945	-6.10206899027756	-12.1908999634852	-13.5601337731509	-9.350680407522	-6.87130067465784	-19.1439162732725	-12.1007021545136	-13.1450962738721	-12.5012400840974	-8.62939643558806	-4.06744602534246	-17.431970894603	-11.5303864297569	-19.1027753967423	-17.6755849574782	-7.96518718385717	-13.3377413518145	-18.4819570601872	-14.5601337731509	-14.5601337731509	-9.94542392903574	-7.86897186859787	-9.05763343262176	-11.3122062597074	-8.02097496204292	-5.54937257977048	-8.16495669623295	-14.8231681789847	-14.1450962738721	-19.1611220392346	-10.5752406655412	-17.846702404935	-13.8231681789847	-10.444656555731	-8.1450962738721	-8.8643255037415	-18.4392911680949	-11.6215343178151	-12.8971687604285	-12.3902087717086	-8.38687305914538	-7.29803892778077	-9.47267093190061	-6.55357392730137	-2.97313765479498	-7.99281143156552	-11.8971687604285	-5.79194944837402	-12.8971687604285	-8.06294723251823	-3.60061475156131	-16.1450962738721	-18.1477514775078	-5.76897088459593	-18.6583509692635	-5.76193201323699	-14.8231681789847	-14.8231681789847	-19.1611220392346	-4.33171588694738	-5.52350223485456	-16.1450962738721	-8.80524627098748	-9.32491731145692	-19.0272850912691	-13.8231681789847	-7.77223121375952	-7.35882664622364	-18.7398201567927	-11.6532431775424	-19.6192062202956	-5.92653303768183	-10.1908999634852	-11.1908999634852	-10.2871152787445	-15.5601337731509
np0881	-18.4462271471724	-4.20611999080428	-17.9648879574086	-6.59435623677122	-11.8920367854119	-18.6943578872215	-8.29709019611813	-18.0189119165308	-19.1439162732725	-17.7604210873886	-0.808502056108478	-13.1550711912457	-9.74907883156986	-14.4769992861331	-3.04916268267454	-12.6696443640755	-19.5160539399953	-18.5202426739746	-17.8816397677299	-21.5160539399953	-18.4354667979437	-17.6592085149264	-18.6095178401463	-17.7069815832335	-17.6943578872215	-18.3791414185299	-17.0009682812804	-8.6956395726084	-18.129283016945	-8.01756766749576	-17.7361574621684	-17.6240100514525	-13.1550711912457	-6.45740855777518	-19.1439162732725	-17.8543286673737	-17.9865309296644	-18.3791414185299	-16.8252817996473	-3.94075207044493	-17.431970894603	-18.9310914392741	-19.1027753967423	-17.6755849574782	-5.50977302729707	-18.6943578872215	-18.4819570601872	-18.6943578872215	-18.9648879574086	-15.4769992861331	-11.6696443640755	-12.0175676674958	-14.4769992861331	-9.38953644488272	-6.47699928613306	-7.02991605992341	-17.9797712684366	-18.4544358573167	-19.1611220392346	-12.8920367854119	-17.846702404935	-18.4212348069659	-8.89203678541191	-18.6592085149264	-12.8920367854119	-18.4392911680949	-11.4769992861331	-11.1550711912457	-13.8920367854119	-7.67609938621276	-16.646333693381	-11.4769992861331	-8.83314309635834	-18.6592085149264	-18.6592085149264	-17.687608057609	-21.5160539399953	-17.0733884685424	-10.4769992861331	-3.99570438150196	-18.5482424388053	-14.4769992861331	-7.93784047502503	-18.6583509692635	-6.66321809491602	-18.6592085149264	-19.6192062202956	-19.1611220392346	-8.21021274543816	-6.33489222883051	-14.4769992861331	-15.4769992861331	-18.129283016945	-12.0175676674958	-13.4769992861331	-11.6696443640755	-8.86228944201785	-15.4769992861331	-11.4769992861331	-19.6192062202956	-9.61901829100549	-9.11944728151498	-8.59435623677122	-11.776559567992	-18.4668093519586
np0882	-18.4462271471724	-7.17324215199637	-7.23481743111732	-4.66319705799031	-11.9606424676783	-18.6943578872215	-9.66108218581942	-6.60851413501527	-10.616688066461	-17.7604210873886	-2.22008328527911	-9.39429564512452	-5.95717861237476	-11.4911571843771	-5.1632303488683	-11.6610821858194	-11.7541915902109	-12.0761196850983	-5.50879734351284	-21.5160539399953	-10.7541915902109	-6.50626407676732	-12.3391540909321	-4.3448006540732	-10.0172259960447	-11.4131546723758	-9.0172259960447	-6.42267744649434	-12.8537272637618	-5.20987107398709	-10.4131546723758	-17.6240100514525	-7.11805036556418	-5.45162882019047	-15.6610821858194	-13.0761196850983	-6.48117309580449	-11.0761196850983	-11.2016505671821	-3.80271258596468	-17.431970894603	-14.0761196850983	-19.1027753967423	-17.6755849574782	-7.38961915791505	-9.00287070306763	-12.4911571843771	-18.6943578872215	-18.9648879574086	-10.3391540909321	-7.20575496551486	-9.55255772904125	-11.8537272637618	-5.84409856256404	-7.12970072530311	-10.616688066461	-10.1375202297624	-10.4911571843771	-19.1611220392346	-9.73034484825654	-17.846702404935	-6.77538581248003	-10.9606424676783	-5.41671835069891	-8.12192337471139	-13.0761196850983	-10.0172259960447	-13.6610821858194	-10.9606424676783	-7.87317962642799	-4.61873880602573	-7.41790820234647	-7.0172259960447	-3.71162020645927	-18.6592085149264	-8.06862514855134	-4.6139582737054	-8.9468366681533	-6.7541915902109	-5.47992992895386	-18.5482424388053	-18.1477514775078	-5.39078685934738	-18.6583509692635	-7.82819217165468	-18.6592085149264	-12.0761196850983	-14.0761196850983	-5.09027774809493	-8.09883976159835	-9.93316173125622	-6.53954866847939	-9.35730143764232	-19.0272850912691	-14.0761196850983	-6.5630501028589	-8.5630501028589	-18.7398201567927	-12.6610821858194	-19.6192062202956	-7.52153083342063	-9.73034484825654	-11.1375202297624	-4.66108218581942	-8.87972247229476
np0885	-11.1348991246113	-5.44545281786276	-10.2129016366126	-6.17581231787737	-10.7681167939397	-14.0608985431675	-8.5754717159973	-9.50018358869306	-11.2129016366126	-13.5754717159973	-2.20977418028079	-10.3604588250265	-9.47593604244639	-12.1348991246113	-5.26908447200572	-12.5754717159973	-19.5160539399953	-13.5754717159973	-7.41128308410413	-7.48498118204939	-6.37159938263165	-9.02527463343682	-8.28479455509438	-4.79411200247264	-9.16365811759274	-11.2129016366126	-11.173373272426	-8.27430218127674	-13.2129016366126	-5.43884672371117	-13.3828266380549	-11.7978641373337	-6.56264767563972	-6.64642470673661	-19.1439162732725	-14.0608985431675	-9.92339501941761	-9.24327528565611	-11.4759360424464	-4.59451613435399	-13.7978641373337	-13.7978641373337	-19.1027753967423	-9.78291379586778	-5.90506837161102	-10.7681167939397	-9.28479455509438	-11.9905092152761	-18.9648879574086	-5.34665302550142	-8.31136427549828	-12.3828266380549	-13.2129016366126	-9.04297663517028	-6.23307951855022	-11.1348991246113	-11.7389704482802	-13.2129016366126	-15.3828266380549	-9.85926468199789	-10.9565618833528	-9.44031213271566	-13.2129016366126	-5.05864609143616	-8.09742441919266	-14.3828266380549	-11.7978641373337	-12.7978641373337	-13.2129016366126	-7.29006949713505	-6.31539227729838	-10.0429766351703	-6.86319038521169	-2.42110564988823	-18.6592085149264	-11.0974244191927	-5.03188745650847	-11.2953637968046	-7.56584301479952	-6.20043228465038	-13.7978641373337	-18.1477514775078	-7.3576870757764	-4.0072441255644	-6.20914950175148	-13.7978641373337	-13.0608985431675	-19.1611220392346	-4.68890414997389	-5.74077494512693	-12.9233950194176	-7.87900090005915	-8.80539781001916	-19.0272850912691	-10.6549061834917	-10.4759360424464	-9.33843251869645	-13.2129016366126	-11.1348991246113	-14.7978641373337	-13.5754717159973	-5.02527463343682	-11.6823869199138	-7.65490618349171	-18.4668093519586
np0888	-6.75381943709066	-7.34550153561818	-17.9648879574086	-7.41589086350958	-9.89454446208439	-18.6943578872215	-10.0703942974838	-13.5033537047599	-19.1439162732725	-17.7604210873886	-1.42053936708764	-12.1248420815062	-6.82246678404023	-14.2403192989261	-4.30761241151347	-12.5033537047599	-19.5160539399953	-11.2403192989261	-13.8252817996473	-21.5160539399953	-11.8252817996473	-7.76999936414609	-18.6095178401463	-4.80638617852563	-11.36585018101	-13.8252817996473	-9.87108548926041	-6.99239178548254	-18.129283016945	-5.40111551082918	-13.8252817996473	-10.5033537047599	-6.80014223736877	-5.4351128434471	-19.1439162732725	-12.5033537047599	-17.9865309296644	-13.8252817996473	-15.8252817996473	-4.44752900462506	-17.431970894603	-12.8252817996473	-19.1027753967423	-17.6755849574782	-9.73781895839694	-18.6943578872215	-18.4819570601872	-18.6943578872215	-15.8252817996473	-15.8252817996473	-7.51239884436292	-9.50335370475992	-12.5033537047599	-9.05709747487035	-6.69342483903849	-10.2706929479696	-9.09736134508408	-14.8252817996473	-15.8252817996473	-11.5773542862037	-17.846702404935	-18.4212348069659	-10.7808876802888	-7.56789395695463	-10.0179268775897	-18.4392911680949	-14.2403192989261	-13.5033537047599	-13.8252817996473	-8.39065357201055	-3.9049289442322	-10.2403192989261	-7.63052494522503	-4.68317474234473	-4.39954137533107	-14.8252817996473	-5.86817975808499	-17.0733884685424	-11.3017198435903	-5.23938034995651	-13.0179268775897	-8.18142560987256	-4.91989479462915	-18.6583509692635	-6.07039429748381	-18.6592085149264	-19.6192062202956	-19.1611220392346	-3.99081074966306	-6.89454446208439	-18.6924724781975	-10.3017198435903	-10.3017198435903	-19.0272850912691	-18.4819570601872	-6.32344461474498	-7.01792687758968	-18.7398201567927	-13.2403192989261	-19.6192062202956	-13.8252817996473	-9.52150105147018	-10.6158284340183	-7.03086593329717	-18.4668093519586
np0891	-8.43711879550361	-6.57697645908657	-12.6387526566733	-6.05981394357988	-12.6387526566733	-18.6943578872215	-9.05379015595211	-9.63875265667326	-19.1439162732725	-7.78077166154569	-1.55833482294224	-10.6387526566733	-9.91628663220217	-12.6387526566733	-6.35705440657443	-17.5323711460796	-12.6387526566733	-13.9606807515606	-7.22597113133479	-6.48494732059423	-10.8732179103103	-8.77085619268061	-12.153325829503	-5.30068485913065	-7.46882765523095	-11.6387526566733	-9.15332582950302	-9.87321791031029	-12.153325829503	-6.2464352338945	-17.7361574621684	-7.64779779627627	-9.56836332878187	-7.15978085164032	-19.1439162732725	-17.8543286673737	-10.8732179103103	-8.87321791031029	-16.8252817996473	-5.40993396617738	-9.96068075156063	-12.9606807515606	-19.1027753967423	-8.27418022437741	-8.77085619268061	-12.9606807515606	-11.3757182508395	-13.3757182508395	-18.9648879574086	-18.4544358573167	-6.10893171014457	-12.9606807515606	-11.3757182508395	-9.79075575011831	-6.51359752535097	-10.9606807515606	-8.67527853269838	-10.5012491329233	-19.1611220392346	-11.7907557501183	-17.846702404935	-11.5012491329233	-18.1439162732725	-4.77209190585328	-8.37571825083947	-9.3168245617859	-11.2602410334195	-10.2057932493972	-8.63875265667326	-4.92588178898336	-6.27068278014118	-8.02994341399774	-6.56836332878187	-3.22766542987466	-18.6592085149264	-9.46882765523095	-5.18589369195945	-12.153325829503	-11.153325829503	-6.59873697782538	-13.3757182508395	-18.1477514775078	-7.18589369195945	-4.54072057371274	-4.83526728107731	-18.6592085149264	-12.9606807515606	-19.1611220392346	-4.32950369585665	-5.01963314522005	-12.6387526566733	-8.3607679093735	-7.36822371429255	-9.43711879550361	-9.00648444117375	-9.17932103803597	-8.75122738593168	-18.7398201567927	-11.6387526566733	-9.00648444117375	-18.4849487344682	-7.70329290886797	-13.9606807515606	-5.5156659056922	-11.6387526566733
np0892	-11.1683302337653	-4.87454510322366	-11.6277618524026	-5.51923739562445	-17.4392911680949	-9.76978085727504	-9.82040693034501	-11.6277618524026	-19.1439162732725	-14.6277618524026	-1.08364261905892	-10.379834338959	-9.87287435023915	-12.3058337575153	-5.93427489490329	-11.3058337575153	-12.3058337575153	-11.0427993516815	-7.05033302436687	-8.62776185240262	-11.4578368509603	-8.58336773304416	-18.6095178401463	-5.84640213887796	-10.0427993516815	-10.379834338959	-11.6277618524026	-10.7208712567941	-11.4578368509603	-6.89305223217678	-10.7208712567941	-10.9273221342615	-8.11996721220392	-6.88629486600147	-19.1439162732725	-17.8543286673737	-10.379834338959	-12.3058337575153	-12.6277618524026	-5.01121300862363	-17.431970894603	-18.9310914392741	-19.1027753967423	-10.6277618524026	-9.27020984778453	-11.6277618524026	-12.0427993516815	-12.3058337575153	-18.9648879574086	-13.6277618524026	-8.6504819289027	-10.4578368509603	-13.0427993516815	-8.69702451483973	-5.6823180160247	-11.0427993516815	-10.7208712567941	-18.4544358573167	-19.1611220392346	-12.0427993516815	-17.846702404935	-11.3058337575153	-12.3058337575153	-4.59985585583273	-9.13590875607294	-18.4392911680949	-9.98390566262789	-12.3058337575153	-12.0427993516815	-6.53500471148276	-6.23974456705748	-8.92732213426152	-6.4578368509603	-3.22848392789365	-18.6592085149264	-12.0427993516815	-6.90666266369543	-10.1683302337653	-5.03157209625821	-6.59433885086517	-18.5482424388053	-18.1477514775078	-7.17655074057029	-5.75431773988724	-6.40859333194045	-12.0427993516815	-11.4578368509603	-19.1611220392346	-5.59158823984913	-6.33774300547	-18.6924724781975	-8.74511880304077	-8.4578368509603	-19.0272850912691	-10.5402990111523	-8.16833023376532	-9.37983433895903	-11.3058337575153	-10.820406930345	-19.6192062202956	-7.52972976944209	-8.7208712567941	-10.820406930345	-8.76978085727504	-18.4668093519586
np0894	-18.4462271471724	-8.73277924880244	-13.4515974962584	-5.08236368659267	-17.4392911680949	-18.6943578872215	-11.3361202788385	-18.0189119165308	-19.1439162732725	-17.7604210873886	-1.15162634902979	-9.05928007347963	-9.8271066313506	-18.0467296909277	-6.00589286073261	-13.4515974962584	-19.5160539399953	-11.0365599969795	-4.72027846523333	-21.5160539399953	-18.4354667979437	-5.97586406529199	-9.90727698003458	-6.80774130648367	-8.22920507492194	-11.8666349955372	-13.0365599969795	-9.61029524227745	-18.129283016945	-6.99216587762109	-8.52876535678085	-17.6240100514525	-10.8666349955372	-7.02533274155629	-8.90727698003458	-13.4515974962584	-10.2816724948161	-18.3791414185299	-12.4515974962584	-6.07077571231746	-17.431970894603	-13.4515974962584	-19.1027753967423	-9.90727698003458	-10.8666349955372	-9.64424257420079	-18.4819570601872	-13.4515974962584	-13.4515974962584	-18.4544358573167	-8.35005946979633	-11.4515974962584	-13.4515974962584	-8.64424257420079	-2.89509144158646	-13.4515974962584	-9.22920507492194	-14.0365599969795	-12.4515974962584	-11.8666349955372	-17.846702404935	-9.22920507492194	-11.3361202788385	-7.19106994603517	-8.92803554020138	-14.0365599969795	-17.786116445496	-12.2292050749219	-11.4515974962584	-8.69670999409492	-16.646333693381	-8.67900799236146	-5.90727698003458	-5.75811053875907	-18.6592085149264	-9.7511577781173	-6.38910157052463	-9.42185015286434	-5.80774130648367	-11.0365599969795	-14.0365599969795	-12.2292050749219	-6.23242897579623	-18.6583509692635	-7.86663499553724	-18.6592085149264	-11.2292050749219	-19.1611220392346	-4.48677532903169	-6.17547309098415	-11.4515974962584	-5.61870748209365	-10.178579001852	-19.0272850912691	-18.4819570601872	-7.03093544778567	-8.22920507492194	-13.4515974962584	-10.9490971557292	-19.6192062202956	-7.7511577781173	-11.8666349955372	-18.1166993110972	-4.38820241496988	-13.4515974962584
np0895	-10.9766536178504	-5.44638663791555	-8.84737060090548	-5.29065341841315	-12.7840085399081	-7.44861818521413	-9.48022779173095	-9.7727812844848	-19.1439162732725	-14.7840085399081	-1.42817570782936	-9.79532385313589	-8.43528038567698	-11.3916911171293	-6.01996632260147	-10.5551898494122	-12.3916911171293	-10.7840085399081	-6.51254551200368	-8.37461760377035	-10.3245769212708	-7.14015235013333	-13.6140835384657	-5.45309166179344	-8.82400660783997	-10.6547255229631	-11.5745551742791	-9.45309166179344	-11.1401523501333	-6.37886707677171	-12.8771179442995	-10.4620804450207	-7.2065797118723	-6.23422387196019	-15.1990460391869	-17.8543286673737	-10.1990460391869	-11.3916911171293	-12.6965456986577	-5.0996982287837	-14.7840085399081	-15.1990460391869	-13.9766536178504	-9.53608102646447	-9.7396144205496	-10.594183981028	-11.3245769212708	-11.8771179442995	-15.7840085399081	-13.7840085399081	-9.02912103774459	-9.41768632566224	-12.4620804450207	-9.1473839193644	-6.64573673973583	-10.4986063210458	-11.42645653529	-18.4544358573167	-15.1990460391869	-12.083568821767	-13.1990460391869	-11.0026488263834	-11.4620804450207	-4.60970699544042	-8.91982239525377	-14.7840085399081	-9.7616407268796	-11.6140835384657	-12.4620804450207	-6.03330155368311	-5.97745891792209	-8.7396144205496	-6.39169111712929	-2.93284512668794	-18.6592085149264	-12.260446583851	-6.55518984941217	-10.357743785206	-5.34729699777084	-5.67483083655278	-18.5482424388053	-14.4620804450207	-6.90289457923296	-4.11003701922526	-6.39491501800358	-14.7840085399081	-12.3245769212708	-12.6965456986577	-5.8952652910098	-6.28715476252001	-12.0291210377446	-9.08356882176696	-8.02912103774459	-19.0272850912691	-8.90749159334305	-7.78400853990805	-7.1473839193644	-10.4441585370234	-10.8771179442995	-13.9766536178504	-9.64445718750926	-9.90136549054621	-10.0975080127248	-8.08704101367377	-18.4668093519586
np0902	-9.98581935307778	-4.00926659443241	-11.1051182814501	-4.52847104894097	-11.1051182814501	-11.9630992765777	-8.58805984523077	-18.0189119165308	-19.1439162732725	-17.7604210873886	-1.06209099785557	-7.00020327124043	-6.58372090950643	-12.0562086809692	-5.5067448614694	-10.471246180248	-13.9630992765777	-18.5202426739746	-8.06828151326975	-21.5160539399953	-18.4354667979437	-8.87563643532735	-18.6095178401463	-8.84415820385419	-15.9630992765777	-9.2626595584366	-12.3781367758565	-6.81589435163546	-10.0562086809692	-6.81081443427111	-12.9630992765777	-13.9630992765777	-7.14931808536066	-6.26613175034341	-19.1439162732725	-17.8543286673737	-17.9865309296644	-11.3781367758565	-10.6411711816903	-4.67308042964507	-17.431970894603	-10.7931742751354	-19.1027753967423	-17.6755849574782	-8.91870515721924	-18.6943578872215	-14.3781367758565	-11.5707818537989	-18.9648879574086	-14.3781367758565	-8.97441458980553	-9.62324927369307	-13.1557443545201	-9.77327471769768	-6.33374265649808	-8.0442360393031	-8.65021632129334	-18.4544358573167	-19.1611220392346	-11.8756364353274	-17.846702404935	-11.8756364353274	-10.8338162596327	-6.70100443120751	-9.91870515721924	-18.4392911680949	-10.9630992765777	-11.2082117744142	-9.60554727195961	-6.16381765505577	-7.4356222705173	-11.8756364353274	-5.70689058805031	-3.72350074732857	-10.7931742751354	-12.1557443545201	-21.5160539399953	-9.75364591094874	-6.24029174540815	-4.89566491582117	-18.5482424388053	-14.9630992765777	-6.61658554341206	-18.6583509692635	-5.53893298775959	-12.3781367758565	-12.1557443545201	-12.9630992765777	-6.52430742399943	-6.32285434035535	-18.6924724781975	-9.455304636379	-12.9630992765777	-19.0272850912691	-11.2082117744142	-8.66847852768607	-6.81844103374581	-14.3781367758565	-14.3781367758565	-13.6411711816903	-7.98010570188338	-8.76342693174133	-11.1051182814501	-9.85457481979952	-18.4668093519586
np0903	-10.3041475713217	-5.64287845046129	-16.1115024933793	-9.86357497993573	-10.652070874742	-18.6943578872215	-12.941577491937	-12.7895743984919	-12.3041475713217	-9.75395048876123	-5.11998064730362	-15.1115024933793	-8.19861315714935	-14.1115024933793	-5.66338618796985	-13.5265399926582	-19.5160539399953	-16.1115024933793	-9.73646306203239	-8.98221947643434	-11.7895743984919	-10.6852377386772	-9.60370785318061	-7.53030191145435	-7.43202239387386	-11.024039652129	-11.652070874742	-9.25352149825174	-18.129283016945	-5.60767675538356	-12.2046118977708	-13.7895743984919	-4.62517024061065	-4.91982634702688	-10.652070874742	-11.3566149912158	-12.7895743984919	-14.5265399926582	-10.9822194764343	-5.20837381656699	-12.7895743984919	-18.9310914392741	-19.1027753967423	-11.652070874742	-12.3041475713217	-13.7895743984919	-13.1115024933793	-13.1115024933793	-18.9648879574086	-10.8261002745171	-7.89718337257854	-13.5265399926582	-13.3041475713217	-7.60370785318061	-9.10027523795606	-10.8635749799357	-11.3566149912158	-12.3041475713217	-19.1611220392346	-10.4390771514078	-11.8635749799357	-11.1573061829924	-18.1439162732725	-6.05080656169176	-10.4110627752382	-13.3041475713217	-16.1115024933793	-15.1115024933793	-16.1115024933793	-10.2535214982517	-9.88268380288343	-12.2046118977708	-6.28654375285079	-0.556014635561067	-18.6592085149264	-13.5265399926582	-7.16313526179463	-11.1115024933793	-13.5265399926582	-8.98221947643434	-12.941577491937	-18.1477514775078	-6.98738118155012	-6.93159340336438	-9.68523773867721	-18.6592085149264	-13.7895743984919	-19.1611220392346	-6.95921765107273	-7.17781183842708	-18.6924724781975	-10.6196493970496	-10.3566149912158	-14.5265399926582	-12.1115024933793	-10.7895743984919	-7.18076515581642	-15.1115024933793	-14.1115024933793	-19.6192062202956	-18.4849487344682	-10.4110627752382	-13.1115024933793	-8.25975345196325	-18.4668093519586
np0905	-11.3254259289905	-6.41168166234096	-11.8108527561608	-7.80186397293352	-12.1327808510481	-18.6943578872215	-9.84737863218589	-13.547818350327	-12.3254259289905	-10.1327808510481	-2.31799813598603	-10.9628558496058	-9.51807100693293	-18.0467296909277	-5.96285584960583	-11.6733492324108	-19.5160539399953	-18.5202426739746	-8.56292524271719	-8.43234113290705	-10.4889246612734	-8.96285584960583	-18.6095178401463	-5.40486039648494	-7.68156973921581	-12.3254259289905	-11.432341132907	-9.17858454066127	-18.129283016945	-5.28729080010377	-17.7361574621684	-9.88485333760456	-6.44628032386492	-6.02949304263612	-19.1439162732725	-11.9628558496058	-11.2258902554396	-13.1327808510481	-10.2258902554396	-3.9938691329054	-11.2258902554396	-13.1327808510481	-19.1027753967423	-9.77522884643006	-10.7404634282694	-12.3254259289905	-12.8108527561608	-14.1327808510481	-18.9648879574086	-11.432341132907	-7.70651609634604	-13.547818350327	-12.547818350327	-7.64092775471847	-6.93310850621178	-12.547818350327	-10.432341132907	-10.6733492324108	-19.1611220392346	-11.2258902554396	-10.6733492324108	-13.1327808510481	-18.1439162732725	-6.82900010287104	-8.43234113290705	-14.1327808510481	-11.547818350327	-11.3254259289905	-10.1785845406613	-8.2379630877402	-1.95147327362034	-9.77522884643006	-6.64494081722509	-2.54993322249787	-18.6592085149264	-13.1327808510481	-6.81536823728327	-11.9628558496058	-10.7404634282694	-7.56292524271719	-18.5482424388053	-18.1477514775078	-6.68569762483849	-6.52915450606195	-7.57053842682707	-15.1327808510481	-19.6192062202956	-19.1611220392346	-4.56008062456085	-5.75340248397688	-18.6924724781975	-7.86599431035324	-8.79293084816352	-8.79293084816352	-9.96285584960583	-10.4889246612734	-8.90396216055226	-18.7398201567927	-15.1327808510481	-19.6192062202956	-18.4849487344682	-8.53286800886101	-12.1327808510481	-7.22589025543962	-18.4668093519586
np0906	-10.7408875167477	-6.22969962910262	-12.460779597555	-5.67941988403034	-11.5940461284185	-13.0246804827483	-10.5258746257769	-10.1732030074584	-19.1439162732725	-17.7604210873886	-1.30181727880268	-9.28145589811044	-6.75382657245523	-12.9043862490306	-5.09677372585798	-11.5709625153054	-19.5160539399953	-13.6413518431968	-10.6057279334661	-21.5160539399953	-11.0246804827483	-9.30983769948026	-18.6095178401463	-5.89988485679567	-12.9632799380842	-11.460779597555	-10.1303899239194	-8.75707955025032	-14.7408875167477	-5.93353259469013	-17.7361574621684	-14.378317437363	-9.16453814633129	-5.13752610520107	-19.1439162732725	-8.05839447836604	-17.9865309296644	-13.7408875167477	-10.1995142845743	-4.51464737035363	-13.5482424388053	-16.5482424388053	-10.3984953193007	-8.94832959661821	-10.4502103558448	-12.5482424388053	-14.9632799380842	-11.9632799380842	-16.5482424388053	-18.4544358573167	-7.75545214450428	-7.59114039724305	-13.0246804827483	-8.61455178385311	-8.45548529788549	-10.388371102027	-14.226314343918	-8.09703132697301	-19.1611220392346	-10.4293013660818	-17.846702404935	-14.226314343918	-10.7408875167477	-5.45879195768943	-8.47410097605283	-13.8478027206642	-10.7408875167477	-11.7933549366419	-10.4821532483476	-6.47009163107069	-3.33825608120378	-8.54542742319829	-7.12407614998724	-3.1350111996808	-18.6592085149264	-13.1559250160266	-21.5160539399953	-10.8067754524042	-7.16994758289345	-5.81522711711938	-17.5482424388053	-12.9043862490306	-6.67172549224034	-10.8758170968338	-4.89539746580336	-13.226314343918	-14.5482424388053	-15.9632799380842	-6.12355124729239	-6.45614602381455	-13.378317437363	-8.06241313010343	-11.9335325946901	-13.226314343918	-11.0404477986066	-9.08471806553416	-8.76360759324782	-10.2173255606907	-11.9335325946901	-15.9632799380842	-8.17973597729765	-10.0483965517221	-13.1559250160266	-7.94647165039763	-18.4668093519586
np0908	-9.59167371853664	-5.45886189011143	-13.1359942347604	-9.25063680070157	-17.4392911680949	-18.6943578872215	-16.3059192362028	-13.9839911413154	-19.1439162732725	-12.2184563949524	-4.39041327397083	-12.9839911413154	-10.913601813424	-15.3059192362028	-8.02051701734051	-12.9839911413154	-19.5160539399953	-16.3059192362028	-11.0205170173405	-9.76676042509473	-12.9839911413154	-10.3059192362028	-18.6095178401463	-6.27387350927195	-10.1561721166981	-11.9839911413154	-11.0964658705738	-9.67656261612315	-18.129283016945	-7.32292566150845	-13.4985643141452	-12.8464876175655	-6.3172345494306	-8.51801667681133	-19.1439162732725	-13.9839911413154	-15.3059192362028	-14.7209567354816	-11.7209567354816	-2.23621774078861	-13.3059192362028	-12.4985643141452	-19.1027753967423	-13.4985643141452	-9.79812459600407	-13.1359942347604	-18.4819570601872	-12.8464876175655	-18.9648879574086	-14.7209567354816	-8.35755200461808	-9.39902864059424	-18.0315827535454	-9.44793824107519	-9.51150336985265	-10.7209567354816	-10.8796544815007	-9.67656261612315	-12.6054795180617	-13.1359942347604	-12.1359942347604	-11.6054795180617	-18.1439162732725	-6.50663761468084	-8.12601014618783	-14.7209567354816	-13.3059192362028	-13.1359942347604	-13.3059192362028	-9.67656261612315	-11.5510317340393	-10.913601813424	-8.28355142317431	-1.41190677296646	-18.6592085149264	-12.0579917227592	-5.69858892245315	-11.662063046428	-10.2184563949524	-8.89652830006506	-13.1359942347604	-18.1477514775078	-5.65038851304712	-11.7823572801457	-5.68845177090857	-13.4985643141452	-19.6192062202956	-10.5779987816396	-4.7195485410888	-5.827149616727	-18.6924724781975	-10.2835514231743	-9.48574027378757	-19.0272850912691	-11.0579917227592	-2.97514237798837	-7.92221494372871	-18.7398201567927	-13.9839911413154	-19.6192062202956	-18.4849487344682	-8.85470812437043	-18.1166993110972	-7.44793824107519	-18.4668093519586
np0910	-10.7360709831382	-3.68314859239833	-10.5047454370317	-4.67843235727022	-11.4522780171376	-12.4522780171376	-9.17217009794484	-15.2596329391952	-19.1439162732725	-17.7604210873886	-1.0935483342623	-7.20978438974462	-6.87592864672113	-12.674670438474	-5.98350853392094	-11.9377048443078	-12.4522780171376	-18.5202426739746	-7.94674998391082	-21.5160539399953	-18.4354667979437	-8.99284639850028	-18.6095178401463	-8.95585219101807	-15.2596329391952	-9.47827322567052	-11.2596329391952	-6.94674998391082	-11.0117054257516	-7.15634513078316	-13.2596329391952	-17.6240100514525	-7.00224509650253	-6.55227380711429	-19.1439162732725	-14.2596329391952	-17.9865309296644	-11.9377048443078	-11.1721700979448	-4.61938800297283	-17.431970894603	-11.0897079377529	-19.1027753967423	-17.6755849574782	-9.15110848241701	-18.6943578872215	-18.4819570601872	-11.0117054257516	-18.9648879574086	-12.674670438474	-9.13034992225021	-10.5047454370317	-14.2596329391952	-10.0501795735662	-6.81254971298553	-8.16160085623465	-9.08970793775287	-18.4544358573167	-19.1611220392346	-12.9377048443078	-17.846702404935	-11.4522780171376	-10.8673155164164	-6.52831390817011	-9.37698988983334	-18.4392911680949	-10.674670438474	-11.1721700979448	-9.40165194406761	-6.3437535603594	-7.07475759628689	-11.0117054257516	-5.65972009700805	-3.45873303927487	-10.8002013205579	-11.4522780171376	-21.5160539399953	-9.7677798428655	-6.36178748318967	-4.65972009700805	-18.5482424388053	-14.2596329391952	-6.94222032543031	-18.6583509692635	-5.43626569914894	-12.9377048443078	-12.9377048443078	-12.9377048443078	-6.63392409613071	-6.4141428882508	-18.6924724781975	-9.28235301569526	-11.9377048443078	-13.674670438474	-11.1721700979448	-8.57313241201196	-7.26527950233632	-18.7398201567927	-17.786116445496	-13.674670438474	-7.82500471155845	-9.58720759722368	-10.8673155164164	-9.50474543703171	-18.4668093519586
np0912	-12.5240825358599	-6.41555807908168	-7.65989639120557	-4.76585932113313	-11.5240825358599	-18.6943578872215	-9.85165719388836	-12.5240825358599	-15.5240825358599	-17.7604210873886	-1.74405547141787	-8.30491401539769	-9.52408253585985	-11.3541575344175	-5.2809085523869	-11.9391200351387	-14.5240825358599	-9.04834910489345	-3.81069602092282	-21.5160539399953	-9.85165719388836	-7.58156803052061	-18.6095178401463	-7.18423253297523	-15.5240825358599	-11.5240825358599	-10.2761550224163	-9.37433541635517	-9.79616208129665	-6.12320309957767	-17.7361574621684	-11.6171919402513	-6.46068745457134	-5.07081190184923	-19.1439162732725	-14.5240825358599	-7.67233349444379	-11.6171919402513	-9.43661969460951	-4.53681852378731	-17.431970894603	-15.5240825358599	-19.1027753967423	-11.2021544409725	-11.0005205798028	-18.6943578872215	-12.9391200351387	-11.1317651130811	-18.9648879574086	-9.79616208129665	-8.53539784908769	-9.03222943953018	-12.5240825358599	-8.36421119908146	-6.24563307763937	-10.7167276138022	-12.2021544409725	-18.4544358573167	-13.5240825358599	-11.5240825358599	-17.846702404935	-11.7167276138022	-11.0646509172226	-6.52972909900099	-8.00838269757581	-18.4392911680949	-8.75589821108293	-10.8236428177188	-11.0646509172226	-4.76087016904545	-3.44259909776618	-5.95612646044439	-7.52972909900099	-3.30279751804938	-7.70390357344466	-17.687608057609	-21.5160539399953	-12.3541575344175	-6.43132539494	-5.47832287447717	-18.5482424388053	-18.1477514775078	-6.61418945208981	-18.6583509692635	-6.29286135514867	-18.6592085149264	-19.6192062202956	-19.1611220392346	-5.95993304587412	-6.22716632898056	-18.6924724781975	-10.5240825358599	-8.92416969367272	-19.0272850912691	-9.00052057980284	-6.47423398640929	-9.08113904001112	-11.7167276138022	-8.27615502241627	-19.6192062202956	-8.38453118346106	-11.8236428177188	-10.0322294395302	-7.08113904001112	-18.4668093519586
np0914	-18.4462271471724	-9.45248538988445	-6.70145905052515	-3.1152083469904	-13.0523982320716	-18.6943578872215	-8.92311521512662	-9.35195851393049	-19.1439162732725	-17.7604210873886	-2.01716955065729	-8.2322192696564	-6.74861748389448	-10.1216608945087	-6.15153142409083	-11.5929666134343	-10.804470718628	-10.9231152151266	-7.24826721088827	-21.5160539399953	-12.245043310014	-6.45062744366387	-18.6095178401463	-6.17741688441781	-9.84294486644263	-11.0982019216847	-10.4085420422969	-7.44506791832197	-11.8824732306293	-5.57160803097577	-10.0523982320716	-17.6240100514525	-6.46181118215655	-5.89505129670874	-15.0523982320716	-13.0523982320716	-9.37997289010009	-11.9649353908212	-8.38706231488641	-4.07905961127122	-17.431970894603	-18.9310914392741	-15.0523982320716	-17.6755849574782	-9.18203351248818	-8.94387377529341	-12.245043310014	-18.6943578872215	-13.245043310014	-9.45248538988445	-7.66869393959753	-8.61777000443486	-11.2975107299081	-8.29751072990812	-7.67735880072466	-9.8235795415757	-11.4674357313504	-18.4544358573167	-15.0523982320716	-11.2975107299081	-17.846702404935	-8.03003041904313	-11.245043310014	-5.39329426859792	-8.03003041904313	-18.4392911680949	-8.7036700778405	-11.5288362760146	-10.6948462274535	-6.28256038844214	-4.86876285059836	-6.76699601320933	-6.70588449890595	-4.74576687035908	-18.6592085149264	-7.99170230038403	-3.56833060963939	-8.58479268198858	-6.15153142409083	-4.55006365187359	-14.0523982320716	-11.5288362760146	-6.70145905052515	-18.6583509692635	-6.57059880040583	-13.0523982320716	-11.7304701371842	-12.7304701371842	-4.52394412130679	-6.20847718078255	-12.0523982320716	-7.33472180900519	-9.19441723694401	-19.0272850912691	-11.245043310014	-7.3906201342996	-5.50453972601317	-18.7398201567927	-10.9649353908212	-13.0523982320716	-11.194417236944	-10.3244777775084	-10.3244777775084	-6.46555844410976	-9.29751072990812
np0915	-10.1413043235025	-6.19644587769501	-12.2705873404475	-3.59066746192909	-12.2705873404475	-18.6943578872215	-12.2705873404475	-18.0189119165308	-19.1439162732725	-17.7604210873886	-1.2530829393381	-6.38794429108567	-9.62673115067279	-11.1831244991972	-6.65956254314016	-12.4632324183899	-11.5701476223064	-18.5202426739746	-7.95770438516316	-21.5160539399953	-18.4354667979437	-9.06113397481856	-10.2705873404475	-9.16206288366934	-10.8782699176688	-9.94865924556015	-11.363696744839	-7.69315851241176	-11.363696744839	-7.36972053246676	-17.7361574621684	-8.07091499561115	-8.09067825043258	-6.58058936902807	-19.1439162732725	-12.4632324183899	-17.9865309296644	-18.3791414185299	-12.1006623390052	-6.82764384459878	-8.98518512158526	-11.4632324183899	-19.1027753967423	-17.6755849574782	-11.8111557218102	-18.6943578872215	-18.4819570601872	-12.1006623390052	-10.8782699176688	-12.1006623390052	-5.45680614923047	-17.786116445496	-18.0315827535454	-11.5701476223064	-6.86970790416533	-8.14130432350254	-9.48922762692285	-18.4544358573167	-19.1611220392346	-17.9797712684366	-17.846702404935	-18.4212348069659	-14.2705873404475	-14.2705873404475	-10.0226598270039	-7.51569983828404	-10.1831244991972	-11.2705873404475	-12.6856248397264	-6.17783019952766	-8.41260634531994	-11.8111557218102	-8.17255525748698	-4.60880924267552	-8.67067449826038	-17.687608057609	-15.2705873404475	-10.515699838284	-11.8111557218102	-6.08571199753923	-12.9486592455601	-18.1477514775078	-7.93967046233289	-12.2705873404475	-4.35172410317292	-18.6592085149264	-12.9486592455601	-19.1611220392346	-2.67113935891879	-4.35694991239841	-18.6924724781975	-10.5701476223064	-10.7470253843905	-19.0272850912691	-18.4819570601872	-12.1006623390052	-11.6856248397264	-15.2705873404475	-12.2705873404475	-19.6192062202956	-18.4849487344682	-10.8782699176688	-13.6856248397264	-5.64853552099113	-18.4668093519586
np0916	-18.4462271471724	-5.82287153011071	-9.91701868466626	-7.00003927143416	-11.0774833568595	-18.6943578872215	-7.78990676676292	-13.5799836973887	-19.1439162732725	-17.7604210873886	-3.91168961832869	-10.4100586959464	-9.12055207875139	-12.1649461981098	-4.56782476932028	-11.9950211966675	-13.1649461981098	-9.3320561839451	-4.72200270226112	-21.5160539399953	-9.91701868466626	-8.49252085613835	-11.2580556025013	-8.18766627460993	-15.1649461981098	-11.4645064799688	-10.9170186846663	-9.282303148748	-12.8430181032225	-5.52289450518187	-17.7361574621684	-17.6240100514525	-9.16494619810985	-5.36081517692653	-19.1439162732725	-17.8543286673737	-8.9554928324809	-10.7055145794725	-11.8430181032225	-4.76086906186861	-17.431970894603	-14.1649461981098	-19.1027753967423	-9.99502119666754	-8.72200270226112	-14.1649461981098	-12.1649461981098	-10.4645064799688	-18.9648879574086	-18.4544358573167	-8.61035734643221	-8.3320561839451	-12.1649461981098	-7.77262877533109	-5.99002051560917	-9.67309310178017	-12.1649461981098	-18.4544358573167	-14.1649461981098	-10.9950211966675	-17.846702404935	-13.1649461981098	-12.3575912760522	-12.5799836973887	-7.43023657788401	-18.4392911680949	-9.46450647996875	-12.3575912760522	-13.1649461981098	-7.88882179283561	-6.96037505386064	-8.93612750761397	-9.41005869594638	-0.95336204503032	-9.25805560250133	-17.687608057609	-21.5160539399953	-11.0774833568595	-5.34796257485447	-4.61323793648916	-18.5482424388053	-18.1477514775078	-5.71167556409922	-18.6583509692635	-8.72200270226112	-18.6592085149264	-19.6192062202956	-19.1611220392346	-6.70551457947255	-8.91701868466626	-18.6924724781975	-9.43702574354665	-9.77262877533109	-9.99502119666754	-9.52109000833512	-6.20205019277259	-5.73868144340775	-13.1649461981098	-10.1649461981098	-19.6192062202956	-10.6413842420528	-10.5210900083351	-8.82509619522522	-7.85206324282549	-18.4668093519586
np0917	-9.61933692396026	-3.44570605086584	-7.73036823634901	-5.59286471259907	-9.16477106049478	-9.56686950406613	-6.91479280748643	-11.5668695040661	-19.1439162732725	-17.7604210873886	-3.04779493900143	-9.56686950406613	-6.01228065238849	-11.5668695040661	-4.89849099515733	-8.59286471259907	-19.5160539399953	-12.0522963312364	-6.36859987692985	-9.78926192540258	-8.46733383051521	-7.78926192540257	-18.6095178401463	-6.65997890845761	-11.3742244261237	-8.61933692396026	-11.7892619254026	-7.07044367794663	-11.2042994246814	-6.18934908321545	-17.7361574621684	-10.6737847079826	-6.21940631707163	-6.18439986724371	-13.3742244261237	-17.8543286673737	-17.9865309296644	-9.42002811573686	-10.4673338305152	-3.47940666281579	-17.431970894603	-12.7892619254026	-11.5668695040661	-12.7892619254026	-8.01667242150565	-9.01667242150565	-10.2867615848734	-9.51624343099616	-13.3742244261237	-18.4544358573167	-7.70179908415224	-7.24494140917876	-10.9147928074864	-8.73036823634901	-7.73036823634901	-8.08882220726148	-11.0522963312364	-18.4544358573167	-14.3742244261237	-10.7892619254026	-10.3742244261237	-11.7892619254026	-10.7892619254026	-6.57332452620343	-7.89849099515733	-18.4392911680949	-9.01667242150565	-10.2042994246814	-12.7892619254026	-6.39123085142942	-8.05229633123637	-7.31894199062254	-7.50385970654033	-1.92920958025531	-18.6592085149264	-17.687608057609	-9.42002811573686	-8.75951458200852	-7.59286471259907	-3.95110851597663	-18.5482424388053	-12.7892619254026	-5.17210060229327	-7.98190700334497	-5.36859987692985	-12.0522963312364	-19.6192062202956	-11.5668695040661	-7.11683658343108	-8.01667242150565	-14.3742244261237	-9.16477106049478	-11.2042994246814	-19.0272850912691	-10.0522963312364	-7.11683658343108	-6.04779493900143	-11.3742244261237	-9.42002811573686	-12.7892619254026	-18.4849487344682	-8.64630397156053	-8.12629691268014	-7.94795967142163	-18.4668093519586
np0918	-10.4003642011916	-4.86925167441467	-17.9648879574086	-5.80713408448681	-12.0884201948768	-11.2583451963191	-9.53042474175594	-18.0189119165308	-19.1439162732725	-17.7604210873886	-1.92700834002266	-9.70375634464151	-8.19225600586137	-18.0467296909277	-5.12777463351372	-11.5579054781781	-15.2583451963191	-9.90079319170106	-10.9364171014318	-21.5160539399953	-10.9364171014318	-8.20306276081795	-18.6095178401463	-5.60370916779118	-12.2583451963191	-11.7989135776818	-10.673382695598	-10.0488918306902	-18.129283016945	-5.65657440791143	-17.7361574621684	-17.6240100514525	-8.07843610630421	-5.64732039901179	-19.1439162732725	-7.99155865562424	-17.9865309296644	-12.9364171014318	-12.4509902742615	-4.3158306909799	-11.3514546007106	-18.9310914392741	-19.1027753967423	-10.0104176828756	-9.1708823550688	-11.0104176828756	-18.4819570601872	-12.4509902742615	-18.9648879574086	-8.01041768287556	-7.20849664686858	-11.0104176828756	-13.673382695598	-6.77856493229004	-6.55098606423826	-9.55790547817805	-17.9797712684366	-10.0488918306902	-11.5579054781781	-9.93641710143178	-17.846702404935	-11.7989135776818	-10.7989135776818	-5.49016087154222	-8.50345769415567	-13.673382695598	-10.2583451963191	-12.0884201948768	-11.5579054781781	-6.8964014225839	-4.22285874502699	-9.28106527281923	-7.16558805539929	-2.05362123229956	-18.6592085149264	-13.2583451963191	-21.5160539399953	-9.90079319170106	-7.44456400510211	-4.96832634938653	-18.5482424388053	-18.1477514775078	-5.87032791097401	-18.6583509692635	-6.54066877325275	-14.2583451963191	-19.6192062202956	-12.673382695598	-5.09721331333484	-6.49347360558305	-18.6924724781975	-7.5788650968137	-18.129283016945	-9.93641710143178	-12.0884201948768	-7.29256091165706	-8.516878209918	-10.8660277735404	-17.786116445496	-19.6192062202956	-6.98222079104491	-9.23597738329069	-12.0884201948768	-6.32170725731657	-18.4668093519586
np0919	-8.70428094593986	-6.42764893670534	-12.9006781587434	-5.51697386626931	-6.62455375346912	-18.6943578872215	-9.14579065657989	-18.0189119165308	-19.1439162732725	-17.7604210873886	-2.16286748300995	-10.7852009413234	-6.25682196896863	-12.3157156580222	-5.5083607359646	-9.65275064529977	-19.5160539399953	-18.5202426739746	-14.4856406594645	-21.5160539399953	-9.33589353995983	-10.4856406594645	-18.6095178401463	-9.00990722849812	-17.6943578872215	-10.5314443490776	-10.0262090408272	-7.08903587828266	-15.4856406594645	-4.42494472777696	-17.7361574621684	-17.6240100514525	-5.73075315730105	-6.0635758932917	-19.1439162732725	-13.4856406594645	-17.9865309296644	-18.3791414185299	-5.61990738861276	-6.29088380504227	-13.4856406594645	-9.55490332190163	-19.1027753967423	-8.35635764251955	-9.5083607359646	-18.6943578872215	-18.4819570601872	-12.9006781587434	-18.9648879574086	-18.4544358573167	-7.21885411876961	-7.16822804569965	-11.4856406594645	-9.65275064529977	-8.71745633468759	-7.73744780987505	-13.1637125645772	-6.13691250523344	-19.1611220392346	-11.0262090408272	-17.846702404935	-18.4212348069659	-6.52274465412725	-4.79651625455126	-7.14579065657989	-18.4392911680949	-12.1637125645772	-15.4856406594645	-18.3552564508737	-6.52274465412725	-5.2676829616004	-6.0911779648542	-7.02211628619333	-1.99041020293252	-18.6592085149264	-17.687608057609	-21.5160539399953	-9.39817781821417	-10.8417844696898	-4.93297156195024	-11.3981778182142	-12.6782857374069	-6.46883237177796	-18.6583509692635	-4.43511175393396	-13.1637125645772	-19.6192062202956	-13.1637125645772	-6.36410714212448	-8.25682196896863	-18.6924724781975	-9.70428094593986	-18.129283016945	-9.84178446968979	-9.44124654010606	-8.61527593988111	-7.92339823524344	-4.9620787034075	-17.786116445496	-19.6192062202956	-7.59082289615657	-10.9620787034075	-13.1637125645772	-12.4856406594645	-18.4668093519586
np0920	-10.7868821936647	-5.23913077204061	-10.1754474815824	-5.87465815375314	-11.43324523905	-7.61251128719119	-9.95680719510701	-10.5992551904889	-15.956807195107	-15.956807195107	-1.53737364440163	-10.3718446943859	-8.67140497624476	-12.2563674769659	-5.71720866585789	-11.43324523905	-12.3718446943859	-11.3129510053323	-5.7124433599865	-8.59048498086119	-10.3718446943859	-7.87465815375314	-18.6095178401463	-5.6191852931145	-9.74735382947806	-11.1494522730494	-11.8693443538567	-8.35689435291988	-13.3718446943859	-6.0650234918887	-11.5644897723283	-11.4973755764697	-7.47702693107791	-6.30396222210503	-15.956807195107	-17.8543286673737	-10.1239171809423	-12.6348791002196	-12.4973755764697	-4.90695864565645	-17.431970894603	-12.956807195107	-13.956807195107	-9.65302644692991	-9.46495409877734	-10.7088796816634	-13.1494522730494	-12.6348791002196	-18.9648879574086	-9.37184469438585	-9.59925519048893	-9.58176776376009	-12.6348791002196	-9.03794395783242	-5.8417635449453	-12.2563674769659	-11.7868821936647	-18.4544358573167	-19.1611220392346	-12.4973755764697	-14.3718446943859	-11.4973755764697	-12.3718446943859	-4.48716537786749	-8.84828273832884	-18.4392911680949	-11.2019196929435	-12.956807195107	-12.7868821936647	-6.55166573197067	-6.06350566424645	-9.91241307574856	-7.27732709560156	-2.94400809092733	-18.6592085149264	-12.1494522730494	-7.15914566925325	-10.5992551904889	-5.1470390663966	-5.1144568516932	-14.3718446943859	-14.3718446943859	-6.92338419356956	-3.55060218968816	-6.23570800639983	-13.956807195107	-13.6348791002196	-13.3718446943859	-5.8456715248723	-6.47299141784275	-14.3718446943859	-9.02606985754412	-9.01429268976777	-19.0272850912691	-9.86934435385667	-7.35318085012082	-8.99102291044492	-11.0499165994985	-10.6348791002196	-14.3718446943859	-9.59925519048893	-9.40221834342937	-10.3718446943859	-8.9795272716071	-18.4668093519586
np0922	-14.9387066488875	-10.5236691496087	-10.1661171449906	-6.03181605327898	-13.5236691496087	-16.5236691496087	-6.57968923526492	-10.373922030104	-19.1439162732725	-17.7604210873886	-1.18726719734954	-8.90895930549345	-9.56947283922178	-11.7687816474452	-4.18548989970855	-12.5236691496087	-13.5236691496087	-12.1313517268299	-2.92375630742153	-21.5160539399953	-11.2017410547213	-6.29364871390302	-18.6095178401463	-9.28526441028358	-17.6943578872215	-11.6656881544811	-10.9387066488875	-9.24754474433442	-9.742309436084	-5.76627914024202	-17.7361574621684	-8.78895952938282	-8.6719201081926	-6.0911272492204	-19.1439162732725	-14.5236691496087	-7.33384459072864	-12.7163142275511	-11.3142157839797	-4.37614620525791	-14.9387066488875	-18.9310914392741	-14.2017410547213	-12.3537441481663	-10.5013013365802	-18.6943578872215	-14.9387066488875	-11.1313517268299	-16.5236691496087	-11.9387066488875	-9.01587450940996	-9.3045006291465	-11.5694728392218	-9.1313517268299	-8.84418905010321	-10.6907791354439	-11.6656881544811	-12.2017410547213	-15.5236691496087	-12.2757416361651	-17.846702404935	-10.3142157839797	-8.38924282938773	-5.00059732266826	-7.82322943146757	-13.2017410547213	-10.7163142275511	-11.1661171449906	-13.7163142275511	-7.21305636794913	-3.885006983749	-8.36379781283027	-8.4738206001581	-4.76294920214304	-7.44418436578184	-17.687608057609	-21.5160539399953	-11.9387066488875	-8.39954783777947	-8.82322943146757	-18.5482424388053	-14.5236691496087	-7.92747939346425	-18.6583509692635	-10.5929318120458	-18.6592085149264	-19.6192062202956	-10.7687816474452	-6.40992698355947	-9.49024614807121	-18.6924724781975	-9.95381354127771	-9.44685355255783	-13.5236691496087	-9.78220216320751	-5.88342421338631	-10.3338445907286	-14.9387066488875	-8.87981295983393	-19.6192062202956	-9.44685355255783	-10.0974043949066	-11.7163142275511	-7.32399680477229	-18.4668093519586
np0923	-6.36314841123224	-6.9070525051582	-8.07697750660051	-4.43312131682578	-8.03390878470862	-10.9514466245166	-5.88775194919926	-18.0189119165308	-19.1439162732725	-17.7604210873886	-1.49144587295119	-8.55151601762801	-5.97416670101673	-11.121371625959	-4.89375568254474	-9.83596940709671	-11.0339087847086	-8.32695575960886	-6.55151601762801	-21.5160539399953	-10.9514466245166	-7.57447716607133	-18.6095178401463	-6.34988215645836	-10.0339087847086	-11.3140167039014	-10.7994435310716	-7.2696225845429	-18.129283016945	-5.37990463955782	-11.7994435310716	-10.3664841237955	-7.7994435310716	-4.2280700950984	-11.0339087847086	-13.121371625959	-17.9865309296644	-8.35318730118204	-10.4209319078179	-3.72744495031854	-17.431970894603	-18.9310914392741	-19.1027753967423	-17.6755849574782	-7.57447716607133	-9.91191826033001	-13.5364091252378	-12.5364091252378	-12.5364091252378	-11.0339087847086	-7.07697750660051	-7.72049218967678	-10.9514466245166	-8.71198068982126	-6.82675087706733	-7.10456333827241	-10.3140167039014	-18.4544358573167	-15.121371625959	-10.3664841237955	-17.846702404935	-11.9514466245166	-10.0769775066005	-6.31401670390136	-8.11014437053571	-18.4392911680949	-8.26339063083139	-10.8734441125154	-11.0339087847086	-6.3432944964236	-7.49201500587935	-7.84524722068472	-7.02861448503911	-7.09346562938908	-7.82675087706733	-10.3140167039014	-6.81759087778186	-9.59780966990195	-7.11014437053571	-4.27040347497652	-10.9514466245166	-12.3140167039014	-5.42614333446321	-18.6583509692635	-5.11715115964077	-14.121371625959	-10.5978096699019	-13.121371625959	-6.5326569903767	-6.02070928695376	-18.6924724781975	-9.01284716918079	-9.91191826033001	-19.0272850912691	-8.71198068982126	-7.11574707676508	-5.91680048170976	-8.35318730118204	-10.4775154361842	-11.7994435310716	-11.121371625959	-9.62951852962929	-8.71198068982126	-7.59780966990195	-12.5364091252378
np0924	-11.7613274720655	-8.96991409387687	-17.9648879574086	-8.95926684967736	-12.2918421887642	-18.6943578872215	-9.87680468948539	-12.6544122681489	-13.4617671902065	-7.80117698467202	-3.60313857867411	-12.5231677348707	-11.4921408392501	-17.0467296909277	-5.46035899581374	-13.5872980722904	-19.5160539399953	-18.5202426739746	-11.3188092363645	-9.42467787147132	-5.56190679666555	-10.1519119276198	-8.93298752487851	-6.46552910900274	-9.14586288294695	-11.7248015960403	-11.2918421887642	-10.6891776863096	-18.129283016945	-7.79406425847745	-17.7361574621684	-12.5872980722904	-5.67223354523618	-8.13983909531918	-19.1439162732725	-9.7429489427506	-11.3188092363645	-12.7988021774841	-14.0467296909277	-6.60068028421115	-13.7248015960403	-15.4617671902065	-19.1027753967423	-12.7248015960403	-6.59654944376295	-10.7068796880431	-11.0467296909277	-13.4617671902065	-18.9648879574086	-6.47308250343438	-8.18874869580013	-13.2393747688701	-13.1398390953192	-8.23294849971066	-8.46930086289195	-14.2393747688701	-10.4768740825968	-12.6544122681489	-15.4617671902065	-11.4617671902065	-13.5872980722904	-10.3743043489562	-16.0467296909277	-5.890014546703	-10.5709962599613	-12.9592668496774	-14.7248015960403	-12.3462899727866	-13.8768046894854	-9.70687968804308	-14.7248015960403	-12.7248015960403	-4.86402498040874	-0.60462853125217	-18.6592085149264	-13.4617671902065	-6.35847938179452	-11.402873501153	-13.3462899727866	-10.3602291637445	-16.0467296909277	-14.7248015960403	-8.22974606767232	-8.5192526848673	-9.54688380384449	-14.4617671902065	-19.6192062202956	-19.1611220392346	-5.87743099513485	-6.69910832235957	-15.4617671902065	-8.72480159604034	-9.54688380384449	-15.4617671902065	-11.402873501153	-12.6544122681489	-10.1763649713443	-16.0467296909277	-13.3462899727866	-19.6192062202956	-15.4617671902065	-9.3188092363645	-18.1166993110972	-8.2752402214271	-18.4668093519586
np0932	-10.702836437934	-5.99501718942731	-11.1502954149052	-5.28667227320087	-12.8023721114849	-11.6097270335425	-8.88180657897932	-11.1502954149052	-11.4398020321002	-11.702836437934	-1.95677005440401	-10.9658708437678	-9.18346227884042	-12.2877989386552	-5.18766226736971	-12.0247645328214	-19.5160539399953	-15.6097270335425	-7.57080804425022	-7.32895626341192	-6.38331484075373	-8.00239671979291	-12.6097270335425	-3.57424058225036	-8.2434048192967	-10.7517460384149	-9.99501718942731	-8.31510628465089	-12.2877989386552	-6.33593143432825	-14.0247645328214	-11.702836437934	-6.60691201793546	-7.17509880590579	-6.99501718942731	-14.6097270335425	-9.20033609740482	-7.75174603841495	-12.1502954149052	-5.84651466672812	-10.702836437934	-15.6097270335425	-14.6097270335425	-9.80237211148491	-5.61113660379719	-10.3243248146803	-8.00239671979291	-12.8023721114849	-15.6097270335425	-10.9658708437678	-9.90928731540142	-11.0247645328214	-15.6097270335425	-8.52226419229218	-6.18136686083823	-11.2877989386552	-8.26987703065789	-18.4544358573167	-19.1611220392346	-9.32432481468027	-17.846702404935	-10.1178739372128	-18.1439162732725	-4.95240858396123	-8.78954807112733	-12.6097270335425	-12.2877989386552	-12.1502954149052	-13.0247645328214	-3.92410219381616	-7.25658020804444	-10.1834622788404	-6.78000429845646	-3.09107387786913	-18.6592085149264	-10.1502954149052	-5.00517380446348	-11.0861650774855	-7.36655305006957	-6.71490927023457	-18.5482424388053	-18.1477514775078	-6.94794893577053	-4.99962497054285	-7.09797437977514	-13.6097270335425	-12.6097270335425	-19.1611220392346	-4.49403308134551	-5.81368742471275	-10.8023721114849	-7.38572535934441	-7.68491452993674	-15.6097270335425	-8.03987142521157	-10.3243248146803	-9.90928731540142	-13.6097270335425	-11.6097270335425	-14.6097270335425	-11.8023721114849	-6.17927448187699	-11.4398020321002	-6.77683701937778	-18.4668093519586
np0933	-18.4462271471724	-6.07386745260461	-10.5886209510444	-6.50115810979402	-9.84015971804033	-18.6943578872215	-9.89262713793446	-5.92641545139075	-11.1450142995687	-17.7604210873886	-2.85852448544889	-12.9105490459317	-3.06286525821488	-13.6475146400979	-5.50200700363487	-13.6475146400979	-19.5160539399953	-15.2324771408191	-8.44457458142766	-21.5160539399953	-11.5886209510444	-5.92983821703154	-7.12134147058438	-4.28155678878899	-8.35596019425409	-10.806212386117	-8.93785639192746	-6.16235619634227	-18.129283016945	-5.88264304936184	-11.7730455221818	-17.6240100514525	-7.39012679740528	-5.94823139098942	-13.4251222187615	-8.82308620468139	-4.89764521270109	-15.2324771408191	-12.3255865452106	-3.24272786535695	-17.431970894603	-13.2324771408191	-19.1027753967423	-17.6755849574782	-8.19905413928164	-9.74062404448941	-18.4819570601872	-15.2324771408191	-18.9648879574086	-8.90156026270447	-7.53899018331976	-10.5600517988476	-13.9105490459317	-5.31212428540401	-6.65316120323907	-10.6475146400979	-8.94707492195684	-8.72468250062039	-19.1611220392346	-10.3255865452106	-17.846702404935	-5.35059843321864	-11.6475146400979	-5.48932574670659	-8.33161033283834	-13.2324771408191	-12.9105490459317	-13.0625521393768	-12.6475146400979	-9.96569060012419	-6.15165961321076	-8.61776729670388	-9.89262713793446	-3.80936123067199	-18.6592085149264	-8.46429281604216	-4.53855465273807	-9.1771947053179	-9.266692856157	-5.63908601802735	-12.7730455221818	-18.1477514775078	-5.23247714081909	-18.6583509692635	-10.1239526840409	-14.6475146400979	-11.5886209510444	-19.1611220392346	-5.42592751883313	-8.07765903176698	-11.5886209510444	-6.36211242123568	-11.6475146400979	-19.0272850912691	-18.4819570601872	-6.86834248581104	-6.816735372529	-18.7398201567927	-14.6475146400979	-19.6192062202956	-10.2101093277906	-8.3017398032562	-12.9105490459317	-4.59494658929378	-9.84015971804033
np0936	-11.293375849174	-6.02035735476762	-13.293375849174	-7.2059130079237	-17.4392911680949	-13.8783383498952	-7.43539485404647	-10.7908755086449	-10.7908755086449	-10.7908755086449	-2.22998076788553	-10.7908755086449	-10.4189067312579	-18.0467296909277	-5.21656025212321	-17.5323711460796	-19.5160539399953	-14.8783383498952	-7.53848834701057	-8.57455760171809	-7.47745891361301	-9.02035735476762	-12.0709834278376	-4.916888655497	-9.35477639383818	-10.8783383498952	-10.8783383498952	-9.48602092711644	-13.8783383498952	-6.30848274156425	-12.8783383498952	-12.293375849174	-7.43539485404647	-7.49463405742114	-7.56545539461084	-13.8783383498952	-9.74905533295023	-12.5564102550078	-10.7908755086449	-5.82848980044464	-11.293375849174	-14.8783383498952	-19.1027753967423	-9.74905533295023	-6.03284829895082	-10.4860209271164	-10.6304108364516	-12.8783383498952	-18.9648879574086	-6.06776671515405	-9.12345084773173	-12.293375849174	-10.4189067312579	-6.80152275284437	-6.32374949821756	-17.4491002709378	-9.52078634527711	-18.4544358573167	-19.1611220392346	-10.4189067312579	-12.5564102550078	-10.3547763938382	-13.8783383498952	-5.97747154191445	-9.07098342783759	-18.4392911680949	-14.8783383498952	-13.293375849174	-12.8783383498952	-7.54742147178058	-8.03284829895082	-10.4189067312579	-6.2059130079237	-1.29596111425451	-18.6592085149264	-10.5564102550078	-6.82848980044464	-10.8783383498952	-7.86711109447194	-6.64951965939932	-18.5482424388053	-18.1477514775078	-6.18834037847575	-6.43539485404647	-7.8783383498952	-18.6592085149264	-19.6192062202956	-19.1611220392346	-5.16753191619584	-5.72352024084309	-12.8783383498952	-7.86711109447194	-8.52078634527711	-19.0272850912691	-10.3547763938382	-9.23448216012047	-9.4520735951931	-18.7398201567927	-9.97144775428668	-12.0709834278376	-13.8783383498952	-8.52078634527711	-12.0709834278376	-9.4520735951931	-18.4668093519586
np0942	-7.87516870334679	-2.98518872434992	-9.49575511379867	-8.03632349516137	-8.278524397578	-18.6943578872215	-8.60822984305708	-10.817683208686	-11.3582515900487	-17.7604210873886	-4.24403602119271	-12.817683208686	-4.26597494706534	-18.0467296909277	-4.48117664887577	-13.2327207079649	-19.5160539399953	-18.5202426739746	-7.20297336457082	-8.81768320868603	-10.4253657859073	-9.23272070796487	-10.9107926130775	-4.84901641549082	-14.817683208686	-9.23272070796487	-11.3582515900487	-6.07959094906554	-12.4957551137987	-5.10172121843088	-17.7361574621684	-12.0103282866284	-6.90479387245607	-5.47116947552039	-11.1172434905449	-12.4957551137987	-17.9865309296644	-11.2327207079649	-9.35825159004873	-3.42590260267286	-17.431970894603	-18.9310914392741	-19.1027753967423	-12.2327207079649	-9.29412125262902	-10.0627957065226	-18.4819570601872	-11.1172434905449	-18.9648879574086	-9.06279570652256	-8.23272070796487	-12.0103282866284	-13.2327207079649	-9.56975569524244	-6.25926249541736	-12.2327207079649	-12.4957551137987	-5.40829227254833	-12.817683208686	-10.0103282866284	-7.34194977771963	-7.88694587112314	-12.817683208686	-6.73022036743569	-8.08976275412283	-18.4392911680949	-11.6477582072437	-11.3582515900487	-12.2327207079649	-9.01032828662842	-5.99113472139511	-7.5230624597944	-6.88694587112314	-2.02184646775238	-13.817683208686	-17.687608057609	-9.46013120406795	-9.01032828662842	-7.0494988839091	-4.67813185628723	-10.817683208686	-18.1477514775078	-5.72757078902174	-4.92438167782547	-6.70915875190786	-12.2327207079649	-19.6192062202956	-12.817683208686	-6.70394104263684	-7.7196511257255	-13.817683208686	-9.81768320868603	-11.1172434905449	-10.6477582072437	-9.68840019174106	-9.95970221355846	-8.81768320868603	-14.817683208686	-12.817683208686	-19.6192062202956	-12.817683208686	-8.86348689829915	-9.77328908932757	-10.1172434905449	-18.4668093519586
np0943	-10.9893837477064	-4.47368390942236	-9.53393197998165	-5.58102183803236	-12.2788903649014	-8.46013067957153	-9.51021591100784	-10.7858503536213	-9.7208949117805	-17.7604210873886	-1.25798756927666	-9.55804443609846	-8.83902101264261	-12.1757968719373	-5.9556270593302	-11.6075131123628	-12.8638528656225	-11.6075131123628	-6.94498962834795	-8.93049005865283	-10.2393620007147	-8.12989602132867	-13.3333381489238	-4.82432450143591	-9.75765346179062	-10.8840307475602	-11.7858503536213	-8.36489288279861	-11.1757968719373	-6.29991514738631	-11.103040529502	-11.3333381489238	-8.12688727145634	-6.25323809959289	-13.5743462484276	-9.43386502487773	-10.0679935824028	-12.4488153663437	-9.88403074756017	-4.90031452054142	-17.431970894603	-15.4488153663437	-15.4488153663437	-10.7858503536213	-8.99485887777255	-11.0114100540364	-12.5743462484276	-12.5102159110078	-13.2264229450073	-13.7118497721775	-8.66745565281904	-10.1268872714563	-12.2788903649014	-8.84890252415657	-6.12613606339933	-10.3613525250934	-11.5102159110078	-18.4544358573167	-15.0337778670649	-12.079581556678	-11.6414604442861	-10.7858503536213	-11.6075131123628	-5.24058100800391	-8.48688340717722	-14.0337778670649	-10.4338650248777	-12.4488153663437	-12.5743462484276	-5.637173085883	-6.2631139741481	-8.7906038835919	-6.4525772851399	-3.01531685809919	-18.6592085149264	-10.7858503536213	-7.26890627632876	-10.3613525250934	-5.9298344371733	-5.39715324652121	-14.7118497721775	-14.4488153663437	-6.75532840884437	-8.27555465233813	-5.89870992128704	-14.0337778670649	-11.7483756482026	-13.8638528656225	-5.80857043012135	-5.5851452993343	-14.0337778670649	-9.44132082979677	-8.83410552222849	-19.0272850912691	-9.43386502487773	-6.99211871542764	-8.59498601448659	-11.9463150258145	-11.7118497721775	-13.2264229450073	-10.3472773398816	-9.63289843078267	-10.5419247707352	-8.78585035362127	-18.4668093519586
np0944	-9.85192251523829	-3.32140779853951	-13.7588131108468	-8.34377561156797	-14.343775611568	-18.6943578872215	-11.343775611568	-18.0189119165308	-19.1439162732725	-7.32140779853951	-1.8076498399677	-10.134322245939	-10.3895793011811	-18.0467296909277	-6.14165178773751	-17.5323711460796	-19.5160539399953	-18.5202426739746	-11.8843439929307	-8.67135026959647	-7.00392560868334	-9.2776864211102	-14.343775611568	-7.43088627533801	-9.38957930118109	-11.7588131108468	-11.2563127703176	-10.5364206895104	-13.0218475166806	-8.01285873345335	-17.7361574621684	-11.5364206895104	-9.41303827400508	-8.56241589804331	-19.1439162732725	-12.7588131108468	-17.9865309296644	-9.95145818878921	-12.0218475166806	-8.26696001451714	-12.7588131108468	-15.343775611568	-19.1027753967423	-11.5364206895104	-8.36649568806805	-18.6943578872215	-8.2352511547898	-14.343775611568	-18.9648879574086	-12.7588131108468	-8.64333589342688	-13.343775611568	-15.343775611568	-11.7588131108468	-8.56241589804331	-17.4491002709378	-10.0218475166806	-18.4544358573167	-19.1611220392346	-11.4368850159594	-9.85192251523829	-10.6433358934269	-18.1439162732725	-2.61585515700477	-10.0218475166806	-11.0218475166806	-17.786116445496	-13.0218475166806	-11.0218475166806	-5.46725866500297	-11.5364206895104	-11.6433358934269	-5.13676129139044	-2.00364733786738	-13.343775611568	-13.7588131108468	-7.38957930118109	-11.4368850159594	-10.6999194217932	-9.214492594623	-15.343775611568	-18.1477514775078	-10.0958480981244	-11.6433358934269	-8.28849317606678	-18.6592085149264	-19.6192062202956	-19.1611220392346	-5.27634125081145	-6.15395105268795	-12.0218475166806	-9.38957930118109	-9.56241589804331	-12.343775611568	-11.0958480981244	-11.8843439929307	-10.8843439929307	-12.5364206895104	-13.0218475166806	-13.7588131108468	-18.4849487344682	-9.69991942179324	-13.7588131108468	-6.30760199901448	-18.4668093519586
np0945	-18.4462271471724	-4.96571678857838	-8.73971311368956	-6.17411593783533	-8.33917518410583	-18.6943578872215	-8.92413768482698	-11.3835693034643	-13.3835693034643	-17.7604210873886	-4.82898045178664	-13.3835693034643	-2.80897577612667	-18.0467296909277	-5.38356930346428	-17.5323711460796	-19.5160539399953	-18.5202426739746	-7.68312958532319	-21.5160539399953	-9.38356930346428	-7.65564884890108	-7.31748011300651	-4.60549217392892	-13.3835693034643	-11.0616412085769	-10.213644302022	-5.46470606618969	-18.129283016945	-5.54436551536734	-13.3835693034643	-17.6240100514525	-7.65564884890108	-5.60220958993962	-13.3835693034643	-7.45283196590139	-8.52558830833671	-11.7986068027431	-9.92413768482698	-2.8718166496969	-17.431970894603	-18.9310914392741	-19.1027753967423	-17.6755849574782	-7.95730454876218	-9.29610646221394	-13.3835693034643	-18.6943578872215	-18.9648879574086	-7.00852987211736	-6.90783587249788	-9.29610646221394	-13.3835693034643	-6.57621438140668	-7.79860680274312	-9.57621438140668	-12.3835693034643	-7.57621438140668	-19.1611220392346	-17.9797712684366	-17.846702404935	-6.25428628651931	-11.7986068027431	-7.82898045178664	-9.06164120857692	-18.4392911680949	-13.3835693034643	-17.7069141533982	-13.3835693034643	-10.213644302022	-6.37234204804103	-6.71114396149278	-9.13564179002069	-2.568986837558	-18.6592085149264	-12.3835693034643	-4.22369796668589	-8.92413768482698	-10.7986068027431	-4.49482605456602	-18.5482424388053	-18.1477514775078	-4.59893445790676	-18.6583509692635	-9.79860680274312	-18.6592085149264	-11.7986068027431	-19.1611220392346	-6.08894855457265	-7.25428628651931	-18.6924724781975	-9.13564179002069	-12.3835693034643	-19.0272850912691	-18.4819570601872	-5.5380792525199	-6.38356930346428	-18.7398201567927	-17.786116445496	-19.6192062202956	-10.3835693034643	-7.31748011300651	-11.0616412085769	-8.62868180130081	-12.3835693034643
np0947	-7.00313615844748	-6.32105119082822	-12.6836212702129	-5.74446187113207	-6.85798099512757	-18.6943578872215	-9.40351335102019	-12.1690480973832	-19.1439162732725	-17.7604210873886	-2.79640065474454	-11.0986587694918	-6.21020542213993	-13.1690480973832	-5.59313073626502	-9.63299519714296	-19.5160539399953	-18.5202426739746	-17.8816397677299	-21.5160539399953	-7.53097426020245	-10.6836212702129	-18.6095178401463	-8.09865876949177	-17.6943578872215	-10.8471200024958	-9.28152282664158	-7.1555858375766	-18.129283016945	-4.59691634599651	-17.7361574621684	-17.6240100514525	-5.44112764281997	-5.86161957219092	-19.1439162732725	-13.4909761922705	-17.9865309296644	-18.3791414185299	-6.91732900477721	-6.13562509584572	-13.1690480973832	-8.43569375676934	-19.1027753967423	-8.80447566508731	-10.584085596662	-18.6943578872215	-13.9060136915494	-12.4909761922705	-18.9648879574086	-18.4544358573167	-5.96349918621013	-5.61292527954199	-11.9060136915494	-8.86161957219092	-8.12465397802471	-5.97330680413672	-10.584085596662	-4.80973778049272	-19.1611220392346	-10.5367798818837	-17.846702404935	-12.6836212702129	-6.10943324108595	-5.36427171942734	-5.49520904139273	-18.4392911680949	-15.4909761922705	-13.9060136915494	-18.3552564508737	-7.12903241853529	-7.26215750177465	-6.71948672276993	-7.72942495982605	-2.04066704673259	-18.6592085149264	-17.687608057609	-21.5160539399953	-9.44658207291208	-13.9060136915494	-4.90319867594232	-9.06471143756843	-13.4909761922705	-6.41683472951802	-18.6583509692635	-4.78534380490912	-13.9060136915494	-19.6192062202956	-11.6836212702129	-5.54846168693129	-6.38768838385851	-18.6924724781975	-9.53677988188366	-15.4909761922705	-8.92112058393958	-6.85073125604818	-9.49097619227053	-6.98318155207183	-4.11159782519927	-14.4909761922705	-19.6192062202956	-5.97922353850315	-12.3210511908282	-18.1166993110972	-12.0315445736332	-18.4668093519586
np0952	-4.41487225969056	-8.3600328722268	-17.9648879574086	-8.69951933849846	-7.29186136958522	-18.6943578872215	-10.9923010877263	-12.3142291826137	-19.1439162732725	-17.7604210873886	-1.82739416105062	-11.5068742605561	-6.3600328722268	-14.3142291826137	-7.75964033093604	-11.7292666818925	-19.5160539399953	-18.5202426739746	-12.7292666818925	-21.5160539399953	-18.4354667979437	-8.10477581698472	-18.6095178401463	-5.19528810989017	-13.3142291826137	-18.3791414185299	-11.1443041811714	-6.30860463341979	-18.129283016945	-5.45314227661828	-17.7361574621684	-9.85479756397637	-9.85479756397637	-5.18752470977048	-19.1439162732725	-12.7292666818925	-14.3142291826137	-18.3791414185299	-16.8252817996473	-4.00361640095414	-12.3142291826137	-13.3142291826137	-19.1027753967423	-17.6755849574782	-10.4073385870052	-18.6943578872215	-18.4819570601872	-18.6943578872215	-14.3142291826137	-13.3142291826137	-7.02882696375142	-9.18494616566871	-18.0315827535454	-10.5068742605561	-8.18494616566871	-10.7292666818925	-10.5068742605561	-12.3142291826137	-19.1611220392346	-9.5593416804502	-17.846702404935	-18.4212348069659	-11.7292666818925	-9.5593416804502	-11.5068742605561	-18.4392911680949	-14.3142291826137	-17.7069141533982	-14.3142291826137	-8.33694925911376	-5.94354177580645	-8.69951933849846	-6.40133984638371	-2.89321632683445	-7.05684133992102	-17.687608057609	-4.67037299283895	-17.0733884685424	-7.97437917972905	-5.38941667900789	-12.3142291826137	-7.58630872805047	-3.60428380238118	-18.6583509692635	-5.6921773631573	-18.6592085149264	-19.6192062202956	-14.3142291826137	-4.15941107356157	-6.92191175983491	-12.7292666818925	-10.2267663413633	-11.3142291826137	-13.3142291826137	-14.3142291826137	-7.28080618107622	-8.61378946447258	-18.7398201567927	-17.786116445496	-19.6192062202956	-8.69951933849846	-4.91121715903868	-10.8547975639764	-9.02882696375142	-18.4668093519586
np0953	-18.4462271471724	-5.29918273301154	-17.9648879574086	-7.20117002931392	-17.4392911680949	-18.6943578872215	-14.7069815832335	-18.0189119165308	-10.6846137702051	-17.7604210873886	-0.185212470914457	-11.8490005881059	-7.13712597490257	-18.0467296909277	-5.41753900754518	-9.16782277212548	-19.5160539399953	-18.5202426739746	-17.8816397677299	-21.5160539399953	-18.4354667979437	-14.3850534883462	-13.2475499645962	-16.7069815832335	-17.6943578872215	-18.3791414185299	-14.3850534883462	-15.1220190825124	-18.129283016945	-10.9256218697089	-17.7361574621684	-17.6240100514525	-11.0922717391183	-7.45668316532718	-14.7069815832335	-10.5776985662885	-17.9865309296644	-16.7069815832335	-9.64089239277574	-10.0065418650924	-17.431970894603	-18.9310914392741	-19.1027753967423	-17.6755849574782	-12.5370565817912	-18.6943578872215	-18.4819570601872	-18.6943578872215	-18.9648879574086	-7.46380759976056	-7.2702700410963	-11.3146641604548	-15.7069815832335	-15.7069815832335	-11.800090987625	-14.1220190825124	-17.9797712684366	-12.7069815832335	-15.1220190825124	-17.9797712684366	-17.846702404935	-18.4212348069659	-13.1220190825124	-18.6592085149264	-11.5776985662885	-18.4392911680949	-13.7069815832335	-10.1523927315559	-18.3552564508737	-6.25165436292895	-16.646333693381	-11.95209408107	-15.7069815832335	-14.7069815832335	-18.6592085149264	-17.687608057609	-21.5160539399953	-15.1220190825124	-10.4401950425386	-10.3850534883462	-18.5482424388053	-13.1220190825124	-10.4975282176046	-18.6583509692635	-15.1220190825124	-18.6592085149264	-19.6192062202956	-19.1611220392346	-12.4590540697899	-16.7069815832335	-14.7069815832335	-13.7069815832335	-18.129283016945	-13.0065418650924	-13.3850534883462	-12.3850534883462	-6.14951788163569	-18.7398201567927	-15.1220190825124	-16.7069815832335	-15.7069815832335	-16.7803347081239	-14.7069815832335	-15.7069815832335	-18.4668093519586
np0956	-11.5029560832623	-5.66480267383637	-13.2805636619259	-5.0333142660228	-17.4392911680949	-18.6943578872215	-11.1337222735966	-10.1337222735966	-19.1439162732725	-17.7604210873886	-1.54355781455334	-7.25819584889741	-8.17502924775351	-11.6956011612047	-5.66375229516537	-14.5029560832623	-13.5029560832623	-18.5202426739746	-9.87846521835452	-21.5160539399953	-18.4354667979437	-8.22373243932919	-18.6095178401463	-7.33303108182	-10.6956011612047	-11.3874788658424	-10.5960654876538	-7.38401501053881	-12.5029560832623	-6.54875977287544	-12.7659904890961	-9.61218515301707	-6.19007312797796	-6.67217681569338	-19.1439162732725	-12.2805636619259	-17.9865309296644	-12.5029560832623	-11.4440623942087	-5.37453206904644	-10.4440623942087	-18.9310914392741	-19.1027753967423	-17.6755849574782	-10.3065588704588	-15.0879185839835	-13.2805636619259	-12.9179935825412	-13.2805636619259	-10.0879185839835	-6.74806858109885	-16.0879185839835	-13.5029560832623	-10.5960654876538	-3.19765430696236	-10.7659904890961	-8.45856196390386	-13.0879185839835	-16.0879185839835	-12.0879185839835	-17.846702404935	-8.63670747215114	-14.0879185839835	-9.40141805680025	-8.91799358254116	-9.09923389721131	-12.181027988375	-11.181027988375	-9.9586355670385	-7.25819584889741	-10.3874788658424	-12.5029560832623	-7.23929564355413	-3.65903503197328	-6.2518682289254	-9.74806858109885	-21.5160539399953	-10.8025163651212	-9.47320873986826	-3.5955646388236	-14.5029560832623	-18.1477514775078	-8.33972573439401	-18.6583509692635	-6.08932815423814	-18.6592085149264	-16.0879185839835	-15.0879185839835	-3.84504221681707	-5.53332973230583	-18.6924724781975	-7.75252822928955	-9.85909989348759	-11.0004557427331	-14.0879185839835	-7.4658667645271	-9.69560116120471	-16.0879185839835	-13.7659904890961	-19.6192062202956	-6.58012394378478	-8.89809402510345	-13.7659904890961	-4.89193128595496	-18.4668093519586
np0957	-11.1118782771583	-5.00742512535426	-13.8223716599633	-7.14609399249623	-14.9598751837133	-18.6943578872215	-10.7899501822709	-11.3276069682137	-11.1320561590959	-6.86606151031053	-1.90320360291677	-12.474448356543	-10.362940041326	-13.474448356543	-6.44102535500557	-15.2818032786006	-16.2818032786006	-15.6968407778795	-8.5235800638739	-6.597054658179	-11.3276069682137	-9.88948585582186	-10.3869855152927	-4.27284949907443	-8.26221255024274	-11.727214426923	-11.033875765157	-8.81419772851763	-18.129283016945	-6.01912113623846	-11.8894858558219	-11.0150167379057	-8.03387576515704	-6.90785062323043	-14.474448356543	-7.84301142602236	-7.55388282403743	-18.3791414185299	-11.1320561590959	-5.61291829433438	-13.474448356543	-15.2818032786006	-17.2818032786006	-11.6670934344854	-8.69684077787947	-14.1118782771583	-16.2818032786006	-15.2818032786006	-14.474448356543	-10.9964010597384	-10.4616243161854	-13.3749126829921	-13.3749126829921	-7.8388597827519	-6.29667290513373	-13.5813635604595	-10.1837711956401	-11.7899501822709	-19.1611220392346	-11.3510659410377	-13.474448356543	-11.4489132644359	-14.2818032786006	-4.63884905512029	-9.08704642417838	-12.6379470888259	-13.6968407778795	-12.8223716599633	-13.1943404373503	-8.0267747087819	-8.89809898612657	-11.6670934344854	-6.69121622868559	-2.19111191173986	-18.6592085149264	-10.9598751837133	-6.13205615909594	-11.9242512739825	-8.27057602317737	-6.12951843629404	-13.9598751837133	-18.1477514775078	-7.80606984763423	-2.77506181357248	-8.2346793664866	-15.6968407778795	-13.9598751837133	-19.1611220392346	-5.33672528349281	-7.11187827715831	-16.2818032786006	-7.78195739151742	-9.35106594103774	-19.0272850912691	-10.6379470888259	-8.56070408989344	-11.1732788218225	-18.7398201567927	-14.474448356543	-19.6192062202956	-11.9242512739825	-10.0150167379057	-13.2818032786006	-6.85553852389853	-15.6968407778795
np0961	-18.4462271471724	-5.04557520418978	-9.57695666470609	-7.15069191000399	-7.82206916254262	-18.6943578872215	-7.99199416398494	-18.0189119165308	-7.67006606909757	-17.7604210873886	-4.89045613752287	-11.5769566647061	-4.59396309001178	-18.0467296909277	-5.69431361534425	-17.5323711460796	-19.5160539399953	-18.5202426739746	-8.57695666470609	-21.5160539399953	-8.25502856981873	-9.25502856981873	-7.11752504606879	-3.83548967830495	-17.6943578872215	-11.5769566647061	-17.0009682812804	-5.99199416398494	-18.129283016945	-5.23710666182147	-17.7361574621684	-17.6240100514525	-5.96224682059088	-5.13401316885736	-19.1439162732725	-8.57695666470609	-17.9865309296644	-9.40703166326378	-16.8252817996473	-3.15489189853328	-17.431970894603	-18.9310914392741	-19.1027753967423	-17.6755849574782	-8.57695666470609	-6.876516946565	-18.4819570601872	-18.6943578872215	-18.9648879574086	-7.62276035431922	-6.10122323373969	-10.9919941639849	-18.0315827535454	-7.02236781302845	-10.5769566647061	-9.76960174264849	-17.9797712684366	-8.11752504606879	-19.1611220392346	-11.5769566647061	-17.846702404935	-9.25502856981873	-10.9919941639849	-9.99199416398494	-10.9919941639849	-18.4392911680949	-10.9919941639849	-17.7069141533982	-18.3552564508737	-9.25502856981873	-9.25502856981873	-7.40703166326378	-9.25502856981873	-1.40640562938939	-18.6592085149264	-17.687608057609	-4.58827197793393	-10.9919941639849	-9.11752504606879	-5.07711077762289	-12.5769566647061	-18.1477514775078	-5.37728431986973	-18.6583509692635	-9.76960174264849	-18.6592085149264	-19.6192062202956	-19.1611220392346	-8.57695666470609	-9.11752504606879	-18.6924724781975	-11.5769566647061	-18.129283016945	-19.0272850912691	-18.4819570601872	-6.76960174264849	-6.93310047493137	-18.7398201567927	-17.786116445496	-19.6192062202956	-18.4849487344682	-7.876516946565	-12.5769566647061	-8.40703166326378	-18.4668093519586
np0962	-9.14467172917714	-4.68732342504033	-13.5369891519559	-9.52700506338328	-10.2639706575495	-18.6943578872215	-6.11352303060648	-11.3145967306195	-13.5369891519559	-13.1219516526771	-5.18090404633648	-13.2474825347609	-5.52203881048993	-18.0467296909277	-4.14945045180039	-11.4589866399546	-19.5160539399953	-18.5202426739746	-10.8000235577897	-9.74112986873613	-3.46776317961751	-10.978993698835	-10.8242711040364	-5.18580450974688	-9.34936214878013	-11.9520266512347	-11.0630579636235	-5.12618450179926	-16.7069141533982	-5.2105596648336	-17.7361574621684	-15.7069141533982	-6.82733090378543	-5.86377824228686	-16.7069141533982	-6.72820369429186	-14.7069141533982	-9.56736280099942	-5.97051222207992	-3.3374531226146	-13.8995592313406	-12.8995592313406	-19.1027753967423	-12.2474825347609	-7.39403119811386	-6.35046218317646	-15.7069141533982	-13.0064744352571	-18.9648879574086	-8.16775534229018	-8.22713388936911	-15.7069141533982	-13.2474825347609	-10.0775575333186	-10.1833521973412	-12.8995592313406	-12.2474825347609	-11.4974607877693	-16.7069141533982	-9.36706415051359	-8.76439964805897	-8.21506105706854	-18.1439162732725	-7.01168586190246	-9.02743405389277	-15.7069141533982	-14.1219516526771	-16.7069141533982	-18.3552564508737	-10.3145967306195	-12.1833521973412	-11.6194513121479	-8.49259503259745	-1.42021201400271	-18.6592085149264	-13.1219516526771	-7.0291945117572	-11.7069141533982	-13.2474825347609	-7.79402481716825	-15.7069141533982	-14.1219516526771	-7.76439964805897	-7.85204577013798	-9.54704281661983	-16.7069141533982	-14.3849860585109	-19.1611220392346	-5.59969707780683	-6.83809159862321	-13.2474825347609	-10.3493621487801	-11.2150610570685	-19.0272850912691	-11.1523253017206	-12.6194513121479	-6.78656129798313	-18.7398201567927	-14.3849860585109	-15.7069141533982	-15.7069141533982	-7.99610771969886	-12.8000235577897	-6.01778974848496	-18.4668093519586
np0963	-18.4462271471724	-7.87814936860404	-10.2540162706022	-8.03900337963136	-17.4392911680949	-18.6943578872215	-13.0613711926598	-18.0189119165308	-19.1439162732725	-17.7604210873886	-3.76789954382168	-10.2887816887629	-5.59784681938863	-18.0467296909277	-4.52156615755849	-10.7883526982534	-19.5160539399953	-18.5202426739746	-11.4764086919387	-21.5160539399953	-18.4354667979437	-8.68054940871888	-10.2887816887629	-8.75151593007302	-15.646333693381	-9.22006893867887	-10.2540162706022	-9.30648369049634	-18.129283016945	-6.94936616714668	-14.0613711926598	-17.6240100514525	-7.6747901394302	-5.98990883010319	-7.04270734839478	-11.3984061799374	-10.3244055984936	-11.1869020747437	-10.1544805970513	-4.68127093663634	-17.431970894603	-9.32440559849361	-14.646333693381	-9.86497397985631	-7.45650913450095	-11.3984061799374	-15.646333693381	-12.0613711926598	-18.9648879574086	-18.4544358573167	-6.41031950148088	-17.786116445496	-11.3244055984936	-6.70675447906627	-8.73944309777245	-9.62396588035251	-14.0613711926598	-8.15448059705129	-4.80241264209193	-9.78835269825339	-17.846702404935	-8.47640869193865	-18.1439162732725	-9.01697707330136	-8.98812221062917	-18.4392911680949	-11.3984061799374	-14.646333693381	-14.646333693381	-9.69213738299409	-15.646333693381	-7.45650913450095	-5.51833937240457	-1.11763540980678	-18.6592085149264	-17.687608057609	-5.95633572196152	-9.45650913450095	-11.646333693381	-10.4764086919387	-18.5482424388053	-12.3244055984936	-3.160252890729	-18.6583509692635	-7.21170546574424	-12.3244055984936	-10.6019395740225	-19.1611220392346	-4.93466671981662	-6.79146531012073	-18.6924724781975	-9.76369064401913	-18.129283016945	-19.0272850912691	-18.4819570601872	-10.9458939752399	-7.42716517291881	-14.0613711926598	-17.786116445496	-19.6192062202956	-13.646333693381	-10.517050676436	-14.646333693381	-7.82615473096578	-15.646333693381
np0964	-18.4462271471724	-6.51368889757015	-8.24527631200979	-4.87712520036178	-11.4699072055422	-18.6943578872215	-10.265548707036	-12.1861142395416	-15.9934691615992	-17.7604210873886	-1.71277087595837	-8.4777693233152	-9.30696863441603	-11.1354881664717	-5.41698481480239	-12.9934691615992	-13.1861142395416	-8.65361915871462	-4.27151554879786	-21.5160539399953	-10.1108261122374	-7.26554870703605	-18.6095178401463	-7.0986513982913	-12.4085066608781	-12.2930294434582	-9.88494470482108	-8.79379681676288	-9.50161606526957	-6.22197969209865	-17.7361574621684	-10.6715410667119	-6.79379681676288	-5.60760676095779	-19.1439162732725	-14.9934691615992	-7.38984281661306	-12.2930294434582	-10.1605791474345	-4.29302944345815	-14.9934691615992	-14.4085066608781	-19.1027753967423	-9.92737997114147	-10.6715410667119	-18.6943578872215	-13.4085066608781	-11.9934691615992	-13.9934691615992	-11.4699072055422	-8.81356007158431	-9.29302944345815	-18.0315827535454	-8.44657470171161	-5.50161606526957	-11.2385816594358	-11.7455416481557	-15.9934691615992	-19.1611220392346	-11.9060063203489	-17.846702404935	-12.2930294434582	-10.9934691615992	-5.9099898342674	-7.58407822546155	-12.9934691615992	-9.22528483682232	-11.6011517388205	-10.6011517388205	-5.07088475888558	-3.25622181857151	-6.42551308618378	-6.57984123257507	-3.57904817985283	-6.22694025300038	-14.9934691615992	-14.4085066608781	-11.9934691615992	-5.42931967161351	-5.60437563969477	-18.5482424388053	-14.4085066608781	-7.01905457179372	-18.6583509692635	-6.740803729149	-15.9934691615992	-15.9934691615992	-15.9934691615992	-5.53608828252671	-6.27236997289206	-18.6924724781975	-9.34961297182452	-7.90071202067939	-19.0272850912691	-9.16057914743451	-6.62278175479203	-8.76465047110337	-12.8235441601569	-8.08057982536928	-15.9934691615992	-8.90600632034891	-10.9934691615992	-10.378759317484	-7.0926023536185	-18.4668093519586
np0965	-18.4462271471724	-4.84773999353835	-10.5481797116794	-8.81121411751324	-7.37825471023713	-18.6943578872215	-8.96321721095829	-18.0189119165308	-12.1331422124006	-17.7604210873886	-6.51843236828539	-16.8818468512374	-2.43270249425951	-18.0467296909277	-5.92368884677165	-17.5323711460796	-19.5160539399953	-18.5202426739746	-9.325787290343	-21.5160539399953	-9.81121411751324	-8.6737105937633	-7.08874809304215	-4.57855336072296	-17.6943578872215	-12.1331422124006	-10.1331422124006	-6.27516121727303	-18.129283016945	-5.88521469895702	-17.7361574621684	-17.6240100514525	-7.74082478962184	-5.23832444909266	-19.1439162732725	-7.17894590201373	-10.1331422124006	-18.3791414185299	-11.1331422124006	-2.72800074926426	-17.431970894603	-18.9310914392741	-19.1027753967423	-17.6755849574782	-8.1331422124006	-10.1331422124006	-18.4819570601872	-18.6943578872215	-18.9648879574086	-6.64128911607093	-6.04567937115026	-8.81121411751324	-18.0315827535454	-6.6737105937633	-9.54817971167945	-9.54817971167945	-11.1331422124006	-6.35178249887594	-19.1611220392346	-17.9797712684366	-17.846702404935	-6.00385919545564	-8.96321721095829	-10.5481797116794	-10.1331422124006	-18.4392911680949	-17.786116445496	-17.7069141533982	-18.3552564508737	-15.8069523282107	-9.325787290343	-6.48928602262588	-9.325787290343	-2.05499140466595	-18.6592085149264	-17.687608057609	-4.74082478962184	-9.81121411751324	-16.7398201567927	-5.31296324998541	-18.5482424388053	-18.1477514775078	-5.81121411751324	-18.6583509692635	-12.1331422124006	-18.6592085149264	-10.1331422124006	-19.1611220392346	-7.48928602262588	-6.7068774576985	-18.6924724781975	-17.785426924465	-18.129283016945	-19.0272850912691	-18.4819570601872	-6.46071687042911	-5.84773999353835	-18.7398201567927	-17.786116445496	-19.6192062202956	-12.1331422124006	-7.08874809304215	-12.1331422124006	-10.5481797116794	-18.4668093519586
np0966	-18.4462271471724	-6.19894359188456	-12.7162192850941	-6.93485957156948	-8.97205818952373	-18.6943578872215	-11.0381473799815	-18.0189119165308	-8.18016638485393	-17.7604210873886	-3.93485957156948	-12.7162192850941	-6.04946269320933	-15.0381473799815	-5.5725809751721	-12.7162192850941	-19.5160539399953	-18.5202426739746	-8.68059537536342	-21.5160539399953	-18.4354667979437	-7.44569034271342	-7.65444308750745	-5.33597469461595	-15.0381473799815	-12.7162192850941	-11.4531848792603	-6.6287564438438	-18.129283016945	-5.45506461247857	-13.0381473799815	-17.6240100514525	-6.91920630725799	-5.78784896207517	-19.1439162732725	-10.4531848792603	-7.82869401435255	-13.4531848792603	-11.2307924579239	-4.12525804375154	-17.431970894603	-13.4531848792603	-19.1027753967423	-17.6755849574782	-9.06086745648158	-11.4531848792603	-18.4819570601872	-18.6943578872215	-18.9648879574086	-8.2437315136314	-6.52244754169746	-11.131256784373	-14.0381473799815	-6.6287564438438	-7.51458542392449	-11.7162192850941	-10.6458299572027	-8.14332961667356	-19.1611220392346	-11.5787157613442	-17.846702404935	-7.87827604320311	-10.8682223785392	-6.67620360624626	-9.48355852830386	-18.4392911680949	-12.7162192850941	-13.0381473799815	-18.3552564508737	-8.86822237853919	-5.85575302657697	-7.44569034271342	-9.33770766184041	-1.77429136038542	-18.6592085149264	-9.20525736581676	-2.46213550577472	-10.131256784373	-9.5787157613442	-4.82261438023585	-12.0381473799815	-18.1477514775078	-4.3542755113589	-18.6583509692635	-9.28325987781803	-18.6592085149264	-12.7162192850941	-19.1611220392346	-5.19894359188456	-5.97205818952373	-18.6924724781975	-8.2437315136314	-13.4531848792603	-19.0272850912691	-18.4819570601872	-6.6202948650956	-9.64582995720274	-18.7398201567927	-17.786116445496	-19.6192062202956	-9.39429119020678	-8.2437315136314	-12.4531848792603	-8.71621928509414	-13.4531848792603
np0967	-6.28850509334991	-7.94688866354044	-12.605721060888	-8.30591577689873	-11.8073549220576	-18.6943578872215	-12.0848888975865	-13.129283016945	-19.1439162732725	-17.7604210873886	-5.03983253582906	-11.8438807980827	-11.605721060888	-18.0467296909277	-8.31229939368959	-12.5443205162238	-19.5160539399953	-18.5202426739746	-14.8073549220576	-21.5160539399953	-11.2466399675831	-11.3479233034203	-13.0418201756946	-9.64546723968071	-13.5443205162238	-10.7717310123269	-8.21340363810919	-8.40136256238177	-17.129283016945	-6.98207809200274	-16.129283016945	-17.6240100514525	-3.47330515445802	-7.61161362881115	-14.129283016945	-9.09036402765266	-17.9865309296644	-18.3791414185299	-16.8252817996473	-7.00386954646165	-12.5443205162238	-11.2466399675831	-17.129283016945	-14.3219280948874	-14.5443205162238	-18.6943578872215	-17.129283016945	-12.2713020218174	-18.9648879574086	-14.5443205162238	-7.45509074879928	-17.786116445496	-18.0315827535454	-11.7369655941662	-6.30352918406185	-10.5293701747578	-11.1750867065581	-11.8438807980827	-19.1611220392346	-11.4854268271702	-17.846702404935	-10.7717310123269	-18.1439162732725	-8.12085439487439	-7.71989208080726	-16.129283016945	-15.129283016945	-13.8073549220576	-13.8073549220576	-9.8073549220576	-6.44103270781179	-13.129283016945	-5.87839248122163	-3.35892883708694	-18.6592085149264	-17.687608057609	-21.5160539399953	-11.4854268271702	-11.7369655941662	-7.93945845806495	-12.7369655941662	-18.1477514775078	-9.36773178450049	-0.749278615999316	-7.75424358559804	-13.5443205162238	-13.0418201756946	-15.5443205162238	-5.29481196696074	-5.10969228858709	-18.6924724781975	-12.1750867065581	-17.129283016945	-12.7369655941662	-17.129283016945	-9.94937392693003	-9.16928108487689	-18.7398201567927	-17.786116445496	-19.6192062202956	-10.0740005814438	-11.919829651316	-15.129283016945	-11.1069152039165	-18.4668093519586
np0968	-9.90373419654191	-3.93035102079471	-11.8943354985397	-5.83637892874014	-12.7348572845325	-13.7688046164558	-9.23928110216007	-10.0473798731854	-13.303141044107	-8.5761595385134	-1.40998337666344	-9.70169042059726	-9.61037525385132	-12.1167279198761	-5.78716938386437	-13.5761595385134	-14.4606823210935	-15.353767117177	-8.05652328567019	-7.36184041771264	-7.75811001565956	-8.80357003461648	-15.8391939443472	-5.30081098431508	-8.04998636899985	-10.8757198203723	-10.3797623257099	-9.15269341716398	-11.4606823210935	-6.66976996567113	-14.1611220392346	-10.4606823210935	-7.94316434137045	-7.60365833763674	-19.1439162732725	-10.3409430768194	-9.28153878962178	-9.85278300909515	-12.1167279198761	-6.64838157643106	-11.5029105564828	-14.254231443626	-19.1027753967423	-10.0789729978807	-7.99747236321874	-12.5464121951194	-8.86420583235527	-12.4886966972631	-13.5761595385134	-12.0113749197299	-8.99370389340282	-13.4062345370711	-13.2069257288477	-8.99119703779225	-6.1824115801282	-12.6065331875569	-9.45031560553521	-14.254231443626	-18.1611220392346	-11.0012507024562	-11.3929377144576	-9.38963256973396	-14.9911970377922	-3.9781070383518	-9.80357003461648	-11.8391939443472	-12.9911970377922	-12.1611220392346	-10.6375600831775	-5.00267013469617	-8.30781248383089	-9.55749569424837	-4.95380261277676	-2.94911970816689	-18.6592085149264	-9.54641219511935	-5.93110160352893	-10.7181785433858	-7.48516500629281	-7.09907590151407	-14.5761595385134	-18.1477514775078	-8.00503896294588	-8.73276186653027	-6.44516004897942	-13.9911970377922	-12.4332015846714	-18.1611220392346	-4.57839199453381	-5.59649617643919	-11.0421809665111	-8.40790529005561	-7.79917826549932	-15.5761595385134	-7.98370250124532	-9.79917826549932	-10.0215706868358	-9.11946288759735	-11.7517311030969	-16.5761595385134	-11.2069257288477	-9.19533775457247	-12.913194525791	-7.19245524603935	-18.4668093519586
np0975	-10.7768442324022	-6.45611888459646	-11.3261828233926	-4.84217048028011	-10.8010917786488	-11.4742814623817	-9.90237511448603	-13.8763799059531	-19.1439162732725	-17.7604210873886	-0.874846046733671	-9.16803498972664	-8.16017287195367	-12.2243032093734	-6.18289294845376	-11.5962719867603	-19.5160539399953	-7.13106573049641	-11.2574700733086	-21.5160539399953	-10.9558143734475	-9.90237511448603	-18.6095178401463	-6.16213438828696	-14.6837348280107	-11.2243032093734	-11.2243032093734	-9.4358073145671	-13.3618067331233	-6.52891671895858	-17.7361574621684	-15.0987723272895	-8.17198217424331	-5.68232663361788	-19.1439162732725	-8.7179505433486	-17.9865309296644	-14.3618067331233	-12.6837348280107	-4.124357737484	-17.431970894603	-15.6837348280107	-14.3618067331233	-9.51380982656837	-11.0113094860392	-11.5962719867603	-14.6837348280107	-12.8763799059531	-14.6837348280107	-14.3618067331233	-7.6284523925095	-10.3799540798336	-15.6837348280107	-9.87637990595308	-6.23975528540943	-9.74122032267145	-17.9797712684366	-8.58570274505016	-19.1611220392346	-11.8763799059531	-17.846702404935	-13.8763799059531	-10.902375114486	-4.96306304118513	-8.88931896166058	-13.6837348280107	-10.4939102691307	-11.0113094860392	-9.74122032267145	-5.42105268564852	-4.49421909821049	-8.25747007330859	-6.53652990306846	-4.94268925100085	-18.6592085149264	-17.687608057609	-21.5160539399953	-9.78891706470274	-6.62303889632313	-6.00865990762524	-18.5482424388053	-13.2243032093734	-7.8195486833564	-18.6583509692635	-5.70074125331637	-14.3618067331233	-14.6837348280107	-14.6837348280107	-7.66692654032413	-6.96777283775554	-18.6924724781975	-9.09877232728953	-14.0987723272895	-13.6837348280107	-11.0690249838955	-6.53525824583241	-10.1601728719537	-8.533987708506	-10.8763799059531	-13.6837348280107	-8.45011515125098	-10.8763799059531	-12.2914174052319	-7.94226784160954	-18.4668093519586
np0976	-18.4462271471724	-6.85852273797358	-15.0572133236425	-6.4677494306864	-11.7067160765584	-18.6943578872215	-10.448404080967	-18.0189119165308	-12.2916785772795	-17.7604210873886	-0.798338173933598	-9.27061696175169	-9.09373919966761	-18.0467296909277	-7.86738876476248	-11.2706169617517	-19.5160539399953	-18.5202426739746	-16.3791414185299	-21.5160539399953	-18.4354667979437	-10.2092164170875	-10.4366269131906	-17.7069815832335	-17.6943578872215	-17.3791414185299	-9.41913948646178	-6.84581168622402	-9.63767443212871	-6.38196193759224	-17.7361574621684	-17.6240100514525	-13.3791414185299	-7.94451319089313	-15.3791414185299	-13.5717864964723	-17.9865309296644	-17.3791414185299	-8.6010642889945	-7.17457027428065	-15.0572133236425	-18.9310914392741	-13.2092164170875	-17.6755849574782	-13.3791414185299	-10.6648959008637	-15.0572133236425	-17.3791414185299	-18.9648879574086	-10.5717864964723	-7.2943330307255	-11.1893168596498	-18.0315827535454	-13.1312139050863	-9.08912257159724	-15.3791414185299	-17.9797712684366	-12.7352852287551	-19.1611220392346	-14.7941789178087	-17.846702404935	-18.4212348069659	-14.0572133236425	-18.6592085149264	-13.2916785772795	-18.4392911680949	-14.0572133236425	-10.6376744321287	-14.0572133236425	-8.50262447196486	-6.44103209231062	-12.2092164170875	-7.57178649647225	-1.97826198224767	-18.6592085149264	-17.687608057609	-21.5160539399953	-15.7941789178087	-5.26377258070963	-10.8872883222002	-11.7067160765584	-18.1477514775078	-7.90949960129034	-18.6583509692635	-6.3763264029228	-18.6592085149264	-16.3791414185299	-19.1611220392346	-6.43442935748637	-6.37562350642126	-16.3791414185299	-14.2092164170875	-18.129283016945	-19.0272850912691	-13.5717864964723	-13.3791414185299	-10.3904567317577	-18.7398201567927	-14.7941789178087	-19.6192062202956	-14.7941789178087	-12.6242539163664	-9.84775995801355	-8.3623331308433	-18.4668093519586
np0977	-18.4462271471724	-4.33600928749541	-15.4491002709378	-8.99788915910547	-17.4392911680949	-18.6943578872215	-16.4491002709378	-18.0189119165308	-19.1439162732725	-17.7604210873886	-0.161351824463157	-11.8052440811631	-7.80885533471545	-15.4491002709378	-5.5718161374146	-10.1823137302429	-19.5160539399953	-18.5202426739746	-17.8816397677299	-21.5160539399953	-18.4354667979437	-15.4491002709378	-9.70763328453665	-13.8641377702166	-17.6943578872215	-13.1271721760504	-14.1271721760504	-13.1271721760504	-18.129283016945	-10.3198172539928	-17.7361574621684	-17.6240100514525	-9.51836293337491	-7.83807547363044	-14.4491002709378	-8.94925438385459	-17.9865309296644	-18.3791414185299	-8.9814947208548	-9.66774055741313	-17.431970894603	-18.9310914392741	-19.1027753967423	-17.6755849574782	-12.5422096753293	-18.6943578872215	-18.4819570601872	-14.1271721760504	-18.9648879574086	-9.48331598627571	-9.83439042682259	-10.8052440811631	-16.4491002709378	-17.5280572417884	-12.3616374296875	-16.4491002709378	-17.9797712684366	-11.8641377702166	-13.1271721760504	-17.9797712684366	-17.846702404935	-18.4212348069659	-13.2791752694955	-18.6592085149264	-11.9896686523005	-18.4392911680949	-13.6417453488802	-13.2791752694955	-18.3552564508737	-8.12717217605043	-16.646333693381	-11.6417453488802	-15.4491002709378	-16.4491002709378	-18.6592085149264	-17.687608057609	-21.5160539399953	-14.1271721760504	-11.5911192758102	-9.81974365085818	-18.5482424388053	-13.8641377702166	-10.1453195227607	-18.6583509692635	-16.4491002709378	-18.6592085149264	-19.6192062202956	-19.1611220392346	-12.7486605527967	-15.4491002709378	-15.4491002709378	-12.6417453488802	-18.129283016945	-11.4491002709378	-12.2791752694955	-8.65468440458769	-14.8214252220951	-18.7398201567927	-14.1271721760504	-14.4491002709378	-14.1271721760504	-16.7803347081239	-18.1166993110972	-17.1613090589954	-18.4668093519586
np0978	-9.70233762134845	-7.16687708204487	-13.2873001220696	-7.26176502996247	-14.0946550441272	-12.7727269492398	-13.5096925434061	-9.24916499318284	-19.1439162732725	-6.84198961167696	-1.82574759177941	-11.5096925434061	-10.5710930880702	-12.9247300426849	-7.10881310712387	-14.0946550441272	-14.0946550441272	-15.0946550441272	-8.96537202718225	-7.97053373229802	-18.4354667979437	-9.01783944707638	-13.7727269492398	-5.1361023286962	-7.50594040854495	-11.9247300426849	-10.8852016784983	-10.3397675419637	-12.5096925434061	-7.84198961167696	-5.69591135218902	-10.2617650299625	-7.75035913621139	-7.94999680129533	-19.1439162732725	-13.0946550441272	-11.0946550441272	-13.5096925434061	-10.8852016784983	-3.38341827633343	-11.3942153259861	-14.0946550441272	-19.1027753967423	-12.3942153259861	-9.38040952646109	-14.0946550441272	-18.4819570601872	-14.5096925434061	-15.0946550441272	-10.3132953306026	-9.23667404899964	-9.61892161316081	-13.2873001220696	-9.15214053878797	-5.28891117197559	-12.1877644485187	-9.77272694923985	-13.2873001220696	-19.1611220392346	-12.3942153259861	-12.6352234254899	-11.7023376213485	-14.0946550441272	-4.62399617006666	-8.44360335294828	-11.0071922028769	-11.7023376213485	-11.0946550441272	-11.0946550441272	-7.33310381168273	-8.50219800685913	-8.32647071935028	-6.51157227662428	-3.03277761307135	-16.0946550441272	-9.17579180685262	-3.7503591362114	-11.4507988543525	-11.3397675419637	-8.02856585366944	-18.5482424388053	-16.0946550441272	-7.59880001724004	-8.64344393229488	-3.64421701173156	-14.0946550441272	-13.5096925434061	-12.9247300426849	-4.2681065568363	-5.75926468943329	-14.5096925434061	-9.00719220287687	-8.30675248473578	-19.0272850912691	-10.1404587337403	-5.54198594661294	-9.40815451694399	-18.7398201567927	-11.7023376213485	-19.6192062202956	-18.4849487344682	-8.15801710512464	-14.0946550441272	-6.32151583740752	-18.4668093519586
np0979	-10.9884369953769	-4.36043661045324	-10.414701750079	-6.52595850118075	-10.7999919059638	-13.8297392493579	-7.82973924935785	-15.414701750079	-8.69360256137182	-14.414701750079	-3.32790206445555	-10.9884369953769	-10.0053108139413	-12.7142620319379	-5.06652688254345	-11.7708455603043	-13.414701750079	-12.3272389088287	-6.2598836410269	-8.76365005890008	-10.0053108139413	-8.12929953121676	-18.6095178401463	-4.80922223201734	-11.7142620319379	-10.891139794022	-13.414701750079	-8.84484614174806	-12.414701750079	-6.39789346239245	-11.891139794022	-11.285418733134	-7.74581676581276	-6.12008100118738	-15.414701750079	-7.77084556030428	-11.1292995312168	-12.5078111544705	-9.87554293897098	-4.5244374730579	-14.8297392493579	-12.8297392493579	-19.1027753967423	-12.6073468280214	-7.36757783796498	-10.6073468280214	-11.6598142479155	-12.6073468280214	-18.9648879574086	-6.85628103681034	-7.85245932585793	-11.7708455603043	-11.8297392493579	-8.24477674863669	-6.86780729019137	-11.285418733134	-13.6073468280214	-13.8297392493579	-16.414701750079	-11.414701750079	-11.5567207549514	-11.5567207549514	-13.6073468280214	-5.70131523514198	-8.04837953583319	-13.8297392493579	-11.285418733134	-12.6073468280214	-13.414701750079	-7.35941931457782	-7.02668446473387	-8.89900191179497	-7.49882237124323	-1.12497100999525	-18.6592085149264	-16.414701750079	-7.8185119939346	-10.3061772933008	-5.5481955378528	-4.63662462054365	-14.0927736551916	-16.414701750079	-6.39928669769232	-7.08154639976839	-6.98424919841348	-13.8297392493579	-12.7142620319379	-14.0927736551916	-6.69189421890946	-7.78170655293605	-13.6073468280214	-8.74227640810751	-9.97175825423028	-14.8297392493579	-10.6073468280214	-10.5818117359143	-8.99684923519311	-12.6073468280214	-11.5567207549514	-19.6192062202956	-10.7142620319379	-8.94709619999601	-10.1858830595831	-8.55051560542473	-18.4668093519586
np0980	-18.4462271471724	-7.97733103849012	-7.06358677184054	-3.83851071982417	-11.6147609591054	-18.6943578872215	-9.05676550598453	-11.0842462424066	-13.1997234598266	-17.7604210873886	-1.44887692772533	-7.50856155527349	-8.42713395592964	-10.6972231192974	-5.99678340115629	-10.0297984583843	-13.7846859605477	-7.96450699813254	-6.15897711748326	-21.5160539399953	-8.69722311929739	-7.02979845838426	-18.6095178401463	-6.66056464871854	-11.9773310384901	-10.6972231192974	-10.6147609591054	-9.02979845838426	-9.35842120584563	-6.25720895448733	-17.7361574621684	-8.49928374168548	-7.54628122122265	-6.30895252958133	-19.1439162732725	-13.7846859605477	-6.71859677008995	-9.26112400449071	-9.00332624702307	-4.42603475965484	-13.1997234598266	-14.7846859605477	-19.1027753967423	-11.0842462424066	-9.65540294360276	-18.6943578872215	-11.9773310384901	-11.0842462424066	-12.7846859605477	-9.42713395592964	-7.30087018328347	-8.140829770773	-14.7846859605477	-8.15532934046812	-7.60477687053279	-11.1997234598266	-9.97733103849012	-18.4544358573167	-13.7846859605477	-11.3252543419104	-17.846702404935	-12.7846859605477	-10.6147609591054	-6.35842120584563	-6.84804802154516	-13.7846859605477	-7.6866538775872	-10.6147609591054	-12.1997234598266	-4.42823399032597	-3.53972756739659	-6.51322293264335	-6.62481462376934	-5.09643565141455	-6.33760273433807	-17.687608057609	-21.5160539399953	-11.3252543419104	-6.16263414109135	-6.78468596054773	-18.5482424388053	-13.1997234598266	-6.52259111517755	-18.6583509692635	-7.341742464699	-18.6592085149264	-13.7846859605477	-13.7846859605477	-5.09468798912828	-6.25720895448733	-18.6924724781975	-8.39236853776896	-7.90204291118588	-19.0272850912691	-7.43595780631665	-6.51789941985282	-9.02979845838426	-11.7846859605477	-6.56551744008556	-19.6192062202956	-9.05676550598453	-11.4627578656604	-7.80740603704781	-6.15169076340477	-14.7846859605477
np0984	-8.98824770508144	-6.22380137449313	-10.1037249225014	-5.70379431561274	-14.2736499239437	-18.6943578872215	-9.27364992394369	-18.0189119165308	-19.1439162732725	-9.68868742322254	-1.48983316462351	-9.95172182905633	-9.68868742322254	-11.6886874232225	-5.86002199491952	-11.6886874232225	-19.5160539399953	-11.6886874232225	-7.06419655831474	-7.6154384411919	-10.2736499239437	-8.51876242178022	-12.6886874232225	-4.95623731017882	-8.29637000044378	-18.3791414185299	-9.5732102058026	-16.7702939501526	-11.6886874232225	-6.32528269235901	-17.7361574621684	-9.8142183053064	-10.1037249225014	-7.10372492250138	-19.1439162732725	-17.8543286673737	-11.2736499239437	-10.4662950018861	-11.9517218290563	-4.93157525594455	-9.75008796788668	-18.9310914392741	-19.1027753967423	-9.02572241050011	-8.71906107226605	-12.2736499239437	-13.2736499239437	-12.6886874232225	-18.9648879574086	-18.4544358573167	-6.96076696865934	-9.95172182905633	-12.6886874232225	-9.75008796788668	-6.5732102058026	-17.4491002709378	-8.88133250116493	-14.2736499239437	-19.1611220392346	-11.6886874232225	-17.846702404935	-11.2736499239437	-11.9517218290563	-4.98132829114165	-8.49229021041903	-10.3667593283352	-11.9517218290563	-11.9517218290563	-8.71906107226605	-5.76189727017631	-5.42190088252763	-8.04483123344781	-5.91609791932561	-3.02394386697399	-18.6592085149264	-11.4662950018861	-6.64429330386408	-10.2736499239437	-7.79791649297729	-6.24022692240624	-18.5482424388053	-18.1477514775078	-6.32528269235901	-4.20890715919344	-5.19150088258982	-14.2736499239437	-19.6192062202956	-19.1611220392346	-4.62439374642638	-5.1835375042794	-11.6886874232225	-8.04483123344781	-7.18618708269335	-11.4662950018861	-7.95172182905633	-8.88133250116493	-9.88133250116493	-11.6886874232225	-10.9517218290563	-19.6192062202956	-11.6886874232225	-7.95172182905633	-10.8142183053064	-6.97902917505206	-14.2736499239437
np0985	-4.71716215845336	-4.38451321810939	-14.8883389561051	-10.2736291119899	-12.7184139546628	-18.6943578872215	-18.3552564508737	-14.303376455384	-14.8883389561051	-17.7604210873886	-5.93705424113816	-14.8883389561051	-13.5664108612178	-15.8883389561051	-8.06815999368995	-13.8883389561051	-19.5160539399953	-18.5202426739746	-17.8816397677299	-21.5160539399953	-13.5664108612178	-11.6404114426616	-11.1334514539417	-9.62155241541024	-11.8008761148548	-10.5307869514871	-8.96947571883054	-9.04284890516076	-18.129283016945	-8.64041144266155	-17.7361574621684	-17.6240100514525	-3.81687659354851	-9.53078695148705	-19.1439162732725	-11.4960215333264	-17.9865309296644	-18.3791414185299	-16.8252817996473	-7.32609653188406	-14.303376455384	-10.3964858597755	-19.1027753967423	-15.8883389561051	-16.2990291016585	-18.6943578872215	-18.4819570601872	-12.0809840340475	-18.9648879574086	-9.25898233602553	-8.44539546025641	-17.786116445496	-14.303376455384	-12.5664108612178	-10.6404114426616	-9.91105903260522	-13.0809840340475	-13.303376455384	-19.1611220392346	-11.1334514539417	-17.846702404935	-12.7184139546628	-18.1439162732725	-7.99352119279719	-7.24809401988279	-18.4392911680949	-17.786116445496	-13.5664108612178	-18.3552564508737	-12.0809840340475	-7.57999992596573	-12.7184139546628	-8.25898233602553	-2.92544295076788	-18.6592085149264	-17.687608057609	-21.5160539399953	-11.4960215333264	-6.26263011304067	-11.5664108612178	-13.303376455384	-18.1477514775078	-8.62155241541024	-0.751828395311498	-7.64516497263218	-14.8883389561051	-14.303376455384	-19.1611220392346	-6.61921227695572	-6.01797423652173	-18.6924724781975	-17.785426924465	-15.8883389561051	-19.0272850912691	-18.4819570601872	-10.9814483604966	-8.84394483674668	-18.7398201567927	-17.786116445496	-19.6192062202956	-12.303376455384	-13.303376455384	-14.303376455384	-9.67888559047619	-18.4668093519586
np0987	-18.4462271471724	-6.40454894280617	-12.2328297037183	-9.10729882163446	-13.1072988216345	-18.6943578872215	-2.6805099270389	-14.6922613223556	-19.1439162732725	-17.7604210873886	-4.95839860267708	-11.6922613223556	-7.05563670181197	-18.0467296909277	-2.41700977888529	-14.6922613223556	-19.5160539399953	-12.884906400298	-2.14079336972872	-21.5160539399953	-10.834280327228	-6.22465577227262	-13.6922613223556	-9.0057607951724	-15.6922613223556	-10.7380650119687	-12.884906400298	-6.70926774766131	-18.129283016945	-4.77265308375236	-17.7361574621684	-17.6240100514525	-11.2328297037183	-5.99529379612133	-19.1439162732725	-9.73806501196874	-11.6922613223556	-11.3703332274683	-8.69226132235562	-3.81727997470184	-17.431970894603	-18.9310914392741	-14.6922613223556	-7.53238998557723	-8.79744355904767	-18.6943578872215	-13.3703332274683	-10.9373738201921	-18.9648879574086	-18.4544358573167	-8.45385658303054	-9.54251420285093	-10.9918216042145	-7.98490219027473	-7.19241543527241	-9.85937130819087	-13.6922613223556	-11.3703332274683	-11.884906400298	-10.137672470678	-17.846702404935	-9.96434086779242	-7.65883832081817	-10.5629783054107	-9.52233632091331	-14.6922613223556	-12.2328297037183	-12.6922613223556	-18.3552564508737	-9.52233632091331	-6.07387582009701	-10.2328297037183	-11.1072988216345	-3.95416906273513	-8.7149813988557	-17.687608057609	-21.5160539399953	-11.6922613223556	-7.97801580468949	-4.85937130819088	-18.5482424388053	-13.3703332274683	-5.33251176203329	-18.6583509692635	-10.6478672029972	-18.6592085149264	-19.6192062202956	-6.68103406693236	-7.35687096766169	-9.7149813988557	-18.6924724781975	-9.99182160421453	-11.3703332274683	-7.37484870859075	-12.5223363209133	-7.63697888685443	-8.33470931773753	-18.7398201567927	-12.5223363209133	-19.6192062202956	-8.48280795672667	-10.7380650119687	-10.9373738201921	-9.33470931773753	-18.4668093519586
np0988	-18.4462271471724	-8.98981551020709	-9.98384160916246	-5.519000553963	-17.4392911680949	-18.6943578872215	-12.8152420051867	-15.9027048464371	-15.3177423457159	-17.7604210873886	-0.806792785104401	-8.94850853605018	-10.0078870831291	-12.9958142508285	-6.55508347786892	-12.8152420051867	-14.9027048464371	-8.87479884986717	-5.6370897999526	-21.5160539399953	-18.4354667979437	-6.1131712014667	-11.2588486566623	-8.31024780916898	-8.91402015966489	-10.6173026275748	-11.7327798449947	-8.93116129248628	-18.129283016945	-7.34428413316839	-9.22322474693161	-17.6240100514525	-9.00788708312911	-6.86241512541134	-13.4432732277998	-9.76315349403826	-15.9027048464371	-12.9027048464371	-12.37914289038	-5.42798489991057	-17.431970894603	-14.3177423457159	-16.9027048464371	-8.83124248388043	-11.5807767515497	-11.0447238513095	-14.0953499243795	-13.0953499243795	-13.5807767515497	-18.4544358573167	-7.15116078734796	-10.6359183057422	-13.202265128296	-9.22322474693161	-4.77503287939807	-11.4108517501074	-9.73277984499474	-11.5807767515497	-19.1611220392346	-11.37914289038	-17.846702404935	-11.6932514808081	-10.2733482263574	-6.95433761485238	-9.050955805021	-15.9027048464371	-11.1213451329124	-10.9027048464371	-10.9719675088742	-8.09213321169591	-13.5807767515497	-8.15787100893751	-6.26065315350908	-4.87687317810503	-18.6592085149264	-11.1747843918739	-8.39095219266968	-9.94850853605018	-4.24070412771858	-13.202265128296	-18.5482424388053	-14.5807767515497	-7.18160565772987	-18.6583509692635	-7.81524200518672	-14.0953499243795	-12.37914289038	-19.1611220392346	-4.80763754483	-6.6000659226495	-12.3177423457159	-5.86036146664336	-11.476440091735	-19.0272850912691	-13.202265128296	-7.40485300948594	-8.92542492293714	-14.5807767515497	-10.0447238513095	-19.6192062202956	-9.28799500232185	-11.9958142508285	-11.7734218294921	-4.69935684345729	-12.5807767515497
np0990	-12.8559252008796	-6.43446143244134	-14.6632801229372	-6.81779007199284	-17.4392911680949	-11.5758172816869	-11.7563895273287	-12.0783176222161	-14.6632801229372	-7.67459543616505	-2.04134273497334	-10.8559252008796	-11.3413520280499	-13.6632801229372	-6.70327819086914	-17.5323711460796	-12.8559252008796	-18.5202426739746	-7.08207954101226	-7.67459543616505	-18.4354667979437	-9.4734555640572	-18.6095178401463	-4.54174660559719	-8.27096270015846	-11.4153526094936	-11.2038485042999	-10.5339971059923	-13.0783176222161	-7.27957583046317	-12.0783176222161	-11.7563895273287	-8.83039010877248	-7.52372877053843	-19.1439162732725	-17.8543286673737	-10.0194239331625	-13.3413520280499	-13.3413520280499	-2.88911078761904	-13.3413520280499	-18.9310914392741	-19.1027753967423	-11.4153526094936	-10.3057281183191	-11.9628404047961	-14.0783176222161	-14.6632801229372	-18.9648879574086	-18.4544358573167	-9.6860001994373	-7.10869127125958	-12.6632801229372	-7.95592099085634	-6.47592804973672	-12.4933551214949	-10.8052991278096	-18.4544358573167	-19.1611220392346	-12.2038485042999	-17.846702404935	-12.3413520280499	-11.9628404047961	-5.25707511751836	-8.41535260949363	-12.4933551214949	-11.9628404047961	-11.8559252008796	-12.4933551214949	-7.69749583827513	-8.79291540335382	-9.57581728168688	-7.21619689672757	-1.7486147016171	-18.6592085149264	-9.37787790407497	-5.68456966383086	-11.1397181668802	-7.60799768743603	-7.84310116052203	-18.5482424388053	-18.1477514775078	-6.5837953391104	-7.70327819086914	-6.39883752271062	-18.6592085149264	-19.6192062202956	-11.8559252008796	-4.98820520255177	-6.39181709503284	-12.6632801229372	-8.48337103292229	-7.976779595754	-19.0272850912691	-10.8559252008796	-5.80219321694183	-9.57581728168688	-12.8559252008796	-12.8559252008796	-19.6192062202956	-12.8559252008796	-8.56524803997669	-14.0783176222161	-7.18754669197082	-18.4668093519586
np0994	-18.4462271471724	-7.12333421346695	-8.83954124746636	-6.30704616663934	-10.0619336688028	-18.6943578872215	-13.646896169524	-11.3249680746366	-12.0619336688028	-17.7604210873886	-2.74376749271164	-12.646896169524	-6.62452835649551	-12.0619336688028	-5.80140611857959	-17.5323711460796	-19.5160539399953	-13.646896169524	-7.89200866736049	-21.5160539399953	-18.4354667979437	-8.2545787467452	-6.76425312016212	-4.89535211043486	-11.646896169524	-13.646896169524	-8.89200866736049	-6.8655364559993	-18.129283016945	-5.60797718023166	-12.646896169524	-17.6240100514525	-6.28057395527814	-6.04698332733683	-8.03218632540875	-9.2545787467452	-6.82671720710877	-18.3791414185299	-12.0619336688028	-4.15304072028314	-17.431970894603	-13.646896169524	-19.1027753967423	-17.6755849574782	-9.64689616952396	-12.0619336688028	-18.4819570601872	-18.6943578872215	-18.9648879574086	-5.05070641337955	-7.00303997974924	-8.60250205016551	-18.0315827535454	-7.39896865608037	-7.09230731784632	-12.646896169524	-12.0619336688028	-8.22063141482186	-19.1611220392346	-12.0619336688028	-17.846702404935	-6.34311542134686	-10.3249680746366	-8.09230731784632	-9.39896865608038	-18.4392911680949	-11.3249680746366	-17.7069141533982	-18.3552564508737	-9.18746455088666	-6.13910152932526	-6.13910152932526	-5.85248030317385	-2.84842436842234	-18.6592085149264	-8.55943332827362	-2.24069116410511	-10.3249680746366	-8.89200866736049	-5.24175470638762	-18.5482424388053	-18.1477514775078	-5.91218654929812	-18.6583509692635	-9.39896865608038	-18.6592085149264	-19.6192062202956	-19.1611220392346	-5.07324898203064	-5.18746455088666	-10.646896169524	-7.66961624602404	-18.129283016945	-19.0272850912691	-18.4819570601872	-5.40849143019888	-10.4769711680816	-18.7398201567927	-13.646896169524	-19.6192062202956	-10.3249680746366	-9.18746455088666	-12.0619336688028	-8.94645645138287	-12.0619336688028
np0995	-11.8681611220252	-9.24925128938068	-12.0905535433616	-4.62702917009044	-17.4392911680949	-18.6943578872215	-11.8681611220252	-12.0905535433616	-19.1439162732725	-17.7604210873886	-3.18616980336368	-11.0905535433616	-12.6755160440828	-18.0467296909277	-7.88110017773267	-17.5323711460796	-13.6755160440828	-18.5202426739746	-14.6755160440828	-21.5160539399953	-11.8681611220252	-11.0905535433616	-10.8681611220252	-10.5055910426405	-11.6755160440828	-10.2160844254455	-9.42758853063919	-9.24925128938068	-18.129283016945	-7.59870044703195	-11.0905535433616	-17.6240100514525	-4.89908301163805	-8.33566604119815	-19.1439162732725	-13.6755160440828	-17.9865309296644	-18.3791414185299	-14.6755160440828	-6.39011382522053	-10.8681611220252	-10.6755160440828	-14.6755160440828	-14.6755160440828	-12.3535879491954	-18.6943578872215	-18.4819570601872	-11.5055910426405	-12.6755160440828	-11.3535879491954	-8.06080619996757	-17.786116445496	-18.0315827535454	-11.3535879491954	-6.86816112202517	-17.4491002709378	-9.50559104264047	-18.4544358573167	-14.6755160440828	-12.3535879491954	-17.846702404935	-10.5880532028324	-18.1439162732725	-7.89415633055812	-9.15195408802577	-13.0905535433616	-12.6755160440828	-12.6755160440828	-11.6755160440828	-7.84262602991804	-4.65731586526955	-14.6755160440828	-6.31357227034754	-3.74035099447908	-18.6592085149264	-17.687608057609	-21.5160539399953	-10.9750763259417	-5.33122013616696	-8.92062854191931	-13.6755160440828	-18.1477514775078	-9.92062854191931	-0.911473826776191	-9.03165985430805	-12.3535879491954	-19.6192062202956	-19.1611220392346	-4.69966807607599	-5.87461614416247	-18.6924724781975	-9.67551604408278	-13.0905535433616	-19.0272850912691	-18.4819570601872	-10.3535879491954	-9.67551604408278	-18.7398201567927	-17.786116445496	-19.6192062202956	-9.35358794919542	-12.3535879491954	-18.1166993110972	-8.1836629477531	-18.4668093519586
np1006	-11.8275411901725	-7.50561309528514	-17.9648879574086	-7.65761618873019	-17.4392911680949	-18.6943578872215	-8.92065059456398	-18.0189119165308	-19.1439162732725	-7.43522376739374	-1.99544234413337	-16.8818468512374	-16.244846932183	-18.0467296909277	-5.77225875467131	-17.5323711460796	-19.5160539399953	-18.5202426739746	-8.18368500039778	-8.74007834892216	-7.69825817322754	-11.8275411901725	-18.6095178401463	-5.62786884533614	-10.0201862681149	-11.2425786894513	-11.2425786894513	-10.5056130952851	-18.129283016945	-7.50561309528514	-17.7361574621684	-17.6240100514525	-7.15511584820101	-8.57961367672892	-19.1439162732725	-17.8543286673737	-9.12710147203141	-12.8275411901725	-11.8275411901725	-5.44383689769845	-17.431970894603	-12.8275411901725	-19.1027753967423	-11.2425786894513	-7.15511584820101	-10.5056130952851	-10.5056130952851	-11.8275411901725	-18.9648879574086	-5.68798983777371	-10.2425786894513	-17.786116445496	-18.0315827535454	-5.39291296253578	-6.31974654997381	-17.4491002709378	-17.9797712684366	-11.8275411901725	-19.1611220392346	-12.8275411901725	-17.846702404935	-10.8275411901725	-18.1439162732725	-5.31184135188846	-10.2425786894513	-18.4392911680949	-17.786116445496	-12.8275411901725	-18.3552564508737	-8.18368500039778	-9.65761618873019	-16.6919070560448	-6.46998918555442	-1.17335271711296	-18.6592085149264	-11.2425786894513	-6.57961367672892	-11.2425786894513	-7.33568809384283	-8.12710147203141	-18.5482424388053	-18.1477514775078	-7.54213897131025	-6.31974654997381	-9.12710147203141	-18.6592085149264	-19.6192062202956	-19.1611220392346	-5.57961367672892	-6.99465117600776	-18.6924724781975	-7.43522376739374	-8.8275411901725	-19.0272850912691	-10.0201862681149	-10.8275411901725	-9.36810957153521	-18.7398201567927	-10.5056130952851	-11.8275411901725	-18.4849487344682	-9.36810957153521	-18.1166993110972	-8.24257868945135	-18.4668093519586
np1007	-9.96650545190574	-6.59494658929378	-17.9648879574086	-8.76487159073609	-10.1185085453508	-18.6943578872215	-11.7034710460719	-18.0189119165308	-19.1439162732725	-10.587993828652	-3.06081760337888	-16.8818468512374	-8.0216470060982	-18.0467296909277	-6.38154295118458	-11.4810786247355	-19.5160539399953	-18.5202426739746	-10.3815429511846	-8.24403942743465	-10.3815429511846	-9.64457735701838	-18.6095178401463	-5.80059351297005	-7.71857793846216	-18.3791414185299	-10.4810786247355	-8.862168792091	-13.2884335467931	-4.7531581701723	-17.7361574621684	-10.4810786247355	-6.17469138074391	-6.04050603334952	-19.1439162732725	-12.2884335467931	-17.9865309296644	-18.3791414185299	-9.53354604462963	-3.64818861057076	-12.7034710460719	-13.2884335467931	-19.1027753967423	-10.1185085453508	-10.9665054519057	-18.6943578872215	-12.2884335467931	-13.2884335467931	-18.9648879574086	-10.587993828652	-7.20097070554276	-17.786116445496	-13.2884335467931	-8.6737237026779	-7.46825458437792	-11.1185085453508	-11.4810786247355	-8.22234435633533	-19.1611220392346	-10.3815429511846	-9.70347104607195	-11.1185085453508	-18.1439162732725	-7.35769620923022	-7.50707383326844	-18.4392911680949	-17.786116445496	-11.2884335467931	-11.9665054519057	-9.04050603334952	-2.01027451535587	-9.96650545190574	-7.1694924740696	-2.06111844688761	-18.6592085149264	-12.7034710460719	-6.2495145575008	-11.2884335467931	-11.9665054519057	-7.91339411544618	-13.2884335467931	-18.1477514775078	-6.45554353262836	-7.39361578348516	-7.8790426106554	-18.6592085149264	-19.6192062202956	-19.1611220392346	-4.30116953472056	-5.6700480445345	-18.6924724781975	-8.31115362329319	-8.79658045046343	-7.65907692671349	-10.9665054519057	-17.9797712684366	-10.2884335467931	-18.7398201567927	-17.786116445496	-19.6192062202956	-18.4849487344682	-7.94858354390848	-18.1166993110972	-6.83722243496077	-18.4668093519586
np1008	-18.4462271471724	-5.6836749277742	-9.02852801288131	-6.90586246449184	-9.47939761801518	-18.6943578872215	-8.86904979887411	-9.8915923675252	-12.792814213047	-17.7604210873886	-5.52327496203238	-11.5948748354351	-2.91927962957932	-13.55834895941	-5.28828728668224	-14.2953145535762	-14.0729221322398	-18.5202426739746	-7.24728185715441	-21.5160539399953	-11.3884239579677	-7.73052993479268	-7.87184843222679	-5.06890236078743	-13.0729221322398	-10.8802770542974	-10.034787003353	-6.01763969673857	-15.2953145535762	-5.45926419851814	-14.2953145535762	-17.6240100514525	-7.39042909385807	-5.51067970801869	-12.9733864586888	-9.15235659973417	-9.01609090964309	-12.3567150982404	-10.7103520528551	-2.90478729735161	-17.431970894603	-12.6323495408538	-19.1027753967423	-17.6755849574782	-7.84135806500506	-9.99763400493553	-14.8802770542974	-15.8802770542974	-18.9648879574086	-7.50741199418478	-7.39646127703311	-8.77698924588534	-12.1798373361563	-6.47619991805613	-7.7509940373524	-9.97338645868885	-11.7509940373524	-8.57193802415796	-19.1611220392346	-11.1523565997342	-17.846702404935	-6.49333680897306	-9.56739409901301	-7.90299713079745	-9.06009809188218	-16.8802770542974	-12.4879596315186	-15.8802770542974	-12.4879596315186	-10.3256882026197	-7.36457721601332	-7.29719428679443	-8.67082368866842	-2.13612647280912	-18.6592085149264	-10.9976340049355	-4.00683294178199	-8.86346876661081	-9.60415264902313	-4.67907204699784	-12.9733864586888	-14.8802770542974	-4.64426286239728	-18.6583509692635	-10.2509204342178	-14.8802770542974	-11.2655672101822	-13.4208454356601	-5.08261552844361	-7.03635600300833	-10.7717525975192	-9.52272504967928	-12.8802770542974	-19.0272850912691	-15.2953145535762	-5.31184586112991	-6.57080070045626	-15.8802770542974	-14.8802770542974	-19.6192062202956	-9.24365243375372	-7.36260766616356	-11.55834895941	-8.67570591004816	-13.0729221322398
np1009	-10.6365308710689	-6.22304883829214	-10.6871569441389	-6.53161586085925	-13.9095493654754	-15.4945118661965	-11.587621270588	-13.4945118661965	-12.9095493654754	-10.3652288492515	-1.45490734824275	-10.9709499101395	-10.2465843527529	-14.4945118661965	-6.36008554597559	-12.6871569441389	-19.5160539399953	-13.4945118661965	-8.00265876986684	-8.02690631611351	-18.4354667979437	-8.8651552461169	-10.6871569441389	-5.62877859534475	-7.92465625786556	-11.1021944434178	-10.6871569441389	-9.76659141163331	-12.3245868647542	-6.4150270823697	-12.6871569441389	-10.1725837713091	-7.50582717942435	-6.95535305508848	-19.1439162732725	-12.0350802475592	-11.1725837713091	-13.1725837713091	-12.9095493654754	-4.58087443814741	-10.9095493654754	-14.4945118661965	-19.1027753967423	-9.73962436403304	-11.1725837713091	-12.3245868647542	-13.4945118661965	-14.4945118661965	-15.4945118661965	-6.21142351317251	-8.55199736085727	-11.1725837713091	-13.9095493654754	-7.54614463461183	-6.45011774683806	-12.6871569441389	-10.0682471114944	-18.4544358573167	-19.1611220392346	-11.6871569441389	-13.4945118661965	-10.4070490249462	-13.4945118661965	-5.53161586085925	-9.00265876986684	-13.1725837713091	-11.9095493654754	-11.4070490249462	-9.9709499101395	-8.14578371196543	-3.26119178346569	-9.47214405316806	-5.76829370686431	-3.02945569836534	-18.6592085149264	-13.9095493654754	-6.74967802869697	-11.3245868647542	-7.05156837034778	-7.45559287690421	-15.4945118661965	-18.1477514775078	-7.16359498808189	-4.56303563230972	-6.4150270823697	-18.6592085149264	-19.6192062202956	-19.1611220392346	-4.61722773267332	-5.63497707981386	-13.4945118661965	-6.55199736085727	-7.61186881683467	-12.9095493654754	-9.3245868647542	-9.66162185203177	-10.3245868647542	-13.9095493654754	-12.0350802475592	-14.4945118661965	-15.4945118661965	-8.8651552461169	-12.9095493654754	-7.01877843523011	-15.4945118661965
np1012	-11.957222986781	-1.9472388982084	-17.9648879574086	-13.5421854875022	-10.0827538688649	-18.6943578872215	-5.63129296133617	-18.0189119165308	-19.1439162732725	-17.7604210873886	-8.41290247055722	-16.8818468512374	-8.30696902580815	-18.0467296909277	-3.78952608623083	-17.5323711460796	-19.5160539399953	-18.5202426739746	-6.38568100182219	-21.5160539399953	-9.84174576936109	-11.5421854875022	-18.6095178401463	-11.5421854875022	-17.6943578872215	-10.7348305654446	-15.1271479882233	-8.48329179844861	-18.129283016945	-4.2127628560679	-17.7361574621684	-17.6240100514525	-12.3197930661657	-5.46358988400607	-19.1439162732725	-11.5421854875022	-17.9865309296644	-13.5421854875022	-13.1271479882233	-6.97740086871866	-17.431970894603	-18.9310914392741	-19.1027753967423	-10.957222986781	-3.56109395005225	-18.6943578872215	-13.5421854875022	-11.1271479882233	-18.9648879574086	-15.1271479882233	-9.95722298678103	-9.12714798822334	-18.0315827535454	-10.8792204747798	-9.2445049388615	-12.805219893336	-17.9797712684366	-6.53095823207893	-19.1611220392346	-17.9797712684366	-17.846702404935	-10.2691669930958	-11.667716369586	-13.1271479882233	-13.1271479882233	-18.4392911680949	-17.786116445496	-17.7069141533982	-18.3552564508737	-12.3197930661657	-12.805219893336	-16.6919070560448	-10.805219893336	-1.3956168117614	-18.6592085149264	-17.687608057609	-21.5160539399953	-11.1271479882233	-13.1271479882233	-10.1729516778365	-18.5482424388053	-18.1477514775078	-4.99529102761455	-18.6583509692635	-17.4491002709378	-18.6592085149264	-19.6192062202956	-10.0827538688649	-10.4267082700822	-14.1271479882233	-18.6924724781975	-13.5421854875022	-18.129283016945	-8.33273212187323	-18.4819570601872	-6.44766788871789	-7.95722298678103	-18.7398201567927	-17.786116445496	-19.6192062202956	-18.4849487344682	-10.5421854875022	-13.1271479882233	-10.957222986781	-18.4668093519586
np1013	-8.9157517259126	-3.24501983014648	-12.786116445496	-8.25473498497969	-14.4641883506086	-18.6943578872215	-10.9787615234384	-18.0189119165308	-19.1439162732725	-6.04128260799646	-2.43414201021015	-10.8319201351091	-11.1136911035245	-18.0467296909277	-5.72474525283619	-15.2011539447748	-19.5160539399953	-18.5202426739746	-12.4641883506086	-9.20868761746025	-4.94494525624746	-9.03792359590654	-12.6986536042457	-5.64912533341577	-9.07875731341512	-11.3937990227172	-10.4462664426114	-10.2162608371651	-18.129283016945	-7.41979423125019	-17.7361574621684	-11.4641883506086	-8.24695763438797	-8.40673807842474	-19.1439162732725	-12.3266848268587	-16.786116445496	-7.52872860280335	-10.9281354503684	-8.44182053758019	-12.5381889320524	-12.3937990227172	-19.1027753967423	-12.2011539447748	-7.95006609043793	-13.2011539447748	-5.80383584093772	-15.2011539447748	-18.9648879574086	-11.262554489439	-7.70130805769164	-16.786116445496	-12.0312289433325	-11.9281354503684	-8.94062639455163	-12.8792258498875	-9.73083400999482	-12.2011539447748	-13.6161914440537	-10.656833428551	-9.62624510871762	-8.40673807842474	-18.1439162732725	-2.17953773115953	-9.50999204022177	-10.4462664426114	-16.786116445496	-13.6161914440537	-10.4462664426114	-5.12033641716652	-14.2011539447748	-10.0047567319713	-5.3436912521644	-2.5901291474675	-18.6592085149264	-13.0856767273549	-5.78964295676278	-11.4641883506086	-12.262554489439	-10.2162608371651	-13.786116445496	-18.1477514775078	-9.9917005791459	-11.2011539447748	-8.06160259237605	-15.2011539447748	-14.4641883506086	-19.1611220392346	-4.48547789150228	-5.80669125016453	-11.6986536042457	-9.63636932599132	-9.19365940822792	-11.0312289433325	-11.3937990227172	-13.3266848268587	-8.88524963751526	-13.786116445496	-16.786116445496	-15.2011539447748	-18.4849487344682	-9.85537910793312	-15.786116445496	-6.51232084628174	-18.4668093519586
np1015	-18.4462271471724	-9.42543365215511	-11.983429105276	-6.47739707377656	-11.693922488081	-18.6943578872215	-8.67762067575191	-10.9054265932747	-8.69392248808101	-17.7604210873886	-2.45183104014388	-10.2953731115907	-9.66150101038864	-12.5683916059972	-3.39304998143193	-17.5323711460796	-19.5160539399953	-14.1533541067183	-2.27798870607654	-21.5160539399953	-11.4529143885772	-5.45986714921899	-10.4529143885772	-7.35893824036821	-17.6943578872215	-13.1533541067183	-11.983429105276	-8.92453541622243	-11.4529143885772	-7.39846660455484	-17.7361574621684	-12.5683916059972	-10.7610366839396	-7.00869586388643	-19.1439162732725	-10.065891265468	-8.69392248808101	-18.3791414185299	-9.86795188785606	-2.8601698759588	-17.431970894603	-15.1533541067183	-19.1027753967423	-8.50949791694359	-10.9054265932747	-18.6943578872215	-13.5683916059972	-11.983429105276	-18.9648879574086	-7.92453541622243	-7.84957335854121	-11.065891265468	-11.2464635111098	-8.59876525504068	-6.93903498591755	-11.065891265468	-12.5683916059972	-18.4544358573167	-19.1611220392346	-10.3984666045548	-17.846702404935	-9.94390074108936	-8.90542659327473	-5.57970691922499	-9.32046409255357	-12.5683916059972	-11.065891265468	-9.79580210210023	-14.1533541067183	-7.30160506530225	-5.4756344650773	-9.42543365215511	-9.50949791694359	-2.88305878024627	-9.37199439319365	-17.687608057609	-21.5160539399953	-12.8314260118309	-9.29537311159074	-6.2615704035	-18.5482424388053	-18.1477514775078	-4.91733991481823	-18.6583509692635	-9.6297921506613	-18.6592085149264	-19.6192062202956	-11.1533541067183	-5.93418558625615	-11.2464635111098	-18.6924724781975	-10.6297921506613	-8.00360698721363	-12.8314260118309	-13.1533541067183	-7.77831467537139	-9.56839160599715	-18.7398201567927	-11.2464635111098	-19.6192062202956	-8.92453541622243	-10.4529143885772	-12.8314260118309	-7.84957335854121	-18.4668093519586
np1018	-18.4462271471724	-6.90113142671614	-7.86249876711308	-5.12465374893861	-14.2200507717312	-18.6943578872215	-9.89812267684381	-7.43869105820651	-11.717550431202	-17.7604210873886	-2.56929817769043	-10.5196110535901	-6.21442622253729	-12.63508827101	-4.84936336492395	-13.483085177565	-12.8050132724523	-12.9976583503947	-6.12201868877064	-21.5160539399953	-10.717550431202	-6.18846442867334	-7.32119749518807	-3.81313717344891	-10.5955599068234	-11.5570857590087	-9.44746126783424	-6.42130897997827	-18.129283016945	-5.37874851775023	-10.4126958496736	-17.6240100514525	-6.0924862720125	-5.78820498476577	-15.8050132724523	-13.2200507717312	-6.00897366362256	-11.9976583503947	-10.9976583503947	-3.81313717344891	-17.431970894603	-12.63508827101	-19.1027753967423	-17.6755849574782	-8.57619458195644	-9.10457355431123	-12.9976583503947	-18.6943578872215	-18.9648879574086	-11.4126958496736	-7.89812267684381	-8.67573025550736	-11.717550431202	-5.90565634952921	-6.81632858568016	-11.483085177565	-9.71755043120199	-9.78264545942387	-19.1611220392346	-10.2814513163953	-17.846702404935	-7.09765414037144	-10.3131601761227	-6.17201807530937	-8.35380216062	-18.4392911680949	-10.483085177565	-13.483085177565	-11.9976583503947	-8.10457355431123	-4.3840004166731	-7.96580948435538	-7.98483431003714	-3.57649517473613	-18.6592085149264	-7.4696229177584	-4.12201868877064	-9.48308517756496	-6.75516472300176	-4.72686246471767	-14.2200507717312	-13.483085177565	-5.57499283674669	-18.6583509692635	-8.4299738411054	-13.483085177565	-11.345581653815	-19.1611220392346	-4.96109222116329	-7.88615003517773	-10.9470322773248	-7.05012577028886	-9.22005077173117	-19.0272850912691	-14.8050132724523	-4.52656381423184	-8.7069811894918	-15.8050132724523	-13.8050132724523	-19.6192062202956	-8.62510418243739	-9.41269584967356	-11.717550431202	-5.30815949506428	-10.63508827101
np1021	-12.4308706635482	-5.09726803527987	-17.9648879574086	-9.82206142087263	-17.4392911680949	-18.6943578872215	-13.1678362577144	-11.7527987584355	-19.1439162732725	-12.5828737569932	-4.2790930088161	-12.9454438363779	-12.2933671397982	-18.0467296909277	-7.79279682636743	-17.5323711460796	-19.5160539399953	-14.7527987584355	-9.27706532746912	-10.2609456621058	-13.7527987584355	-10.845908162827	-10.997911256272	-4.7125090374098	-11.5828737569932	-12.7527987584355	-11.3604813356568	-9.99791125627205	-18.129283016945	-7.24500411823682	-17.7361574621684	-14.1678362577144	-7.99124752599104	-7.94544383637791	-19.1439162732725	-17.8543286673737	-10.4308706635482	-15.7527987584355	-14.1678362577144	-6.2790930088161	-13.4308706635482	-18.9310914392741	-19.1027753967423	-12.0523590402944	-10.5433453928066	-14.1678362577144	-18.4819570601872	-18.6943578872215	-18.9648879574086	-7.59798064938341	-9.37775932708859	-13.7527987584355	-14.7527987584355	-9.26094566210584	-7.32653400373342	-17.4491002709378	-12.7527987584355	-13.7527987584355	-19.1611220392346	-11.7527987584355	-17.846702404935	-12.4308706635482	-18.1439162732725	-7.47202798830491	-9.5828737569932	-14.1678362577144	-17.786116445496	-14.1678362577144	-13.7527987584355	-10.3265340037334	-7.62351574149055	-12.7527987584355	-8.37775932708859	-1.34812284170341	-18.6592085149264	-12.9454438363779	-7.19437804516685	-12.9454438363779	-7.36048133565676	-7.90730870749114	-18.5482424388053	-18.1477514775078	-8.64427430165735	-1.45280376993377	-9.68670956797774	-18.6592085149264	-19.6192062202956	-15.7527987584355	-6.13441325617691	-7.28112354404347	-14.1678362577144	-8.55312641359915	-10.5828737569932	-19.0272850912691	-12.0523590402944	-9.97143904491086	-11.0523590402944	-18.7398201567927	-17.786116445496	-19.6192062202956	-14.1678362577144	-10.3265340037334	-14.7527987584355	-8.65476667547499	-18.4668093519586
np1023	-10.6857852166225	-3.88351917123767	-11.9286417405186	-6.35474213503134	-13.250569835406	-14.5136042412398	-10.1350926179861	-10.121286818461	-13.6656073346848	-9.48680418189607	-1.52378402112219	-9.89301783078791	-10.4779803315091	-13.1350926179861	-6.23934257998274	-13.5136042412398	-15.8355323361272	-14.5136042412398	-8.37200796285597	-7.49345766812801	-8.11785591306076	-9.41767982124125	-15.250569835406	-5.5828669036769	-7.66310482748167	-11.0026423219624	-10.8813360257403	-9.44321491334839	-11.3436792397975	-7.00898384883624	-13.6656073346848	-11.4092675814251	-8.42614139998945	-7.91071983252137	-19.1439162732725	-11.4092675814251	-10.6260789704982	-9.90479499856427	-11.9775513409996	-6.38329109569633	-12.1350926179861	-14.8355323361272	-19.1027753967423	-11.1350926179861	-7.79661334683485	-13.0281774140695	-9.3517165588629	-13.0281774140695	-14.5136042412398	-13.0281774140695	-8.9837832947111	-13.8355323361272	-13.250569835406	-9.90479499856427	-7.0823155869482	-12.5876048226836	-9.67566099934876	-18.4544358573167	-16.8355323361272	-11.250569835406	-11.0806448339637	-9.94071457281921	-15.8355323361272	-3.76139087337465	-10.041116469777	-12.9286417405186	-12.3761007174899	-12.5876048226836	-11.0806448339637	-5.23097910704811	-8.05417262260249	-9.73750025316663	-5.38638369075172	-2.33662081688444	-18.6592085149264	-9.70624931918219	-5.38586779765096	-10.6457077772471	-8.09406534972601	-7.13509261798606	-14.5136042412398	-18.1477514775078	-8.23190599114096	-8.56874579543225	-6.56640565697773	-13.8355323361272	-13.3761007174899	-19.1611220392346	-4.88279108894066	-5.66373004744417	-11.7062493191822	-8.61636381566499	-8.07730912140043	-12.5876048226836	-8.38432122429482	-9.60671364563127	-10.4432149133484	-8.92864174051863	-11.7480694948768	-9.96516761654375	-11.107611881564	-9.03463243620685	-12.8355323361272	-7.27902628145522	-18.4668093519586
np1026	-4.03362131740847	-8.00760687794169	-11.0289173841871	-5.87000720336757	-6.83345729063765	-13.6138798849083	-8.61387988490825	-15.8362723062447	-19.1439162732725	-17.7604210873886	-1.23245281129224	-9.60745361574882	-5.56325381183829	-13.2513098055235	-10.0203553706837	-10.8976728509088	-14.0993067120785	-12.6138798849083	-5.86952654534517	-21.5160539399953	-11.19241611647	-8.67640096946631	-18.6095178401463	-8.51434421135734	-13.0289173841871	-14.0993067120785	-10.3232027240053	-6.43255012019369	-18.129283016945	-5.39194757999761	-15.4212348069659	-9.58203101886891	-9.11745405878876	-7.10043425808422	-15.0993067120785	-12.9618031883286	-13.2513098055235	-15.0993067120785	-12.7773786171911	-3.21880484095051	-17.431970894603	-16.4212348069659	-19.1027753967423	-17.6755849574782	-9.9374190297016	-12.8362723062447	-18.4819570601872	-15.4212348069659	-11.8362723062447	-13.5143442113573	-7.18163627771674	-9.68652518674002	-15.8362723062447	-9.90553496868182	-8.16620623714713	-6.01343595674388	-12.5143442113573	-14.4212348069659	-19.1611220392346	-13.1733072935223	-17.846702404935	-17.4212348069659	-13.9618031883286	-7.91542325304626	-11.7207950888248	-18.4392911680949	-11.5632538118383	-13.2513098055235	-13.4212348069659	-6.84097623946607	-6.13525470103765	-7.59786756691962	-6.50759737891676	-4.75102117022729	-6.42476131823263	-14.4212348069659	-6.65387795284017	-13.8362723062447	-7.27530266114534	-5.12460533268036	-12.467038496579	-8.79918298750948	-5.82085725385801	-18.6583509692635	-5.07029562541943	-17.4212348069659	-14.6138798849083	-19.1611220392346	-5.88110676838376	-5.82178682543714	-16.4212348069659	-11.490497469403	-10.7207950888248	-19.0272850912691	-14.6138798849083	-9.23635946405757	-7.20934651241986	-17.4212348069659	-13.2513098055235	-15.8362723062447	-6.16561605712626	-9.19241611646998	-12.5632538118383	-10.0813848040812	-15.8362723062447
np1027	-18.4462271471724	-6.53722912821181	-10.513513059238	-4.79033441680187	-12.2297200932374	-18.6943578872215	-9.08287870490814	-12.2297200932374	-19.1439162732725	-17.7604210873886	-1.56324245206493	-8.90779199835005	-10.8671500138527	-11.8671500138527	-6.15443196593318	-17.5323711460796	-12.2297200932374	-8.25571530177036	-4.25162254713648	-21.5160539399953	-11.5776433966577	-8.77028847460012	-10.8671500138527	-6.96025941824419	-17.6943578872215	-18.3791414185299	-9.99268089593656	-16.7702939501526	-10.6447575925163	-6.29560802889387	-17.7361574621684	-12.2297200932374	-6.78914750185143	-5.98722646584446	-19.1439162732725	-17.8543286673737	-7.00916901872513	-11.5776433966577	-12.7151469204077	-5.27552378285054	-17.431970894603	-14.037075015295	-13.4521125145739	-9.71514692040765	-10.3932188255203	-18.6943578872215	-18.4819570601872	-11.5776433966577	-18.9648879574086	-14.037075015295	-8.3228294976289	-9.28218751313155	-12.2297200932374	-9.17909402016745	-5.08142510776664	-9.61081026059292	-10.2821875131315	-12.7151469204077	-12.7151469204077	-11.8671500138527	-17.846702404935	-14.037075015295	-10.5776433966577	-7.28218751313155	-7.55325923803076	-18.4392911680949	-9.0597950917951	-17.7069141533982	-11.3366352971539	-5.07707308322694	-4.34184672379927	-8.45211251457386	-8.16671029571161	-2.33858737673733	-7.07129073063293	-17.687608057609	-21.5160539399953	-13.037075015295	-5.81790649483286	-5.06122704728823	-18.5482424388053	-13.037075015295	-7.24265914894491	-18.6583509692635	-7.78914750185143	-18.6592085149264	-19.6192062202956	-14.037075015295	-6.08287870490814	-7.45964618725927	-18.6924724781975	-9.45211251457386	-7.79867027596994	-19.0272850912691	-9.94961217404468	-6.86214933279434	-8.46721940696407	-12.4521125145739	-9.03707501529502	-14.037075015295	-9.30915456073182	-12.2297200932374	-10.2821875131315	-7.58586390346269	-18.4668093519586
np1028	-6.79891689381127	-9.51804463285714	-10.2307626807767	-4.39963140758421	-11.5427066870914	-11.5427066870914	-9.63913644977451	-12.3562935628605	-19.1439162732725	-17.7604210873886	-0.943082361473247	-9.54893864080293	-8.93308213213599	-12.271404665274	-5.61523521406044	-11.9412560635817	-13.400687682219	-9.2560294393871	-8.27398320937579	-21.5160539399953	-13.0083702594402	-6.82609415488137	-18.6095178401463	-7.16228294289391	-10.5551976312746	-12.3562935628605	-10.877125726162	-8.9998082459368	-18.129283016945	-6.61115403724863	-10.8157251814978	-10.3672646806815	-8.53960077622359	-3.6482024963348	-14.0787595873316	-14.8157251814978	-13.5933327601614	-11.0256482508721	-12.8157251814978	-4.9404877871594	-17.431970894603	-15.8157251814978	-15.0787595873316	-17.6755849574782	-9.9998082459368	-12.1527601687754	-13.400687682219	-16.400687682219	-11.9412560635817	-18.4544358573167	-7.98705975319481	-9.31322484096865	-11.7568314924443	-9.42340775871907	-6.56938043841693	-6.58690649100195	-11.7859778381038	-14.400687682219	-15.8157251814978	-11.1718689917231	-17.846702404935	-14.400687682219	-11.6193279686943	-6.21209883651164	-7.3454052467178	-18.4392911680949	-10.4818244449444	-11.9744229275169	-11.5180446328571	-6.75593008970273	-7.14212164832905	-9.2560294393871	-5.69591944285639	-6.40280255438987	-7.25730446822916	-10.1527601687754	-6.75953908480775	-12.7002479640779	-8.28955201198428	-5.46441782461678	-13.9412560635817	-14.5933327601614	-6.83463364404789	-18.6583509692635	-6.58610521631271	-15.400687682219	-12.9412560635817	-19.1611220392346	-4.77543546047211	-5.80263518205738	-18.6924724781975	-9.0475408567209	-10.3132248409686	-17.400687682219	-9.42340775871907	-7.13390114152408	-7.68472569196384	-13.0787595873316	-11.7282623402475	-14.5933327601614	-7.78230217996038	-11.3562935628605	-11.5677976680542	-7.92901246782694	-14.2307626807767
np1030	-10.8329295611841	-9.47772531142247	-13.4918926433491	-3.60234865344069	-11.7174523437642	-18.6943578872215	-12.0673948148212	-18.0189119165308	-19.1439162732725	-17.7604210873886	-1.75785158749911	-6.49783700709833	-8.9617430272573	-10.3647807254457	-6.47596413719657	-12.9849326546292	-9.64178807383213	-18.5202426739746	-9.15110552121039	-21.5160539399953	-18.4354667979437	-8.89746981337885	-7.38007059647032	-6.38943341447981	-13.6523573155423	-9.97163583201573	-11.0393804386516	-7.72579968647772	-12.8329295611841	-6.15673738928972	-17.7361574621684	-8.23798297189036	-7.94702986249159	-6.67844896413284	-19.1439162732725	-10.9454042904425	-17.9865309296644	-14.4178920619053	-8.29480531092423	-7.61958227945069	-7.95518531123513	-9.85717710743081	-16.7398201567927	-17.6755849574782	-5.41086479501132	-15.4178920619053	-9.26408672582625	-12.0673948148212	-10.8209569195181	-5.20308726695724	-6.29998927281126	-13.6523573155423	-13.2803885381554	-11.2162582007356	-8.03591658334799	-8.292736930583	-8.82693082056269	-14.7398201567927	-9.81500765318687	-13.7398201567927	-17.846702404935	-13.1548576560715	-13.932465234735	-13.8329295611841	-10.1473631195246	-6.52793186224665	-10.5206516363305	-11.3822681521746	-11.5698951553503	-4.45600832196176	-8.96833068729206	-11.2640867258263	-7.93246523473505	-7.04633319929333	-8.39774548879351	-11.8818391616651	-21.5160539399953	-10.5206516363305	-15.7398201567927	-6.90613940813791	-12.9849326546292	-15.7398201567927	-8.67642507550415	-16.7398201567927	-4.7648678832586	-14.932465234735	-14.5698951553503	-15.7398201567927	-2.11625297631292	-4.00331252191415	-18.6924724781975	-10.2241203185086	-10.1177683373363	-12.5303667911637	-14.7398201567927	-17.9797712684366	-12.0959639670179	-17.7398201567927	-12.0673948148212	-19.6192062202956	-18.4849487344682	-10.6208790840691	-12.932465234735	-5.56801786810967	-10.0603400572872
np1032	-10.7336785450596	-5.37842321650235	-17.9648879574086	-6.26430216495076	-12.3503499055081	-18.6943578872215	-9.67227800039542	-16.2572405011166	-19.1439162732725	-4.0233212925296	-1.15756394625693	-10.1487160443384	-8.61338431134185	-13.2572405011166	-5.80191328081202	-15.2572405011166	-19.5160539399953	-18.5202426739746	-13.6722780003954	-6.59012895904155	-6.09107741847046	-7.42119014605851	-11.0477871354876	-5.9085123468855	-8.80602938928425	-11.5568007829755	-11.399259505989	-10.2348726880881	-13.9353124062292	-7.3059557861496	-17.7361574621684	-7.87353620864252	-8.95345975293947	-8.71808169000854	-19.1439162732725	-10.2799605776167	-13.449885579059	-9.83097574641448	-11.0477871354876	-9.26855581434441	-12.009312987673	-15.2572405011166	-19.1027753967423	-12.5568007829755	-9.38687578153317	-13.2572405011166	-8.26855581434441	-14.6722780003954	-13.9353124062292	-11.399259505989	-7.17775571728976	-17.786116445496	-14.2572405011166	-10.2799605776167	-8.65732765892945	-13.6722780003954	-9.83097574641448	-11.0873154996743	-13.2572405011166	-11.5023529989531	-11.6133843113419	-9.50235299895311	-18.1439162732725	-3.72245128963631	-9.74944586091788	-9.7653874047869	-17.786116445496	-12.7978088824793	-9.58481515914508	-4.05481053510122	-13.9353124062292	-10.8649230783378	-5.14219685095487	-4.35637369313583	-18.6592085149264	-10.8309757464145	-6.21832151182427	-11.2128463817581	-13.2572405011166	-10.6425306570014	-14.6722780003954	-18.1477514775078	-10.2128463817581	-18.6583509692635	-8.24043221343002	-14.6722780003954	-14.6722780003954	-19.1611220392346	-4.49029756036079	-6.28282591131105	-13.0873154996743	-8.4956892686721	-7.79780888247928	-14.6722780003954	-11.009312987673	-13.2572405011166	-10.5568007829755	-12.6722780003954	-14.6722780003954	-19.6192062202956	-18.4849487344682	-9.97183828225433	-18.1166993110972	-4.84149873282649	-13.9353124062292
np1034	-5.12071464704672	-8.87186943033386	-17.9648879574086	-7.72827857670501	-8.08219678583681	-18.6943578872215	-9.61631014506222	-12.298134185036	-19.1439162732725	-17.7604210873886	-1.00097907785294	-10.8830966857571	-5.79430844704021	-18.0467296909277	-9.05020667159238	-12.8830966857571	-19.5160539399953	-18.5202426739746	-11.5611685908698	-21.5160539399953	-12.182656967616	-8.63516917231353	-18.6095178401463	-7.06291772334193	-10.7538136688121	-14.8830966857571	-10.9762060901486	-7.06931549454008	-18.129283016945	-6.03134764434106	-17.7361574621684	-9.3595347297001	-7.62570884306446	-6.47795522262077	-19.1439162732725	-14.298134185036	-17.9865309296644	-18.3791414185299	-16.8252817996473	-4.18830353075717	-17.431970894603	-14.8830966857571	-19.1027753967423	-17.6755849574782	-10.0251156906295	-18.6943578872215	-18.4819570601872	-18.6943578872215	-18.9648879574086	-15.8830966857571	-7.76415561303361	-10.4907792629784	-18.0315827535454	-11.0251156906295	-7.56568407199225	-10.5976944668949	-10.9289003753702	-12.5611685908698	-19.1611220392346	-10.0757417636995	-17.846702404935	-18.4212348069659	-13.0757417636995	-8.74354533335832	-12.5611685908698	-18.4392911680949	-13.8830966857571	-17.7069141533982	-13.8830966857571	-8.20361658625167	-5.04468060995978	-8.79563384450678	-5.95383827712014	-3.73334956625244	-6.18612915952283	-17.687608057609	-5.42879739213722	-17.0733884685424	-8.46524417087122	-5.47689168033826	-13.5611685908698	-8.48221724947493	-4.62041454339495	-18.6583509692635	-5.69450784004977	-14.8830966857571	-19.6192062202956	-15.8830966857571	-5.07815901370521	-7.60232591562651	-15.8830966857571	-11.6351691723135	-10.9289003753702	-19.0272850912691	-14.8830966857571	-8.18265696761602	-9.02511569062954	-18.7398201567927	-17.786116445496	-19.6192062202956	-7.37530204555842	-6.24104499282914	-11.7131716843148	-9.00045363639528	-18.4668093519586
np1038	-18.4462271471724	-8.1188160178939	-10.5242290982843	-6.43315951755327	-17.4392911680949	-18.6943578872215	-12.078817949962	-16.078817949962	-14.4938554492408	-17.7604210873886	-0.839368590442698	-9.10153802646206	-10.1480806123991	-15.078817949962	-6.63173472375233	-12.9088929485197	-14.078817949962	-9.70377851861505	-5.69403419986863	-21.5160539399953	-14.4938554492408	-6.42776625878305	-10.949534933017	-8.27146302790437	-9.47890510777485	-10.6525531952599	-11.1719273543535	-8.62760683812965	-18.129283016945	-7.30074082042662	-10.0127287595042	-17.6240100514525	-10.1246216395751	-6.81437534973538	-15.078817949962	-10.0344238306035	-17.9865309296644	-18.3791414185299	-11.0344238306035	-6.1231680424336	-17.431970894603	-12.9088929485197	-16.078817949962	-9.44946132988237	-11.555255993905	-12.6193863313247	-14.4938554492408	-12.9088929485197	-13.4938554492408	-18.4544358573167	-7.76593499467762	-11.078817949962	-13.078817949962	-8.93926659756318	-3.84759676925079	-12.4938554492408	-9.24592793579724	-12.078817949962	-19.1611220392346	-11.555255993905	-17.846702404935	-11.4938554492408	-11.6865005271832	-7.08163846902436	-10.2459279357972	-18.4392911680949	-12.4938554492408	-12.9088929485197	-11.1246216395751	-8.68650052718322	-12.9088929485197	-9.00200235291115	-7.20230100339698	-5.96768227972727	-18.6592085149264	-10.9913551087116	-8.8404132106369	-10.5242290982843	-3.42440568181304	-13.2714630279044	-14.4938554492408	-18.1477514775078	-6.71687417622674	-18.6583509692635	-8.03442383060353	-18.6592085149264	-11.9088929485197	-19.1611220392346	-4.74175361127724	-6.36629094952216	-13.7568898550746	-6.33566655584948	-12.3783782318209	-19.0272850912691	-18.4819570601872	-7.85964942949982	-8.22706890854592	-14.4938554492408	-10.4938554492408	-15.078817949962	-9.18400018665404	-11.8308904365184	-12.078817949962	-4.76423470568778	-13.078817949962
np1039	-7.74731695055622	-7.35015933731138	-13.7150235473493	-8.40214059206498	-10.8081329517408	-18.6943578872215	-11.8737212933684	-11.9780579531831	-11.7150235473493	-17.7604210873886	-1.62017610173796	-11.393095452462	-8.12506036556981	-18.0467296909277	-5.47065971222882	-12.1707030311255	-15.7150235473493	-13.8405544294332	-11.2125232068201	-21.5160539399953	-12.545098545907	-8.30846420199479	-18.6095178401463	-4.74515740664063	-10.8737212933684	-13.2125232068201	-11.1914615912923	-7.11263397486999	-18.129283016945	-6.16620163889058	-13.393095452462	-13.4926311260129	-7.51208348867906	-7.07237010465627	-13.4926311260129	-13.0520585346269	-17.9865309296644	-14.1300610466282	-8.65974111184814	-5.06187991063841	-17.431970894603	-11.3692487105076	-19.1027753967423	-17.6755849574782	-8.68160054581188	-14.4926311260129	-15.7150235473493	-18.6943578872215	-15.7150235473493	-9.22852368551387	-7.58059722712841	-9.55851906166934	-13.0520585346269	-7.75309158818285	-4.07613516509707	-9.64177456531869	-14.4926311260129	-18.4544358573167	-19.1611220392346	-10.3457897376836	-17.846702404935	-14.7150235473493	-10.4173429987086	-9.53180172329356	-8.96013604518586	-18.4392911680949	-13.4926311260129	-12.9076686252917	-12.2999860480705	-9.38112281079589	-7.44667649266681	-9.04732061562024	-7.08324018987518	-2.14940574611959	-6.56443002415895	-12.2999860480705	-4.79516706043765	-13.5995463299294	-9.34578973768361	-4.37740164535682	-13.9780579531831	-14.7150235473493	-6.06038751882136	-18.6583509692635	-6.35673865216893	-15.7150235473493	-14.4926311260129	-19.1611220392346	-4.44219939456655	-7.00996720113787	-17.2999860480705	-8.18885037783578	-10.277618235042	-19.0272850912691	-14.1300610466282	-7.1862438820213	-10.181044975347	-18.7398201567927	-12.4420050529429	-19.6192062202956	-6.79516706043765	-12.255591928712	-11.8737212933684	-10.393095452462	-17.2999860480705
np1041	-10.0962500690426	-4.16134509726446	-17.9648879574086	-4.5763825965433	-11.3763579882353	-10.7242812916556	-10.0962500690426	-18.0189119165308	-19.1439162732725	-17.7604210873886	-1.23279255826281	-7.74076941444418	-7.41552858551598	-18.0467296909277	-5.09360049062862	-11.3763579882353	-19.5160539399953	-18.5202426739746	-7.64455409918488	-21.5160539399953	-18.4354667979437	-7.51128756832141	-18.6095178401463	-8.93578539684932	-14.1837129102929	-10.7242812916556	-10.2768223146844	-7.19502822352074	-13.1837129102929	-6.83498475606183	-9.93578539684932	-17.6240100514525	-6.67591827009421	-6.3892970439428	-19.1439162732725	-17.8543286673737	-17.9865309296644	-11.8617848154055	-11.3763579882353	-5.18653342935529	-17.431970894603	-18.9310914392741	-19.1027753967423	-17.6755849574782	-9.0137879088506	-18.6943578872215	-18.4819570601872	-11.8617848154055	-18.9648879574086	-11.3763579882353	-8.05442989334794	-10.0137879088506	-14.1837129102929	-9.86178481540555	-4.30719596372791	-9.79139548751415	-8.32573191516534	-18.4544358573167	-19.1611220392346	-11.3763579882353	-17.846702404935	-11.3763579882353	-10.8617848154055	-7.07518845351474	-8.89831069143066	-12.5987504095718	-13.1837129102929	-11.0137879088506	-10.3763579882353	-7.53985672051819	-8.79139548751415	-13.1837129102929	-6.18935947343405	-3.52997213158634	-9.32573191516534	-8.72428129165561	-21.5160539399953	-10.8617848154055	-7.49721238310969	-4.27983106455673	-18.5482424388053	-18.1477514775078	-6.80000861781886	-18.6583509692635	-5.90294214016231	-18.6592085149264	-19.6192062202956	-12.1837129102929	-4.90758850501867	-6.14479392100061	-18.6924724781975	-7.61385730196196	-10.3763579882353	-13.1837129102929	-13.1837129102929	-7.36353394787772	-8.93578539684932	-14.1837129102929	-17.786116445496	-19.6192062202956	-5.99388835141289	-8.62912405861527	-12.1837129102929	-8.82616090567483	-18.4668093519586
np1042	-10.7803088247753	-5.28441499855404	-14.2968843505163	-7.74571016325138	-12.55991875635	-18.6943578872215	-11.7943840099871	-16.4668093519586	-10.2379906614627	-7.50246848416615	-2.28143057897548	-15.8818468512374	-9.96696346487536	-14.2968843505163	-7.19885226755573	-14.4668093519586	-19.5160539399953	-18.5202426739746	-9.25735598632962	-6.93835524119378	-11.1630286037815	-9.70525811951409	-10.0321811243218	-4.53829097670068	-7.64026086466765	-12.2573559863296	-11.1630286037815	-8.47528750588287	-15.8818468512374	-5.97896931813552	-13.0073777333213	-11.7119218497951	-7.68217450640105	-7.27575013742691	-14.1448812570712	-7.31579281306632	-8.85578455465121	-15.8818468512374	-10.659454429901	-5.52063411123501	-12.7119218497951	-13.4668093519586	-19.1027753967423	-13.0073777333213	-8.6307589969005	-14.8818468512374	-15.8818468512374	-15.1448812570712	-15.4668093519586	-10.3899937549077	-9.09176992061164	-14.1448812570712	-15.1448812570712	-9.66590945203826	-5.93737879781242	-12.9432473959016	-9.69862502718164	-10.0489568370727	-19.1611220392346	-11.5360720143957	-12.7119218497951	-11.5841663025967	-18.1439162732725	-5.12057266056832	-8.89316216446525	-12.8818468512374	-17.786116445496	-13.55991875635	-12.1092573473405	-8.91991489207093	-10.4781246651864	-12.9432473959016	-6.54273916637322	-2.48003402009978	-18.6592085149264	-13.0744919291798	-6.24703580106569	-11.8818468512374	-8.98702908792947	-6.79881081628604	-18.5482424388053	-18.1477514775078	-7.82656441573622	-1.83038297967126	-9.20942150926592	-14.8818468512374	-13.8818468512374	-19.1611220392346	-5.24582650087679	-6.32661864876673	-18.6924724781975	-7.96696346487536	-9.60262320730429	-19.0272850912691	-11.7388888973954	-9.57199158865062	-10.3582848951804	-15.4668093519586	-14.8818468512374	-19.6192062202956	-14.4668093519586	-10.2094215092659	-15.4668093519586	-5.92039715683921	-17.4668093519586
np1046	-18.4462271471724	-7.36304548821481	-8.13515288850128	-5.17100326642631	-13.3249774473813	-15.9099399481024	-6.99107671082786	-6.98512744449667	-12.9099399481024	-17.7604210873886	-2.56411891915183	-10.8224771068521	-5.76655673411263	-12.4505083294652	-4.79424599590544	-12.3249774473813	-12.3249774473813	-14.3249774473813	-6.25351508482467	-21.5160539399953	-8.5262356556284	-6.18372178877025	-7.50479848496611	-4.27240939657714	-10.3553510964248	-11.6620124346589	-10.4505083294652	-6.17015933832919	-15.9099399481024	-5.48367519340035	-11.2660837583277	-17.6240100514525	-5.94559908031003	-5.75512183905035	-19.1439162732725	-12.9099399481024	-6.06288260201111	-9.14175562332552	-11.9099399481024	-3.62309344536656	-17.431970894603	-13.9099399481024	-19.1027753967423	-17.6755849574782	-9.18201949353925	-7.67632027134275	-13.3249774473813	-14.9099399481024	-18.9648879574086	-12.9099399481024	-8.41009406101924	-8.77038859570366	-12.1025850260448	-5.76528170527057	-7.7004865824735	-12.1025850260448	-10.5880118532151	-12.2095002299614	-19.1611220392346	-10.7004865824735	-17.846702404935	-6.2989151507951	-10.5523879434844	-6.11552408175234	-8.50906051182027	-18.4392911680949	-10.2095002299614	-14.3249774473813	-11.9099399481024	-9.03957522851904	-5.13515288850128	-7.876516946565	-8.31748291083437	-2.80894916400969	-18.6592085149264	-8.37855848758614	-4.28423110503798	-9.40214530790375	-6.57902306998783	-5.16931590361304	-18.5482424388053	-13.9099399481024	-5.75006861132406	-18.6583509692635	-8.64315340740755	-18.6592085149264	-11.6620124346589	-13.5880118532151	-5.16090856606225	-8.04575380344817	-9.6245377292402	-7.47948739643692	-10.6245377292402	-19.0272850912691	-12.9099399481024	-5.34960711389001	-7.69562082730168	-18.7398201567927	-13.5880118532151	-19.6192062202956	-6.48997977025456	-9.3400843397715	-11.5880118532151	-5.94127315490724	-10.7400149466601
np1050	-9.12328134043319	-6.37526055775799	-12.8237210585743	-9.34978987024187	-12.186291137959	-15.9936460600166	-13.9936460600166	-10.5673813053145	-19.1439162732725	-17.7604210873886	-5.38816654195493	-12.8237210585743	-9.70824384115435	-14.4086835592954	-6.5673813053145	-14.4086835592954	-14.4086835592954	-18.5202426739746	-10.3212207180451	-9.55070256416787	-12.186291137959	-9.55070256416787	-18.6095178401463	-5.69214986503405	-9.88512160323843	-10.9061832187663	-11.186291137959	-8.94925194065814	-18.129283016945	-6.26913220689665	-11.8237210585743	-17.6240100514525	-6.64935015210078	-6.7268595193217	-19.1439162732725	-14.4086835592954	-17.9865309296644	-14.9936460600166	-10.4700841039596	-2.67439732719909	-14.9936460600166	-11.135665064889	-19.1027753967423	-12.4086835592954	-10.0629087224537	-12.2932063418755	-13.4086835592954	-13.9936460600166	-18.9648879574086	-13.9936460600166	-8.25217907361545	-5.78419269438765	-14.4086835592954	-6.88512160323843	-8.5673813053145	-10.6013286372378	-11.6013286372378	-12.4086835592954	-19.1611220392346	-10.745718546573	-8.55070256416787	-11.4700841039596	-14.9936460600166	-7.08075672378664	-9.3354345772648	-15.9936460600166	-12.8237210585743	-12.8237210585743	-12.5342144413793	-9.5673813053145	-9.34978987024187	-10.439057208339	-6.29667853378231	-0.933245654419365	-18.6592085149264	-11.6013286372378	-5.84389894051191	-10.745718546573	-10.4700841039596	-7.17666243676122	-10.9936460600166	-18.1477514775078	-6.40305901010156	-10.5017929636869	-7.43905720833896	-13.6717179651292	-19.6192062202956	-11.9936460600166	-4.495295452087	-5.6526832957649	-14.9936460600166	-11.0394497496297	-10.745718546573	-19.0272850912691	-10.4086835592954	-6.68758437058826	-6.82372105857428	-18.7398201567927	-15.9936460600166	-19.6192062202956	-18.4849487344682	-8.13566506488903	-14.9936460600166	-6.85665494793637	-18.4668093519586
np1052	-9.54079281812466	-9.56936197032143	-17.9648879574086	-9.48529770553296	-6.50931458665149	-18.6943578872215	-11.8912900652088	-18.0189119165308	-19.1439162732725	-17.7604210873886	-6.92781594123391	-10.9652906466526	-4.63107617843738	-14.2132181600962	-8.36772810915178	-17.5323711460796	-19.5160539399953	-14.2132181600962	-13.2132181600962	-21.5160539399953	-18.4354667979437	-13.2132181600962	-11.8912900652088	-12.8912900652088	-17.6943578872215	-10.3063275644876	-14.2132181600962	-10.6896562040391	-18.129283016945	-9.21321816009616	-17.7361574621684	-17.6240100514525	-10.9652906466526	-9.08393514315119	-19.1439162732725	-9.72136506376648	-17.9865309296644	-18.3791414185299	-10.3552371649686	-7.17979515855871	-17.431970894603	-18.9310914392741	-19.1027753967423	-17.6755849574782	-12.0432931586538	-18.6943578872215	-18.4819570601872	-12.628255659375	-18.9648879574086	-9.1688240407377	-13.2132181600962	-11.5127784419551	-13.628255659375	-13.628255659375	-11.7537865414589	-12.8912900652088	-17.9797712684366	-0.309571637413476	-19.1611220392346	-13.2132181600962	-17.846702404935	-18.4212348069659	-11.8912900652088	-18.6592085149264	-11.7537865414589	-18.4392911680949	-15.2132181600962	-17.7069141533982	-18.3552564508737	-11.8912900652088	-16.646333693381	-11.8912900652088	-10.1257553188458	-8.72136506376648	-13.628255659375	-17.687608057609	-21.5160539399953	-9.85566615547807	-9.56936197032143	-9.33057511073432	-18.5482424388053	-3.43719644484334	-8.52671763291294	-18.6583509692635	-13.628255659375	-12.628255659375	-11.628255659375	-19.1611220392346	-10.3063275644876	-13.2132181600962	-18.6924724781975	-14.2132181600962	-18.129283016945	-19.0272850912691	-13.2132181600962	-10.9652906466526	-9.56936197032143	-18.7398201567927	-14.2132181600962	-19.6192062202956	-13.628255659375	-16.7803347081239	-11.3063275644876	-14.2132181600962	-18.4668093519586
np1053	-18.4462271471724	-6.18932287405357	-8.85717838312307	-5.9784846793452	-11.8113746935099	-18.6943578872215	-10.0040197714523	-9.41905727073118	-9.45382268889186	-17.7604210873886	-3.16526605200384	-11.8113746935099	-5.56107627560361	-12.8113746935099	-5.06486037237148	-11.8113746935099	-19.5160539399953	-14.8113746935099	-7.59220617304778	-21.5160539399953	-13.2264121927888	-6.18932287405357	-6.89251145623535	-4.83839490744365	-12.8113746935099	-11.1109349753688	-10.6414496920676	-5.70285023673177	-18.129283016945	-5.20960390510223	-12.2264121927888	-17.6240100514525	-6.5352502882357	-5.52135584657732	-13.8113746935099	-10.7239118522596	-5.86008997854297	-12.4894465986226	-11.6414496920676	-3.35296808027341	-17.431970894603	-13.2264121927888	-19.1027753967423	-17.6755849574782	-8.31952159718027	-10.0564871913465	-13.8113746935099	-18.6943578872215	-18.9648879574086	-8.60192132788099	-7.00401977145234	-9.7239118522596	-13.2264121927888	-5.61908187903918	-6.916556930202	-11.2264121927888	-9.08345423894674	-7.77795169197249	-19.1611220392346	-10.1109349753688	-17.846702404935	-6.52135584657732	-11.2264121927888	-6.21146185132281	-8.56344718006636	-18.4392911680949	-11.4894465986226	-17.7069141533982	-18.3552564508737	-9.28781273745293	-4.80575014431606	-8.18201807343033	-8.62155013462992	-2.66131011442847	-18.6592085149264	-7.20404437976033	-3.50189833966884	-9.68209167656497	-7.90448409790142	-4.99439107025456	-13.2264121927888	-14.8113746935099	-5.10747112006528	-18.6583509692635	-9.81137469350994	-18.6592085149264	-11.8113746935099	-13.8113746935099	-4.47933814514829	-7.60192132788099	-11.6414496920676	-7.42767040103589	-11.2264121927888	-19.0272850912691	-18.4819570601872	-5.55398685081729	-8.43633526216302	-18.7398201567927	-17.786116445496	-19.6192062202956	-9.45382268889186	-8.76698057415149	-11.4894465986226	-6.2683428732547	-11.0040197714523
np1055	-18.4462271471724	-6.61155426186996	-10.389001958554	-6.48723639512332	-14.136235888174	-18.6943578872215	-11.6581885913694	-18.0189119165308	-19.1439162732725	-17.7604210873886	-2.11922867666212	-9.16880375063043	-6.38708475555968	-14.6216627153442	-4.29928384868603	-11.2431510920905	-14.136235888174	-9.73413744460266	-7.325205307973	-21.5160539399953	-18.4354667979437	-6.55234722080417	-9.22249162152442	-6.29883321771535	-11.8991966908732	-9.72442228976945	-10.2997346204569	-9.59486265600053	-18.129283016945	-6.64897006133998	-17.7361574621684	-17.6240100514525	-8.92678252254505	-5.83441310687633	-6.35675102226978	-11.8991966908732	-9.74391846539524	-11.8991966908732	-13.0367002146231	-5.91085628164489	-17.431970894603	-12.3586283095105	-15.3586283095105	-8.81946949840242	-8.4437449231484	-9.8246497375081	-11.8991966908732	-11.9893944998447	-18.9648879574086	-15.3586283095105	-7.03519818945786	-13.6216627153442	-12.3586283095105	-6.55449728832713	-7.62844124797531	-11.0609477608698	-11.3586283095105	-10.2293452925655	-5.68384754654083	-10.4841591915943	-17.846702404935	-9.12980961901457	-12.4841591915943	-7.79384369072693	-8.0732260906482	-18.4392911680949	-10.4044319991236	-12.1887033080681	-12.9435908102316	-8.35862830951045	-12.695663296788	-6.77868388355592	-5.72745125380647	-1.99536048054719	-18.6592085149264	-13.3586283095105	-5.20170253749636	-9.11704232294069	-8.29253911905268	-8.6398100620545	-13.4841591915943	-13.3586283095105	-3.21897037896801	-18.6583509692635	-6.74146698640115	-13.6216627153442	-11.695663296788	-14.9435908102316	-4.75654809589171	-5.28940233717206	-14.3586283095105	-7.71236962952042	-15.3586283095105	-19.0272850912691	-18.4819570601872	-9.50064731438288	-7.6059689082391	-18.7398201567927	-12.4841591915943	-19.6192062202956	-11.136235888174	-10.9893944998447	-11.085609815104	-6.2623523984538	-18.4668093519586
np1057	-18.4462271471724	-6.05389628514143	-10.5223447771362	-8.85676381620672	-8.06744281697938	-18.6943578872215	-9.15150708176785	-10.4261294618769	-8.92089415362644	-17.7604210873886	-4.69645390364113	-12.0583976773764	-2.43104619318714	-12.7953632715426	-5.28756863134388	-12.7953632715426	-19.5160539399953	-18.5202426739746	-8.97093483612603	-21.5160539399953	-11.6798860541226	-7.61214144748681	-6.8257369205861	-5.94569754462701	-12.2104007708214	-11.1323982588201	-9.31423658180596	-6.06291315849886	-18.129283016945	-5.22930923337149	-12.5729708502061	-17.6240100514525	-8.92089415362644	-5.27310869667235	-9.57297085020613	-7.95406101756164	-8.8411669611557	-13.3803257722637	-11.2928629310134	-2.82549713083388	-17.431970894603	-12.2104007708214	-19.1027753967423	-17.6755849574782	-8.48550800895579	-9.35795795923528	-14.3803257722637	-18.6943578872215	-18.9648879574086	-8.47343517665522	-6.48550800895579	-9.92089415362644	-12.7953632715426	-6.15391357947495	-8.98800834948497	-11.7953632715426	-10.736469582489	-7.54743575809899	-19.1611220392346	-13.3803257722637	-17.846702404935	-6.09030692533111	-9.79536327154258	-7.16600665146297	-8.57297085020613	-18.4392911680949	-13.7953632715426	-17.7069141533982	-12.2104007708214	-10.2928629310134	-5.26658360621455	-7.17575462801453	-5.52857673084768	-2.48437187945157	-18.6592085149264	-9.33593165290528	-4.19173692655639	-9.15150708176785	-10.8567638162067	-6.15391357947495	-18.5482424388053	-14.3803257722637	-5.24718355986313	-18.6583509692635	-10.5729708502061	-18.6592085149264	-12.0583976773764	-19.1611220392346	-5.61711340544933	-6.90054550823463	-12.0583976773764	-10.1323982588201	-13.0583976773764	-19.0272850912691	-18.4819570601872	-5.9923084869186	-6.2587922549237	-18.7398201567927	-17.786116445496	-19.6192062202956	-8.70790043029224	-7.96247325737784	-12.2104007708214	-8.29286293101339	-14.3803257722637
np1060	-8.79112003728774	-5.31737868973998	-10.7660290563249	-5.1122573976851	-10.2841600485679	-12.2316926286737	-9.11621541125379	-12.5365472102021	-19.1439162732725	-17.7604210873886	-1.16672537235826	-8.95867413426731	-7.41455668582353	-11.4947270345075	-6.00104310666197	-10.9801538616778	-15.0390475507313	-8.05036286395916	-11.1321569551228	-21.5160539399953	-10.6698137410656	-9.13215695512281	-18.6095178401463	-4.64923698356314	-17.6943578872215	-10.6467301279526	-10.5579208609947	-7.96579856870069	-13.8166551293949	-6.18729850931527	-17.7361574621684	-16.6240100514525	-8.1604856781813	-5.58440553349873	-19.1439162732725	-15.6240100514525	-17.9865309296644	-12.717119455844	-6.4679269751638	-3.94585009390972	-15.6240100514525	-18.9310914392741	-13.6240100514525	-8.97295836027356	-9.82959418510238	-10.8426503379278	-14.0390475507313	-12.0390475507313	-14.3020819565651	-14.6240100514525	-7.31112709616813	-10.0093002073373	-13.0390475507313	-8.60164223842403	-5.52993236578058	-8.12416416436928	-17.9797712684366	-15.0390475507313	-19.1611220392346	-11.5365472102021	-17.846702404935	-14.3020819565651	-11.3020819565651	-5.98195835852451	-8.17279893962016	-13.4540850500102	-10.2489706201056	-11.2316926286737	-9.35722351075758	-5.22473212694352	-5.28416004856786	-7.53125291053263	-6.88254306505134	-4.01691095735893	-18.6592085149264	-15.0390475507313	-21.5160539399953	-9.62401005145249	-6.04752570465563	-5.69623208937014	-15.0390475507313	-13.0390475507313	-6.52729489696395	-18.6583509692635	-5.50896640129077	-12.6240100514525	-14.0390475507313	-19.1611220392346	-7.19355749978695	-6.63532536468032	-18.6924724781975	-10.3760825380089	-15.0390475507313	-19.0272850912691	-11.3020819565651	-6.51287438121778	-8.57416150200192	-8.67564281986781	-10.951584709481	-12.5365472102021	-8.3760825380089	-10.1321569551228	-11.869122549289	-7.36898148163375	-18.4668093519586
np1066	-10.6310904203615	-4.13847419519046	-9.93594500188988	-6.82373549830385	-10.6310904203615	-18.6943578872215	-10.1165172475317	-12.2160529210826	-11.8534828416979	-17.7604210873886	-2.99515641497743	-10.7014797482529	-9.35098250116872	-12.2160529210826	-5.00799279075353	-11.4384453424191	-12.4384453424191	-12.2160529210826	-6.72878709424859	-8.95731865268245	-11.0234078431402	-8.29548738857702	-18.6095178401463	-4.73800562427797	-12.4384453424191	-10.4384453424191	-12.4384453424191	-8.36519636038842	-12.7014797482529	-6.31950426969556	-13.0234078431402	-12.4384453424191	-8.01218058771696	-6.12556238713471	-13.4384453424191	-17.8543286673737	-17.9865309296644	-11.5639762245029	-9.77548032969663	-4.63001738569623	-17.431970894603	-15.0234078431402	-19.1027753967423	-12.7014797482529	-8.8335832842602	-11.0234078431402	-14.0234078431402	-18.6943578872215	-18.9648879574086	-11.1165172475317	-7.77548032969663	-11.4384453424191	-13.0234078431402	-8.75662130244532	-6.67467968890914	-11.4384453424191	-17.9797712684366	-18.4544358573167	-19.1611220392346	-10.6310904203615	-13.4384453424191	-12.4384453424191	-13.0234078431402	-6.38678322259657	-8.10454460586562	-18.4392911680949	-10.7754803296966	-17.7069141533982	-18.3552564508737	-7.37235615196129	-6.09562988105788	-8.68355784025559	-7.1968593558493	-1.42326262678155	-18.6592085149264	-17.687608057609	-7.49984588708321	-11.0234078431402	-5.7333889962076	-4.97628393102619	-18.5482424388053	-18.1477514775078	-6.47266105775697	-3.37729920163412	-6.35098250116872	-18.6592085149264	-12.4384453424191	-15.0234078431402	-6.97901372378176	-7.29548738857702	-18.6924724781975	-10.0692115327533	-10.8534828416979	-19.0272850912691	-11.3229681249991	-10.0692115327533	-9.63109042036146	-11.2160529210826	-12.7014797482529	-14.0234078431402	-10.6310904203615	-8.39405122306061	-11.5639762245029	-9.85348284169791	-18.4668093519586
np1067	-7.92283213947754	-4.95768919514204	-12.0927571409199	-5.3204425669982	-9.8833037752909	-14.5077946401987	-8.27897594970282	-13.0927571409199	-19.1439162732725	-17.7604210873886	-1.8514442674355	-9.86393845042397	-7.45251220469751	-13.7708290460325	-6.23167023492446	-9.8833037752909	-19.5160539399953	-14.0927571409199	-12.7708290460325	-21.5160539399953	-7.4168001079781	-8.5077946401987	-18.6095178401463	-7.0759488532333	-10.7004397181411	-11.3923174227788	-10.0703893278914	-6.51910995342653	-15.0927571409199	-5.64051590048903	-17.7361574621684	-14.5077946401987	-7.44890095114513	-5.98292648664106	-19.1439162732725	-15.0927571409199	-17.9865309296644	-9.46340052084024	-13.5077946401987	-3.96379619006415	-14.5077946401987	-11.5691951848628	-15.0927571409199	-8.50030010365177	-9.31139742739519	-9.40625661373663	-16.0927571409199	-12.7708290460325	-16.0927571409199	-18.4544358573167	-6.43454565816806	-9.92283213947754	-13.0927571409199	-9.44890095114513	-6.96347412397489	-7.77534452715498	-9.09275714091985	-8.39927018342053	-11.8448296274763	-11.6333255222826	-17.846702404935	-11.5691951848628	-8.15611920191728	-4.89247153569556	-7.20401389202159	-12.3923174227788	-11.7708290460325	-11.138560830533	-11.0052942996695	-6.21470622819132	-4.942375172102	-7.16201980335697	-7.10691520391651	-2.54453728356565	-18.6592085149264	-12.3923174227788	-14.0927571409199	-10.6009040445902	-12.7708290460325	-6.66649238621775	-11.7004397181411	-18.1477514775078	-7.91783145841917	-18.6583509692635	-4.50123479434912	-14.5077946401987	-19.6192062202956	-19.1611220392346	-4.19907640252894	-5.36058971525647	-18.6924724781975	-8.73520513630177	-10.4780472968046	-7.17091620384536	-8.5077946401987	-8.46340052084024	-7.15906648596762	-6.35804752069401	-8.16201980335697	-16.0927571409199	-11.0927571409199	-10.9228321394775	-12.3923174227788	-7.40976255723817	-18.4668093519586
np1068	-10.2531175080817	-4.16129324468606	-15.3405803493321	-6.0276973940477	-11.3405803493321	-18.6943578872215	-11.8811487306948	-18.0189119165308	-14.3405803493321	-17.7604210873886	-1.57167237685366	-11.0186522544447	-8.29618622997361	-13.0186522544447	-6.46099709971928	-14.3405803493321	-19.5160539399953	-13.3405803493321	-11.640140631191	-21.5160539399953	-11.7556178486109	-8.53322542727446	-18.6095178401463	-6.43971354135131	-17.6943578872215	-12.3405803493321	-10.2961862299736	-8.00073034644744	-15.3405803493321	-6.45488397599266	-12.7556178486109	-17.6240100514525	-6.76693316183874	-7.39221311774738	-19.1439162732725	-8.53322542727446	-17.9865309296644	-15.3405803493321	-12.5332254272745	-4.36616575952653	-12.0186522544447	-18.9310914392741	-19.1027753967423	-10.4336897537235	-9.50769033516732	-13.0186522544447	-18.4819570601872	-14.3405803493321	-18.9648879574086	-6.88114873069476	-7.16565466683138	-12.0186522544447	-12.7556178486109	-7.3462269124732	-7.40984301176917	-10.817018393275	-12.5332254272745	-11.5332254272745	-10.4336897537235	-11.2531175080817	-17.846702404935	-10.640140631191	-10.1706553478897	-3.87705597606088	-9.36330042583214	-18.4392911680949	-12.3405803493321	-12.0186522544447	-10.817018393275	-7.17065534788975	-3.40063389687337	-8.88114873069476	-6.52359672607668	-2.56497006857252	-18.6592085149264	-11.640140631191	-11.4336897537235	-10.6967241595573	-7.5592206358074	-6.03679960115496	-14.3405803493321	-18.1477514775078	-7.50137656123511	-18.6583509692635	-7.22683818328287	-18.6592085149264	-19.6192062202956	-15.3405803493321	-5.05517813046981	-6.51721310928582	-18.6924724781975	-7.66815500736056	-11.2531175080817	-10.0186522544447	-14.3405803493321	-9.27449115887429	-8.89763685348333	-18.7398201567927	-13.7556178486109	-19.6192062202956	-8.77072474100111	-10.3863840389452	-13.7556178486109	-9.69672415955733	-18.4668093519586
np1069	-18.4462271471724	-4.88873466308872	-13.0364483854409	-10.0008244757102	-7.87456070306398	-18.6943578872215	-8.67187595314502	-11.6579367621871	-13.3583764803282	-17.7604210873886	-7.03644838544088	-16.8818468512374	-2.62514926247668	-14.3583764803282	-5.50039548520067	-12.1884514788859	-19.5160539399953	-18.5202426739746	-9.86652338399856	-21.5160539399953	-11.8989448616909	-8.67187595314502	-8.10098863763559	-3.65967181355789	-11.7734139796071	-12.1884514788859	-9.55102155827064	-6.73266763726377	-18.129283016945	-5.95963278839005	-17.7361574621684	-17.6240100514525	-7.69304056314306	-5.43653554325375	-12.3583764803282	-7.91543298447951	-10.072974261466	-13.7734139796071	-11.4514858847197	-2.78733493272715	-17.431970894603	-13.0364483854409	-19.1027753967423	-17.6755849574782	-7.8037876286506	-10.0364483854409	-14.3583764803282	-18.6943578872215	-18.9648879574086	-7.09158993963334	-6.82699501981193	-7.94898554419054	-12.7734139796071	-6.13678935906343	-8.83481452427123	-9.4757334309664	-11.6579367621871	-7.13437480613013	-19.1611220392346	-10.6579367621871	-17.846702404935	-6.18845147888593	-11.2709136390779	-9.77341397960708	-11.2709136390779	-18.4392911680949	-17.786116445496	-17.7069141533982	-12.3583764803282	-13.0364483854409	-9.20862936082356	-8.00964832609716	-11.2709136390779	-1.9444841519556	-18.6592085149264	-13.3583764803282	-4.66314818883249	-9.29228728987047	-10.5003954852007	-5.27224025530093	-13.3583764803282	-18.1477514775078	-5.36260932945044	-18.6583509692635	-13.0364483854409	-18.6592085149264	-11.3583764803282	-19.1611220392346	-6.94052396544234	-7.18345079782756	-18.6924724781975	-11.4514858847197	-12.7734139796071	-19.0272850912691	-15.3583764803282	-6.55424545914492	-6.63045602576504	-18.7398201567927	-17.786116445496	-19.6192062202956	-10.072974261466	-6.76218672418383	-13.3583764803282	-10.0008244757102	-18.4668093519586
np1072	-18.4462271471724	-7.41771023446202	-10.5003155120631	-3.88686805248885	-10.2033337743059	-18.6943578872215	-8.86804729656354	-18.0189119165308	-19.1439162732725	-17.7604210873886	-1.19591529459934	-6.31785021400306	-9.23728110622926	-12.5421356877577	-6.20123835630373	-9.54213568775768	-19.5160539399953	-18.5202426739746	-17.8816397677299	-21.5160539399953	-18.4354667979437	-10.1866550331593	-18.6095178401463	-12.4596735275657	-14.629598529008	-9.49004717660923	-10.7967085148433	-7.86472693827193	-9.24589423653397	-6.64091384223586	-17.7361574621684	-8.67540221862115	-5.1747851804955	-6.04651576150509	-19.1439162732725	-8.66959659693994	-17.9865309296644	-18.3791414185299	-7.21385676071793	-5.97049456553436	-17.431970894603	-18.9310914392741	-13.8222436069504	-17.6755849574782	-6.38880719684606	-13.8222436069504	-12.629598529008	-11.1701669103707	-12.5421356877577	-7.34882775887742	-5.93089386223768	-10.9291588108669	-14.629598529008	-11.8222436069504	-7.19288698687081	-7.97138704625623	-8.56350933855025	-8.82224360695042	-14.0446360282869	-11.7227079333995	-17.846702404935	-18.4212348069659	-14.0446360282869	-18.6592085149264	-8.30316904188572	-18.4392911680949	-11.1701669103707	-10.2545590976611	-13.629598529008	-5.21069179775012	-5.69148920278878	-9.79670851484328	-5.43853931447637	-3.47020018115498	-18.6592085149264	-9.49004717660923	-21.5160539399953	-10.2545590976611	-8.65231860550811	-8.02597218402183	-15.629598529008	-13.8222436069504	-6.55679599446381	-18.6583509692635	-5.20071497699783	-13.4596735275657	-12.1701669103707	-15.0446360282869	-4.12900558311419	-4.70701412629436	-18.6924724781975	-9.56350933855025	-13.1701669103707	-13.4596735275657	-18.4819570601872	-11.0148886848928	-10.2202075928703	-18.7398201567927	-14.3076704341207	-15.629598529008	-14.3076704341207	-8.56350933855025	-13.629598529008	-8.79039474091108	-18.4668093519586
np1073	-11.367343524048	-5.59055291977679	-11.9840148844965	-5.54660957218919	-12.5689773852176	-13.0835505580474	-10.5689773852176	-10.1360179779415	-10.3363166284274	-8.40708970284075	-1.43352460103247	-10.3059429793839	-9.74115836060033	-13.5689773852176	-6.30219084452274	-17.5323711460796	-19.5160539399953	-12.3059429793839	-7.34401102021737	-6.89655204324615	-11.8034426388547	-9.41517204913861	-10.1629850255418	-3.51071501335517	-8.10300292071357	-11.3059429793839	-10.9367091697181	-8.96016814254212	-13.5689773852176	-6.30782271260207	-10.6429779666614	-10.3363166284274	-8.48151454396731	-6.93090354803693	-12.5689773852176	-8.05170169200806	-7.7360873710529	-12.890905480105	-10.0580154659403	-5.15958644907994	-13.3059429793839	-14.3059429793839	-14.890905480105	-11.2470492903303	-9.32104987177406	-13.890905480105	-13.3059429793839	-13.5689773852176	-14.890905480105	-11.0835505580474	-9.46464072540291	-12.890905480105	-14.890905480105	-7.82481628964723	-6.23806050710303	-13.3059429793839	-9.33631662842737	-12.3059429793839	-19.1611220392346	-11.1904657619639	-12.4314738614677	-11.0835505580474	-13.0835505580474	-4.24434676995046	-9.43147386146771	-13.3059429793839	-11.9840148844965	-12.5689773852176	-12.4314738614677	-6.6693183588402	-6.45211362752675	-10.1360179779415	-6.11776627338532	-3.15767826225344	-18.6592085149264	-8.93670916971813	-5.61710988089074	-11.367343524048	-7.74115836060032	-5.94253824852033	-18.5482424388053	-18.1477514775078	-7.24704929033028	-4.77391180255803	-6.8657659178265	-15.890905480105	-13.5689773852176	-19.1611220392346	-5.0044467844013	-6.55551512541108	-13.890905480105	-7.78238102332684	-7.67658635930424	-19.0272850912691	-9.2615488600254	-8.11611842050383	-10.6814521144761	-11.3059429793839	-11.7209804786627	-19.6192062202956	-10.1095457665803	-9.80344263885467	-12.890905480105	-6.93670916971813	-18.4668093519586
np1076	-8.36786609165416	-7.81532506862538	-17.9648879574086	-5.2758842332684	-8.14135756184548	-15.0117222814289	-8.84179727998657	-9.85521779574889	-8.76379476798529	-17.7604210873886	-1.33110636019221	-10.59668478215	-7.28834575201063	-12.2747566872627	-5.4412340508379	-10.4469376626454	-19.5160539399953	-18.5202426739746	-14.59668478215	-21.5160539399953	-8.86876432758684	-7.78611314740889	-18.6095178401463	-6.96915089767724	-13.4267597807077	-11.1704200274479	-9.95282859237531	-8.60233134529118	-15.59668478215	-5.79174711009813	-17.7361574621684	-10.7893298600924	-8.16623223048451	-6.46354256974944	-15.59668478215	-6.4292666363183	-17.9865309296644	-18.3791414185299	-12.5092219408997	-6.59386976654298	-11.6897941865415	-18.9310914392741	-19.1027753967423	-9.46740176520507	-9.89624506400894	-13.7893298600924	-14.0117222814289	-13.1372531635127	-15.59668478215	-18.4544358573167	-6.30551408282818	-8.18305685312586	-18.0315827535454	-8.54140234664885	-6.30781870798422	-10.2747566872627	-8.37268310795193	-5.27306701885846	-10.8687643275868	-9.70186701884209	-17.846702404935	-10.6897941865415	-7.45457772484749	-4.6298188817625	-6.07704852930682	-10.3487572687065	-12.2747566872627	-10.4881603253719	-14.59668478215	-6.38601343836442	-5.45521622675695	-7.23913277753195	-7.68379544592008	-3.19314010394802	-18.6592085149264	-13.4267597807077	-21.5160539399953	-10.2747566872627	-14.59668478215	-5.26185285403204	-10.9819749380348	-13.59668478215	-8.87558559344285	-12.5092219408997	-6.21514183096545	-13.4267597807077	-15.59668478215	-11.5522906627916	-4.84514072306094	-6.25683477926541	-18.6924724781975	-7.87900835908364	-12.0117222814289	-11.4674017652051	-7.20651582594985	-10.2929040339729	-6.61654520451088	-4.64540006718306	-9.42675978070772	-19.6192062202956	-7.0136020146471	-9.98197493803483	-14.59668478215	-7.45457772484749	-18.4668093519586
np1077	-18.4462271471724	-5.40747222215866	-11.986410935252	-8.63591368816791	-8.28597121711095	-18.6943578872215	-7.70842618795228	-12.7233765294183	-9.55345152797594	-17.7604210873886	-3.71401442621456	-11.986410935252	-2.19752950324075	-18.0467296909277	-6.13841402869709	-10.4014484345309	-19.5160539399953	-18.5202426739746	-11.7233765294183	-21.5160539399953	-11.3083390301394	-7.86539553429068	-6.6936291860242	-8.37760169257652	-17.6943578872215	-11.3083390301394	-8.55345152797594	-6.24224983968163	-18.129283016945	-4.96404312222359	-17.7361574621684	-17.6240100514525	-10.7233765294183	-4.96404312222359	-7.80054438994071	-5.76530720988417	-9.78477707408239	-12.7233765294183	-13.3083390301394	-3.78870277729619	-17.431970894603	-18.9310914392741	-19.1027753967423	-17.6755849574782	-10.5009841080818	-10.7233765294183	-18.4819570601872	-18.6943578872215	-18.9648879574086	-7.58041857557621	-6.07471935337971	-9.60789931199831	-13.3083390301394	-7.07952033964353	-9.72337652941825	-10.3083390301394	-9.06041151669582	-5.92032174479427	-19.1611220392346	-17.9797712684366	-17.846702404935	-6.47544901597467	-10.0604115166958	-7.72337652941825	-11.5009841080818	-10.3083390301394	-17.786116445496	-12.3083390301394	-13.3083390301394	-10.6078993119983	-5.92463473766535	-7.13841402869709	-6.58041857557621	-2.24393306824836	-18.6592085149264	-12.7233765294183	-5.19199506890194	-8.88207427543731	-16.7398201567927	-6.25305659463822	-10.986410935252	-18.1477514775078	-5.24764309845185	-18.6583509692635	-9.1384140286971	-14.3083390301394	-13.3083390301394	-19.1611220392346	-6.45658998872335	-6.52697931661475	-14.3083390301394	-10.2208761888891	-18.129283016945	-19.0272850912691	-13.3083390301394	-5.66088060368449	-6.0045582819623	-18.7398201567927	-17.786116445496	-19.6192062202956	-7.33105910663949	-8.47544901597467	-12.7233765294183	-7.60789931199831	-10.4014484345309
np1080	-12.0169154039238	-5.23555569039916	-13.3954270271775	-11.1937931660079	-17.4392911680949	-18.6943578872215	-13.7173551220649	-14.1323926213438	-15.7173551220649	-14.7173551220649	-5.24364937244549	-16.8818468512374	-11.9100002000073	-18.0467296909277	-8.18597366154859	-17.5323711460796	-19.5160539399953	-15.7173551220649	-10.9100002000073	-11.0169154039238	-18.4354667979437	-10.8593741269373	-10.9100002000073	-5.63254673426055	-11.3250376992861	-14.1323926213438	-12.1323926213438	-9.69498730903645	-18.129283016945	-7.02735715064546	-17.7361574621684	-17.6240100514525	-7.60883066528674	-8.39542702717755	-19.1439162732725	-17.8543286673737	-13.3954270271775	-18.3791414185299	-16.8252817996473	-6.81347327632873	-12.3954270271775	-14.1323926213438	-19.1027753967423	-14.1323926213438	-10.2255020257352	-14.7173551220649	-15.7173551220649	-18.6943578872215	-14.7173551220649	-7.98943466750171	-9.32503769928615	-15.7173551220649	-18.0315827535454	-10.1627662703873	-7.9229392557148	-11.1937931660079	-11.6298922808146	-10.0734989322902	-12.9100002000073	-11.6298922808146	-12.2579235034276	-12.0169154039238	-18.1439162732725	-7.75735318999683	-9.14749951373396	-18.4392911680949	-17.786116445496	-17.7069141533982	-18.3552564508737	-11.1323926213438	-7.81046452645639	-13.7173551220649	-8.29109036736281	-1.48291188237515	-18.6592085149264	-13.3954270271775	-7.83471207270307	-12.3954270271775	-10.507901756436	-8.85937412693733	-14.7173551220649	-18.1477514775078	-8.12489808479683	-1.08265749577319	-10.1627662703873	-18.6592085149264	-14.1323926213438	-19.1611220392346	-6.44355952285064	-7.57780376966611	-18.6924724781975	-9.88446510790017	-11.9100002000073	-13.7173551220649	-12.1323926213438	-10.8104645264564	-11.9100002000073	-18.7398201567927	-17.786116445496	-19.6192062202956	-13.7173551220649	-10.9100002000073	-14.7173551220649	-8.39542702717755	-18.4668093519586
np1082	-18.4462271471724	-7.818549121883	-10.5390265932606	-4.26121086887019	-11.9984582118979	-11.2980184937568	-10.4748962558409	-10.7505306984543	-19.1439162732725	-17.7604210873886	-1.19412548571031	-8.21709849837327	-10.2435707097345	-12.6765301170106	-6.93236902144016	-12.4134957111768	-19.5160539399953	-18.5202426739746	-6.5680056602324	-21.5160539399953	-13.9984582118979	-9.38374836778272	-18.6095178401463	-9.21709849837327	-11.8285332104556	-12.1911032898403	-17.0009682812804	-8.14047721677036	-12.6765301170106	-5.75528422842498	-17.7361574621684	-11.6765301170106	-7.22367115229676	-6.84364010284582	-14.9984582118979	-10.1404772167704	-17.9865309296644	-13.9984582118979	-16.8252817996473	-1.88683346486068	-17.431970894603	-18.9310914392741	-19.1027753967423	-17.6755849574782	-11.9984582118979	-18.6943578872215	-18.4819570601872	-18.6943578872215	-13.4134957111768	-18.4544358573167	-8.57219345719583	-11.0915676162894	-13.9984582118979	-9.91099537064759	-6.71305599303568	-8.67653011701057	-14.9984582118979	-9.32603286992643	-19.1611220392346	-17.9797712684366	-17.846702404935	-18.4212348069659	-12.4134957111768	-6.90570107097808	-10.4748962558409	-18.4392911680949	-9.91099537064759	-12.6765301170106	-12.9984582118979	-6.91630917054406	-5.55344336602951	-8.15296816095355	-8.31195768471471	-11.6765301170106	-11.9984582118979	-17.687608057609	-7.50660511556825	-10.9984582118979	-5.81358286898964	-5.82603070325245	-18.5482424388053	-18.1477514775078	-7.41349571117677	-18.6583509692635	-5.97609039886947	-14.9984582118979	-19.6192062202956	-11.0915676162894	-6.10364044858999	-6.07364570829215	-18.6924724781975	-10.5390265932606	-11.6765301170106	-14.9984582118979	-12.9984582118979	-8.20404234554782	-10.1404772167704	-18.7398201567927	-17.786116445496	-19.6192062202956	-10.0915676162894	-12.4134957111768	-10.9109953706476	-8.93236902144016	-18.4668093519586
np1084	-12.3290675203012	-6.85874758552121	-9.09640676351097	-4.4694292073109	-9.49449112950861	-18.6943578872215	-9.07608677913137	-14.2359581159098	-14.2359581159098	-17.7604210873886	-3.22193764559483	-9.29344361057052	-8.31114561230398	-14.6509956151886	-4.97386327053958	-11.6509956151886	-13.9140300210224	-18.5202426739746	-12.4286031938522	-21.5160539399953	-9.49449112950861	-10.7441050195801	-18.6095178401463	-11.0660331144674	-14.6509956151886	-8.74410501958009	-9.04613355702974	-7.39675432781282	-14.2359581159098	-6.68521133052652	-13.2359581159098	-17.6240100514525	-5.12678041255449	-5.4961775061365	-19.1439162732725	-11.3779771207822	-17.9865309296644	-13.0660331144674	-12.9140300210224	-4.40385926987063	-17.431970894603	-11.4286031938522	-19.1027753967423	-13.0660331144674	-10.169868925452	-11.7765264972725	-15.2359581159098	-9.89610811302514	-18.9648879574086	-18.4544358573167	-7.86091868456284	-13.6509956151886	-12.3290675203012	-9.96917157521486	-6.66041886907523	-10.0461335570297	-17.9797712684366	-16.2359581159098	-14.2359581159098	-12.9140300210224	-17.846702404935	-10.3290675203012	-12.9140300210224	-9.68136926423212	-8.58490642473083	-16.2359581159098	-10.8784061112917	-12.6509956151886	-12.0660331144674	-6.64350107864168	-6.39203706462073	-10.2359581159098	-6.22752949383918	-2.03505951087132	-18.6592085149264	-17.687608057609	-21.5160539399953	-9.76022468494336	-7.20805211933988	-6.30522077834687	-12.7765264972725	-13.4286031938522	-8.6509956151886	-1.67508795398443	-7.39675432781282	-10.5080376613466	-10.9880306024662	-16.2359581159098	-7.84794083056463	-7.41259087586353	-14.6509956151886	-10.2135903028813	-16.2359581159098	-12.6509956151886	-14.2359581159098	-9.96917157521486	-6.69292629565452	-18.7398201567927	-12.9140300210224	-12.9140300210224	-8.80969336120766	-9.6509956151886	-11.4810706137463	-10.403068101745	-18.4668093519586
np1085	-9.75669154771665	-6.28315032966392	-12.6442168184582	-8.64421681845824	-17.4392911680949	-18.6943578872215	-18.3552564508737	-12.3811824126244	-19.1439162732725	-11.158789991288	-3.6313129852276	-13.9661449133456	-10.5738274905668	-13.3811824126244	-7.84720384062209	-12.158789991288	-19.5160539399953	-18.5202426739746	-9.68074269448335	-8.5398801586435	-13.9661449133456	-10.108163918218	-18.6095178401463	-6.31509322216667	-8.90005572288783	-11.7962199119033	-10.3222887235709	-9.87868207209526	-13.9661449133456	-8.19796058856867	-10.8786820720953	-11.9661449133456	-6.08656166373282	-8.03540757578272	-19.1439162732725	-13.3811824126244	-12.6442168184582	-18.3791414185299	-10.4425829572886	-2.36669693181688	-12.9661449133456	-12.6442168184582	-19.1027753967423	-13.3811824126244	-9.79621991190329	-13.3811824126244	-18.4819570601872	-18.6943578872215	-14.9661449133456	-13.3811824126244	-8.33678829326599	-9.38118241262445	-12.6442168184582	-8.90005572288783	-7.4985393632626	-11.0592543177371	-9.5398801586435	-9.9661449133456	-13.3811824126244	-12.9661449133456	-13.3811824126244	-11.9661449133456	-18.1439162732725	-6.14916129009022	-8.6623641651685	-13.3811824126244	-13.9661449133456	-13.3811824126244	-12.6442168184582	-8.71821739990202	-10.718217399902	-9.2382244587824	-6.64421681845824	-1.26159279188332	-18.6592085149264	-11.3811824126244	-5.71111634352687	-11.5067132947083	-9.32228872357088	-8.02363040800636	-18.5482424388053	-18.1477514775078	-6.33314971620264	-11.2657051952045	-5.47228946410478	-14.9661449133456	-12.9661449133456	-11.158789991288	-4.093470033075	-5.52320141749687	-18.6924724781975	-10.0592543177371	-8.87868207209526	-19.0272850912691	-9.29371957137411	-4.84980095210813	-8.18478519982094	-18.7398201567927	-14.9661449133456	-19.6192062202956	-18.4849487344682	-8.98886498984569	-13.3811824126244	-7.67152416445397	-18.4668093519586
np1088	-11.2417738476207	-5.10637652930664	-10.0082837174009	-5.80737102347491	-11.4512272132496	-7.59947817183357	-10.5443366176411	-10.5932462181221	-12.643872291192	-14.8662647125285	-1.49462417791667	-10.0761877819027	-9.30148009374495	-11.9276652571926	-5.8082729897693	-11.2417738476207	-13.643872291192	-10.2224085227537	-5.98362166316663	-9.39594477774844	-10.5443366176411	-7.79659118472166	-18.6095178401463	-5.15373771208865	-9.32194419630466	-11.3219441963047	-11.643872291192	-8.156606464358	-12.4512272132496	-6.05355258030136	-11.9917955946123	-11.5932462181221	-7.53534783441386	-6.14402640410882	-16.4512272132496	-17.8543286673737	-9.61833719908489	-12.7507874951085	-12.2813022118073	-4.89855811573536	-14.4512272132496	-12.4512272132496	-19.1027753967423	-10.3851380227919	-9.75078749510854	-11.8073710234749	-12.1292991183623	-12.9917955946123	-18.9648879574086	-8.66986749972497	-9.10249905901855	-10.4288594002212	-12.5443366176411	-9.45122721324963	-6.16813886022563	-10.6183371990849	-11.7507874951085	-18.4544358573167	-14.8662647125285	-12.4512272132496	-13.1292991183623	-12.203299699806	-11.4970309028628	-4.98617104541845	-8.98362166316663	-13.643872291192	-10.8365173691344	-12.5443366176411	-13.8662647125285	-6.3744116161988	-6.2009287953433	-9.03337469836373	-7.08053980644241	-2.81732380390111	-18.6592085149264	-12.9917955946123	-7.26140265436961	-11.203299699806	-5.06374834740725	-5.09038012906997	-14.4512272132496	-14.8662647125285	-6.83467836947064	-3.86204424621028	-6.29767518154152	-14.4512272132496	-12.8662647125285	-13.643872291192	-6.09477524302788	-6.59791765784596	-14.1292991183623	-9.13834425796527	-8.35847007232978	-19.0272850912691	-10.203299699806	-7.10249905901855	-8.15201919486235	-11.3637643719993	-10.9917955946123	-13.4512272132496	-10.1292991183623	-9.3744116161988	-9.89663836157199	-8.93552737496559	-18.4668093519586
np1089	-10.5709503561064	-7.06193670861857	-11.9494619793602	-7.35252683697292	-17.4392911680949	-12.2713900742475	-12.2713900742475	-18.0189119165308	-19.1439162732725	-11.2713900742475	-2.75963742048014	-16.8818468512374	-11.6864275735264	-18.0467296909277	-6.76359543404882	-17.5323711460796	-19.5160539399953	-18.5202426739746	-7.19457447719669	-8.59896473227602	-18.4354667979437	-11.4640351521899	-18.6095178401463	-4.83676184661079	-10.0234625608039	-10.8119584556102	-10.4640351521899	-12.2713900742475	-18.129283016945	-7.94946197936015	-17.7361574621684	-11.9494619793602	-9.41340907911994	-7.46403515218991	-14.2713900742475	-11.9494619793602	-11.1014650728052	-18.3791414185299	-10.1014650728052	-2.02049953852418	-17.431970894603	-18.9310914392741	-19.1027753967423	-17.6755849574782	-8.51650257208405	-18.6943578872215	-18.4819570601872	-18.6943578872215	-18.9648879574086	-18.4544358573167	-9.41340907911994	-6.99526566897328	-18.0315827535454	-9.02346256080393	-8.24902226121906	-10.8119584556102	-10.5709503561064	-18.4544358573167	-19.1611220392346	-11.2713900742475	-14.2713900742475	-13.2713900742475	-12.2713900742475	-6.38874702488568	-8.84512531954542	-18.4392911680949	-17.786116445496	-17.7069141533982	-18.3552564508737	-8.87907265146876	-7.89635064290059	-10.1839272329972	-7.37657231093957	-1.71129611660502	-18.6592085149264	-14.2713900742475	-6.56403094216663	-17.0733884685424	-8.364499478639	-7.46403515218991	-18.5482424388053	-18.1477514775078	-6.91383806962943	-7.86199913810982	-6.65668023013231	-18.6592085149264	-19.6192062202956	-11.6864275735264	-5.75963742048014	-5.87478529306566	-18.6924724781975	-12.2713900742475	-9.81195845561022	-19.0272850912691	-10.2713900742475	-3.63476545370387	-9.87907265146876	-18.7398201567927	-17.786116445496	-19.6192062202956	-18.4849487344682	-8.94946197936016	-12.6864275735264	-7.54346961968432	-18.4668093519586
np1090	-18.4462271471724	-3.47548919098429	-15.5280572417884	-7.72392622060512	-17.4392911680949	-18.6943578872215	-14.5280572417884	-18.0189119165308	-16.5280572417884	-17.7604210873886	-0.841502001783443	-11.2061291469011	-6.33823268290842	-18.0467296909277	-2.16529149763448	-8.65769252220504	-19.5160539399953	-18.5202426739746	-17.8816397677299	-21.5160539399953	-18.4354667979437	-13.7207023197308	-18.6095178401463	-13.9430947410673	-17.6943578872215	-13.7207023197308	-13.5280572417884	-16.7702939501526	-18.129283016945	-10.4405944005381	-17.7361574621684	-17.6240100514525	-11.5738609314016	-6.99472750948261	-19.1439162732725	-11.8276175236473	-17.9865309296644	-18.3791414185299	-14.2061291469011	-9.36818590501005	-17.431970894603	-18.9310914392741	-19.1027753967423	-17.6755849574782	-8.26127070109354	-18.6943578872215	-18.4819570601872	-15.5280572417884	-18.9648879574086	-11.0362041454588	-6.44324885398408	-11.5738609314016	-18.0315827535454	-16.5280572417884	-6.82069810970756	-13.9430947410673	-17.9797712684366	-12.3581322403461	-14.2061291469011	-17.9797712684366	-17.846702404935	-18.4212348069659	-12.2061291469011	-18.6592085149264	-11.7207023197308	-18.4392911680949	-12.2801297283449	-9.92814439960131	-18.3552564508737	-6.91150839800945	-16.646333693381	-11.0686256231511	-16.5280572417884	-18.6592085149264	-18.6592085149264	-17.687608057609	-21.5160539399953	-14.5280572417884	-9.45124164473761	-9.74669752826378	-18.5482424388053	-11.8276175236473	-9.80013678722524	-18.6583509692635	-15.5280572417884	-18.6592085149264	-19.6192062202956	-19.1611220392346	-11.7207023197308	-14.5280572417884	-13.5280572417884	-14.2061291469011	-18.129283016945	-11.2061291469011	-12.3581322403461	-7.70150875449753	-4.24815652598568	-18.7398201567927	-12.8276175236473	-19.6192062202956	-15.5280572417884	-16.7803347081239	-18.1166993110972	-15.5280572417884	-18.4668093519586
np1093	-6.56057041650437	-6.35816779154489	-14.7179173518672	-7.7406374283673	-6.21409161387147	-18.6943578872215	-9.04549200989572	-13.7179173518672	-19.1439162732725	-17.7604210873886	-3.71932692212189	-13.7179173518672	-6.32774839566703	-12.9105624298096	-5.61331859830285	-10.432515133005	-19.5160539399953	-18.5202426739746	-17.8816397677299	-21.5160539399953	-6.93655763834256	-9.11800450968009	-18.6095178401463	-9.11800450968009	-17.6943578872215	-10.2916525971651	-9.45113081117231	-7.47474336839426	-18.129283016945	-5.25133101414797	-17.7361574621684	-14.7179173518672	-5.34287792052029	-5.87242730092284	-19.1439162732725	-11.7179173518672	-17.9865309296644	-18.3791414185299	-7.02094982563293	-4.42042785070624	-14.7179173518672	-9.56817023236253	-19.1027753967423	-9.5479923504249	-9.00367183420109	-12.1329548511461	-12.9105624298096	-13.3959892569799	-18.9648879574086	-13.3959892569799	-4.94066203667529	-6.91056242980961	-12.7179173518672	-8.97645036546607	-9.27497385601849	-7.78718001430433	-17.9797712684366	-4.35214171654095	-13.7179173518672	-10.8599363567396	-17.846702404935	-11.2584857332299	-6.7406374283673	-6.67899836257491	-7.88502733770247	-12.7179173518672	-17.786116445496	-12.9105624298096	-18.3552564508737	-7.92350148551711	-9.10320750775201	-8.68449435032977	-7.1105870381176	-1.3729973359185	-18.6592085149264	-15.7179173518672	-21.5160539399953	-9.96302984970375	-16.7398201567927	-4.55615560856254	-9.93655763834256	-13.1329548511461	-6.42100114498793	-18.6583509692635	-4.59767947452526	-13.1329548511461	-19.6192062202956	-9.8110267562587	-6.70948872979664	-5.7916213570861	-18.6924724781975	-14.7179173518672	-18.129283016945	-8.7406374283673	-7.56309924281511	-5.82309958855927	-5.5745341378774	-10.5084639862383	-12.3959892569799	-19.6192062202956	-9.93655763834256	-10.8110267562587	-18.1166993110972	-12.3959892569799	-18.4668093519586
np1096	-18.4462271471724	-6.81857460557034	-11.7323188722199	-7.65093054537927	-11.5396737942775	-18.6943578872215	-5.29412108802184	-13.9547112935564	-19.1439162732725	-17.7604210873886	-3.65474014632776	-10.7847862921141	-8.1998237913929	-18.0467296909277	-3.82628727934049	-14.5396737942775	-19.5160539399953	-12.5396737942775	-1.25636835861373	-21.5160539399953	-7.98508494259989	-6.27054711512811	-10.4952796749191	-9.1646343629306	-17.6943578872215	-10.8392340761364	-12.7323188722199	-7.76488673467635	-12.5396737942775	-5.94534919035268	-17.7361574621684	-13.2177456993902	-10.3302204286486	-5.54532035741867	-19.1439162732725	-11.5396737942775	-10.1473563714988	-10.1821217896594	-12.7323188722199	-4.07054077444793	-17.431970894603	-18.9310914392741	-14.5396737942775	-7.22226118051266	-9.03187915407883	-18.6943578872215	-15.5396737942775	-10.8392340761364	-18.9648879574086	-12.0802421756402	-8.06394036331113	-9.08024217564023	-10.4103907773326	-7.22679083899317	-7.55098910750536	-9.81175333971433	-13.2177456993902	-12.7323188722199	-12.7323188722199	-10.0478206979479	-17.846702404935	-9.81175333971433	-7.32535467347676	-8.78478629211406	-7.7714894695006	-13.9547112935564	-10.3697487928352	-12.5396737942775	-18.3552564508737	-8.33022042864858	-5.26821076637315	-8.65703074491568	-10.4952796749191	-3.64031687135441	-7.25890302414692	-17.687608057609	-21.5160539399953	-11.5396737942775	-8.69418374333315	-5.8886221030986	-18.5482424388053	-13.2177456993902	-4.74201226842376	-18.6583509692635	-9.0967302984288	-18.6592085149264	-19.6192062202956	-6.60303585527495	-7.25890302414692	-9.25427157541528	-18.6924724781975	-9.56239387077761	-10.5396737942775	-8.58547748389065	-12.3697487928352	-8.27288725358262	-7.43114933749936	-18.7398201567927	-10.3697487928352	-19.6192062202956	-8.7714894695006	-11.1473563714988	-10.1473563714988	-8.74525792792742	-18.4668093519586
np1098	-9.11865968411169	-8.59888135215068	-11.5868085198501	-6.31130476205409	-10.1013816926799	-18.6943578872215	-11.686344193401	-12.9087366147375	-13.4936991154586	-17.7604210873886	-4.63805194943135	-11.5868085198501	-10.7388116132952	-13.4936991154586	-7.00184601912895	-12.9087366147375	-15.4936991154586	-18.5202426739746	-15.4936991154586	-21.5160539399953	-10.9701371594016	-11.0342674968213	-18.6095178401463	-11.3237741140163	-17.6943578872215	-10.4493049961002	-8.25529437613354	-8.75223212905747	-18.129283016945	-7.36441609851365	-14.4936991154586	-17.6240100514525	-5.1494032075428	-7.89378627327149	-19.1439162732725	-13.9087366147375	-17.9865309296644	-18.3791414185299	-13.4936991154586	-5.59736671154868	-14.4936991154586	-11.4936991154586	-15.4936991154586	-12.1717710205713	-12.3237741140163	-13.9087366147375	-18.4819570601872	-12.686344193401	-15.4936991154586	-10.9087366147375	-7.55706117645605	-15.4936991154586	-15.4936991154586	-11.9087366147375	-7.22223608755425	-10.0018460191289	-17.9797712684366	-18.4544358573167	-19.1611220392346	-13.9087366147375	-17.846702404935	-10.5868085198501	-18.1439162732725	-9.10138169267986	-9.71233940193396	-13.4936991154586	-13.1717710205713	-12.9087366147375	-18.3552564508737	-8.84984292568389	-6.07373893761073	-11.5868085198501	-6.27211199419382	-2.17163013926253	-18.6592085149264	-17.687608057609	-21.5160539399953	-11.245771602015	-8.67352015304343	-7.27937999465785	-13.9087366147375	-18.1477514775078	-8.67352015304343	-0.884058641021808	-8.00184601912895	-13.1717710205713	-13.9087366147375	-19.1611220392346	-5.90124207819054	-6.26728692266983	-18.6924724781975	-9.97013715940161	-15.4936991154586	-19.0272850912691	-15.4936991154586	-9.84984292568389	-10.245771602015	-18.7398201567927	-17.786116445496	-19.6192062202956	-8.97013715940161	-10.5868085198501	-12.9087366147375	-10.2082968965964	-18.4668093519586
np1101	-18.4462271471724	-5.55978677249476	-9.98863007129864	-5.74070255785505	-17.4392911680949	-18.6943578872215	-11.5191447879974	-18.0189119165308	-19.1439162732725	-17.7604210873886	-1.03108151316179	-8.88171486738212	-6.98171065735884	-18.0467296909277	-4.48572178645996	-17.5323711460796	-19.5160539399953	-9.88171486738212	-5.22554541616855	-21.5160539399953	-18.4354667979437	-5.87528859822269	-11.5191447879974	-5.246126293591	-9.26280503473763	-10.1655078333827	-10.4411422759961	-9.68906978943973	-18.129283016945	-6.54441154660784	-17.7361574621684	-17.6240100514525	-8.88171486738212	-7.18922390235652	-8.93418228727626	-14.6890697894397	-8.3140303580928	-11.8817148673821	-11.3671416945524	-5.84044684901039	-17.431970894603	-11.6890697894397	-19.1027753967423	-9.33151778482164	-10.1041072887186	-10.3671416945524	-13.6890697894397	-18.6943578872215	-18.9648879574086	-18.4544358573167	-8.10410728871857	-13.1041072887186	-12.1041072887186	-7.22963817080243	-6.56494847761054	-9.88171486738212	-10.4411422759961	-18.4544358573167	-6.84357973849535	-10.8817148673821	-17.846702404935	-10.1041072887186	-18.1439162732725	-6.72906785737165	-8.49924523055971	-13.1041072887186	-10.5191447879974	-12.1041072887186	-10.296752366661	-7.40366757057748	-16.646333693381	-8.40366757057748	-5.39905094250711	-5.53678494713315	-18.6592085149264	-9.93418228727626	-6.0891569472526	-9.83108879431215	-6.17731713567235	-8.96114933487653	-18.5482424388053	-13.1041072887186	-4.72617378410247	-18.6583509692635	-6.30105250409459	-13.6890697894397	-11.1041072887186	-19.1611220392346	-4.54441154660784	-5.52416286276404	-11.1041072887186	-7.03085830668793	-11.8817148673821	-19.0272850912691	-18.4819570601872	-7.9208854646628	-7.3140303580928	-18.7398201567927	-10.9886300712986	-19.6192062202956	-9.44114227599614	-11.5191447879974	-11.2296381708024	-5.55978677249476	-18.4668093519586
np1103	-18.4462271471724	-7.13776640120134	-8.0458439117603	-3.60146805421867	-17.4392911680949	-18.6943578872215	-9.10029169578268	-18.0189119165308	-19.1439162732725	-17.7604210873886	-1.70324790507567	-6.56232667459869	-7.52150776999065	-18.0467296909277	-4.88286211057818	-12.5783389925873	-12.3856939146449	-7.99337649186617	-3.68135794346261	-21.5160539399953	-18.4354667979437	-5.4112793248394	-18.6095178401463	-4.66118006152498	-9.47880331903641	-8.65777346008173	-11.5783389925873	-7.24614256224613	-18.129283016945	-6.08648589625765	-11.2157689132026	-17.6240100514525	-6.00198962217087	-5.30620913081811	-19.1439162732725	-14.3856939146449	-9.95942915994283	-9.65777346008173	-12.0637658197576	-4.34266663105038	-17.431970894603	-13.8007314139238	-19.1027753967423	-8.81583830631398	-10.1002916957827	-7.63080641248146	-18.4819570601872	-11.0637658197576	-18.9648879574086	-18.4544358573167	-8.97630297850722	-10.6852541965038	-10.7418377248702	-8.03696576041385	-7.01937170039911	-11.2982310733946	-17.9797712684366	-18.4544358573167	-19.1611220392346	-10.9933764918662	-17.846702404935	-9.95942915994283	-11.1377664012013	-8.06376581975756	-7.77098407052972	-18.4392911680949	-7.75633729456532	-13.8007314139238	-13.3856939146449	-6.82345149042385	-13.8007314139238	-7.9427504187962	-5.33312586384077	-5.14967972274484	-18.6592085149264	-13.3856939146449	-7.29823107339459	-8.17624054901598	-5.81583830631398	-9.23594679514024	-13.0637658197576	-11.6852541965038	-6.02814191002684	-18.6583509692635	-6.29293677372507	-11.6852541965038	-9.99337649186617	-19.1611220392346	-6.16652539418276	-6.6714483969788	-13.0637658197576	-8.08191316646782	-12.5783389925873	-19.0272850912691	-11.2982310733946	-6.60105906908741	-4.00361032450296	-18.7398201567927	-11.1377664012013	-13.3856939146449	-10.9933764918662	-9.80073141392377	-9.27716945786676	-5.99983151400347	-15.3856939146449
np1105	-11.1325077624293	-5.14240379857181	-10.1506551091396	-5.37929101325036	-12.4544358573167	-8.76094889981735	-9.30468873781199	-10.7539961391756	-11.4320680442882	-13.9950042386794	-1.07312949939918	-10.0707315648426	-8.962582760987	-11.810579667542	-5.8323840378603	-12.2449824916877	-13.4544358573167	-10.946641217118	-7.10018647537144	-8.36167871639682	-10.2945645205383	-8.28952893064099	-18.6095178401463	-5.80293563666394	-9.67307614379202	-10.4544358573167	-11.304688737812	-8.59334895132128	-11.4544358573167	-6.12016257200949	-11.5475452617082	-10.7820105153452	-8.39915342181549	-5.8898099945213	-16.4544358573167	-11.2449824916877	-10.5475452617082	-11.9308739012597	-11.673076143792	-5.05089117911466	-17.431970894603	-13.8694733565955	-15.4544358573167	-10.3991534218155	-9.13250776242931	-11.2646112984367	-12.6470809352591	-12.5475452617082	-13.8694733565955	-17.4544358573167	-8.47144228262237	-10.7962243745649	-12.3251528403717	-8.93479960447346	-6.4244585107271	-10.7962243745649	-11.3251528403717	-17.4544358573167	-15.1325077624293	-11.899847005639	-11.7265154027535	-12.9308739012597	-12.810579667542	-4.38230325314944	-9.21126187384372	-14.1325077624293	-10.7539961391756	-12.0968838526986	-12.2449824916877	-5.83055436730322	-5.68253377661896	-9.22081618055697	-6.04292486930461	-3.34836371294419	-18.6592085149264	-11.5475452617082	-7.18882081083222	-10.1690336384544	-6.30341931842443	-5.93824337943731	-13.5475452617082	-15.1325077624293	-7.18999325709007	-7.77144127363499	-6.26522902271965	-14.4544358573167	-12.5964548621891	-15.1325077624293	-5.74019033965055	-5.86478471080189	-14.8694733565955	-9.55356904933593	-8.83605035505807	-16.4544358573167	-10.3148845049179	-7.92110612501084	-8.71634359769619	-12.1690336384544	-10.8845802489857	-15.1325077624293	-10.0032247454843	-9.48865157265459	-11.0114923614679	-8.59956747405644	-18.4668093519586
np1107	-11.3624461446373	-7.42123547584489	-14.5323711460796	-10.6016338085167	-8.83888418858027	-18.6943578872215	-4.33853781353305	-13.725016224022	-19.1439162732725	-17.7604210873886	-5.934318645918	-12.6254805504711	-4.13149170979741	-16.5323711460796	-2.71919120306501	-16.5323711460796	-19.5160539399953	-16.5323711460796	-3.48712341150135	-21.5160539399953	-12.0088091900226	-7.50170400983266	-9.51000333305114	-11.0088091900226	-17.6943578872215	-10.4238466893014	-14.2104430511922	-6.26910194570694	-18.129283016945	-5.35806960161197	-17.7361574621684	-17.6240100514525	-9.64972809671776	-6.27262788238882	-19.1439162732725	-9.613507908805	-14.9474086453584	-12.4449083048293	-14.9474086453584	-6.08735630021118	-17.431970894603	-18.9310914392741	-15.5323711460796	-10.8044506915164	-5.37186939852391	-18.6943578872215	-16.5323711460796	-10.2285903979025	-18.9648879574086	-12.6254805504711	-9.49894814454215	-8.3278000018304	-12.725016224022	-10.9176613019644	-8.8599458041081	-11.8319314279385	-17.9797712684366	-7.47708871057841	-10.725016224022	-12.4449083048293	-17.846702404935	-10.3229177804506	-8.70582265878868	-8.48797702672115	-11.7774836439161	-18.4392911680949	-15.5323711460796	-11.725016224022	-15.5323711460796	-10.0245765058809	-8.88851495630487	-12.0729395274423	-10.8885149563049	-1.12347754808215	-12.9474086453584	-17.687608057609	-13.725016224022	-11.6254805504711	-10.1573317147327	-8.39794482585867	-14.2104430511922	-18.1477514775078	-6.85817887793391	-18.6583509692635	-12.3624461446373	-16.5323711460796	-14.2104430511922	-9.54368645930743	-8.94740864535844	-14.5323711460796	-18.6924724781975	-13.0729395274423	-13.9474086453584	-9.0245765058809	-13.2104430511922	-5.88761355356334	-9.77748364391613	-18.7398201567927	-17.786116445496	-19.6192062202956	-11.4449083048293	-8.52114389065634	-13.725016224022	-9.43433906311907	-18.4668093519586
np1108	-18.4462271471724	-6.1498418908716	-11.9680035678858	-6.55771959857757	-14.6309685806082	-18.6943578872215	-10.6923691252724	-11.6923691252724	-13.894002986442	-17.7604210873886	-2.8045525053261	-10.7564994626921	-11.8236136585506	-13.6309685806082	-5.70121702719088	-14.2159310813294	-14.6309685806082	-12.4085761592718	-4.61741327071675	-21.5160539399953	-11.5154913631883	-8.63096858060821	-13.6309685806082	-5.53997404838762	-11.3579500862018	-18.3791414185299	-11.6923691252724	-11.2159310813294	-12.5154913631883	-6.81078961819303	-17.7361574621684	-12.4085761592718	-7.10479541109466	-6.52943055414615	-19.1439162732725	-17.8543286673737	-9.66134222965173	-14.6309685806082	-12.128468240079	-5.00343469613542	-17.431970894603	-13.4085761592718	-19.1027753967423	-12.7564994626921	-9.30904048572085	-18.6943578872215	-13.894002986442	-12.3090404857209	-18.9648879574086	-15.2159310813294	-8.03105573842108	-11.7564994626921	-12.6309685806082	-7.18250807979192	-6.39256384128313	-10.7896663266273	-13.4085761592718	-18.4544358573167	-19.1611220392346	-11.1715369619709	-17.846702404935	-14.6309685806082	-14.2159310813294	-7.97275709785642	-8.16608253187881	-14.2159310813294	-11.5720748915546	-13.894002986442	-13.2159310813294	-6.76266044731875	-4.28630279830481	-8.69236912527236	-8.96800356788578	-1.11592585690665	-6.19912279364282	-17.687608057609	-21.5160539399953	-14.2159310813294	-7.39256384128313	-4.2089038144354	-18.5482424388053	-18.1477514775078	-8.67677227022134	-18.6583509692635	-7.42802852193794	-18.6592085149264	-19.6192062202956	-19.1611220392346	-5.93980667605513	-6.93980667605513	-18.6924724781975	-10.0460060798871	-7.54350573935787	-19.0272850912691	-10.8583790767113	-9.43457136780471	-8.66134222965173	-18.7398201567927	-10.1715369619709	-19.6192062202956	-9.84089164998244	-11.2159310813294	-12.2159310813294	-8.03105573842108	-18.4668093519586
np1112	-18.4462271471724	-5.35191096110308	-10.443226127849	-8.7128331876063	-8.2588015567116	-18.6943578872215	-9.20221802834523	-10.5103403237076	-12.0953028244287	-17.7604210873886	-6.65473023304273	-13.9026577464863	-2.6023051861581	-13.9026577464863	-5.77853643465713	-12.9026577464863	-19.5160539399953	-18.5202426739746	-8.69320438085737	-21.5160539399953	-10.580729651599	-8.54510574186824	-6.87475174991644	-4.89843728016812	-12.3176952457652	-10.580729651599	-9.37909579042931	-6.48480523160042	-18.129283016945	-6.08567412323094	-14.9026577464863	-17.6240100514525	-7.06976773232158	-5.20395307971598	-12.9026577464863	-8.12129803296166	-9.2588015567116	-18.3791414185299	-10.580729651599	-3.07016326215021	-17.431970894603	-13.3176952457652	-19.1027753967423	-17.6755849574782	-8.09530282442872	-10.0953028244287	-18.4819570601872	-18.6943578872215	-18.9648879574086	-7.1884122288202	-7.02001469712448	-8.73273274504401	-11.9026577464863	-6.96014324114708	-8.88028993345787	-11.0953028244287	-12.9026577464863	-7.2588015567116	-19.1611220392346	-11.0953028244287	-17.846702404935	-6.61725552762407	-9.85826362712787	-10.443226127849	-9.31769524576516	-18.4392911680949	-17.786116445496	-17.7069141533982	-12.0953028244287	-13.9026577464863	-7.89143049106307	-6.64999231403607	-8.51034032370756	-1.82067507716064	-18.6592085149264	-11.2022180283452	-4.38794369234783	-9.14777024432285	-14.9026577464863	-5.07293501140026	-11.580729651599	-18.1477514775078	-4.95721391010841	-18.6583509692635	-11.0953028244287	-14.9026577464863	-12.3176952457652	-14.9026577464863	-5.42287748245722	-7.11475518709489	-9.65473023304273	-11.2022180283452	-12.580729651599	-19.0272850912691	-18.4819570601872	-6.35962592623108	-6.19185131278697	-18.7398201567927	-17.786116445496	-19.6192062202956	-8.65473023304273	-6.74783963743422	-12.3176952457652	-9.73273274504401	-14.9026577464863
np1113	-10.7059203217084	-5.62160403577495	-8.12095782098726	-8.20341998117924	-17.4392911680949	-14.4608078238719	-12.2908828224296	-10.0345430691698	-19.1439162732725	-10.7059203217084	-3.30598971481979	-12.2908828224296	-10.8758453231507	-13.4608078238719	-6.7603681057308	-13.4608078238719	-19.5160539399953	-18.5202426739746	-8.31106070436721	-9.87584532315073	-14.4608078238719	-9.12095782098726	-18.6095178401463	-4.96295598692077	-7.74656230620577	-12.8758453231507	-10.2128803104283	-11.1388797289845	-18.129283016945	-6.87960724194693	-13.1388797289845	-14.4608078238719	-7.51829331853265	-6.85347751012228	-19.1439162732725	-17.8543286673737	-17.9865309296644	-13.4608078238719	-16.8252817996473	-2.0580622013762	-12.4608078238719	-13.8758453231507	-13.8758453231507	-11.8758453231507	-10.6028268287443	-12.0013762052346	-13.4608078238719	-15.4608078238719	-18.9648879574086	-15.4608078238719	-7.5419445865973	-8.14792486858753	-12.1388797289845	-7.92942636335558	-7.91391336398425	-10.4608078238719	-12.4608078238719	-11.0684904010931	-9.70592032170842	-10.9372458678149	-17.846702404935	-12.2908828224296	-18.1439162732725	-7.36277574091136	-7.31614958104001	-12.2908828224296	-13.4608078238719	-10.3315248069269	-12.6534529018143	-8.61531777292751	-10.3733449826215	-10.6534529018143	-7.09448560962607	-2.19577888141373	-8.12989094575727	-12.6534529018143	-4.63346511963777	-11.4608078238719	-14.4608078238719	-8.90621897219425	-18.5482424388053	-18.1477514775078	-4.32573987809407	-11.4608078238719	-5.09996073969223	-14.4608078238719	-13.4608078238719	-10.3315248069269	-3.91971120852237	-5.92942636335558	-18.6924724781975	-9.37334498262155	-9.70592032170842	-11.7603681057308	-11.0013762052346	-4.19753862349923	-7.45518327467801	-15.4608078238719	-10.8758453231507	-13.8758453231507	-14.4608078238719	-7.71934083747074	-18.1166993110972	-6.92553244725109	-18.4668093519586
np1115	-10.0092153035018	-4.59164720360759	-12.1273967298501	-8.88132238948196	-10.5901309711602	-18.6943578872215	-9.02551711583086	-13.0255171158309	-10.899986233747	-14.3150237330258	-4.3921915935483	-11.4188595440104	-9.08406929818597	-15.1630206395808	-4.90139580400167	-13.899986233747	-15.899986233747	-15.1630206395808	-11.5076688109682	-9.51916444980607	-4.12245692842209	-9.60230568510631	-8.61150462195278	-3.74590653477837	-11.9930956381385	-11.5542113969053	-10.1995465156059	-7.32507739768977	-18.129283016945	-6.09531739520763	-17.7361574621684	-13.5780581388596	-5.64574494637121	-6.86931909750006	-19.1439162732725	-8.0378655082585	-14.899986233747	-8.38691665150763	-5.34603701632541	-4.7294351984303	-14.0255171158309	-12.3974858932178	-15.1630206395808	-12.3974858932178	-4.63008035120792	-11.7845090163271	-5.26608282439848	-12.1995465156059	-15.4849487344682	-7.13843500130252	-7.4821337188611	-12.9613867784111	-14.3150237330258	-12.1630206395808	-5.58445924963351	-9.92270631024708	-10.5076688109682	-11.8125233924967	-13.5780581388596	-8.76727231140176	-7.81961281728298	-9.18116798629105	-14.6775938124106	-4.95161900216232	-8.58408192648741	-18.4392911680949	-13.6775938124106	-13.4849487344682	-16.4849487344682	-8.34795762238793	-11.2754953688392	-11.1273967298501	-7.47092826415322	-1.77301294742768	-18.6592085149264	-12.899986233747	-5.19262710166612	-11.5307524240813	-10.6775938124106	-9.01327352007611	-11.9613867784111	-15.1630206395808	-8.31002305196748	-7.26699103660404	-5.75617788492549	-15.4849487344682	-13.3150237330258	-15.899986233747	-4.98809495708011	-5.44089620266685	-12.899986233747	-9.28037759021895	-12.1995465156059	-19.0272850912691	-12.6775938124106	-12.8410925446934	-8.56310779739367	-18.7398201567927	-14.3150237330258	-14.4849487344682	-17.4849487344682	-6.50838461105283	-13.0926313116894	-4.94748763983514	-18.4668093519586
np1116	-18.4462271471724	-5.31771310881241	-8.91441444599033	-6.04380796770659	-13.5868397879618	-18.6943578872215	-10.6799491923533	-18.0189119165308	-19.1439162732725	-17.7604210873886	-1.83466824279938	-8.28305903978472	-8.60955986446191	-13.0018772872407	-5.68899433195631	-17.5323711460796	-19.5160539399953	-9.45755677101686	-3.46271847613264	-21.5160539399953	-18.4354667979437	-7.09498669163215	-11.7794848659042	-5.42949285259898	-12.5868397879618	-10.8864000698207	-11.7794848659042	-6.05156441134102	-18.129283016945	-5.96478796850545	-11.1274081693245	-17.6240100514525	-7.92862830521003	-5.5397158758478	-9.19452236518307	-17.8543286673737	-9.83195228579836	-12.5868397879618	-10.2649116930745	-4.34128708170614	-17.431970894603	-11.5868397879618	-19.1027753967423	-9.06327783190481	-9.83195228579836	-9.19452236518307	-18.4819570601872	-12.0018772872407	-18.9648879574086	-18.4544358573167	-7.09498669163215	-11.5868397879618	-11.2649116930745	-7.4888077050013	-4.94478809503385	-9.88640006982073	-17.9797712684366	-18.4544358573167	-19.1611220392346	-17.9797712684366	-17.846702404935	-8.67994919235331	-10.4169147865195	-7.53155735246064	-9.77948486590422	-18.4392911680949	-9.26491169307447	-12.2649116930745	-14.5868397879618	-7.90033926077861	-14.5868397879618	-8.22928778334374	-6.84537280156068	-3.29566908863997	-18.6592085149264	-17.687608057609	-5.90033926077861	-9.54244566860337	-4.38104653856467	-10.3389122745182	-13.0018772872407	-18.1477514775078	-5.78917826210807	-18.6583509692635	-7.03994532807419	-12.2649116930745	-10.0632778319048	-14.5868397879618	-5.71956104825216	-5.66797655068723	-18.6924724781975	-7.8725942702957	-18.129283016945	-19.0272850912691	-18.4819570601872	-7.41691478651951	-6.57003150027527	-18.7398201567927	-11.7794848659042	-19.6192062202956	-6.83195228579836	-10.6799491923533	-10.6799491923533	-3.80057016031336	-18.4668093519586
np1119	-18.4462271471724	-5.8883319630855	-8.01898832143916	-5.60846630328281	-9.81735446026951	-18.6943578872215	-11.1185239949901	-9.11852399499007	-11.0678979219201	-17.7604210873886	-3.36220595722016	-10.37129006537	-5.16100732631159	-11.8384160757973	-4.77106080799557	-12.3409164163265	-13.3409164163265	-18.5202426739746	-7.41017907876363	-21.5160539399953	-10.9716826066608	-7.07725597661834	-8.07412987563162	-4.01898832143916	-11.282022727273	-11.2254391989066	-9.41808427684898	-5.69465773633649	-14.9258789170477	-5.19116929682184	-12.9258789170477	-15.9258789170477	-6.93435707097198	-5.2658830246177	-14.9258789170477	-10.0678979219201	-8.04936197048268	-11.7559539156054	-10.7559539156054	-3.25854557544252	-17.431970894603	-18.9310914392741	-19.1027753967423	-17.6755849574782	-7.70187724284957	-9.62209816887057	-18.4819570601872	-18.6943578872215	-18.9648879574086	-9.13146305069757	-7.12821739119392	-8.67795140360409	-12.4664472984104	-5.96009463238559	-6.59048856235375	-11.2254391989066	-11.4023169609907	-6.98629970273298	-19.1611220392346	-10.6039508221603	-17.846702404935	-6.43803888322463	-9.6970602265518	-7.35602330871673	-8.59496203893306	-18.4392911680949	-9.99514157948479	-13.6039508221603	-11.6779514036041	-8.34091641632652	-6.28925429650403	-7.13146305069757	-7.26766743429588	-2.64322482732126	-18.6592085149264	-8.15769459227075	-3.85106845588722	-9.31116907293247	-7.46644729841038	-5.18525487255826	-12.0189883214392	-14.3409164163265	-4.82653110664448	-18.6583509692635	-8.434025820718	-13.9258789170477	-11.6039508221603	-14.9258789170477	-4.47055169674312	-7.04323586768584	-11.4664472984104	-7.89245591551023	-11.2254391989066	-19.0272850912691	-15.9258789170477	-5.09536371007084	-8.54217462457362	-18.7398201567927	-13.9258789170477	-19.6192062202956	-9.40231696099066	-7.98336441170844	-11.6039508221603	-6.47055169674312	-11.1709914148842
np1121	-18.4462271471724	-5.41900836622898	-11.3406204675443	-6.57345463560236	-12.4560976849642	-14.0410601856854	-9.54920708935568	-12.2337052636278	-14.0410601856854	-10.5816285670481	-1.62149496017125	-11.871135184243	-9.91177716874039	-15.0410601856854	-6.00214119639306	-13.4560976849642	-19.5160539399953	-18.5202426739746	-6.65735589321131	-8.48647133400772	-11.4560976849642	-8.53326554548666	-18.6095178401463	-4.719132090798	-8.31313973112216	-10.719132090798	-11.0410601856854	-11.1341695900768	-12.2337052636278	-6.23370526362775	-13.0410601856854	-10.2337052636278	-7.95359734443502	-6.60643195804863	-15.0410601856854	-12.719132090798	-10.1830791905578	-18.3791414185299	-10.719132090798	-4.66928354134743	-12.0410601856854	-18.9310914392741	-19.1027753967423	-10.1830791905578	-9.61479543098326	-11.719132090798	-13.0410601856854	-12.4560976849642	-18.9648879574086	-13.4560976849642	-7.80265544636028	-11.5816285670481	-12.4560976849642	-7.77427364499046	-6.89640194285348	-11.3406204675443	-9.36863484371386	-11.3406204675443	-19.1611220392346	-17.9797712684366	-13.0410601856854	-11.5816285670481	-14.0410601856854	-5.84630333126311	-8.51749822962834	-13.4560976849642	-11.719132090798	-12.719132090798	-11.5816285670481	-7.44114734349823	-4.52437523637575	-8.51749822962834	-7.34757322818603	-2.08740935203605	-18.6592085149264	-10.5816285670481	-6.24664431933525	-11.2337052636278	-7.0186923726569	-6.71463069856305	-18.5482424388053	-18.1477514775078	-7.20817017152062	-5.4080649885424	-6.28951612659626	-14.0410601856854	-13.4560976849642	-19.1611220392346	-4.83038884189974	-5.58778955167474	-13.0410601856854	-7.64018074940317	-8.56532675471896	-19.0272850912691	-8.32681466801924	-9.18307919055779	-9.4560976849642	-11.871135184243	-11.871135184243	-19.6192062202956	-13.0410601856854	-8.50190137457733	-10.953597344435	-7.27950895324088	-18.4668093519586
np1122	-18.4462271471724	-6.56525883238692	-8.24167748933857	-6.00132319559979	-11.649181315932	-18.6943578872215	-10.5711788039307	-7.30143692924051	-10.4097153812366	-17.7604210873886	-2.516967226069	-10.3433728864079	-5.71975850697113	-12.0642188152109	-5.49099242254066	-12.9122157217658	-13.0117513953167	-16.8191063173743	-7.70276235613685	-21.5160539399953	-11.497178222487	-6.70406266721261	-7.25877348316188	-4.26739805575363	-9.96112532224675	-11.3272532210446	-8.70016524465081	-6.11520274392966	-13.497178222487	-5.62619709826231	-11.2955443613173	-13.8191063173743	-7.54531071816006	-5.40812505033053	-14.0117513953167	-9.70016524465081	-6.53601796435032	-13.649181315932	-10.2955443613173	-3.457299584251	-17.431970894603	-13.359674698737	-19.1027753967423	-17.6755849574782	-6.97518526608529	-10.2341438166532	-14.497178222487	-15.8191063173743	-18.9648879574086	-9.15377040018915	-6.85043952417911	-9.93646326801248	-13.0117513953167	-5.0340626025946	-7.15377040018915	-10.7747121980159	-9.21919347518719	-6.91823950939357	-19.1611220392346	-10.497178222487	-17.846702404935	-6.61943397253796	-10.5153255691972	-6.08609099568836	-8.05755508492984	-13.2341438166532	-10.7747121980159	-15.2341438166532	-11.5337040985121	-8.7158185089623	-3.97990252927738	-7.62681350290355	-6.36069970413779	-3.46540810832629	-18.6592085149264	-6.88984790873735	-4.3212544804232	-9.19705449791794	-8.61453517312512	-5.5499796382249	-14.497178222487	-14.8191063173743	-5.30488540801619	-18.6583509692635	-8.57593233390137	-15.8191063173743	-11.2341438166532	-15.2341438166532	-4.86855042032681	-7.99892735495913	-11.0642188152109	-6.85765662297613	-10.4097153812366	-19.0272850912691	-16.8191063173743	-5.38708647056183	-8.74229072032349	-15.8191063173743	-13.497178222487	-19.6192062202956	-9.56171847468167	-9.75301712691655	-11.9122157217658	-4.75301712691655	-11.1186665992332
np1123	-18.4462271471724	-6.40096191370279	-10.509486370481	-6.94470175169744	-17.4392911680949	-18.6943578872215	-11.2870939491445	-18.0189119165308	-19.1439162732725	-17.7604210873886	-1.05176349898277	-9.50948637048096	-6.69356943491993	-18.0467296909277	-4.43623738845032	-13.0944488712021	-19.5160539399953	-11.509486370481	-6.24269982978606	-21.5160539399953	-18.4354667979437	-6.66818411650002	-10.8465213577585	-5.46327181549814	-8.31308915767746	-9.53986001952448	-10.7021314484234	-10.8465213577585	-18.129283016945	-6.9911610627901	-17.7361574621684	-17.6240100514525	-10.2870939491445	-6.36993501808217	-8.27426990878693	-17.8543286673737	-7.9046243123221	-13.0944488712021	-11.2870939491445	-7.08322161577886	-17.431970894603	-18.9310914392741	-19.1027753967423	-9.66818411650002	-8.96516585425715	-9.88499550557317	-11.7725207763148	-13.509486370481	-12.0944488712021	-18.4544358573167	-6.88499550557317	-17.786116445496	-18.0315827535454	-6.83235402583194	-7.33289763875764	-10.3395613690387	-9.77252077631475	-11.9245238697598	-6.00698602995178	-10.7021314484234	-17.846702404935	-8.63501725256482	-13.509486370481	-7.25524508310517	-8.82766233050722	-18.4392911680949	-13.0944488712021	-12.0944488712021	-10.0069860299518	-7.58665423100342	-15.0944488712021	-8.43623738845032	-5.23491408481947	-3.76914341611244	-18.6592085149264	-9.39400915306103	-5.24582593077278	-9.02835968074435	-11.509486370481	-10.2364678760745	-18.5482424388053	-18.1477514775078	-4.71615401529023	-18.6583509692635	-6.70643158585698	-15.0944488712021	-10.509486370481	-19.1611220392346	-3.88865562180496	-7.1875582755936	-9.96516585425715	-8.05005475184366	-9.73689686658403	-19.0272850912691	-18.4819570601872	-9.31308915767746	-8.1875582755936	-18.7398201567927	-17.786116445496	-19.6192062202956	-18.4849487344682	-12.2870939491445	-11.509486370481	-5.75459886831749	-18.4668093519586
np1125	-18.4462271471724	-8.06562405392357	-7.02377236491998	-3.12260746717893	-14.3313080381713	-18.6943578872215	-8.81885803723452	-6.40719417624547	-10.910976239223	-17.7604210873886	-2.81694206873152	-8.96550024541103	-5.81051605744374	-10.7967190599653	-4.81213433584212	-12.2289463205416	-10.3743767600632	-11.789414259342	-6.43827424323819	-21.5160539399953	-12.0093799432839	-5.67856849065375	-16.0968427845343	-4.16987971607549	-9.59222239213073	-10.5239531161137	-10.3102464226435	-6.47405881837816	-11.8338083787005	-4.64316059866211	-10.1195628610344	-17.6240100514525	-7.56312371339438	-5.08421824566923	-17.4187708794216	-16.4187708794216	-6.41701085109443	-11.0437314480747	-11.2588995426433	-4.07516874167592	-17.431970894603	-16.0968427845343	-19.1027753967423	-17.6755849574782	-7.76771918824272	-8.5874636356196	-11.8489152710907	-15.0968427845343	-15.0968427845343	-15.2488458779793	-9.42159139848403	-9.18754969871046	-10.7677191882427	-6.76324015626601	-7.45804488458259	-10.9030710411376	-12.8040610353064	-14.611415957364	-16.0968427845343	-10.0480834726144	-17.846702404935	-6.58825567244481	-11.0700427251906	-6.16758437589731	-7.36010262908108	-15.8338083787005	-9.19718375815684	-13.1333686605594	-13.2488458779793	-7.53231218371794	-7.10475417552029	-8.24509374311823	-8.59063439522754	-3.30307692722464	-18.6592085149264	-9.03290847878019	-4.66544965147661	-8.38397191684438	-5.55226466719545	-4.41991605032785	-13.7183311612806	-11.5858808652569	-5.76346377791117	-18.6583509692635	-8.23513549794843	-13.2894878624767	-11.2093175137927	-12.611415957364	-5.54302152800159	-8.58272052436358	-11.0093799432839	-7.0415603490331	-8.87573905916641	-19.0272850912691	-10.8489152710907	-6.53918762980887	-6.43292894241831	-15.611415957364	-12.0264534566429	-14.8338083787005	-10.2894878624767	-9.42724903334595	-10.3207387964611	-5.05915856830657	-7.59142817518753
np1126	-8.53308260782893	-6.56101807921613	-9.0852212615786	-5.72027650979659	-8.7686134986245	-12.8896288995859	-5.91792113243807	-17.0189119165308	-13.2115569944732	-17.7604210873886	-3.24032139065509	-9.79974339606867	-3.61589989295584	-12.9745177971724	-3.59658429255628	-9.13321554319144	-12.4643230648532	-9.51906602944763	-7.75329687004638	-21.5160539399953	-7.98824478028389	-7.96362948102965	-18.6095178401463	-7.1640435332706	-11.6790619136462	-10.4643230648532	-11.1000486792562	-6.97725276489362	-18.129283016945	-5.86535988482272	-14.3184721983897	-11.9965441035024	-7.93676287517696	-2.67937503248431	-12.4953499604738	-11.7151311683537	-16.0189119165308	-9.79491024233273	-12.0881745789679	-2.56377737669947	-17.431970894603	-15.2115569944732	-14.1120213209223	-17.6755849574782	-9.06471560614396	-10.024558479672	-13.4339494158097	-12.6969838216435	-13.6969838216435	-10.7521253758359	-7.12333663415015	-8.96634386572668	-10.8094585509019	-9.75212537583593	-7.80945855090189	-7.55028787361282	-11.2507275917539	-8.14546780401546	-19.1611220392346	-9.86409380747873	-17.846702404935	-14.0189119165308	-10.6010594016449	-8.18128398335943	-8.17970812843389	-18.4392911680949	-9.79009322603495	-11.6613599119128	-12.7709844030872	-7.64061706061894	-8.55538754325965	-8.79974339606867	-8.01469145021264	-5.80702362198483	-8.23919256138743	-11.5594802978935	-7.74162451640048	-9.65258970228502	-8.02032148678551	-4.78679083244861	-12.7335096976686	-5.27955320909744	-4.90289292320574	-18.6583509692635	-7.45953482600415	-12.9314490752805	-10.8999708438073	-13.9314490752805	-6.65642011048477	-6.46528262261447	-18.6924724781975	-9.64387248518391	-11.5111172763321	-19.0272850912691	-10.1060225803009	-7.64604685641825	-3.80254496708121	-11.8489869150885	-9.25736068408636	-13.4953499604738	-13.3184721983897	-9.44148308849509	-8.68352156183691	-8.59264716182874	-15.2115569944732
np1127	-18.4462271471724	-7.83938805357487	-8.09243473295362	-4.4109781181801	-14.1274301543098	-16.9347850763674	-10.2765735936156	-6.46616103344941	-13.3498225756463	-17.7604210873886	-2.10174676646931	-9.94610038959526	-7.02039994421199	-11.2909288865927	-5.82626061958926	-12.8473222351171	-12.179897574204	-12.7648600749251	-6.21710865330103	-21.5160539399953	-11.7253317107385	-6.90549784939918	-10.064420356784	-4.51851533184422	-10.5949350734828	-12.6128569814801	-10.1666007515905	-7.51482489851954	-14.1274301543098	-6.17157270955303	-10.3200752322522	-13.6128569814801	-6.65285504941199	-6.50537833485345	-9.02189574013747	-11.3498225756463	-6.47432918005779	-13.7648600749251	-9.81584400364392	-4.71622184017716	-17.431970894603	-13.9347850763674	-19.1027753967423	-13.2343453582263	-9.93478507636743	-9.94610038959526	-14.1274301543098	-15.9347850763674	-14.6128569814801	-6.83018632280306	-8.07059893171315	-9.81584400364392	-12.4753534577301	-7.09243473295362	-5.97405908152837	-11.4112231203104	-10.7648600749251	-10.5949350734828	-15.9347850763674	-10.3348722341803	-17.846702404935	-8.33115873138124	-10.6310043281903	-5.64131342752929	-8.26590009210118	-14.9347850763674	-10.5085203216653	-13.1274301543098	-10.8686958859097	-7.20346604534237	-4.59716317437492	-6.41514882352422	-6.40828583723086	-3.97098586243566	-18.6592085149264	-7.68923237011175	-2.90817518539266	-9.98058876598055	-6.35830072957058	-5.12823545438147	-13.9347850763674	-18.1477514775078	-6.12260777085298	-18.6583509692635	-7.27657359361563	-18.6592085149264	-12.9347850763674	-14.6128569814801	-5.07758160485926	-6.35452650886764	-11.1274301543098	-6.33859532022302	-9.63100432819033	-19.0272850912691	-13.9347850763674	-5.31594077460078	-8.58163825086935	-15.9347850763674	-13.0278944807589	-19.6192062202956	-7.95179150167312	-10.3054284562878	-12.179897574204	-6.13793428110027	-10.3200752322522
np1128	-18.4462271471724	-9.63696747214466	-11.5244927428863	-7.76960524072278	-17.4392911680949	-18.6943578872215	-18.3552564508737	-18.0189119165308	-19.1439162732725	-17.7604210873886	-0.887143332053113	-10.4541034149949	-9.06506112424896	-14.8464208377736	-6.03263964655658	-12.8464208377736	-19.5160539399953	-18.5202426739746	-5.78302575648511	-21.5160539399953	-18.4354667979437	-5.8047616861364	-9.42015608307152	-8.6565962788936	-9.03906591571601	-12.039065915716	-11.8464208377736	-9.20256464799889	-18.129283016945	-6.97605611819021	-11.039065915716	-17.6240100514525	-9.75895799652328	-6.89805360618894	-19.1439162732725	-8.09153333561015	-17.9865309296644	-18.3791414185299	-11.8464208377736	-5.93652775400357	-17.431970894603	-13.8464208377736	-19.1027753967423	-10.3228588817166	-12.2614583370525	-12.2614583370525	-18.4819570601872	-12.2614583370525	-14.8464208377736	-18.4544358573167	-7.00093078682924	-10.5244927428863	-18.0315827535454	-8.73789638099545	-3.51103048307969	-11.8464208377736	-17.9797712684366	-9.45410341499485	-19.1611220392346	-14.8464208377736	-17.846702404935	-13.8464208377736	-12.8464208377736	-6.08819762304689	-10.2025646479989	-18.4392911680949	-17.786116445496	-11.3869892191363	-10.7589579965233	-10.1459811196325	-16.646333693381	-8.75895799652328	-6.53808180763421	-4.99467179635756	-18.6592085149264	-12.5244927428863	-7.46271654529956	-11.6764958363313	-4.07081055701408	-17.1459221978118	-18.5482424388053	-18.1477514775078	-7.4800986235278	-18.6583509692635	-9.38698921913632	-14.8464208377736	-13.8464208377736	-19.1611220392346	-4.83100578538693	-9.17399549580212	-13.8464208377736	-7.3228588817166	-10.59849332433	-19.0272850912691	-14.8464208377736	-8.91568350021073	-9.03906591571601	-18.7398201567927	-11.6764958363313	-19.6192062202956	-13.8464208377736	-11.5244927428863	-12.5244927428863	-3.8914975457433	-13.8464208377736
np1129	-11.4866339350702	-8.95058103482995	-17.9648879574086	-8.63863702851521	-17.4392911680949	-18.6943578872215	-9.00120710789992	-13.8085620299575	-11.5861696086211	-7.25909821045776	-2.26359759716829	-13.0715964357913	-12.2235995292364	-18.0467296909277	-5.31004520334684	-13.3935245306787	-19.5160539399953	-18.5202426739746	-10.2235995292364	-8.30606168942834	-5.87192409095495	-9.56063451651394	-9.51088148131684	-6.42198097672791	-9.46278719311579	-15.3935245306787	-10.6930848125376	-10.4393282202918	-18.129283016945	-7.48663393507016	-17.7361574621684	-11.0012071078999	-6.08064157539433	-7.62534020590175	-19.1439162732725	-8.67927901301256	-11.8085620299575	-18.3791414185299	-13.3935245306787	-6.66220549965362	-11.6930848125376	-18.9310914392741	-19.1027753967423	-11.3935245306787	-5.98201354266661	-9.41624460717876	-11.8085620299575	-13.0715964357913	-18.9648879574086	-6.1671123378899	-8.08064157539433	-14.3935245306787	-12.8085620299575	-10.1840711650497	-8.1455970172351	-17.4491002709378	-10.2235995292364	-10.8699625746217	-19.1611220392346	-11.4866339350702	-17.846702404935	-10.1840711650497	-18.1439162732725	-4.85727731499055	-10.0715964357913	-18.4392911680949	-17.786116445496	-11.9340929120414	-13.3935245306787	-8.56063451651394	-15.3935245306787	-16.6919070560448	-5.19017652769892	-1.02433616953127	-18.6592085149264	-13.8085620299575	-6.48663393507016	-11.6930848125376	-13.3935245306787	-9.74966834090396	-18.5482424388053	-18.1477514775078	-8.39352453067868	-9.30606168942834	-8.77881468656347	-18.6592085149264	-19.6192062202956	-19.1611220392346	-5.14085909822843	-6.27458345795517	-18.6924724781975	-8.47466129340409	-9.63863702851521	-11.9340929120414	-10.8085620299575	-14.3935245306787	-10.1081223118164	-18.7398201567927	-13.0715964357913	-13.8085620299575	-14.3935245306787	-9.46278719311579	-18.1166993110972	-7.23365319390029	-18.4668093519586
np1130	-5.55360579391288	-6.27301849440642	-17.9648879574086	-6.43624884327472	-6.66659463040234	-18.6943578872215	-9.35824633127345	-12.2842457498297	-19.1439162732725	-17.7604210873886	-4.12135095045489	-12.7988189226594	-6.0728441124112	-12.7988189226594	-5.14469439743088	-10.1143207483874	-19.5160539399953	-18.5202426739746	-17.8816397677299	-21.5160539399953	-7.60617384471703	-10.6519775343302	-18.6095178401463	-8.77328383055229	-17.6943578872215	-11.1467422260797	-11.0212113439959	-7.48723277199352	-18.129283016945	-4.43374633607155	-17.7361574621684	-15.606173844717	-5.15290321070641	-5.48982988347956	-19.1439162732725	-12.7988189226594	-17.9865309296644	-15.606173844717	-7.94083792753186	-7.42129850180875	-13.606173844717	-14.0212113439959	-19.1027753967423	-8.99146400060182	-11.2138564219383	-18.6943578872215	-13.606173844717	-13.2842457498297	-18.9648879574086	-18.4544358573167	-5.71590956769592	-6.58936555703048	-12.4362488432747	-8.66365933937779	-6.93021681177528	-7.5293582476662	-17.9797712684366	-4.55089140921584	-19.1611220392346	-9.93374850274554	-17.846702404935	-11.2138564219383	-5.67100879511334	-6.4237794913125	-6.13044041375063	-14.606173844717	-17.786116445496	-17.7069141533982	-18.3552564508737	-8.38700532425487	-10.2842457498297	-8.66365933937779	-7.75442480330098	-1.37330326971407	-18.6592085149264	-17.687608057609	-21.5160539399953	-9.96231765494231	-16.7398201567927	-4.99146400060182	-9.47689082777207	-14.606173844717	-6.24862184009895	-18.6583509692635	-6.88507465600985	-14.606173844717	-19.6192062202956	-12.1467422260797	-6.2181565593719	-9.28424574982967	-18.6924724781975	-9.72353079535519	-14.0212113439959	-9.13044041375063	-6.2464242843947	-9.51871100346669	-6.36776910539195	-3.80486965866801	-12.4362488432747	-19.6192062202956	-6.56451469307982	-10.2138564219383	-14.606173844717	-9.90573412657594	-18.4668093519586
np1132	-18.4462271471724	-9.09607364836125	-11.4454824796707	-8.05316505689195	-17.4392911680949	-18.6943578872215	-13.4454824796707	-18.0189119165308	-19.1439162732725	-17.7604210873886	-0.758106796233248	-10.5020660080371	-10.3777378730349	-18.0467296909277	-6.8850026641489	-12.1015280784534	-19.5160539399953	-13.9759971963695	-7.70921065567459	-21.5160539399953	-18.4354667979437	-8.65406910148213	-11.4454824796707	-9.91710350731593	-8.19172588742493	-11.5312123536966	-10.6864905791745	-10.1917258874249	-18.129283016945	-7.41630145425877	-11.3130321836471	-17.6240100514525	-9.89799468436822	-6.67729815489379	-14.1459221978118	-9.16864227431189	-17.9865309296644	-15.1459221978118	-12.0166391808668	-6.55720756222954	-17.431970894603	-18.9310914392741	-19.1027753967423	-8.76221790533775	-13.0584593565615	-12.8239941029244	-17.1459221978118	-14.5609596970907	-11.6864905791745	-18.4544358573167	-8.59902773792417	-10.5165655777322	-18.0315827535454	-8.29729925738247	-3.85936443620385	-14.8239941029244	-9.90751745848673	-9.72806968292591	-19.1611220392346	-13.0584593565615	-17.846702404935	-13.1459221978118	-11.4454824796707	-7.44201862436714	-9.98605086103342	-11.6223602417548	-14.3385672757542	-11.6864905791745	-11.1015280784534	-10.5020660080371	-12.6864905791745	-8.78837019319372	-8.303571854398	-7.35475930925679	-18.6592085149264	-12.9759971963695	-8.11525506156487	-11.3385672757542	-3.05514814317106	-16.1459221978118	-14.1459221978118	-18.1477514775078	-9.48058628062663	-18.6583509692635	-8.37113513821063	-15.1459221978118	-12.4454824796707	-19.1611220392346	-5.10426304617459	-11.8979946843682	-12.6864905791745	-7.03870512222043	-10.0906397623106	-19.0272850912691	-15.5609596970907	-11.6864905791745	-8.28794120268424	-15.5609596970907	-13.2390316022033	-19.6192062202956	-11.9364688321829	-13.2390316022033	-12.8979946843682	-3.71455518373632	-13.2390316022033
np1133	-8.2327839565035	-3.95623265522351	-10.0702309437175	-5.93757319999191	-9.54153666264313	-18.6943578872215	-8.2867227636143	-18.0189119165308	-19.1439162732725	-17.7604210873886	-2.37994667215608	-8.84109694450203	-5.19120015257001	-11.6790401863931	-5.66893173291877	-10.4774063252234	-14.4160057805593	-12.4160057805593	-11.4160057805593	-21.5160539399953	-9.93487909082265	-10.3005285631393	-14.4160057805593	-7.46569290465962	-17.6943578872215	-9.69718753310332	-16.0009682812804	-6.72019751114982	-18.129283016945	-5.63028087447321	-17.7361574621684	-17.6240100514525	-7.58311576639453	-5.17441979398951	-19.1439162732725	-17.8543286673737	-17.9865309296644	-11.3005285631393	-5.23775591446602	-2.83590427528171	-17.431970894603	-18.9310914392741	-13.4160057805593	-9.73418174058552	-8.57470352657833	-9.89244382450225	-13.4160057805593	-10.5415366626431	-18.9648879574086	-18.4544358573167	-6.38258277902182	-7.52929306688838	-12.0940776856719	-8.81114372240041	-8.13678213662614	-7.79639713703122	-17.9797712684366	-15.0009682812804	-19.1611220392346	-11.6790401863931	-17.846702404935	-18.4212348069659	-11.4160057805593	-7.80621142685817	-8.34275679852863	-14.0009682812804	-9.93487909082265	-12.1936133592228	-18.3552564508737	-5.82479513217293	-6.01797470658611	-7.24608077911696	-7.71094943434781	-2.18849011134428	-18.6592085149264	-17.687608057609	-21.5160539399953	-9.03518399661834	-6.5663400536437	-4.91350544003008	-13.4160057805593	-18.1477514775078	-5.30400075504614	-13.4160057805593	-5.59902215730389	-11.6790401863931	-13.1936133592228	-13.1936133592228	-9.24608077911696	-7.72019751114982	-18.6924724781975	-10.1429872861529	-15.0009682812804	-19.0272850912691	-9.95657416192197	-6.09257566050667	-8.47740632522341	-11.7530407678368	-13.4160057805593	-12.3005285631393	-13.4160057805593	-9.43111267294947	-10.2730478267172	-9.57470352657833	-18.4668093519586
np1134	-18.4462271471724	-7.25175091243284	-8.7456892394586	-4.17358888967449	-17.4392911680949	-18.6943578872215	-10.080479485283	-18.0189119165308	-19.1439162732725	-17.7604210873886	-1.1375273885543	-7.86116645687854	-7.94199753149158	-18.0467296909277	-5.025682832953	-11.2885876806132	-12.8246405808534	-8.50994405519714	-4.12767305461914	-21.5160539399953	-18.4354667979437	-5.60257022560624	-18.6095178401463	-4.63926955161802	-9.2158313381779	-8.93711531011184	-12.5616061750196	-8.58432625151971	-18.129283016945	-6.09944476362676	-9.97664367429847	-17.6240100514525	-7.13254820542585	-5.74782498380259	-13.1465686757408	-17.8543286673737	-10.4461289575997	-12.3392137536832	-12.5616061750196	-4.97664367429847	-17.431970894603	-16.1465686757408	-19.1027753967423	-8.31367866157604	-9.95674411686077	-9.22770543846619	-11.6871370571035	-11.8986411622972	-18.9648879574086	-18.4544358573167	-9.27620395615738	-9.33921375368318	-11.3392137536832	-8.10217455638233	-6.52268718572733	-11.1021745563823	-12.3392137536832	-14.5616061750196	-9.15788398896862	-11.3916811735773	-17.846702404935	-10.7203039210387	-11.3392137536832	-8.31367866157604	-8.25782542684253	-18.4392911680949	-8.81565179762617	-12.6871370571035	-11.5616061750196	-6.95427586127002	-12.6871370571035	-9.08047948528301	-6.62300671968377	-5.66678841171169	-18.6592085149264	-10.4461289575997	-7.41864822117759	-8.51721205566118	-5.51630155071402	-9.27620395615738	-18.5482424388053	-12.8246405808534	-5.88800264185085	-18.6583509692635	-6.53738993759881	-13.1465686757408	-10.080479485283	-14.5616061750196	-5.87044427046655	-5.83822964560138	-13.3392137536832	-7.90339469226783	-11.754251252962	-19.0272850912691	-12.1465686757408	-6.4723764075951	-5.86579790561018	-14.1465686757408	-10.9371153101118	-13.8246405808534	-10.2885876806132	-10.080479485283	-9.72030392103869	-5.11590153949384	-12.2396780801323
np1135	-18.4462271471724	-7.88040708277547	-12.5024589022318	-5.18504628846698	-9.6695688880671	-11.9174964015107	-6.16930355192123	-12.0430272835945	-19.1439162732725	-17.7604210873886	-1.69963965141563	-8.30278655739548	-9.35271178272716	-13.5024589022318	-6.33755197555616	-11.5955683066233	-19.5160539399953	-18.5202426739746	-8.6076411389239	-21.5160539399953	-7.40970176131199	-7.45806478287339	-18.6095178401463	-8.05951540638312	-10.0761941475297	-13.5024589022318	-10.9174964015107	-4.5925658184618	-11.4149960609815	-4.38416666920485	-17.7361574621684	-7.16260889934722	-6.15373074800077	-4.87857741221839	-19.1439162732725	-10.1449068976138	-17.9865309296644	-6.67273616714579	-13.5024589022318	-3.23713687799698	-13.9174964015107	-18.9310914392741	-15.5024589022318	-17.6755849574782	-10.0761941475297	-18.6943578872215	-18.4819570601872	-18.6943578872215	-11.5955683066233	-18.4544358573167	-6.61676252889245	-7.57764639862606	-13.1805308073445	-8.58359566495725	-6.15373074800077	-4.98577395292223	-9.37317588528688	-7.72109918870718	-19.1611220392346	-13.1805308073445	-17.846702404935	-15.5024589022318	-10.1101414794531	-5.95749446944261	-9.11014147945308	-18.4392911680949	-11.3325339007895	-15.5024589022318	-13.9174964015107	-6.8658342816882	-5.10371521029365	-6.00860345299102	-10.1449068976138	-13.9174964015107	-9.59556830662333	-17.687608057609	-6.65070986081579	-12.9174964015107	-11.4149960609815	-6.04302728359455	-12.0430272835945	-18.1477514775078	-6.58657952339607	-18.6583509692635	-5.5746809401495	-13.9174964015107	-14.5024589022318	-11.8020191840908	-4.07567000763628	-4.55701506585393	-18.6924724781975	-9.74757140006838	-10.3325339007895	-8.44717646673065	-14.5024589022318	-8.12741947088492	-6.44717646673065	-15.5024589022318	-12.9174964015107	-11.3325339007895	-12.6951039801742	-12.0430272835945	-10.0761941475297	-5.72767184263067	-18.4668093519586
